[INFO] [launch]: All log files can be found below /home/smr/.ros/log/2026-04-07-13-14-48-328388-one-17404
[INFO] [launch]: Default logging verbosity is set to INFO
[INFO] [localization_monitor-1]: process started with pid [17427]
[INFO] [robot_state_publisher-2]: process started with pid [17428]
[INFO] [joint_state_publisher-3]: process started with pid [17429]
[INFO] [sllidar_node-4]: process started with pid [17430]
[INFO] [scan_to_scan_filter_chain-5]: process started with pid [17431]
[INFO] [ekf_node-6]: process started with pid [17432]
[INFO] [robot_hardware-7]: process started with pid [17433]
[INFO] [localization_slam_toolbox_node-8]: process started with pid [17434]
[INFO] [map_server-9]: process started with pid [17438]
[INFO] [costmap_filter_info_server-10]: process started with pid [17441]
[INFO] [controller_server-11]: process started with pid [17448]
[INFO] [smoother_server-12]: process started with pid [17449]
[INFO] [planner_server-13]: process started with pid [17452]
[INFO] [behavior_server-14]: process started with pid [17453]
[INFO] [bt_navigator-15]: process started with pid [17458]
[INFO] [waypoint_follower-16]: process started with pid [17460]
[INFO] [velocity_smoother-17]: process started with pid [17461]
[INFO] [collision_monitor-18]: process started with pid [17462]
[INFO] [collision_detector-19]: process started with pid [17464]
[INFO] [lifecycle_manager-20]: process started with pid [17476]
[INFO] [localization_monitor-21]: process started with pid [17478]
[robot_hardware-7] Serial port opened at port /dev/teensy with baudrate 460800
[robot_hardware-7] Created receive data thread
[sllidar_node-4] [INFO] [1775542489.781281637] [sllidar_node]: SLLidar running on ROS2 package SLLidar.ROS2 SDK Version:1.0.1, SLLIDAR SDK Version:2.1.0
[sllidar_node-4] [INFO] [1775542489.810805541] [sllidar_node]: SLLidar S/N: 6E42ED93C5E19FD9B5E192F9EE904B72
[sllidar_node-4] [INFO] [1775542489.810867663] [sllidar_node]: Firmware Ver: 1.00
[sllidar_node-4] [INFO] [1775542489.810880204] [sllidar_node]: Hardware Rev: 18
[sllidar_node-4] [INFO] [1775542489.817389643] [sllidar_node]: SLLidar health status : 0
[sllidar_node-4] [INFO] [1775542489.817453516] [sllidar_node]: SLLidar health status : OK.
[localization_slam_toolbox_node-8] [INFO] [1775542489.837207574] [slam_toolbox]: Node using stack size 40000000
[robot_state_publisher-2] [INFO] [1775542489.847428318] [robot_state_publisher]: Robot initialized
[costmap_filter_info_server-10] [INFO] [1775542489.850572063] [costmap_filter_info_server]: This is costmap filter info publisher
[costmap_filter_info_server-10] [INFO] [1775542489.987710974] [keepout_costmap_filter_info_server]: 
[costmap_filter_info_server-10] 	keepout_costmap_filter_info_server lifecycle node launched. 
[costmap_filter_info_server-10] 	Waiting on external lifecycle transitions to activate
[costmap_filter_info_server-10] 	See https://design.ros2.org/articles/node_lifecycle.html for more information.
[planner_server-13] [INFO] [1775542490.060044233] [planner_server]: 
[behavior_server-14] [INFO] [1775542490.062532630] [behavior_server]: 
[behavior_server-14] 	behavior_server lifecycle node launched. 
[behavior_server-14] 	Waiting on external lifecycle transitions to activate
[behavior_server-14] 	See https://design.ros2.org/articles/node_lifecycle.html for more information.
[planner_server-13] 	planner_server lifecycle node launched. 
[localization_slam_toolbox_node-8] [INFO] [1775542490.071288392] [slam_toolbox]: Configuring
[planner_server-13] 	Waiting on external lifecycle transitions to activate
[planner_server-13] 	See https://design.ros2.org/articles/node_lifecycle.html for more information.
[controller_server-11] [INFO] [1775542490.092956288] [controller_server]: 
[controller_server-11] 	controller_server lifecycle node launched. 
[controller_server-11] 	Waiting on external lifecycle transitions to activate
[controller_server-11] 	See https://design.ros2.org/articles/node_lifecycle.html for more information.
[controller_server-11] [INFO] [1775542490.127358990] [controller_server]: Creating controller server
[sllidar_node-4] [INFO] [1775542490.149187587] [sllidar_node]: current scan mode: Standard, sample rate: 11 Khz, max_distance: 30.0 m, scan frequency:10.0 Hz, 
[planner_server-13] [INFO] [1775542490.160948268] [planner_server]: Creating
[controller_server-11] [INFO] [1775542490.233796296] [local_costmap.local_costmap]: 
[controller_server-11] 	local_costmap lifecycle node launched. 
[controller_server-11] 	Waiting on external lifecycle transitions to activate
[controller_server-11] 	See https://design.ros2.org/articles/node_lifecycle.html for more information.
[controller_server-11] [INFO] [1775542490.235731716] [local_costmap.local_costmap]: Creating Costmap
[velocity_smoother-17] [INFO] [1775542490.252867299] [velocity_smoother]: 
[velocity_smoother-17] 	velocity_smoother lifecycle node launched. 
[velocity_smoother-17] 	Waiting on external lifecycle transitions to activate
[velocity_smoother-17] 	See https://design.ros2.org/articles/node_lifecycle.html for more information.
[map_server-9] [INFO] [1775542490.256794429] [keepout_filter_mask_server]: 
[map_server-9] 	keepout_filter_mask_server lifecycle node launched. 
[map_server-9] 	Waiting on external lifecycle transitions to activate
[map_server-9] 	See https://design.ros2.org/articles/node_lifecycle.html for more information.
[map_server-9] [INFO] [1775542490.256923048] [keepout_filter_mask_server]: Creating
[collision_detector-19] [INFO] [1775542490.279185627] [collision_detector]: 
[collision_detector-19] 	collision_detector lifecycle node launched. 
[collision_detector-19] 	Waiting on external lifecycle transitions to activate
[collision_detector-19] 	See https://design.ros2.org/articles/node_lifecycle.html for more information.
[smoother_server-12] [INFO] [1775542490.291967390] [smoother_server]: 
[smoother_server-12] 	smoother_server lifecycle node launched. 
[smoother_server-12] 	Waiting on external lifecycle transitions to activate
[smoother_server-12] 	See https://design.ros2.org/articles/node_lifecycle.html for more information.
[localization_slam_toolbox_node-8] [INFO] [1775542490.333708706] [slam_toolbox]: Using solver plugin solver_plugins::CeresSolver
[lifecycle_manager-20] [INFO] [1775542490.335819993] [lifecycle_manager_navigation]: Creating
[localization_slam_toolbox_node-8] [INFO] [1775542490.338290600] [slam_toolbox]: CeresSolver: Using SCHUR_JACOBI preconditioner.
[smoother_server-12] [INFO] [1775542490.366132240] [smoother_server]: Creating smoother server
[bt_navigator-15] [INFO] [1775542490.420080759] [bt_navigator]: 
[bt_navigator-15] 	bt_navigator lifecycle node launched. 
[bt_navigator-15] 	Waiting on external lifecycle transitions to activate
[bt_navigator-15] 	See https://design.ros2.org/articles/node_lifecycle.html for more information.
[waypoint_follower-16] [INFO] [1775542490.461999108] [waypoint_follower]: 
[waypoint_follower-16] 	waypoint_follower lifecycle node launched. 
[waypoint_follower-16] 	Waiting on external lifecycle transitions to activate
[waypoint_follower-16] 	See https://design.ros2.org/articles/node_lifecycle.html for more information.
[waypoint_follower-16] [INFO] [1775542490.476569006] [waypoint_follower]: Creating
[lifecycle_manager-20] [INFO] [1775542490.558596863] [lifecycle_manager_navigation]: [34m[1mCreating and initializing lifecycle service clients[0m[0m
[bt_navigator-15] [INFO] [1775542490.582619869] [bt_navigator]: Creating
[planner_server-13] [INFO] [1775542490.756275687] [global_costmap.global_costmap]: 
[planner_server-13] 	global_costmap lifecycle node launched. 
[planner_server-13] 	Waiting on external lifecycle transitions to activate
[planner_server-13] 	See https://design.ros2.org/articles/node_lifecycle.html for more information.
[planner_server-13] [INFO] [1775542490.762893039] [global_costmap.global_costmap]: Creating Costmap
[scan_to_scan_filter_chain-5] [WARN] [1775542490.774964331] [scan_to_scan_filter_chain]: diagnostic_updater: No HW_ID was set. This is probably a bug. Please report it. For devices that do not have a HW_ID, set this value to 'none'. This warning only occurs once all diagnostics are OK. It is okay to wait until the device is open before calling setHardwareID.
[collision_monitor-18] [INFO] [1775542490.782569225] [collision_monitor]: 
[collision_monitor-18] 	collision_monitor lifecycle node launched. 
[collision_monitor-18] 	Waiting on external lifecycle transitions to activate
[collision_monitor-18] 	See https://design.ros2.org/articles/node_lifecycle.html for more information.
[lifecycle_manager-20] [INFO] [1775542491.924931895] [lifecycle_manager_navigation]: [34m[1mStarting managed nodes bringup...[0m[0m
[lifecycle_manager-20] [INFO] [1775542491.926998851] [lifecycle_manager_navigation]: [34m[1mConfiguring controller_server[0m[0m
[controller_server-11] [INFO] [1775542491.930623243] [controller_server]: Configuring controller interface
[controller_server-11] [INFO] [1775542491.930728822] [controller_server]: getting progress checker plugins..
[controller_server-11] [INFO] [1775542491.935297008] [controller_server]: getting goal checker plugins..
[controller_server-11] [INFO] [1775542491.936719699] [controller_server]: Controller frequency set to 10.0000Hz
[controller_server-11] [INFO] [1775542491.936913649] [local_costmap.local_costmap]: Configuring
[controller_server-11] [INFO] [1775542492.005321528] [local_costmap.local_costmap]: Using plugin "obstacle_layer"
[controller_server-11] [INFO] [1775542492.103662503] [local_costmap.local_costmap]: Subscribed to Topics: scan
[localization_slam_toolbox_node-8] Load From File /home/smr/workspaces/mini_amr/amrROS2_ws/maps/latest_map.posegraph 
[localization_slam_toolbox_node-8] Mapper <- Module
[localization_slam_toolbox_node-8] Mapper <- m_pSequentialScanMatcher
[localization_slam_toolbox_node-8] Mapper <- m_pGraph
[localization_slam_toolbox_node-8] MapperGraph <- Graph; Graph <- m_Edges; Graph <- m_Vertices
[localization_slam_toolbox_node-8] MapperGraph <- m_pMapper; MapperGraph <- m_pLoopScanMatcher; MapperGraph <- m_pTraversal
[localization_slam_toolbox_node-8] Mapper <- m_pMapperSensorManager
[localization_slam_toolbox_node-8] MapperSensorManager <- m_ScanManagers; MapperSensorManager <- m_Scans
[localization_slam_toolbox_node-8] Mapper <- m_Listeners
[localization_slam_toolbox_node-8] **Finished serializing Mapper**
[localization_slam_toolbox_node-8] Load From File
[localization_slam_toolbox_node-8] **Serializing Dataset**
[localization_slam_toolbox_node-8] Dataset <- m_SensorNameLookup
[localization_slam_toolbox_node-8] Dataset <- m_Data
[localization_slam_toolbox_node-8] Dataset <- m_Lasers
[localization_slam_toolbox_node-8] Dataset <- m_pDatasetInfo
[localization_slam_toolbox_node-8] **Finished serializing Dataset**
[localization_slam_toolbox_node-8] Registering sensor: [Custom Described Lidar]
[localization_slam_toolbox_node-8] WARNING: Logging before InitGoogleLogging() is written to STDERR
[localization_slam_toolbox_node-8] W20260407 13:14:52.140583 17434 preprocessor.cc:67] Specified options.num_threads: 50 exceeds maximum available from the threading model Ceres was compiled with: 8.  Bounding to maximum number available.
[INFO] [launch.user]: [LifecycleLaunch] Slamtoolbox node is activating.
[localization_slam_toolbox_node-8] [INFO] [1775542492.177493407] [slam_toolbox]: Activating
[controller_server-11] [INFO] [1775542492.218757867] [local_costmap.local_costmap]: Initialized plugin "obstacle_layer"
[controller_server-11] [INFO] [1775542492.218853822] [local_costmap.local_costmap]: Using plugin "denoise_layer"
[controller_server-11] [INFO] [1775542492.226097647] [local_costmap.local_costmap]: Initialized plugin "denoise_layer"
[controller_server-11] [INFO] [1775542492.227802077] [local_costmap.local_costmap]: Using plugin "inflation_layer"
[localization_slam_toolbox_node-8] Registering sensor: [Custom Described Lidar]
[controller_server-11] [INFO] [1775542492.239931992] [local_costmap.local_costmap]: Initialized plugin "inflation_layer"
[controller_server-11] [INFO] [1775542492.240019488] [local_costmap.local_costmap]: Using costmap filter "keepout_filter"
[controller_server-11] [INFO] [1775542492.258036743] [local_costmap.local_costmap]: Initialized costmap filter "keepout_filter"
[controller_server-11] [INFO] [1775542492.258128906] [local_costmap.local_costmap]: Using costmap filter "inflation_layer2"
[controller_server-11] [INFO] [1775542492.282373278] [local_costmap.local_costmap]: Initialized costmap filter "inflation_layer2"
[controller_server-11] [INFO] [1775542492.368086191] [controller_server]: Created progress_checker : progress_checker of type nav2_controller::SimpleProgressChecker
[controller_server-11] [INFO] [1775542492.372454302] [controller_server]: Controller Server has progress_checker  progress checkers available.
[controller_server-11] [INFO] [1775542492.375711209] [controller_server]: Created goal checker : goal_checker of type nav2_controller::SimpleGoalChecker
[controller_server-11] [INFO] [1775542492.389652008] [controller_server]: Controller Server has goal_checker  goal checkers available.
[controller_server-11] [INFO] [1775542492.410685555] [controller_server]: Created controller : FollowPath of type nav2_mppi_controller::MPPIController
[controller_server-11] [INFO] [1775542492.437209791] [controller_server]: Controller period is equal to model dt. Control sequence shifting is ON
[controller_server-11] [INFO] [1775542492.472232551] [controller_server]: ConstraintCritic instantiated with 1 power and 4.000000 weight.
[controller_server-11] [INFO] [1775542492.472448375] [controller_server]: Critic loaded : mppi::critics::ConstraintCritic
[controller_server-11] [INFO] [1775542492.486389757] [controller_server]: InflationCostCritic instantiated with 1 power and 300.000000 / 0.015000 weights. Critic will collision check based on footprint cost.
[controller_server-11] [INFO] [1775542492.486648454] [controller_server]: Critic loaded : mppi::critics::CostCritic
[controller_server-11] [INFO] [1775542492.491771076] [controller_server]: GoalCritic instantiated with 1 power and 5.000000 weight.
[controller_server-11] [INFO] [1775542492.491948110] [controller_server]: Critic loaded : mppi::critics::GoalCritic
[controller_server-11] [INFO] [1775542492.496857824] [controller_server]: GoalAngleCritic instantiated with 1 power, 3.000000 weight, and 0.500000 angular threshold.
[controller_server-11] [INFO] [1775542492.497045941] [controller_server]: Critic loaded : mppi::critics::GoalAngleCritic
[controller_server-11] [INFO] [1775542492.511896119] [controller_server]: ReferenceTrajectoryCritic instantiated with 1 power and 2.000000 weight
[controller_server-11] [INFO] [1775542492.512124776] [controller_server]: Critic loaded : mppi::critics::PathAlignCritic
[controller_server-11] [INFO] [1775542492.518638590] [controller_server]: Critic loaded : mppi::critics::PathFollowCritic
[controller_server-11] [INFO] [1775542492.527814627] [controller_server]: PathAngleCritic instantiated with 1 power and 1.500000 weight. Mode set to: Forward Preference
[controller_server-11] [INFO] [1775542492.527907665] [controller_server]: Critic loaded : mppi::critics::PathAngleCritic
[controller_server-11] [INFO] [1775542492.536421646] [controller_server]: PreferForwardCritic instantiated with 1 power and 10.000000 weight.
[controller_server-11] [INFO] [1775542492.538671761] [controller_server]: Critic loaded : mppi::critics::PreferForwardCritic
[controller_server-11] [INFO] [1775542492.546371443] [controller_server]: Optimizer reset
[controller_server-11] [INFO] [1775542492.560739515] [MPPIController]: Configured MPPI Controller: FollowPath
[controller_server-11] [INFO] [1775542492.560781513] [controller_server]: Controller Server has FollowPath  controllers available.
[lifecycle_manager-20] [INFO] [1775542492.649429055] [lifecycle_manager_navigation]: [34m[1mConfiguring smoother_server[0m[0m
[smoother_server-12] [INFO] [1775542492.650688712] [smoother_server]: Configuring smoother server
[smoother_server-12] [INFO] [1775542492.711820683] [smoother_server]: Created smoother : simple_smoother of type nav2_smoother::SimpleSmoother
[smoother_server-12] [INFO] [1775542492.729739942] [smoother_server]: Smoother Server has simple_smoother  smoothers available.
[lifecycle_manager-20] [INFO] [1775542492.777202937] [lifecycle_manager_navigation]: [34m[1mConfiguring planner_server[0m[0m
[planner_server-13] [INFO] [1775542492.778040861] [planner_server]: Configuring
[planner_server-13] [INFO] [1775542492.778288476] [global_costmap.global_costmap]: Configuring
[planner_server-13] [INFO] [1775542492.833350824] [global_costmap.global_costmap]: Using plugin "static_layer"
[planner_server-13] [INFO] [1775542492.855983221] [global_costmap.global_costmap]: Subscribing to the map topic (/map) with transient local durability
[planner_server-13] [INFO] [1775542492.858895975] [global_costmap.global_costmap]: Initialized plugin "static_layer"
[planner_server-13] [INFO] [1775542492.862148216] [global_costmap.global_costmap]: Using plugin "obstacle_layer"
[joint_state_publisher-3] [INFO] [1775542492.869518036] [joint_state_publisher]: Waiting for robot_description to be published on the robot_description topic...
[planner_server-13] [INFO] [1775542492.903364553] [global_costmap.global_costmap]: Subscribed to Topics: scan
[planner_server-13] [INFO] [1775542492.961029626] [global_costmap.global_costmap]: Initialized plugin "obstacle_layer"
[planner_server-13] [INFO] [1775542492.961127914] [global_costmap.global_costmap]: Using plugin "inflation_layer"
[planner_server-13] [INFO] [1775542492.996221837] [global_costmap.global_costmap]: Initialized plugin "inflation_layer"
[planner_server-13] [INFO] [1775542492.996314584] [global_costmap.global_costmap]: Using costmap filter "keepout_filter"
[planner_server-13] [INFO] [1775542493.046340931] [global_costmap.global_costmap]: Initialized costmap filter "keepout_filter"
[planner_server-13] [INFO] [1775542493.046538090] [global_costmap.global_costmap]: Using costmap filter "inflation_layer2"
[localization_monitor-1] [INFO] [1775542493.052325975] [localization_monitor]: Localization Monitor Started
[planner_server-13] [INFO] [1775542493.086675596] [global_costmap.global_costmap]: Initialized costmap filter "inflation_layer2"
[planner_server-13] [INFO] [1775542493.192375308] [global_costmap.global_costmap]: StaticLayer: Resizing costmap to 276 X 287 at 0.050000 m/pix
[localization_monitor-21] [INFO] [1775542493.204018743] [localization_monitor]: Localization Monitor Started
[planner_server-13] [INFO] [1775542493.209098200] [planner_server]: Created global planner plugin GridBased of type nav2_smac_planner::SmacPlanner2D
[planner_server-13] [INFO] [1775542493.209204070] [planner_server]: Configuring GridBased of type SmacPlanner2D
[planner_server-13] [ERROR] [1775542493.219934627] [planner_server]: Inflation layer either not found or inflation is not set sufficiently for optimized non-circular collision checking capabilities. It is HIGHLY recommended to set the inflation radius to be at MINIMUM half of the robot's largest cross-section. See github.com/ros-planning/navigation2/tree/main/nav2_smac_planner#potential-fields for full instructions. This will substantially impact run-time performance.
[planner_server-13] [INFO] [1775542493.224037332] [planner_server]: Configured plugin GridBased of type SmacPlanner2D with tolerance 0.12, maximum iterations 1000000, max on approach iterations 1000, and not allowing unknown traversal.
[planner_server-13] [INFO] [1775542493.224155744] [planner_server]: Planner Server has GridBased  planners available.
[lifecycle_manager-20] [INFO] [1775542493.263834186] [lifecycle_manager_navigation]: [34m[1mConfiguring behavior_server[0m[0m
[behavior_server-14] [INFO] [1775542493.264298792] [behavior_server]: Configuring
[behavior_server-14] [INFO] [1775542493.275153593] [behavior_server]: Creating behavior plugin backup of type nav2_behaviors::BackUp
[behavior_server-14] [INFO] [1775542493.281118221] [behavior_server]: Creating behavior plugin wait of type nav2_behaviors::Wait
[behavior_server-14] [INFO] [1775542493.316892867] [behavior_server]: Configuring backup
[behavior_server-14] [INFO] [1775542493.341323898] [behavior_server]: Configuring wait
[lifecycle_manager-20] [INFO] [1775542493.370402445] [lifecycle_manager_navigation]: [34m[1mConfiguring velocity_smoother[0m[0m
[velocity_smoother-17] [INFO] [1775542493.371096291] [velocity_smoother]: Configuring velocity smoother
[lifecycle_manager-20] [INFO] [1775542493.393325622] [lifecycle_manager_navigation]: [34m[1mConfiguring collision_monitor[0m[0m
[collision_monitor-18] [INFO] [1775542493.394047759] [collision_monitor]: Configuring
[collision_monitor-18] [INFO] [1775542493.427911483] [collision_monitor]: [scan]: Creating Scan
[collision_monitor-18] [INFO] [1775542493.439406466] [collision_monitor]: [PolygonStop]: Creating Polygon
[collision_monitor-18] [INFO] [1775542493.448698874] [collision_monitor]: [PolygonSlow]: Creating Polygon
[collision_monitor-18] [INFO] [1775542493.455942116] [collision_monitor]: [FootprintApproach]: Creating Polygon
[collision_monitor-18] [INFO] [1775542493.456809205] [collision_monitor]: [FootprintApproach]: Polygon points are not defined. Using dynamic subscription instead.
[collision_monitor-18] [INFO] [1775542493.463587258] [collision_monitor]: [FootprintApproach]: Making footprint subscriber on /local_costmap/published_footprint topic
[lifecycle_manager-20] [INFO] [1775542493.495836382] [lifecycle_manager_navigation]: [34m[1mConfiguring collision_detector[0m[0m
[collision_detector-19] [INFO] [1775542493.497371944] [collision_detector]: Configuring
[collision_detector-19] [INFO] [1775542493.536616404] [collision_monitor]: [scan]: Creating Scan
[collision_detector-19] [INFO] [1775542493.541513868] [collision_monitor]: [PolygonStop]: Creating Polygon
[collision_detector-19] [INFO] [1775542493.543349251] [collision_monitor]: [PolygonSlow]: Creating Polygon
[lifecycle_manager-20] [INFO] [1775542493.557599786] [lifecycle_manager_navigation]: [34m[1mConfiguring bt_navigator[0m[0m
[bt_navigator-15] [INFO] [1775542493.558597245] [bt_navigator]: Configuring
[bt_navigator-15] [INFO] [1775542493.580617459] [bt_navigator]: Creating navigator id navigate_to_pose of type nav2_bt_navigator::NavigateToPoseNavigator
[bt_navigator-15] [INFO] [1775542493.781730516] [bt_navigator]: Creating navigator id navigate_through_poses of type nav2_bt_navigator::NavigateThroughPosesNavigator
[lifecycle_manager-20] [INFO] [1775542493.867919410] [lifecycle_manager_navigation]: [34m[1mConfiguring waypoint_follower[0m[0m
[waypoint_follower-16] [INFO] [1775542493.868744209] [waypoint_follower]: Configuring
[waypoint_follower-16] [INFO] [1775542493.948125884] [waypoint_follower]: Created waypoint_task_executor : wait_at_waypoint of type nav2_waypoint_follower::WaitAtWaypoint
[lifecycle_manager-20] [INFO] [1775542493.953395792] [lifecycle_manager_navigation]: [34m[1mConfiguring keepout_filter_mask_server[0m[0m
[map_server-9] [INFO] [1775542493.954162551] [keepout_filter_mask_server]: Configuring
[map_server-9] [INFO] [1775542493.954305754] [map_io]: Loading yaml file: /home/smr/workspaces/mini_amr/amrROS2_ws/maps/latest_map_keepout.yaml
[map_server-9] [INFO] [1775542493.954644365] [map_io]: resolution: 0.05
[map_server-9] [INFO] [1775542493.954659823] [map_io]: origin[0]: -7.999
[map_server-9] [INFO] [1775542493.954665072] [map_io]: origin[1]: -4.602
[map_server-9] [INFO] [1775542493.954669447] [map_io]: origin[2]: 0
[map_server-9] [INFO] [1775542493.954673822] [map_io]: free_thresh: 0.196
[map_server-9] [INFO] [1775542493.954678197] [map_io]: occupied_thresh: 0.65
[map_server-9] [INFO] [1775542493.954684322] [map_io]: mode: trinary
[map_server-9] [INFO] [1775542493.954689571] [map_io]: negate: 0
[map_server-9] [INFO] [1775542493.954894896] [map_io]: Loading image_file: /home/smr/workspaces/mini_amr/amrROS2_ws/maps/map_000.pgm
[map_server-9] [INFO] [1775542493.956588243] [map_io]: Read map /home/smr/workspaces/mini_amr/amrROS2_ws/maps/map_000.pgm: 276 X 287 map @ 0.05 m/cell
[lifecycle_manager-20] [INFO] [1775542493.993839244] [lifecycle_manager_navigation]: [34m[1mConfiguring keepout_costmap_filter_info_server[0m[0m
[costmap_filter_info_server-10] [INFO] [1775542493.994340890] [keepout_costmap_filter_info_server]: Configuring
[lifecycle_manager-20] [INFO] [1775542494.006053739] [lifecycle_manager_navigation]: [34m[1mActivating controller_server[0m[0m
[controller_server-11] [INFO] [1775542494.006653964] [controller_server]: Activating
[controller_server-11] [INFO] [1775542494.006839748] [local_costmap.local_costmap]: Activating
[controller_server-11] [INFO] [1775542494.006935411] [local_costmap.local_costmap]: Checking transform
[controller_server-11] [INFO] [1775542494.007117986] [local_costmap.local_costmap]: Timed out waiting for transform from center_footprint to odom to become available, tf error: Invalid frame ID "center_footprint" passed to canTransform argument source_frame - frame does not exist
[controller_server-11] [INFO] [1775542494.507180221] [local_costmap.local_costmap]: Timed out waiting for transform from center_footprint to odom to become available, tf error: Invalid frame ID "center_footprint" passed to canTransform argument source_frame - frame does not exist
[INFO] [delivery_robot_main_controller-22]: process started with pid [17748]
[INFO] [robot_sound-23]: process started with pid [17749]
[INFO] [call_robot_button-24]: process started with pid [17750]
[INFO] [rpc_run_node-25]: process started with pid [17751]
[INFO] [dock_coordinates-26]: process started with pid [17753]
[INFO] [autodock_action_server-27]: process started with pid [17754]
[INFO] [battery_manager_node-28]: process started with pid [17755]
[dock_coordinates-26] [INFO] [1775542494.976412522] [dock_coordinates]: begin dock_coordinates
[dock_coordinates-26] [INFO] [1775542494.980941043] [dock coordinates]: max_alignment_error: 0.010000
[dock_coordinates-26] [INFO] [1775542494.983276614] [dock coordinates]: minimum_point_cloud: 5
[dock_coordinates-26] [INFO] [1775542494.985303030] [dock coordinates]: point_cloud_split_dist: 0.050000
[dock_coordinates-26] [INFO] [1775542494.986537312] [dock coordinates]: max_dock_width: 0.380000
[dock_coordinates-26] [INFO] [1775542494.987802218] [dock coordinates]: min_dock_width: 0.310000
[dock_coordinates-26] [INFO] [1775542494.990817635] [dock coordinates]: range_limit: 1.200000
[controller_server-11] [INFO] [1775542495.007141835] [local_costmap.local_costmap]: Timed out waiting for transform from center_footprint to odom to become available, tf error: Invalid frame ID "center_footprint" passed to canTransform argument source_frame - frame does not exist
[controller_server-11] [INFO] [1775542495.508706966] [local_costmap.local_costmap]: Timed out waiting for transform from center_footprint to odom to become available, tf error: Invalid frame ID "center_footprint" passed to canTransform argument source_frame - frame does not exist
[ekf_node-6] [ERROR] [1775542495.935487481] [ekf_filter_node]: Failed to meet update rate! Took 0.038637526999999997901seconds. Try decreasing the rate, limiting sensor output frequency, or limiting the number of sensors.
[controller_server-11] [INFO] [1775542496.008667705] [local_costmap.local_costmap]: Timed out waiting for transform from center_footprint to odom to become available, tf error: Invalid frame ID "center_footprint" passed to canTransform argument source_frame - frame does not exist
[controller_server-11] [INFO] [1775542496.507167546] [local_costmap.local_costmap]: Timed out waiting for transform from center_footprint to odom to become available, tf error: Invalid frame ID "center_footprint" passed to canTransform argument source_frame - frame does not exist
[rpc_run_node-25] [0m[INFO] [1775542496.545188806] [rpc_run_node]: RPC run node started; RPC bridge configured.[0m
[rpc_run_node-25] 2026-04-07 13:14:56,611 [INFO] RPCServer listening on localhost:6000
[robot_sound-23] [0m[INFO] [1775542496.678291218] [robot_sound_node]: Sound volume set to 100% (API).[0m
[robot_sound-23] [0m[INFO] [1775542496.680343592] [robot_sound_node]: ✅ robot_sound_node started using .wav files[0m
[battery_manager_node-28] [INFO] [1775542496.903276205] [battery_manager]: SOC limits from API: target=1.00, resume=0.95
[battery_manager_node-28] [INFO] [1775542496.924874395] [battery_manager]: IR state: IDLE -> READY (10)
[controller_server-11] [INFO] [1775542497.007834964] [local_costmap.local_costmap]: Timed out waiting for transform from center_footprint to odom to become available, tf error: Invalid frame ID "center_footprint" passed to canTransform argument source_frame - frame does not exist
[autodock_action_server-27] [INFO] [1775542497.343121680] [autodock_action_server]: auto_dock_init_start
[battery_manager_node-28] [INFO] [1775542497.377360180] [battery_manager]: Charger READY; starting charge
[autodock_action_server-27] [INFO] [1775542497.462363790] [autodock_action_server]: auto_dock_init_complete
[controller_server-11] [INFO] [1775542497.509373554] [local_costmap.local_costmap]: Timed out waiting for transform from center_footprint to odom to become available, tf error: Invalid frame ID "center_footprint" passed to canTransform argument source_frame - frame does not exist
[battery_manager_node-28] [INFO] [1775542497.542001538] [battery_manager]: State change: IDLE_ON_DOCK -> CHARGING
[battery_manager_node-28] [INFO] [1775542497.545290235] [battery_manager]: IR state: READY -> CHARGING (11)
[autodock_action_server-27] [INFO] [1775542497.648320432] [charge_status]: IR Charge State: CHARGING (11)
[delivery_robot_main_controller-22] [0m[INFO] [1775542497.758254094] [main_controller_node]: Delivery Robot Main Controller Node started.[0m
[delivery_robot_main_controller-22] [0m[INFO] [1775542497.784927949] [main_controller_node]: Initial state: STANDBY[0m
[delivery_robot_main_controller-22] [0m[INFO] [1775542497.791485511] [main_controller_node]: setting_batteryLowToCharge: 20[0m
[delivery_robot_main_controller-22] [33m[WARN] [1775542497.824464355] [rcl.logging_rosout]: Publisher already registered for node name: 'main_controller_node'. If this is due to multiple nodes with the same name then all logs for the logger named 'main_controller_node' will go out over the existing publisher. As soon as any node with that name is destructed it will unregister the publisher, preventing any further logs for that name from being published on the rosout topic.[0m
[delivery_robot_main_controller-22] [33m[WARN] [1775542497.896821530] [main_controller_node]: slam_toolbox_msgs not available; initial pose service calls will be skipped.[0m
[controller_server-11] [INFO] [1775542498.009201882] [local_costmap.local_costmap]: Timed out waiting for transform from center_footprint to odom to become available, tf error: Invalid frame ID "center_footprint" passed to canTransform argument source_frame - frame does not exist
[controller_server-11] [INFO] [1775542498.507240617] [local_costmap.local_costmap]: start
[controller_server-11] [INFO] [1775542498.509497148] [local_costmap.local_costmap]: KeepoutFilter: Subscribing to "/keepout_costmap_filter_info" topic for filter info...
[controller_server-11] [WARN] [1775542498.609849081] [local_costmap.local_costmap]: KeepoutFilter: Filter mask was not received
[controller_server-11] [WARN] [1775542498.661000341] [controller_server]: Parameter controller_server.verbose not found
[controller_server-11] [INFO] [1775542498.661575775] [controller_server]: Optimizer reset
[controller_server-11] [INFO] [1775542498.661950843] [MPPIController]: Activated MPPI Controller: FollowPath
[controller_server-11] [INFO] [1775542498.661986133] [controller_server]: Creating bond (controller_server) to lifecycle manager.
[lifecycle_manager-20] [INFO] [1775542498.770383358] [lifecycle_manager_navigation]: Server controller_server connected with bond.
[lifecycle_manager-20] [INFO] [1775542498.770604433] [lifecycle_manager_navigation]: [34m[1mActivating smoother_server[0m[0m
[smoother_server-12] [INFO] [1775542498.772073205] [smoother_server]: Activating
[smoother_server-12] [INFO] [1775542498.772185492] [smoother_server]: Creating bond (smoother_server) to lifecycle manager.
[lifecycle_manager-20] [INFO] [1775542498.883096197] [lifecycle_manager_navigation]: Server smoother_server connected with bond.
[lifecycle_manager-20] [INFO] [1775542498.883254273] [lifecycle_manager_navigation]: [34m[1mActivating planner_server[0m[0m
[planner_server-13] [INFO] [1775542498.884003826] [planner_server]: Activating
[planner_server-13] [INFO] [1775542498.884139445] [global_costmap.global_costmap]: Activating
[planner_server-13] [INFO] [1775542498.884215859] [global_costmap.global_costmap]: Checking transform
[planner_server-13] [INFO] [1775542498.884421184] [global_costmap.global_costmap]: start
[planner_server-13] [INFO] [1775542498.885314813] [global_costmap.global_costmap]: KeepoutFilter: Subscribing to "/keepout_costmap_filter_info" topic for filter info...
[delivery_robot_main_controller-22] [0m[INFO] [1775542499.107726531] [main_controller_node]: Waiting for Nav2 system...[0m
[planner_server-13] [WARN] [1775542499.400904447] [global_costmap.global_costmap]: KeepoutFilter: Filter mask was not received
[planner_server-13] [INFO] [1775542499.441950458] [planner_server]: Activating plugin GridBased of type SmacPlanner2D
[planner_server-13] [INFO] [1775542499.445771425] [planner_server]: Creating bond (planner_server) to lifecycle manager.
[lifecycle_manager-20] [INFO] [1775542499.558654590] [lifecycle_manager_navigation]: Server planner_server connected with bond.
[lifecycle_manager-20] [INFO] [1775542499.558960244] [lifecycle_manager_navigation]: [34m[1mActivating behavior_server[0m[0m
[behavior_server-14] [INFO] [1775542499.560972369] [behavior_server]: Activating
[behavior_server-14] [INFO] [1775542499.561106822] [behavior_server]: Activating backup
[behavior_server-14] [INFO] [1775542499.561197235] [behavior_server]: Activating wait
[behavior_server-14] [INFO] [1775542499.561329354] [behavior_server]: Creating bond (behavior_server) to lifecycle manager.
[lifecycle_manager-20] [INFO] [1775542499.673958779] [lifecycle_manager_navigation]: Server behavior_server connected with bond.
[lifecycle_manager-20] [INFO] [1775542499.675426969] [lifecycle_manager_navigation]: [34m[1mActivating velocity_smoother[0m[0m
[velocity_smoother-17] [INFO] [1775542499.677212478] [velocity_smoother]: Activating
[velocity_smoother-17] [INFO] [1775542499.677817953] [velocity_smoother]: Creating bond (velocity_smoother) to lifecycle manager.
[lifecycle_manager-20] [INFO] [1775542499.785946856] [lifecycle_manager_navigation]: Server velocity_smoother connected with bond.
[lifecycle_manager-20] [INFO] [1775542499.786294508] [lifecycle_manager_navigation]: [34m[1mActivating collision_monitor[0m[0m
[collision_monitor-18] [INFO] [1775542499.788883526] [collision_monitor]: Activating
[collision_monitor-18] [INFO] [1775542499.789090309] [collision_monitor]: Creating bond (collision_monitor) to lifecycle manager.
[lifecycle_manager-20] [INFO] [1775542499.907677071] [lifecycle_manager_navigation]: Server collision_monitor connected with bond.
[lifecycle_manager-20] [INFO] [1775542499.908465705] [lifecycle_manager_navigation]: [34m[1mActivating collision_detector[0m[0m
[collision_detector-19] [INFO] [1775542499.909337461] [collision_detector]: Activating
[collision_detector-19] [INFO] [1775542499.909473664] [collision_detector]: Creating bond (collision_detector) to lifecycle manager.
[lifecycle_manager-20] [INFO] [1775542500.037498077] [lifecycle_manager_navigation]: Server collision_detector connected with bond.
[lifecycle_manager-20] [INFO] [1775542500.037617364] [lifecycle_manager_navigation]: [34m[1mActivating bt_navigator[0m[0m
[bt_navigator-15] [INFO] [1775542500.038376832] [bt_navigator]: Activating
[bt_navigator-15] [INFO] [1775542500.312513494] [bt_navigator]: Creating bond (bt_navigator) to lifecycle manager.
[lifecycle_manager-20] [INFO] [1775542500.426086422] [lifecycle_manager_navigation]: Server bt_navigator connected with bond.
[lifecycle_manager-20] [INFO] [1775542500.426198709] [lifecycle_manager_navigation]: [34m[1mActivating waypoint_follower[0m[0m
[waypoint_follower-16] [INFO] [1775542500.426910055] [waypoint_follower]: Activating
[waypoint_follower-16] [INFO] [1775542500.427083298] [waypoint_follower]: Creating bond (waypoint_follower) to lifecycle manager.
[lifecycle_manager-20] [INFO] [1775542500.537441317] [lifecycle_manager_navigation]: Server waypoint_follower connected with bond.
[lifecycle_manager-20] [INFO] [1775542500.537542812] [lifecycle_manager_navigation]: [34m[1mActivating keepout_filter_mask_server[0m[0m
[map_server-9] [INFO] [1775542500.538305781] [keepout_filter_mask_server]: Activating
[map_server-9] [INFO] [1775542500.538545229] [keepout_filter_mask_server]: Creating bond (keepout_filter_mask_server) to lifecycle manager.
[lifecycle_manager-20] [INFO] [1775542500.650908374] [lifecycle_manager_navigation]: Server keepout_filter_mask_server connected with bond.
[lifecycle_manager-20] [INFO] [1775542500.651030577] [lifecycle_manager_navigation]: [34m[1mActivating keepout_costmap_filter_info_server[0m[0m
[costmap_filter_info_server-10] [INFO] [1775542500.651834669] [keepout_costmap_filter_info_server]: Activating
[costmap_filter_info_server-10] [INFO] [1775542500.652192821] [keepout_costmap_filter_info_server]: Creating bond (keepout_costmap_filter_info_server) to lifecycle manager.
[planner_server-13] [INFO] [1775542500.652602012] [global_costmap.global_costmap]: KeepoutFilter: Received filter info from /keepout_costmap_filter_info topic.
[planner_server-13] [INFO] [1775542500.652730048] [global_costmap.global_costmap]: KeepoutFilter: Subscribing to "/keepout_filter_mask" topic for filter mask...
[controller_server-11] [INFO] [1775542500.652630303] [local_costmap.local_costmap]: KeepoutFilter: Received filter info from /keepout_costmap_filter_info topic.
[controller_server-11] [INFO] [1775542500.652779338] [local_costmap.local_costmap]: KeepoutFilter: Subscribing to "/keepout_filter_mask" topic for filter mask...
[controller_server-11] [INFO] [1775542500.660782340] [local_costmap.local_costmap]: KeepoutFilter: Received filter mask from /keepout_filter_mask topic.
[planner_server-13] [INFO] [1775542500.766417013] [global_costmap.global_costmap]: KeepoutFilter: Received filter mask from /keepout_filter_mask topic.
[lifecycle_manager-20] [INFO] [1775542500.784576012] [lifecycle_manager_navigation]: Server keepout_costmap_filter_info_server connected with bond.
[lifecycle_manager-20] [INFO] [1775542500.785339856] [lifecycle_manager_navigation]: [34m[1mManaged nodes are active[0m[0m
[lifecycle_manager-20] [INFO] [1775542500.785406644] [lifecycle_manager_navigation]: [34m[1mCreating bond timer...[0m[0m
[delivery_robot_main_controller-22] [0m[INFO] [1775542501.127815858] [main_controller_node]: Waiting for localization pose to be received from slam_toolbox/pose[0m
[delivery_robot_main_controller-22] [0m[INFO] [1775542501.131672407] [main_controller_node]: Acquired localization pose from TF map->base_link[0m
[INFO] [bash-29]: process started with pid [17911]
[delivery_robot_main_controller-22] [0m[INFO] [1775542503.148540991] [main_controller_node]: Nav2 is ready for use![0m
[delivery_robot_main_controller-22] [0m[INFO] [1775542503.258567982] [main_controller_node]: No pending queue found or unexpected format.[0m
[delivery_robot_main_controller-22] [0m[INFO] [1775542503.261927260] [main_controller_node]: Robot is in STANDBY mode.[0m
[delivery_robot_main_controller-22] [0m[INFO] [1775542503.298598743] [main_controller_node]: Dock State change: IDLE -> DOCKED[0m
[delivery_robot_main_controller-22] [33m[WARN] [1775542503.341038863] [main_controller_node]: Robot status id missing; refreshing before battery status.[0m
[delivery_robot_main_controller-22] [0m[INFO] [1775542504.174397563] [main_controller_node]: Current state: STANDBY, dock_state DOCKED, charge_state CHARGING[0m
[delivery_robot_main_controller-22] [0m[INFO] [1775542505.190835150] [main_controller_node]: Current state: STANDBY, dock_state DOCKED, charge_state CHARGING[0m
[delivery_robot_main_controller-22] [0m[INFO] [1775542505.339557124] [main_controller_node]: No pending queue found or unexpected format.[0m
[delivery_robot_main_controller-22] [0m[INFO] [1775542506.189984909] [main_controller_node]: Current state: STANDBY, dock_state DOCKED, charge_state CHARGING[0m
[delivery_robot_main_controller-22] [0m[INFO] [1775542507.193736104] [main_controller_node]: Current state: STANDBY, dock_state DOCKED, charge_state CHARGING[0m
[delivery_robot_main_controller-22] [0m[INFO] [1775542507.281835335] [main_controller_node]: No pending queue found or unexpected format.[0m
[delivery_robot_main_controller-22] [0m[INFO] [1775542508.202494716] [main_controller_node]: Current state: STANDBY, dock_state DOCKED, charge_state CHARGING[0m
[delivery_robot_main_controller-22] [0m[INFO] [1775542509.214277786] [main_controller_node]: Current state: STANDBY, dock_state DOCKED, charge_state CHARGING[0m
[delivery_robot_main_controller-22] [0m[INFO] [1775542509.306654133] [main_controller_node]: No pending queue found or unexpected format.[0m
[delivery_robot_main_controller-22] [0m[INFO] [1775542510.174154795] [main_controller_node]: Current state: STANDBY, dock_state DOCKED, charge_state CHARGING[0m
[delivery_robot_main_controller-22] [0m[INFO] [1775542511.233058459] [main_controller_node]: Current state: STANDBY, dock_state DOCKED, charge_state CHARGING[0m
[delivery_robot_main_controller-22] [0m[INFO] [1775542511.298081686] [main_controller_node]: No pending queue found or unexpected format.[0m
[delivery_robot_main_controller-22] [0m[INFO] [1775542512.178031626] [main_controller_node]: Current state: STANDBY, dock_state DOCKED, charge_state CHARGING[0m
[call_robot_button-24] Error: Connection refused
[call_robot_button-24] 2026-04-07 13:15:12 mosquitto_pub -u smr -P smrbot25 -m "Pichet,true" -t "Rsp" -r
[call_robot_button-24] [0m[INFO] [1775542512.596840054] [call_robot_button_node]: call_switch notified: station=Pichet status=true.[0m
[delivery_robot_main_controller-22] [0m[INFO] [1775542513.171749902] [main_controller_node]: Current state: STANDBY, dock_state DOCKED, charge_state CHARGING[0m
[delivery_robot_main_controller-22] [0m[INFO] [1775542513.251370442] [main_controller_node]: 1 pending queues [0m
[delivery_robot_main_controller-22] [0m[INFO] [1775542514.237198003] [main_controller_node]: Current state: STANDBY, dock_state DOCKED, charge_state CHARGING[0m
[delivery_robot_main_controller-22] [0m[INFO] [1775542515.193066537] [main_controller_node]: Current state: STANDBY, dock_state DOCKED, charge_state CHARGING[0m
[delivery_robot_main_controller-22] [0m[INFO] [1775542515.257935775] [main_controller_node]: State change: STANDBY -> DOCK[0m
[delivery_robot_main_controller-22] [0m[INFO] [1775542515.275612962] [main_controller_node]: Robot is UNDOCKING.[0m
[delivery_robot_main_controller-22] [0m[INFO] [1775542515.276639878] [main_controller_node]: Initial pose set: x=0.0, y=0.0, yaw=0.000[0m
[localization_slam_toolbox_node-8] [INFO] [1775542515.276464302] [slam_toolbox]: LocalizePoseCallback: Localizing to: (0.00 0.00), theta=0.00
[delivery_robot_main_controller-22] [0m[INFO] [1775542515.278096984] [main_controller_node]: Dock State change: DOCKED -> UNDOCKING[0m
[delivery_robot_main_controller-22] [0m[INFO] [1775542515.289040158] [main_controller_node]: Sending autodock UNDOCK goal...[0m
[delivery_robot_main_controller-22] [0m[INFO] [1775542515.290019242] [main_controller_node]: Undock goal sent (future created)[0m
[autodock_action_server-27] [INFO] [1775542515.296224778] [autodock_action_server]: Executing goal...
[battery_manager_node-28] [INFO] [1775542515.311156619] [battery_manager]: request_stop_charge received: False -> True
[autodock_action_server-27] [INFO] [1775542515.312288239] [autodock_action_server]: Published request_stop_charge: (True)
[delivery_robot_main_controller-22] [0m[INFO] [1775542515.322820763] [main_controller_node]: Undock goal response callback triggered[0m
[battery_manager_node-28] [WARN] [1775542515.371526793] [battery_manager]: Request stop charge for undock
[battery_manager_node-28] [INFO] [1775542515.476752573] [battery_manager]: State change: CHARGING -> COOLDOWN
[autodock_action_server-27] [INFO] [1775542515.808736032] [charge_status]: IR Charge State: READY (10)
[battery_manager_node-28] [INFO] [1775542515.810495876] [battery_manager]: IR state: CHARGING -> READY (10)
[battery_manager_node-28] [INFO] [1775542515.867410818] [battery_manager]: State change: COOLDOWN -> IDLE_ON_DOCK
[delivery_robot_main_controller-22] [0m[INFO] [1775542516.234000556] [main_controller_node]: Current state: DOCK, dock_state UNDOCKING, charge_state NOT_CHARGE[0m
[autodock_action_server-27] [INFO] [1775542516.316762514] [autodock_action_server]: Confirm: Robot stop charge (after 1 attempt(s)) ✅
[autodock_action_server-27] [INFO] [1775542516.323455988] [autodock_action_server]: Stop charging successfully
[delivery_robot_main_controller-22] [0m[INFO] [1775542517.226089718] [main_controller_node]: Current state: DOCK, dock_state UNDOCKING, charge_state NOT_CHARGE[0m
[delivery_robot_main_controller-22] [0m[INFO] [1775542517.348146303] [main_controller_node]: Received feedback undock: 1[0m
[battery_manager_node-28] [INFO] [1775542517.806372758] [battery_manager]: IR state: READY -> IDLE (0)
[autodock_action_server-27] [INFO] [1775542517.807500003] [charge_status]: IR Charge State: IDLE (0)
[battery_manager_node-28] [INFO] [1775542517.866572605] [battery_manager]: State change: IDLE_ON_DOCK -> UNKNOWN
[delivery_robot_main_controller-22] [0m[INFO] [1775542518.207846722] [main_controller_node]: Current state: DOCK, dock_state UNDOCKING, charge_state NOT_CHARGE[0m
[delivery_robot_main_controller-22] [0m[INFO] [1775542519.231066515] [main_controller_node]: Current state: DOCK, dock_state UNDOCKING, charge_state NOT_CHARGE[0m
[delivery_robot_main_controller-22] [0m[INFO] [1775542520.265973783] [main_controller_node]: Current state: DOCK, dock_state UNDOCKING, charge_state NOT_CHARGE[0m
[delivery_robot_main_controller-22] [0m[INFO] [1775542521.172203323] [main_controller_node]: Current state: DOCK, dock_state UNDOCKING, charge_state NOT_CHARGE[0m
[delivery_robot_main_controller-22] [0m[INFO] [1775542522.174365651] [main_controller_node]: Current state: DOCK, dock_state UNDOCKING, charge_state NOT_CHARGE[0m
[delivery_robot_main_controller-22] [0m[INFO] [1775542523.163420146] [main_controller_node]: Current state: DOCK, dock_state UNDOCKING, charge_state NOT_CHARGE[0m
[autodock_action_server-27] [INFO] [1775542523.618770303] [autodock_action_server]: Published request_stop_charge: (False)
[autodock_action_server-27] [INFO] [1775542523.619430901] [autodock_action_server]: finish undocking
[battery_manager_node-28] [INFO] [1775542523.620897048] [battery_manager]: request_stop_charge received: True -> False
[delivery_robot_main_controller-22] [0m[INFO] [1775542523.689940448] [main_controller_node]: Undock successful. Proceeding to STANDBY.[0m
[delivery_robot_main_controller-22] [0m[INFO] [1775542523.693899076] [main_controller_node]: Dock State change: UNDOCKING -> IDLE[0m
[delivery_robot_main_controller-22] [0m[INFO] [1775542523.726107663] [main_controller_node]: State change: DOCK -> STANDBY[0m
[delivery_robot_main_controller-22] [0m[INFO] [1775542523.746059464] [main_controller_node]: Robot is in STANDBY mode.[0m
[delivery_robot_main_controller-22] [0m[INFO] [1775542524.258826208] [main_controller_node]: Current state: STANDBY, dock_state IDLE, charge_state NOT_CHARGE[0m
[delivery_robot_main_controller-22] [0m[INFO] [1775542525.193795686] [main_controller_node]: Current state: STANDBY, dock_state IDLE, charge_state NOT_CHARGE[0m
[delivery_robot_main_controller-22] [0m[INFO] [1775542525.271342568] [main_controller_node]: 1 pending queues [0m
[delivery_robot_main_controller-22] [0m[INFO] [1775542525.272895045] [main_controller_node]: Queue action: Request[0m
[delivery_robot_main_controller-22] [0m[INFO] [1775542525.340758993] [main_controller_node]: AGV start_pos: x=0.65, y=0.16[0m
[delivery_robot_main_controller-22] [0m[INFO] [1775542525.341398883] [main_controller_node]: AGV goal_pos: x=4.31, y=2.83[0m
[delivery_robot_main_controller-22] [0m[INFO] [1775542525.341966735] [main_controller_node]: Path source: database routes[0m
[delivery_robot_main_controller-22] [0m[INFO] [1775542525.356830913] [main_controller_node]: Computed AGV path waypoints:[0m
[delivery_robot_main_controller-22] [0m[INFO] [1775542525.357566466] [main_controller_node]:   Waypoint 0: x=0.65, y=0.16[0m
[delivery_robot_main_controller-22] [0m[INFO] [1775542525.358333517] [main_controller_node]:   Waypoint 1: x=0.59, y=0.04[0m
[delivery_robot_main_controller-22] [0m[INFO] [1775542525.358993823] [main_controller_node]:   Waypoint 2: x=0.51, y=-0.37[0m
[delivery_robot_main_controller-22] [0m[INFO] [1775542525.359648005] [main_controller_node]:   Waypoint 3: x=0.43, y=-0.78[0m
[delivery_robot_main_controller-22] [0m[INFO] [1775542525.360395807] [main_controller_node]:   Waypoint 4: x=0.35, y=-1.18[0m
[delivery_robot_main_controller-22] [0m[INFO] [1775542525.361285937] [main_controller_node]:   Waypoint 5: x=0.27, y=-1.59[0m
[delivery_robot_main_controller-22] [0m[INFO] [1775542525.362192691] [main_controller_node]:   Waypoint 6: x=0.75, y=-1.51[0m
[delivery_robot_main_controller-22] [0m[INFO] [1775542525.362876038] [main_controller_node]:   Waypoint 7: x=1.24, y=-1.44[0m
[delivery_robot_main_controller-22] [0m[INFO] [1775542525.363550635] [main_controller_node]:   Waypoint 8: x=1.72, y=-1.36[0m
[delivery_robot_main_controller-22] [0m[INFO] [1775542525.364257606] [main_controller_node]:   Waypoint 9: x=2.20, y=-1.29[0m
[delivery_robot_main_controller-22] [0m[INFO] [1775542525.365255065] [main_controller_node]:   Waypoint 10: x=2.69, y=-1.21[0m
[delivery_robot_main_controller-22] [0m[INFO] [1775542525.367134196] [main_controller_node]:   Waypoint 11: x=3.17, y=-1.14[0m
[delivery_robot_main_controller-22] [0m[INFO] [1775542525.370974704] [main_controller_node]:   Waypoint 12: x=3.65, y=-1.07[0m
[delivery_robot_main_controller-22] [0m[INFO] [1775542525.372540306] [main_controller_node]:   Waypoint 13: x=4.13, y=-0.99[0m
[delivery_robot_main_controller-22] [0m[INFO] [1775542525.373383479] [main_controller_node]:   Waypoint 14: x=4.62, y=-0.92[0m
[delivery_robot_main_controller-22] [0m[INFO] [1775542525.374119032] [main_controller_node]:   Waypoint 15: x=5.10, y=-0.84[0m
[delivery_robot_main_controller-22] [0m[INFO] [1775542525.374844377] [main_controller_node]:   Waypoint 16: x=5.00, y=-0.38[0m
[delivery_robot_main_controller-22] [0m[INFO] [1775542525.375582555] [main_controller_node]:   Waypoint 17: x=4.90, y=0.08[0m
[delivery_robot_main_controller-22] [0m[INFO] [1775542525.376258902] [main_controller_node]:   Waypoint 18: x=4.80, y=0.54[0m
[delivery_robot_main_controller-22] [0m[INFO] [1775542525.376996205] [main_controller_node]:   Waypoint 19: x=4.71, y=1.00[0m
[delivery_robot_main_controller-22] [0m[INFO] [1775542525.377663511] [main_controller_node]:   Waypoint 20: x=4.61, y=1.45[0m
[delivery_robot_main_controller-22] [0m[INFO] [1775542525.380245821] [main_controller_node]:   Waypoint 21: x=4.51, y=1.91[0m
[delivery_robot_main_controller-22] [0m[INFO] [1775542525.382676471] [main_controller_node]:   Waypoint 22: x=4.41, y=2.37[0m
[delivery_robot_main_controller-22] [0m[INFO] [1775542525.383750635] [main_controller_node]:   Waypoint 23: x=4.31, y=2.83[0m
[delivery_robot_main_controller-22] [0m[INFO] [1775542525.385316237] [main_controller_node]: Navigating with 24 goals....[0m
[delivery_robot_main_controller-22] [0m[INFO] [1775542525.390364195] [main_controller_node]: State change: STANDBY -> MOVE[0m
[bt_navigator-15] [INFO] [1775542525.388629433] [bt_navigator]: Begin navigating from current location through 24 poses to (4.31, 2.83)
[controller_server-11] [INFO] [1775542525.389097539] [local_costmap.local_costmap]: Received request to clear entirely the local_costmap
[delivery_robot_main_controller-22] [0m[INFO] [1775542525.417106591] [main_controller_node]: Robot is MOVING.[0m
[controller_server-11] [INFO] [1775542525.408278497] [local_costmap.local_costmap]: KeepoutFilter: Subscribing to "/keepout_costmap_filter_info" topic for filter info...
[controller_server-11] [INFO] [1775542525.425457537] [local_costmap.local_costmap]: KeepoutFilter: Received filter info from /keepout_costmap_filter_info topic.
[controller_server-11] [INFO] [1775542525.425659071] [local_costmap.local_costmap]: KeepoutFilter: Subscribing to "/keepout_filter_mask" topic for filter mask...
[planner_server-13] [INFO] [1775542525.425443830] [global_costmap.global_costmap]: Received request to clear entirely the global_costmap
[planner_server-13] [INFO] [1775542525.439250760] [global_costmap.global_costmap]: KeepoutFilter: Subscribing to "/keepout_costmap_filter_info" topic for filter info...
[controller_server-11] [WARN] [1775542525.448987649] [local_costmap.local_costmap]: KeepoutFilter: New filter mask arrived from /keepout_filter_mask topic. Updating old filter mask.
[planner_server-13] [INFO] [1775542525.451290846] [global_costmap.global_costmap]: KeepoutFilter: Received filter info from /keepout_costmap_filter_info topic.
[planner_server-13] [INFO] [1775542525.451431132] [global_costmap.global_costmap]: KeepoutFilter: Subscribing to "/keepout_filter_mask" topic for filter mask...
[planner_server-13] [WARN] [1775542525.463475009] [global_costmap.global_costmap]: KeepoutFilter: New filter mask arrived from /keepout_filter_mask topic. Updating old filter mask.
[planner_server-13] [WARN] [1775542525.940943086] [planner_server]: Planner loop missed its desired rate of 5.0000 Hz. Current loop rate is 2.0823 Hz
[controller_server-11] [INFO] [1775542525.962872889] [controller_server]: Received a goal, begin computing control effort.
[controller_server-11] [WARN] [1775542525.964335829] [controller_server]: No goal checker was specified in parameter 'current_goal_checker'. Server will use only plugin loaded goal_checker . This warning will appear once.
[controller_server-11] [WARN] [1775542525.965459282] [controller_server]: No progress checker was specified in parameter 'current_progress_checker'. Server will use only plugin loaded progress_checker . This warning will appear once.
[controller_server-11] [INFO] [1775542526.167122997] [controller_server]: Passing new path to controller.
[controller_server-11] [INFO] [1775542526.267041538] [controller_server]: Passing new path to controller.
[controller_server-11] [INFO] [1775542526.468080237] [controller_server]: Passing new path to controller.
[call_robot_button-24] Error: Connection refused
[call_robot_button-24] 2026-04-07 13:15:26 mosquitto_pub -u smr -P smrbot25 -m "Pichet,blink" -t "Rsp" -r
[call_robot_button-24] [0m[INFO] [1775542526.489933626] [call_robot_button_node]: call_switch notified: station=Pichet status=blink.[0m
[controller_server-11] [INFO] [1775542526.566972445] [controller_server]: Passing new path to controller.
[controller_server-11] [INFO] [1775542526.666965650] [controller_server]: Passing new path to controller.
[controller_server-11] [INFO] [1775542526.767935606] [controller_server]: Passing new path to controller.
[controller_server-11] [INFO] [1775542526.967020511] [controller_server]: Passing new path to controller.
[controller_server-11] [INFO] [1775542527.066965301] [controller_server]: Passing new path to controller.
[controller_server-11] [INFO] [1775542527.166946839] [controller_server]: Passing new path to controller.
[controller_server-11] [INFO] [1775542527.367023369] [controller_server]: Passing new path to controller.
[controller_server-11] [INFO] [1775542527.466930536] [controller_server]: Passing new path to controller.
[controller_server-11] [INFO] [1775542527.566965739] [controller_server]: Passing new path to controller.
[controller_server-11] [INFO] [1775542527.766938148] [controller_server]: Passing new path to controller.
[controller_server-11] [INFO] [1775542527.867088846] [controller_server]: Passing new path to controller.
[controller_server-11] [INFO] [1775542528.066946053] [controller_server]: Passing new path to controller.
[controller_server-11] [INFO] [1775542528.166960548] [controller_server]: Passing new path to controller.
[controller_server-11] [INFO] [1775542528.266953461] [controller_server]: Passing new path to controller.
[controller_server-11] [INFO] [1775542528.466963494] [controller_server]: Passing new path to controller.
[controller_server-11] [INFO] [1775542528.567207522] [controller_server]: Passing new path to controller.
[controller_server-11] [INFO] [1775542528.666942904] [controller_server]: Passing new path to controller.
[controller_server-11] [INFO] [1775542528.866940687] [controller_server]: Passing new path to controller.
[controller_server-11] [INFO] [1775542528.966937975] [controller_server]: Passing new path to controller.
[controller_server-11] [INFO] [1775542529.166969882] [controller_server]: Passing new path to controller.
[controller_server-11] [INFO] [1775542529.266929838] [controller_server]: Passing new path to controller.
[controller_server-11] [INFO] [1775542529.367119910] [controller_server]: Passing new path to controller.
[controller_server-11] [INFO] [1775542529.567060821] [controller_server]: Passing new path to controller.
[controller_server-11] [INFO] [1775542529.666934738] [controller_server]: Passing new path to controller.
[controller_server-11] [INFO] [1775542529.766976066] [controller_server]: Passing new path to controller.
[controller_server-11] [INFO] [1775542529.966936518] [controller_server]: Passing new path to controller.
[controller_server-11] [INFO] [1775542530.066934389] [controller_server]: Passing new path to controller.
[controller_server-11] [INFO] [1775542530.166972800] [controller_server]: Passing new path to controller.
[controller_server-11] [INFO] [1775542530.366953376] [controller_server]: Passing new path to controller.
[controller_server-11] [INFO] [1775542530.466930540] [controller_server]: Passing new path to controller.
[controller_server-11] [INFO] [1775542530.666971488] [controller_server]: Passing new path to controller.
[controller_server-11] [INFO] [1775542530.766945152] [controller_server]: Passing new path to controller.
[controller_server-11] [INFO] [1775542530.966946144] [controller_server]: Passing new path to controller.
[controller_server-11] [INFO] [1775542531.066930015] [controller_server]: Passing new path to controller.
[controller_server-11] [INFO] [1775542531.166936344] [controller_server]: Passing new path to controller.
[controller_server-11] [INFO] [1775542531.266934215] [controller_server]: Passing new path to controller.
[controller_server-11] [INFO] [1775542531.466938999] [controller_server]: Passing new path to controller.
[controller_server-11] [INFO] [1775542531.568278190] [controller_server]: Passing new path to controller.
[controller_server-11] [INFO] [1775542531.766940487] [controller_server]: Passing new path to controller.
[controller_server-11] [INFO] [1775542531.866999314] [controller_server]: Passing new path to controller.
[controller_server-11] [INFO] [1775542531.968155345] [controller_server]: Passing new path to controller.
[controller_server-11] [INFO] [1775542532.166935471] [controller_server]: Passing new path to controller.
[controller_server-11] [INFO] [1775542532.266932467] [controller_server]: Passing new path to controller.
[controller_server-11] [INFO] [1775542532.366948420] [controller_server]: Passing new path to controller.
[controller_server-11] [INFO] [1775542532.567574137] [controller_server]: Passing new path to controller.
[controller_server-11] [INFO] [1775542532.666961283] [controller_server]: Passing new path to controller.
[controller_server-11] [INFO] [1775542532.866972191] [controller_server]: Passing new path to controller.
[controller_server-11] [INFO] [1775542532.967153804] [controller_server]: Passing new path to controller.
[controller_server-11] [INFO] [1775542533.066930310] [controller_server]: Passing new path to controller.
[controller_server-11] [INFO] [1775542533.266970092] [controller_server]: Passing new path to controller.
[controller_server-11] [INFO] [1775542533.366967088] [controller_server]: Passing new path to controller.
[controller_server-11] [INFO] [1775542533.466943376] [controller_server]: Passing new path to controller.
[controller_server-11] [INFO] [1775542533.666969450] [controller_server]: Passing new path to controller.
[controller_server-11] [INFO] [1775542533.766968196] [controller_server]: Passing new path to controller.
[controller_server-11] [INFO] [1775542533.866970151] [controller_server]: Passing new path to controller.
[controller_server-11] [INFO] [1775542534.066962685] [controller_server]: Passing new path to controller.
[controller_server-11] [INFO] [1775542534.166970180] [controller_server]: Passing new path to controller.
[controller_server-11] [INFO] [1775542534.266976218] [controller_server]: Passing new path to controller.
[controller_server-11] [INFO] [1775542534.466975460] [controller_server]: Passing new path to controller.
[controller_server-11] [INFO] [1775542534.566962539] [controller_server]: Passing new path to controller.
[controller_server-11] [INFO] [1775542534.666972368] [controller_server]: Passing new path to controller.
[controller_server-11] [INFO] [1775542534.867717079] [controller_server]: Passing new path to controller.
[controller_server-11] [INFO] [1775542534.967201347] [controller_server]: Passing new path to controller.
[controller_server-11] [INFO] [1775542535.066992726] [controller_server]: Passing new path to controller.
[controller_server-11] [INFO] [1775542535.266931012] [controller_server]: Passing new path to controller.
[controller_server-11] [INFO] [1775542535.369209039] [controller_server]: Passing new path to controller.
[controller_server-11] [INFO] [1775542535.568404481] [controller_server]: Passing new path to controller.
[controller_server-11] [INFO] [1775542535.666932704] [controller_server]: Passing new path to controller.
[controller_server-11] [INFO] [1775542535.866928155] [controller_server]: Passing new path to controller.
[controller_server-11] [INFO] [1775542535.966933026] [controller_server]: Passing new path to controller.
[controller_server-11] [INFO] [1775542536.066935272] [controller_server]: Passing new path to controller.
[controller_server-11] [INFO] [1775542536.266991678] [controller_server]: Passing new path to controller.
[controller_server-11] [INFO] [1775542536.366947842] [controller_server]: Passing new path to controller.
[call_robot_button-24] Error: Connection refused
[call_robot_button-24] 2026-04-07 13:15:36 mosquitto_pub -u smr -P smrbot25 -m "FrontDoor,true" -t "Rsp" -r
[controller_server-11] [INFO] [1775542536.466965254] [controller_server]: Passing new path to controller.
[call_robot_button-24] [0m[INFO] [1775542536.487648817] [call_robot_button_node]: call_switch notified: station=FrontDoor status=true.[0m
[controller_server-11] [INFO] [1775542536.666942622] [controller_server]: Passing new path to controller.
[controller_server-11] [INFO] [1775542536.766969075] [controller_server]: Passing new path to controller.
[controller_server-11] [INFO] [1775542536.866959363] [controller_server]: Passing new path to controller.
[controller_server-11] [INFO] [1775542536.966969192] [controller_server]: Passing new path to controller.
[controller_server-11] [INFO] [1775542537.167051264] [controller_server]: Passing new path to controller.
[controller_server-11] [INFO] [1775542537.266937431] [controller_server]: Passing new path to controller.
[controller_server-11] [INFO] [1775542537.366935886] [controller_server]: Passing new path to controller.
[controller_server-11] [INFO] [1775542537.567623724] [controller_server]: Passing new path to controller.
[controller_server-11] [INFO] [1775542537.666934457] [controller_server]: Passing new path to controller.
[controller_server-11] [INFO] [1775542537.767258398] [controller_server]: Passing new path to controller.
[controller_server-11] [INFO] [1775542537.967805367] [controller_server]: Passing new path to controller.
[controller_server-11] [INFO] [1775542538.067360215] [controller_server]: Passing new path to controller.
[controller_server-11] [INFO] [1775542538.166932853] [controller_server]: Passing new path to controller.
[controller_server-11] [INFO] [1775542538.266939766] [controller_server]: Passing new path to controller.
[controller_server-11] [INFO] [1775542538.466973715] [controller_server]: Passing new path to controller.
[controller_server-11] [INFO] [1775542538.567629850] [controller_server]: Passing new path to controller.
[controller_server-11] [INFO] [1775542538.666976748] [controller_server]: Passing new path to controller.
[controller_server-11] [INFO] [1775542538.767083990] [controller_server]: Passing new path to controller.
[controller_server-11] [INFO] [1775542538.966972986] [controller_server]: Passing new path to controller.
[controller_server-11] [INFO] [1775542539.066938192] [controller_server]: Passing new path to controller.
[controller_server-11] [INFO] [1775542539.266933642] [controller_server]: Passing new path to controller.
[controller_server-11] [INFO] [1775542539.367753396] [controller_server]: Passing new path to controller.
[controller_server-11] [INFO] [1775542539.466957092] [controller_server]: Passing new path to controller.
[controller_server-11] [INFO] [1775542539.666929501] [controller_server]: Passing new path to controller.
[controller_server-11] [INFO] [1775542539.766970829] [controller_server]: Passing new path to controller.
[controller_server-11] [INFO] [1775542539.866941868] [controller_server]: Passing new path to controller.
[controller_server-11] [INFO] [1775542539.966934489] [controller_server]: Passing new path to controller.
[controller_server-11] [INFO] [1775542540.167120098] [controller_server]: Passing new path to controller.
[controller_server-11] [INFO] [1775542540.266977392] [controller_server]: Passing new path to controller.
[controller_server-11] [INFO] [1775542540.366974679] [controller_server]: Passing new path to controller.
[controller_server-11] [WARN] [1775542540.475339247] [controller_server]: Control loop missed its desired rate of 10.0000 Hz. Current loop rate is 9.2272 Hz.
[controller_server-11] [WARN] [1775542540.575842847] [controller_server]: Control loop missed its desired rate of 10.0000 Hz. Current loop rate is 9.9835 Hz.
[controller_server-11] [INFO] [1775542540.577108628] [controller_server]: Passing new path to controller.
[controller_server-11] [INFO] [1775542540.666939127] [controller_server]: Passing new path to controller.
[controller_server-11] [INFO] [1775542540.766962372] [controller_server]: Passing new path to controller.
[controller_server-11] [INFO] [1775542540.966933907] [controller_server]: Passing new path to controller.
[controller_server-11] [INFO] [1775542541.066934111] [controller_server]: Passing new path to controller.
[controller_server-11] [INFO] [1775542541.166979814] [controller_server]: Passing new path to controller.
[controller_server-11] [INFO] [1775542541.366944640] [controller_server]: Passing new path to controller.
[controller_server-11] [INFO] [1775542541.467037007] [controller_server]: Passing new path to controller.
[controller_server-11] [INFO] [1775542541.566966048] [controller_server]: Passing new path to controller.
[controller_server-11] [INFO] [1775542541.766933208] [controller_server]: Passing new path to controller.
[controller_server-11] [INFO] [1775542541.866965494] [controller_server]: Passing new path to controller.
[controller_server-11] [INFO] [1775542541.966944699] [controller_server]: Passing new path to controller.
[controller_server-11] [INFO] [1775542542.166933733] [controller_server]: Passing new path to controller.
[controller_server-11] [INFO] [1775542542.266961645] [controller_server]: Passing new path to controller.
[controller_server-11] [INFO] [1775542542.466929097] [controller_server]: Passing new path to controller.
[controller_server-11] [INFO] [1775542542.566911218] [controller_server]: Passing new path to controller.
[controller_server-11] [INFO] [1775542542.666948171] [controller_server]: Passing new path to controller.
[controller_server-11] [INFO] [1775542542.766937292] [controller_server]: Passing new path to controller.
[controller_server-11] [INFO] [1775542542.966929243] [controller_server]: Passing new path to controller.
[controller_server-11] [INFO] [1775542543.066930614] [controller_server]: Passing new path to controller.
[controller_server-11] [INFO] [1775542543.166965233] [controller_server]: Passing new path to controller.
[controller_server-11] [INFO] [1775542543.266965729] [controller_server]: Passing new path to controller.
[controller_server-11] [INFO] [1775542543.466976054] [controller_server]: Passing new path to controller.
[controller_server-11] [INFO] [1775542543.566934260] [controller_server]: Passing new path to controller.
[controller_server-11] [INFO] [1775542543.666968296] [controller_server]: Passing new path to controller.
[controller_server-11] [INFO] [1775542543.867072826] [controller_server]: Passing new path to controller.
[controller_server-11] [INFO] [1775542543.966936827] [controller_server]: Passing new path to controller.
[controller_server-11] [INFO] [1775542544.166932861] [controller_server]: Passing new path to controller.
[controller_server-11] [INFO] [1775542544.266925191] [controller_server]: Passing new path to controller.
[controller_server-11] [INFO] [1775542544.366934436] [controller_server]: Passing new path to controller.
[controller_server-11] [INFO] [1775542544.466965848] [controller_server]: Passing new path to controller.
[controller_server-11] [INFO] [1775542544.666952548] [controller_server]: Passing new path to controller.
[controller_server-11] [INFO] [1775542544.766936712] [controller_server]: Passing new path to controller.
[controller_server-11] [INFO] [1775542544.866960248] [controller_server]: Passing new path to controller.
[controller_server-11] [INFO] [1775542544.966998951] [controller_server]: Passing new path to controller.
[controller_server-11] [INFO] [1775542545.166947737] [controller_server]: Passing new path to controller.
[controller_server-11] [INFO] [1775542545.266965732] [controller_server]: Passing new path to controller.
[controller_server-11] [INFO] [1775542545.366943770] [controller_server]: Passing new path to controller.
[controller_server-11] [INFO] [1775542545.567006885] [controller_server]: Passing new path to controller.
[controller_server-11] [INFO] [1775542545.666961299] [controller_server]: Passing new path to controller.
[controller_server-11] [INFO] [1775542545.767203869] [controller_server]: Passing new path to controller.
[controller_server-11] [INFO] [1775542545.868455563] [controller_server]: Passing new path to controller.
[controller_server-11] [INFO] [1775542546.066933243] [controller_server]: Passing new path to controller.
[controller_server-11] [INFO] [1775542546.166917114] [controller_server]: Passing new path to controller.
[controller_server-11] [INFO] [1775542546.266936568] [controller_server]: Passing new path to controller.
[controller_server-11] [INFO] [1775542546.466989766] [controller_server]: Passing new path to controller.
[controller_server-11] [INFO] [1775542546.566999303] [controller_server]: Passing new path to controller.
[controller_server-11] [INFO] [1775542546.667283287] [controller_server]: Passing new path to controller.
[controller_server-11] [INFO] [1775542546.866931085] [controller_server]: Passing new path to controller.
[controller_server-11] [INFO] [1775542546.967171613] [controller_server]: Passing new path to controller.
[controller_server-11] [INFO] [1775542547.066984867] [controller_server]: Passing new path to controller.
[controller_server-11] [INFO] [1775542547.166966988] [controller_server]: Passing new path to controller.
[controller_server-11] [INFO] [1775542547.366979063] [controller_server]: Passing new path to controller.
[controller_server-11] [INFO] [1775542547.466963518] [controller_server]: Passing new path to controller.
[controller_server-11] [INFO] [1775542547.667812933] [controller_server]: Passing new path to controller.
[controller_server-11] [INFO] [1775542547.766932049] [controller_server]: Passing new path to controller.
[controller_server-11] [INFO] [1775542547.866934586] [controller_server]: Passing new path to controller.
[controller_server-11] [INFO] [1775542548.066979035] [controller_server]: Passing new path to controller.
[controller_server-11] [INFO] [1775542548.166943366] [controller_server]: Passing new path to controller.
[controller_server-11] [INFO] [1775542548.266996068] [controller_server]: Passing new path to controller.
[controller_server-11] [INFO] [1775542548.466929687] [controller_server]: Passing new path to controller.
[controller_server-11] [INFO] [1775542548.568018347] [controller_server]: Passing new path to controller.
[controller_server-11] [INFO] [1775542548.667075340] [controller_server]: Passing new path to controller.
[controller_server-11] [INFO] [1775542548.766991548] [controller_server]: Passing new path to controller.
[controller_server-11] [INFO] [1775542548.966942375] [controller_server]: Passing new path to controller.
[controller_server-11] [INFO] [1775542549.066963578] [controller_server]: Passing new path to controller.
[controller_server-11] [INFO] [1775542549.166976324] [controller_server]: Passing new path to controller.
[controller_server-11] [INFO] [1775542549.266970987] [controller_server]: Passing new path to controller.
[controller_server-11] [INFO] [1775542549.467215802] [controller_server]: Passing new path to controller.
[controller_server-11] [INFO] [1775542549.567103427] [controller_server]: Passing new path to controller.
[controller_server-11] [INFO] [1775542549.666931847] [controller_server]: Passing new path to controller.
[controller_server-11] [INFO] [1775542549.766957717] [controller_server]: Passing new path to controller.
[controller_server-11] [INFO] [1775542549.966938293] [controller_server]: Passing new path to controller.
[controller_server-11] [INFO] [1775542550.066932956] [controller_server]: Passing new path to controller.
[controller_server-11] [INFO] [1775542550.166973700] [controller_server]: Passing new path to controller.
[controller_server-11] [INFO] [1775542550.266938031] [controller_server]: Passing new path to controller.
[controller_server-11] [INFO] [1775542550.466965272] [controller_server]: Passing new path to controller.
[controller_server-11] [INFO] [1775542550.566978017] [controller_server]: Passing new path to controller.
[controller_server-11] [INFO] [1775542550.666961597] [controller_server]: Passing new path to controller.
[controller_server-11] [INFO] [1775542550.866965797] [controller_server]: Passing new path to controller.
[controller_server-11] [INFO] [1775542550.967111246] [controller_server]: Passing new path to controller.
[controller_server-11] [INFO] [1775542551.066986038] [controller_server]: Passing new path to controller.
[controller_server-11] [INFO] [1775542551.166942203] [controller_server]: Passing new path to controller.
[controller_server-11] [INFO] [1775542551.366933278] [controller_server]: Passing new path to controller.
[controller_server-11] [INFO] [1775542551.466941649] [controller_server]: Passing new path to controller.
[controller_server-11] [INFO] [1775542551.566982393] [controller_server]: Passing new path to controller.
[controller_server-11] [INFO] [1775542551.668773649] [controller_server]: Passing new path to controller.
[controller_server-11] [INFO] [1775542551.867314034] [controller_server]: Passing new path to controller.
[controller_server-11] [INFO] [1775542551.967207493] [controller_server]: Passing new path to controller.
[controller_server-11] [INFO] [1775542552.066963582] [controller_server]: Passing new path to controller.
[controller_server-11] [INFO] [1775542552.169453934] [controller_server]: Passing new path to controller.
[controller_server-11] [INFO] [1775542552.366944071] [controller_server]: Passing new path to controller.
[planner_server-13] [INFO] [1775542552.384816083] [global_costmap.global_costmap]: StaticLayer: Resizing costmap to 277 X 287 at 0.050000 m/pix
[controller_server-11] [INFO] [1775542552.466935234] [controller_server]: Passing new path to controller.
[controller_server-11] [INFO] [1775542552.666970349] [controller_server]: Passing new path to controller.
[controller_server-11] [INFO] [1775542552.767763271] [controller_server]: Passing new path to controller.
[controller_server-11] [INFO] [1775542552.866937218] [controller_server]: Passing new path to controller.
[controller_server-11] [INFO] [1775542552.966966296] [controller_server]: Passing new path to controller.
[controller_server-11] [INFO] [1775542553.166931706] [controller_server]: Passing new path to controller.
[controller_server-11] [INFO] [1775542553.266932202] [controller_server]: Passing new path to controller.
[controller_server-11] [INFO] [1775542553.367249143] [controller_server]: Passing new path to controller.
[controller_server-11] [INFO] [1775542553.467214349] [controller_server]: Passing new path to controller.
[controller_server-11] [INFO] [1775542553.667163426] [controller_server]: Passing new path to controller.
[controller_server-11] [INFO] [1775542553.766982804] [controller_server]: Passing new path to controller.
[controller_server-11] [INFO] [1775542553.866977467] [controller_server]: Passing new path to controller.
[controller_server-11] [INFO] [1775542554.066968251] [controller_server]: Passing new path to controller.
[controller_server-11] [INFO] [1775542554.166957664] [controller_server]: Passing new path to controller.
[controller_server-11] [INFO] [1775542554.267635382] [controller_server]: Passing new path to controller.
[controller_server-11] [INFO] [1775542554.367544882] [controller_server]: Passing new path to controller.
[controller_server-11] [INFO] [1775542554.566947982] [controller_server]: Passing new path to controller.
[controller_server-11] [INFO] [1775542554.666980268] [controller_server]: Passing new path to controller.
[controller_server-11] [INFO] [1775542554.766953349] [controller_server]: Passing new path to controller.
[controller_server-11] [INFO] [1775542554.866934887] [controller_server]: Passing new path to controller.
[controller_server-11] [INFO] [1775542555.066933546] [controller_server]: Passing new path to controller.
[controller_server-11] [INFO] [1775542555.167030579] [controller_server]: Passing new path to controller.
[controller_server-11] [INFO] [1775542555.266932204] [controller_server]: Passing new path to controller.
[controller_server-11] [INFO] [1775542555.367197231] [controller_server]: Passing new path to controller.
[controller_server-11] [INFO] [1775542555.566941275] [controller_server]: Passing new path to controller.
[controller_server-11] [INFO] [1775542555.666931563] [controller_server]: Passing new path to controller.
[controller_server-11] [INFO] [1775542555.766938184] [controller_server]: Passing new path to controller.
[controller_server-11] [INFO] [1775542555.968855347] [controller_server]: Passing new path to controller.
[controller_server-11] [INFO] [1775542556.066970587] [controller_server]: Passing new path to controller.
[controller_server-11] [INFO] [1775542556.166942501] [controller_server]: Passing new path to controller.
[controller_server-11] [INFO] [1775542556.266933372] [controller_server]: Passing new path to controller.
[controller_server-11] [INFO] [1775542556.466930864] [controller_server]: Passing new path to controller.
[controller_server-11] [INFO] [1775542556.566967525] [controller_server]: Passing new path to controller.
[controller_server-11] [INFO] [1775542556.667149722] [controller_server]: Passing new path to controller.
[controller_server-11] [INFO] [1775542556.766939935] [controller_server]: Passing new path to controller.
[controller_server-11] [INFO] [1775542556.966949968] [controller_server]: Passing new path to controller.
[controller_server-11] [INFO] [1775542557.066938798] [controller_server]: Passing new path to controller.
[controller_server-11] [INFO] [1775542557.166936669] [controller_server]: Passing new path to controller.
[controller_server-11] [INFO] [1775542557.367078238] [controller_server]: Passing new path to controller.
[planner_server-13] [INFO] [1775542557.384836797] [global_costmap.global_costmap]: StaticLayer: Resizing costmap to 276 X 287 at 0.050000 m/pix
[controller_server-11] [INFO] [1775542557.466934365] [controller_server]: Passing new path to controller.
[controller_server-11] [INFO] [1775542557.666908525] [controller_server]: Passing new path to controller.
[controller_server-11] [INFO] [1775542557.766939645] [controller_server]: Passing new path to controller.
[controller_server-11] [INFO] [1775542557.866950348] [controller_server]: Passing new path to controller.
[controller_server-11] [INFO] [1775542558.066968548] [controller_server]: Passing new path to controller.
[controller_server-11] [INFO] [1775542558.167893006] [controller_server]: Passing new path to controller.
[controller_server-11] [INFO] [1775542558.266931625] [controller_server]: Passing new path to controller.
[controller_server-11] [INFO] [1775542558.367240108] [controller_server]: Passing new path to controller.
[controller_server-11] [INFO] [1775542558.566926696] [controller_server]: Passing new path to controller.
[controller_server-11] [INFO] [1775542558.666968315] [controller_server]: Passing new path to controller.
[controller_server-11] [INFO] [1775542558.767207093] [controller_server]: Passing new path to controller.
[controller_server-11] [INFO] [1775542558.866975724] [controller_server]: Passing new path to controller.
[controller_server-11] [INFO] [1775542558.966980303] [controller_server]: Passing new path to controller.
[controller_server-11] [INFO] [1775542559.166944254] [controller_server]: Passing new path to controller.
[controller_server-11] [INFO] [1775542559.266963708] [controller_server]: Passing new path to controller.
[controller_server-11] [INFO] [1775542559.367549555] [controller_server]: Passing new path to controller.
[controller_server-11] [INFO] [1775542559.566933697] [controller_server]: Passing new path to controller.
[controller_server-11] [INFO] [1775542559.666933610] [controller_server]: Passing new path to controller.
[controller_server-11] [INFO] [1775542559.766936439] [controller_server]: Passing new path to controller.
[controller_server-11] [INFO] [1775542559.866930518] [controller_server]: Passing new path to controller.
[controller_server-11] [INFO] [1775542560.066966217] [controller_server]: Passing new path to controller.
[controller_server-11] [INFO] [1775542560.166994712] [controller_server]: Passing new path to controller.
[controller_server-11] [INFO] [1775542560.267451939] [controller_server]: Passing new path to controller.
[controller_server-11] [INFO] [1775542560.366946998] [controller_server]: Passing new path to controller.
[controller_server-11] [INFO] [1775542560.567019445] [controller_server]: Passing new path to controller.
[controller_server-11] [INFO] [1775542560.666976484] [controller_server]: Passing new path to controller.
[controller_server-11] [INFO] [1775542560.766934982] [controller_server]: Passing new path to controller.
[controller_server-11] [INFO] [1775542560.966938015] [controller_server]: Passing new path to controller.
[controller_server-11] [INFO] [1775542561.067201584] [controller_server]: Passing new path to controller.
[controller_server-11] [INFO] [1775542561.166954465] [controller_server]: Passing new path to controller.
[controller_server-11] [INFO] [1775542561.266972168] [controller_server]: Passing new path to controller.
[controller_server-11] [INFO] [1775542561.467021867] [controller_server]: Passing new path to controller.
[controller_server-11] [INFO] [1775542561.567032279] [controller_server]: Passing new path to controller.
[controller_server-11] [INFO] [1775542561.666971819] [controller_server]: Passing new path to controller.
[controller_server-11] [INFO] [1775542561.866931396] [controller_server]: Passing new path to controller.
[controller_server-11] [INFO] [1775542561.966933642] [controller_server]: Passing new path to controller.
[controller_server-11] [INFO] [1775542562.066968261] [controller_server]: Passing new path to controller.
[controller_server-11] [INFO] [1775542562.166969632] [controller_server]: Passing new path to controller.
[controller_server-11] [INFO] [1775542562.367032455] [controller_server]: Passing new path to controller.
[controller_server-11] [INFO] [1775542562.466969370] [controller_server]: Passing new path to controller.
[controller_server-11] [INFO] [1775542562.566943617] [controller_server]: Passing new path to controller.
[controller_server-11] [INFO] [1775542562.666938572] [controller_server]: Passing new path to controller.
[controller_server-11] [INFO] [1775542562.867090641] [controller_server]: Passing new path to controller.
[controller_server-11] [INFO] [1775542562.966974766] [controller_server]: Passing new path to controller.
[controller_server-11] [INFO] [1775542563.066938514] [controller_server]: Passing new path to controller.
[controller_server-11] [INFO] [1775542563.166968467] [controller_server]: Passing new path to controller.
[controller_server-11] [INFO] [1775542563.366939710] [controller_server]: Passing new path to controller.
[controller_server-11] [INFO] [1775542563.466931456] [controller_server]: Passing new path to controller.
[controller_server-11] [INFO] [1775542563.567362726] [controller_server]: Passing new path to controller.
[controller_server-11] [INFO] [1775542563.666936823] [controller_server]: Passing new path to controller.
[controller_server-11] [INFO] [1775542563.673748417] [controller_server]: Reached the goal!
[controller_server-11] [INFO] [1775542563.676607215] [controller_server]: Optimizer reset
[bt_navigator-15] [INFO] [1775542563.707688265] [bt_navigator]: Goal succeeded
[delivery_robot_main_controller-22] [0m[INFO] [1775542563.757832737] [main_controller_node]: Goal succeeded![0m
[delivery_robot_main_controller-22] [0m[INFO] [1775542563.758642953] [main_controller_node]: State change: MOVE -> AFTER_MOVE[0m
[delivery_robot_main_controller-22] [0m[INFO] [1775542563.771879990] [main_controller_node]: Evaluating post-move action...[0m
[delivery_robot_main_controller-22] [0m[INFO] [1775542563.772580544] [main_controller_node]: Post-move action is: Request[0m
[delivery_robot_main_controller-22] [0m[INFO] [1775542563.773270599] [main_controller_node]: Published message: "arrive_target"[0m
[robot_sound-23] [0m[INFO] [1775542563.776152730] [robot_sound_node]: 🔔 Received sound command: arrive_target[0m
[robot_sound-23] amixer: Unable to find simple control 'PCM',0
[robot_sound-23] 
[robot_sound-23] [0m[INFO] [1775542563.807137534] [robot_sound_node]: 🔊 Playing sound: /home/smr/workspaces/mini_amr/amrROS2_ws/sounds/robot_target.wav[0m
[delivery_robot_main_controller-22] [0m[INFO] [1775542563.807944542] [main_controller_node]: Successfully removed queue ID: 115[0m
[delivery_robot_main_controller-22] [0m[INFO] [1775542563.808949293] [main_controller_node]: Waiting 5s for LOAD_IN command...[0m
[delivery_robot_main_controller-22] [0m[INFO] [1775542563.809889587] [main_controller_node]: State change: AFTER_MOVE -> STANDBY[0m
[delivery_robot_main_controller-22] [0m[INFO] [1775542563.826800597] [main_controller_node]: Robot is in STANDBY mode.[0m
[robot_sound-23] Playing WAVE '/home/smr/workspaces/mini_amr/amrROS2_ws/sounds/robot_target.wav' : Signed 16 bit Little Endian, Rate 44100 Hz, Mono
[delivery_robot_main_controller-22] [0m[INFO] [1775542563.854043472] [main_controller_node]: Current state: STANDBY, dock_state IDLE, charge_state NOT_CHARGE[0m
[delivery_robot_main_controller-22] [0m[INFO] [1775542563.950294165] [main_controller_node]: Enter to wait_for_load_in_loop and wait for timeout...in 4.860682964324951 seconds[0m
[delivery_robot_main_controller-22] [0m[INFO] [1775542564.193530621] [main_controller_node]: Current state: STANDBY, dock_state IDLE, charge_state NOT_CHARGE[0m
[call_robot_button-24] Error: Connection refused
[call_robot_button-24] 2026-04-07 13:16:04 mosquitto_pub -u smr -P smrbot25 -m "Pichet,false" -t "Rsp" -r
[call_robot_button-24] [0m[INFO] [1775542564.554344140] [call_robot_button_node]: call_switch notified: station=Pichet status=false.[0m
[delivery_robot_main_controller-22] [0m[INFO] [1775542565.181494620] [main_controller_node]: Current state: STANDBY, dock_state IDLE, charge_state NOT_CHARGE[0m
[delivery_robot_main_controller-22] [0m[INFO] [1775542565.247276445] [main_controller_node]: Enter to wait_for_load_in_loop and wait for timeout...in 3.5637805461883545 seconds[0m
[delivery_robot_main_controller-22] [0m[INFO] [1775542566.184050974] [main_controller_node]: Current state: STANDBY, dock_state IDLE, charge_state NOT_CHARGE[0m
[delivery_robot_main_controller-22] [0m[INFO] [1775542567.293335129] [main_controller_node]: Current state: STANDBY, dock_state IDLE, charge_state NOT_CHARGE[0m
[delivery_robot_main_controller-22] [0m[INFO] [1775542567.403632492] [main_controller_node]: Enter to wait_for_load_in_loop and wait for timeout...in 1.4060797691345215 seconds[0m
[delivery_robot_main_controller-22] [0m[INFO] [1775542568.176636824] [main_controller_node]: Current state: STANDBY, dock_state IDLE, charge_state NOT_CHARGE[0m
[delivery_robot_main_controller-22] [0m[INFO] [1775542569.210441054] [main_controller_node]: Current state: STANDBY, dock_state IDLE, charge_state NOT_CHARGE[0m
[delivery_robot_main_controller-22] [0m[INFO] [1775542569.302030523] [main_controller_node]: 1 pending queues [0m
[delivery_robot_main_controller-22] [0m[INFO] [1775542569.305977776] [main_controller_node]: Queue action: Request[0m
[delivery_robot_main_controller-22] [0m[INFO] [1775542569.373571360] [main_controller_node]: AGV start_pos: x=4.35, y=2.69[0m
[delivery_robot_main_controller-22] [0m[INFO] [1775542569.374309830] [main_controller_node]: AGV goal_pos: x=0.94, y=-2.93[0m
[delivery_robot_main_controller-22] [0m[INFO] [1775542569.375153878] [main_controller_node]: Path source: database routes[0m
[delivery_robot_main_controller-22] [0m[INFO] [1775542569.390081345] [main_controller_node]: Computed AGV path waypoints:[0m
[delivery_robot_main_controller-22] [0m[INFO] [1775542569.390858605] [main_controller_node]:   Waypoint 0: x=4.35, y=2.69[0m
[delivery_robot_main_controller-22] [0m[INFO] [1775542569.392203133] [main_controller_node]:   Waypoint 1: x=4.31, y=2.83[0m
[delivery_robot_main_controller-22] [0m[INFO] [1775542569.393050098] [main_controller_node]:   Waypoint 2: x=4.41, y=2.37[0m
[delivery_robot_main_controller-22] [0m[INFO] [1775542569.393765818] [main_controller_node]:   Waypoint 3: x=4.51, y=1.91[0m
[delivery_robot_main_controller-22] [0m[INFO] [1775542569.394445374] [main_controller_node]:   Waypoint 4: x=4.61, y=1.45[0m
[delivery_robot_main_controller-22] [0m[INFO] [1775542569.395220883] [main_controller_node]:   Waypoint 5: x=4.71, y=1.00[0m
[delivery_robot_main_controller-22] [0m[INFO] [1775542569.396007476] [main_controller_node]:   Waypoint 6: x=4.80, y=0.54[0m
[delivery_robot_main_controller-22] [0m[INFO] [1775542569.396718530] [main_controller_node]:   Waypoint 7: x=4.90, y=0.08[0m
[delivery_robot_main_controller-22] [0m[INFO] [1775542569.397426375] [main_controller_node]:   Waypoint 8: x=5.00, y=-0.38[0m
[delivery_robot_main_controller-22] [0m[INFO] [1775542569.399437917] [main_controller_node]:   Waypoint 9: x=5.10, y=-0.84[0m
[delivery_robot_main_controller-22] [0m[INFO] [1775542569.400283132] [main_controller_node]:   Waypoint 10: x=4.62, y=-0.92[0m
[delivery_robot_main_controller-22] [0m[INFO] [1775542569.402344256] [main_controller_node]:   Waypoint 11: x=4.13, y=-0.99[0m
[delivery_robot_main_controller-22] [0m[INFO] [1775542569.403099058] [main_controller_node]:   Waypoint 12: x=3.65, y=-1.07[0m
[delivery_robot_main_controller-22] [0m[INFO] [1775542569.403806612] [main_controller_node]:   Waypoint 13: x=3.17, y=-1.14[0m
[delivery_robot_main_controller-22] [0m[INFO] [1775542569.406138682] [main_controller_node]:   Waypoint 14: x=2.69, y=-1.21[0m
[delivery_robot_main_controller-22] [0m[INFO] [1775542569.407032312] [main_controller_node]:   Waypoint 15: x=2.20, y=-1.29[0m
[delivery_robot_main_controller-22] [0m[INFO] [1775542569.407778365] [main_controller_node]:   Waypoint 16: x=1.72, y=-1.36[0m
[delivery_robot_main_controller-22] [0m[INFO] [1775542569.408649829] [main_controller_node]:   Waypoint 17: x=1.24, y=-1.44[0m
[delivery_robot_main_controller-22] [0m[INFO] [1775542569.409426505] [main_controller_node]:   Waypoint 18: x=0.75, y=-1.51[0m
[delivery_robot_main_controller-22] [0m[INFO] [1775542569.410200265] [main_controller_node]:   Waypoint 19: x=0.27, y=-1.59[0m
[delivery_robot_main_controller-22] [0m[INFO] [1775542569.410964108] [main_controller_node]:   Waypoint 20: x=0.44, y=-1.92[0m
[delivery_robot_main_controller-22] [0m[INFO] [1775542569.411700536] [main_controller_node]:   Waypoint 21: x=0.61, y=-2.26[0m
[delivery_robot_main_controller-22] [0m[INFO] [1775542569.412426173] [main_controller_node]:   Waypoint 22: x=0.78, y=-2.60[0m
[delivery_robot_main_controller-22] [0m[INFO] [1775542569.413155893] [main_controller_node]:   Waypoint 23: x=0.94, y=-2.93[0m
[delivery_robot_main_controller-22] [0m[INFO] [1775542569.414589083] [main_controller_node]: Navigating with 24 goals....[0m
[bt_navigator-15] [INFO] [1775542569.417013900] [bt_navigator]: Begin navigating from current location through 24 poses to (0.94, -2.93)
[controller_server-11] [INFO] [1775542569.417446132] [local_costmap.local_costmap]: Received request to clear entirely the local_costmap
[delivery_robot_main_controller-22] [0m[INFO] [1775542569.424676250] [main_controller_node]: State change: STANDBY -> MOVE[0m
[controller_server-11] [INFO] [1775542569.426246810] [local_costmap.local_costmap]: KeepoutFilter: Subscribing to "/keepout_costmap_filter_info" topic for filter info...
[controller_server-11] [INFO] [1775542569.436575759] [local_costmap.local_costmap]: KeepoutFilter: Received filter info from /keepout_costmap_filter_info topic.
[controller_server-11] [INFO] [1775542569.436695337] [local_costmap.local_costmap]: KeepoutFilter: Subscribing to "/keepout_filter_mask" topic for filter mask...
[controller_server-11] [WARN] [1775542569.449472726] [local_costmap.local_costmap]: KeepoutFilter: New filter mask arrived from /keepout_filter_mask topic. Updating old filter mask.
[planner_server-13] [INFO] [1775542569.439130945] [global_costmap.global_costmap]: Received request to clear entirely the global_costmap
[planner_server-13] [INFO] [1775542569.444869250] [global_costmap.global_costmap]: KeepoutFilter: Subscribing to "/keepout_costmap_filter_info" topic for filter info...
[delivery_robot_main_controller-22] [0m[INFO] [1775542569.453217572] [main_controller_node]: Robot is MOVING.[0m
[planner_server-13] [INFO] [1775542569.456628181] [global_costmap.global_costmap]: KeepoutFilter: Received filter info from /keepout_costmap_filter_info topic.
[planner_server-13] [INFO] [1775542569.456708678] [global_costmap.global_costmap]: KeepoutFilter: Subscribing to "/keepout_filter_mask" topic for filter mask...
[planner_server-13] [WARN] [1775542569.470299783] [global_costmap.global_costmap]: KeepoutFilter: New filter mask arrived from /keepout_filter_mask topic. Updating old filter mask.
[planner_server-13] [WARN] [1775542569.921712602] [planner_server]: Planner loop missed its desired rate of 5.0000 Hz. Current loop rate is 2.1423 Hz
[controller_server-11] [INFO] [1775542569.939340500] [controller_server]: Received a goal, begin computing control effort.
[controller_server-11] [INFO] [1775542570.141455696] [controller_server]: Passing new path to controller.
[controller_server-11] [INFO] [1775542570.239939588] [controller_server]: Passing new path to controller.
[controller_server-11] [INFO] [1775542570.440224068] [controller_server]: Passing new path to controller.
[call_robot_button-24] Error: Connection refused
[call_robot_button-24] 2026-04-07 13:16:10 mosquitto_pub -u smr -P smrbot25 -m "FrontDoor,blink" -t "Rsp" -r
[call_robot_button-24] [0m[INFO] [1775542570.510915024] [call_robot_button_node]: call_switch notified: station=FrontDoor status=blink.[0m
[controller_server-11] [INFO] [1775542570.539998240] [controller_server]: Passing new path to controller.
[controller_server-11] [INFO] [1775542570.639961404] [controller_server]: Passing new path to controller.
[controller_server-11] [INFO] [1775542570.839920398] [controller_server]: Passing new path to controller.
[controller_server-11] [INFO] [1775542570.939918852] [controller_server]: Passing new path to controller.
[controller_server-11] [INFO] [1775542571.039921973] [controller_server]: Passing new path to controller.
[controller_server-11] [INFO] [1775542571.139963300] [controller_server]: Passing new path to controller.
[controller_server-11] [INFO] [1775542571.339961376] [controller_server]: Passing new path to controller.
[controller_server-11] [INFO] [1775542571.439951372] [controller_server]: Passing new path to controller.
[controller_server-11] [INFO] [1775542571.539953618] [controller_server]: Passing new path to controller.
[controller_server-11] [INFO] [1775542571.739954318] [controller_server]: Passing new path to controller.
[controller_server-11] [INFO] [1775542571.839956564] [controller_server]: Passing new path to controller.
[controller_server-11] [INFO] [1775542571.939957352] [controller_server]: Passing new path to controller.
[controller_server-11] [INFO] [1775542572.139951052] [controller_server]: Passing new path to controller.
[controller_server-11] [INFO] [1775542572.239930841] [controller_server]: Passing new path to controller.
[controller_server-11] [INFO] [1775542572.339916170] [controller_server]: Passing new path to controller.
[controller_server-11] [INFO] [1775542572.539932037] [controller_server]: Passing new path to controller.
[controller_server-11] [INFO] [1775542572.639914742] [controller_server]: Passing new path to controller.
[controller_server-11] [INFO] [1775542572.739930112] [controller_server]: Passing new path to controller.
[controller_server-11] [INFO] [1775542572.939912146] [controller_server]: Passing new path to controller.
[controller_server-11] [INFO] [1775542573.039921100] [controller_server]: Passing new path to controller.
[controller_server-11] [INFO] [1775542573.139919263] [controller_server]: Passing new path to controller.
[controller_server-11] [INFO] [1775542573.339928130] [controller_server]: Passing new path to controller.
[controller_server-11] [INFO] [1775542573.440563849] [controller_server]: Passing new path to controller.
[controller_server-11] [INFO] [1775542573.539916872] [controller_server]: Passing new path to controller.
[controller_server-11] [INFO] [1775542573.739919322] [controller_server]: Passing new path to controller.
[controller_server-11] [INFO] [1775542573.839927693] [controller_server]: Passing new path to controller.
[controller_server-11] [INFO] [1775542573.939918564] [controller_server]: Passing new path to controller.
[controller_server-11] [INFO] [1775542574.139918973] [controller_server]: Passing new path to controller.
[controller_server-11] [INFO] [1775542574.239875720] [controller_server]: Passing new path to controller.
[controller_server-11] [INFO] [1775542574.339919965] [controller_server]: Passing new path to controller.
[controller_server-11] [INFO] [1775542574.539918623] [controller_server]: Passing new path to controller.
[controller_server-11] [INFO] [1775542574.639917661] [controller_server]: Passing new path to controller.
[controller_server-11] [INFO] [1775542574.739924282] [controller_server]: Passing new path to controller.
[controller_server-11] [INFO] [1775542574.839916903] [controller_server]: Passing new path to controller.
[controller_server-11] [INFO] [1775542575.039925186] [controller_server]: Passing new path to controller.
[controller_server-11] [INFO] [1775542575.139917516] [controller_server]: Passing new path to controller.
[controller_server-11] [INFO] [1775542575.239919470] [controller_server]: Passing new path to controller.
[controller_server-11] [INFO] [1775542575.439913754] [controller_server]: Passing new path to controller.
[controller_server-11] [INFO] [1775542575.539920666] [controller_server]: Passing new path to controller.
[controller_server-11] [INFO] [1775542575.639919704] [controller_server]: Passing new path to controller.
[controller_server-11] [INFO] [1775542575.839923904] [controller_server]: Passing new path to controller.
[controller_server-11] [INFO] [1775542575.939981564] [controller_server]: Passing new path to controller.
[controller_server-11] [INFO] [1775542576.039928979] [controller_server]: Passing new path to controller.
[controller_server-11] [INFO] [1775542576.239917430] [controller_server]: Passing new path to controller.
[controller_server-11] [INFO] [1775542576.339917051] [controller_server]: Passing new path to controller.
[controller_server-11] [INFO] [1775542576.439925129] [controller_server]: Passing new path to controller.
[controller_server-11] [INFO] [1775542576.639931954] [controller_server]: Passing new path to controller.
[controller_server-11] [INFO] [1775542576.739920493] [controller_server]: Passing new path to controller.
[controller_server-11] [INFO] [1775542576.839921863] [controller_server]: Passing new path to controller.
[controller_server-11] [INFO] [1775542577.039939771] [controller_server]: Passing new path to controller.
[controller_server-11] [INFO] [1775542577.139915185] [controller_server]: Passing new path to controller.
[controller_server-11] [INFO] [1775542577.239923847] [controller_server]: Passing new path to controller.
[controller_server-11] [INFO] [1775542577.439925422] [controller_server]: Passing new path to controller.
[controller_server-11] [INFO] [1775542577.539919210] [controller_server]: Passing new path to controller.
[controller_server-11] [INFO] [1775542577.639922914] [controller_server]: Passing new path to controller.
[controller_server-11] [INFO] [1775542577.839949864] [controller_server]: Passing new path to controller.
[controller_server-11] [INFO] [1775542577.939926444] [controller_server]: Passing new path to controller.
[controller_server-11] [INFO] [1775542578.139935602] [controller_server]: Passing new path to controller.
[controller_server-11] [INFO] [1775542578.239926473] [controller_server]: Passing new path to controller.
[controller_server-11] [INFO] [1775542578.339925219] [controller_server]: Passing new path to controller.
[controller_server-11] [INFO] [1775542578.439915799] [controller_server]: Passing new path to controller.
[controller_server-11] [INFO] [1775542578.639913874] [controller_server]: Passing new path to controller.
[controller_server-11] [INFO] [1775542578.739919328] [controller_server]: Passing new path to controller.
[controller_server-11] [INFO] [1775542578.839920408] [controller_server]: Passing new path to controller.
[controller_server-11] [INFO] [1775542579.039915566] [controller_server]: Passing new path to controller.
[controller_server-11] [INFO] [1775542579.139954852] [controller_server]: Passing new path to controller.
[controller_server-11] [INFO] [1775542579.239957682] [controller_server]: Passing new path to controller.
[controller_server-11] [INFO] [1775542579.439951674] [controller_server]: Passing new path to controller.
[controller_server-11] [INFO] [1775542579.539948962] [controller_server]: Passing new path to controller.
[controller_server-11] [INFO] [1775542579.639949749] [controller_server]: Passing new path to controller.
[controller_server-11] [INFO] [1775542579.839951324] [controller_server]: Passing new path to controller.
[controller_server-11] [INFO] [1775542579.939952404] [controller_server]: Passing new path to controller.
[controller_server-11] [INFO] [1775542580.039956983] [controller_server]: Passing new path to controller.
[controller_server-11] [INFO] [1775542580.139966228] [controller_server]: Passing new path to controller.
[controller_server-11] [INFO] [1775542580.339957887] [controller_server]: Passing new path to controller.
[controller_server-11] [INFO] [1775542580.440068045] [controller_server]: Passing new path to controller.
[controller_server-11] [INFO] [1775542580.539953046] [controller_server]: Passing new path to controller.
[controller_server-11] [INFO] [1775542580.739961329] [controller_server]: Passing new path to controller.
[controller_server-11] [INFO] [1775542580.839929452] [controller_server]: Passing new path to controller.
[controller_server-11] [INFO] [1775542580.939915948] [controller_server]: Passing new path to controller.
[controller_server-11] [INFO] [1775542581.139923940] [controller_server]: Passing new path to controller.
[controller_server-11] [INFO] [1775542581.239927644] [controller_server]: Passing new path to controller.
[controller_server-11] [INFO] [1775542581.339926098] [controller_server]: Passing new path to controller.
[controller_server-11] [INFO] [1775542581.539918340] [controller_server]: Passing new path to controller.
[controller_server-11] [INFO] [1775542581.639920586] [controller_server]: Passing new path to controller.
[controller_server-11] [INFO] [1775542581.739918166] [controller_server]: Passing new path to controller.
[controller_server-11] [INFO] [1775542581.939921199] [controller_server]: Passing new path to controller.
[controller_server-11] [INFO] [1775542582.039921403] [controller_server]: Passing new path to controller.
[controller_server-11] [INFO] [1775542582.139922483] [controller_server]: Passing new path to controller.
[controller_server-11] [INFO] [1775542582.339956140] [controller_server]: Passing new path to controller.
[controller_server-11] [INFO] [1775542582.439963052] [controller_server]: Passing new path to controller.
[controller_server-11] [INFO] [1775542582.539952465] [controller_server]: Passing new path to controller.
[controller_server-11] [INFO] [1775542582.739979706] [controller_server]: Passing new path to controller.
[controller_server-11] [INFO] [1775542582.839923913] [controller_server]: Passing new path to controller.
[controller_server-11] [INFO] [1775542582.939941908] [controller_server]: Passing new path to controller.
[controller_server-11] [INFO] [1775542583.139952524] [controller_server]: Passing new path to controller.
[controller_server-11] [INFO] [1775542583.239929396] [controller_server]: Passing new path to controller.
[controller_server-11] [INFO] [1775542583.339918518] [controller_server]: Passing new path to controller.
[controller_server-11] [INFO] [1775542583.539922426] [controller_server]: Passing new path to controller.
[controller_server-11] [INFO] [1775542583.639955587] [controller_server]: Passing new path to controller.
[controller_server-11] [INFO] [1775542583.739956958] [controller_server]: Passing new path to controller.
[controller_server-11] [INFO] [1775542583.939967283] [controller_server]: Passing new path to controller.
[controller_server-11] [INFO] [1775542584.039956113] [controller_server]: Passing new path to controller.
[controller_server-11] [INFO] [1775542584.141866072] [controller_server]: Passing new path to controller.
[controller_server-11] [INFO] [1775542584.339921435] [controller_server]: Passing new path to controller.
[controller_server-11] [INFO] [1775542584.439918140] [controller_server]: Passing new path to controller.
[controller_server-11] [INFO] [1775542584.539920969] [controller_server]: Passing new path to controller.
[controller_server-11] [INFO] [1775542584.739918461] [controller_server]: Passing new path to controller.
[controller_server-11] [INFO] [1775542584.839923332] [controller_server]: Passing new path to controller.
[controller_server-11] [INFO] [1775542584.939956785] [controller_server]: Passing new path to controller.
[controller_server-11] [INFO] [1775542585.139919570] [controller_server]: Passing new path to controller.
[controller_server-11] [INFO] [1775542585.239913941] [controller_server]: Passing new path to controller.
[controller_server-11] [INFO] [1775542585.339915604] [controller_server]: Passing new path to controller.
[controller_server-11] [INFO] [1775542585.539913971] [controller_server]: Passing new path to controller.
[controller_server-11] [INFO] [1775542585.639918258] [controller_server]: Passing new path to controller.
[controller_server-11] [INFO] [1775542585.739914088] [controller_server]: Passing new path to controller.
[controller_server-11] [INFO] [1775542585.939926162] [controller_server]: Passing new path to controller.
[controller_server-11] [INFO] [1775542586.039926658] [controller_server]: Passing new path to controller.
[controller_server-11] [INFO] [1775542586.139956028] [controller_server]: Passing new path to controller.
[controller_server-11] [INFO] [1775542586.339915605] [controller_server]: Passing new path to controller.
[controller_server-11] [INFO] [1775542586.439921351] [controller_server]: Passing new path to controller.
[controller_server-11] [INFO] [1775542586.539921263] [controller_server]: Passing new path to controller.
[controller_server-11] [INFO] [1775542586.740055541] [controller_server]: Passing new path to controller.
[controller_server-11] [INFO] [1775542586.839925376] [controller_server]: Passing new path to controller.
[controller_server-11] [INFO] [1775542586.939891165] [controller_server]: Passing new path to controller.
[controller_server-11] [INFO] [1775542587.039921410] [controller_server]: Passing new path to controller.
[controller_server-11] [INFO] [1775542587.239924443] [controller_server]: Passing new path to controller.
[controller_server-11] [INFO] [1775542587.339913273] [controller_server]: Passing new path to controller.
[planner_server-13] [INFO] [1775542587.388059618] [global_costmap.global_costmap]: StaticLayer: Resizing costmap to 278 X 287 at 0.050000 m/pix
[controller_server-11] [INFO] [1775542587.439924268] [controller_server]: Passing new path to controller.
[controller_server-11] [INFO] [1775542587.639917094] [controller_server]: Passing new path to controller.
[controller_server-11] [INFO] [1775542587.739919340] [controller_server]: Passing new path to controller.
[collision_monitor-18] [INFO] [1775542587.809139482] [collision_monitor]: Robot to approach for 1.500000 seconds away from collision
[controller_server-11] [INFO] [1775542587.839923044] [controller_server]: Passing new path to controller.
[controller_server-11] [INFO] [1775542588.039923453] [controller_server]: Passing new path to controller.
[controller_server-11] [INFO] [1775542588.139920740] [controller_server]: Passing new path to controller.
[collision_monitor-18] [INFO] [1775542588.210336083] [collision_monitor]: Robot to continue normal operation
[controller_server-11] [INFO] [1775542588.239921236] [controller_server]: Passing new path to controller.
[controller_server-11] [INFO] [1775542588.341654161] [controller_server]: Optimizer reset
[controller_server-11] [INFO] [1775542588.343133433] [controller_server]: Optimizer reset
[controller_server-11] [WARN] [1775542588.344537458] [controller_server]: Optimizer fail to compute path
[controller_server-11] [INFO] [1775542588.439926603] [controller_server]: Passing new path to controller.
[controller_server-11] [INFO] [1775542588.539956848] [controller_server]: Passing new path to controller.
[controller_server-11] [INFO] [1775542588.639952094] [controller_server]: Passing new path to controller.
[controller_server-11] [INFO] [1775542588.839953086] [controller_server]: Passing new path to controller.
[controller_server-11] [INFO] [1775542588.847170954] [controller_server]: Optimizer reset
[controller_server-11] [INFO] [1775542588.852255369] [controller_server]: Optimizer reset
[controller_server-11] [WARN] [1775542588.852486651] [controller_server]: Optimizer fail to compute path
[controller_server-11] [INFO] [1775542588.939960581] [controller_server]: Passing new path to controller.
[controller_server-11] [INFO] [1775542588.947234156] [controller_server]: Optimizer reset
[controller_server-11] [INFO] [1775542588.952444566] [controller_server]: Optimizer reset
[controller_server-11] [WARN] [1775542588.952690431] [controller_server]: Optimizer fail to compute path
[controller_server-11] [INFO] [1775542589.039980618] [controller_server]: Passing new path to controller.
[controller_server-11] [INFO] [1775542589.139956032] [controller_server]: Passing new path to controller.
[controller_server-11] [INFO] [1775542589.339968398] [controller_server]: Passing new path to controller.
[controller_server-11] [INFO] [1775542589.439965686] [controller_server]: Passing new path to controller.
[controller_server-11] [INFO] [1775542589.539958890] [controller_server]: Passing new path to controller.
[controller_server-11] [INFO] [1775542589.739949966] [controller_server]: Passing new path to controller.
[controller_server-11] [INFO] [1775542589.839952212] [controller_server]: Passing new path to controller.
[controller_server-11] [INFO] [1775542589.939951833] [controller_server]: Passing new path to controller.
[controller_server-11] [INFO] [1775542589.947205867] [controller_server]: Optimizer reset
[controller_server-11] [INFO] [1775542589.952375445] [controller_server]: Optimizer reset
[controller_server-11] [WARN] [1775542589.953093207] [controller_server]: Optimizer fail to compute path
[controller_server-11] [INFO] [1775542590.046212112] [controller_server]: Optimizer reset
[controller_server-11] [INFO] [1775542590.051851546] [controller_server]: Optimizer reset
[controller_server-11] [WARN] [1775542590.052375358] [controller_server]: Optimizer fail to compute path
[controller_server-11] [INFO] [1775542590.142101444] [controller_server]: Passing new path to controller.
[controller_server-11] [INFO] [1775542590.153597886] [controller_server]: Optimizer reset
[controller_server-11] [INFO] [1775542590.175427943] [controller_server]: Optimizer reset
[controller_server-11] [WARN] [1775542590.189897513] [controller_server]: Optimizer fail to compute path
[controller_server-11] [INFO] [1775542590.239921239] [controller_server]: Passing new path to controller.
[controller_server-11] [INFO] [1775542590.242045359] [controller_server]: Optimizer reset
[controller_server-11] [INFO] [1775542590.243621169] [controller_server]: Optimizer reset
[controller_server-11] [WARN] [1775542590.243803453] [controller_server]: Optimizer fail to compute path
[controller_server-11] [INFO] [1775542590.339957900] [controller_server]: Passing new path to controller.
[controller_server-11] [INFO] [1775542590.347763161] [controller_server]: Optimizer reset
[controller_server-11] [INFO] [1775542590.352963655] [controller_server]: Optimizer reset
[controller_server-11] [WARN] [1775542590.353258226] [controller_server]: Optimizer fail to compute path
[controller_server-11] [INFO] [1775542590.446451503] [controller_server]: Optimizer reset
[controller_server-11] [INFO] [1775542590.452119810] [controller_server]: Optimizer reset
[controller_server-11] [WARN] [1775542590.452410007] [controller_server]: Optimizer fail to compute path
[controller_server-11] [INFO] [1775542590.539952767] [controller_server]: Passing new path to controller.
[controller_server-11] [INFO] [1775542590.547238299] [controller_server]: Optimizer reset
[controller_server-11] [INFO] [1775542590.552703032] [controller_server]: Optimizer reset
[controller_server-11] [WARN] [1775542590.552959688] [controller_server]: Optimizer fail to compute path
[controller_server-11] [INFO] [1775542590.639953555] [controller_server]: Passing new path to controller.
[controller_server-11] [INFO] [1775542590.739945884] [controller_server]: Passing new path to controller.
[controller_server-11] [INFO] [1775542590.839964463] [controller_server]: Passing new path to controller.
[controller_server-11] [INFO] [1775542591.039955538] [controller_server]: Passing new path to controller.
[controller_server-11] [INFO] [1775542591.139935327] [controller_server]: Passing new path to controller.
[controller_server-11] [INFO] [1775542591.239913949] [controller_server]: Passing new path to controller.
[controller_server-11] [INFO] [1775542591.339924652] [controller_server]: Passing new path to controller.
[controller_server-11] [INFO] [1775542591.539956560] [controller_server]: Passing new path to controller.
[controller_server-11] [INFO] [1775542591.639950348] [controller_server]: Passing new path to controller.
[controller_server-11] [INFO] [1775542591.739930719] [controller_server]: Passing new path to controller.
[controller_server-11] [INFO] [1775542591.839917508] [controller_server]: Passing new path to controller.
[controller_server-11] [INFO] [1775542592.039931624] [controller_server]: Passing new path to controller.
[controller_server-11] [INFO] [1775542592.139916954] [controller_server]: Passing new path to controller.
[controller_server-11] [INFO] [1775542592.239961490] [controller_server]: Passing new path to controller.
[controller_server-11] [INFO] [1775542592.339958777] [controller_server]: Passing new path to controller.
[planner_server-13] [INFO] [1775542592.384786385] [global_costmap.global_costmap]: StaticLayer: Resizing costmap to 277 X 287 at 0.050000 m/pix
[controller_server-11] [INFO] [1775542592.539962394] [controller_server]: Passing new path to controller.
[controller_server-11] [INFO] [1775542592.639931391] [controller_server]: Passing new path to controller.
[controller_server-11] [INFO] [1775542592.739921096] [controller_server]: Passing new path to controller.
[controller_server-11] [INFO] [1775542592.839923925] [controller_server]: Passing new path to controller.
[controller_server-11] [INFO] [1775542593.039919667] [controller_server]: Passing new path to controller.
[controller_server-11] [INFO] [1775542593.139922497] [controller_server]: Passing new path to controller.
[controller_server-11] [INFO] [1775542593.239923576] [controller_server]: Passing new path to controller.
[controller_server-11] [INFO] [1775542593.439913776] [controller_server]: Passing new path to controller.
[controller_server-11] [INFO] [1775542593.539921855] [controller_server]: Passing new path to controller.
[controller_server-11] [INFO] [1775542593.639913018] [controller_server]: Passing new path to controller.
[controller_server-11] [INFO] [1775542593.739917889] [controller_server]: Passing new path to controller.
[controller_server-11] [INFO] [1775542593.939934339] [controller_server]: Passing new path to controller.
[controller_server-11] [INFO] [1775542594.039922293] [controller_server]: Passing new path to controller.
[controller_server-11] [INFO] [1775542594.139925998] [controller_server]: Passing new path to controller.
[controller_server-11] [INFO] [1775542594.240214940] [controller_server]: Passing new path to controller.
[controller_server-11] [INFO] [1775542594.439964234] [controller_server]: Passing new path to controller.
[controller_server-11] [INFO] [1775542594.539955980] [controller_server]: Passing new path to controller.
[controller_server-11] [INFO] [1775542594.639954435] [controller_server]: Passing new path to controller.
[controller_server-11] [INFO] [1775542594.839954552] [controller_server]: Passing new path to controller.
[controller_server-11] [INFO] [1775542594.939965839] [controller_server]: Passing new path to controller.
[controller_server-11] [INFO] [1775542595.039928128] [controller_server]: Passing new path to controller.
[controller_server-11] [INFO] [1775542595.239955369] [controller_server]: Passing new path to controller.
[controller_server-11] [INFO] [1775542595.339954115] [controller_server]: Passing new path to controller.
[controller_server-11] [INFO] [1775542595.439931570] [controller_server]: Passing new path to controller.
[controller_server-11] [INFO] [1775542595.639940436] [controller_server]: Passing new path to controller.
[controller_server-11] [INFO] [1775542595.739938599] [controller_server]: Passing new path to controller.
[controller_server-11] [INFO] [1775542595.839916054] [controller_server]: Passing new path to controller.
[controller_server-11] [INFO] [1775542595.939914217] [controller_server]: Passing new path to controller.
[controller_server-11] [INFO] [1775542596.139920750] [controller_server]: Passing new path to controller.
[controller_server-11] [INFO] [1775542596.239920080] [controller_server]: Passing new path to controller.
[controller_server-11] [INFO] [1775542596.339922034] [controller_server]: Passing new path to controller.
[controller_server-11] [INFO] [1775542596.440025484] [controller_server]: Passing new path to controller.
[controller_server-11] [INFO] [1775542596.639922355] [controller_server]: Passing new path to controller.
[controller_server-11] [INFO] [1775542596.739958725] [controller_server]: Passing new path to controller.
[controller_server-11] [INFO] [1775542596.839961262] [controller_server]: Passing new path to controller.
[controller_server-11] [INFO] [1775542597.039917922] [controller_server]: Passing new path to controller.
[controller_server-11] [INFO] [1775542597.139921043] [controller_server]: Passing new path to controller.
[controller_server-11] [INFO] [1775542597.239916873] [controller_server]: Passing new path to controller.
[controller_server-11] [INFO] [1775542597.339955867] [controller_server]: Passing new path to controller.
[planner_server-13] [INFO] [1775542597.384808265] [global_costmap.global_costmap]: StaticLayer: Resizing costmap to 276 X 287 at 0.050000 m/pix
[controller_server-11] [INFO] [1775542597.539949568] [controller_server]: Passing new path to controller.
[controller_server-11] [INFO] [1775542597.639941314] [controller_server]: Passing new path to controller.
[controller_server-11] [INFO] [1775542597.739954059] [controller_server]: Passing new path to controller.
[controller_server-11] [INFO] [1775542597.939949510] [controller_server]: Passing new path to controller.
[controller_server-11] [INFO] [1775542598.039961089] [controller_server]: Passing new path to controller.
[controller_server-11] [INFO] [1775542598.139956043] [controller_server]: Passing new path to controller.
[controller_server-11] [INFO] [1775542598.239961206] [controller_server]: Passing new path to controller.
[controller_server-11] [INFO] [1775542598.439954031] [controller_server]: Passing new path to controller.
[controller_server-11] [INFO] [1775542598.539953652] [controller_server]: Passing new path to controller.
[controller_server-11] [INFO] [1775542598.639936065] [controller_server]: Passing new path to controller.
[controller_server-11] [INFO] [1775542598.739916146] [controller_server]: Passing new path to controller.
[controller_server-11] [INFO] [1775542598.939967010] [controller_server]: Passing new path to controller.
[controller_server-11] [INFO] [1775542599.040955924] [controller_server]: Passing new path to controller.
[controller_server-11] [INFO] [1775542599.139924254] [controller_server]: Passing new path to controller.
[controller_server-11] [INFO] [1775542599.339919704] [controller_server]: Passing new path to controller.
[controller_server-11] [INFO] [1775542599.439916117] [controller_server]: Passing new path to controller.
[controller_server-11] [INFO] [1775542599.539921280] [controller_server]: Passing new path to controller.
[controller_server-11] [INFO] [1775542599.739919938] [controller_server]: Passing new path to controller.
[controller_server-11] [INFO] [1775542599.839946100] [controller_server]: Passing new path to controller.
[controller_server-11] [INFO] [1775542599.939925597] [controller_server]: Passing new path to controller.
[controller_server-11] [INFO] [1775542600.039917343] [controller_server]: Passing new path to controller.
[controller_server-11] [INFO] [1775542600.239921835] [controller_server]: Passing new path to controller.
[controller_server-11] [INFO] [1775542600.339918247] [controller_server]: Passing new path to controller.
[controller_server-11] [INFO] [1775542600.439916702] [controller_server]: Passing new path to controller.
[controller_server-11] [INFO] [1775542600.639924402] [controller_server]: Passing new path to controller.
[controller_server-11] [INFO] [1775542600.739921398] [controller_server]: Passing new path to controller.
[controller_server-11] [INFO] [1775542600.839922769] [controller_server]: Passing new path to controller.
[controller_server-11] [INFO] [1775542600.939925015] [controller_server]: Passing new path to controller.
[controller_server-11] [INFO] [1775542601.139919298] [controller_server]: Passing new path to controller.
[controller_server-11] [INFO] [1775542601.239923586] [controller_server]: Passing new path to controller.
[controller_server-11] [INFO] [1775542601.339921457] [controller_server]: Passing new path to controller.
[controller_server-11] [INFO] [1775542601.439916703] [controller_server]: Passing new path to controller.
[controller_server-11] [INFO] [1775542601.639927320] [controller_server]: Passing new path to controller.
[controller_server-11] [INFO] [1775542601.739919649] [controller_server]: Passing new path to controller.
[controller_server-11] [INFO] [1775542601.839890688] [controller_server]: Passing new path to controller.
[controller_server-11] [INFO] [1775542601.939924141] [controller_server]: Passing new path to controller.
[controller_server-11] [INFO] [1775542602.139923966] [controller_server]: Passing new path to controller.
[controller_server-11] [INFO] [1775542602.239952169] [controller_server]: Passing new path to controller.
[controller_server-11] [INFO] [1775542602.339931083] [controller_server]: Passing new path to controller.
[planner_server-13] [INFO] [1775542602.384886143] [global_costmap.global_costmap]: StaticLayer: Resizing costmap to 277 X 287 at 0.050000 m/pix
[controller_server-11] [INFO] [1775542602.539923033] [controller_server]: Passing new path to controller.
[controller_server-11] [INFO] [1775542602.639930529] [controller_server]: Passing new path to controller.
[controller_server-11] [INFO] [1775542602.739916734] [controller_server]: Passing new path to controller.
[controller_server-11] [INFO] [1775542602.839915188] [controller_server]: Passing new path to controller.
[controller_server-11] [INFO] [1775542603.039927846] [controller_server]: Passing new path to controller.
[controller_server-11] [INFO] [1775542603.139923676] [controller_server]: Passing new path to controller.
[controller_server-11] [INFO] [1775542603.239919505] [controller_server]: Passing new path to controller.
[controller_server-11] [INFO] [1775542603.339917376] [controller_server]: Passing new path to controller.
[controller_server-11] [INFO] [1775542603.539919826] [controller_server]: Passing new path to controller.
[controller_server-11] [INFO] [1775542603.639923822] [controller_server]: Passing new path to controller.
[controller_server-11] [INFO] [1775542603.739919360] [controller_server]: Passing new path to controller.
[controller_server-11] [INFO] [1775542603.839921023] [controller_server]: Passing new path to controller.
[controller_server-11] [INFO] [1775542604.039895474] [controller_server]: Passing new path to controller.
[controller_server-11] [INFO] [1775542604.139917844] [controller_server]: Passing new path to controller.
[controller_server-11] [INFO] [1775542604.239920090] [controller_server]: Passing new path to controller.
[controller_server-11] [INFO] [1775542604.439954622] [controller_server]: Passing new path to controller.
[controller_server-11] [INFO] [1775542604.539957743] [controller_server]: Passing new path to controller.
[controller_server-11] [INFO] [1775542604.639957364] [controller_server]: Passing new path to controller.
[controller_server-11] [INFO] [1775542604.739972734] [controller_server]: Passing new path to controller.
[controller_server-11] [INFO] [1775542604.939957685] [controller_server]: Passing new path to controller.
[controller_server-11] [INFO] [1775542605.039954681] [controller_server]: Passing new path to controller.
[controller_server-11] [INFO] [1775542605.139956635] [controller_server]: Passing new path to controller.
[controller_server-11] [INFO] [1775542605.145460158] [controller_server]: Reached the goal!
[controller_server-11] [INFO] [1775542605.147186753] [controller_server]: Optimizer reset
[bt_navigator-15] [INFO] [1775542605.184756535] [bt_navigator]: Goal succeeded
[delivery_robot_main_controller-22] [0m[INFO] [1775542605.261900642] [main_controller_node]: Goal succeeded![0m
[delivery_robot_main_controller-22] [0m[INFO] [1775542605.263629570] [main_controller_node]: State change: MOVE -> AFTER_MOVE[0m
[delivery_robot_main_controller-22] [0m[INFO] [1775542605.277837234] [main_controller_node]: Evaluating post-move action...[0m
[delivery_robot_main_controller-22] [0m[INFO] [1775542605.281263592] [main_controller_node]: Post-move action is: Request[0m
[robot_sound-23] [0m[INFO] [1775542605.282931565] [robot_sound_node]: 🔔 Received sound command: arrive_target[0m
[delivery_robot_main_controller-22] [0m[INFO] [1775542605.283557748] [main_controller_node]: Published message: "arrive_target"[0m
[robot_sound-23] amixer: Unable to find simple control 'PCM',0
[robot_sound-23] 
[delivery_robot_main_controller-22] [0m[INFO] [1775542605.314193149] [main_controller_node]: Successfully removed queue ID: 116[0m
[delivery_robot_main_controller-22] [0m[INFO] [1775542605.315080071] [main_controller_node]: Waiting 5s for LOAD_IN command...[0m
[delivery_robot_main_controller-22] [0m[INFO] [1775542605.315747960] [main_controller_node]: State change: AFTER_MOVE -> STANDBY[0m
[robot_sound-23] [0m[INFO] [1775542605.315506178] [robot_sound_node]: 🔊 Playing sound: /home/smr/workspaces/mini_amr/amrROS2_ws/sounds/robot_target.wav[0m
[robot_sound-23] Playing WAVE '/home/smr/workspaces/mini_amr/amrROS2_ws/sounds/robot_target.wav' : Signed 16 bit Little Endian, Rate 44100 Hz, Mono
[delivery_robot_main_controller-22] [0m[INFO] [1775542605.332531809] [main_controller_node]: Robot is in STANDBY mode.[0m
[delivery_robot_main_controller-22] [0m[INFO] [1775542605.365485281] [main_controller_node]: Current state: STANDBY, dock_state IDLE, charge_state NOT_CHARGE[0m
[delivery_robot_main_controller-22] [0m[INFO] [1775542605.495948520] [main_controller_node]: Enter to wait_for_load_in_loop and wait for timeout...in 4.81988525390625 seconds[0m
[delivery_robot_main_controller-22] [0m[INFO] [1775542606.171890193] [main_controller_node]: Current state: STANDBY, dock_state IDLE, charge_state NOT_CHARGE[0m
[call_robot_button-24] Error: Connection refused
[call_robot_button-24] 2026-04-07 13:16:46 mosquitto_pub -u smr -P smrbot25 -m "FrontDoor,false" -t "Rsp" -r
[call_robot_button-24] [0m[INFO] [1775542606.488971267] [call_robot_button_node]: call_switch notified: station=FrontDoor status=false.[0m
[delivery_robot_main_controller-22] [0m[INFO] [1775542607.201407684] [main_controller_node]: Current state: STANDBY, dock_state IDLE, charge_state NOT_CHARGE[0m
[delivery_robot_main_controller-22] [0m[INFO] [1775542607.290516338] [main_controller_node]: Enter to wait_for_load_in_loop and wait for timeout...in 3.0264971256256104 seconds[0m
[planner_server-13] [INFO] [1775542607.384949730] [global_costmap.global_costmap]: StaticLayer: Resizing costmap to 276 X 287 at 0.050000 m/pix
[delivery_robot_main_controller-22] [0m[INFO] [1775542608.232866719] [main_controller_node]: Current state: STANDBY, dock_state IDLE, charge_state NOT_CHARGE[0m
[delivery_robot_main_controller-22] [0m[INFO] [1775542609.223238327] [main_controller_node]: Current state: STANDBY, dock_state IDLE, charge_state NOT_CHARGE[0m
[delivery_robot_main_controller-22] [0m[INFO] [1775542609.294099026] [main_controller_node]: Enter to wait_for_load_in_loop and wait for timeout...in 1.0216147899627686 seconds[0m
[delivery_robot_main_controller-22] [0m[INFO] [1775542610.160364882] [main_controller_node]: Current state: STANDBY, dock_state IDLE, charge_state NOT_CHARGE[0m
[delivery_robot_main_controller-22] [0m[INFO] [1775542611.199112075] [main_controller_node]: Current state: STANDBY, dock_state IDLE, charge_state NOT_CHARGE[0m
[delivery_robot_main_controller-22] [0m[INFO] [1775542611.305617928] [main_controller_node]: No pending queue found or unexpected format.[0m
[delivery_robot_main_controller-22] [0m[INFO] [1775542612.226103837] [main_controller_node]: Current state: STANDBY, dock_state IDLE, charge_state NOT_CHARGE[0m
[delivery_robot_main_controller-22] [0m[INFO] [1775542613.236321083] [main_controller_node]: Current state: STANDBY, dock_state IDLE, charge_state NOT_CHARGE[0m
[delivery_robot_main_controller-22] [0m[INFO] [1775542613.335813225] [main_controller_node]: No pending queue found or unexpected format.[0m
[delivery_robot_main_controller-22] [0m[INFO] [1775542614.212777848] [main_controller_node]: Current state: STANDBY, dock_state IDLE, charge_state NOT_CHARGE[0m
[localization_monitor-1] [WARN] [1775542615.005346956] [localization_monitor]: No pose update for 10.6s
[localization_monitor-21] [WARN] [1775542615.147708536] [localization_monitor]: No pose update for 10.7s
[delivery_robot_main_controller-22] [0m[INFO] [1775542615.209632063] [main_controller_node]: Current state: STANDBY, dock_state IDLE, charge_state NOT_CHARGE[0m
[delivery_robot_main_controller-22] [0m[INFO] [1775542615.309200326] [main_controller_node]: No pending queue found or unexpected format.[0m
[localization_monitor-1] [WARN] [1775542616.007356749] [localization_monitor]: No pose update for 11.6s
[localization_monitor-21] [WARN] [1775542616.147610250] [localization_monitor]: No pose update for 11.7s
[delivery_robot_main_controller-22] [0m[INFO] [1775542616.161159357] [main_controller_node]: Current state: STANDBY, dock_state IDLE, charge_state NOT_CHARGE[0m
[localization_monitor-1] [WARN] [1775542617.007165425] [localization_monitor]: No pose update for 12.6s
[localization_monitor-21] [WARN] [1775542617.147611709] [localization_monitor]: No pose update for 12.7s
[delivery_robot_main_controller-22] [0m[INFO] [1775542617.212288747] [main_controller_node]: Current state: STANDBY, dock_state IDLE, charge_state NOT_CHARGE[0m
[delivery_robot_main_controller-22] [0m[INFO] [1775542617.333303250] [main_controller_node]: No pending queue found or unexpected format.[0m
[localization_monitor-1] [WARN] [1775542618.007532036] [localization_monitor]: No pose update for 13.6s
[localization_monitor-21] [WARN] [1775542618.147618710] [localization_monitor]: No pose update for 13.7s
[delivery_robot_main_controller-22] [0m[INFO] [1775542618.188300447] [main_controller_node]: Current state: STANDBY, dock_state IDLE, charge_state NOT_CHARGE[0m
[call_robot_button-24] Error: Connection refused
[call_robot_button-24] 2026-04-07 13:16:58 mosquitto_pub -u smr -P smrbot25 -m "Pichet,true" -t "Rsp" -r
[call_robot_button-24] [0m[INFO] [1775542618.555986224] [call_robot_button_node]: call_switch notified: station=Pichet status=true.[0m
[localization_monitor-1] [WARN] [1775542619.007264007] [localization_monitor]: No pose update for 14.6s
[localization_monitor-21] [WARN] [1775542619.147674126] [localization_monitor]: No pose update for 14.7s
[delivery_robot_main_controller-22] [0m[INFO] [1775542619.194941716] [main_controller_node]: Current state: STANDBY, dock_state IDLE, charge_state NOT_CHARGE[0m
[delivery_robot_main_controller-22] [0m[INFO] [1775542619.273543512] [main_controller_node]: 1 pending queues [0m
[delivery_robot_main_controller-22] [0m[INFO] [1775542619.277426310] [main_controller_node]: Queue action: Request[0m
[delivery_robot_main_controller-22] [0m[INFO] [1775542619.349495626] [main_controller_node]: AGV start_pos: x=1.00, y=-2.89[0m
[delivery_robot_main_controller-22] [0m[INFO] [1775542619.351673119] [main_controller_node]: AGV goal_pos: x=4.31, y=2.83[0m
[delivery_robot_main_controller-22] [0m[INFO] [1775542619.354129726] [main_controller_node]: Path source: database routes[0m
[delivery_robot_main_controller-22] [0m[INFO] [1775542619.374576465] [main_controller_node]: Computed AGV path waypoints:[0m
[delivery_robot_main_controller-22] [0m[INFO] [1775542619.377714961] [main_controller_node]:   Waypoint 0: x=1.00, y=-2.89[0m
[delivery_robot_main_controller-22] [0m[INFO] [1775542619.378526927] [main_controller_node]:   Waypoint 1: x=0.94, y=-2.93[0m
[delivery_robot_main_controller-22] [0m[INFO] [1775542619.379792417] [main_controller_node]:   Waypoint 2: x=0.78, y=-2.60[0m
[delivery_robot_main_controller-22] [0m[INFO] [1775542619.382065281] [main_controller_node]:   Waypoint 3: x=0.61, y=-2.26[0m
[delivery_robot_main_controller-22] [0m[INFO] [1775542619.388998203] [main_controller_node]:   Waypoint 4: x=0.44, y=-1.92[0m
[delivery_robot_main_controller-22] [0m[INFO] [1775542619.392051827] [main_controller_node]:   Waypoint 5: x=0.27, y=-1.59[0m
[delivery_robot_main_controller-22] [0m[INFO] [1775542619.394799797] [main_controller_node]:   Waypoint 6: x=0.75, y=-1.51[0m
[delivery_robot_main_controller-22] [0m[INFO] [1775542619.397679886] [main_controller_node]:   Waypoint 7: x=1.24, y=-1.44[0m
[delivery_robot_main_controller-22] [0m[INFO] [1775542619.400862130] [main_controller_node]:   Waypoint 8: x=1.72, y=-1.36[0m
[delivery_robot_main_controller-22] [0m[INFO] [1775542619.404254365] [main_controller_node]:   Waypoint 9: x=2.20, y=-1.29[0m
[delivery_robot_main_controller-22] [0m[INFO] [1775542619.406038416] [main_controller_node]:   Waypoint 10: x=2.69, y=-1.21[0m
[delivery_robot_main_controller-22] [0m[INFO] [1775542619.406840758] [main_controller_node]:   Waypoint 11: x=3.17, y=-1.14[0m
[delivery_robot_main_controller-22] [0m[INFO] [1775542619.407588561] [main_controller_node]:   Waypoint 12: x=3.65, y=-1.07[0m
[delivery_robot_main_controller-22] [0m[INFO] [1775542619.408348613] [main_controller_node]:   Waypoint 13: x=4.13, y=-0.99[0m
[delivery_robot_main_controller-22] [0m[INFO] [1775542619.409064916] [main_controller_node]:   Waypoint 14: x=4.62, y=-0.92[0m
[delivery_robot_main_controller-22] [0m[INFO] [1775542619.409835760] [main_controller_node]:   Waypoint 15: x=5.10, y=-0.84[0m
[delivery_robot_main_controller-22] [0m[INFO] [1775542619.410706349] [main_controller_node]:   Waypoint 16: x=5.00, y=-0.38[0m
[delivery_robot_main_controller-22] [0m[INFO] [1775542619.411477192] [main_controller_node]:   Waypoint 17: x=4.90, y=0.08[0m
[delivery_robot_main_controller-22] [0m[INFO] [1775542619.412181538] [main_controller_node]:   Waypoint 18: x=4.80, y=0.54[0m
[delivery_robot_main_controller-22] [0m[INFO] [1775542619.412867218] [main_controller_node]:   Waypoint 19: x=4.71, y=1.00[0m
[delivery_robot_main_controller-22] [0m[INFO] [1775542619.413550564] [main_controller_node]:   Waypoint 20: x=4.61, y=1.45[0m
[delivery_robot_main_controller-22] [0m[INFO] [1775542619.414275035] [main_controller_node]:   Waypoint 21: x=4.51, y=1.91[0m
[delivery_robot_main_controller-22] [0m[INFO] [1775542619.415095459] [main_controller_node]:   Waypoint 22: x=4.41, y=2.37[0m
[delivery_robot_main_controller-22] [0m[INFO] [1775542619.418833013] [main_controller_node]:   Waypoint 23: x=4.31, y=2.83[0m
[delivery_robot_main_controller-22] [0m[INFO] [1775542619.420293619] [main_controller_node]: Navigating with 24 goals....[0m
[bt_navigator-15] [INFO] [1775542619.422121127] [bt_navigator]: Begin navigating from current location through 24 poses to (4.31, 2.83)
[controller_server-11] [INFO] [1775542619.423607691] [local_costmap.local_costmap]: Received request to clear entirely the local_costmap
[delivery_robot_main_controller-22] [0m[INFO] [1775542619.427585277] [main_controller_node]: State change: STANDBY -> MOVE[0m
[controller_server-11] [INFO] [1775542619.433218586] [local_costmap.local_costmap]: KeepoutFilter: Subscribing to "/keepout_costmap_filter_info" topic for filter info...
[controller_server-11] [INFO] [1775542619.439913809] [local_costmap.local_costmap]: KeepoutFilter: Received filter info from /keepout_costmap_filter_info topic.
[controller_server-11] [INFO] [1775542619.439998681] [local_costmap.local_costmap]: KeepoutFilter: Subscribing to "/keepout_filter_mask" topic for filter mask...
[planner_server-13] [INFO] [1775542619.443147676] [global_costmap.global_costmap]: Received request to clear entirely the global_costmap
[delivery_robot_main_controller-22] [0m[INFO] [1775542619.448305588] [main_controller_node]: Robot is MOVING.[0m
[planner_server-13] [INFO] [1775542619.451548787] [global_costmap.global_costmap]: KeepoutFilter: Subscribing to "/keepout_costmap_filter_info" topic for filter info...
[controller_server-11] [WARN] [1775542619.458593121] [local_costmap.local_costmap]: KeepoutFilter: New filter mask arrived from /keepout_filter_mask topic. Updating old filter mask.
[planner_server-13] [INFO] [1775542619.462554666] [global_costmap.global_costmap]: KeepoutFilter: Received filter info from /keepout_costmap_filter_info topic.
[planner_server-13] [INFO] [1775542619.463573124] [global_costmap.global_costmap]: KeepoutFilter: Subscribing to "/keepout_filter_mask" topic for filter mask...
[planner_server-13] [WARN] [1775542619.477639335] [global_costmap.global_costmap]: KeepoutFilter: New filter mask arrived from /keepout_filter_mask topic. Updating old filter mask.
[planner_server-13] [WARN] [1775542619.923188730] [planner_server]: Planner loop missed its desired rate of 5.0000 Hz. Current loop rate is 2.1463 Hz
[controller_server-11] [INFO] [1775542619.937642258] [controller_server]: Received a goal, begin computing control effort.
[localization_monitor-1] [WARN] [1775542620.008788195] [localization_monitor]: No pose update for 15.6s
[controller_server-11] [INFO] [1775542620.139042025] [controller_server]: Passing new path to controller.
[localization_monitor-21] [WARN] [1775542620.151372891] [localization_monitor]: No pose update for 15.8s
[controller_server-11] [INFO] [1775542620.239098811] [controller_server]: Passing new path to controller.
[controller_server-11] [INFO] [1775542620.441339127] [controller_server]: Passing new path to controller.
[call_robot_button-24] Error: Connection refused
[call_robot_button-24] 2026-04-07 13:17:00 mosquitto_pub -u smr -P smrbot25 -m "Pichet,blink" -t "Rsp" -r
[controller_server-11] [INFO] [1775542620.539085716] [controller_server]: Passing new path to controller.
[call_robot_button-24] [0m[INFO] [1775542620.546446787] [call_robot_button_node]: call_switch notified: station=Pichet status=blink.[0m
[controller_server-11] [INFO] [1775542620.739073583] [controller_server]: Passing new path to controller.
[controller_server-11] [INFO] [1775542620.839085162] [controller_server]: Passing new path to controller.
[controller_server-11] [INFO] [1775542620.939591095] [controller_server]: Passing new path to controller.
[localization_monitor-1] [WARN] [1775542621.005413461] [localization_monitor]: No pose update for 16.6s
[controller_server-11] [INFO] [1775542621.039072738] [controller_server]: Passing new path to controller.
[localization_monitor-21] [WARN] [1775542621.147661879] [localization_monitor]: No pose update for 16.7s
[controller_server-11] [INFO] [1775542621.239078396] [controller_server]: Passing new path to controller.
[controller_server-11] [INFO] [1775542621.339074809] [controller_server]: Passing new path to controller.
[controller_server-11] [INFO] [1775542621.539257793] [controller_server]: Passing new path to controller.
[controller_server-11] [INFO] [1775542621.639076880] [controller_server]: Passing new path to controller.
[controller_server-11] [INFO] [1775542621.739073876] [controller_server]: Passing new path to controller.
[controller_server-11] [INFO] [1775542621.939070201] [controller_server]: Passing new path to controller.
[localization_monitor-1] [WARN] [1775542622.007552457] [localization_monitor]: No pose update for 17.6s
[controller_server-11] [INFO] [1775542622.039082655] [controller_server]: Passing new path to controller.
[controller_server-11] [INFO] [1775542622.139073527] [controller_server]: Passing new path to controller.
[localization_monitor-21] [WARN] [1775542622.147602674] [localization_monitor]: No pose update for 17.7s
[controller_server-11] [INFO] [1775542622.239139061] [controller_server]: Passing new path to controller.
[controller_server-11] [INFO] [1775542622.439135970] [controller_server]: Passing new path to controller.
[controller_server-11] [INFO] [1775542622.539081343] [controller_server]: Passing new path to controller.
[controller_server-11] [INFO] [1775542622.639081839] [controller_server]: Passing new path to controller.
[controller_server-11] [INFO] [1775542622.839078456] [controller_server]: Passing new path to controller.
[controller_server-11] [INFO] [1775542622.939082452] [controller_server]: Passing new path to controller.
[controller_server-11] [INFO] [1775542623.039082073] [controller_server]: Passing new path to controller.
[controller_server-11] [INFO] [1775542623.239072274] [controller_server]: Passing new path to controller.
[controller_server-11] [INFO] [1775542623.339074228] [controller_server]: Passing new path to controller.
[controller_server-11] [INFO] [1775542623.439078807] [controller_server]: Passing new path to controller.
[controller_server-11] [INFO] [1775542623.639105173] [controller_server]: Passing new path to controller.
[controller_server-11] [INFO] [1775542623.739138626] [controller_server]: Passing new path to controller.
[controller_server-11] [INFO] [1775542623.839075541] [controller_server]: Passing new path to controller.
[controller_server-11] [INFO] [1775542624.039077116] [controller_server]: Passing new path to controller.
[controller_server-11] [INFO] [1775542624.139222565] [controller_server]: Passing new path to controller.
[controller_server-11] [INFO] [1775542624.239108440] [controller_server]: Passing new path to controller.
[controller_server-11] [INFO] [1775542624.339109519] [controller_server]: Passing new path to controller.
[controller_server-11] [INFO] [1775542624.539109053] [controller_server]: Passing new path to controller.
[controller_server-11] [INFO] [1775542624.639208420] [controller_server]: Passing new path to controller.
[controller_server-11] [INFO] [1775542624.739117336] [controller_server]: Passing new path to controller.
[controller_server-11] [INFO] [1775542624.839936507] [controller_server]: Passing new path to controller.
[controller_server-11] [INFO] [1775542625.039075368] [controller_server]: Passing new path to controller.
[controller_server-11] [INFO] [1775542625.139074989] [controller_server]: Passing new path to controller.
[controller_server-11] [INFO] [1775542625.239074901] [controller_server]: Passing new path to controller.
[controller_server-11] [INFO] [1775542625.439079976] [controller_server]: Passing new path to controller.
[controller_server-11] [INFO] [1775542625.539835858] [controller_server]: Passing new path to controller.
[controller_server-11] [INFO] [1775542625.639074843] [controller_server]: Passing new path to controller.
[controller_server-11] [INFO] [1775542625.739072131] [controller_server]: Passing new path to controller.
[controller_server-11] [INFO] [1775542625.939160328] [controller_server]: Passing new path to controller.
[controller_server-11] [INFO] [1775542626.039088785] [controller_server]: Passing new path to controller.
[controller_server-11] [INFO] [1775542626.140302856] [controller_server]: Passing new path to controller.
[controller_server-11] [INFO] [1775542626.339080357] [controller_server]: Passing new path to controller.
[controller_server-11] [INFO] [1775542626.439079103] [controller_server]: Passing new path to controller.
[call_robot_button-24] Error: Connection refused
[call_robot_button-24] 2026-04-07 13:17:06 mosquitto_pub -u smr -P smrbot25 -m "Oz,true" -t "Rsp" -r
[call_robot_button-24] [0m[INFO] [1775542626.488220865] [call_robot_button_node]: call_switch notified: station=Oz status=true.[0m
[controller_server-11] [INFO] [1775542626.639107510] [controller_server]: Passing new path to controller.
[controller_server-11] [INFO] [1775542626.739094006] [controller_server]: Passing new path to controller.
[controller_server-11] [INFO] [1775542626.839079628] [controller_server]: Passing new path to controller.
[controller_server-11] [INFO] [1775542627.039109494] [controller_server]: Passing new path to controller.
[controller_server-11] [INFO] [1775542627.139114364] [controller_server]: Passing new path to controller.
[controller_server-11] [INFO] [1775542627.239108736] [controller_server]: Passing new path to controller.
[planner_server-13] [INFO] [1775542627.384716432] [global_costmap.global_costmap]: StaticLayer: Resizing costmap to 277 X 287 at 0.050000 m/pix
[controller_server-11] [INFO] [1775542627.439108269] [controller_server]: Passing new path to controller.
[controller_server-11] [INFO] [1775542627.539110223] [controller_server]: Passing new path to controller.
[controller_server-11] [INFO] [1775542627.739106549] [controller_server]: Passing new path to controller.
[controller_server-11] [INFO] [1775542627.839117836] [controller_server]: Passing new path to controller.
[controller_server-11] [INFO] [1775542627.939078084] [controller_server]: Passing new path to controller.
[controller_server-11] [INFO] [1775542628.139081409] [controller_server]: Passing new path to controller.
[controller_server-11] [INFO] [1775542628.239119237] [controller_server]: Passing new path to controller.
[controller_server-11] [INFO] [1775542628.339075401] [controller_server]: Passing new path to controller.
[controller_server-11] [INFO] [1775542628.539111683] [controller_server]: Passing new path to controller.
[controller_server-11] [INFO] [1775542628.639128803] [controller_server]: Passing new path to controller.
[controller_server-11] [INFO] [1775542628.739167214] [controller_server]: Passing new path to controller.
[controller_server-11] [INFO] [1775542628.939077210] [controller_server]: Passing new path to controller.
[controller_server-11] [INFO] [1775542629.039138078] [controller_server]: Passing new path to controller.
[controller_server-11] [INFO] [1775542629.139250861] [controller_server]: Passing new path to controller.
[controller_server-11] [INFO] [1775542629.239118363] [controller_server]: Passing new path to controller.
[controller_server-11] [INFO] [1775542629.439112355] [controller_server]: Passing new path to controller.
[controller_server-11] [INFO] [1775542629.539108768] [controller_server]: Passing new path to controller.
[controller_server-11] [INFO] [1775542629.739074469] [controller_server]: Passing new path to controller.
[controller_server-11] [INFO] [1775542629.839073799] [controller_server]: Passing new path to controller.
[controller_server-11] [INFO] [1775542629.939104918] [controller_server]: Passing new path to controller.
[controller_server-11] [INFO] [1775542630.039083540] [controller_server]: Passing new path to controller.
[controller_server-11] [INFO] [1775542630.239088324] [controller_server]: Passing new path to controller.
[controller_server-11] [INFO] [1775542630.339086195] [controller_server]: Passing new path to controller.
[controller_server-11] [INFO] [1775542630.439075608] [controller_server]: Passing new path to controller.
[controller_server-11] [INFO] [1775542630.639071058] [controller_server]: Passing new path to controller.
[controller_server-11] [INFO] [1775542630.739086429] [controller_server]: Passing new path to controller.
[controller_server-11] [INFO] [1775542630.839079925] [controller_server]: Passing new path to controller.
[controller_server-11] [INFO] [1775542631.039079750] [controller_server]: Passing new path to controller.
[controller_server-11] [INFO] [1775542631.139079954] [controller_server]: Passing new path to controller.
[controller_server-11] [INFO] [1775542631.239076075] [controller_server]: Passing new path to controller.
[controller_server-11] [INFO] [1775542631.439078234] [controller_server]: Passing new path to controller.
[controller_server-11] [INFO] [1775542631.539075230] [controller_server]: Passing new path to controller.
[controller_server-11] [INFO] [1775542631.639078642] [controller_server]: Passing new path to controller.
[controller_server-11] [INFO] [1775542631.839083426] [controller_server]: Passing new path to controller.
[controller_server-11] [INFO] [1775542631.939127378] [controller_server]: Passing new path to controller.
[controller_server-11] [INFO] [1775542632.039107750] [controller_server]: Passing new path to controller.
[controller_server-11] [INFO] [1775542632.239085118] [controller_server]: Passing new path to controller.
[controller_server-11] [INFO] [1775542632.339108071] [controller_server]: Passing new path to controller.
[controller_server-11] [INFO] [1775542632.439084360] [controller_server]: Passing new path to controller.
[controller_server-11] [INFO] [1775542632.639106351] [controller_server]: Passing new path to controller.
[controller_server-11] [INFO] [1775542632.739105097] [controller_server]: Passing new path to controller.
[controller_server-11] [INFO] [1775542632.839082261] [controller_server]: Passing new path to controller.
[controller_server-11] [INFO] [1775542633.039076544] [controller_server]: Passing new path to controller.
[controller_server-11] [INFO] [1775542633.139079374] [controller_server]: Passing new path to controller.
[controller_server-11] [INFO] [1775542633.239107868] [controller_server]: Passing new path to controller.
[controller_server-11] [INFO] [1775542633.439097194] [controller_server]: Passing new path to controller.
[controller_server-11] [INFO] [1775542633.539099732] [controller_server]: Passing new path to controller.
[controller_server-11] [INFO] [1775542633.639120643] [controller_server]: Passing new path to controller.
[controller_server-11] [INFO] [1775542633.839580408] [controller_server]: Passing new path to controller.
[controller_server-11] [INFO] [1775542633.939078091] [controller_server]: Passing new path to controller.
[controller_server-11] [INFO] [1775542634.039109503] [controller_server]: Passing new path to controller.
[controller_server-11] [INFO] [1775542634.239075204] [controller_server]: Passing new path to controller.
[controller_server-11] [INFO] [1775542634.339102824] [controller_server]: Passing new path to controller.
[controller_server-11] [INFO] [1775542634.439100987] [controller_server]: Passing new path to controller.
[controller_server-11] [INFO] [1775542634.639090604] [controller_server]: Passing new path to controller.
[controller_server-11] [INFO] [1775542634.739122890] [controller_server]: Passing new path to controller.
[controller_server-11] [INFO] [1775542634.839105887] [controller_server]: Passing new path to controller.
[controller_server-11] [INFO] [1775542635.039081213] [controller_server]: Passing new path to controller.
[controller_server-11] [INFO] [1775542635.139054877] [controller_server]: Passing new path to controller.
[controller_server-11] [INFO] [1775542635.239074331] [controller_server]: Passing new path to controller.
[controller_server-11] [INFO] [1775542635.439077364] [controller_server]: Passing new path to controller.
[controller_server-11] [INFO] [1775542635.539081068] [controller_server]: Passing new path to controller.
[controller_server-11] [INFO] [1775542635.639206976] [controller_server]: Passing new path to controller.
[controller_server-11] [INFO] [1775542635.739089351] [controller_server]: Passing new path to controller.
[controller_server-11] [INFO] [1775542635.939077510] [controller_server]: Passing new path to controller.
[controller_server-11] [INFO] [1775542636.039077131] [controller_server]: Passing new path to controller.
[controller_server-11] [INFO] [1775542636.139076461] [controller_server]: Passing new path to controller.
[controller_server-11] [INFO] [1775542636.339079203] [controller_server]: Passing new path to controller.
[controller_server-11] [INFO] [1775542636.439163695] [controller_server]: Passing new path to controller.
[controller_server-11] [INFO] [1775542636.539106735] [controller_server]: Passing new path to controller.
[controller_server-11] [INFO] [1775542636.739110643] [controller_server]: Passing new path to controller.
[controller_server-11] [INFO] [1775542636.839088974] [controller_server]: Passing new path to controller.
[controller_server-11] [INFO] [1775542636.939079845] [controller_server]: Passing new path to controller.
[controller_server-11] [INFO] [1775542637.139075587] [controller_server]: Passing new path to controller.
[controller_server-11] [INFO] [1775542637.239066458] [controller_server]: Passing new path to controller.
[controller_server-11] [INFO] [1775542637.339085329] [controller_server]: Passing new path to controller.
[planner_server-13] [INFO] [1775542637.385183383] [global_costmap.global_costmap]: StaticLayer: Resizing costmap to 276 X 287 at 0.050000 m/pix
[controller_server-11] [INFO] [1775542637.539078154] [controller_server]: Passing new path to controller.
[controller_server-11] [INFO] [1775542637.639072817] [controller_server]: Passing new path to controller.
[controller_server-11] [INFO] [1775542637.739074771] [controller_server]: Passing new path to controller.
[controller_server-11] [INFO] [1775542637.839090725] [controller_server]: Passing new path to controller.
[controller_server-11] [INFO] [1775542638.039081509] [controller_server]: Passing new path to controller.
[controller_server-11] [INFO] [1775542638.139074713] [controller_server]: Passing new path to controller.
[controller_server-11] [INFO] [1775542638.239077543] [controller_server]: Passing new path to controller.
[controller_server-11] [INFO] [1775542638.339075122] [controller_server]: Passing new path to controller.
[controller_server-11] [INFO] [1775542638.539074364] [controller_server]: Passing new path to controller.
[controller_server-11] [INFO] [1775542638.639077485] [controller_server]: Passing new path to controller.
[controller_server-11] [INFO] [1775542638.839074102] [controller_server]: Passing new path to controller.
[controller_server-11] [INFO] [1775542638.939117179] [controller_server]: Passing new path to controller.
[controller_server-11] [INFO] [1775542639.039117675] [controller_server]: Passing new path to controller.
[controller_server-11] [INFO] [1775542639.239074044] [controller_server]: Passing new path to controller.
[controller_server-11] [INFO] [1775542639.339075998] [controller_server]: Passing new path to controller.
[controller_server-11] [INFO] [1775542639.439080577] [controller_server]: Passing new path to controller.
[controller_server-11] [INFO] [1775542639.639081277] [controller_server]: Passing new path to controller.
[controller_server-11] [INFO] [1775542639.739109189] [controller_server]: Passing new path to controller.
[controller_server-11] [INFO] [1775542639.839111435] [controller_server]: Passing new path to controller.
[controller_server-11] [INFO] [1775542639.939100556] [controller_server]: Passing new path to controller.
[controller_server-11] [INFO] [1775542640.139078216] [controller_server]: Passing new path to controller.
[controller_server-11] [INFO] [1775542640.239073462] [controller_server]: Passing new path to controller.
[controller_server-11] [INFO] [1775542640.339110998] [controller_server]: Passing new path to controller.
[controller_server-11] [INFO] [1775542640.439108577] [controller_server]: Passing new path to controller.
[controller_server-11] [INFO] [1775542640.639079529] [controller_server]: Passing new path to controller.
[controller_server-11] [INFO] [1775542640.739077983] [controller_server]: Passing new path to controller.
[controller_server-11] [INFO] [1775542640.839078771] [controller_server]: Passing new path to controller.
[controller_server-11] [INFO] [1775542640.939073434] [controller_server]: Passing new path to controller.
[controller_server-11] [INFO] [1775542641.139084342] [controller_server]: Passing new path to controller.
[controller_server-11] [INFO] [1775542641.239085421] [controller_server]: Passing new path to controller.
[controller_server-11] [INFO] [1775542641.339113916] [controller_server]: Passing new path to controller.
[controller_server-11] [INFO] [1775542641.539073493] [controller_server]: Passing new path to controller.
[controller_server-11] [INFO] [1775542641.639074280] [controller_server]: Passing new path to controller.
[controller_server-11] [INFO] [1775542641.739076818] [controller_server]: Passing new path to controller.
[controller_server-11] [INFO] [1775542641.839196017] [controller_server]: Passing new path to controller.
[controller_server-11] [INFO] [1775542642.039127887] [controller_server]: Passing new path to controller.
[controller_server-11] [INFO] [1775542642.139080260] [controller_server]: Passing new path to controller.
[controller_server-11] [INFO] [1775542642.239083672] [controller_server]: Passing new path to controller.
[controller_server-11] [INFO] [1775542642.439080581] [controller_server]: Passing new path to controller.
[controller_server-11] [INFO] [1775542642.539077869] [controller_server]: Passing new path to controller.
[controller_server-11] [INFO] [1775542642.639082156] [controller_server]: Passing new path to controller.
[controller_server-11] [INFO] [1775542642.739076527] [controller_server]: Passing new path to controller.
[controller_server-11] [INFO] [1775542642.939090060] [controller_server]: Passing new path to controller.
[controller_server-11] [INFO] [1775542643.039115347] [controller_server]: Passing new path to controller.
[controller_server-11] [INFO] [1775542643.139117885] [controller_server]: Passing new path to controller.
[controller_server-11] [INFO] [1775542643.339073962] [controller_server]: Passing new path to controller.
[controller_server-11] [INFO] [1775542643.439075916] [controller_server]: Passing new path to controller.
[controller_server-11] [INFO] [1775542643.539074079] [controller_server]: Passing new path to controller.
[controller_server-11] [INFO] [1775542643.639072856] [controller_server]: Passing new path to controller.
[controller_server-11] [INFO] [1775542643.839082460] [controller_server]: Passing new path to controller.
[controller_server-11] [INFO] [1775542643.939073991] [controller_server]: Passing new path to controller.
[controller_server-11] [INFO] [1775542644.039081856] [controller_server]: Passing new path to controller.
[controller_server-11] [INFO] [1775542644.139077762] [controller_server]: Passing new path to controller.
[controller_server-11] [INFO] [1775542644.339078324] [controller_server]: Passing new path to controller.
[controller_server-11] [INFO] [1775542644.439077439] [controller_server]: Passing new path to controller.
[controller_server-11] [INFO] [1775542644.539079178] [controller_server]: Passing new path to controller.
[controller_server-11] [INFO] [1775542644.739115614] [controller_server]: Passing new path to controller.
[controller_server-11] [INFO] [1775542644.839112687] [controller_server]: Passing new path to controller.
[controller_server-11] [INFO] [1775542644.939064845] [controller_server]: Passing new path to controller.
[controller_server-11] [INFO] [1775542645.039132790] [controller_server]: Passing new path to controller.
[controller_server-11] [INFO] [1775542645.239112062] [controller_server]: Passing new path to controller.
[controller_server-11] [INFO] [1775542645.339110885] [controller_server]: Passing new path to controller.
[controller_server-11] [INFO] [1775542645.439114082] [controller_server]: Passing new path to controller.
[controller_server-11] [INFO] [1775542645.639114061] [controller_server]: Passing new path to controller.
[controller_server-11] [INFO] [1775542645.739074969] [controller_server]: Passing new path to controller.
[controller_server-11] [INFO] [1775542645.839069709] [controller_server]: Passing new path to controller.
[controller_server-11] [INFO] [1775542645.939108780] [controller_server]: Passing new path to controller.
[controller_server-11] [INFO] [1775542646.139080177] [controller_server]: Passing new path to controller.
[controller_server-11] [INFO] [1775542646.239074917] [controller_server]: Passing new path to controller.
[controller_server-11] [INFO] [1775542646.339174069] [controller_server]: Passing new path to controller.
[controller_server-11] [INFO] [1775542646.539111342] [controller_server]: Passing new path to controller.
[controller_server-11] [INFO] [1775542646.639108415] [controller_server]: Passing new path to controller.
[controller_server-11] [INFO] [1775542646.739089447] [controller_server]: Passing new path to controller.
[controller_server-11] [INFO] [1775542646.939076301] [controller_server]: Passing new path to controller.
[controller_server-11] [INFO] [1775542647.039075999] [controller_server]: Passing new path to controller.
[controller_server-11] [INFO] [1775542647.139114779] [controller_server]: Passing new path to controller.
[controller_server-11] [INFO] [1775542647.239103977] [controller_server]: Passing new path to controller.
[planner_server-13] [INFO] [1775542647.384790532] [global_costmap.global_costmap]: StaticLayer: Resizing costmap to 277 X 287 at 0.050000 m/pix
[controller_server-11] [INFO] [1775542647.439107456] [controller_server]: Passing new path to controller.
[controller_server-11] [INFO] [1775542647.539108029] [controller_server]: Passing new path to controller.
[controller_server-11] [INFO] [1775542647.639112393] [controller_server]: Passing new path to controller.
[controller_server-11] [INFO] [1775542647.839078248] [controller_server]: Passing new path to controller.
[controller_server-11] [INFO] [1775542647.939112653] [controller_server]: Passing new path to controller.
[controller_server-11] [INFO] [1775542648.039085519] [controller_server]: Passing new path to controller.
[controller_server-11] [INFO] [1775542648.139075009] [controller_server]: Passing new path to controller.
[controller_server-11] [INFO] [1775542648.339078196] [controller_server]: Passing new path to controller.
[controller_server-11] [INFO] [1775542648.439072644] [controller_server]: Passing new path to controller.
[controller_server-11] [INFO] [1775542648.539207670] [controller_server]: Passing new path to controller.
[controller_server-11] [INFO] [1775542648.739077862] [controller_server]: Passing new path to controller.
[controller_server-11] [INFO] [1775542648.839073477] [controller_server]: Passing new path to controller.
[controller_server-11] [INFO] [1775542648.939073758] [controller_server]: Passing new path to controller.
[controller_server-11] [INFO] [1775542649.039069373] [controller_server]: Passing new path to controller.
[controller_server-11] [INFO] [1775542649.239075477] [controller_server]: Passing new path to controller.
[controller_server-11] [INFO] [1775542649.339072549] [controller_server]: Passing new path to controller.
[controller_server-11] [INFO] [1775542649.439077497] [controller_server]: Passing new path to controller.
[controller_server-11] [INFO] [1775542649.639109850] [controller_server]: Passing new path to controller.
[controller_server-11] [INFO] [1775542649.739078049] [controller_server]: Passing new path to controller.
[controller_server-11] [INFO] [1775542649.839517854] [controller_server]: Passing new path to controller.
[controller_server-11] [INFO] [1775542650.039082976] [controller_server]: Passing new path to controller.
[controller_server-11] [INFO] [1775542650.139115047] [controller_server]: Passing new path to controller.
[controller_server-11] [INFO] [1775542650.239075663] [controller_server]: Passing new path to controller.
[controller_server-11] [INFO] [1775542650.339079736] [controller_server]: Passing new path to controller.
[controller_server-11] [INFO] [1775542650.539078840] [controller_server]: Passing new path to controller.
[controller_server-11] [INFO] [1775542650.639086121] [controller_server]: Passing new path to controller.
[controller_server-11] [INFO] [1775542650.739110026] [controller_server]: Passing new path to controller.
[controller_server-11] [INFO] [1775542650.839131015] [controller_server]: Passing new path to controller.
[controller_server-11] [INFO] [1775542651.039069746] [controller_server]: Passing new path to controller.
[controller_server-11] [INFO] [1775542651.139104151] [controller_server]: Passing new path to controller.
[controller_server-11] [INFO] [1775542651.239087224] [controller_server]: Passing new path to controller.
[controller_server-11] [INFO] [1775542651.339072339] [controller_server]: Passing new path to controller.
[controller_server-11] [INFO] [1775542651.539078152] [controller_server]: Passing new path to controller.
[controller_server-11] [INFO] [1775542651.639080183] [controller_server]: Passing new path to controller.
[controller_server-11] [INFO] [1775542651.739073172] [controller_server]: Passing new path to controller.
[controller_server-11] [INFO] [1775542651.839074912] [controller_server]: Passing new path to controller.
[controller_server-11] [INFO] [1775542652.039107265] [controller_server]: Passing new path to controller.
[controller_server-11] [INFO] [1775542652.139106962] [controller_server]: Passing new path to controller.
[controller_server-11] [INFO] [1775542652.239110452] [controller_server]: Passing new path to controller.
[controller_server-11] [INFO] [1775542652.339107816] [controller_server]: Passing new path to controller.
[planner_server-13] [INFO] [1775542652.384894419] [global_costmap.global_costmap]: StaticLayer: Resizing costmap to 276 X 287 at 0.050000 m/pix
[controller_server-11] [INFO] [1775542652.539118878] [controller_server]: Passing new path to controller.
[controller_server-11] [INFO] [1775542652.639074536] [controller_server]: Passing new path to controller.
[controller_server-11] [INFO] [1775542652.739073651] [controller_server]: Passing new path to controller.
[controller_server-11] [INFO] [1775542652.939115336] [controller_server]: Passing new path to controller.
[controller_server-11] [INFO] [1775542653.042055498] [controller_server]: Passing new path to controller.
[controller_server-11] [INFO] [1775542653.139109482] [controller_server]: Passing new path to controller.
[controller_server-11] [INFO] [1775542653.339090795] [controller_server]: Passing new path to controller.
[controller_server-11] [INFO] [1775542653.439110034] [controller_server]: Passing new path to controller.
[controller_server-11] [INFO] [1775542653.539109732] [controller_server]: Passing new path to controller.
[controller_server-11] [INFO] [1775542653.639108846] [controller_server]: Passing new path to controller.
[controller_server-11] [INFO] [1775542653.839109117] [controller_server]: Passing new path to controller.
[controller_server-11] [INFO] [1775542653.939106773] [controller_server]: Passing new path to controller.
[controller_server-11] [INFO] [1775542654.039107055] [controller_server]: Passing new path to controller.
[controller_server-11] [INFO] [1775542654.139118127] [controller_server]: Passing new path to controller.
[controller_server-11] [INFO] [1775542654.339106731] [controller_server]: Passing new path to controller.
[controller_server-11] [INFO] [1775542654.439106429] [controller_server]: Passing new path to controller.
[controller_server-11] [INFO] [1775542654.539110502] [controller_server]: Passing new path to controller.
[controller_server-11] [INFO] [1775542654.639110783] [controller_server]: Passing new path to controller.
[controller_server-11] [INFO] [1775542654.839075180] [controller_server]: Passing new path to controller.
[controller_server-11] [INFO] [1775542654.939076336] [controller_server]: Passing new path to controller.
[controller_server-11] [INFO] [1775542655.039082451] [controller_server]: Passing new path to controller.
[controller_server-11] [INFO] [1775542655.139067857] [controller_server]: Passing new path to controller.
[controller_server-11] [INFO] [1775542655.339076294] [controller_server]: Passing new path to controller.
[controller_server-11] [INFO] [1775542655.439110991] [controller_server]: Passing new path to controller.
[controller_server-11] [INFO] [1775542655.539102814] [controller_server]: Passing new path to controller.
[controller_server-11] [INFO] [1775542655.739106293] [controller_server]: Passing new path to controller.
[controller_server-11] [INFO] [1775542655.839112115] [controller_server]: Passing new path to controller.
[controller_server-11] [INFO] [1775542655.939086731] [controller_server]: Passing new path to controller.
[controller_server-11] [INFO] [1775542656.039115302] [controller_server]: Passing new path to controller.
[controller_server-11] [INFO] [1775542656.239082616] [controller_server]: Passing new path to controller.
[controller_server-11] [INFO] [1775542656.240640928] [controller_server]: Reached the goal!
[controller_server-11] [INFO] [1775542656.241360732] [controller_server]: Optimizer reset
[bt_navigator-15] [INFO] [1775542656.279978459] [bt_navigator]: Goal succeeded
[delivery_robot_main_controller-22] [0m[INFO] [1775542656.403790025] [main_controller_node]: Goal succeeded![0m
[delivery_robot_main_controller-22] [0m[INFO] [1775542656.408855487] [main_controller_node]: State change: MOVE -> AFTER_MOVE[0m
[delivery_robot_main_controller-22] [0m[INFO] [1775542656.422515433] [main_controller_node]: Evaluating post-move action...[0m
[delivery_robot_main_controller-22] [0m[INFO] [1775542656.425926920] [main_controller_node]: Post-move action is: Request[0m
[delivery_robot_main_controller-22] [0m[INFO] [1775542656.426618725] [main_controller_node]: Published message: "arrive_target"[0m
[robot_sound-23] [0m[INFO] [1775542656.428966255] [robot_sound_node]: 🔔 Received sound command: arrive_target[0m
[robot_sound-23] amixer: Unable to find simple control 'PCM',0
[robot_sound-23] 
[robot_sound-23] [0m[INFO] [1775542656.440882689] [robot_sound_node]: 🔊 Playing sound: /home/smr/workspaces/mini_amr/amrROS2_ws/sounds/robot_target.wav[0m
[robot_sound-23] Playing WAVE '/home/smr/workspaces/mini_amr/amrROS2_ws/sounds/robot_target.wav' : Signed 16 bit Little Endian, Rate 44100 Hz, Mono
[delivery_robot_main_controller-22] [0m[INFO] [1775542656.473811396] [main_controller_node]: Successfully removed queue ID: 117[0m
[delivery_robot_main_controller-22] [0m[INFO] [1775542656.476284921] [main_controller_node]: Waiting 5s for LOAD_IN command...[0m
[delivery_robot_main_controller-22] [0m[INFO] [1775542656.479632535] [main_controller_node]: State change: AFTER_MOVE -> STANDBY[0m
[delivery_robot_main_controller-22] [0m[INFO] [1775542656.496936709] [main_controller_node]: Robot is in STANDBY mode.[0m
[delivery_robot_main_controller-22] [0m[INFO] [1775542656.518755992] [main_controller_node]: Current state: STANDBY, dock_state IDLE, charge_state NOT_CHARGE[0m
[delivery_robot_main_controller-22] [0m[INFO] [1775542656.623828151] [main_controller_node]: Enter to wait_for_load_in_loop and wait for timeout...in 4.856328725814819 seconds[0m
[delivery_robot_main_controller-22] [0m[INFO] [1775542657.177109939] [main_controller_node]: Current state: STANDBY, dock_state IDLE, charge_state NOT_CHARGE[0m
[delivery_robot_main_controller-22] [0m[INFO] [1775542657.346939974] [main_controller_node]: Enter to wait_for_load_in_loop and wait for timeout...in 4.130204439163208 seconds[0m
[delivery_robot_main_controller-22] [0m[INFO] [1775542658.250050670] [main_controller_node]: Current state: STANDBY, dock_state IDLE, charge_state NOT_CHARGE[0m
[call_robot_button-24] Error: Connection refused
[call_robot_button-24] 2026-04-07 13:17:38 mosquitto_pub -u smr -P smrbot25 -m "Pichet,false" -t "Rsp" -r
[call_robot_button-24] [0m[INFO] [1775542658.489000571] [call_robot_button_node]: call_switch notified: station=Pichet status=false.[0m
[delivery_robot_main_controller-22] [0m[INFO] [1775542659.169835274] [main_controller_node]: Current state: STANDBY, dock_state IDLE, charge_state NOT_CHARGE[0m
[delivery_robot_main_controller-22] [0m[INFO] [1775542659.277908853] [main_controller_node]: Enter to wait_for_load_in_loop and wait for timeout...in 2.1991283893585205 seconds[0m
[delivery_robot_main_controller-22] [0m[INFO] [1775542660.233358470] [main_controller_node]: Current state: STANDBY, dock_state IDLE, charge_state NOT_CHARGE[0m
[delivery_robot_main_controller-22] [0m[INFO] [1775542661.166089632] [main_controller_node]: Current state: STANDBY, dock_state IDLE, charge_state NOT_CHARGE[0m
[delivery_robot_main_controller-22] [0m[INFO] [1775542661.287133686] [main_controller_node]: Enter to wait_for_load_in_loop and wait for timeout...in 0.19138383865356445 seconds[0m
[delivery_robot_main_controller-22] [0m[INFO] [1775542662.214333906] [main_controller_node]: Current state: STANDBY, dock_state IDLE, charge_state NOT_CHARGE[0m
[delivery_robot_main_controller-22] [0m[INFO] [1775542663.232226242] [main_controller_node]: Current state: STANDBY, dock_state IDLE, charge_state NOT_CHARGE[0m
[delivery_robot_main_controller-22] [0m[INFO] [1775542663.311710063] [main_controller_node]: 1 pending queues [0m
[delivery_robot_main_controller-22] [0m[INFO] [1775542663.312772562] [main_controller_node]: Queue action: Request[0m
[delivery_robot_main_controller-22] [0m[INFO] [1775542663.386059884] [main_controller_node]: AGV start_pos: x=4.35, y=2.77[0m
[delivery_robot_main_controller-22] [0m[INFO] [1775542663.387285709] [main_controller_node]: AGV goal_pos: x=-4.57, y=2.26[0m
[delivery_robot_main_controller-22] [0m[INFO] [1775542663.387910725] [main_controller_node]: Path source: database routes[0m
[delivery_robot_main_controller-22] [0m[INFO] [1775542663.403307768] [main_controller_node]: Computed AGV path waypoints:[0m
[delivery_robot_main_controller-22] [0m[INFO] [1775542663.405482930] [main_controller_node]:   Waypoint 0: x=4.35, y=2.77[0m
[delivery_robot_main_controller-22] [0m[INFO] [1775542663.406215567] [main_controller_node]:   Waypoint 1: x=4.31, y=2.83[0m
[delivery_robot_main_controller-22] [0m[INFO] [1775542663.406964245] [main_controller_node]:   Waypoint 2: x=4.15, y=3.29[0m
[delivery_robot_main_controller-22] [0m[INFO] [1775542663.407625426] [main_controller_node]:   Waypoint 3: x=3.98, y=3.74[0m
[delivery_robot_main_controller-22] [0m[INFO] [1775542663.408393062] [main_controller_node]:   Waypoint 4: x=3.81, y=4.19[0m
[delivery_robot_main_controller-22] [0m[INFO] [1775542663.409217862] [main_controller_node]:   Waypoint 5: x=3.65, y=4.65[0m
[delivery_robot_main_controller-22] [0m[INFO] [1775542663.410021954] [main_controller_node]:   Waypoint 6: x=3.48, y=5.10[0m
[delivery_robot_main_controller-22] [0m[INFO] [1775542663.410789882] [main_controller_node]:   Waypoint 7: x=3.31, y=5.55[0m
[delivery_robot_main_controller-22] [0m[INFO] [1775542663.411464479] [main_controller_node]:   Waypoint 8: x=2.86, y=5.45[0m
[delivery_robot_main_controller-22] [0m[INFO] [1775542663.412179034] [main_controller_node]:   Waypoint 9: x=2.41, y=5.35[0m
[delivery_robot_main_controller-22] [0m[INFO] [1775542663.412850423] [main_controller_node]:   Waypoint 10: x=1.96, y=5.26[0m
[delivery_robot_main_controller-22] [0m[INFO] [1775542663.413586560] [main_controller_node]:   Waypoint 11: x=1.50, y=5.16[0m
[delivery_robot_main_controller-22] [0m[INFO] [1775542663.414276907] [main_controller_node]:   Waypoint 12: x=1.05, y=5.06[0m
[delivery_robot_main_controller-22] [0m[INFO] [1775542663.415100540] [main_controller_node]:   Waypoint 13: x=0.60, y=4.96[0m
[delivery_robot_main_controller-22] [0m[INFO] [1775542663.417401989] [main_controller_node]:   Waypoint 14: x=0.29, y=5.24[0m
[delivery_robot_main_controller-22] [0m[INFO] [1775542663.418367366] [main_controller_node]:   Waypoint 15: x=-0.01, y=5.52[0m
[delivery_robot_main_controller-22] [0m[INFO] [1775542663.419133543] [main_controller_node]:   Waypoint 16: x=-0.32, y=5.80[0m
[delivery_robot_main_controller-22] [0m[INFO] [1775542663.419898554] [main_controller_node]:   Waypoint 17: x=-0.63, y=6.07[0m
[delivery_robot_main_controller-22] [0m[INFO] [1775542663.423936224] [main_controller_node]:   Waypoint 18: x=-1.04, y=6.15[0m
[delivery_robot_main_controller-22] [0m[INFO] [1775542663.427082596] [main_controller_node]:   Waypoint 19: x=-1.45, y=6.23[0m
[delivery_robot_main_controller-22] [0m[INFO] [1775542663.428659282] [main_controller_node]:   Waypoint 20: x=-1.86, y=6.31[0m
[delivery_robot_main_controller-22] [0m[INFO] [1775542663.431398505] [main_controller_node]:   Waypoint 21: x=-2.27, y=6.39[0m
[delivery_robot_main_controller-22] [0m[INFO] [1775542663.432182765] [main_controller_node]:   Waypoint 22: x=-2.68, y=6.46[0m
[delivery_robot_main_controller-22] [0m[INFO] [1775542663.432957108] [main_controller_node]:   Waypoint 23: x=-3.09, y=6.54[0m
[delivery_robot_main_controller-22] [0m[INFO] [1775542663.433651247] [main_controller_node]:   Waypoint 24: x=-3.48, y=6.42[0m
[delivery_robot_main_controller-22] [0m[INFO] [1775542663.434331094] [main_controller_node]:   Waypoint 25: x=-3.86, y=6.30[0m
[delivery_robot_main_controller-22] [0m[INFO] [1775542663.435116521] [main_controller_node]:   Waypoint 26: x=-4.25, y=6.19[0m
[delivery_robot_main_controller-22] [0m[INFO] [1775542663.435915072] [main_controller_node]:   Waypoint 27: x=-4.63, y=6.07[0m
[delivery_robot_main_controller-22] [0m[INFO] [1775542663.436632543] [main_controller_node]:   Waypoint 28: x=-4.58, y=5.62[0m
[delivery_robot_main_controller-22] [0m[INFO] [1775542663.437336889] [main_controller_node]:   Waypoint 29: x=-4.53, y=5.18[0m
[delivery_robot_main_controller-22] [0m[INFO] [1775542663.438031611] [main_controller_node]:   Waypoint 30: x=-4.48, y=4.73[0m
[delivery_robot_main_controller-22] [0m[INFO] [1775542663.438798663] [main_controller_node]:   Waypoint 31: x=-4.43, y=4.29[0m
[delivery_robot_main_controller-22] [0m[INFO] [1775542663.439482886] [main_controller_node]:   Waypoint 32: x=-4.45, y=3.88[0m
[delivery_robot_main_controller-22] [0m[INFO] [1775542663.440145817] [main_controller_node]:   Waypoint 33: x=-4.48, y=3.48[0m
[delivery_robot_main_controller-22] [0m[INFO] [1775542663.440799707] [main_controller_node]:   Waypoint 34: x=-4.51, y=3.07[0m
[delivery_robot_main_controller-22] [0m[INFO] [1775542663.441483929] [main_controller_node]:   Waypoint 35: x=-4.54, y=2.66[0m
[delivery_robot_main_controller-22] [0m[INFO] [1775542663.442164360] [main_controller_node]:   Waypoint 36: x=-4.57, y=2.26[0m
[delivery_robot_main_controller-22] [0m[INFO] [1775542663.443738421] [main_controller_node]: Navigating with 37 goals....[0m
[bt_navigator-15] [INFO] [1775542663.445420103] [bt_navigator]: Begin navigating from current location through 37 poses to (-4.57, 2.26)
[controller_server-11] [INFO] [1775542663.446033745] [local_costmap.local_costmap]: Received request to clear entirely the local_costmap
[controller_server-11] [INFO] [1775542663.448649306] [local_costmap.local_costmap]: KeepoutFilter: Subscribing to "/keepout_costmap_filter_info" topic for filter info...
[delivery_robot_main_controller-22] [0m[INFO] [1775542663.454678978] [main_controller_node]: State change: STANDBY -> MOVE[0m
[planner_server-13] [INFO] [1775542663.453722059] [global_costmap.global_costmap]: Received request to clear entirely the global_costmap
[controller_server-11] [INFO] [1775542663.458249125] [local_costmap.local_costmap]: KeepoutFilter: Received filter info from /keepout_costmap_filter_info topic.
[controller_server-11] [INFO] [1775542663.458504906] [local_costmap.local_costmap]: KeepoutFilter: Subscribing to "/keepout_filter_mask" topic for filter mask...
[planner_server-13] [INFO] [1775542663.471581835] [global_costmap.global_costmap]: KeepoutFilter: Subscribing to "/keepout_costmap_filter_info" topic for filter info...
[controller_server-11] [WARN] [1775542663.481547389] [local_costmap.local_costmap]: KeepoutFilter: New filter mask arrived from /keepout_filter_mask topic. Updating old filter mask.
[planner_server-13] [INFO] [1775542663.484005748] [global_costmap.global_costmap]: KeepoutFilter: Received filter info from /keepout_costmap_filter_info topic.
[planner_server-13] [INFO] [1775542663.484142534] [global_costmap.global_costmap]: KeepoutFilter: Subscribing to "/keepout_filter_mask" topic for filter mask...
[delivery_robot_main_controller-22] [0m[INFO] [1775542663.489770598] [main_controller_node]: Robot is MOVING.[0m
[planner_server-13] [WARN] [1775542663.496746398] [global_costmap.global_costmap]: KeepoutFilter: New filter mask arrived from /keepout_filter_mask topic. Updating old filter mask.
[planner_server-13] [WARN] [1775542663.917210611] [planner_server]: Planner loop missed its desired rate of 5.0000 Hz. Current loop rate is 2.3880 Hz
[controller_server-11] [INFO] [1775542663.941732075] [controller_server]: Received a goal, begin computing control effort.
[controller_server-11] [INFO] [1775542664.143053251] [controller_server]: Passing new path to controller.
[controller_server-11] [INFO] [1775542664.242936578] [controller_server]: Passing new path to controller.
[controller_server-11] [INFO] [1775542664.444328334] [controller_server]: Passing new path to controller.
[call_robot_button-24] Error: Connection refused
[call_robot_button-24] 2026-04-07 13:17:44 mosquitto_pub -u smr -P smrbot25 -m "Oz,blink" -t "Rsp" -r
[call_robot_button-24] [0m[INFO] [1775542664.541228908] [call_robot_button_node]: call_switch notified: station=Oz status=blink.[0m
[controller_server-11] [INFO] [1775542664.542867716] [controller_server]: Passing new path to controller.
[controller_server-11] [INFO] [1775542664.742868862] [controller_server]: Passing new path to controller.
[controller_server-11] [INFO] [1775542664.842977930] [controller_server]: Passing new path to controller.
[controller_server-11] [INFO] [1775542664.942897131] [controller_server]: Passing new path to controller.
[localization_monitor-1] [WARN] [1775542665.005595049] [localization_monitor]: No pose update for 10.5s
[controller_server-11] [INFO] [1775542665.142900610] [controller_server]: Passing new path to controller.
[localization_monitor-21] [WARN] [1775542665.147635335] [localization_monitor]: No pose update for 10.6s
[controller_server-11] [INFO] [1775542665.242917516] [controller_server]: Passing new path to controller.
[controller_server-11] [INFO] [1775542665.442899995] [controller_server]: Passing new path to controller.
[controller_server-11] [INFO] [1775542665.542913401] [controller_server]: Passing new path to controller.
[controller_server-11] [INFO] [1775542665.742900547] [controller_server]: Passing new path to controller.
[controller_server-11] [INFO] [1775542665.842908411] [controller_server]: Passing new path to controller.
[localization_monitor-1] [WARN] [1775542666.005173211] [localization_monitor]: No pose update for 11.5s
[controller_server-11] [INFO] [1775542666.042906349] [controller_server]: Passing new path to controller.
[controller_server-11] [INFO] [1775542666.142978377] [controller_server]: Passing new path to controller.
[localization_monitor-21] [WARN] [1775542666.147661771] [localization_monitor]: No pose update for 11.6s
[controller_server-11] [INFO] [1775542666.242906036] [controller_server]: Passing new path to controller.
[controller_server-11] [INFO] [1775542666.442913598] [controller_server]: Passing new path to controller.
[controller_server-11] [INFO] [1775542666.542906296] [controller_server]: Passing new path to controller.
[controller_server-11] [INFO] [1775542666.742917066] [controller_server]: Passing new path to controller.
[controller_server-11] [INFO] [1775542666.842908306] [controller_server]: Passing new path to controller.
[controller_server-11] [INFO] [1775542667.042933659] [controller_server]: Passing new path to controller.
[controller_server-11] [INFO] [1775542667.142873860] [controller_server]: Passing new path to controller.
[controller_server-11] [INFO] [1775542667.242873557] [controller_server]: Passing new path to controller.
[controller_server-11] [INFO] [1775542667.442892494] [controller_server]: Passing new path to controller.
[controller_server-11] [INFO] [1775542667.542907650] [controller_server]: Passing new path to controller.
[controller_server-11] [INFO] [1775542667.642905014] [controller_server]: Passing new path to controller.
[controller_server-11] [INFO] [1775542667.742909087] [controller_server]: Passing new path to controller.
[controller_server-11] [INFO] [1775542667.942911107] [controller_server]: Passing new path to controller.
[controller_server-11] [INFO] [1775542668.042911097] [controller_server]: Passing new path to controller.
[controller_server-11] [INFO] [1775542668.142907295] [controller_server]: Passing new path to controller.
[controller_server-11] [INFO] [1775542668.242905826] [controller_server]: Passing new path to controller.
[controller_server-11] [INFO] [1775542668.442909597] [controller_server]: Passing new path to controller.
[controller_server-11] [INFO] [1775542668.542904336] [controller_server]: Passing new path to controller.
[controller_server-11] [INFO] [1775542668.642905201] [controller_server]: Passing new path to controller.
[controller_server-11] [INFO] [1775542668.842911013] [controller_server]: Passing new path to controller.
[controller_server-11] [INFO] [1775542668.942949501] [controller_server]: Passing new path to controller.
[controller_server-11] [INFO] [1775542669.042912450] [controller_server]: Passing new path to controller.
[controller_server-11] [INFO] [1775542669.242907179] [controller_server]: Passing new path to controller.
[controller_server-11] [INFO] [1775542669.342913877] [controller_server]: Passing new path to controller.
[controller_server-11] [INFO] [1775542669.442907742] [controller_server]: Passing new path to controller.
[controller_server-11] [INFO] [1775542669.642916179] [controller_server]: Passing new path to controller.
[controller_server-11] [INFO] [1775542669.742905085] [controller_server]: Passing new path to controller.
[controller_server-11] [INFO] [1775542669.942911772] [controller_server]: Passing new path to controller.
[controller_server-11] [INFO] [1775542670.042915845] [controller_server]: Passing new path to controller.
[controller_server-11] [INFO] [1775542670.142905627] [controller_server]: Passing new path to controller.
[controller_server-11] [INFO] [1775542670.342872357] [controller_server]: Passing new path to controller.
[controller_server-11] [INFO] [1775542670.442873221] [controller_server]: Passing new path to controller.
[controller_server-11] [INFO] [1775542670.642900616] [controller_server]: Passing new path to controller.
[controller_server-11] [INFO] [1775542670.742901772] [controller_server]: Passing new path to controller.
[controller_server-11] [INFO] [1775542670.942906126] [controller_server]: Passing new path to controller.
[controller_server-11] [INFO] [1775542671.042911657] [controller_server]: Passing new path to controller.
[controller_server-11] [INFO] [1775542671.142909313] [controller_server]: Passing new path to controller.
[controller_server-11] [INFO] [1775542671.342911334] [controller_server]: Passing new path to controller.
[controller_server-11] [INFO] [1775542671.442912490] [controller_server]: Passing new path to controller.
[controller_server-11] [INFO] [1775542671.542906063] [controller_server]: Passing new path to controller.
[controller_server-11] [INFO] [1775542671.742918000] [controller_server]: Passing new path to controller.
[controller_server-11] [INFO] [1775542671.842914781] [controller_server]: Passing new path to controller.
[controller_server-11] [INFO] [1775542672.042907760] [controller_server]: Passing new path to controller.
[controller_server-11] [INFO] [1775542672.142909791] [controller_server]: Passing new path to controller.
[controller_server-11] [INFO] [1775542672.243061733] [controller_server]: Passing new path to controller.
[controller_server-11] [INFO] [1775542672.442874470] [controller_server]: Passing new path to controller.
[controller_server-11] [INFO] [1775542672.542868334] [controller_server]: Passing new path to controller.
[controller_server-11] [INFO] [1775542672.742871230] [controller_server]: Passing new path to controller.
[controller_server-11] [INFO] [1775542672.842876469] [controller_server]: Passing new path to controller.
[controller_server-11] [INFO] [1775542673.042870323] [controller_server]: Passing new path to controller.
[controller_server-11] [INFO] [1775542673.142870896] [controller_server]: Passing new path to controller.
[controller_server-11] [INFO] [1775542673.242872927] [controller_server]: Passing new path to controller.
[collision_monitor-18] [INFO] [1775542673.260026316] [collision_monitor]: Robot to approach for 1.500000 seconds away from collision
[controller_server-11] [INFO] [1775542673.352444737] [controller_server]: Optimizer reset
[controller_server-11] [INFO] [1775542673.361508203] [controller_server]: Optimizer reset
[controller_server-11] [WARN] [1775542673.380541015] [controller_server]: Optimizer fail to compute path
[controller_server-11] [INFO] [1775542673.443034483] [controller_server]: Passing new path to controller.
[collision_monitor-18] [INFO] [1775542673.488056367] [collision_monitor]: Robot to continue normal operation
[controller_server-11] [INFO] [1775542673.544681448] [controller_server]: Passing new path to controller.
[controller_server-11] [INFO] [1775542673.742909040] [controller_server]: Passing new path to controller.
[controller_server-11] [INFO] [1775542673.842909905] [controller_server]: Passing new path to controller.
[controller_server-11] [INFO] [1775542674.042908425] [controller_server]: Passing new path to controller.
[controller_server-11] [INFO] [1775542674.142887416] [controller_server]: Passing new path to controller.
[controller_server-11] [INFO] [1775542674.342909560] [controller_server]: Passing new path to controller.
[controller_server-11] [INFO] [1775542674.442908092] [controller_server]: Passing new path to controller.
[controller_server-11] [INFO] [1775542674.542879791] [controller_server]: Passing new path to controller.
[controller_server-11] [INFO] [1775542674.742913018] [controller_server]: Passing new path to controller.
[controller_server-11] [INFO] [1775542674.842879176] [controller_server]: Passing new path to controller.
[controller_server-11] [INFO] [1775542674.942869541] [controller_server]: Passing new path to controller.
[controller_server-11] [INFO] [1775542675.142872436] [controller_server]: Passing new path to controller.
[controller_server-11] [INFO] [1775542675.242869509] [controller_server]: Passing new path to controller.
[controller_server-11] [INFO] [1775542675.442914403] [controller_server]: Passing new path to controller.
[controller_server-11] [INFO] [1775542675.542906518] [controller_server]: Passing new path to controller.
[controller_server-11] [INFO] [1775542675.642876759] [controller_server]: Passing new path to controller.
[controller_server-11] [INFO] [1775542675.842877904] [controller_server]: Passing new path to controller.
[controller_server-11] [INFO] [1775542675.942912892] [controller_server]: Passing new path to controller.
[planner_server-13] [WARN] [1775542676.018371876] [planner_server]: GridBased plugin failed to plan from (3.30, 5.55) to (2.86, 5.45): "no valid path found"
[planner_server-13] [WARN] [1775542676.018529078] [planner_server]: [compute_path_through_poses] [ActionServer] Aborting handle.
[planner_server-13] [INFO] [1775542676.034917456] [global_costmap.global_costmap]: Received request to clear entirely the global_costmap
[planner_server-13] [INFO] [1775542676.042431360] [global_costmap.global_costmap]: KeepoutFilter: Subscribing to "/keepout_costmap_filter_info" topic for filter info...
[planner_server-13] [INFO] [1775542676.052199172] [global_costmap.global_costmap]: KeepoutFilter: Received filter info from /keepout_costmap_filter_info topic.
[planner_server-13] [INFO] [1775542676.052390498] [global_costmap.global_costmap]: KeepoutFilter: Subscribing to "/keepout_filter_mask" topic for filter mask...
[planner_server-13] [WARN] [1775542676.060878820] [global_costmap.global_costmap]: KeepoutFilter: New filter mask arrived from /keepout_filter_mask topic. Updating old filter mask.
[planner_server-13] [WARN] [1775542676.414418161] [planner_server]: GridBased plugin failed to plan from (3.30, 5.55) to (2.86, 5.45): "no valid path found"
[planner_server-13] [WARN] [1775542676.415295167] [planner_server]: [compute_path_through_poses] [ActionServer] Aborting handle.
[controller_server-11] [INFO] [1775542676.442876091] [controller_server]: Cancellation was successful. Stopping the robot.
[controller_server-11] [INFO] [1775542676.443037668] [controller_server]: [follow_path] [ActionServer] Client requested to cancel the goal. Cancelling.
[controller_server-11] [INFO] [1775542676.443902716] [controller_server]: Optimizer reset
[bt_navigator-15] [WARN] [1775542676.445490485] [bt_navigator]: [navigate_through_poses] [ActionServer] Aborting handle.
[bt_navigator-15] [ERROR] [1775542676.446508652] [bt_navigator]: Goal failed
[delivery_robot_main_controller-22] [33m[WARN] [1775542676.526179716] [main_controller_node]: Goal failed! (obstacle retry 1/5)[0m
[delivery_robot_main_controller-22] [0m[INFO] [1775542676.528707780] [main_controller_node]: Published message: "obstacle_alert"[0m
[robot_sound-23] [0m[INFO] [1775542676.528976977] [robot_sound_node]: 🔔 Received sound command: obstacle_alert[0m
[delivery_robot_main_controller-22] [0m[INFO] [1775542676.531664868] [main_controller_node]: State change: MOVE -> RETRYING[0m
[delivery_robot_main_controller-22] [0m[INFO] [1775542676.548412565] [main_controller_node]: RETRYING: re-sending goal x=-4.57 y=2.26 yaw=0.00 mode=agv[0m
[delivery_robot_main_controller-22] [0m[INFO] [1775542676.549042831] [main_controller_node]: AGV start_pos: x=3.54, y=4.28[0m
[delivery_robot_main_controller-22] [0m[INFO] [1775542676.549636348] [main_controller_node]: AGV goal_pos: x=-4.57, y=2.26[0m
[delivery_robot_main_controller-22] [0m[INFO] [1775542676.550313279] [main_controller_node]: Path source: database routes[0m
[delivery_robot_main_controller-22] [0m[INFO] [1775542676.552706016] [main_controller_node]: Current state: RETRYING, dock_state IDLE, charge_state NOT_CHARGE[0m
[robot_sound-23] amixer: Unable to find simple control 'PCM',0
[robot_sound-23] 
[robot_sound-23] [0m[INFO] [1775542676.566176970] [robot_sound_node]: 🔊 Playing sound: /home/smr/workspaces/mini_amr/amrROS2_ws/sounds/robot_obstacle.wav[0m
[delivery_robot_main_controller-22] [0m[INFO] [1775542676.575722541] [main_controller_node]: Computed AGV path waypoints:[0m
[delivery_robot_main_controller-22] [0m[INFO] [1775542676.585877088] [main_controller_node]:   Waypoint 0: x=3.54, y=4.28[0m
[delivery_robot_main_controller-22] [0m[INFO] [1775542676.591618897] [main_controller_node]:   Waypoint 1: x=3.47, y=4.70[0m
[delivery_robot_main_controller-22] [0m[INFO] [1775542676.595278874] [main_controller_node]:   Waypoint 2: x=3.39, y=5.13[0m
[delivery_robot_main_controller-22] [0m[INFO] [1775542676.596062842] [main_controller_node]:   Waypoint 3: x=3.31, y=5.55[0m
[delivery_robot_main_controller-22] [0m[INFO] [1775542676.596878017] [main_controller_node]:   Waypoint 4: x=2.86, y=5.45[0m
[delivery_robot_main_controller-22] [0m[INFO] [1775542676.597703109] [main_controller_node]:   Waypoint 5: x=2.41, y=5.35[0m
[robot_sound-23] Playing WAVE '/home/smr/workspaces/mini_amr/amrROS2_ws/sounds/robot_obstacle.wav' : Signed 16 bit Little Endian, Rate 44100 Hz, Mono
[delivery_robot_main_controller-22] [0m[INFO] [1775542676.613548425] [main_controller_node]:   Waypoint 6: x=1.96, y=5.26[0m
[delivery_robot_main_controller-22] [0m[INFO] [1775542676.614473554] [main_controller_node]:   Waypoint 7: x=1.50, y=5.16[0m
[delivery_robot_main_controller-22] [0m[INFO] [1775542676.615451181] [main_controller_node]:   Waypoint 8: x=1.05, y=5.06[0m
[delivery_robot_main_controller-22] [0m[INFO] [1775542676.626357323] [main_controller_node]:   Waypoint 9: x=0.60, y=4.96[0m
[delivery_robot_main_controller-22] [0m[INFO] [1775542676.627849137] [main_controller_node]:   Waypoint 10: x=0.29, y=5.24[0m
[delivery_robot_main_controller-22] [0m[INFO] [1775542676.628969092] [main_controller_node]:   Waypoint 11: x=-0.01, y=5.52[0m
[delivery_robot_main_controller-22] [0m[INFO] [1775542676.629693563] [main_controller_node]:   Waypoint 12: x=-0.32, y=5.80[0m
[delivery_robot_main_controller-22] [0m[INFO] [1775542676.630909180] [main_controller_node]:   Waypoint 13: x=-0.63, y=6.07[0m
[delivery_robot_main_controller-22] [0m[INFO] [1775542676.631834601] [main_controller_node]:   Waypoint 14: x=-1.04, y=6.15[0m
[delivery_robot_main_controller-22] [0m[INFO] [1775542676.645089439] [main_controller_node]:   Waypoint 15: x=-1.45, y=6.23[0m
[delivery_robot_main_controller-22] [0m[INFO] [1775542676.647055776] [main_controller_node]:   Waypoint 16: x=-1.86, y=6.31[0m
[delivery_robot_main_controller-22] [0m[INFO] [1775542676.648942783] [main_controller_node]:   Waypoint 17: x=-2.27, y=6.39[0m
[delivery_robot_main_controller-22] [0m[INFO] [1775542676.653755379] [main_controller_node]:   Waypoint 18: x=-2.68, y=6.46[0m
[delivery_robot_main_controller-22] [0m[INFO] [1775542676.654636760] [main_controller_node]:   Waypoint 19: x=-3.09, y=6.54[0m
[delivery_robot_main_controller-22] [0m[INFO] [1775542676.655332065] [main_controller_node]:   Waypoint 20: x=-3.48, y=6.42[0m
[delivery_robot_main_controller-22] [0m[INFO] [1775542676.656008996] [main_controller_node]:   Waypoint 21: x=-3.86, y=6.30[0m
[delivery_robot_main_controller-22] [0m[INFO] [1775542676.656653845] [main_controller_node]:   Waypoint 22: x=-4.25, y=6.19[0m
[delivery_robot_main_controller-22] [0m[INFO] [1775542676.669398870] [main_controller_node]:   Waypoint 23: x=-4.63, y=6.07[0m
[delivery_robot_main_controller-22] [0m[INFO] [1775542676.670130049] [main_controller_node]:   Waypoint 24: x=-4.58, y=5.62[0m
[delivery_robot_main_controller-22] [0m[INFO] [1775542676.693851796] [main_controller_node]:   Waypoint 25: x=-4.53, y=5.18[0m
[delivery_robot_main_controller-22] [0m[INFO] [1775542676.694908462] [main_controller_node]:   Waypoint 26: x=-4.48, y=4.73[0m
[delivery_robot_main_controller-22] [0m[INFO] [1775542676.696748804] [main_controller_node]:   Waypoint 27: x=-4.43, y=4.29[0m
[delivery_robot_main_controller-22] [0m[INFO] [1775542676.697538022] [main_controller_node]:   Waypoint 28: x=-4.45, y=3.88[0m
[delivery_robot_main_controller-22] [0m[INFO] [1775542676.698311491] [main_controller_node]:   Waypoint 29: x=-4.48, y=3.48[0m
[delivery_robot_main_controller-22] [0m[INFO] [1775542676.699005046] [main_controller_node]:   Waypoint 30: x=-4.51, y=3.07[0m
[delivery_robot_main_controller-22] [0m[INFO] [1775542676.699691893] [main_controller_node]:   Waypoint 31: x=-4.54, y=2.66[0m
[delivery_robot_main_controller-22] [0m[INFO] [1775542676.700369407] [main_controller_node]:   Waypoint 32: x=-4.57, y=2.26[0m
[delivery_robot_main_controller-22] [0m[INFO] [1775542676.704815685] [main_controller_node]: Navigating with 33 goals....[0m
[bt_navigator-15] [INFO] [1775542676.707876020] [bt_navigator]: Begin navigating from current location through 33 poses to (-4.57, 2.26)
[controller_server-11] [INFO] [1775542676.708987808] [local_costmap.local_costmap]: Received request to clear entirely the local_costmap
[controller_server-11] [INFO] [1775542676.718988653] [local_costmap.local_costmap]: KeepoutFilter: Subscribing to "/keepout_costmap_filter_info" topic for filter info...
[delivery_robot_main_controller-22] [0m[INFO] [1775542676.720174813] [main_controller_node]: State change: RETRYING -> MOVE[0m
[controller_server-11] [INFO] [1775542676.727672384] [local_costmap.local_costmap]: KeepoutFilter: Received filter info from /keepout_costmap_filter_info topic.
[controller_server-11] [INFO] [1775542676.727853502] [local_costmap.local_costmap]: KeepoutFilter: Subscribing to "/keepout_filter_mask" topic for filter mask...
[planner_server-13] [INFO] [1775542676.730503769] [global_costmap.global_costmap]: Received request to clear entirely the global_costmap
[planner_server-13] [INFO] [1775542676.736102084] [global_costmap.global_costmap]: KeepoutFilter: Subscribing to "/keepout_costmap_filter_info" topic for filter info...
[controller_server-11] [WARN] [1775542676.745956227] [local_costmap.local_costmap]: KeepoutFilter: New filter mask arrived from /keepout_filter_mask topic. Updating old filter mask.
[planner_server-13] [INFO] [1775542676.748315131] [global_costmap.global_costmap]: KeepoutFilter: Received filter info from /keepout_costmap_filter_info topic.
[planner_server-13] [INFO] [1775542676.748455417] [global_costmap.global_costmap]: KeepoutFilter: Subscribing to "/keepout_filter_mask" topic for filter mask...
[delivery_robot_main_controller-22] [0m[INFO] [1775542676.748870442] [main_controller_node]: Robot is MOVING.[0m
[planner_server-13] [WARN] [1775542676.760302145] [global_costmap.global_costmap]: KeepoutFilter: New filter mask arrived from /keepout_filter_mask topic. Updating old filter mask.
[planner_server-13] [WARN] [1775542676.950673431] [planner_server]: GridBased plugin failed to plan from (3.25, 5.55) to (2.86, 5.45): "no valid path found"
[planner_server-13] [WARN] [1775542676.950830633] [planner_server]: [compute_path_through_poses] [ActionServer] Aborting handle.
[planner_server-13] [INFO] [1775542676.969897860] [global_costmap.global_costmap]: Received request to clear entirely the global_costmap
[planner_server-13] [INFO] [1775542676.975096608] [global_costmap.global_costmap]: KeepoutFilter: Subscribing to "/keepout_costmap_filter_info" topic for filter info...
[planner_server-13] [INFO] [1775542676.985548643] [global_costmap.global_costmap]: KeepoutFilter: Received filter info from /keepout_costmap_filter_info topic.
[planner_server-13] [INFO] [1775542676.985819007] [global_costmap.global_costmap]: KeepoutFilter: Subscribing to "/keepout_filter_mask" topic for filter mask...
[planner_server-13] [WARN] [1775542676.992680771] [global_costmap.global_costmap]: KeepoutFilter: New filter mask arrived from /keepout_filter_mask topic. Updating old filter mask.
[delivery_robot_main_controller-22] [0m[INFO] [1775542677.225245472] [main_controller_node]: Current state: MOVE, dock_state IDLE, charge_state NOT_CHARGE[0m
[planner_server-13] [INFO] [1775542677.384796423] [global_costmap.global_costmap]: StaticLayer: Resizing costmap to 282 X 287 at 0.050000 m/pix
[planner_server-13] [WARN] [1775542677.438116471] [planner_server]: Planner loop missed its desired rate of 5.0000 Hz. Current loop rate is 2.2307 Hz
[controller_server-11] [INFO] [1775542677.460650891] [controller_server]: Received a goal, begin computing control effort.
[controller_server-11] [INFO] [1775542677.660967607] [controller_server]: Passing new path to controller.
[controller_server-11] [INFO] [1775542677.760878642] [controller_server]: Passing new path to controller.
[controller_server-11] [INFO] [1775542677.860885339] [controller_server]: Passing new path to controller.
[controller_server-11] [INFO] [1775542678.060917400] [controller_server]: Passing new path to controller.
[controller_server-11] [INFO] [1775542678.160879475] [controller_server]: Passing new path to controller.
[controller_server-11] [INFO] [1775542678.260889964] [controller_server]: Passing new path to controller.
[delivery_robot_main_controller-22] [0m[INFO] [1775542678.303328953] [main_controller_node]: Current state: MOVE, dock_state IDLE, charge_state NOT_CHARGE[0m
[controller_server-11] [INFO] [1775542678.460876818] [controller_server]: Passing new path to controller.
[controller_server-11] [INFO] [1775542678.561868143] [controller_server]: Passing new path to controller.
[controller_server-11] [INFO] [1775542678.760908869] [controller_server]: Passing new path to controller.
[controller_server-11] [INFO] [1775542678.860914692] [controller_server]: Passing new path to controller.
[controller_server-11] [INFO] [1775542678.961347497] [controller_server]: Passing new path to controller.
[controller_server-11] [INFO] [1775542679.160924868] [controller_server]: Passing new path to controller.
[delivery_robot_main_controller-22] [0m[INFO] [1775542679.200849792] [main_controller_node]: Current state: MOVE, dock_state IDLE, charge_state NOT_CHARGE[0m
[controller_server-11] [INFO] [1775542679.260912025] [controller_server]: Passing new path to controller.
[controller_server-11] [INFO] [1775542679.360891015] [controller_server]: Passing new path to controller.
[controller_server-11] [INFO] [1775542679.560878744] [controller_server]: Passing new path to controller.
[controller_server-11] [INFO] [1775542679.661020770] [controller_server]: Passing new path to controller.
[controller_server-11] [INFO] [1775542679.860920128] [controller_server]: Passing new path to controller.
[controller_server-11] [INFO] [1775542679.960923326] [controller_server]: Passing new path to controller.
[controller_server-11] [INFO] [1775542680.060951897] [controller_server]: Passing new path to controller.
[delivery_robot_main_controller-22] [0m[INFO] [1775542680.236125632] [main_controller_node]: Current state: MOVE, dock_state IDLE, charge_state NOT_CHARGE[0m
[controller_server-11] [INFO] [1775542680.261037915] [controller_server]: Passing new path to controller.
[controller_server-11] [INFO] [1775542680.361640463] [controller_server]: Passing new path to controller.
[controller_server-11] [INFO] [1775542680.460946022] [controller_server]: Passing new path to controller.
[controller_server-11] [INFO] [1775542680.560902264] [controller_server]: Passing new path to controller.
[controller_server-11] [INFO] [1775542680.760956199] [controller_server]: Passing new path to controller.
[controller_server-11] [INFO] [1775542680.861451126] [controller_server]: Passing new path to controller.
[controller_server-11] [INFO] [1775542681.060878295] [controller_server]: Passing new path to controller.
[controller_server-11] [INFO] [1775542681.160883243] [controller_server]: Passing new path to controller.
[delivery_robot_main_controller-22] [0m[INFO] [1775542681.189320466] [main_controller_node]: Current state: MOVE, dock_state IDLE, charge_state NOT_CHARGE[0m
[controller_server-11] [INFO] [1775542681.260871858] [controller_server]: Passing new path to controller.
[controller_server-11] [INFO] [1775542681.460896044] [controller_server]: Passing new path to controller.
[controller_server-11] [INFO] [1775542681.560904492] [controller_server]: Passing new path to controller.
[controller_server-11] [INFO] [1775542681.660926355] [controller_server]: Passing new path to controller.
[controller_server-11] [INFO] [1775542681.861777383] [controller_server]: Passing new path to controller.
[controller_server-11] [INFO] [1775542681.961080318] [controller_server]: Passing new path to controller.
[controller_server-11] [INFO] [1775542682.160947594] [controller_server]: Passing new path to controller.
[delivery_robot_main_controller-22] [0m[INFO] [1775542682.189117952] [main_controller_node]: Current state: MOVE, dock_state IDLE, charge_state NOT_CHARGE[0m
[controller_server-11] [INFO] [1775542682.260948458] [controller_server]: Passing new path to controller.
[controller_server-11] [INFO] [1775542682.460906730] [controller_server]: Passing new path to controller.
[controller_server-11] [INFO] [1775542682.560879013] [controller_server]: Passing new path to controller.
[controller_server-11] [INFO] [1775542682.660876961] [controller_server]: Passing new path to controller.
[controller_server-11] [INFO] [1775542682.860932354] [controller_server]: Passing new path to controller.
[controller_server-11] [INFO] [1775542682.960914844] [controller_server]: Passing new path to controller.
[controller_server-11] [INFO] [1775542683.061027121] [controller_server]: Passing new path to controller.
[delivery_robot_main_controller-22] [0m[INFO] [1775542683.202579177] [main_controller_node]: Current state: MOVE, dock_state IDLE, charge_state NOT_CHARGE[0m
[controller_server-11] [INFO] [1775542683.260885939] [controller_server]: Passing new path to controller.
[controller_server-11] [INFO] [1775542683.360912177] [controller_server]: Passing new path to controller.
[controller_server-11] [INFO] [1775542683.560891741] [controller_server]: Passing new path to controller.
[controller_server-11] [INFO] [1775542683.661350503] [controller_server]: Passing new path to controller.
[controller_server-11] [INFO] [1775542683.760882387] [controller_server]: Passing new path to controller.
[controller_server-11] [INFO] [1775542683.960943321] [controller_server]: Passing new path to controller.
[controller_server-11] [INFO] [1775542684.061059098] [controller_server]: Passing new path to controller.
[controller_server-11] [INFO] [1775542684.160941259] [controller_server]: Passing new path to controller.
[delivery_robot_main_controller-22] [0m[INFO] [1775542684.226131951] [main_controller_node]: Current state: MOVE, dock_state IDLE, charge_state NOT_CHARGE[0m
[controller_server-11] [INFO] [1775542684.361056442] [controller_server]: Passing new path to controller.
[controller_server-11] [INFO] [1775542684.461335253] [controller_server]: Passing new path to controller.
[controller_server-11] [INFO] [1775542684.561125834] [controller_server]: Passing new path to controller.
[controller_server-11] [INFO] [1775542684.760877032] [controller_server]: Passing new path to controller.
[controller_server-11] [INFO] [1775542684.860888688] [controller_server]: Passing new path to controller.
[controller_server-11] [INFO] [1775542685.060923665] [controller_server]: Passing new path to controller.
[controller_server-11] [INFO] [1775542685.160910822] [controller_server]: Passing new path to controller.
[delivery_robot_main_controller-22] [0m[INFO] [1775542685.192794530] [main_controller_node]: Current state: MOVE, dock_state IDLE, charge_state NOT_CHARGE[0m
[controller_server-11] [INFO] [1775542685.260924519] [controller_server]: Passing new path to controller.
[controller_server-11] [INFO] [1775542685.360884552] [controller_server]: Passing new path to controller.
[controller_server-11] [INFO] [1775542685.560885697] [controller_server]: Passing new path to controller.
[controller_server-11] [INFO] [1775542685.664673117] [controller_server]: Passing new path to controller.
[controller_server-11] [INFO] [1775542685.760866719] [controller_server]: Passing new path to controller.
[controller_server-11] [INFO] [1775542685.960909280] [controller_server]: Passing new path to controller.
[controller_server-11] [INFO] [1775542686.060893520] [controller_server]: Passing new path to controller.
[controller_server-11] [INFO] [1775542686.160879801] [controller_server]: Passing new path to controller.
[delivery_robot_main_controller-22] [0m[INFO] [1775542686.186560302] [main_controller_node]: Current state: MOVE, dock_state IDLE, charge_state NOT_CHARGE[0m
[controller_server-11] [INFO] [1775542686.360871906] [controller_server]: Passing new path to controller.
[controller_server-11] [INFO] [1775542686.460887936] [controller_server]: Passing new path to controller.
[controller_server-11] [INFO] [1775542686.660887332] [controller_server]: Passing new path to controller.
[controller_server-11] [INFO] [1775542686.760887613] [controller_server]: Passing new path to controller.
[controller_server-11] [INFO] [1775542686.960926090] [controller_server]: Passing new path to controller.
[controller_server-11] [INFO] [1775542687.060907706] [controller_server]: Passing new path to controller.
[controller_server-11] [INFO] [1775542687.160915278] [controller_server]: Passing new path to controller.
[delivery_robot_main_controller-22] [0m[INFO] [1775542687.187807022] [main_controller_node]: Current state: MOVE, dock_state IDLE, charge_state NOT_CHARGE[0m
[controller_server-11] [INFO] [1775542687.360912632] [controller_server]: Passing new path to controller.
[planner_server-13] [INFO] [1775542687.387529345] [global_costmap.global_costmap]: StaticLayer: Resizing costmap to 276 X 287 at 0.050000 m/pix
[controller_server-11] [INFO] [1775542687.462244026] [controller_server]: Passing new path to controller.
[controller_server-11] [INFO] [1775542687.560889571] [controller_server]: Passing new path to controller.
[controller_server-11] [INFO] [1775542687.660944100] [controller_server]: Passing new path to controller.
[controller_server-11] [INFO] [1775542687.860918413] [controller_server]: Passing new path to controller.
[controller_server-11] [INFO] [1775542687.960866488] [controller_server]: Passing new path to controller.
[controller_server-11] [INFO] [1775542688.160903215] [controller_server]: Passing new path to controller.
[delivery_robot_main_controller-22] [0m[INFO] [1775542688.247366045] [main_controller_node]: Current state: MOVE, dock_state IDLE, charge_state NOT_CHARGE[0m
[controller_server-11] [INFO] [1775542688.260944912] [controller_server]: Passing new path to controller.
[controller_server-11] [INFO] [1775542688.360888320] [controller_server]: Passing new path to controller.
[controller_server-11] [INFO] [1775542688.560917173] [controller_server]: Passing new path to controller.
[controller_server-11] [INFO] [1775542688.660910746] [controller_server]: Passing new path to controller.
[controller_server-11] [INFO] [1775542688.860910142] [controller_server]: Passing new path to controller.
[controller_server-11] [INFO] [1775542688.960998503] [controller_server]: Passing new path to controller.
[controller_server-11] [INFO] [1775542689.060873080] [controller_server]: Passing new path to controller.
[delivery_robot_main_controller-22] [0m[INFO] [1775542689.218822847] [main_controller_node]: Current state: MOVE, dock_state IDLE, charge_state NOT_CHARGE[0m
[controller_server-11] [INFO] [1775542689.260956473] [controller_server]: Passing new path to controller.
[controller_server-11] [INFO] [1775542689.360884132] [controller_server]: Passing new path to controller.
[controller_server-11] [INFO] [1775542689.560948275] [controller_server]: Passing new path to controller.
[controller_server-11] [INFO] [1775542689.660919682] [controller_server]: Passing new path to controller.
[controller_server-11] [INFO] [1775542689.760940671] [controller_server]: Passing new path to controller.
[controller_server-11] [INFO] [1775542689.960867736] [controller_server]: Passing new path to controller.
[controller_server-11] [INFO] [1775542690.060875309] [controller_server]: Passing new path to controller.
[controller_server-11] [INFO] [1775542690.160877340] [controller_server]: Passing new path to controller.
[delivery_robot_main_controller-22] [0m[INFO] [1775542690.186159440] [main_controller_node]: Current state: MOVE, dock_state IDLE, charge_state NOT_CHARGE[0m
[controller_server-11] [INFO] [1775542690.260886079] [controller_server]: Passing new path to controller.
[controller_server-11] [INFO] [1775542690.460872350] [controller_server]: Passing new path to controller.
[controller_server-11] [INFO] [1775542690.560894505] [controller_server]: Passing new path to controller.
[controller_server-11] [INFO] [1775542690.760879318] [controller_server]: Passing new path to controller.
[controller_server-11] [INFO] [1775542690.860879599] [controller_server]: Passing new path to controller.
[controller_server-11] [INFO] [1775542690.960882797] [controller_server]: Passing new path to controller.
[controller_server-11] [INFO] [1775542691.160906984] [controller_server]: Passing new path to controller.
[delivery_robot_main_controller-22] [0m[INFO] [1775542691.223225167] [main_controller_node]: Current state: MOVE, dock_state IDLE, charge_state NOT_CHARGE[0m
[controller_server-11] [INFO] [1775542691.260907265] [controller_server]: Passing new path to controller.
[controller_server-11] [INFO] [1775542691.360880714] [controller_server]: Passing new path to controller.
[controller_server-11] [INFO] [1775542691.560887401] [controller_server]: Passing new path to controller.
[controller_server-11] [INFO] [1775542691.661006385] [controller_server]: Passing new path to controller.
[controller_server-11] [INFO] [1775542691.860918576] [controller_server]: Passing new path to controller.
[controller_server-11] [INFO] [1775542691.960995854] [controller_server]: Passing new path to controller.
[controller_server-11] [INFO] [1775542692.060884432] [controller_server]: Passing new path to controller.
[delivery_robot_main_controller-22] [0m[INFO] [1775542692.187799497] [main_controller_node]: Current state: MOVE, dock_state IDLE, charge_state NOT_CHARGE[0m
[controller_server-11] [INFO] [1775542692.262384975] [controller_server]: Passing new path to controller.
[controller_server-11] [INFO] [1775542692.361019728] [controller_server]: Passing new path to controller.
[controller_server-11] [INFO] [1775542692.461160003] [controller_server]: Passing new path to controller.
[controller_server-11] [INFO] [1775542692.660875911] [controller_server]: Passing new path to controller.
[controller_server-11] [INFO] [1775542692.760918482] [controller_server]: Passing new path to controller.
[controller_server-11] [INFO] [1775542692.961126411] [controller_server]: Passing new path to controller.
[controller_server-11] [INFO] [1775542693.060874410] [controller_server]: Passing new path to controller.
[controller_server-11] [INFO] [1775542693.161337548] [controller_server]: Passing new path to controller.
[delivery_robot_main_controller-22] [0m[INFO] [1775542693.263068800] [main_controller_node]: Current state: MOVE, dock_state IDLE, charge_state NOT_CHARGE[0m
[controller_server-11] [INFO] [1775542693.360901503] [controller_server]: Passing new path to controller.
[controller_server-11] [INFO] [1775542693.461117025] [controller_server]: Passing new path to controller.
[controller_server-11] [INFO] [1775542693.560871150] [controller_server]: Passing new path to controller.
[controller_server-11] [INFO] [1775542693.660876681] [controller_server]: Passing new path to controller.
[controller_server-11] [INFO] [1775542693.860895325] [controller_server]: Passing new path to controller.
[controller_server-11] [INFO] [1775542693.960917189] [controller_server]: Passing new path to controller.
[controller_server-11] [INFO] [1775542694.061004092] [controller_server]: Passing new path to controller.
[controller_server-11] [INFO] [1775542694.162278030] [controller_server]: Passing new path to controller.
[delivery_robot_main_controller-22] [0m[INFO] [1775542694.241889304] [main_controller_node]: Current state: MOVE, dock_state IDLE, charge_state NOT_CHARGE[0m
[controller_server-11] [INFO] [1775542694.360918022] [controller_server]: Passing new path to controller.
[controller_server-11] [INFO] [1775542694.460883305] [controller_server]: Passing new path to controller.
[controller_server-11] [INFO] [1775542694.660876576] [controller_server]: Passing new path to controller.
[controller_server-11] [INFO] [1775542694.760873357] [controller_server]: Passing new path to controller.
[controller_server-11] [INFO] [1775542694.860877721] [controller_server]: Passing new path to controller.
[controller_server-11] [INFO] [1775542694.960879461] [controller_server]: Passing new path to controller.
[controller_server-11] [INFO] [1775542695.160877690] [controller_server]: Passing new path to controller.
[delivery_robot_main_controller-22] [0m[INFO] [1775542695.238374758] [main_controller_node]: Current state: MOVE, dock_state IDLE, charge_state NOT_CHARGE[0m
[controller_server-11] [INFO] [1775542695.260875638] [controller_server]: Passing new path to controller.
[controller_server-11] [INFO] [1775542695.360919375] [controller_server]: Passing new path to controller.
[controller_server-11] [INFO] [1775542695.561189718] [controller_server]: Passing new path to controller.
[controller_server-11] [INFO] [1775542695.660974467] [controller_server]: Passing new path to controller.
[controller_server-11] [INFO] [1775542695.760988747] [controller_server]: Passing new path to controller.
[controller_server-11] [INFO] [1775542695.960930687] [controller_server]: Passing new path to controller.
[controller_server-11] [INFO] [1775542696.060929218] [controller_server]: Passing new path to controller.
[controller_server-11] [INFO] [1775542696.161002996] [controller_server]: Passing new path to controller.
[delivery_robot_main_controller-22] [0m[INFO] [1775542696.192644631] [main_controller_node]: Current state: MOVE, dock_state IDLE, charge_state NOT_CHARGE[0m
[controller_server-11] [INFO] [1775542696.360916062] [controller_server]: Passing new path to controller.
[collision_monitor-18] [INFO] [1775542696.459091459] [collision_monitor]: Robot to approach for 1.500000 seconds away from collision
[controller_server-11] [INFO] [1775542696.460999757] [controller_server]: Passing new path to controller.
[collision_monitor-18] [INFO] [1775542696.510889652] [collision_monitor]: Robot to continue normal operation
[controller_server-11] [INFO] [1775542696.660888907] [controller_server]: Passing new path to controller.
[collision_monitor-18] [INFO] [1775542696.759229088] [collision_monitor]: Robot to approach for 1.500000 seconds away from collision
[controller_server-11] [INFO] [1775542696.760904937] [controller_server]: Passing new path to controller.
[collision_monitor-18] [INFO] [1775542696.809230104] [collision_monitor]: Robot to continue normal operation
[controller_server-11] [INFO] [1775542696.860911926] [controller_server]: Passing new path to controller.
[controller_server-11] [INFO] [1775542696.961371564] [controller_server]: Passing new path to controller.
[controller_server-11] [INFO] [1775542697.060874574] [controller_server]: Passing new path to controller.
[delivery_robot_main_controller-22] [0m[INFO] [1775542697.195041637] [main_controller_node]: Current state: MOVE, dock_state IDLE, charge_state NOT_CHARGE[0m
[controller_server-11] [INFO] [1775542697.264757062] [controller_server]: Passing new path to controller.
[controller_server-11] [INFO] [1775542697.361089200] [controller_server]: Passing new path to controller.
[controller_server-11] [INFO] [1775542697.560880646] [controller_server]: Passing new path to controller.
[controller_server-11] [INFO] [1775542697.660883552] [controller_server]: Passing new path to controller.
[controller_server-11] [INFO] [1775542697.760883250] [controller_server]: Passing new path to controller.
[controller_server-11] [INFO] [1775542697.960925227] [controller_server]: Passing new path to controller.
[controller_server-11] [INFO] [1775542698.060889051] [controller_server]: Passing new path to controller.
[controller_server-11] [INFO] [1775542698.161713549] [controller_server]: Passing new path to controller.
[delivery_robot_main_controller-22] [0m[INFO] [1775542698.188261140] [main_controller_node]: Current state: MOVE, dock_state IDLE, charge_state NOT_CHARGE[0m
[controller_server-11] [INFO] [1775542698.360878812] [controller_server]: Passing new path to controller.
[controller_server-11] [INFO] [1775542698.460890468] [controller_server]: Passing new path to controller.
[controller_server-11] [INFO] [1775542698.560923122] [controller_server]: Passing new path to controller.
[controller_server-11] [INFO] [1775542698.660906779] [controller_server]: Passing new path to controller.
[controller_server-11] [INFO] [1775542698.861684602] [controller_server]: Passing new path to controller.
[controller_server-11] [INFO] [1775542698.961037701] [controller_server]: Passing new path to controller.
[controller_server-11] [INFO] [1775542699.060938528] [controller_server]: Passing new path to controller.
[delivery_robot_main_controller-22] [0m[INFO] [1775542699.193805977] [main_controller_node]: Current state: MOVE, dock_state IDLE, charge_state NOT_CHARGE[0m
[controller_server-11] [INFO] [1775542699.260880759] [controller_server]: Passing new path to controller.
[controller_server-11] [INFO] [1775542699.360887165] [controller_server]: Passing new path to controller.
[controller_server-11] [INFO] [1775542699.460875488] [controller_server]: Passing new path to controller.
[controller_server-11] [INFO] [1775542699.660919507] [controller_server]: Passing new path to controller.
[controller_server-11] [INFO] [1775542699.760887415] [controller_server]: Passing new path to controller.
[controller_server-11] [INFO] [1775542699.860883613] [controller_server]: Passing new path to controller.
[controller_server-11] [INFO] [1775542699.960873394] [controller_server]: Passing new path to controller.
[controller_server-11] [INFO] [1775542700.160918871] [controller_server]: Passing new path to controller.
[delivery_robot_main_controller-22] [0m[INFO] [1775542700.200361398] [main_controller_node]: Current state: MOVE, dock_state IDLE, charge_state NOT_CHARGE[0m
[controller_server-11] [INFO] [1775542700.260887945] [controller_server]: Passing new path to controller.
[controller_server-11] [INFO] [1775542700.360886477] [controller_server]: Passing new path to controller.
[controller_server-11] [INFO] [1775542700.560881497] [controller_server]: Passing new path to controller.
[controller_server-11] [INFO] [1775542700.660906278] [controller_server]: Passing new path to controller.
[controller_server-11] [INFO] [1775542700.761078343] [controller_server]: Passing new path to controller.
[controller_server-11] [INFO] [1775542700.860908007] [controller_server]: Passing new path to controller.
[controller_server-11] [INFO] [1775542701.060878237] [controller_server]: Passing new path to controller.
[controller_server-11] [INFO] [1775542701.160877060] [controller_server]: Passing new path to controller.
[delivery_robot_main_controller-22] [0m[INFO] [1775542701.170182016] [main_controller_node]: Current state: MOVE, dock_state IDLE, charge_state NOT_CHARGE[0m
[controller_server-11] [INFO] [1775542701.260899507] [controller_server]: Passing new path to controller.
[controller_server-11] [INFO] [1775542701.460877320] [controller_server]: Passing new path to controller.
[controller_server-11] [INFO] [1775542701.560892475] [controller_server]: Passing new path to controller.
[controller_server-11] [INFO] [1775542701.660875257] [controller_server]: Passing new path to controller.
[controller_server-11] [INFO] [1775542701.860888069] [controller_server]: Passing new path to controller.
[controller_server-11] [INFO] [1775542701.960876976] [controller_server]: Passing new path to controller.
[controller_server-11] [INFO] [1775542702.060920713] [controller_server]: Passing new path to controller.
[controller_server-11] [INFO] [1775542702.160897370] [controller_server]: Passing new path to controller.
[delivery_robot_main_controller-22] [0m[INFO] [1775542702.226252264] [main_controller_node]: Current state: MOVE, dock_state IDLE, charge_state NOT_CHARGE[0m
[controller_server-11] [INFO] [1775542702.360935848] [controller_server]: Passing new path to controller.
[controller_server-11] [INFO] [1775542702.460878381] [controller_server]: Passing new path to controller.
[controller_server-11] [INFO] [1775542702.560877788] [controller_server]: Passing new path to controller.
[controller_server-11] [INFO] [1775542702.760983346] [controller_server]: Passing new path to controller.
[controller_server-11] [INFO] [1775542702.861345862] [controller_server]: Passing new path to controller.
[controller_server-11] [INFO] [1775542703.060928483] [controller_server]: Passing new path to controller.
[controller_server-11] [INFO] [1775542703.161229460] [controller_server]: Passing new path to controller.
[delivery_robot_main_controller-22] [0m[INFO] [1775542703.173221724] [main_controller_node]: Current state: MOVE, dock_state IDLE, charge_state NOT_CHARGE[0m
[controller_server-11] [INFO] [1775542703.260903380] [controller_server]: Passing new path to controller.
[controller_server-11] [INFO] [1775542703.460884401] [controller_server]: Passing new path to controller.
[controller_server-11] [INFO] [1775542703.560844726] [controller_server]: Passing new path to controller.
[controller_server-11] [INFO] [1775542703.660909462] [controller_server]: Passing new path to controller.
[controller_server-11] [INFO] [1775542703.860879693] [controller_server]: Passing new path to controller.
[controller_server-11] [INFO] [1775542703.960990511] [controller_server]: Passing new path to controller.
[controller_server-11] [INFO] [1775542704.060905629] [controller_server]: Passing new path to controller.
[delivery_robot_main_controller-22] [0m[INFO] [1775542704.197655879] [main_controller_node]: Current state: MOVE, dock_state IDLE, charge_state NOT_CHARGE[0m
[controller_server-11] [INFO] [1775542704.260882567] [controller_server]: Passing new path to controller.
[controller_server-11] [INFO] [1775542704.360877599] [controller_server]: Passing new path to controller.
[controller_server-11] [INFO] [1775542704.460891004] [controller_server]: Passing new path to controller.
[controller_server-11] [INFO] [1775542704.660940273] [controller_server]: Passing new path to controller.
[controller_server-11] [INFO] [1775542704.760994218] [controller_server]: Passing new path to controller.
[controller_server-11] [INFO] [1775542704.860890087] [controller_server]: Passing new path to controller.
[controller_server-11] [INFO] [1775542705.061054560] [controller_server]: Passing new path to controller.
[controller_server-11] [INFO] [1775542705.160939637] [controller_server]: Passing new path to controller.
[delivery_robot_main_controller-22] [0m[INFO] [1775542705.213269808] [main_controller_node]: Current state: MOVE, dock_state IDLE, charge_state NOT_CHARGE[0m
[controller_server-11] [INFO] [1775542705.269244207] [controller_server]: Passing new path to controller.
[controller_server-11] [INFO] [1775542705.460948064] [controller_server]: Passing new path to controller.
[controller_server-11] [INFO] [1775542705.560884472] [controller_server]: Passing new path to controller.
[controller_server-11] [INFO] [1775542705.661077246] [controller_server]: Passing new path to controller.
[controller_server-11] [INFO] [1775542705.860878608] [controller_server]: Passing new path to controller.
[controller_server-11] [INFO] [1775542705.960911263] [controller_server]: Passing new path to controller.
[controller_server-11] [INFO] [1775542706.060867795] [controller_server]: Passing new path to controller.
[delivery_robot_main_controller-22] [0m[INFO] [1775542706.212502068] [main_controller_node]: Current state: MOVE, dock_state IDLE, charge_state NOT_CHARGE[0m
[controller_server-11] [INFO] [1775542706.261022352] [controller_server]: Passing new path to controller.
[controller_server-11] [INFO] [1775542706.360886138] [controller_server]: Passing new path to controller.
[controller_server-11] [INFO] [1775542706.460883503] [controller_server]: Passing new path to controller.
[controller_server-11] [INFO] [1775542706.560921116] [controller_server]: Passing new path to controller.
[controller_server-11] [INFO] [1775542706.761354786] [controller_server]: Passing new path to controller.
[controller_server-11] [INFO] [1775542706.860875003] [controller_server]: Passing new path to controller.
[controller_server-11] [INFO] [1775542706.960913782] [controller_server]: Passing new path to controller.
[controller_server-11] [INFO] [1775542707.160875555] [controller_server]: Passing new path to controller.
[delivery_robot_main_controller-22] [0m[INFO] [1775542707.168022265] [main_controller_node]: Current state: MOVE, dock_state IDLE, charge_state NOT_CHARGE[0m
[controller_server-11] [INFO] [1775542707.261847338] [controller_server]: Passing new path to controller.
[controller_server-11] [INFO] [1775542707.360883117] [controller_server]: Passing new path to controller.
[controller_server-11] [INFO] [1775542707.560870554] [controller_server]: Passing new path to controller.
[controller_server-11] [INFO] [1775542707.660926250] [controller_server]: Passing new path to controller.
[controller_server-11] [INFO] [1775542707.760911933] [controller_server]: Passing new path to controller.
[controller_server-11] [INFO] [1775542707.960872764] [controller_server]: Passing new path to controller.
[controller_server-11] [INFO] [1775542708.060968675] [controller_server]: Passing new path to controller.
[controller_server-11] [INFO] [1775542708.161839804] [controller_server]: Passing new path to controller.
[delivery_robot_main_controller-22] [0m[INFO] [1775542708.259752678] [main_controller_node]: Current state: MOVE, dock_state IDLE, charge_state NOT_CHARGE[0m
[controller_server-11] [INFO] [1775542708.261392653] [controller_server]: Passing new path to controller.
[controller_server-11] [INFO] [1775542708.460869920] [controller_server]: Passing new path to controller.
[controller_server-11] [INFO] [1775542708.560865793] [controller_server]: Passing new path to controller.
[controller_server-11] [INFO] [1775542708.660877124] [controller_server]: Passing new path to controller.
[controller_server-11] [INFO] [1775542708.860874411] [controller_server]: Passing new path to controller.
[controller_server-11] [INFO] [1775542708.960914616] [controller_server]: Passing new path to controller.
[controller_server-11] [INFO] [1775542709.060930613] [controller_server]: Passing new path to controller.
[delivery_robot_main_controller-22] [0m[INFO] [1775542709.221238064] [main_controller_node]: Current state: MOVE, dock_state IDLE, charge_state NOT_CHARGE[0m
[controller_server-11] [INFO] [1775542709.260924693] [controller_server]: Passing new path to controller.
[controller_server-11] [INFO] [1775542709.360891400] [controller_server]: Passing new path to controller.
[controller_server-11] [INFO] [1775542709.461506165] [controller_server]: Passing new path to controller.
[controller_server-11] [INFO] [1775542709.660908476] [controller_server]: Passing new path to controller.
[controller_server-11] [INFO] [1775542709.760875767] [controller_server]: Passing new path to controller.
[controller_server-11] [INFO] [1775542709.860881265] [controller_server]: Passing new path to controller.
[controller_server-11] [INFO] [1775542709.961054464] [controller_server]: Passing new path to controller.
[controller_server-11] [INFO] [1775542710.160872675] [controller_server]: Passing new path to controller.
[controller_server-11] [INFO] [1775542710.261227284] [controller_server]: Passing new path to controller.
[delivery_robot_main_controller-22] [0m[INFO] [1775542710.276386915] [main_controller_node]: Current state: MOVE, dock_state IDLE, charge_state NOT_CHARGE[0m
[controller_server-11] [INFO] [1775542710.361021915] [controller_server]: Passing new path to controller.
[controller_server-11] [INFO] [1775542710.560923248] [controller_server]: Passing new path to controller.
[controller_server-11] [INFO] [1775542710.661003409] [controller_server]: Passing new path to controller.
[controller_server-11] [INFO] [1775542710.760881162] [controller_server]: Passing new path to controller.
[controller_server-11] [INFO] [1775542710.860910284] [controller_server]: Passing new path to controller.
[controller_server-11] [INFO] [1775542711.060962694] [controller_server]: Passing new path to controller.
[controller_server-11] [INFO] [1775542711.160917444] [controller_server]: Passing new path to controller.
[delivery_robot_main_controller-22] [0m[INFO] [1775542711.176854626] [main_controller_node]: Current state: MOVE, dock_state IDLE, charge_state NOT_CHARGE[0m
[controller_server-11] [INFO] [1775542711.261090060] [controller_server]: Passing new path to controller.
[controller_server-11] [INFO] [1775542711.361148055] [controller_server]: Passing new path to controller.
[controller_server-11] [INFO] [1775542711.560950517] [controller_server]: Passing new path to controller.
[controller_server-11] [INFO] [1775542711.660886601] [controller_server]: Passing new path to controller.
[controller_server-11] [INFO] [1775542711.760924473] [controller_server]: Passing new path to controller.
[controller_server-11] [INFO] [1775542711.960903969] [controller_server]: Passing new path to controller.
[controller_server-11] [INFO] [1775542712.060878843] [controller_server]: Passing new path to controller.
[controller_server-11] [INFO] [1775542712.160878508] [controller_server]: Passing new path to controller.
[delivery_robot_main_controller-22] [0m[INFO] [1775542712.198923995] [main_controller_node]: Current state: MOVE, dock_state IDLE, charge_state NOT_CHARGE[0m
[controller_server-11] [INFO] [1775542712.260880797] [controller_server]: Passing new path to controller.
[planner_server-13] [INFO] [1775542712.385233050] [global_costmap.global_costmap]: StaticLayer: Resizing costmap to 277 X 287 at 0.050000 m/pix
[controller_server-11] [INFO] [1775542712.460909583] [controller_server]: Passing new path to controller.
[controller_server-11] [INFO] [1775542712.561703424] [controller_server]: Passing new path to controller.
[controller_server-11] [INFO] [1775542712.660911537] [controller_server]: Passing new path to controller.
[controller_server-11] [INFO] [1775542712.860891617] [controller_server]: Passing new path to controller.
[controller_server-11] [INFO] [1775542712.961295224] [controller_server]: Passing new path to controller.
[controller_server-11] [INFO] [1775542713.060910779] [controller_server]: Passing new path to controller.
[controller_server-11] [INFO] [1775542713.160916276] [controller_server]: Passing new path to controller.
[delivery_robot_main_controller-22] [0m[INFO] [1775542713.178994788] [main_controller_node]: Current state: MOVE, dock_state IDLE, charge_state NOT_CHARGE[0m
[controller_server-11] [INFO] [1775542713.360899273] [controller_server]: Passing new path to controller.
[controller_server-11] [INFO] [1775542713.460961935] [controller_server]: Passing new path to controller.
[controller_server-11] [INFO] [1775542713.560897727] [controller_server]: Passing new path to controller.
[controller_server-11] [INFO] [1775542713.660883684] [controller_server]: Passing new path to controller.
[controller_server-11] [INFO] [1775542713.860894679] [controller_server]: Passing new path to controller.
[controller_server-11] [INFO] [1775542713.960876553] [controller_server]: Passing new path to controller.
[controller_server-11] [INFO] [1775542714.060870384] [controller_server]: Passing new path to controller.
[controller_server-11] [INFO] [1775542714.160964545] [controller_server]: Passing new path to controller.
[delivery_robot_main_controller-22] [0m[INFO] [1775542714.183836110] [main_controller_node]: Current state: MOVE, dock_state IDLE, charge_state NOT_CHARGE[0m
[controller_server-11] [INFO] [1775542714.360920709] [controller_server]: Passing new path to controller.
[controller_server-11] [INFO] [1775542714.460911041] [controller_server]: Passing new path to controller.
[controller_server-11] [INFO] [1775542714.560916830] [controller_server]: Passing new path to controller.
[controller_server-11] [INFO] [1775542714.660885871] [controller_server]: Passing new path to controller.
[controller_server-11] [INFO] [1775542714.860885783] [controller_server]: Passing new path to controller.
[controller_server-11] [INFO] [1775542714.960873490] [controller_server]: Passing new path to controller.
[controller_server-11] [INFO] [1775542715.060902028] [controller_server]: Passing new path to controller.
[controller_server-11] [INFO] [1775542715.160877485] [controller_server]: Passing new path to controller.
[delivery_robot_main_controller-22] [0m[INFO] [1775542715.217355553] [main_controller_node]: Current state: MOVE, dock_state IDLE, charge_state NOT_CHARGE[0m
[controller_server-11] [INFO] [1775542715.360883523] [controller_server]: Passing new path to controller.
[controller_server-11] [INFO] [1775542715.460879104] [controller_server]: Passing new path to controller.
[controller_server-11] [INFO] [1775542715.560883143] [controller_server]: Passing new path to controller.
[controller_server-11] [INFO] [1775542715.760879847] [controller_server]: Passing new path to controller.
[controller_server-11] [INFO] [1775542715.860877470] [controller_server]: Passing new path to controller.
[controller_server-11] [INFO] [1775542715.960889968] [controller_server]: Passing new path to controller.
[controller_server-11] [INFO] [1775542716.060909465] [controller_server]: Passing new path to controller.
[delivery_robot_main_controller-22] [0m[INFO] [1775542716.247415679] [main_controller_node]: Current state: MOVE, dock_state IDLE, charge_state NOT_CHARGE[0m
[controller_server-11] [INFO] [1775542716.260942626] [controller_server]: Passing new path to controller.
[controller_server-11] [INFO] [1775542716.361076452] [controller_server]: Passing new path to controller.
[controller_server-11] [INFO] [1775542716.460879833] [controller_server]: Passing new path to controller.
[controller_server-11] [INFO] [1775542716.560957369] [controller_server]: Passing new path to controller.
[controller_server-11] [INFO] [1775542716.760974781] [controller_server]: Passing new path to controller.
[controller_server-11] [INFO] [1775542716.860890740] [controller_server]: Passing new path to controller.
[controller_server-11] [INFO] [1775542716.960923362] [controller_server]: Passing new path to controller.
[controller_server-11] [INFO] [1775542717.060890944] [controller_server]: Passing new path to controller.
[delivery_robot_main_controller-22] [0m[INFO] [1775542717.253023761] [main_controller_node]: Current state: MOVE, dock_state IDLE, charge_state NOT_CHARGE[0m
[controller_server-11] [INFO] [1775542717.260875691] [controller_server]: Passing new path to controller.
[controller_server-11] [INFO] [1775542717.360875064] [controller_server]: Passing new path to controller.
[planner_server-13] [INFO] [1775542717.384721631] [global_costmap.global_costmap]: StaticLayer: Resizing costmap to 281 X 287 at 0.050000 m/pix
[controller_server-11] [INFO] [1775542717.460960475] [controller_server]: Passing new path to controller.
[controller_server-11] [INFO] [1775542717.561055802] [controller_server]: Passing new path to controller.
[controller_server-11] [INFO] [1775542717.761182292] [controller_server]: Passing new path to controller.
[controller_server-11] [INFO] [1775542717.860887677] [controller_server]: Passing new path to controller.
[controller_server-11] [INFO] [1775542717.964020589] [controller_server]: Passing new path to controller.
[controller_server-11] [INFO] [1775542718.160876755] [controller_server]: Passing new path to controller.
[controller_server-11] [INFO] [1775542718.260910543] [controller_server]: Passing new path to controller.
[delivery_robot_main_controller-22] [0m[INFO] [1775542718.293218890] [main_controller_node]: Current state: MOVE, dock_state IDLE, charge_state NOT_CHARGE[0m
[controller_server-11] [INFO] [1775542718.360925665] [controller_server]: Passing new path to controller.
[controller_server-11] [INFO] [1775542718.560918286] [controller_server]: Passing new path to controller.
[controller_server-11] [INFO] [1775542718.660996698] [controller_server]: Passing new path to controller.
[controller_server-11] [INFO] [1775542718.760943281] [controller_server]: Passing new path to controller.
[controller_server-11] [INFO] [1775542718.860888698] [controller_server]: Passing new path to controller.
[controller_server-11] [INFO] [1775542719.060958316] [controller_server]: Passing new path to controller.
[controller_server-11] [INFO] [1775542719.161170888] [controller_server]: Passing new path to controller.
[controller_server-11] [INFO] [1775542719.260880939] [controller_server]: Passing new path to controller.
[delivery_robot_main_controller-22] [0m[INFO] [1775542719.326923825] [main_controller_node]: Current state: MOVE, dock_state IDLE, charge_state NOT_CHARGE[0m
[controller_server-11] [INFO] [1775542719.360940102] [controller_server]: Passing new path to controller.
[controller_server-11] [INFO] [1775542719.561064551] [controller_server]: Passing new path to controller.
[controller_server-11] [INFO] [1775542719.661260207] [controller_server]: Passing new path to controller.
[controller_server-11] [INFO] [1775542719.760874596] [controller_server]: Passing new path to controller.
[controller_server-11] [INFO] [1775542719.960879758] [controller_server]: Passing new path to controller.
[controller_server-11] [INFO] [1775542720.060879422] [controller_server]: Passing new path to controller.
[controller_server-11] [INFO] [1775542720.160920210] [controller_server]: Passing new path to controller.
[delivery_robot_main_controller-22] [0m[INFO] [1775542720.193201725] [main_controller_node]: Current state: MOVE, dock_state IDLE, charge_state NOT_CHARGE[0m
[controller_server-11] [INFO] [1775542720.260877293] [controller_server]: Passing new path to controller.
[controller_server-11] [INFO] [1775542720.462813793] [controller_server]: Passing new path to controller.
[controller_server-11] [INFO] [1775542720.560913327] [controller_server]: Passing new path to controller.
[controller_server-11] [INFO] [1775542720.660866327] [controller_server]: Passing new path to controller.
[controller_server-11] [INFO] [1775542720.760888741] [controller_server]: Passing new path to controller.
[controller_server-11] [INFO] [1775542720.960885153] [controller_server]: Passing new path to controller.
[controller_server-11] [INFO] [1775542721.060876068] [controller_server]: Passing new path to controller.
[controller_server-11] [INFO] [1775542721.161035268] [controller_server]: Passing new path to controller.
[delivery_robot_main_controller-22] [0m[INFO] [1775542721.188838423] [main_controller_node]: Current state: MOVE, dock_state IDLE, charge_state NOT_CHARGE[0m
[controller_server-11] [INFO] [1775542721.360875062] [controller_server]: Passing new path to controller.
[controller_server-11] [INFO] [1775542721.460891350] [controller_server]: Passing new path to controller.
[controller_server-11] [INFO] [1775542721.561358829] [controller_server]: Passing new path to controller.
[controller_server-11] [INFO] [1775542721.660871430] [controller_server]: Passing new path to controller.
[controller_server-11] [INFO] [1775542721.860986546] [controller_server]: Passing new path to controller.
[controller_server-11] [INFO] [1775542721.960874216] [controller_server]: Passing new path to controller.
[controller_server-11] [INFO] [1775542722.060891963] [controller_server]: Passing new path to controller.
[controller_server-11] [INFO] [1775542722.260880501] [controller_server]: Passing new path to controller.
[delivery_robot_main_controller-22] [0m[INFO] [1775542722.287484955] [main_controller_node]: Current state: MOVE, dock_state IDLE, charge_state NOT_CHARGE[0m
[controller_server-11] [INFO] [1775542722.360993327] [controller_server]: Passing new path to controller.
[planner_server-13] [INFO] [1775542722.384766689] [global_costmap.global_costmap]: StaticLayer: Resizing costmap to 276 X 287 at 0.050000 m/pix
[controller_server-11] [INFO] [1775542722.460914537] [controller_server]: Passing new path to controller.
[controller_server-11] [INFO] [1775542722.560901077] [controller_server]: Passing new path to controller.
[controller_server-11] [INFO] [1775542722.760875615] [controller_server]: Passing new path to controller.
[controller_server-11] [INFO] [1775542722.860877321] [controller_server]: Passing new path to controller.
[controller_server-11] [INFO] [1775542722.961162807] [controller_server]: Passing new path to controller.
[controller_server-11] [INFO] [1775542723.161121888] [controller_server]: Passing new path to controller.
[delivery_robot_main_controller-22] [0m[INFO] [1775542723.248413280] [main_controller_node]: Current state: MOVE, dock_state IDLE, charge_state NOT_CHARGE[0m
[controller_server-11] [INFO] [1775542723.260901062] [controller_server]: Passing new path to controller.
[controller_server-11] [INFO] [1775542723.360891102] [controller_server]: Passing new path to controller.
[controller_server-11] [INFO] [1775542723.461051176] [controller_server]: Passing new path to controller.
[controller_server-11] [INFO] [1775542723.660902053] [controller_server]: Passing new path to controller.
[controller_server-11] [INFO] [1775542723.760930008] [controller_server]: Passing new path to controller.
[controller_server-11] [INFO] [1775542723.864294785] [controller_server]: Passing new path to controller.
[controller_server-11] [INFO] [1775542723.962639601] [controller_server]: Passing new path to controller.
[controller_server-11] [INFO] [1775542724.161571473] [controller_server]: Passing new path to controller.
[delivery_robot_main_controller-22] [0m[INFO] [1775542724.222677810] [main_controller_node]: Current state: MOVE, dock_state IDLE, charge_state NOT_CHARGE[0m
[controller_server-11] [INFO] [1775542724.260912582] [controller_server]: Passing new path to controller.
[controller_server-11] [INFO] [1775542724.360959203] [controller_server]: Passing new path to controller.
[controller_server-11] [INFO] [1775542724.460925035] [controller_server]: Passing new path to controller.
[controller_server-11] [INFO] [1775542724.561023862] [controller_server]: Passing new path to controller.
[controller_server-11] [INFO] [1775542724.760878239] [controller_server]: Passing new path to controller.
[controller_server-11] [INFO] [1775542724.860894820] [controller_server]: Passing new path to controller.
[controller_server-11] [INFO] [1775542724.960906150] [controller_server]: Passing new path to controller.
[controller_server-11] [INFO] [1775542725.060873441] [controller_server]: Passing new path to controller.
[controller_server-11] [INFO] [1775542725.172251141] [controller_server]: Reached the goal!
[controller_server-11] [INFO] [1775542725.173888491] [controller_server]: Optimizer reset
[controller_server-11] [INFO] [1775542725.178018905] [controller_server]: Received a goal, begin computing control effort.
[controller_server-11] [INFO] [1775542725.184881542] [controller_server]: Reached the goal!
[controller_server-11] [INFO] [1775542725.188687344] [controller_server]: Optimizer reset
[bt_navigator-15] [INFO] [1775542725.213914605] [bt_navigator]: Goal succeeded
[delivery_robot_main_controller-22] [0m[INFO] [1775542725.238069452] [main_controller_node]: Current state: MOVE, dock_state IDLE, charge_state NOT_CHARGE[0m
[delivery_robot_main_controller-22] [0m[INFO] [1775542725.308276000] [main_controller_node]: Goal succeeded![0m
[delivery_robot_main_controller-22] [0m[INFO] [1775542725.313557868] [main_controller_node]: State change: MOVE -> AFTER_MOVE[0m
[delivery_robot_main_controller-22] [0m[INFO] [1775542725.326464466] [main_controller_node]: Evaluating post-move action...[0m
[delivery_robot_main_controller-22] [0m[INFO] [1775542725.327153937] [main_controller_node]: Post-move action is: Request[0m
[delivery_robot_main_controller-22] [0m[INFO] [1775542725.328364888] [main_controller_node]: Published message: "arrive_target"[0m
[robot_sound-23] [0m[INFO] [1775542725.329197562] [robot_sound_node]: 🔔 Received sound command: arrive_target[0m
[robot_sound-23] amixer: Unable to find simple control 'PCM',0
[robot_sound-23] 
[robot_sound-23] [0m[INFO] [1775542725.341076952] [robot_sound_node]: 🔊 Playing sound: /home/smr/workspaces/mini_amr/amrROS2_ws/sounds/robot_target.wav[0m
[robot_sound-23] Playing WAVE '/home/smr/workspaces/mini_amr/amrROS2_ws/sounds/robot_target.wav' : Signed 16 bit Little Endian, Rate 44100 Hz, Mono
[delivery_robot_main_controller-22] [0m[INFO] [1775542725.384398474] [main_controller_node]: Successfully removed queue ID: 118[0m
[delivery_robot_main_controller-22] [0m[INFO] [1775542725.391237194] [main_controller_node]: Waiting 5s for LOAD_IN command...[0m
[delivery_robot_main_controller-22] [0m[INFO] [1775542725.399344030] [main_controller_node]: State change: AFTER_MOVE -> STANDBY[0m
[delivery_robot_main_controller-22] [0m[INFO] [1775542725.423449878] [main_controller_node]: Robot is in STANDBY mode.[0m
[delivery_robot_main_controller-22] [0m[INFO] [1775542726.287852147] [main_controller_node]: Current state: STANDBY, dock_state IDLE, charge_state NOT_CHARGE[0m
[call_robot_button-24] Error: Connection refused
[call_robot_button-24] 2026-04-07 13:18:46 mosquitto_pub -u smr -P smrbot25 -m "Oz,false" -t "Rsp" -r
[call_robot_button-24] [0m[INFO] [1775542726.497074766] [call_robot_button_node]: call_switch notified: station=Oz status=false.[0m
[delivery_robot_main_controller-22] [0m[INFO] [1775542727.163017934] [main_controller_node]: Current state: STANDBY, dock_state IDLE, charge_state NOT_CHARGE[0m
[delivery_robot_main_controller-22] [0m[INFO] [1775542727.257011844] [main_controller_node]: Enter to wait_for_load_in_loop and wait for timeout...in 3.1360981464385986 seconds[0m
[delivery_robot_main_controller-22] [0m[INFO] [1775542728.159525805] [main_controller_node]: Current state: STANDBY, dock_state IDLE, charge_state NOT_CHARGE[0m
[delivery_robot_main_controller-22] [0m[INFO] [1775542729.173994651] [main_controller_node]: Current state: STANDBY, dock_state IDLE, charge_state NOT_CHARGE[0m
[delivery_robot_main_controller-22] [0m[INFO] [1775542729.273349175] [main_controller_node]: Enter to wait_for_load_in_loop and wait for timeout...in 1.1185779571533203 seconds[0m
[delivery_robot_main_controller-22] [0m[INFO] [1775542730.213180945] [main_controller_node]: Current state: STANDBY, dock_state IDLE, charge_state NOT_CHARGE[0m
[delivery_robot_main_controller-22] [0m[INFO] [1775542731.216645366] [main_controller_node]: Current state: STANDBY, dock_state IDLE, charge_state NOT_CHARGE[0m
[delivery_robot_main_controller-22] [0m[INFO] [1775542731.286039072] [main_controller_node]: No pending queue found or unexpected format.[0m
[delivery_robot_main_controller-22] [0m[INFO] [1775542732.182947721] [main_controller_node]: Current state: STANDBY, dock_state IDLE, charge_state NOT_CHARGE[0m
[delivery_robot_main_controller-22] [0m[INFO] [1775542733.211591280] [main_controller_node]: Current state: STANDBY, dock_state IDLE, charge_state NOT_CHARGE[0m
[delivery_robot_main_controller-22] [0m[INFO] [1775542733.293151948] [main_controller_node]: No pending queue found or unexpected format.[0m
[localization_monitor-1] [WARN] [1775542734.007227774] [localization_monitor]: No pose update for 10.3s
[localization_monitor-21] [WARN] [1775542734.147889653] [localization_monitor]: No pose update for 10.5s
[delivery_robot_main_controller-22] [0m[INFO] [1775542734.208935034] [main_controller_node]: Current state: STANDBY, dock_state IDLE, charge_state NOT_CHARGE[0m
[localization_monitor-1] [WARN] [1775542735.005417327] [localization_monitor]: No pose update for 11.3s
[localization_monitor-21] [WARN] [1775542735.147629059] [localization_monitor]: No pose update for 11.5s
[delivery_robot_main_controller-22] [0m[INFO] [1775542735.240921247] [main_controller_node]: Current state: STANDBY, dock_state IDLE, charge_state NOT_CHARGE[0m
[delivery_robot_main_controller-22] [0m[INFO] [1775542735.328304510] [main_controller_node]: No pending queue found or unexpected format.[0m
[localization_monitor-1] [WARN] [1775542736.005142733] [localization_monitor]: No pose update for 12.3s
[localization_monitor-21] [WARN] [1775542736.149775491] [localization_monitor]: No pose update for 12.5s
[delivery_robot_main_controller-22] [0m[INFO] [1775542736.212279438] [main_controller_node]: Current state: STANDBY, dock_state IDLE, charge_state NOT_CHARGE[0m
[localization_monitor-1] [WARN] [1775542737.005140546] [localization_monitor]: No pose update for 13.3s
[localization_monitor-21] [WARN] [1775542737.147662015] [localization_monitor]: No pose update for 13.5s
[delivery_robot_main_controller-22] [0m[INFO] [1775542737.192204112] [main_controller_node]: Current state: STANDBY, dock_state IDLE, charge_state NOT_CHARGE[0m
[delivery_robot_main_controller-22] [0m[INFO] [1775542737.292327438] [main_controller_node]: No pending queue found or unexpected format.[0m
[localization_monitor-1] [WARN] [1775542738.005812663] [localization_monitor]: No pose update for 14.3s
[localization_monitor-21] [WARN] [1775542738.149742825] [localization_monitor]: No pose update for 14.5s
[delivery_robot_main_controller-22] [0m[INFO] [1775542738.165154445] [main_controller_node]: Current state: STANDBY, dock_state IDLE, charge_state NOT_CHARGE[0m
[call_robot_button-24] Error: Connection refused
[call_robot_button-24] 2026-04-07 13:18:58 mosquitto_pub -u smr -P smrbot25 -m "PUK,true" -t "Rsp" -r
[call_robot_button-24] [0m[INFO] [1775542738.539024629] [call_robot_button_node]: call_switch notified: station=PUK status=true.[0m
[localization_monitor-1] [WARN] [1775542739.005143170] [localization_monitor]: No pose update for 15.3s
[localization_monitor-21] [WARN] [1775542739.149892881] [localization_monitor]: No pose update for 15.5s
[delivery_robot_main_controller-22] [0m[INFO] [1775542739.175639579] [main_controller_node]: Current state: STANDBY, dock_state IDLE, charge_state NOT_CHARGE[0m
[delivery_robot_main_controller-22] [0m[INFO] [1775542739.249316527] [main_controller_node]: 1 pending queues [0m
[delivery_robot_main_controller-22] [0m[INFO] [1775542739.250464189] [main_controller_node]: Queue action: Request[0m
[delivery_robot_main_controller-22] [0m[INFO] [1775542739.314149337] [main_controller_node]: AGV start_pos: x=-4.52, y=2.29[0m
[delivery_robot_main_controller-22] [0m[INFO] [1775542739.317725899] [main_controller_node]: AGV goal_pos: x=-5.05, y=-1.18[0m
[delivery_robot_main_controller-22] [0m[INFO] [1775542739.320144300] [main_controller_node]: Path source: database routes[0m
[delivery_robot_main_controller-22] [0m[INFO] [1775542739.333500046] [main_controller_node]: Computed AGV path waypoints:[0m
[delivery_robot_main_controller-22] [0m[INFO] [1775542739.334236766] [main_controller_node]:   Waypoint 0: x=-4.52, y=2.29[0m
[delivery_robot_main_controller-22] [0m[INFO] [1775542739.335089565] [main_controller_node]:   Waypoint 1: x=-4.57, y=2.26[0m
[delivery_robot_main_controller-22] [0m[INFO] [1775542739.336176562] [main_controller_node]:   Waypoint 2: x=-4.48, y=1.85[0m
[delivery_robot_main_controller-22] [0m[INFO] [1775542739.338286976] [main_controller_node]:   Waypoint 3: x=-4.40, y=1.45[0m
[delivery_robot_main_controller-22] [0m[INFO] [1775542739.339054319] [main_controller_node]:   Waypoint 4: x=-4.32, y=1.05[0m
[delivery_robot_main_controller-22] [0m[INFO] [1775542739.340294727] [main_controller_node]:   Waypoint 5: x=-4.23, y=0.65[0m
[delivery_robot_main_controller-22] [0m[INFO] [1775542739.341029114] [main_controller_node]:   Waypoint 6: x=-4.15, y=0.25[0m
[delivery_robot_main_controller-22] [0m[INFO] [1775542739.341857413] [main_controller_node]:   Waypoint 7: x=-4.37, y=-0.11[0m
[delivery_robot_main_controller-22] [0m[INFO] [1775542739.342559426] [main_controller_node]:   Waypoint 8: x=-4.60, y=-0.46[0m
[delivery_robot_main_controller-22] [0m[INFO] [1775542739.343242482] [main_controller_node]:   Waypoint 9: x=-4.83, y=-0.82[0m
[delivery_robot_main_controller-22] [0m[INFO] [1775542739.343928745] [main_controller_node]:   Waypoint 10: x=-5.05, y=-1.18[0m
[delivery_robot_main_controller-22] [0m[INFO] [1775542739.345871458] [main_controller_node]: Navigating with 11 goals....[0m
[bt_navigator-15] [INFO] [1775542739.348866460] [bt_navigator]: Begin navigating from current location through 11 poses to (-5.05, -1.18)
[controller_server-11] [INFO] [1775542739.349281485] [local_costmap.local_costmap]: Received request to clear entirely the local_costmap
[controller_server-11] [INFO] [1775542739.352770842] [local_costmap.local_costmap]: KeepoutFilter: Subscribing to "/keepout_costmap_filter_info" topic for filter info...
[controller_server-11] [INFO] [1775542739.358674518] [local_costmap.local_costmap]: KeepoutFilter: Received filter info from /keepout_costmap_filter_info topic.
[delivery_robot_main_controller-22] [0m[INFO] [1775542739.363662689] [main_controller_node]: State change: STANDBY -> MOVE[0m
[controller_server-11] [INFO] [1775542739.360008547] [local_costmap.local_costmap]: KeepoutFilter: Subscribing to "/keepout_filter_mask" topic for filter mask...
[planner_server-13] [INFO] [1775542739.365090047] [global_costmap.global_costmap]: Received request to clear entirely the global_costmap
[planner_server-13] [INFO] [1775542739.371038638] [global_costmap.global_costmap]: KeepoutFilter: Subscribing to "/keepout_costmap_filter_info" topic for filter info...
[controller_server-11] [WARN] [1775542739.381779116] [local_costmap.local_costmap]: KeepoutFilter: New filter mask arrived from /keepout_filter_mask topic. Updating old filter mask.
[planner_server-13] [INFO] [1775542739.382116560] [global_costmap.global_costmap]: KeepoutFilter: Received filter info from /keepout_costmap_filter_info topic.
[planner_server-13] [INFO] [1775542739.382222431] [global_costmap.global_costmap]: KeepoutFilter: Subscribing to "/keepout_filter_mask" topic for filter mask...
[planner_server-13] [WARN] [1775542739.395802168] [global_costmap.global_costmap]: KeepoutFilter: New filter mask arrived from /keepout_filter_mask topic. Updating old filter mask.
[delivery_robot_main_controller-22] [0m[INFO] [1775542739.398983829] [main_controller_node]: Robot is MOVING.[0m
[controller_server-11] [INFO] [1775542739.427993852] [controller_server]: Received a goal, begin computing control effort.
[controller_server-11] [INFO] [1775542739.629094470] [controller_server]: Passing new path to controller.
[controller_server-11] [INFO] [1775542739.729391914] [controller_server]: Passing new path to controller.
[controller_server-11] [INFO] [1775542739.828324122] [controller_server]: Passing new path to controller.
[localization_monitor-1] [WARN] [1775542740.007622672] [localization_monitor]: No pose update for 16.3s
[controller_server-11] [INFO] [1775542740.028327826] [controller_server]: Passing new path to controller.
[controller_server-11] [INFO] [1775542740.129056919] [controller_server]: Passing new path to controller.
[localization_monitor-21] [WARN] [1775542740.151112726] [localization_monitor]: No pose update for 16.5s
[controller_server-11] [INFO] [1775542740.228398610] [controller_server]: Passing new path to controller.
[controller_server-11] [INFO] [1775542740.428648179] [controller_server]: Passing new path to controller.
[call_robot_button-24] Error: Connection refused
[call_robot_button-24] 2026-04-07 13:19:00 mosquitto_pub -u smr -P smrbot25 -m "PUK,blink" -t "Rsp" -r
[call_robot_button-24] [0m[INFO] [1775542740.496980554] [call_robot_button_node]: call_switch notified: station=PUK status=blink.[0m
[controller_server-11] [INFO] [1775542740.528319149] [controller_server]: Passing new path to controller.
[controller_server-11] [INFO] [1775542740.628728880] [controller_server]: Passing new path to controller.
[controller_server-11] [INFO] [1775542740.728955744] [controller_server]: Passing new path to controller.
[controller_server-11] [INFO] [1775542740.928383138] [controller_server]: Passing new path to controller.
[localization_monitor-1] [WARN] [1775542741.005127128] [localization_monitor]: No pose update for 17.3s
[controller_server-11] [INFO] [1775542741.028439383] [controller_server]: Passing new path to controller.
[controller_server-11] [INFO] [1775542741.128310720] [controller_server]: Passing new path to controller.
[controller_server-11] [INFO] [1775542741.228355591] [controller_server]: Passing new path to controller.
[controller_server-11] [INFO] [1775542741.428356378] [controller_server]: Passing new path to controller.
[controller_server-11] [INFO] [1775542741.528310545] [controller_server]: Passing new path to controller.
[controller_server-11] [INFO] [1775542741.628309626] [controller_server]: Passing new path to controller.
[controller_server-11] [INFO] [1775542741.828347453] [controller_server]: Passing new path to controller.
[controller_server-11] [INFO] [1775542741.928340993] [controller_server]: Passing new path to controller.
[planner_server-13] [WARN] [1775542741.986491701] [planner_server]: GridBased plugin failed to plan from (-4.15, 0.25) to (-4.37, -0.11): "no valid path found"
[planner_server-13] [WARN] [1775542741.986625862] [planner_server]: [compute_path_through_poses] [ActionServer] Aborting handle.
[planner_server-13] [INFO] [1775542742.000750410] [global_costmap.global_costmap]: Received request to clear entirely the global_costmap
[planner_server-13] [INFO] [1775542742.012140403] [global_costmap.global_costmap]: KeepoutFilter: Subscribing to "/keepout_costmap_filter_info" topic for filter info...
[planner_server-13] [INFO] [1775542742.022364360] [global_costmap.global_costmap]: KeepoutFilter: Received filter info from /keepout_costmap_filter_info topic.
[planner_server-13] [INFO] [1775542742.022587476] [global_costmap.global_costmap]: KeepoutFilter: Subscribing to "/keepout_filter_mask" topic for filter mask...
[planner_server-13] [WARN] [1775542742.036138923] [global_costmap.global_costmap]: KeepoutFilter: New filter mask arrived from /keepout_filter_mask topic. Updating old filter mask.
[planner_server-13] [INFO] [1775542742.385090708] [global_costmap.global_costmap]: StaticLayer: Resizing costmap to 276 X 287 at 0.050000 m/pix
[planner_server-13] [WARN] [1775542742.410863072] [planner_server]: Planner loop missed its desired rate of 5.0000 Hz. Current loop rate is 2.5691 Hz
[controller_server-11] [INFO] [1775542742.528469350] [controller_server]: Passing new path to controller.
[controller_server-11] [INFO] [1775542742.628335437] [controller_server]: Passing new path to controller.
[controller_server-11] [INFO] [1775542742.728346184] [controller_server]: Passing new path to controller.
[controller_server-11] [INFO] [1775542742.928313723] [controller_server]: Passing new path to controller.
[controller_server-11] [INFO] [1775542743.028314263] [controller_server]: Passing new path to controller.
[controller_server-11] [INFO] [1775542743.128349509] [controller_server]: Passing new path to controller.
[controller_server-11] [INFO] [1775542743.228388547] [controller_server]: Passing new path to controller.
[controller_server-11] [INFO] [1775542743.428338003] [controller_server]: Passing new path to controller.
[controller_server-11] [INFO] [1775542743.528393665] [controller_server]: Passing new path to controller.
[controller_server-11] [INFO] [1775542743.628390122] [controller_server]: Passing new path to controller.
[controller_server-11] [INFO] [1775542743.828383034] [controller_server]: Passing new path to controller.
[controller_server-11] [INFO] [1775542743.928313285] [controller_server]: Passing new path to controller.
[controller_server-11] [INFO] [1775542744.028324907] [controller_server]: Passing new path to controller.
[controller_server-11] [INFO] [1775542744.128309114] [controller_server]: Passing new path to controller.
[controller_server-11] [INFO] [1775542744.328323609] [controller_server]: Passing new path to controller.
[controller_server-11] [INFO] [1775542744.428301692] [controller_server]: Passing new path to controller.
[controller_server-11] [INFO] [1775542744.528505806] [controller_server]: Passing new path to controller.
[controller_server-11] [INFO] [1775542744.628337478] [controller_server]: Passing new path to controller.
[controller_server-11] [INFO] [1775542744.828511216] [controller_server]: Passing new path to controller.
[controller_server-11] [INFO] [1775542744.928879824] [controller_server]: Passing new path to controller.
[controller_server-11] [INFO] [1775542745.028323886] [controller_server]: Passing new path to controller.
[controller_server-11] [INFO] [1775542745.228327007] [controller_server]: Passing new path to controller.
[controller_server-11] [INFO] [1775542745.328340671] [controller_server]: Passing new path to controller.
[controller_server-11] [INFO] [1775542745.428333627] [controller_server]: Passing new path to controller.
[controller_server-11] [INFO] [1775542745.529312960] [controller_server]: Passing new path to controller.
[controller_server-11] [INFO] [1775542745.728790227] [controller_server]: Passing new path to controller.
[controller_server-11] [INFO] [1775542745.828580775] [controller_server]: Passing new path to controller.
[controller_server-11] [INFO] [1775542745.928313576] [controller_server]: Passing new path to controller.
[controller_server-11] [INFO] [1775542746.130698932] [controller_server]: Passing new path to controller.
[controller_server-11] [INFO] [1775542746.228322486] [controller_server]: Passing new path to controller.
[controller_server-11] [INFO] [1775542746.328331192] [controller_server]: Passing new path to controller.
[controller_server-11] [INFO] [1775542746.428360022] [controller_server]: Passing new path to controller.
[controller_server-11] [INFO] [1775542746.628355851] [controller_server]: Passing new path to controller.
[controller_server-11] [INFO] [1775542746.728346474] [controller_server]: Passing new path to controller.
[controller_server-11] [INFO] [1775542746.828343805] [controller_server]: Passing new path to controller.
[controller_server-11] [INFO] [1775542746.932115732] [controller_server]: Passing new path to controller.
[controller_server-11] [INFO] [1775542747.128306051] [controller_server]: Passing new path to controller.
[controller_server-11] [INFO] [1775542747.228324089] [controller_server]: Passing new path to controller.
[controller_server-11] [INFO] [1775542747.328502247] [controller_server]: Passing new path to controller.
[planner_server-13] [INFO] [1775542747.384696826] [global_costmap.global_costmap]: StaticLayer: Resizing costmap to 276 X 288 at 0.050000 m/pix
[controller_server-11] [INFO] [1775542747.528918059] [controller_server]: Passing new path to controller.
[controller_server-11] [INFO] [1775542747.628308748] [controller_server]: Passing new path to controller.
[controller_server-11] [INFO] [1775542747.728583443] [controller_server]: Passing new path to controller.
[controller_server-11] [INFO] [1775542747.828474029] [controller_server]: Passing new path to controller.
[controller_server-11] [INFO] [1775542748.028314989] [controller_server]: Passing new path to controller.
[controller_server-11] [INFO] [1775542748.128309987] [controller_server]: Passing new path to controller.
[controller_server-11] [INFO] [1775542748.229333652] [controller_server]: Passing new path to controller.
[controller_server-11] [INFO] [1775542748.328445519] [controller_server]: Passing new path to controller.
[controller_server-11] [INFO] [1775542748.528344811] [controller_server]: Passing new path to controller.
[controller_server-11] [INFO] [1775542748.537710428] [controller_server]: Optimizer reset
[controller_server-11] [INFO] [1775542748.542787846] [controller_server]: Optimizer reset
[controller_server-11] [WARN] [1775542748.543047418] [controller_server]: Optimizer fail to compute path
[controller_server-11] [INFO] [1775542748.628339226] [controller_server]: Passing new path to controller.
[controller_server-11] [INFO] [1775542748.729072985] [controller_server]: Passing new path to controller.
[controller_server-11] [INFO] [1775542748.928309929] [controller_server]: Passing new path to controller.
[controller_server-11] [INFO] [1775542749.028309593] [controller_server]: Passing new path to controller.
[controller_server-11] [INFO] [1775542749.128352131] [controller_server]: Passing new path to controller.
[controller_server-11] [INFO] [1775542749.228348296] [controller_server]: Passing new path to controller.
[controller_server-11] [INFO] [1775542749.428339458] [controller_server]: Passing new path to controller.
[controller_server-11] [INFO] [1775542749.528340290] [controller_server]: Passing new path to controller.
[controller_server-11] [INFO] [1775542749.628309039] [controller_server]: Passing new path to controller.
[controller_server-11] [INFO] [1775542749.728351868] [controller_server]: Passing new path to controller.
[controller_server-11] [INFO] [1775542749.928311532] [controller_server]: Passing new path to controller.
[controller_server-11] [INFO] [1775542750.028320238] [controller_server]: Passing new path to controller.
[controller_server-11] [INFO] [1775542750.128338860] [controller_server]: Passing new path to controller.
[controller_server-11] [INFO] [1775542750.328696341] [controller_server]: Passing new path to controller.
[controller_server-11] [INFO] [1775542750.428937496] [controller_server]: Passing new path to controller.
[controller_server-11] [INFO] [1775542750.528764501] [controller_server]: Passing new path to controller.
[controller_server-11] [INFO] [1775542750.628625046] [controller_server]: Passing new path to controller.
[controller_server-11] [INFO] [1775542750.828316971] [controller_server]: Passing new path to controller.
[controller_server-11] [INFO] [1775542750.929299804] [controller_server]: Passing new path to controller.
[controller_server-11] [INFO] [1775542751.028457753] [controller_server]: Passing new path to controller.
[controller_server-11] [INFO] [1775542751.128338714] [controller_server]: Passing new path to controller.
[controller_server-11] [INFO] [1775542751.230067016] [controller_server]: Optimizer reset
[controller_server-11] [INFO] [1775542751.231527915] [controller_server]: Optimizer reset
[controller_server-11] [WARN] [1775542751.231676367] [controller_server]: Optimizer fail to compute path
[controller_server-11] [INFO] [1775542751.328391999] [controller_server]: Passing new path to controller.
[controller_server-11] [INFO] [1775542751.333802778] [controller_server]: Optimizer reset
[controller_server-11] [INFO] [1775542751.335287009] [controller_server]: Optimizer reset
[controller_server-11] [WARN] [1775542751.336029270] [controller_server]: Optimizer fail to compute path
[controller_server-11] [INFO] [1775542751.428501618] [controller_server]: Passing new path to controller.
[controller_server-11] [INFO] [1775542751.475743854] [controller_server]: Optimizer reset
[controller_server-11] [INFO] [1775542751.482577033] [controller_server]: Optimizer reset
[controller_server-11] [WARN] [1775542751.482961434] [controller_server]: Optimizer fail to compute path
[controller_server-11] [INFO] [1775542751.528496324] [controller_server]: Passing new path to controller.
[controller_server-11] [INFO] [1775542751.532147550] [controller_server]: Optimizer reset
[controller_server-11] [INFO] [1775542751.533638489] [controller_server]: Optimizer reset
[controller_server-11] [WARN] [1775542751.533821940] [controller_server]: Optimizer fail to compute path
[controller_server-11] [INFO] [1775542751.637181759] [controller_server]: Optimizer reset
[controller_server-11] [INFO] [1775542751.642733115] [controller_server]: Optimizer reset
[controller_server-11] [WARN] [1775542751.643068810] [controller_server]: Optimizer fail to compute path
[controller_server-11] [INFO] [1775542751.728397365] [controller_server]: Passing new path to controller.
[controller_server-11] [INFO] [1775542751.736174048] [controller_server]: Optimizer reset
[controller_server-11] [INFO] [1775542751.741383876] [controller_server]: Optimizer reset
[controller_server-11] [WARN] [1775542751.741639949] [controller_server]: Optimizer fail to compute path
[controller_server-11] [INFO] [1775542751.828351240] [controller_server]: Passing new path to controller.
[controller_server-11] [INFO] [1775542751.871863212] [controller_server]: Optimizer reset
[controller_server-11] [INFO] [1775542751.874958836] [controller_server]: Optimizer reset
[controller_server-11] [WARN] [1775542751.876290823] [controller_server]: Optimizer fail to compute path
[controller_server-11] [INFO] [1775542751.928553896] [controller_server]: Passing new path to controller.
[controller_server-11] [INFO] [1775542751.932028671] [controller_server]: Optimizer reset
[controller_server-11] [INFO] [1775542751.933449321] [controller_server]: Optimizer reset
[controller_server-11] [WARN] [1775542751.933581733] [controller_server]: Optimizer fail to compute path
[controller_server-11] [INFO] [1775542752.028365735] [controller_server]: Passing new path to controller.
[controller_server-11] [INFO] [1775542752.032162205] [controller_server]: Optimizer reset
[controller_server-11] [INFO] [1775542752.033634770] [controller_server]: Optimizer reset
[controller_server-11] [WARN] [1775542752.033798972] [controller_server]: Optimizer fail to compute path
[controller_server-11] [INFO] [1775542752.129941210] [controller_server]: Optimizer reset
[controller_server-11] [INFO] [1775542752.131766386] [controller_server]: Optimizer reset
[controller_server-11] [WARN] [1775542752.131924171] [controller_server]: Optimizer fail to compute path
[controller_server-11] [INFO] [1775542752.228344357] [controller_server]: Passing new path to controller.
[controller_server-11] [INFO] [1775542752.235458983] [controller_server]: Optimizer reset
[controller_server-11] [INFO] [1775542752.240694769] [controller_server]: Optimizer reset
[controller_server-11] [WARN] [1775542752.240978257] [controller_server]: Optimizer fail to compute path
[controller_server-11] [ERROR] [1775542752.241190290] [controller_server]: Controller patience exceeded
[controller_server-11] [INFO] [1775542752.242836973] [controller_server]: Optimizer reset
[controller_server-11] [WARN] [1775542752.243003800] [controller_server]: [follow_path] [ActionServer] Aborting handle.
[bt_navigator-15] [WARN] [1775542752.275507847] [bt_navigator]: [navigate_through_poses] [ActionServer] Aborting handle.
[bt_navigator-15] [ERROR] [1775542752.276251566] [bt_navigator]: Goal failed
[delivery_robot_main_controller-22] [33m[WARN] [1775542752.289756931] [main_controller_node]: Goal failed! (obstacle retry 1/5)[0m
[delivery_robot_main_controller-22] [0m[INFO] [1775542752.290938133] [main_controller_node]: Published message: "obstacle_alert"[0m
[robot_sound-23] [0m[INFO] [1775542752.291107001] [robot_sound_node]: 🔔 Received sound command: obstacle_alert[0m
[delivery_robot_main_controller-22] [0m[INFO] [1775542752.296438158] [main_controller_node]: State change: MOVE -> RETRYING[0m
[robot_sound-23] amixer: Unable to find simple control 'PCM',0
[robot_sound-23] 
[robot_sound-23] [0m[INFO] [1775542752.303590699] [robot_sound_node]: 🔊 Playing sound: /home/smr/workspaces/mini_amr/amrROS2_ws/sounds/robot_obstacle.wav[0m
[delivery_robot_main_controller-22] [0m[INFO] [1775542752.325009533] [main_controller_node]: RETRYING: re-sending goal x=-5.05 y=-1.18 yaw=0.00 mode=agv[0m
[delivery_robot_main_controller-22] [0m[INFO] [1775542752.325633382] [main_controller_node]: AGV start_pos: x=-4.38, y=0.10[0m
[delivery_robot_main_controller-22] [0m[INFO] [1775542752.326255773] [main_controller_node]: AGV goal_pos: x=-5.05, y=-1.18[0m
[delivery_robot_main_controller-22] [0m[INFO] [1775542752.326888956] [main_controller_node]: Path source: database routes[0m
[robot_sound-23] Playing WAVE '/home/smr/workspaces/mini_amr/amrROS2_ws/sounds/robot_obstacle.wav' : Signed 16 bit Little Endian, Rate 44100 Hz, Mono
[delivery_robot_main_controller-22] [0m[INFO] [1775542752.331631845] [main_controller_node]: Current state: RETRYING, dock_state IDLE, charge_state NOT_CHARGE[0m
[delivery_robot_main_controller-22] [0m[INFO] [1775542752.349109548] [main_controller_node]: Computed AGV path waypoints:[0m
[delivery_robot_main_controller-22] [0m[INFO] [1775542752.350103216] [main_controller_node]:   Waypoint 0: x=-4.38, y=0.10[0m
[delivery_robot_main_controller-22] [0m[INFO] [1775542752.350856852] [main_controller_node]:   Waypoint 1: x=-4.15, y=0.25[0m
[delivery_robot_main_controller-22] [0m[INFO] [1775542752.353277003] [main_controller_node]:   Waypoint 2: x=-4.37, y=-0.11[0m
[delivery_robot_main_controller-22] [0m[INFO] [1775542752.363213389] [main_controller_node]:   Waypoint 3: x=-4.60, y=-0.46[0m
[delivery_robot_main_controller-22] [0m[INFO] [1775542752.364975858] [main_controller_node]:   Waypoint 4: x=-4.83, y=-0.82[0m
[delivery_robot_main_controller-22] [0m[INFO] [1775542752.370780371] [main_controller_node]:   Waypoint 5: x=-5.05, y=-1.18[0m
[delivery_robot_main_controller-22] [0m[INFO] [1775542752.381066451] [main_controller_node]: Navigating with 6 goals....[0m
[bt_navigator-15] [INFO] [1775542752.383418063] [bt_navigator]: Begin navigating from current location through 6 poses to (-5.05, -1.18)
[controller_server-11] [INFO] [1775542752.383992623] [local_costmap.local_costmap]: Received request to clear entirely the local_costmap
[delivery_robot_main_controller-22] [0m[INFO] [1775542752.393522150] [main_controller_node]: State change: RETRYING -> MOVE[0m
[controller_server-11] [INFO] [1775542752.397245706] [local_costmap.local_costmap]: KeepoutFilter: Subscribing to "/keepout_costmap_filter_info" topic for filter info...
[controller_server-11] [INFO] [1775542752.411944814] [local_costmap.local_costmap]: KeepoutFilter: Received filter info from /keepout_costmap_filter_info topic.
[controller_server-11] [INFO] [1775542752.412040769] [local_costmap.local_costmap]: KeepoutFilter: Subscribing to "/keepout_filter_mask" topic for filter mask...
[delivery_robot_main_controller-22] [0m[INFO] [1775542752.417450381] [main_controller_node]: Robot is MOVING.[0m
[controller_server-11] [WARN] [1775542752.419939363] [local_costmap.local_costmap]: KeepoutFilter: New filter mask arrived from /keepout_filter_mask topic. Updating old filter mask.
[planner_server-13] [INFO] [1775542752.423909659] [global_costmap.global_costmap]: Received request to clear entirely the global_costmap
[planner_server-13] [INFO] [1775542752.435846796] [global_costmap.global_costmap]: KeepoutFilter: Subscribing to "/keepout_costmap_filter_info" topic for filter info...
[planner_server-13] [INFO] [1775542752.447408865] [global_costmap.global_costmap]: KeepoutFilter: Received filter info from /keepout_costmap_filter_info topic.
[planner_server-13] [INFO] [1775542752.447527861] [global_costmap.global_costmap]: KeepoutFilter: Subscribing to "/keepout_filter_mask" topic for filter mask...
[planner_server-13] [WARN] [1775542752.463280134] [global_costmap.global_costmap]: KeepoutFilter: New filter mask arrived from /keepout_filter_mask topic. Updating old filter mask.
[planner_server-13] [WARN] [1775542752.929525835] [planner_server]: Planner loop missed its desired rate of 5.0000 Hz. Current loop rate is 2.0736 Hz
[controller_server-11] [INFO] [1775542752.945479350] [controller_server]: Received a goal, begin computing control effort.
[controller_server-11] [INFO] [1775542752.945844794] [controller_server]: Passing new path to controller.
[controller_server-11] [INFO] [1775542752.953141121] [controller_server]: Optimizer reset
[controller_server-11] [INFO] [1775542752.958335492] [controller_server]: Optimizer reset
[controller_server-11] [WARN] [1775542752.958687811] [controller_server]: Optimizer fail to compute path
[controller_server-11] [INFO] [1775542753.077974604] [controller_server]: Optimizer reset
[controller_server-11] [INFO] [1775542753.080833112] [controller_server]: Optimizer reset
[controller_server-11] [WARN] [1775542753.082305094] [controller_server]: Optimizer fail to compute path
[controller_server-11] [INFO] [1775542753.145938619] [controller_server]: Passing new path to controller.
[controller_server-11] [INFO] [1775542753.173153215] [controller_server]: Optimizer reset
[controller_server-11] [INFO] [1775542753.178359253] [controller_server]: Optimizer reset
[controller_server-11] [WARN] [1775542753.178623200] [controller_server]: Optimizer fail to compute path
[delivery_robot_main_controller-22] [0m[INFO] [1775542753.185869946] [main_controller_node]: Current state: MOVE, dock_state IDLE, charge_state NOT_CHARGE[0m
[controller_server-11] [INFO] [1775542753.245951991] [controller_server]: Passing new path to controller.
[controller_server-11] [INFO] [1775542753.268340868] [controller_server]: Optimizer reset
[controller_server-11] [INFO] [1775542753.270908597] [controller_server]: Optimizer reset
[controller_server-11] [WARN] [1775542753.271038383] [controller_server]: Optimizer fail to compute path
[controller_server-11] [INFO] [1775542753.345925990] [controller_server]: Passing new path to controller.
[controller_server-11] [INFO] [1775542753.348440929] [controller_server]: Optimizer reset
[controller_server-11] [INFO] [1775542753.349963950] [controller_server]: Optimizer reset
[controller_server-11] [WARN] [1775542753.350095486] [controller_server]: Optimizer fail to compute path
[controller_server-11] [INFO] [1775542753.468166954] [controller_server]: Optimizer reset
[controller_server-11] [INFO] [1775542753.472085044] [controller_server]: Optimizer reset
[controller_server-11] [WARN] [1775542753.475861098] [controller_server]: Optimizer fail to compute path
[controller_server-11] [INFO] [1775542753.545958276] [controller_server]: Passing new path to controller.
[controller_server-11] [INFO] [1775542753.553183148] [controller_server]: Optimizer reset
[controller_server-11] [INFO] [1775542753.561070659] [controller_server]: Optimizer reset
[controller_server-11] [WARN] [1775542753.563535433] [controller_server]: Optimizer fail to compute path
[controller_server-11] [INFO] [1775542753.645949483] [controller_server]: Passing new path to controller.
[controller_server-11] [INFO] [1775542753.657499886] [controller_server]: Optimizer reset
[controller_server-11] [INFO] [1775542753.662663342] [controller_server]: Optimizer reset
[controller_server-11] [WARN] [1775542753.663025577] [controller_server]: Optimizer fail to compute path
[controller_server-11] [INFO] [1775542753.745962563] [controller_server]: Passing new path to controller.
[controller_server-11] [INFO] [1775542753.753062607] [controller_server]: Optimizer reset
[controller_server-11] [INFO] [1775542753.756026402] [controller_server]: Optimizer reset
[controller_server-11] [WARN] [1775542753.756169313] [controller_server]: Optimizer fail to compute path
[controller_server-11] [INFO] [1775542753.847552913] [controller_server]: Optimizer reset
[controller_server-11] [INFO] [1775542753.849008854] [controller_server]: Optimizer reset
[controller_server-11] [WARN] [1775542753.849532665] [controller_server]: Optimizer fail to compute path
[controller_server-11] [INFO] [1775542753.945933602] [controller_server]: Passing new path to controller.
[controller_server-11] [INFO] [1775542753.947979852] [controller_server]: Optimizer reset
[controller_server-11] [INFO] [1775542753.949385044] [controller_server]: Optimizer reset
[controller_server-11] [WARN] [1775542753.949516289] [controller_server]: Optimizer fail to compute path
[controller_server-11] [ERROR] [1775542753.949589494] [controller_server]: Controller patience exceeded
[controller_server-11] [INFO] [1775542753.950927023] [controller_server]: Optimizer reset
[controller_server-11] [WARN] [1775542753.951069059] [controller_server]: [follow_path] [ActionServer] Aborting handle.
[bt_navigator-15] [WARN] [1775542753.982885967] [bt_navigator]: [navigate_through_poses] [ActionServer] Aborting handle.
[bt_navigator-15] [ERROR] [1775542753.983149040] [bt_navigator]: Goal failed
[delivery_robot_main_controller-22] [33m[WARN] [1775542754.003110183] [main_controller_node]: Goal failed! (obstacle retry 2/5)[0m
[robot_sound-23] [0m[INFO] [1775542754.005873903] [robot_sound_node]: 🔔 Received sound command: obstacle_alert[0m
[delivery_robot_main_controller-22] [0m[INFO] [1775542754.006909569] [main_controller_node]: Published message: "obstacle_alert"[0m
[delivery_robot_main_controller-22] [0m[INFO] [1775542754.010176977] [main_controller_node]: State change: MOVE -> RETRYING[0m
[robot_sound-23] amixer: Unable to find simple control 'PCM',0
[robot_sound-23] 
[robot_sound-23] [0m[INFO] [1775542754.039164543] [robot_sound_node]: 🔊 Playing sound: /home/smr/workspaces/mini_amr/amrROS2_ws/sounds/robot_obstacle.wav[0m
[delivery_robot_main_controller-22] [0m[INFO] [1775542754.040076839] [main_controller_node]: RETRYING: re-sending goal x=-5.05 y=-1.18 yaw=0.00 mode=agv[0m
[delivery_robot_main_controller-22] [0m[INFO] [1775542754.042621527] [main_controller_node]: AGV start_pos: x=-4.37, y=0.01[0m
[delivery_robot_main_controller-22] [0m[INFO] [1775542754.043227002] [main_controller_node]: AGV goal_pos: x=-5.05, y=-1.18[0m
[delivery_robot_main_controller-22] [0m[INFO] [1775542754.043846768] [main_controller_node]: Path source: database routes[0m
[robot_sound-23] aplay: main:834: audio open error: Device or resource busy
[delivery_robot_main_controller-22] [0m[INFO] [1775542754.085501483] [main_controller_node]: Computed AGV path waypoints:[0m
[delivery_robot_main_controller-22] [0m[INFO] [1775542754.088729226] [main_controller_node]:   Waypoint 0: x=-4.37, y=0.01[0m
[delivery_robot_main_controller-22] [0m[INFO] [1775542754.097673986] [main_controller_node]:   Waypoint 1: x=-4.15, y=0.25[0m
[delivery_robot_main_controller-22] [0m[INFO] [1775542754.110687038] [main_controller_node]:   Waypoint 2: x=-4.37, y=-0.11[0m
[delivery_robot_main_controller-22] [0m[INFO] [1775542754.112653082] [main_controller_node]:   Waypoint 3: x=-4.60, y=-0.46[0m
[delivery_robot_main_controller-22] [0m[INFO] [1775542754.113809785] [main_controller_node]:   Waypoint 4: x=-4.83, y=-0.82[0m
[delivery_robot_main_controller-22] [0m[INFO] [1775542754.117273769] [main_controller_node]:   Waypoint 5: x=-5.05, y=-1.18[0m
[delivery_robot_main_controller-22] [0m[INFO] [1775542754.124796420] [main_controller_node]: Navigating with 6 goals....[0m
[bt_navigator-15] [INFO] [1775542754.126399937] [bt_navigator]: Begin navigating from current location through 6 poses to (-5.05, -1.18)
[delivery_robot_main_controller-22] [0m[INFO] [1775542754.127577931] [main_controller_node]: State change: RETRYING -> MOVE[0m
[controller_server-11] [INFO] [1775542754.126854336] [local_costmap.local_costmap]: Received request to clear entirely the local_costmap
[controller_server-11] [INFO] [1775542754.138092960] [local_costmap.local_costmap]: KeepoutFilter: Subscribing to "/keepout_costmap_filter_info" topic for filter info...
[planner_server-13] [INFO] [1775542754.140925219] [global_costmap.global_costmap]: Received request to clear entirely the global_costmap
[planner_server-13] [INFO] [1775542754.158337299] [global_costmap.global_costmap]: KeepoutFilter: Subscribing to "/keepout_costmap_filter_info" topic for filter info...
[controller_server-11] [INFO] [1775542754.167004404] [local_costmap.local_costmap]: KeepoutFilter: Received filter info from /keepout_costmap_filter_info topic.
[controller_server-11] [INFO] [1775542754.167128065] [local_costmap.local_costmap]: KeepoutFilter: Subscribing to "/keepout_filter_mask" topic for filter mask...
[delivery_robot_main_controller-22] [0m[INFO] [1775542754.180671637] [main_controller_node]: Robot is MOVING.[0m
[controller_server-11] [WARN] [1775542754.182161409] [local_costmap.local_costmap]: KeepoutFilter: New filter mask arrived from /keepout_filter_mask topic. Updating old filter mask.
[planner_server-13] [INFO] [1775542754.276533012] [global_costmap.global_costmap]: KeepoutFilter: Received filter info from /keepout_costmap_filter_info topic.
[planner_server-13] [INFO] [1775542754.276711797] [global_costmap.global_costmap]: KeepoutFilter: Subscribing to "/keepout_filter_mask" topic for filter mask...
[planner_server-13] [WARN] [1775542754.283877462] [global_costmap.global_costmap]: KeepoutFilter: New filter mask arrived from /keepout_filter_mask topic. Updating old filter mask.
[delivery_robot_main_controller-22] [0m[INFO] [1775542754.334445146] [main_controller_node]: Current state: MOVE, dock_state IDLE, charge_state NOT_CHARGE[0m
[planner_server-13] [WARN] [1775542754.408458081] [planner_server]: Planner loop missed its desired rate of 5.0000 Hz. Current loop rate is 4.4888 Hz
[controller_server-11] [INFO] [1775542754.427690670] [controller_server]: Received a goal, begin computing control effort.
[controller_server-11] [INFO] [1775542754.434161031] [controller_server]: Optimizer reset
[controller_server-11] [INFO] [1775542754.439313112] [controller_server]: Optimizer reset
[controller_server-11] [WARN] [1775542754.439554019] [controller_server]: Optimizer fail to compute path
[controller_server-11] [INFO] [1775542754.528108567] [controller_server]: Passing new path to controller.
[controller_server-11] [INFO] [1775542754.536022619] [controller_server]: Optimizer reset
[controller_server-11] [INFO] [1775542754.541843173] [controller_server]: Optimizer reset
[controller_server-11] [WARN] [1775542754.541995417] [controller_server]: Optimizer fail to compute path
[controller_server-11] [INFO] [1775542754.628943240] [controller_server]: Passing new path to controller.
[controller_server-11] [INFO] [1775542754.636786711] [controller_server]: Optimizer reset
[controller_server-11] [INFO] [1775542754.641961249] [controller_server]: Optimizer reset
[controller_server-11] [WARN] [1775542754.642262820] [controller_server]: Optimizer fail to compute path
[controller_server-11] [INFO] [1775542754.728156895] [controller_server]: Passing new path to controller.
[controller_server-11] [INFO] [1775542754.735863288] [controller_server]: Optimizer reset
[controller_server-11] [INFO] [1775542754.741769588] [controller_server]: Optimizer reset
[controller_server-11] [WARN] [1775542754.745710719] [controller_server]: Optimizer fail to compute path
[controller_server-11] [INFO] [1775542754.828117769] [controller_server]: Passing new path to controller.
[controller_server-11] [INFO] [1775542754.839056864] [controller_server]: Optimizer reset
[controller_server-11] [INFO] [1775542754.844661301] [controller_server]: Optimizer reset
[controller_server-11] [WARN] [1775542754.844900458] [controller_server]: Optimizer fail to compute path
[controller_server-11] [INFO] [1775542754.934843867] [controller_server]: Optimizer reset
[controller_server-11] [INFO] [1775542754.943595551] [controller_server]: Optimizer reset
[controller_server-11] [WARN] [1775542754.943970036] [controller_server]: Optimizer fail to compute path
[controller_server-11] [INFO] [1775542755.028408170] [controller_server]: Passing new path to controller.
[controller_server-11] [INFO] [1775542755.038563005] [controller_server]: Optimizer reset
[controller_server-11] [INFO] [1775542755.044045822] [controller_server]: Optimizer reset
[controller_server-11] [WARN] [1775542755.044580717] [controller_server]: Optimizer fail to compute path
[controller_server-11] [INFO] [1775542755.128112971] [controller_server]: Passing new path to controller.
[controller_server-11] [INFO] [1775542755.137460506] [controller_server]: Optimizer reset
[controller_server-11] [INFO] [1775542755.142822287] [controller_server]: Optimizer reset
[controller_server-11] [WARN] [1775542755.143136691] [controller_server]: Optimizer fail to compute path
[delivery_robot_main_controller-22] [0m[INFO] [1775542755.181309923] [main_controller_node]: Current state: MOVE, dock_state IDLE, charge_state NOT_CHARGE[0m
[controller_server-11] [INFO] [1775542755.228308919] [controller_server]: Passing new path to controller.
[controller_server-11] [INFO] [1775542755.248504261] [controller_server]: Optimizer reset
[controller_server-11] [INFO] [1775542755.254574471] [controller_server]: Optimizer reset
[controller_server-11] [WARN] [1775542755.256299026] [controller_server]: Optimizer fail to compute path
[controller_server-11] [INFO] [1775542755.331378833] [controller_server]: Optimizer reset
[controller_server-11] [INFO] [1775542755.336189095] [controller_server]: Optimizer reset
[controller_server-11] [WARN] [1775542755.340146267] [controller_server]: Optimizer fail to compute path
[controller_server-11] [INFO] [1775542755.428108173] [controller_server]: Passing new path to controller.
[controller_server-11] [INFO] [1775542755.430261752] [controller_server]: Optimizer reset
[controller_server-11] [INFO] [1775542755.437512289] [controller_server]: Optimizer reset
[controller_server-11] [WARN] [1775542755.440239261] [controller_server]: Optimizer fail to compute path
[controller_server-11] [ERROR] [1775542755.440607621] [controller_server]: Controller patience exceeded
[controller_server-11] [INFO] [1775542755.442036438] [controller_server]: Optimizer reset
[controller_server-11] [WARN] [1775542755.442134142] [controller_server]: [follow_path] [ActionServer] Aborting handle.
[controller_server-11] [INFO] [1775542755.458896707] [controller_server]: Received a goal, begin computing control effort.
[controller_server-11] [INFO] [1775542755.460677259] [controller_server]: Optimizer reset
[controller_server-11] [INFO] [1775542755.463194532] [controller_server]: Optimizer reset
[controller_server-11] [WARN] [1775542755.463441563] [controller_server]: Optimizer fail to compute path
[controller_server-11] [INFO] [1775542755.674953672] [controller_server]: Optimizer reset
[controller_server-11] [INFO] [1775542755.676438778] [controller_server]: Optimizer reset
[controller_server-11] [WARN] [1775542755.676570022] [controller_server]: Optimizer fail to compute path
[controller_server-11] [WARN] [1775542755.677004880] [controller_server]: Control loop missed its desired rate of 10.0000 Hz. Current loop rate is 8.4821 Hz.
[controller_server-11] [INFO] [1775542755.677092668] [controller_server]: Passing new path to controller.
[controller_server-11] [INFO] [1775542755.724301072] [controller_server]: Optimizer reset
[controller_server-11] [INFO] [1775542755.730056296] [controller_server]: Optimizer reset
[controller_server-11] [WARN] [1775542755.730290494] [controller_server]: Optimizer fail to compute path
[controller_server-11] [INFO] [1775542755.759261144] [controller_server]: Passing new path to controller.
[controller_server-11] [INFO] [1775542755.766356813] [controller_server]: Optimizer reset
[controller_server-11] [INFO] [1775542755.773484271] [controller_server]: Optimizer reset
[controller_server-11] [WARN] [1775542755.773776509] [controller_server]: Optimizer fail to compute path
[controller_server-11] [INFO] [1775542755.859383595] [controller_server]: Passing new path to controller.
[controller_server-11] [INFO] [1775542755.863552508] [controller_server]: Optimizer reset
[controller_server-11] [INFO] [1775542755.865103820] [controller_server]: Optimizer reset
[controller_server-11] [WARN] [1775542755.865284938] [controller_server]: Optimizer fail to compute path
[controller_server-11] [INFO] [1775542755.961075441] [controller_server]: Optimizer reset
[controller_server-11] [INFO] [1775542755.962512715] [controller_server]: Optimizer reset
[controller_server-11] [WARN] [1775542755.962640169] [controller_server]: Optimizer fail to compute path
[controller_server-11] [INFO] [1775542756.059144643] [controller_server]: Passing new path to controller.
[controller_server-11] [INFO] [1775542756.066384972] [controller_server]: Optimizer reset
[controller_server-11] [INFO] [1775542756.071740628] [controller_server]: Optimizer reset
[controller_server-11] [WARN] [1775542756.072106071] [controller_server]: Optimizer fail to compute path
[controller_server-11] [INFO] [1775542756.159166473] [controller_server]: Passing new path to controller.
[controller_server-11] [INFO] [1775542756.169912784] [controller_server]: Optimizer reset
[controller_server-11] [INFO] [1775542756.173734336] [controller_server]: Optimizer reset
[controller_server-11] [WARN] [1775542756.175427683] [controller_server]: Optimizer fail to compute path
[delivery_robot_main_controller-22] [0m[INFO] [1775542756.236247907] [main_controller_node]: Current state: MOVE, dock_state IDLE, charge_state NOT_CHARGE[0m
[controller_server-11] [INFO] [1775542756.278273607] [controller_server]: Optimizer reset
[controller_server-11] [INFO] [1775542756.287223324] [controller_server]: Optimizer reset
[controller_server-11] [WARN] [1775542756.287493980] [controller_server]: Optimizer fail to compute path
[controller_server-11] [INFO] [1775542756.359276631] [controller_server]: Passing new path to controller.
[controller_server-11] [INFO] [1775542756.366353633] [controller_server]: Optimizer reset
[controller_server-11] [INFO] [1775542756.376663337] [controller_server]: Optimizer reset
[controller_server-11] [WARN] [1775542756.377146609] [controller_server]: Optimizer fail to compute path
[controller_server-11] [INFO] [1775542756.459206590] [controller_server]: Passing new path to controller.
[controller_server-11] [INFO] [1775542756.466704158] [controller_server]: Optimizer reset
[controller_server-11] [INFO] [1775542756.475058900] [controller_server]: Optimizer reset
[controller_server-11] [WARN] [1775542756.477154148] [controller_server]: Optimizer fail to compute path
[controller_server-11] [ERROR] [1775542756.477353640] [controller_server]: Controller patience exceeded
[controller_server-11] [INFO] [1775542756.479210023] [controller_server]: Optimizer reset
[controller_server-11] [WARN] [1775542756.479504302] [controller_server]: [follow_path] [ActionServer] Aborting handle.
[planner_server-13] [INFO] [1775542756.498471194] [planner_server]: Goal was canceled. Canceling planning action.
[planner_server-13] [INFO] [1775542756.498653478] [planner_server]: [compute_path_through_poses] [ActionServer] Client requested to cancel the goal. Cancelling.
[bt_navigator-15] [WARN] [1775542756.506791521] [bt_navigator]: [navigate_through_poses] [ActionServer] Aborting handle.
[bt_navigator-15] [ERROR] [1775542756.507095425] [bt_navigator]: Goal failed
[delivery_robot_main_controller-22] [33m[WARN] [1775542756.530280519] [main_controller_node]: Goal failed! (obstacle retry 3/5)[0m
[robot_sound-23] [0m[INFO] [1775542756.534289314] [robot_sound_node]: 🔔 Received sound command: obstacle_alert[0m
[delivery_robot_main_controller-22] [0m[INFO] [1775542756.538024245] [main_controller_node]: Published message: "obstacle_alert"[0m
[delivery_robot_main_controller-22] [0m[INFO] [1775542756.541901503] [main_controller_node]: State change: MOVE -> RETRYING[0m
[robot_sound-23] amixer: Unable to find simple control 'PCM',0
[robot_sound-23] 
[robot_sound-23] [0m[INFO] [1775542756.546486024] [robot_sound_node]: 🔊 Playing sound: /home/smr/workspaces/mini_amr/amrROS2_ws/sounds/robot_obstacle.wav[0m
[robot_sound-23] aplay: main:834: audio open error: Device or resource busy
[delivery_robot_main_controller-22] [0m[INFO] [1775542756.572515627] [main_controller_node]: RETRYING: re-sending goal x=-5.05 y=-1.18 yaw=0.00 mode=agv[0m
[delivery_robot_main_controller-22] [0m[INFO] [1775542756.575990985] [main_controller_node]: AGV start_pos: x=-4.37, y=0.01[0m
[delivery_robot_main_controller-22] [0m[INFO] [1775542756.576727122] [main_controller_node]: AGV goal_pos: x=-5.05, y=-1.18[0m
[delivery_robot_main_controller-22] [0m[INFO] [1775542756.577516923] [main_controller_node]: Path source: database routes[0m
[delivery_robot_main_controller-22] [0m[INFO] [1775542756.601331700] [main_controller_node]: Computed AGV path waypoints:[0m
[delivery_robot_main_controller-22] [0m[INFO] [1775542756.604831849] [main_controller_node]:   Waypoint 0: x=-4.37, y=0.01[0m
[delivery_robot_main_controller-22] [0m[INFO] [1775542756.610381455] [main_controller_node]:   Waypoint 1: x=-4.15, y=0.25[0m
[delivery_robot_main_controller-22] [0m[INFO] [1775542756.614029765] [main_controller_node]:   Waypoint 2: x=-4.37, y=-0.11[0m
[delivery_robot_main_controller-22] [0m[INFO] [1775542756.625125770] [main_controller_node]:   Waypoint 3: x=-4.60, y=-0.46[0m
[delivery_robot_main_controller-22] [0m[INFO] [1775542756.637746837] [main_controller_node]:   Waypoint 4: x=-4.83, y=-0.82[0m
[delivery_robot_main_controller-22] [0m[INFO] [1775542756.641320775] [main_controller_node]:   Waypoint 5: x=-5.05, y=-1.18[0m
[delivery_robot_main_controller-22] [0m[INFO] [1775542756.648438900] [main_controller_node]: Navigating with 6 goals....[0m
[bt_navigator-15] [INFO] [1775542756.649931589] [bt_navigator]: Begin navigating from current location through 6 poses to (-5.05, -1.18)
[controller_server-11] [INFO] [1775542756.651427487] [local_costmap.local_costmap]: Received request to clear entirely the local_costmap
[controller_server-11] [INFO] [1775542756.655016882] [local_costmap.local_costmap]: KeepoutFilter: Subscribing to "/keepout_costmap_filter_info" topic for filter info...
[controller_server-11] [INFO] [1775542756.658435075] [local_costmap.local_costmap]: KeepoutFilter: Received filter info from /keepout_costmap_filter_info topic.
[controller_server-11] [INFO] [1775542756.658568945] [local_costmap.local_costmap]: KeepoutFilter: Subscribing to "/keepout_filter_mask" topic for filter mask...
[planner_server-13] [INFO] [1775542756.657613776] [global_costmap.global_costmap]: Received request to clear entirely the global_costmap
[delivery_robot_main_controller-22] [0m[INFO] [1775542756.659928639] [main_controller_node]: State change: RETRYING -> MOVE[0m
[planner_server-13] [INFO] [1775542756.668747987] [global_costmap.global_costmap]: KeepoutFilter: Subscribing to "/keepout_costmap_filter_info" topic for filter info...
[planner_server-13] [INFO] [1775542756.694355275] [global_costmap.global_costmap]: KeepoutFilter: Received filter info from /keepout_costmap_filter_info topic.
[planner_server-13] [INFO] [1775542756.696213699] [global_costmap.global_costmap]: KeepoutFilter: Subscribing to "/keepout_filter_mask" topic for filter mask...
[controller_server-11] [WARN] [1775542756.696870505] [local_costmap.local_costmap]: KeepoutFilter: New filter mask arrived from /keepout_filter_mask topic. Updating old filter mask.
[delivery_robot_main_controller-22] [0m[INFO] [1775542756.697851048] [main_controller_node]: Robot is MOVING.[0m
[planner_server-13] [WARN] [1775542756.712240127] [global_costmap.global_costmap]: KeepoutFilter: New filter mask arrived from /keepout_filter_mask topic. Updating old filter mask.
[planner_server-13] [WARN] [1775542756.935539463] [planner_server]: Planner loop missed its desired rate of 5.0000 Hz. Current loop rate is 4.1515 Hz
[controller_server-11] [INFO] [1775542756.953266239] [controller_server]: Received a goal, begin computing control effort.
[controller_server-11] [INFO] [1775542756.955351862] [controller_server]: Optimizer reset
[controller_server-11] [INFO] [1775542756.957020418] [controller_server]: Optimizer reset
[controller_server-11] [WARN] [1775542756.957149038] [controller_server]: Optimizer fail to compute path
[controller_server-11] [INFO] [1775542757.056007749] [controller_server]: Optimizer reset
[controller_server-11] [INFO] [1775542757.058900090] [controller_server]: Optimizer reset
[controller_server-11] [WARN] [1775542757.059081207] [controller_server]: Optimizer fail to compute path
[controller_server-11] [INFO] [1775542757.153502100] [controller_server]: Passing new path to controller.
[controller_server-11] [INFO] [1775542757.156040079] [controller_server]: Optimizer reset
[controller_server-11] [INFO] [1775542757.157704261] [controller_server]: Optimizer reset
[controller_server-11] [WARN] [1775542757.157905211] [controller_server]: Optimizer fail to compute path
[delivery_robot_main_controller-22] [0m[INFO] [1775542757.184389504] [main_controller_node]: Current state: MOVE, dock_state IDLE, charge_state NOT_CHARGE[0m
[controller_server-11] [INFO] [1775542757.253470557] [controller_server]: Passing new path to controller.
[controller_server-11] [INFO] [1775542757.255501057] [controller_server]: Optimizer reset
[controller_server-11] [INFO] [1775542757.263663599] [controller_server]: Optimizer reset
[controller_server-11] [WARN] [1775542757.268587315] [controller_server]: Optimizer fail to compute path
[controller_server-11] [INFO] [1775542757.353479263] [controller_server]: Passing new path to controller.
[controller_server-11] [INFO] [1775542757.356698256] [controller_server]: Optimizer reset
[controller_server-11] [INFO] [1775542757.358328023] [controller_server]: Optimizer reset
[controller_server-11] [WARN] [1775542757.358495141] [controller_server]: Optimizer fail to compute path
[controller_server-11] [INFO] [1775542757.453532592] [controller_server]: Passing new path to controller.
[controller_server-11] [INFO] [1775542757.455582342] [controller_server]: Optimizer reset
[controller_server-11] [INFO] [1775542757.457113821] [controller_server]: Optimizer reset
[controller_server-11] [WARN] [1775542757.457364352] [controller_server]: Optimizer fail to compute path
[controller_server-11] [INFO] [1775542757.559747419] [controller_server]: Optimizer reset
[controller_server-11] [INFO] [1775542757.565143032] [controller_server]: Optimizer reset
[controller_server-11] [WARN] [1775542757.565422146] [controller_server]: Optimizer fail to compute path
[controller_server-11] [INFO] [1775542757.653530463] [controller_server]: Passing new path to controller.
[controller_server-11] [INFO] [1775542757.660717711] [controller_server]: Optimizer reset
[controller_server-11] [INFO] [1775542757.667409729] [controller_server]: Optimizer reset
[controller_server-11] [WARN] [1775542757.667670468] [controller_server]: Optimizer fail to compute path
[controller_server-11] [INFO] [1775542757.753517003] [controller_server]: Passing new path to controller.
[controller_server-11] [INFO] [1775542757.761092735] [controller_server]: Optimizer reset
[controller_server-11] [INFO] [1775542757.768457017] [controller_server]: Optimizer reset
[controller_server-11] [WARN] [1775542757.768855418] [controller_server]: Optimizer fail to compute path
[controller_server-11] [INFO] [1775542757.853885027] [controller_server]: Passing new path to controller.
[controller_server-11] [INFO] [1775542757.862175022] [controller_server]: Optimizer reset
[controller_server-11] [INFO] [1775542757.871210195] [controller_server]: Optimizer reset
[controller_server-11] [WARN] [1775542757.871393354] [controller_server]: Optimizer fail to compute path
[controller_server-11] [INFO] [1775542757.956008813] [controller_server]: Optimizer reset
[controller_server-11] [INFO] [1775542757.958345260] [controller_server]: Optimizer reset
[controller_server-11] [WARN] [1775542757.958495462] [controller_server]: Optimizer fail to compute path
[controller_server-11] [ERROR] [1775542757.958570125] [controller_server]: Controller patience exceeded
[controller_server-11] [INFO] [1775542757.959152560] [controller_server]: Optimizer reset
[controller_server-11] [WARN] [1775542757.959451506] [controller_server]: [follow_path] [ActionServer] Aborting handle.
[controller_server-11] [INFO] [1775542757.962873200] [controller_server]: Received a goal, begin computing control effort.
[controller_server-11] [INFO] [1775542757.965723542] [controller_server]: Optimizer reset
[controller_server-11] [INFO] [1775542757.967919994] [controller_server]: Optimizer reset
[controller_server-11] [WARN] [1775542757.968080695] [controller_server]: Optimizer fail to compute path
[controller_server-11] [INFO] [1775542758.064841825] [controller_server]: Optimizer reset
[controller_server-11] [INFO] [1775542758.066806995] [controller_server]: Optimizer reset
[controller_server-11] [WARN] [1775542758.066963030] [controller_server]: Optimizer fail to compute path
[controller_server-11] [INFO] [1775542758.163062979] [controller_server]: Passing new path to controller.
[controller_server-11] [INFO] [1775542758.165307263] [controller_server]: Optimizer reset
[controller_server-11] [INFO] [1775542758.166742204] [controller_server]: Optimizer reset
[controller_server-11] [WARN] [1775542758.167016068] [controller_server]: Optimizer fail to compute path
[delivery_robot_main_controller-22] [0m[INFO] [1775542758.219096857] [main_controller_node]: Current state: MOVE, dock_state IDLE, charge_state NOT_CHARGE[0m
[controller_server-11] [INFO] [1775542758.263087726] [controller_server]: Passing new path to controller.
[controller_server-11] [INFO] [1775542758.270074316] [controller_server]: Optimizer reset
[controller_server-11] [INFO] [1775542758.275786082] [controller_server]: Optimizer reset
[controller_server-11] [WARN] [1775542758.276129943] [controller_server]: Optimizer fail to compute path
[controller_server-11] [INFO] [1775542758.363109265] [controller_server]: Passing new path to controller.
[controller_server-11] [INFO] [1775542758.367210222] [controller_server]: Optimizer reset
[controller_server-11] [INFO] [1775542758.368905611] [controller_server]: Optimizer reset
[controller_server-11] [WARN] [1775542758.369122019] [controller_server]: Optimizer fail to compute path
[controller_server-11] [INFO] [1775542758.463216842] [controller_server]: Passing new path to controller.
[controller_server-11] [INFO] [1775542758.465270966] [controller_server]: Optimizer reset
[controller_server-11] [INFO] [1775542758.466735656] [controller_server]: Optimizer reset
[controller_server-11] [WARN] [1775542758.466861943] [controller_server]: Optimizer fail to compute path
[controller_server-11] [INFO] [1775542758.564758193] [controller_server]: Optimizer reset
[controller_server-11] [INFO] [1775542758.566259340] [controller_server]: Optimizer reset
[controller_server-11] [WARN] [1775542758.566676698] [controller_server]: Optimizer fail to compute path
[controller_server-11] [INFO] [1775542758.663058969] [controller_server]: Passing new path to controller.
[controller_server-11] [INFO] [1775542758.665116010] [controller_server]: Optimizer reset
[controller_server-11] [INFO] [1775542758.667929895] [controller_server]: Optimizer reset
[controller_server-11] [WARN] [1775542758.669547995] [controller_server]: Optimizer fail to compute path
[controller_server-11] [INFO] [1775542758.763065341] [controller_server]: Passing new path to controller.
[controller_server-11] [INFO] [1775542758.766658236] [controller_server]: Optimizer reset
[controller_server-11] [INFO] [1775542758.769944894] [controller_server]: Optimizer reset
[controller_server-11] [WARN] [1775542758.770070597] [controller_server]: Optimizer fail to compute path
[controller_server-11] [INFO] [1775542758.863067048] [controller_server]: Passing new path to controller.
[controller_server-11] [INFO] [1775542758.866384037] [controller_server]: Optimizer reset
[controller_server-11] [INFO] [1775542758.869666028] [controller_server]: Optimizer reset
[controller_server-11] [WARN] [1775542758.871201590] [controller_server]: Optimizer fail to compute path
[controller_server-11] [INFO] [1775542758.965181501] [controller_server]: Optimizer reset
[controller_server-11] [INFO] [1775542758.967839642] [controller_server]: Optimizer reset
[controller_server-11] [WARN] [1775542758.969792562] [controller_server]: Optimizer fail to compute path
[controller_server-11] [ERROR] [1775542758.969894350] [controller_server]: Controller patience exceeded
[controller_server-11] [INFO] [1775542758.971413288] [controller_server]: Optimizer reset
[controller_server-11] [WARN] [1775542758.972567949] [controller_server]: [follow_path] [ActionServer] Aborting handle.
[bt_navigator-15] [WARN] [1775542758.991742499] [bt_navigator]: [navigate_through_poses] [ActionServer] Aborting handle.
[bt_navigator-15] [ERROR] [1775542758.992230146] [bt_navigator]: Goal failed
[delivery_robot_main_controller-22] [33m[WARN] [1775542758.994891495] [main_controller_node]: Goal failed! (obstacle retry 4/5)[0m
[robot_sound-23] [0m[INFO] [1775542758.996343353] [robot_sound_node]: 🔔 Received sound command: obstacle_alert[0m
[delivery_robot_main_controller-22] [0m[INFO] [1775542758.998317564] [main_controller_node]: Published message: "obstacle_alert"[0m
[robot_sound-23] amixer: Unable to find simple control 'PCM',0
[robot_sound-23] 
[delivery_robot_main_controller-22] [0m[INFO] [1775542759.008307905] [main_controller_node]: State change: MOVE -> RETRYING[0m
[robot_sound-23] [0m[INFO] [1775542759.008863216] [robot_sound_node]: 🔊 Playing sound: /home/smr/workspaces/mini_amr/amrROS2_ws/sounds/robot_obstacle.wav[0m
[robot_sound-23] Playing WAVE '/home/smr/workspaces/mini_amr/amrROS2_ws/sounds/robot_obstacle.wav' : Signed 16 bit Little Endian, Rate 44100 Hz, Mono
[delivery_robot_main_controller-22] [0m[INFO] [1775542759.037539003] [main_controller_node]: RETRYING: re-sending goal x=-5.05 y=-1.18 yaw=0.00 mode=agv[0m
[delivery_robot_main_controller-22] [0m[INFO] [1775542759.043816288] [main_controller_node]: AGV start_pos: x=-4.37, y=0.01[0m
[delivery_robot_main_controller-22] [0m[INFO] [1775542759.045614048] [main_controller_node]: AGV goal_pos: x=-5.05, y=-1.18[0m
[delivery_robot_main_controller-22] [0m[INFO] [1775542759.046217190] [main_controller_node]: Path source: database routes[0m
[delivery_robot_main_controller-22] [0m[INFO] [1775542759.070055591] [main_controller_node]: Computed AGV path waypoints:[0m
[delivery_robot_main_controller-22] [0m[INFO] [1775542759.072832728] [main_controller_node]:   Waypoint 0: x=-4.37, y=0.01[0m
[delivery_robot_main_controller-22] [0m[INFO] [1775542759.078963019] [main_controller_node]:   Waypoint 1: x=-4.15, y=0.25[0m
[delivery_robot_main_controller-22] [0m[INFO] [1775542759.083239553] [main_controller_node]:   Waypoint 2: x=-4.37, y=-0.11[0m
[delivery_robot_main_controller-22] [0m[INFO] [1775542759.088214891] [main_controller_node]:   Waypoint 3: x=-4.60, y=-0.46[0m
[delivery_robot_main_controller-22] [0m[INFO] [1775542759.091672750] [main_controller_node]:   Waypoint 4: x=-4.83, y=-0.82[0m
[delivery_robot_main_controller-22] [0m[INFO] [1775542759.092718915] [main_controller_node]:   Waypoint 5: x=-5.05, y=-1.18[0m
[delivery_robot_main_controller-22] [0m[INFO] [1775542759.094322141] [main_controller_node]: Navigating with 6 goals....[0m
[bt_navigator-15] [INFO] [1775542759.095664337] [bt_navigator]: Begin navigating from current location through 6 poses to (-5.05, -1.18)
[controller_server-11] [INFO] [1775542759.096142067] [local_costmap.local_costmap]: Received request to clear entirely the local_costmap
[delivery_robot_main_controller-22] [0m[INFO] [1775542759.101600677] [main_controller_node]: State change: RETRYING -> MOVE[0m
[controller_server-11] [INFO] [1775542759.101743005] [local_costmap.local_costmap]: KeepoutFilter: Subscribing to "/keepout_costmap_filter_info" topic for filter info...
[planner_server-13] [INFO] [1775542759.112616769] [global_costmap.global_costmap]: Received request to clear entirely the global_costmap
[controller_server-11] [INFO] [1775542759.119911054] [local_costmap.local_costmap]: KeepoutFilter: Received filter info from /keepout_costmap_filter_info topic.
[controller_server-11] [INFO] [1775542759.120207084] [local_costmap.local_costmap]: KeepoutFilter: Subscribing to "/keepout_filter_mask" topic for filter mask...
[delivery_robot_main_controller-22] [0m[INFO] [1775542759.121478407] [main_controller_node]: Robot is MOVING.[0m
[planner_server-13] [INFO] [1775542759.126373249] [global_costmap.global_costmap]: KeepoutFilter: Subscribing to "/keepout_costmap_filter_info" topic for filter info...
[planner_server-13] [INFO] [1775542759.140207600] [global_costmap.global_costmap]: KeepoutFilter: Received filter info from /keepout_costmap_filter_info topic.
[planner_server-13] [INFO] [1775542759.140345553] [global_costmap.global_costmap]: KeepoutFilter: Subscribing to "/keepout_filter_mask" topic for filter mask...
[controller_server-11] [WARN] [1775542759.147720918] [local_costmap.local_costmap]: KeepoutFilter: New filter mask arrived from /keepout_filter_mask topic. Updating old filter mask.
[planner_server-13] [WARN] [1775542759.154930624] [global_costmap.global_costmap]: KeepoutFilter: New filter mask arrived from /keepout_filter_mask topic. Updating old filter mask.
[delivery_robot_main_controller-22] [0m[INFO] [1775542759.191170185] [main_controller_node]: Current state: MOVE, dock_state IDLE, charge_state NOT_CHARGE[0m
[planner_server-13] [WARN] [1775542759.426716978] [planner_server]: Planner loop missed its desired rate of 5.0000 Hz. Current loop rate is 3.5053 Hz
[controller_server-11] [INFO] [1775542759.439454416] [controller_server]: Received a goal, begin computing control effort.
[controller_server-11] [INFO] [1775542759.441248968] [controller_server]: Optimizer reset
[controller_server-11] [INFO] [1775542759.442746907] [controller_server]: Optimizer reset
[controller_server-11] [WARN] [1775542759.442851611] [controller_server]: Optimizer fail to compute path
[controller_server-11] [INFO] [1775542759.539672822] [controller_server]: Passing new path to controller.
[controller_server-11] [INFO] [1775542759.541789360] [controller_server]: Optimizer reset
[controller_server-11] [INFO] [1775542759.543522664] [controller_server]: Optimizer reset
[controller_server-11] [WARN] [1775542759.544163430] [controller_server]: Optimizer fail to compute path
[controller_server-11] [INFO] [1775542759.639652070] [controller_server]: Passing new path to controller.
[controller_server-11] [INFO] [1775542759.642040431] [controller_server]: Optimizer reset
[controller_server-11] [INFO] [1775542759.643615075] [controller_server]: Optimizer reset
[controller_server-11] [WARN] [1775542759.643789193] [controller_server]: Optimizer fail to compute path
[controller_server-11] [INFO] [1775542759.739708608] [controller_server]: Passing new path to controller.
[controller_server-11] [INFO] [1775542759.747959229] [controller_server]: Optimizer reset
[controller_server-11] [INFO] [1775542759.753053854] [controller_server]: Optimizer reset
[controller_server-11] [WARN] [1775542759.753374966] [controller_server]: Optimizer fail to compute path
[controller_server-11] [INFO] [1775542759.839700106] [controller_server]: Passing new path to controller.
[controller_server-11] [INFO] [1775542759.846791108] [controller_server]: Optimizer reset
[controller_server-11] [INFO] [1775542759.851889816] [controller_server]: Optimizer reset
[controller_server-11] [WARN] [1775542759.852162222] [controller_server]: Optimizer fail to compute path
[controller_server-11] [INFO] [1775542759.941326912] [controller_server]: Optimizer reset
[controller_server-11] [INFO] [1775542759.942768853] [controller_server]: Optimizer reset
[controller_server-11] [WARN] [1775542759.942909139] [controller_server]: Optimizer fail to compute path
[controller_server-11] [INFO] [1775542760.039655978] [controller_server]: Passing new path to controller.
[controller_server-11] [INFO] [1775542760.041776308] [controller_server]: Optimizer reset
[controller_server-11] [INFO] [1775542760.043227874] [controller_server]: Optimizer reset
[controller_server-11] [WARN] [1775542760.043368160] [controller_server]: Optimizer fail to compute path
[controller_server-11] [INFO] [1775542760.139669351] [controller_server]: Passing new path to controller.
[controller_server-11] [INFO] [1775542760.141700434] [controller_server]: Optimizer reset
[controller_server-11] [INFO] [1775542760.143274203] [controller_server]: Optimizer reset
[controller_server-11] [WARN] [1775542760.143503444] [controller_server]: Optimizer fail to compute path
[controller_server-11] [INFO] [1775542760.239670182] [controller_server]: Passing new path to controller.
[controller_server-11] [INFO] [1775542760.241717598] [controller_server]: Optimizer reset
[controller_server-11] [INFO] [1775542760.243174414] [controller_server]: Optimizer reset
[controller_server-11] [WARN] [1775542760.243306533] [controller_server]: Optimizer fail to compute path
[delivery_robot_main_controller-22] [0m[INFO] [1775542760.274780748] [main_controller_node]: Current state: MOVE, dock_state IDLE, charge_state NOT_CHARGE[0m
[controller_server-11] [INFO] [1775542760.339671013] [controller_server]: Passing new path to controller.
[controller_server-11] [INFO] [1775542760.341879131] [controller_server]: Optimizer reset
[controller_server-11] [INFO] [1775542760.343334197] [controller_server]: Optimizer reset
[controller_server-11] [WARN] [1775542760.343482649] [controller_server]: Optimizer fail to compute path
[controller_server-11] [INFO] [1775542760.445885549] [controller_server]: Optimizer reset
[controller_server-11] [INFO] [1775542760.451345617] [controller_server]: Optimizer reset
[controller_server-11] [WARN] [1775542760.451603440] [controller_server]: Optimizer fail to compute path
[controller_server-11] [ERROR] [1775542760.451770267] [controller_server]: Controller patience exceeded
[controller_server-11] [INFO] [1775542760.453637440] [controller_server]: Optimizer reset
[controller_server-11] [WARN] [1775542760.453922970] [controller_server]: [follow_path] [ActionServer] Aborting handle.
[controller_server-11] [INFO] [1775542760.460539742] [controller_server]: Received a goal, begin computing control effort.
[controller_server-11] [INFO] [1775542760.464164427] [controller_server]: Optimizer reset
[controller_server-11] [INFO] [1775542760.466614327] [controller_server]: Optimizer reset
[controller_server-11] [WARN] [1775542760.466785528] [controller_server]: Optimizer fail to compute path
[controller_server-11] [INFO] [1775542760.564397415] [controller_server]: Optimizer reset
[controller_server-11] [INFO] [1775542760.568450541] [controller_server]: Optimizer reset
[controller_server-11] [WARN] [1775542760.568594036] [controller_server]: Optimizer fail to compute path
[controller_server-11] [INFO] [1775542760.662627902] [controller_server]: Passing new path to controller.
[controller_server-11] [INFO] [1775542760.665060011] [controller_server]: Optimizer reset
[controller_server-11] [INFO] [1775542760.666501661] [controller_server]: Optimizer reset
[controller_server-11] [WARN] [1775542760.666669654] [controller_server]: Optimizer fail to compute path
[controller_server-11] [INFO] [1775542760.762629900] [controller_server]: Passing new path to controller.
[controller_server-11] [INFO] [1775542760.764753730] [controller_server]: Optimizer reset
[controller_server-11] [INFO] [1775542760.766179630] [controller_server]: Optimizer reset
[controller_server-11] [WARN] [1775542760.766336832] [controller_server]: Optimizer fail to compute path
[controller_server-11] [INFO] [1775542760.862630439] [controller_server]: Passing new path to controller.
[controller_server-11] [INFO] [1775542760.864738812] [controller_server]: Optimizer reset
[controller_server-11] [INFO] [1775542760.867242084] [controller_server]: Optimizer reset
[controller_server-11] [WARN] [1775542760.869998513] [controller_server]: Optimizer fail to compute path
[controller_server-11] [INFO] [1775542760.965705020] [controller_server]: Optimizer reset
[controller_server-11] [INFO] [1775542760.968852850] [controller_server]: Optimizer reset
[controller_server-11] [WARN] [1775542760.971401329] [controller_server]: Optimizer fail to compute path
[controller_server-11] [INFO] [1775542761.062632102] [controller_server]: Passing new path to controller.
[controller_server-11] [INFO] [1775542761.066238704] [controller_server]: Optimizer reset
[controller_server-11] [INFO] [1775542761.067747434] [controller_server]: Optimizer reset
[controller_server-11] [WARN] [1775542761.067932927] [controller_server]: Optimizer fail to compute path
[localization_monitor-21] [WARN] [1775542761.147976407] [localization_monitor]: No pose update for 10.0s
[controller_server-11] [INFO] [1775542761.162630891] [controller_server]: Passing new path to controller.
[controller_server-11] [INFO] [1775542761.164781845] [controller_server]: Optimizer reset
[controller_server-11] [INFO] [1775542761.166216203] [controller_server]: Optimizer reset
[controller_server-11] [WARN] [1775542761.166355323] [controller_server]: Optimizer fail to compute path
[delivery_robot_main_controller-22] [0m[INFO] [1775542761.191169600] [main_controller_node]: Current state: MOVE, dock_state IDLE, charge_state NOT_CHARGE[0m
[controller_server-11] [INFO] [1775542761.262632306] [controller_server]: Passing new path to controller.
[controller_server-11] [INFO] [1775542761.264710346] [controller_server]: Optimizer reset
[controller_server-11] [INFO] [1775542761.266159870] [controller_server]: Optimizer reset
[controller_server-11] [WARN] [1775542761.266742013] [controller_server]: Optimizer fail to compute path
[controller_server-11] [INFO] [1775542761.362666677] [controller_server]: Passing new path to controller.
[controller_server-11] [INFO] [1775542761.377277997] [controller_server]: Optimizer reset
[controller_server-11] [INFO] [1775542761.384525618] [controller_server]: Optimizer reset
[controller_server-11] [WARN] [1775542761.384935684] [controller_server]: Optimizer fail to compute path
[controller_server-11] [INFO] [1775542761.470109371] [controller_server]: Optimizer reset
[controller_server-11] [INFO] [1775542761.475384239] [controller_server]: Optimizer reset
[controller_server-11] [WARN] [1775542761.477659438] [controller_server]: Optimizer fail to compute path
[controller_server-11] [ERROR] [1775542761.480034674] [controller_server]: Controller patience exceeded
[controller_server-11] [INFO] [1775542761.484228378] [controller_server]: Optimizer reset
[controller_server-11] [WARN] [1775542761.486373790] [controller_server]: [follow_path] [ActionServer] Aborting handle.
[controller_server-11] [INFO] [1775542761.487259545] [controller_server]: Received a goal, begin computing control effort.
[controller_server-11] [INFO] [1775542761.493455751] [controller_server]: Optimizer reset
[controller_server-11] [INFO] [1775542761.498624456] [controller_server]: Optimizer reset
[controller_server-11] [WARN] [1775542761.498956359] [controller_server]: Optimizer fail to compute path
[controller_server-11] [INFO] [1775542761.593540287] [controller_server]: Optimizer reset
[controller_server-11] [INFO] [1775542761.599044104] [controller_server]: Optimizer reset
[controller_server-11] [WARN] [1775542761.599394381] [controller_server]: Optimizer fail to compute path
[controller_server-11] [INFO] [1775542761.687523989] [controller_server]: Passing new path to controller.
[controller_server-11] [INFO] [1775542761.694799025] [controller_server]: Optimizer reset
[controller_server-11] [INFO] [1775542761.699927482] [controller_server]: Optimizer reset
[controller_server-11] [WARN] [1775542761.700197554] [controller_server]: Optimizer fail to compute path
[controller_server-11] [INFO] [1775542761.787529486] [controller_server]: Passing new path to controller.
[controller_server-11] [INFO] [1775542761.794926726] [controller_server]: Optimizer reset
[controller_server-11] [INFO] [1775542761.800017268] [controller_server]: Optimizer reset
[controller_server-11] [WARN] [1775542761.802156264] [controller_server]: Optimizer fail to compute path
[controller_server-11] [INFO] [1775542761.887527401] [controller_server]: Passing new path to controller.
[controller_server-11] [INFO] [1775542761.894898100] [controller_server]: Optimizer reset
[controller_server-11] [INFO] [1775542761.900021891] [controller_server]: Optimizer reset
[controller_server-11] [WARN] [1775542761.900270964] [controller_server]: Optimizer fail to compute path
[controller_server-11] [INFO] [1775542761.989141666] [controller_server]: Optimizer reset
[controller_server-11] [INFO] [1775542761.990714560] [controller_server]: Optimizer reset
[controller_server-11] [WARN] [1775542761.990836180] [controller_server]: Optimizer fail to compute path
[localization_monitor-1] [WARN] [1775542762.006009227] [localization_monitor]: No pose update for 10.9s
[controller_server-11] [INFO] [1775542762.087492606] [controller_server]: Passing new path to controller.
[controller_server-11] [INFO] [1775542762.089548189] [controller_server]: Optimizer reset
[controller_server-11] [INFO] [1775542762.090963006] [controller_server]: Optimizer reset
[controller_server-11] [WARN] [1775542762.091086376] [controller_server]: Optimizer fail to compute path
[localization_monitor-21] [WARN] [1775542762.147597109] [localization_monitor]: No pose update for 11.0s
[controller_server-11] [INFO] [1775542762.187494313] [controller_server]: Passing new path to controller.
[controller_server-11] [INFO] [1775542762.189701556] [controller_server]: Optimizer reset
[controller_server-11] [INFO] [1775542762.191121039] [controller_server]: Optimizer reset
[controller_server-11] [WARN] [1775542762.191538106] [controller_server]: Optimizer fail to compute path
[delivery_robot_main_controller-22] [0m[INFO] [1775542762.278513636] [main_controller_node]: Current state: MOVE, dock_state IDLE, charge_state NOT_CHARGE[0m
[controller_server-11] [INFO] [1775542762.287526934] [controller_server]: Passing new path to controller.
[controller_server-11] [INFO] [1775542762.294421069] [controller_server]: Optimizer reset
[controller_server-11] [INFO] [1775542762.299767684] [controller_server]: Optimizer reset
[controller_server-11] [WARN] [1775542762.300809183] [controller_server]: Optimizer fail to compute path
[controller_server-11] [INFO] [1775542762.387529515] [controller_server]: Passing new path to controller.
[controller_server-11] [INFO] [1775542762.395386694] [controller_server]: Optimizer reset
[controller_server-11] [INFO] [1775542762.400693061] [controller_server]: Optimizer reset
[controller_server-11] [WARN] [1775542762.401363283] [controller_server]: Optimizer fail to compute path
[controller_server-11] [INFO] [1775542762.493512769] [controller_server]: Optimizer reset
[controller_server-11] [INFO] [1775542762.498628685] [controller_server]: Optimizer reset
[controller_server-11] [WARN] [1775542762.498937547] [controller_server]: Optimizer fail to compute path
[controller_server-11] [ERROR] [1775542762.499200911] [controller_server]: Controller patience exceeded
[controller_server-11] [INFO] [1775542762.500855177] [controller_server]: Optimizer reset
[controller_server-11] [WARN] [1775542762.501012087] [controller_server]: [follow_path] [ActionServer] Aborting handle.
[controller_server-11] [INFO] [1775542762.502135250] [controller_server]: Received a goal, begin computing control effort.
[controller_server-11] [INFO] [1775542762.508593653] [controller_server]: Optimizer reset
[controller_server-11] [INFO] [1775542762.513697902] [controller_server]: Optimizer reset
[controller_server-11] [WARN] [1775542762.514024847] [controller_server]: Optimizer fail to compute path
[controller_server-11] [INFO] [1775542762.604059836] [controller_server]: Optimizer reset
[controller_server-11] [INFO] [1775542762.606282828] [controller_server]: Optimizer reset
[controller_server-11] [WARN] [1775542762.607216998] [controller_server]: Optimizer fail to compute path
[controller_server-11] [INFO] [1775542762.702423609] [controller_server]: Passing new path to controller.
[controller_server-11] [INFO] [1775542762.709680854] [controller_server]: Optimizer reset
[controller_server-11] [INFO] [1775542762.715030385] [controller_server]: Optimizer reset
[controller_server-11] [WARN] [1775542762.715366080] [controller_server]: Optimizer fail to compute path
[controller_server-11] [INFO] [1775542762.802401691] [controller_server]: Passing new path to controller.
[controller_server-11] [INFO] [1775542762.805784886] [controller_server]: Optimizer reset
[controller_server-11] [INFO] [1775542762.807306449] [controller_server]: Optimizer reset
[controller_server-11] [WARN] [1775542762.807453443] [controller_server]: Optimizer fail to compute path
[controller_server-11] [INFO] [1775542762.902395814] [controller_server]: Passing new path to controller.
[controller_server-11] [INFO] [1775542762.904519644] [controller_server]: Optimizer reset
[controller_server-11] [INFO] [1775542762.906350944] [controller_server]: Optimizer reset
[controller_server-11] [WARN] [1775542762.906600892] [controller_server]: Optimizer fail to compute path
[controller_server-11] [INFO] [1775542763.004410229] [controller_server]: Optimizer reset
[localization_monitor-1] [WARN] [1775542763.005130617] [localization_monitor]: No pose update for 11.9s
[controller_server-11] [INFO] [1775542763.005897377] [controller_server]: Optimizer reset
[controller_server-11] [WARN] [1775542763.006011122] [controller_server]: Optimizer fail to compute path
[controller_server-11] [INFO] [1775542763.102397768] [controller_server]: Passing new path to controller.
[controller_server-11] [INFO] [1775542763.104487474] [controller_server]: Optimizer reset
[controller_server-11] [INFO] [1775542763.106042577] [controller_server]: Optimizer reset
[controller_server-11] [WARN] [1775542763.106198613] [controller_server]: Optimizer fail to compute path
[localization_monitor-21] [WARN] [1775542763.147657044] [localization_monitor]: No pose update for 12.0s
[delivery_robot_main_controller-22] [0m[INFO] [1775542763.195237017] [main_controller_node]: Current state: MOVE, dock_state IDLE, charge_state NOT_CHARGE[0m
[controller_server-11] [INFO] [1775542763.202389849] [controller_server]: Passing new path to controller.
[controller_server-11] [INFO] [1775542763.204441349] [controller_server]: Optimizer reset
[controller_server-11] [INFO] [1775542763.205898456] [controller_server]: Optimizer reset
[controller_server-11] [WARN] [1775542763.206016868] [controller_server]: Optimizer fail to compute path
[controller_server-11] [INFO] [1775542763.302395055] [controller_server]: Passing new path to controller.
[controller_server-11] [INFO] [1775542763.304780791] [controller_server]: Optimizer reset
[controller_server-11] [INFO] [1775542763.306750044] [controller_server]: Optimizer reset
[controller_server-11] [WARN] [1775542763.306916871] [controller_server]: Optimizer fail to compute path
[controller_server-11] [INFO] [1775542763.402385679] [controller_server]: Passing new path to controller.
[controller_server-11] [INFO] [1775542763.404412971] [controller_server]: Optimizer reset
[controller_server-11] [INFO] [1775542763.405841204] [controller_server]: Optimizer reset
[controller_server-11] [WARN] [1775542763.405974490] [controller_server]: Optimizer fail to compute path
[controller_server-11] [INFO] [1775542763.504501590] [controller_server]: Optimizer reset
[controller_server-11] [INFO] [1775542763.506337265] [controller_server]: Optimizer reset
[controller_server-11] [WARN] [1775542763.506499133] [controller_server]: Optimizer fail to compute path
[controller_server-11] [ERROR] [1775542763.506574380] [controller_server]: Controller patience exceeded
[controller_server-11] [INFO] [1775542763.507147482] [controller_server]: Optimizer reset
[controller_server-11] [WARN] [1775542763.507198522] [controller_server]: [follow_path] [ActionServer] Aborting handle.
[bt_navigator-15] [WARN] [1775542763.529121334] [bt_navigator]: [navigate_through_poses] [ActionServer] Aborting handle.
[bt_navigator-15] [ERROR] [1775542763.530557442] [bt_navigator]: Goal failed
[delivery_robot_main_controller-22] [33m[WARN] [1775542763.537214462] [main_controller_node]: Goal failed! (obstacle retry 5/5)[0m
[robot_sound-23] [0m[INFO] [1775542763.538543533] [robot_sound_node]: 🔔 Received sound command: obstacle_alert[0m
[delivery_robot_main_controller-22] [0m[INFO] [1775542763.543843191] [main_controller_node]: Published message: "obstacle_alert"[0m
[delivery_robot_main_controller-22] [0m[INFO] [1775542763.552939028] [main_controller_node]: State change: MOVE -> RETRYING[0m
[robot_sound-23] amixer: Unable to find simple control 'PCM',0
[robot_sound-23] 
[robot_sound-23] [0m[INFO] [1775542763.568252361] [robot_sound_node]: 🔊 Playing sound: /home/smr/workspaces/mini_amr/amrROS2_ws/sounds/robot_obstacle.wav[0m
[robot_sound-23] aplay: main:834: audio open error: Device or resource busy
[delivery_robot_main_controller-22] [0m[INFO] [1775542763.579643812] [main_controller_node]: RETRYING: re-sending goal x=-5.05 y=-1.18 yaw=0.00 mode=agv[0m
[delivery_robot_main_controller-22] [0m[INFO] [1775542763.585357328] [main_controller_node]: AGV start_pos: x=-4.37, y=0.01[0m
[delivery_robot_main_controller-22] [0m[INFO] [1775542763.589141549] [main_controller_node]: AGV goal_pos: x=-5.05, y=-1.18[0m
[delivery_robot_main_controller-22] [0m[INFO] [1775542763.595791569] [main_controller_node]: Path source: database routes[0m
[delivery_robot_main_controller-22] [0m[INFO] [1775542763.621721426] [main_controller_node]: Computed AGV path waypoints:[0m
[delivery_robot_main_controller-22] [0m[INFO] [1775542763.622552642] [main_controller_node]:   Waypoint 0: x=-4.37, y=0.01[0m
[delivery_robot_main_controller-22] [0m[INFO] [1775542763.623301612] [main_controller_node]:   Waypoint 1: x=-4.15, y=0.25[0m
[delivery_robot_main_controller-22] [0m[INFO] [1775542763.624014999] [main_controller_node]:   Waypoint 2: x=-4.37, y=-0.11[0m
[delivery_robot_main_controller-22] [0m[INFO] [1775542763.626593519] [main_controller_node]:   Waypoint 3: x=-4.60, y=-0.46[0m
[delivery_robot_main_controller-22] [0m[INFO] [1775542763.627656600] [main_controller_node]:   Waypoint 4: x=-4.83, y=-0.82[0m
[delivery_robot_main_controller-22] [0m[INFO] [1775542763.631777682] [main_controller_node]:   Waypoint 5: x=-5.05, y=-1.18[0m
[delivery_robot_main_controller-22] [0m[INFO] [1775542763.638996429] [main_controller_node]: Navigating with 6 goals....[0m
[bt_navigator-15] [INFO] [1775542763.640495534] [bt_navigator]: Begin navigating from current location through 6 poses to (-5.05, -1.18)
[controller_server-11] [INFO] [1775542763.641160215] [local_costmap.local_costmap]: Received request to clear entirely the local_costmap
[controller_server-11] [INFO] [1775542763.647669366] [local_costmap.local_costmap]: KeepoutFilter: Subscribing to "/keepout_costmap_filter_info" topic for filter info...
[delivery_robot_main_controller-22] [0m[INFO] [1775542763.652136350] [main_controller_node]: State change: RETRYING -> MOVE[0m
[planner_server-13] [INFO] [1775542763.658802994] [global_costmap.global_costmap]: Received request to clear entirely the global_costmap
[controller_server-11] [INFO] [1775542763.660385221] [local_costmap.local_costmap]: KeepoutFilter: Received filter info from /keepout_costmap_filter_info topic.
[controller_server-11] [INFO] [1775542763.661520633] [local_costmap.local_costmap]: KeepoutFilter: Subscribing to "/keepout_filter_mask" topic for filter mask...
[controller_server-11] [WARN] [1775542763.683865471] [local_costmap.local_costmap]: KeepoutFilter: New filter mask arrived from /keepout_filter_mask topic. Updating old filter mask.
[planner_server-13] [INFO] [1775542763.686903638] [global_costmap.global_costmap]: KeepoutFilter: Subscribing to "/keepout_costmap_filter_info" topic for filter info...
[planner_server-13] [INFO] [1775542763.698801985] [global_costmap.global_costmap]: KeepoutFilter: Received filter info from /keepout_costmap_filter_info topic.
[planner_server-13] [INFO] [1775542763.699039392] [global_costmap.global_costmap]: KeepoutFilter: Subscribing to "/keepout_filter_mask" topic for filter mask...
[planner_server-13] [WARN] [1775542763.710576088] [global_costmap.global_costmap]: KeepoutFilter: New filter mask arrived from /keepout_filter_mask topic. Updating old filter mask.
[delivery_robot_main_controller-22] [0m[INFO] [1775542763.711448427] [main_controller_node]: Robot is MOVING.[0m
[planner_server-13] [WARN] [1775542763.905784404] [planner_server]: Planner loop missed its desired rate of 5.0000 Hz. Current loop rate is 4.6897 Hz
[controller_server-11] [INFO] [1775542763.923180735] [controller_server]: Received a goal, begin computing control effort.
[controller_server-11] [INFO] [1775542763.925030409] [controller_server]: Optimizer reset
[controller_server-11] [INFO] [1775542763.926504433] [controller_server]: Optimizer reset
[controller_server-11] [WARN] [1775542763.926638302] [controller_server]: Optimizer fail to compute path
[localization_monitor-1] [WARN] [1775542764.005130179] [localization_monitor]: No pose update for 12.9s
[controller_server-11] [INFO] [1775542764.025055740] [controller_server]: Optimizer reset
[controller_server-11] [INFO] [1775542764.026504389] [controller_server]: Optimizer reset
[controller_server-11] [WARN] [1775542764.026623092] [controller_server]: Optimizer fail to compute path
[controller_server-11] [INFO] [1775542764.123415430] [controller_server]: Passing new path to controller.
[controller_server-11] [INFO] [1775542764.125704919] [controller_server]: Optimizer reset
[controller_server-11] [INFO] [1775542764.127679130] [controller_server]: Optimizer reset
[controller_server-11] [WARN] [1775542764.128077239] [controller_server]: Optimizer fail to compute path
[localization_monitor-21] [WARN] [1775542764.147495612] [localization_monitor]: No pose update for 13.0s
[controller_server-11] [INFO] [1775542764.224585213] [controller_server]: Passing new path to controller.
[controller_server-11] [INFO] [1775542764.226972407] [controller_server]: Optimizer reset
[controller_server-11] [INFO] [1775542764.231264107] [controller_server]: Optimizer reset
[controller_server-11] [WARN] [1775542764.232507431] [controller_server]: Optimizer fail to compute path
[controller_server-11] [INFO] [1775542764.323392010] [controller_server]: Passing new path to controller.
[controller_server-11] [INFO] [1775542764.326029152] [controller_server]: Optimizer reset
[controller_server-11] [INFO] [1775542764.330458513] [controller_server]: Optimizer reset
[controller_server-11] [WARN] [1775542764.330606381] [controller_server]: Optimizer fail to compute path
[delivery_robot_main_controller-22] [0m[INFO] [1775542764.341509894] [main_controller_node]: Current state: MOVE, dock_state IDLE, charge_state NOT_CHARGE[0m
[controller_server-11] [INFO] [1775542764.425047981] [controller_server]: Optimizer reset
[controller_server-11] [INFO] [1775542764.426583835] [controller_server]: Optimizer reset
[controller_server-11] [WARN] [1775542764.426720038] [controller_server]: Optimizer fail to compute path
[controller_server-11] [INFO] [1775542764.523426629] [controller_server]: Passing new path to controller.
[controller_server-11] [INFO] [1775542764.531504299] [controller_server]: Optimizer reset
[controller_server-11] [INFO] [1775542764.532956448] [controller_server]: Optimizer reset
[controller_server-11] [WARN] [1775542764.533187438] [controller_server]: Optimizer fail to compute path
[controller_server-11] [INFO] [1775542764.623387795] [controller_server]: Passing new path to controller.
[controller_server-11] [INFO] [1775542764.625499667] [controller_server]: Optimizer reset
[controller_server-11] [INFO] [1775542764.626940442] [controller_server]: Optimizer reset
[controller_server-11] [WARN] [1775542764.627110768] [controller_server]: Optimizer fail to compute path
[controller_server-11] [INFO] [1775542764.725065349] [controller_server]: Optimizer reset
[controller_server-11] [INFO] [1775542764.726632994] [controller_server]: Optimizer reset
[controller_server-11] [WARN] [1775542764.726796320] [controller_server]: Optimizer fail to compute path
[controller_server-11] [INFO] [1775542764.823429997] [controller_server]: Passing new path to controller.
[controller_server-11] [INFO] [1775542764.831086518] [controller_server]: Optimizer reset
[controller_server-11] [INFO] [1775542764.837423592] [controller_server]: Optimizer reset
[controller_server-11] [WARN] [1775542764.837682582] [controller_server]: Optimizer fail to compute path
[controller_server-11] [INFO] [1775542764.923421787] [controller_server]: Passing new path to controller.
[controller_server-11] [INFO] [1775542764.933674035] [controller_server]: Optimizer reset
[controller_server-11] [INFO] [1775542764.938829616] [controller_server]: Optimizer reset
[controller_server-11] [WARN] [1775542764.939081314] [controller_server]: Optimizer fail to compute path
[controller_server-11] [ERROR] [1775542764.939254849] [controller_server]: Controller patience exceeded
[controller_server-11] [INFO] [1775542764.940935655] [controller_server]: Optimizer reset
[controller_server-11] [WARN] [1775542764.941218268] [controller_server]: [follow_path] [ActionServer] Aborting handle.
[bt_navigator-15] [WARN] [1775542764.973247502] [bt_navigator]: [navigate_through_poses] [ActionServer] Aborting handle.
[bt_navigator-15] [ERROR] [1775542764.974200046] [bt_navigator]: Goal failed
[delivery_robot_main_controller-22] [33m[WARN] [1775542764.990102521] [main_controller_node]: Goal failed! (obstacle retry 6/5)[0m
[delivery_robot_main_controller-22] [33m[WARN] [1775542764.995949616] [main_controller_node]: 5 obstacle retries exhausted; switching to SAFE_STOP.[0m
[delivery_robot_main_controller-22] [0m[INFO] [1775542764.996688961] [main_controller_node]: State change: MOVE -> SAFE_STOP[0m
[localization_monitor-1] [WARN] [1775542765.005216071] [localization_monitor]: No pose update for 13.9s
[delivery_robot_main_controller-22] [0m[INFO] [1775542765.012893007] [main_controller_node]: Robot is in SAFE_STOP. Awaiting user to switch to STANDBY.[0m
[delivery_robot_main_controller-22] [0m[INFO] [1775542765.014010336] [main_controller_node]: Robot is in SAFE_STOP. Awaiting user to switch to STANDBY.[0m
[localization_monitor-21] [WARN] [1775542765.147589962] [localization_monitor]: No pose update for 14.0s
[delivery_robot_main_controller-22] [0m[INFO] [1775542765.192594624] [main_controller_node]: Current state: SAFE_STOP, dock_state IDLE, charge_state NOT_CHARGE[0m
[localization_monitor-1] [WARN] [1775542766.005971310] [localization_monitor]: No pose update for 14.9s
[delivery_robot_main_controller-22] [0m[INFO] [1775542766.022273936] [main_controller_node]: Published message: "safe_stop"[0m
[robot_sound-23] [0m[INFO] [1775542766.023887953] [robot_sound_node]: 🔔 Received sound command: safe_stop[0m
[robot_sound-23] amixer: Unable to find simple control 'PCM',0
[robot_sound-23] 
[robot_sound-23] [0m[INFO] [1775542766.037364153] [robot_sound_node]: 🔊 Playing sound: /home/smr/workspaces/mini_amr/amrROS2_ws/sounds/robot_safestop.wav[0m
[robot_sound-23] Playing WAVE '/home/smr/workspaces/mini_amr/amrROS2_ws/sounds/robot_safestop.wav' : Signed 16 bit Little Endian, Rate 22050 Hz, Mono
[localization_monitor-21] [WARN] [1775542766.147600607] [localization_monitor]: No pose update for 15.0s
[delivery_robot_main_controller-22] [0m[INFO] [1775542766.162575620] [main_controller_node]: Current state: SAFE_STOP, dock_state IDLE, charge_state NOT_CHARGE[0m
[localization_monitor-1] [WARN] [1775542767.007222946] [localization_monitor]: No pose update for 15.9s
[localization_monitor-21] [WARN] [1775542767.148173854] [localization_monitor]: No pose update for 16.0s
[delivery_robot_main_controller-22] [0m[INFO] [1775542767.171508859] [main_controller_node]: Current state: SAFE_STOP, dock_state IDLE, charge_state NOT_CHARGE[0m
[localization_monitor-1] [WARN] [1775542768.005145343] [localization_monitor]: No pose update for 16.9s
[localization_monitor-21] [WARN] [1775542768.147589523] [localization_monitor]: No pose update for 17.0s
[delivery_robot_main_controller-22] [0m[INFO] [1775542768.173660833] [main_controller_node]: Current state: SAFE_STOP, dock_state IDLE, charge_state NOT_CHARGE[0m
[localization_monitor-1] [WARN] [1775542769.007168114] [localization_monitor]: No pose update for 17.9s
[localization_monitor-21] [WARN] [1775542769.147628459] [localization_monitor]: No pose update for 18.0s
[delivery_robot_main_controller-22] [0m[INFO] [1775542769.176759810] [main_controller_node]: Current state: SAFE_STOP, dock_state IDLE, charge_state NOT_CHARGE[0m
[localization_monitor-1] [WARN] [1775542770.007150760] [localization_monitor]: No pose update for 18.9s
[localization_monitor-21] [WARN] [1775542770.149724435] [localization_monitor]: No pose update for 19.0s
[delivery_robot_main_controller-22] [0m[INFO] [1775542770.211794983] [main_controller_node]: Current state: SAFE_STOP, dock_state IDLE, charge_state NOT_CHARGE[0m
[localization_monitor-1] [WARN] [1775542771.005358395] [localization_monitor]: No pose update for 19.9s
[localization_monitor-21] [WARN] [1775542771.149687540] [localization_monitor]: No pose update for 20.0s
[delivery_robot_main_controller-22] [0m[INFO] [1775542771.188541203] [main_controller_node]: Current state: SAFE_STOP, dock_state IDLE, charge_state NOT_CHARGE[0m
[localization_monitor-1] [WARN] [1775542772.005150882] [localization_monitor]: No pose update for 20.9s
[localization_monitor-21] [WARN] [1775542772.147736224] [localization_monitor]: No pose update for 21.0s
[delivery_robot_main_controller-22] [0m[INFO] [1775542772.167749573] [main_controller_node]: Current state: SAFE_STOP, dock_state IDLE, charge_state NOT_CHARGE[0m
[localization_monitor-1] [WARN] [1775542773.007098171] [localization_monitor]: No pose update for 21.9s
[localization_monitor-21] [WARN] [1775542773.147637504] [localization_monitor]: No pose update for 22.0s
[delivery_robot_main_controller-22] [0m[INFO] [1775542773.220969260] [main_controller_node]: Current state: SAFE_STOP, dock_state IDLE, charge_state NOT_CHARGE[0m
[localization_monitor-1] [WARN] [1775542774.005214487] [localization_monitor]: No pose update for 22.9s
[localization_monitor-21] [WARN] [1775542774.147590374] [localization_monitor]: No pose update for 23.0s
[delivery_robot_main_controller-22] [0m[INFO] [1775542774.175317748] [main_controller_node]: Current state: SAFE_STOP, dock_state IDLE, charge_state NOT_CHARGE[0m
[localization_monitor-1] [WARN] [1775542775.005429264] [localization_monitor]: No pose update for 23.9s
[localization_monitor-21] [WARN] [1775542775.150276637] [localization_monitor]: No pose update for 24.0s
[delivery_robot_main_controller-22] [0m[INFO] [1775542775.159628271] [main_controller_node]: Current state: SAFE_STOP, dock_state IDLE, charge_state NOT_CHARGE[0m
[localization_monitor-1] [WARN] [1775542776.005162517] [localization_monitor]: No pose update for 24.9s
[localization_monitor-21] [WARN] [1775542776.147734396] [localization_monitor]: No pose update for 25.0s
[delivery_robot_main_controller-22] [0m[INFO] [1775542776.174076407] [main_controller_node]: Current state: SAFE_STOP, dock_state IDLE, charge_state NOT_CHARGE[0m
[localization_monitor-1] [WARN] [1775542777.005140761] [localization_monitor]: No pose update for 25.9s
[localization_monitor-21] [WARN] [1775542777.149791267] [localization_monitor]: No pose update for 26.0s
[delivery_robot_main_controller-22] [0m[INFO] [1775542777.193782212] [main_controller_node]: Current state: SAFE_STOP, dock_state IDLE, charge_state NOT_CHARGE[0m
[localization_monitor-1] [WARN] [1775542778.005186669] [localization_monitor]: No pose update for 26.9s
[localization_monitor-21] [WARN] [1775542778.149777386] [localization_monitor]: No pose update for 27.0s
[delivery_robot_main_controller-22] [0m[INFO] [1775542778.172405750] [main_controller_node]: Current state: SAFE_STOP, dock_state IDLE, charge_state NOT_CHARGE[0m
[localization_monitor-1] [WARN] [1775542779.005159954] [localization_monitor]: No pose update for 27.9s
[localization_monitor-21] [WARN] [1775542779.150051076] [localization_monitor]: No pose update for 28.0s
[delivery_robot_main_controller-22] [0m[INFO] [1775542779.196777748] [main_controller_node]: Current state: SAFE_STOP, dock_state IDLE, charge_state NOT_CHARGE[0m
[localization_monitor-1] [WARN] [1775542780.005146365] [localization_monitor]: No pose update for 28.9s
[localization_monitor-21] [WARN] [1775542780.150401764] [localization_monitor]: No pose update for 29.0s
[delivery_robot_main_controller-22] [0m[INFO] [1775542780.221911257] [main_controller_node]: Current state: SAFE_STOP, dock_state IDLE, charge_state NOT_CHARGE[0m
[localization_monitor-1] [WARN] [1775542781.005114984] [localization_monitor]: No pose update for 29.9s
[localization_monitor-21] [WARN] [1775542781.149704534] [localization_monitor]: No pose update for 30.0s
[delivery_robot_main_controller-22] [0m[INFO] [1775542781.203912746] [main_controller_node]: Current state: SAFE_STOP, dock_state IDLE, charge_state NOT_CHARGE[0m
[localization_monitor-1] [WARN] [1775542782.005767826] [localization_monitor]: No pose update for 30.9s
[localization_monitor-21] [WARN] [1775542782.149893061] [localization_monitor]: No pose update for 31.0s
[delivery_robot_main_controller-22] [0m[INFO] [1775542782.183030931] [main_controller_node]: Current state: SAFE_STOP, dock_state IDLE, charge_state NOT_CHARGE[0m
[localization_monitor-1] [WARN] [1775542783.005179967] [localization_monitor]: No pose update for 31.9s
[localization_monitor-21] [WARN] [1775542783.150048923] [localization_monitor]: No pose update for 32.0s
[delivery_robot_main_controller-22] [0m[INFO] [1775542783.168119591] [main_controller_node]: Current state: SAFE_STOP, dock_state IDLE, charge_state NOT_CHARGE[0m
[localization_monitor-1] [WARN] [1775542784.005107755] [localization_monitor]: No pose update for 32.9s
[localization_monitor-21] [WARN] [1775542784.150263700] [localization_monitor]: No pose update for 33.0s
[delivery_robot_main_controller-22] [0m[INFO] [1775542784.198818466] [main_controller_node]: Current state: SAFE_STOP, dock_state IDLE, charge_state NOT_CHARGE[0m
[localization_monitor-1] [WARN] [1775542785.005209077] [localization_monitor]: No pose update for 33.9s
[delivery_robot_main_controller-22] [0m[INFO] [1775542785.025283125] [main_controller_node]: Published message: "safe_stop"[0m
[robot_sound-23] [0m[INFO] [1775542785.026629697] [robot_sound_node]: 🔔 Received sound command: safe_stop[0m
[robot_sound-23] amixer: Unable to find simple control 'PCM',0
[robot_sound-23] 
[robot_sound-23] [0m[INFO] [1775542785.038633644] [robot_sound_node]: 🔊 Playing sound: /home/smr/workspaces/mini_amr/amrROS2_ws/sounds/robot_safestop.wav[0m
[robot_sound-23] Playing WAVE '/home/smr/workspaces/mini_amr/amrROS2_ws/sounds/robot_safestop.wav' : Signed 16 bit Little Endian, Rate 22050 Hz, Mono
[localization_monitor-21] [WARN] [1775542785.150165821] [localization_monitor]: No pose update for 34.0s
[delivery_robot_main_controller-22] [0m[INFO] [1775542785.160787906] [main_controller_node]: Current state: SAFE_STOP, dock_state IDLE, charge_state NOT_CHARGE[0m
[localization_monitor-1] [WARN] [1775542786.007114579] [localization_monitor]: No pose update for 34.9s
[localization_monitor-21] [WARN] [1775542786.151574634] [localization_monitor]: No pose update for 35.0s
[delivery_robot_main_controller-22] [0m[INFO] [1775542786.208716898] [main_controller_node]: Current state: SAFE_STOP, dock_state IDLE, charge_state NOT_CHARGE[0m
[localization_monitor-1] [WARN] [1775542787.005496302] [localization_monitor]: No pose update for 35.9s
[localization_monitor-21] [WARN] [1775542787.149958399] [localization_monitor]: No pose update for 36.0s
[delivery_robot_main_controller-22] [0m[INFO] [1775542787.219697836] [main_controller_node]: Current state: SAFE_STOP, dock_state IDLE, charge_state NOT_CHARGE[0m
[localization_monitor-1] [WARN] [1775542788.007075150] [localization_monitor]: No pose update for 36.9s
[localization_monitor-21] [WARN] [1775542788.147665523] [localization_monitor]: No pose update for 37.0s
[delivery_robot_main_controller-22] [0m[INFO] [1775542788.187446133] [main_controller_node]: Current state: SAFE_STOP, dock_state IDLE, charge_state NOT_CHARGE[0m
[localization_monitor-1] [WARN] [1775542789.005211882] [localization_monitor]: No pose update for 37.9s
[localization_monitor-21] [WARN] [1775542789.150330204] [localization_monitor]: No pose update for 38.0s
[delivery_robot_main_controller-22] [0m[INFO] [1775542789.211463770] [main_controller_node]: Current state: SAFE_STOP, dock_state IDLE, charge_state NOT_CHARGE[0m
[localization_monitor-1] [WARN] [1775542790.005099130] [localization_monitor]: No pose update for 38.9s
[localization_monitor-21] [WARN] [1775542790.147706883] [localization_monitor]: No pose update for 39.0s
[delivery_robot_main_controller-22] [0m[INFO] [1775542790.213612512] [main_controller_node]: Current state: SAFE_STOP, dock_state IDLE, charge_state NOT_CHARGE[0m
[localization_monitor-1] [WARN] [1775542791.005236326] [localization_monitor]: No pose update for 39.9s
[localization_monitor-21] [WARN] [1775542791.147909118] [localization_monitor]: No pose update for 40.0s
[delivery_robot_main_controller-22] [0m[INFO] [1775542791.208085763] [main_controller_node]: Current state: SAFE_STOP, dock_state IDLE, charge_state NOT_CHARGE[0m
[localization_monitor-1] [WARN] [1775542792.005130573] [localization_monitor]: No pose update for 40.9s
[localization_monitor-21] [WARN] [1775542792.147609414] [localization_monitor]: No pose update for 41.0s
[delivery_robot_main_controller-22] [0m[INFO] [1775542792.169395186] [main_controller_node]: Current state: SAFE_STOP, dock_state IDLE, charge_state NOT_CHARGE[0m
[localization_monitor-1] [WARN] [1775542793.005110858] [localization_monitor]: No pose update for 41.9s
[localization_monitor-21] [WARN] [1775542793.147611865] [localization_monitor]: No pose update for 42.0s
[delivery_robot_main_controller-22] [0m[INFO] [1775542793.202146439] [main_controller_node]: Current state: SAFE_STOP, dock_state IDLE, charge_state NOT_CHARGE[0m
[localization_monitor-1] [WARN] [1775542794.005098727] [localization_monitor]: No pose update for 42.9s
[localization_monitor-21] [WARN] [1775542794.150055763] [localization_monitor]: No pose update for 43.0s
[delivery_robot_main_controller-22] [0m[INFO] [1775542794.182554616] [main_controller_node]: Current state: SAFE_STOP, dock_state IDLE, charge_state NOT_CHARGE[0m
[localization_monitor-1] [WARN] [1775542795.005166800] [localization_monitor]: No pose update for 43.9s
[localization_monitor-21] [WARN] [1775542795.147607726] [localization_monitor]: No pose update for 44.0s
[delivery_robot_main_controller-22] [0m[INFO] [1775542795.161733465] [main_controller_node]: Current state: SAFE_STOP, dock_state IDLE, charge_state NOT_CHARGE[0m
[localization_monitor-1] [WARN] [1775542796.007108467] [localization_monitor]: No pose update for 44.9s
[localization_monitor-21] [WARN] [1775542796.147646051] [localization_monitor]: No pose update for 45.0s
[delivery_robot_main_controller-22] [0m[INFO] [1775542796.186502114] [main_controller_node]: Current state: SAFE_STOP, dock_state IDLE, charge_state NOT_CHARGE[0m
[localization_monitor-1] [WARN] [1775542797.005201160] [localization_monitor]: No pose update for 45.9s
[localization_monitor-21] [WARN] [1775542797.149939454] [localization_monitor]: No pose update for 46.0s
[delivery_robot_main_controller-22] [0m[INFO] [1775542797.162769369] [main_controller_node]: Current state: SAFE_STOP, dock_state IDLE, charge_state NOT_CHARGE[0m
[localization_monitor-1] [WARN] [1775542798.005393479] [localization_monitor]: No pose update for 46.9s
[localization_monitor-21] [WARN] [1775542798.149777412] [localization_monitor]: No pose update for 47.0s
[delivery_robot_main_controller-22] [0m[INFO] [1775542798.193784398] [main_controller_node]: Current state: SAFE_STOP, dock_state IDLE, charge_state NOT_CHARGE[0m
[localization_monitor-1] [WARN] [1775542799.005693127] [localization_monitor]: No pose update for 47.9s
[localization_monitor-21] [WARN] [1775542799.147658363] [localization_monitor]: No pose update for 48.0s
[delivery_robot_main_controller-22] [0m[INFO] [1775542799.209217454] [main_controller_node]: Current state: SAFE_STOP, dock_state IDLE, charge_state NOT_CHARGE[0m
[localization_monitor-1] [WARN] [1775542800.005674579] [localization_monitor]: No pose update for 48.9s
[localization_monitor-21] [WARN] [1775542800.147630774] [localization_monitor]: No pose update for 49.0s
[delivery_robot_main_controller-22] [0m[INFO] [1775542800.242237322] [main_controller_node]: Current state: SAFE_STOP, dock_state IDLE, charge_state NOT_CHARGE[0m
[localization_monitor-1] [WARN] [1775542801.005186757] [localization_monitor]: No pose update for 49.9s
[localization_monitor-21] [WARN] [1775542801.147601435] [localization_monitor]: No pose update for 50.0s
[delivery_robot_main_controller-22] [0m[INFO] [1775542801.202579616] [main_controller_node]: Current state: SAFE_STOP, dock_state IDLE, charge_state NOT_CHARGE[0m
[localization_monitor-1] [WARN] [1775542802.007267544] [localization_monitor]: No pose update for 50.9s
[localization_monitor-21] [WARN] [1775542802.147632468] [localization_monitor]: No pose update for 51.0s
[delivery_robot_main_controller-22] [0m[INFO] [1775542802.210653043] [main_controller_node]: Current state: SAFE_STOP, dock_state IDLE, charge_state NOT_CHARGE[0m
[localization_monitor-1] [WARN] [1775542803.005134787] [localization_monitor]: No pose update for 51.9s
[localization_monitor-21] [WARN] [1775542803.148637338] [localization_monitor]: No pose update for 52.0s
[delivery_robot_main_controller-22] [0m[INFO] [1775542803.199166028] [main_controller_node]: Current state: SAFE_STOP, dock_state IDLE, charge_state NOT_CHARGE[0m
[localization_monitor-1] [WARN] [1775542804.007153743] [localization_monitor]: No pose update for 52.9s
[localization_monitor-21] [WARN] [1775542804.147608788] [localization_monitor]: No pose update for 53.0s
[delivery_robot_main_controller-22] [0m[INFO] [1775542804.180429920] [main_controller_node]: Current state: SAFE_STOP, dock_state IDLE, charge_state NOT_CHARGE[0m
[localization_monitor-1] [WARN] [1775542805.005153397] [localization_monitor]: No pose update for 53.9s
[delivery_robot_main_controller-22] [0m[INFO] [1775542805.025501601] [main_controller_node]: Published message: "safe_stop"[0m
[robot_sound-23] [0m[INFO] [1775542805.026554185] [robot_sound_node]: 🔔 Received sound command: safe_stop[0m
[robot_sound-23] amixer: Unable to find simple control 'PCM',0
[robot_sound-23] 
[robot_sound-23] [0m[INFO] [1775542805.055783874] [robot_sound_node]: 🔊 Playing sound: /home/smr/workspaces/mini_amr/amrROS2_ws/sounds/robot_safestop.wav[0m
[robot_sound-23] Playing WAVE '/home/smr/workspaces/mini_amr/amrROS2_ws/sounds/robot_safestop.wav' : Signed 16 bit Little Endian, Rate 22050 Hz, Mono
[localization_monitor-21] [WARN] [1775542805.147611239] [localization_monitor]: No pose update for 54.0s
[delivery_robot_main_controller-22] [0m[INFO] [1775542805.213976226] [main_controller_node]: Current state: SAFE_STOP, dock_state IDLE, charge_state NOT_CHARGE[0m
[localization_monitor-1] [WARN] [1775542806.005212138] [localization_monitor]: No pose update for 54.9s
[localization_monitor-21] [WARN] [1775542806.147620982] [localization_monitor]: No pose update for 55.0s
[delivery_robot_main_controller-22] [0m[INFO] [1775542806.159016244] [main_controller_node]: Current state: SAFE_STOP, dock_state IDLE, charge_state NOT_CHARGE[0m
[localization_monitor-1] [WARN] [1775542807.005403874] [localization_monitor]: No pose update for 55.9s
[localization_monitor-21] [WARN] [1775542807.147709763] [localization_monitor]: No pose update for 56.0s
[delivery_robot_main_controller-22] [0m[INFO] [1775542807.215973425] [main_controller_node]: Current state: SAFE_STOP, dock_state IDLE, charge_state NOT_CHARGE[0m
[localization_monitor-1] [WARN] [1775542808.005214124] [localization_monitor]: No pose update for 56.9s
[localization_monitor-21] [WARN] [1775542808.147585344] [localization_monitor]: No pose update for 57.0s
[delivery_robot_main_controller-22] [0m[INFO] [1775542808.220357705] [main_controller_node]: Current state: SAFE_STOP, dock_state IDLE, charge_state NOT_CHARGE[0m
[localization_monitor-1] [WARN] [1775542809.005488398] [localization_monitor]: No pose update for 57.9s
[localization_monitor-21] [WARN] [1775542809.149494346] [localization_monitor]: No pose update for 58.0s
[delivery_robot_main_controller-22] [0m[INFO] [1775542809.200194529] [main_controller_node]: Current state: SAFE_STOP, dock_state IDLE, charge_state NOT_CHARGE[0m
[localization_monitor-1] [WARN] [1775542810.007190033] [localization_monitor]: No pose update for 58.9s
[localization_monitor-21] [WARN] [1775542810.147851570] [localization_monitor]: No pose update for 59.0s
[delivery_robot_main_controller-22] [0m[INFO] [1775542810.195912273] [main_controller_node]: Current state: SAFE_STOP, dock_state IDLE, charge_state NOT_CHARGE[0m
[localization_monitor-1] [WARN] [1775542811.007199775] [localization_monitor]: No pose update for 59.9s
[localization_monitor-21] [WARN] [1775542811.147652196] [localization_monitor]: No pose update for 60.0s
[delivery_robot_main_controller-22] [0m[INFO] [1775542811.171647548] [main_controller_node]: Current state: SAFE_STOP, dock_state IDLE, charge_state NOT_CHARGE[0m
[localization_monitor-1] [WARN] [1775542812.005219554] [localization_monitor]: No pose update for 60.9s
[localization_monitor-21] [WARN] [1775542812.147761393] [localization_monitor]: No pose update for 61.0s
[delivery_robot_main_controller-22] [0m[INFO] [1775542812.218048267] [main_controller_node]: Current state: SAFE_STOP, dock_state IDLE, charge_state NOT_CHARGE[0m
[localization_monitor-1] [WARN] [1775542813.005205964] [localization_monitor]: No pose update for 61.9s
[localization_monitor-21] [WARN] [1775542813.147593226] [localization_monitor]: No pose update for 62.0s
[delivery_robot_main_controller-22] [0m[INFO] [1775542813.158456509] [main_controller_node]: Current state: SAFE_STOP, dock_state IDLE, charge_state NOT_CHARGE[0m
[localization_monitor-1] [WARN] [1775542814.005229415] [localization_monitor]: No pose update for 62.9s
[localization_monitor-21] [WARN] [1775542814.147623093] [localization_monitor]: No pose update for 63.0s
[delivery_robot_main_controller-22] [0m[INFO] [1775542814.173692114] [main_controller_node]: Current state: SAFE_STOP, dock_state IDLE, charge_state NOT_CHARGE[0m
[localization_monitor-1] [WARN] [1775542815.005354361] [localization_monitor]: No pose update for 63.9s
[localization_monitor-21] [WARN] [1775542815.147655584] [localization_monitor]: No pose update for 64.0s
[delivery_robot_main_controller-22] [0m[INFO] [1775542815.181979324] [main_controller_node]: Current state: SAFE_STOP, dock_state IDLE, charge_state NOT_CHARGE[0m
[localization_monitor-1] [WARN] [1775542816.005149737] [localization_monitor]: No pose update for 64.9s
[localization_monitor-21] [WARN] [1775542816.147587747] [localization_monitor]: No pose update for 65.0s
[delivery_robot_main_controller-22] [0m[INFO] [1775542816.224285204] [main_controller_node]: Current state: SAFE_STOP, dock_state IDLE, charge_state NOT_CHARGE[0m
[localization_monitor-1] [WARN] [1775542817.007205733] [localization_monitor]: No pose update for 65.9s
[delivery_robot_main_controller-22] [0m[INFO] [1775542817.027628017] [main_controller_node]: SAFE_STOP cleared to STANDBY via API/GUI.[0m
[delivery_robot_main_controller-22] [0m[INFO] [1775542817.035750324] [main_controller_node]: Pre-resume: waiting 3 seconds before wiggle...[0m
[localization_monitor-21] [WARN] [1775542817.147616447] [localization_monitor]: No pose update for 66.0s
[delivery_robot_main_controller-22] [0m[INFO] [1775542817.195506239] [main_controller_node]: Current state: SAFE_STOP, dock_state IDLE, charge_state NOT_CHARGE[0m
[delivery_robot_main_controller-22] [0m[INFO] [1775542817.341047461] [main_controller_node]: Pre-resume: clearing local/global costmaps.[0m
[controller_server-11] [INFO] [1775542817.343018467] [local_costmap.local_costmap]: Received request to clear entirely the local_costmap
[controller_server-11] [INFO] [1775542817.348491669] [local_costmap.local_costmap]: KeepoutFilter: Subscribing to "/keepout_costmap_filter_info" topic for filter info...
[controller_server-11] [INFO] [1775542817.362232132] [local_costmap.local_costmap]: KeepoutFilter: Received filter info from /keepout_costmap_filter_info topic.
[controller_server-11] [INFO] [1775542817.363092515] [local_costmap.local_costmap]: KeepoutFilter: Subscribing to "/keepout_filter_mask" topic for filter mask...
[planner_server-13] [INFO] [1775542817.367253852] [global_costmap.global_costmap]: Received request to clear entirely the global_costmap
[controller_server-11] [WARN] [1775542817.374446070] [local_costmap.local_costmap]: KeepoutFilter: New filter mask arrived from /keepout_filter_mask topic. Updating old filter mask.
[planner_server-13] [INFO] [1775542817.386539556] [global_costmap.global_costmap]: KeepoutFilter: Subscribing to "/keepout_costmap_filter_info" topic for filter info...
[planner_server-13] [INFO] [1775542817.397255845] [global_costmap.global_costmap]: KeepoutFilter: Received filter info from /keepout_costmap_filter_info topic.
[planner_server-13] [INFO] [1775542817.397429671] [global_costmap.global_costmap]: KeepoutFilter: Subscribing to "/keepout_filter_mask" topic for filter mask...
[planner_server-13] [WARN] [1775542817.421591559] [global_costmap.global_costmap]: KeepoutFilter: New filter mask arrived from /keepout_filter_mask topic. Updating old filter mask.
[localization_monitor-1] [WARN] [1775542818.007190393] [localization_monitor]: No pose update for 66.9s
[localization_monitor-21] [WARN] [1775542818.150439788] [localization_monitor]: No pose update for 67.0s
[delivery_robot_main_controller-22] [0m[INFO] [1775542818.218466042] [main_controller_node]: Current state: SAFE_STOP, dock_state IDLE, charge_state NOT_CHARGE[0m
[delivery_robot_main_controller-22] [0m[INFO] [1775542818.417555751] [main_controller_node]: Pre-resume wiggle complete. Switching to STANDBY.[0m
[delivery_robot_main_controller-22] [0m[INFO] [1775542818.420990575] [main_controller_node]: State change: SAFE_STOP -> STANDBY[0m
[delivery_robot_main_controller-22] [0m[INFO] [1775542818.502688462] [main_controller_node]: Robot is in STANDBY mode.[0m
[localization_monitor-1] [WARN] [1775542819.005224171] [localization_monitor]: No pose update for 67.9s
[localization_monitor-21] [WARN] [1775542819.147615808] [localization_monitor]: No pose update for 68.0s
[delivery_robot_main_controller-22] [0m[INFO] [1775542819.201356496] [main_controller_node]: Current state: STANDBY, dock_state IDLE, charge_state NOT_CHARGE[0m
[delivery_robot_main_controller-22] [0m[INFO] [1775542819.300815604] [main_controller_node]: 1 pending queues [0m
[delivery_robot_main_controller-22] [0m[INFO] [1775542819.301899395] [main_controller_node]: Queue action: Request[0m
[delivery_robot_main_controller-22] [0m[INFO] [1775542819.337206305] [main_controller_node]: AGV start_pos: x=-4.37, y=0.01[0m
[delivery_robot_main_controller-22] [0m[INFO] [1775542819.337796032] [main_controller_node]: AGV goal_pos: x=-5.05, y=-1.18[0m
[delivery_robot_main_controller-22] [0m[INFO] [1775542819.338364468] [main_controller_node]: Path source: database routes[0m
[delivery_robot_main_controller-22] [0m[INFO] [1775542819.350124883] [main_controller_node]: Computed AGV path waypoints:[0m
[delivery_robot_main_controller-22] [0m[INFO] [1775542819.351843899] [main_controller_node]:   Waypoint 0: x=-4.37, y=0.01[0m
[delivery_robot_main_controller-22] [0m[INFO] [1775542819.352699616] [main_controller_node]:   Waypoint 1: x=-4.15, y=0.25[0m
[delivery_robot_main_controller-22] [0m[INFO] [1775542819.353415921] [main_controller_node]:   Waypoint 2: x=-4.37, y=-0.11[0m
[delivery_robot_main_controller-22] [0m[INFO] [1775542819.356155147] [main_controller_node]:   Waypoint 3: x=-4.60, y=-0.46[0m
[delivery_robot_main_controller-22] [0m[INFO] [1775542819.358440266] [main_controller_node]:   Waypoint 4: x=-4.83, y=-0.82[0m
[delivery_robot_main_controller-22] [0m[INFO] [1775542819.359159488] [main_controller_node]:   Waypoint 5: x=-5.05, y=-1.18[0m
[delivery_robot_main_controller-22] [0m[INFO] [1775542819.360580141] [main_controller_node]: Navigating with 6 goals....[0m
[bt_navigator-15] [INFO] [1775542819.362671017] [bt_navigator]: Begin navigating from current location through 6 poses to (-5.05, -1.18)
[controller_server-11] [INFO] [1775542819.363368948] [local_costmap.local_costmap]: Received request to clear entirely the local_costmap
[delivery_robot_main_controller-22] [0m[INFO] [1775542819.376760008] [main_controller_node]: State change: STANDBY -> MOVE[0m
[controller_server-11] [INFO] [1775542819.382663693] [local_costmap.local_costmap]: KeepoutFilter: Subscribing to "/keepout_costmap_filter_info" topic for filter info...
[controller_server-11] [INFO] [1775542819.390721545] [local_costmap.local_costmap]: KeepoutFilter: Received filter info from /keepout_costmap_filter_info topic.
[controller_server-11] [INFO] [1775542819.390845206] [local_costmap.local_costmap]: KeepoutFilter: Subscribing to "/keepout_filter_mask" topic for filter mask...
[delivery_robot_main_controller-22] [0m[INFO] [1775542819.398006218] [main_controller_node]: Robot is MOVING.[0m
[planner_server-13] [INFO] [1775542819.397576026] [global_costmap.global_costmap]: Received request to clear entirely the global_costmap
[controller_server-11] [WARN] [1775542819.399255669] [local_costmap.local_costmap]: KeepoutFilter: New filter mask arrived from /keepout_filter_mask topic. Updating old filter mask.
[planner_server-13] [INFO] [1775542819.425592430] [global_costmap.global_costmap]: KeepoutFilter: Subscribing to "/keepout_costmap_filter_info" topic for filter info...
[planner_server-13] [INFO] [1775542819.438089566] [global_costmap.global_costmap]: KeepoutFilter: Received filter info from /keepout_costmap_filter_info topic.
[planner_server-13] [INFO] [1775542819.438181437] [global_costmap.global_costmap]: KeepoutFilter: Subscribing to "/keepout_filter_mask" topic for filter mask...
[planner_server-13] [WARN] [1775542819.451658535] [global_costmap.global_costmap]: KeepoutFilter: New filter mask arrived from /keepout_filter_mask topic. Updating old filter mask.
[planner_server-13] [WARN] [1775542819.940881641] [planner_server]: Planner loop missed its desired rate of 5.0000 Hz. Current loop rate is 1.9878 Hz
[controller_server-11] [INFO] [1775542819.956833433] [controller_server]: Received a goal, begin computing control effort.
[controller_server-11] [INFO] [1775542819.963425133] [controller_server]: Optimizer reset
[controller_server-11] [INFO] [1775542819.969350693] [controller_server]: Optimizer reset
[controller_server-11] [WARN] [1775542819.969604725] [controller_server]: Optimizer fail to compute path
[localization_monitor-1] [WARN] [1775542820.007146006] [localization_monitor]: No pose update for 68.9s
[controller_server-11] [INFO] [1775542820.076823029] [controller_server]: Optimizer reset
[controller_server-11] [INFO] [1775542820.084225531] [controller_server]: Optimizer reset
[controller_server-11] [WARN] [1775542820.084765385] [controller_server]: Optimizer fail to compute path
[localization_monitor-21] [WARN] [1775542820.150000499] [localization_monitor]: No pose update for 69.0s
[controller_server-11] [INFO] [1775542820.157379669] [controller_server]: Passing new path to controller.
[controller_server-11] [INFO] [1775542820.164346438] [controller_server]: Optimizer reset
[controller_server-11] [INFO] [1775542820.166540269] [controller_server]: Optimizer reset
[controller_server-11] [WARN] [1775542820.166755802] [controller_server]: Optimizer fail to compute path
[controller_server-11] [INFO] [1775542820.257300467] [controller_server]: Passing new path to controller.
[controller_server-11] [INFO] [1775542820.259586752] [controller_server]: Optimizer reset
[controller_server-11] [INFO] [1775542820.261403765] [controller_server]: Optimizer reset
[controller_server-11] [WARN] [1775542820.261747043] [controller_server]: Optimizer fail to compute path
[controller_server-11] [INFO] [1775542820.357358926] [controller_server]: Passing new path to controller.
[controller_server-11] [INFO] [1775542820.376623631] [controller_server]: Optimizer reset
[controller_server-11] [INFO] [1775542820.382044627] [controller_server]: Optimizer reset
[controller_server-11] [WARN] [1775542820.383467613] [controller_server]: Optimizer fail to compute path
[controller_server-11] [INFO] [1775542820.457377429] [controller_server]: Passing new path to controller.
[controller_server-11] [INFO] [1775542820.464695643] [controller_server]: Optimizer reset
[controller_server-11] [INFO] [1775542820.466814518] [controller_server]: Optimizer reset
[controller_server-11] [WARN] [1775542820.466937888] [controller_server]: Optimizer fail to compute path
[controller_server-11] [INFO] [1775542820.559210319] [controller_server]: Optimizer reset
[controller_server-11] [INFO] [1775542820.560816173] [controller_server]: Optimizer reset
[controller_server-11] [WARN] [1775542820.561113370] [controller_server]: Optimizer fail to compute path
[controller_server-11] [INFO] [1775542820.657328980] [controller_server]: Passing new path to controller.
[controller_server-11] [INFO] [1775542820.675080868] [controller_server]: Optimizer reset
[controller_server-11] [INFO] [1775542820.680543863] [controller_server]: Optimizer reset
[controller_server-11] [WARN] [1775542820.680923890] [controller_server]: Optimizer fail to compute path
[controller_server-11] [INFO] [1775542820.757382481] [controller_server]: Passing new path to controller.
[controller_server-11] [INFO] [1775542820.764076844] [controller_server]: Optimizer reset
[controller_server-11] [INFO] [1775542820.767777949] [controller_server]: Optimizer reset
[controller_server-11] [WARN] [1775542820.768948362] [controller_server]: Optimizer fail to compute path
[controller_server-11] [INFO] [1775542820.857324570] [controller_server]: Passing new path to controller.
[controller_server-11] [INFO] [1775542820.869591298] [controller_server]: Optimizer reset
[controller_server-11] [INFO] [1775542820.871737881] [controller_server]: Optimizer reset
[controller_server-11] [WARN] [1775542820.871876417] [controller_server]: Optimizer fail to compute path
[controller_server-11] [INFO] [1775542820.957322657] [controller_server]: Passing new path to controller.
[controller_server-11] [INFO] [1775542820.970279150] [controller_server]: Optimizer reset
[controller_server-11] [INFO] [1775542820.971782049] [controller_server]: Optimizer reset
[controller_server-11] [WARN] [1775542820.972979586] [controller_server]: Optimizer fail to compute path
[controller_server-11] [ERROR] [1775542820.973380612] [controller_server]: Controller patience exceeded
[controller_server-11] [INFO] [1775542820.974169248] [controller_server]: Optimizer reset
[controller_server-11] [WARN] [1775542820.975554902] [controller_server]: [follow_path] [ActionServer] Aborting handle.
[bt_navigator-15] [WARN] [1775542821.005279239] [bt_navigator]: [navigate_through_poses] [ActionServer] Aborting handle.
[bt_navigator-15] [ERROR] [1775542821.005936338] [bt_navigator]: Goal failed
[delivery_robot_main_controller-22] [33m[WARN] [1775542821.008600900] [main_controller_node]: Goal failed! (obstacle retry 1/5)[0m
[localization_monitor-1] [WARN] [1775542821.007823931] [localization_monitor]: No pose update for 69.9s
[robot_sound-23] [0m[INFO] [1775542821.011531452] [robot_sound_node]: 🔔 Received sound command: obstacle_alert[0m
[delivery_robot_main_controller-22] [0m[INFO] [1775542821.012292089] [main_controller_node]: Published message: "obstacle_alert"[0m
[delivery_robot_main_controller-22] [0m[INFO] [1775542821.019274899] [main_controller_node]: State change: MOVE -> RETRYING[0m
[delivery_robot_main_controller-22] [0m[INFO] [1775542821.023234994] [main_controller_node]: Current state: RETRYING, dock_state IDLE, charge_state NOT_CHARGE[0m
[delivery_robot_main_controller-22] [0m[INFO] [1775542821.038095996] [main_controller_node]: RETRYING: re-sending goal x=-5.05 y=-1.18 yaw=0.00 mode=agv[0m
[delivery_robot_main_controller-22] [0m[INFO] [1775542821.039323573] [main_controller_node]: AGV start_pos: x=-4.37, y=0.01[0m
[delivery_robot_main_controller-22] [0m[INFO] [1775542821.039977173] [main_controller_node]: AGV goal_pos: x=-5.05, y=-1.18[0m
[delivery_robot_main_controller-22] [0m[INFO] [1775542821.043073676] [main_controller_node]: Path source: database routes[0m
[robot_sound-23] amixer: Unable to find simple control 'PCM',0
[robot_sound-23] 
[robot_sound-23] [0m[INFO] [1775542821.048867991] [robot_sound_node]: 🔊 Playing sound: /home/smr/workspaces/mini_amr/amrROS2_ws/sounds/robot_obstacle.wav[0m
[delivery_robot_main_controller-22] [0m[INFO] [1775542821.064950737] [main_controller_node]: Computed AGV path waypoints:[0m
[robot_sound-23] Playing WAVE '/home/smr/workspaces/mini_amr/amrROS2_ws/sounds/robot_obstacle.wav' : Signed 16 bit Little Endian, Rate 44100 Hz, Mono
[delivery_robot_main_controller-22] [0m[INFO] [1775542821.076244212] [main_controller_node]:   Waypoint 0: x=-4.37, y=0.01[0m
[delivery_robot_main_controller-22] [0m[INFO] [1775542821.077540036] [main_controller_node]:   Waypoint 1: x=-4.15, y=0.25[0m
[delivery_robot_main_controller-22] [0m[INFO] [1775542821.078319339] [main_controller_node]:   Waypoint 2: x=-4.37, y=-0.11[0m
[delivery_robot_main_controller-22] [0m[INFO] [1775542821.082382680] [main_controller_node]:   Waypoint 3: x=-4.60, y=-0.46[0m
[delivery_robot_main_controller-22] [0m[INFO] [1775542821.086016704] [main_controller_node]:   Waypoint 4: x=-4.83, y=-0.82[0m
[delivery_robot_main_controller-22] [0m[INFO] [1775542821.092484743] [main_controller_node]:   Waypoint 5: x=-5.05, y=-1.18[0m
[delivery_robot_main_controller-22] [0m[INFO] [1775542821.102733800] [main_controller_node]: Navigating with 6 goals....[0m
[bt_navigator-15] [INFO] [1775542821.105019211] [bt_navigator]: Begin navigating from current location through 6 poses to (-5.05, -1.18)
[controller_server-11] [INFO] [1775542821.108012468] [local_costmap.local_costmap]: Received request to clear entirely the local_costmap
[controller_server-11] [INFO] [1775542821.115897077] [local_costmap.local_costmap]: KeepoutFilter: Subscribing to "/keepout_costmap_filter_info" topic for filter info...
[controller_server-11] [INFO] [1775542821.120144744] [local_costmap.local_costmap]: KeepoutFilter: Received filter info from /keepout_costmap_filter_info topic.
[controller_server-11] [INFO] [1775542821.123284121] [local_costmap.local_costmap]: KeepoutFilter: Subscribing to "/keepout_filter_mask" topic for filter mask...
[planner_server-13] [INFO] [1775542821.119950793] [global_costmap.global_costmap]: Received request to clear entirely the global_costmap
[planner_server-13] [INFO] [1775542821.127248007] [global_costmap.global_costmap]: KeepoutFilter: Subscribing to "/keepout_costmap_filter_info" topic for filter info...
[controller_server-11] [WARN] [1775542821.136142034] [local_costmap.local_costmap]: KeepoutFilter: New filter mask arrived from /keepout_filter_mask topic. Updating old filter mask.
[planner_server-13] [INFO] [1775542821.140385618] [global_costmap.global_costmap]: KeepoutFilter: Received filter info from /keepout_costmap_filter_info topic.
[planner_server-13] [INFO] [1775542821.140529696] [global_costmap.global_costmap]: KeepoutFilter: Subscribing to "/keepout_filter_mask" topic for filter mask...
[localization_monitor-21] [WARN] [1775542821.147702082] [localization_monitor]: No pose update for 70.0s
[planner_server-13] [WARN] [1775542821.156214041] [global_costmap.global_costmap]: KeepoutFilter: New filter mask arrived from /keepout_filter_mask topic. Updating old filter mask.
[delivery_robot_main_controller-22] [0m[INFO] [1775542821.160399585] [main_controller_node]: State change: RETRYING -> MOVE[0m
[delivery_robot_main_controller-22] [0m[INFO] [1775542821.186235574] [main_controller_node]: Current state: MOVE, dock_state IDLE, charge_state NOT_CHARGE[0m
[delivery_robot_main_controller-22] [0m[INFO] [1775542821.193339713] [main_controller_node]: Robot is MOVING.[0m
[planner_server-13] [WARN] [1775542821.440685242] [planner_server]: Planner loop missed its desired rate of 5.0000 Hz. Current loop rate is 3.3221 Hz
[controller_server-11] [INFO] [1775542821.463333439] [controller_server]: Received a goal, begin computing control effort.
[controller_server-11] [INFO] [1775542821.471548493] [controller_server]: Optimizer reset
[controller_server-11] [INFO] [1775542821.476718374] [controller_server]: Optimizer reset
[controller_server-11] [WARN] [1775542821.476963364] [controller_server]: Optimizer fail to compute path
[controller_server-11] [INFO] [1775542821.577767003] [controller_server]: Optimizer reset
[controller_server-11] [INFO] [1775542821.580328611] [controller_server]: Optimizer reset
[controller_server-11] [WARN] [1775542821.581315864] [controller_server]: Optimizer fail to compute path
[controller_server-11] [INFO] [1775542821.664276034] [controller_server]: Passing new path to controller.
[controller_server-11] [INFO] [1775542821.670794821] [controller_server]: Optimizer reset
[controller_server-11] [INFO] [1775542821.683319664] [controller_server]: Optimizer reset
[controller_server-11] [WARN] [1775542821.684679944] [controller_server]: Optimizer fail to compute path
[controller_server-11] [INFO] [1775542821.764263913] [controller_server]: Passing new path to controller.
[controller_server-11] [INFO] [1775542821.766470868] [controller_server]: Optimizer reset
[controller_server-11] [INFO] [1775542821.768508372] [controller_server]: Optimizer reset
[controller_server-11] [WARN] [1775542821.768639033] [controller_server]: Optimizer fail to compute path
[controller_server-11] [INFO] [1775542821.864282124] [controller_server]: Passing new path to controller.
[controller_server-11] [INFO] [1775542821.877062166] [controller_server]: Optimizer reset
[controller_server-11] [INFO] [1775542821.880043466] [controller_server]: Optimizer reset
[controller_server-11] [WARN] [1775542821.880186668] [controller_server]: Optimizer fail to compute path
[controller_server-11] [INFO] [1775542821.964293335] [controller_server]: Passing new path to controller.
[controller_server-11] [INFO] [1775542821.971388724] [controller_server]: Optimizer reset
[controller_server-11] [INFO] [1775542821.976577855] [controller_server]: Optimizer reset
[controller_server-11] [WARN] [1775542821.976947090] [controller_server]: Optimizer fail to compute path
[localization_monitor-1] [WARN] [1775542822.005174069] [localization_monitor]: No pose update for 70.9s
[controller_server-11] [INFO] [1775542822.071317689] [controller_server]: Optimizer reset
[controller_server-11] [INFO] [1775542822.077904723] [controller_server]: Optimizer reset
[controller_server-11] [WARN] [1775542822.078320040] [controller_server]: Optimizer fail to compute path
[localization_monitor-21] [WARN] [1775542822.149737662] [localization_monitor]: No pose update for 71.0s
[controller_server-11] [INFO] [1775542822.164276093] [controller_server]: Passing new path to controller.
[controller_server-11] [INFO] [1775542822.181977817] [controller_server]: Optimizer reset
[controller_server-11] [INFO] [1775542822.190662436] [controller_server]: Optimizer reset
[controller_server-11] [WARN] [1775542822.191061128] [controller_server]: Optimizer fail to compute path
[delivery_robot_main_controller-22] [0m[INFO] [1775542822.200599713] [main_controller_node]: Current state: MOVE, dock_state IDLE, charge_state NOT_CHARGE[0m
[controller_server-11] [INFO] [1775542822.264281471] [controller_server]: Passing new path to controller.
[controller_server-11] [INFO] [1775542822.272210994] [controller_server]: Optimizer reset
[controller_server-11] [INFO] [1775542822.277281129] [controller_server]: Optimizer reset
[controller_server-11] [WARN] [1775542822.277538078] [controller_server]: Optimizer fail to compute path
[controller_server-11] [INFO] [1775542822.364291808] [controller_server]: Passing new path to controller.
[controller_server-11] [INFO] [1775542822.371007170] [controller_server]: Optimizer reset
[controller_server-11] [INFO] [1775542822.375507994] [controller_server]: Optimizer reset
[controller_server-11] [WARN] [1775542822.375645363] [controller_server]: Optimizer fail to compute path
[controller_server-11] [INFO] [1775542822.464239438] [controller_server]: Passing new path to controller.
[controller_server-11] [INFO] [1775542822.476480501] [controller_server]: Optimizer reset
[controller_server-11] [INFO] [1775542822.477902904] [controller_server]: Optimizer reset
[controller_server-11] [WARN] [1775542822.478040565] [controller_server]: Optimizer fail to compute path
[controller_server-11] [ERROR] [1775542822.478112020] [controller_server]: Controller patience exceeded
[controller_server-11] [INFO] [1775542822.478830076] [controller_server]: Optimizer reset
[controller_server-11] [WARN] [1775542822.478972403] [controller_server]: [follow_path] [ActionServer] Aborting handle.
[bt_navigator-15] [WARN] [1775542822.510438214] [bt_navigator]: [navigate_through_poses] [ActionServer] Aborting handle.
[bt_navigator-15] [ERROR] [1775542822.511080730] [bt_navigator]: Goal failed
[delivery_robot_main_controller-22] [33m[WARN] [1775542822.514205816] [main_controller_node]: Goal failed! (obstacle retry 2/5)[0m
[robot_sound-23] [0m[INFO] [1775542822.517513479] [robot_sound_node]: 🔔 Received sound command: obstacle_alert[0m
[delivery_robot_main_controller-22] [0m[INFO] [1775542822.524788819] [main_controller_node]: Published message: "obstacle_alert"[0m
[robot_sound-23] amixer: Unable to find simple control 'PCM',0
[robot_sound-23] 
[delivery_robot_main_controller-22] [0m[INFO] [1775542822.526376590] [main_controller_node]: State change: MOVE -> RETRYING[0m
[robot_sound-23] [0m[INFO] [1775542822.529203896] [robot_sound_node]: 🔊 Playing sound: /home/smr/workspaces/mini_amr/amrROS2_ws/sounds/robot_obstacle.wav[0m
[robot_sound-23] aplay: main:834: audio open error: Device or resource busy
[delivery_robot_main_controller-22] [0m[INFO] [1775542822.543549835] [main_controller_node]: RETRYING: re-sending goal x=-5.05 y=-1.18 yaw=0.00 mode=agv[0m
[delivery_robot_main_controller-22] [0m[INFO] [1775542822.544351595] [main_controller_node]: AGV start_pos: x=-4.37, y=0.01[0m
[delivery_robot_main_controller-22] [0m[INFO] [1775542822.544993820] [main_controller_node]: AGV goal_pos: x=-5.05, y=-1.18[0m
[delivery_robot_main_controller-22] [0m[INFO] [1775542822.545599879] [main_controller_node]: Path source: database routes[0m
[delivery_robot_main_controller-22] [0m[INFO] [1775542822.564915040] [main_controller_node]: Computed AGV path waypoints:[0m
[delivery_robot_main_controller-22] [0m[INFO] [1775542822.565659636] [main_controller_node]:   Waypoint 0: x=-4.37, y=0.01[0m
[delivery_robot_main_controller-22] [0m[INFO] [1775542822.574258216] [main_controller_node]:   Waypoint 1: x=-4.15, y=0.25[0m
[delivery_robot_main_controller-22] [0m[INFO] [1775542822.577027483] [main_controller_node]:   Waypoint 2: x=-4.37, y=-0.11[0m
[delivery_robot_main_controller-22] [0m[INFO] [1775542822.584069499] [main_controller_node]:   Waypoint 3: x=-4.60, y=-0.46[0m
[delivery_robot_main_controller-22] [0m[INFO] [1775542822.585034003] [main_controller_node]:   Waypoint 4: x=-4.83, y=-0.82[0m
[delivery_robot_main_controller-22] [0m[INFO] [1775542822.586116627] [main_controller_node]:   Waypoint 5: x=-5.05, y=-1.18[0m
[delivery_robot_main_controller-22] [0m[INFO] [1775542822.594333431] [main_controller_node]: Navigating with 6 goals....[0m
[delivery_robot_main_controller-22] [0m[INFO] [1775542822.598197571] [main_controller_node]: State change: RETRYING -> MOVE[0m
[bt_navigator-15] [INFO] [1775542822.596087445] [bt_navigator]: Begin navigating from current location through 6 poses to (-5.05, -1.18)
[controller_server-11] [INFO] [1775542822.596651215] [local_costmap.local_costmap]: Received request to clear entirely the local_costmap
[controller_server-11] [INFO] [1775542822.606148093] [local_costmap.local_costmap]: KeepoutFilter: Subscribing to "/keepout_costmap_filter_info" topic for filter info...
[planner_server-13] [INFO] [1775542822.618591273] [global_costmap.global_costmap]: Received request to clear entirely the global_costmap
[controller_server-11] [INFO] [1775542822.621630904] [local_costmap.local_costmap]: KeepoutFilter: Received filter info from /keepout_costmap_filter_info topic.
[controller_server-11] [INFO] [1775542822.621730359] [local_costmap.local_costmap]: KeepoutFilter: Subscribing to "/keepout_filter_mask" topic for filter mask...
[delivery_robot_main_controller-22] [0m[INFO] [1775542822.628386515] [main_controller_node]: Robot is MOVING.[0m
[planner_server-13] [INFO] [1775542822.630729090] [global_costmap.global_costmap]: KeepoutFilter: Subscribing to "/keepout_costmap_filter_info" topic for filter info...
[controller_server-11] [WARN] [1775542822.631236862] [local_costmap.local_costmap]: KeepoutFilter: New filter mask arrived from /keepout_filter_mask topic. Updating old filter mask.
[planner_server-13] [INFO] [1775542822.641712243] [global_costmap.global_costmap]: KeepoutFilter: Received filter info from /keepout_costmap_filter_info topic.
[planner_server-13] [INFO] [1775542822.641802948] [global_costmap.global_costmap]: KeepoutFilter: Subscribing to "/keepout_filter_mask" topic for filter mask...
[planner_server-13] [WARN] [1775542822.655331377] [global_costmap.global_costmap]: KeepoutFilter: New filter mask arrived from /keepout_filter_mask topic. Updating old filter mask.
[planner_server-13] [WARN] [1775542822.913213244] [planner_server]: Planner loop missed its desired rate of 5.0000 Hz. Current loop rate is 3.6704 Hz
[controller_server-11] [INFO] [1775542822.927577265] [controller_server]: Received a goal, begin computing control effort.
[controller_server-11] [INFO] [1775542822.929366570] [controller_server]: Optimizer reset
[controller_server-11] [INFO] [1775542822.930873845] [controller_server]: Optimizer reset
[controller_server-11] [WARN] [1775542822.931015881] [controller_server]: Optimizer fail to compute path
[localization_monitor-1] [WARN] [1775542823.005175937] [localization_monitor]: No pose update for 71.9s
[controller_server-11] [INFO] [1775542823.029531192] [controller_server]: Optimizer reset
[controller_server-11] [INFO] [1775542823.031198294] [controller_server]: Optimizer reset
[controller_server-11] [WARN] [1775542823.031351121] [controller_server]: Optimizer fail to compute path
[controller_server-11] [INFO] [1775542823.127801513] [controller_server]: Passing new path to controller.
[controller_server-11] [INFO] [1775542823.130090715] [controller_server]: Optimizer reset
[controller_server-11] [INFO] [1775542823.131552492] [controller_server]: Optimizer reset
[controller_server-11] [WARN] [1775542823.131688111] [controller_server]: Optimizer fail to compute path
[localization_monitor-21] [WARN] [1775542823.147710484] [localization_monitor]: No pose update for 72.0s
[delivery_robot_main_controller-22] [0m[INFO] [1775542823.195387952] [main_controller_node]: Current state: MOVE, dock_state IDLE, charge_state NOT_CHARGE[0m
[controller_server-11] [INFO] [1775542823.227856181] [controller_server]: Passing new path to controller.
[controller_server-11] [INFO] [1775542823.230076553] [controller_server]: Optimizer reset
[controller_server-11] [INFO] [1775542823.231512955] [controller_server]: Optimizer reset
[controller_server-11] [WARN] [1775542823.231633409] [controller_server]: Optimizer fail to compute path
[controller_server-11] [INFO] [1775542823.327834727] [controller_server]: Passing new path to controller.
[controller_server-11] [INFO] [1775542823.330805819] [controller_server]: Optimizer reset
[controller_server-11] [INFO] [1775542823.332271970] [controller_server]: Optimizer reset
[controller_server-11] [WARN] [1775542823.334557964] [controller_server]: Optimizer fail to compute path
[controller_server-11] [INFO] [1775542823.429659743] [controller_server]: Optimizer reset
[controller_server-11] [INFO] [1775542823.431181892] [controller_server]: Optimizer reset
[controller_server-11] [WARN] [1775542823.431339677] [controller_server]: Optimizer fail to compute path
[controller_server-11] [INFO] [1775542823.527804360] [controller_server]: Passing new path to controller.
[controller_server-11] [INFO] [1775542823.529886196] [controller_server]: Optimizer reset
[controller_server-11] [INFO] [1775542823.531508382] [controller_server]: Optimizer reset
[controller_server-11] [WARN] [1775542823.532373432] [controller_server]: Optimizer fail to compute path
[controller_server-11] [INFO] [1775542823.627798947] [controller_server]: Passing new path to controller.
[controller_server-11] [INFO] [1775542823.629855700] [controller_server]: Optimizer reset
[controller_server-11] [INFO] [1775542823.631741543] [controller_server]: Optimizer reset
[controller_server-11] [WARN] [1775542823.631879788] [controller_server]: Optimizer fail to compute path
[controller_server-11] [INFO] [1775542823.727829991] [controller_server]: Passing new path to controller.
[controller_server-11] [INFO] [1775542823.734927714] [controller_server]: Optimizer reset
[controller_server-11] [INFO] [1775542823.737740437] [controller_server]: Optimizer reset
[controller_server-11] [WARN] [1775542823.737870807] [controller_server]: Optimizer fail to compute path
[controller_server-11] [INFO] [1775542823.827805621] [controller_server]: Passing new path to controller.
[controller_server-11] [INFO] [1775542823.830402519] [controller_server]: Optimizer reset
[controller_server-11] [INFO] [1775542823.831938959] [controller_server]: Optimizer reset
[controller_server-11] [WARN] [1775542823.832071371] [controller_server]: Optimizer fail to compute path
[controller_server-11] [INFO] [1775542823.929442227] [controller_server]: Optimizer reset
[controller_server-11] [INFO] [1775542823.931723263] [controller_server]: Optimizer reset
[controller_server-11] [WARN] [1775542823.931879590] [controller_server]: Optimizer fail to compute path
[controller_server-11] [ERROR] [1775542823.931955420] [controller_server]: Controller patience exceeded
[controller_server-11] [INFO] [1775542823.932535523] [controller_server]: Optimizer reset
[controller_server-11] [WARN] [1775542823.932589770] [controller_server]: [follow_path] [ActionServer] Aborting handle.
[controller_server-11] [INFO] [1775542823.937894105] [controller_server]: Received a goal, begin computing control effort.
[controller_server-11] [INFO] [1775542823.940654621] [controller_server]: Optimizer reset
[controller_server-11] [INFO] [1775542823.942109106] [controller_server]: Optimizer reset
[controller_server-11] [WARN] [1775542823.943122025] [controller_server]: Optimizer fail to compute path
[localization_monitor-1] [WARN] [1775542824.005538874] [localization_monitor]: No pose update for 72.9s
[controller_server-11] [INFO] [1775542824.045540850] [controller_server]: Optimizer reset
[controller_server-11] [INFO] [1775542824.050642776] [controller_server]: Optimizer reset
[controller_server-11] [WARN] [1775542824.050884850] [controller_server]: Optimizer fail to compute path
[controller_server-11] [INFO] [1775542824.138266805] [controller_server]: Passing new path to controller.
[controller_server-11] [INFO] [1775542824.145355194] [controller_server]: Optimizer reset
[localization_monitor-21] [WARN] [1775542824.150725151] [localization_monitor]: No pose update for 73.0s
[controller_server-11] [INFO] [1775542824.157724877] [controller_server]: Optimizer reset
[controller_server-11] [WARN] [1775542824.161162034] [controller_server]: Optimizer fail to compute path
[delivery_robot_main_controller-22] [0m[INFO] [1775542824.183398414] [main_controller_node]: Current state: MOVE, dock_state IDLE, charge_state NOT_CHARGE[0m
[controller_server-11] [INFO] [1775542824.238240976] [controller_server]: Passing new path to controller.
[controller_server-11] [INFO] [1775542824.244995420] [controller_server]: Optimizer reset
[controller_server-11] [INFO] [1775542824.251360213] [controller_server]: Optimizer reset
[controller_server-11] [WARN] [1775542824.254486757] [controller_server]: Optimizer fail to compute path
[controller_server-11] [INFO] [1775542824.338237313] [controller_server]: Passing new path to controller.
[controller_server-11] [INFO] [1775542824.345361576] [controller_server]: Optimizer reset
[controller_server-11] [INFO] [1775542824.352231516] [controller_server]: Optimizer reset
[controller_server-11] [WARN] [1775542824.352513546] [controller_server]: Optimizer fail to compute path
[controller_server-11] [INFO] [1775542824.438314439] [controller_server]: Passing new path to controller.
[controller_server-11] [INFO] [1775542824.445570238] [controller_server]: Optimizer reset
[controller_server-11] [INFO] [1775542824.451610418] [controller_server]: Optimizer reset
[controller_server-11] [WARN] [1775542824.451957488] [controller_server]: Optimizer fail to compute path
[controller_server-11] [INFO] [1775542824.544539657] [controller_server]: Optimizer reset
[controller_server-11] [INFO] [1775542824.550006151] [controller_server]: Optimizer reset
[controller_server-11] [WARN] [1775542824.550273016] [controller_server]: Optimizer fail to compute path
[controller_server-11] [INFO] [1775542824.638237407] [controller_server]: Passing new path to controller.
[controller_server-11] [INFO] [1775542824.645735572] [controller_server]: Optimizer reset
[controller_server-11] [INFO] [1775542824.651293646] [controller_server]: Optimizer reset
[controller_server-11] [WARN] [1775542824.651575677] [controller_server]: Optimizer fail to compute path
[controller_server-11] [INFO] [1775542824.738248618] [controller_server]: Passing new path to controller.
[controller_server-11] [INFO] [1775542824.747638459] [controller_server]: Optimizer reset
[controller_server-11] [INFO] [1775542824.753743387] [controller_server]: Optimizer reset
[controller_server-11] [WARN] [1775542824.754056041] [controller_server]: Optimizer fail to compute path
[controller_server-11] [INFO] [1775542824.838236789] [controller_server]: Passing new path to controller.
[controller_server-11] [INFO] [1775542824.846068024] [controller_server]: Optimizer reset
[controller_server-11] [INFO] [1775542824.851588183] [controller_server]: Optimizer reset
[controller_server-11] [WARN] [1775542824.854761684] [controller_server]: Optimizer fail to compute path
[controller_server-11] [INFO] [1775542824.938229918] [controller_server]: Passing new path to controller.
[controller_server-11] [INFO] [1775542824.944967737] [controller_server]: Optimizer reset
[controller_server-11] [INFO] [1775542824.947413558] [controller_server]: Optimizer reset
[controller_server-11] [WARN] [1775542824.948387687] [controller_server]: Optimizer fail to compute path
[controller_server-11] [ERROR] [1775542824.948800379] [controller_server]: Controller patience exceeded
[controller_server-11] [INFO] [1775542824.949554891] [controller_server]: Optimizer reset
[controller_server-11] [WARN] [1775542824.949635971] [controller_server]: [follow_path] [ActionServer] Aborting handle.
[bt_navigator-15] [WARN] [1775542824.986526569] [bt_navigator]: [navigate_through_poses] [ActionServer] Aborting handle.
[bt_navigator-15] [ERROR] [1775542824.986823474] [bt_navigator]: Goal failed
[delivery_robot_main_controller-22] [33m[WARN] [1775542824.998785131] [main_controller_node]: Goal failed! (obstacle retry 3/5)[0m
[delivery_robot_main_controller-22] [0m[INFO] [1775542825.001189829] [main_controller_node]: Published message: "obstacle_alert"[0m
[robot_sound-23] [0m[INFO] [1775542825.002490320] [robot_sound_node]: 🔔 Received sound command: obstacle_alert[0m
[localization_monitor-1] [WARN] [1775542825.006248589] [localization_monitor]: No pose update for 73.9s
[delivery_robot_main_controller-22] [0m[INFO] [1775542825.014987747] [main_controller_node]: State change: MOVE -> RETRYING[0m
[robot_sound-23] amixer: Unable to find simple control 'PCM',0
[robot_sound-23] 
[robot_sound-23] [0m[INFO] [1775542825.034031085] [robot_sound_node]: 🔊 Playing sound: /home/smr/workspaces/mini_amr/amrROS2_ws/sounds/robot_obstacle.wav[0m
[delivery_robot_main_controller-22] [0m[INFO] [1775542825.037239293] [main_controller_node]: RETRYING: re-sending goal x=-5.05 y=-1.18 yaw=0.00 mode=agv[0m
[delivery_robot_main_controller-22] [0m[INFO] [1775542825.038298002] [main_controller_node]: AGV start_pos: x=-4.37, y=0.01[0m
[delivery_robot_main_controller-22] [0m[INFO] [1775542825.039517704] [main_controller_node]: AGV goal_pos: x=-5.05, y=-1.18[0m
[delivery_robot_main_controller-22] [0m[INFO] [1775542825.040218260] [main_controller_node]: Path source: database routes[0m
[delivery_robot_main_controller-22] [0m[INFO] [1775542825.058779492] [main_controller_node]: Computed AGV path waypoints:[0m
[delivery_robot_main_controller-22] [0m[INFO] [1775542825.060576963] [main_controller_node]:   Waypoint 0: x=-4.37, y=0.01[0m
[robot_sound-23] aplay: main:834: audio open error: Device or resource busy
[delivery_robot_main_controller-22] [0m[INFO] [1775542825.061989158] [main_controller_node]:   Waypoint 1: x=-4.15, y=0.25[0m
[delivery_robot_main_controller-22] [0m[INFO] [1775542825.076921324] [main_controller_node]:   Waypoint 2: x=-4.37, y=-0.11[0m
[delivery_robot_main_controller-22] [0m[INFO] [1775542825.079235608] [main_controller_node]:   Waypoint 3: x=-4.60, y=-0.46[0m
[delivery_robot_main_controller-22] [0m[INFO] [1775542825.089145179] [main_controller_node]:   Waypoint 4: x=-4.83, y=-0.82[0m
[delivery_robot_main_controller-22] [0m[INFO] [1775542825.090949358] [main_controller_node]:   Waypoint 5: x=-5.05, y=-1.18[0m
[delivery_robot_main_controller-22] [0m[INFO] [1775542825.100305367] [main_controller_node]: Navigating with 6 goals....[0m
[bt_navigator-15] [INFO] [1775542825.101620441] [bt_navigator]: Begin navigating from current location through 6 poses to (-5.05, -1.18)
[controller_server-11] [INFO] [1775542825.101933678] [local_costmap.local_costmap]: Received request to clear entirely the local_costmap
[controller_server-11] [INFO] [1775542825.114856048] [local_costmap.local_costmap]: KeepoutFilter: Subscribing to "/keepout_costmap_filter_info" topic for filter info...
[delivery_robot_main_controller-22] [0m[INFO] [1775542825.119502407] [main_controller_node]: State change: RETRYING -> MOVE[0m
[planner_server-13] [INFO] [1775542825.125944489] [global_costmap.global_costmap]: Received request to clear entirely the global_costmap
[controller_server-11] [INFO] [1775542825.127340351] [local_costmap.local_costmap]: KeepoutFilter: Received filter info from /keepout_costmap_filter_info topic.
[controller_server-11] [INFO] [1775542825.127601966] [local_costmap.local_costmap]: KeepoutFilter: Subscribing to "/keepout_filter_mask" topic for filter mask...
[planner_server-13] [INFO] [1775542825.131805009] [global_costmap.global_costmap]: KeepoutFilter: Subscribing to "/keepout_costmap_filter_info" topic for filter info...
[planner_server-13] [INFO] [1775542825.142584004] [global_costmap.global_costmap]: KeepoutFilter: Received filter info from /keepout_costmap_filter_info topic.
[planner_server-13] [INFO] [1775542825.142780288] [global_costmap.global_costmap]: KeepoutFilter: Subscribing to "/keepout_filter_mask" topic for filter mask...
[controller_server-11] [WARN] [1775542825.150853597] [local_costmap.local_costmap]: KeepoutFilter: New filter mask arrived from /keepout_filter_mask topic. Updating old filter mask.
[localization_monitor-21] [WARN] [1775542825.151508072] [localization_monitor]: No pose update for 74.0s
[planner_server-13] [WARN] [1775542825.158614835] [global_costmap.global_costmap]: KeepoutFilter: New filter mask arrived from /keepout_filter_mask topic. Updating old filter mask.
[delivery_robot_main_controller-22] [0m[INFO] [1775542825.185081966] [main_controller_node]: Robot is MOVING.[0m
[delivery_robot_main_controller-22] [0m[INFO] [1775542825.201481449] [main_controller_node]: Current state: MOVE, dock_state IDLE, charge_state NOT_CHARGE[0m
[planner_server-13] [WARN] [1775542825.401740696] [planner_server]: Planner loop missed its desired rate of 5.0000 Hz. Current loop rate is 3.8311 Hz
[controller_server-11] [INFO] [1775542825.413052837] [controller_server]: Received a goal, begin computing control effort.
[controller_server-11] [INFO] [1775542825.419396339] [controller_server]: Optimizer reset
[controller_server-11] [INFO] [1775542825.422793539] [controller_server]: Optimizer reset
[controller_server-11] [WARN] [1775542825.422970282] [controller_server]: Optimizer fail to compute path
[controller_server-11] [INFO] [1775542825.515140050] [controller_server]: Optimizer reset
[controller_server-11] [INFO] [1775542825.516561870] [controller_server]: Optimizer reset
[controller_server-11] [WARN] [1775542825.516692240] [controller_server]: Optimizer fail to compute path
[controller_server-11] [INFO] [1775542825.613311209] [controller_server]: Passing new path to controller.
[controller_server-11] [INFO] [1775542825.615357754] [controller_server]: Optimizer reset
[controller_server-11] [INFO] [1775542825.616779573] [controller_server]: Optimizer reset
[controller_server-11] [WARN] [1775542825.616911110] [controller_server]: Optimizer fail to compute path
[controller_server-11] [INFO] [1775542825.713341086] [controller_server]: Passing new path to controller.
[controller_server-11] [INFO] [1775542825.715276510] [controller_server]: Optimizer reset
[controller_server-11] [INFO] [1775542825.716703579] [controller_server]: Optimizer reset
[controller_server-11] [WARN] [1775542825.716834824] [controller_server]: Optimizer fail to compute path
[controller_server-11] [INFO] [1775542825.813340631] [controller_server]: Passing new path to controller.
[controller_server-11] [INFO] [1775542825.815433258] [controller_server]: Optimizer reset
[controller_server-11] [INFO] [1775542825.816947823] [controller_server]: Optimizer reset
[controller_server-11] [WARN] [1775542825.817090151] [controller_server]: Optimizer fail to compute path
[controller_server-11] [INFO] [1775542825.915009611] [controller_server]: Optimizer reset
[controller_server-11] [INFO] [1775542825.916449221] [controller_server]: Optimizer reset
[controller_server-11] [WARN] [1775542825.916588341] [controller_server]: Optimizer fail to compute path
[localization_monitor-1] [WARN] [1775542826.005244538] [localization_monitor]: No pose update for 74.9s
[controller_server-11] [INFO] [1775542826.013349346] [controller_server]: Passing new path to controller.
[controller_server-11] [INFO] [1775542826.015494471] [controller_server]: Optimizer reset
[controller_server-11] [INFO] [1775542826.016954788] [controller_server]: Optimizer reset
[controller_server-11] [WARN] [1775542826.017094783] [controller_server]: Optimizer fail to compute path
[controller_server-11] [INFO] [1775542826.113346266] [controller_server]: Passing new path to controller.
[controller_server-11] [INFO] [1775542826.116007621] [controller_server]: Optimizer reset
[controller_server-11] [INFO] [1775542826.118307031] [controller_server]: Optimizer reset
[controller_server-11] [WARN] [1775542826.118463358] [controller_server]: Optimizer fail to compute path
[localization_monitor-21] [WARN] [1775542826.149771966] [localization_monitor]: No pose update for 75.0s
[delivery_robot_main_controller-22] [0m[INFO] [1775542826.179716794] [main_controller_node]: Current state: MOVE, dock_state IDLE, charge_state NOT_CHARGE[0m
[controller_server-11] [INFO] [1775542826.213343478] [controller_server]: Passing new path to controller.
[controller_server-11] [INFO] [1775542826.215303985] [controller_server]: Optimizer reset
[controller_server-11] [INFO] [1775542826.216732804] [controller_server]: Optimizer reset
[controller_server-11] [WARN] [1775542826.217459609] [controller_server]: Optimizer fail to compute path
[controller_server-11] [INFO] [1775542826.313371897] [controller_server]: Passing new path to controller.
[controller_server-11] [INFO] [1775542826.321640615] [controller_server]: Optimizer reset
[controller_server-11] [INFO] [1775542826.329349355] [controller_server]: Optimizer reset
[controller_server-11] [WARN] [1775542826.330465812] [controller_server]: Optimizer fail to compute path
[controller_server-11] [INFO] [1775542826.419430872] [controller_server]: Optimizer reset
[controller_server-11] [INFO] [1775542826.430397984] [controller_server]: Optimizer reset
[controller_server-11] [WARN] [1775542826.432770600] [controller_server]: Optimizer fail to compute path
[controller_server-11] [ERROR] [1775542826.432861305] [controller_server]: Controller patience exceeded
[controller_server-11] [INFO] [1775542826.433813851] [controller_server]: Optimizer reset
[controller_server-11] [WARN] [1775542826.433942179] [controller_server]: [follow_path] [ActionServer] Aborting handle.
[bt_navigator-15] [WARN] [1775542826.452168008] [bt_navigator]: [navigate_through_poses] [ActionServer] Aborting handle.
[bt_navigator-15] [ERROR] [1775542826.452932436] [bt_navigator]: Goal failed
[delivery_robot_main_controller-22] [33m[WARN] [1775542826.461360106] [main_controller_node]: Goal failed! (obstacle retry 4/5)[0m
[robot_sound-23] [0m[INFO] [1775542826.464454860] [robot_sound_node]: 🔔 Received sound command: obstacle_alert[0m
[delivery_robot_main_controller-22] [0m[INFO] [1775542826.467783813] [main_controller_node]: Published message: "obstacle_alert"[0m
[delivery_robot_main_controller-22] [0m[INFO] [1775542826.476618051] [main_controller_node]: State change: MOVE -> RETRYING[0m
[robot_sound-23] amixer: Unable to find simple control 'PCM',0
[robot_sound-23] 
[robot_sound-23] [0m[INFO] [1775542826.491910994] [robot_sound_node]: 🔊 Playing sound: /home/smr/workspaces/mini_amr/amrROS2_ws/sounds/robot_obstacle.wav[0m
[robot_sound-23] Playing WAVE '/home/smr/workspaces/mini_amr/amrROS2_ws/sounds/robot_obstacle.wav' : Signed 16 bit Little Endian, Rate 44100 Hz, Mono
[delivery_robot_main_controller-22] [0m[INFO] [1775542826.502687656] [main_controller_node]: RETRYING: re-sending goal x=-5.05 y=-1.18 yaw=0.00 mode=agv[0m
[delivery_robot_main_controller-22] [0m[INFO] [1775542826.507186146] [main_controller_node]: AGV start_pos: x=-4.37, y=0.01[0m
[delivery_robot_main_controller-22] [0m[INFO] [1775542826.516716857] [main_controller_node]: AGV goal_pos: x=-5.05, y=-1.18[0m
[delivery_robot_main_controller-22] [0m[INFO] [1775542826.521929028] [main_controller_node]: Path source: database routes[0m
[delivery_robot_main_controller-22] [0m[INFO] [1775542826.549065799] [main_controller_node]: Computed AGV path waypoints:[0m
[delivery_robot_main_controller-22] [0m[INFO] [1775542826.552134012] [main_controller_node]:   Waypoint 0: x=-4.37, y=0.01[0m
[delivery_robot_main_controller-22] [0m[INFO] [1775542826.563628729] [main_controller_node]:   Waypoint 1: x=-4.15, y=0.25[0m
[delivery_robot_main_controller-22] [0m[INFO] [1775542826.575935123] [main_controller_node]:   Waypoint 2: x=-4.37, y=-0.11[0m
[delivery_robot_main_controller-22] [0m[INFO] [1775542826.581199792] [main_controller_node]:   Waypoint 3: x=-4.60, y=-0.46[0m
[delivery_robot_main_controller-22] [0m[INFO] [1775542826.582712899] [main_controller_node]:   Waypoint 4: x=-4.83, y=-0.82[0m
[delivery_robot_main_controller-22] [0m[INFO] [1775542826.583522534] [main_controller_node]:   Waypoint 5: x=-5.05, y=-1.18[0m
[delivery_robot_main_controller-22] [0m[INFO] [1775542826.585322630] [main_controller_node]: Navigating with 6 goals....[0m
[bt_navigator-15] [INFO] [1775542826.586593081] [bt_navigator]: Begin navigating from current location through 6 poses to (-5.05, -1.18)
[controller_server-11] [INFO] [1775542826.587039313] [local_costmap.local_costmap]: Received request to clear entirely the local_costmap
[delivery_robot_main_controller-22] [0m[INFO] [1775542826.596033670] [main_controller_node]: State change: RETRYING -> MOVE[0m
[controller_server-11] [INFO] [1775542826.596759016] [local_costmap.local_costmap]: KeepoutFilter: Subscribing to "/keepout_costmap_filter_info" topic for filter info...
[controller_server-11] [INFO] [1775542826.606043861] [local_costmap.local_costmap]: KeepoutFilter: Received filter info from /keepout_costmap_filter_info topic.
[controller_server-11] [INFO] [1775542826.606162273] [local_costmap.local_costmap]: KeepoutFilter: Subscribing to "/keepout_filter_mask" topic for filter mask...
[planner_server-13] [INFO] [1775542826.618088640] [global_costmap.global_costmap]: Received request to clear entirely the global_costmap
[controller_server-11] [WARN] [1775542826.626856380] [local_costmap.local_costmap]: KeepoutFilter: New filter mask arrived from /keepout_filter_mask topic. Updating old filter mask.
[planner_server-13] [INFO] [1775542826.635735824] [global_costmap.global_costmap]: KeepoutFilter: Subscribing to "/keepout_costmap_filter_info" topic for filter info...
[delivery_robot_main_controller-22] [0m[INFO] [1775542826.636683995] [main_controller_node]: Robot is MOVING.[0m
[planner_server-13] [INFO] [1775542826.649272711] [global_costmap.global_costmap]: KeepoutFilter: Received filter info from /keepout_costmap_filter_info topic.
[planner_server-13] [INFO] [1775542826.650861066] [global_costmap.global_costmap]: KeepoutFilter: Subscribing to "/keepout_filter_mask" topic for filter mask...
[planner_server-13] [WARN] [1775542826.663180584] [global_costmap.global_costmap]: KeepoutFilter: New filter mask arrived from /keepout_filter_mask topic. Updating old filter mask.
[planner_server-13] [WARN] [1775542826.906760552] [planner_server]: Planner loop missed its desired rate of 5.0000 Hz. Current loop rate is 3.8323 Hz
[controller_server-11] [INFO] [1775542826.918826038] [controller_server]: Received a goal, begin computing control effort.
[controller_server-11] [INFO] [1775542826.925512818] [controller_server]: Optimizer reset
[controller_server-11] [INFO] [1775542826.931046101] [controller_server]: Optimizer reset
[controller_server-11] [WARN] [1775542826.931387921] [controller_server]: Optimizer fail to compute path
[localization_monitor-1] [WARN] [1775542827.005248448] [localization_monitor]: No pose update for 75.9s
[controller_server-11] [INFO] [1775542827.025653233] [controller_server]: Optimizer reset
[controller_server-11] [INFO] [1775542827.032005776] [controller_server]: Optimizer reset
[controller_server-11] [WARN] [1775542827.032262141] [controller_server]: Optimizer fail to compute path
[controller_server-11] [INFO] [1775542827.119220613] [controller_server]: Passing new path to controller.
[controller_server-11] [INFO] [1775542827.126615532] [controller_server]: Optimizer reset
[controller_server-11] [INFO] [1775542827.132030695] [controller_server]: Optimizer reset
[controller_server-11] [WARN] [1775542827.132271019] [controller_server]: Optimizer fail to compute path
[localization_monitor-21] [WARN] [1775542827.150089988] [localization_monitor]: No pose update for 76.0s
[controller_server-11] [INFO] [1775542827.219209075] [controller_server]: Passing new path to controller.
[controller_server-11] [INFO] [1775542827.226281715] [controller_server]: Optimizer reset
[controller_server-11] [INFO] [1775542827.232376143] [controller_server]: Optimizer reset
[controller_server-11] [WARN] [1775542827.232696964] [controller_server]: Optimizer fail to compute path
[controller_server-11] [INFO] [1775542827.319214162] [controller_server]: Passing new path to controller.
[delivery_robot_main_controller-22] [0m[INFO] [1775542827.320605649] [main_controller_node]: Current state: MOVE, dock_state IDLE, charge_state NOT_CHARGE[0m
[controller_server-11] [INFO] [1775542827.326138349] [controller_server]: Optimizer reset
[controller_server-11] [INFO] [1775542827.332917584] [controller_server]: Optimizer reset
[controller_server-11] [WARN] [1775542827.333228197] [controller_server]: Optimizer fail to compute path
[controller_server-11] [INFO] [1775542827.419177250] [controller_server]: Passing new path to controller.
[controller_server-11] [INFO] [1775542827.421122882] [controller_server]: Optimizer reset
[controller_server-11] [INFO] [1775542827.422556076] [controller_server]: Optimizer reset
[controller_server-11] [WARN] [1775542827.422692279] [controller_server]: Optimizer fail to compute path
[controller_server-11] [INFO] [1775542827.520818814] [controller_server]: Optimizer reset
[controller_server-11] [INFO] [1775542827.522278257] [controller_server]: Optimizer reset
[controller_server-11] [WARN] [1775542827.522423793] [controller_server]: Optimizer fail to compute path
[controller_server-11] [INFO] [1775542827.619174882] [controller_server]: Passing new path to controller.
[controller_server-11] [INFO] [1775542827.621153763] [controller_server]: Optimizer reset
[controller_server-11] [INFO] [1775542827.622579665] [controller_server]: Optimizer reset
[controller_server-11] [WARN] [1775542827.622726660] [controller_server]: Optimizer fail to compute path
[controller_server-11] [INFO] [1775542827.719178802] [controller_server]: Passing new path to controller.
[controller_server-11] [INFO] [1775542827.721180432] [controller_server]: Optimizer reset
[controller_server-11] [INFO] [1775542827.723691292] [controller_server]: Optimizer reset
[controller_server-11] [WARN] [1775542827.723836536] [controller_server]: Optimizer fail to compute path
[controller_server-11] [INFO] [1775542827.819174264] [controller_server]: Passing new path to controller.
[controller_server-11] [INFO] [1775542827.821555046] [controller_server]: Optimizer reset
[controller_server-11] [INFO] [1775542827.822986198] [controller_server]: Optimizer reset
[controller_server-11] [WARN] [1775542827.823131151] [controller_server]: Optimizer fail to compute path
[controller_server-11] [INFO] [1775542827.919172934] [controller_server]: Passing new path to controller.
[controller_server-11] [INFO] [1775542827.921113900] [controller_server]: Optimizer reset
[controller_server-11] [INFO] [1775542827.922855082] [controller_server]: Optimizer reset
[controller_server-11] [WARN] [1775542827.923039116] [controller_server]: Optimizer fail to compute path
[controller_server-11] [ERROR] [1775542827.923119321] [controller_server]: Controller patience exceeded
[controller_server-11] [INFO] [1775542827.923697382] [controller_server]: Optimizer reset
[controller_server-11] [WARN] [1775542827.923796253] [controller_server]: [follow_path] [ActionServer] Aborting handle.
[bt_navigator-15] [WARN] [1775542827.956854501] [bt_navigator]: [navigate_through_poses] [ActionServer] Aborting handle.
[bt_navigator-15] [ERROR] [1775542827.957206821] [bt_navigator]: Goal failed
[delivery_robot_main_controller-22] [33m[WARN] [1775542827.968648748] [main_controller_node]: Goal failed! (obstacle retry 5/5)[0m
[robot_sound-23] [0m[INFO] [1775542827.974275944] [robot_sound_node]: 🔔 Received sound command: obstacle_alert[0m
[delivery_robot_main_controller-22] [0m[INFO] [1775542827.975257656] [main_controller_node]: Published message: "obstacle_alert"[0m
[delivery_robot_main_controller-22] [0m[INFO] [1775542827.976612686] [main_controller_node]: State change: MOVE -> RETRYING[0m
[delivery_robot_main_controller-22] [0m[INFO] [1775542827.996092924] [main_controller_node]: RETRYING: re-sending goal x=-5.05 y=-1.18 yaw=0.00 mode=agv[0m
[delivery_robot_main_controller-22] [0m[INFO] [1775542827.998407792] [main_controller_node]: AGV start_pos: x=-4.37, y=0.01[0m
[delivery_robot_main_controller-22] [0m[INFO] [1775542827.999336714] [main_controller_node]: AGV goal_pos: x=-5.05, y=-1.18[0m
[delivery_robot_main_controller-22] [0m[INFO] [1775542827.999967856] [main_controller_node]: Path source: database routes[0m
[robot_sound-23] amixer: Unable to find simple control 'PCM',0
[robot_sound-23] 
[localization_monitor-1] [WARN] [1775542828.005287356] [localization_monitor]: No pose update for 76.9s
[robot_sound-23] [0m[INFO] [1775542828.010212538] [robot_sound_node]: 🔊 Playing sound: /home/smr/workspaces/mini_amr/amrROS2_ws/sounds/robot_obstacle.wav[0m
[robot_sound-23] aplay: main:834: audio open error: Device or resource busy
[delivery_robot_main_controller-22] [0m[INFO] [1775542828.040329443] [main_controller_node]: Computed AGV path waypoints:[0m
[delivery_robot_main_controller-22] [0m[INFO] [1775542828.049577539] [main_controller_node]:   Waypoint 0: x=-4.37, y=0.01[0m
[delivery_robot_main_controller-22] [0m[INFO] [1775542828.054470056] [main_controller_node]:   Waypoint 1: x=-4.15, y=0.25[0m
[delivery_robot_main_controller-22] [0m[INFO] [1775542828.069437804] [main_controller_node]:   Waypoint 2: x=-4.37, y=-0.11[0m
[delivery_robot_main_controller-22] [0m[INFO] [1775542828.073164866] [main_controller_node]:   Waypoint 3: x=-4.60, y=-0.46[0m
[delivery_robot_main_controller-22] [0m[INFO] [1775542828.087458015] [main_controller_node]:   Waypoint 4: x=-4.83, y=-0.82[0m
[delivery_robot_main_controller-22] [0m[INFO] [1775542828.091948631] [main_controller_node]:   Waypoint 5: x=-5.05, y=-1.18[0m
[delivery_robot_main_controller-22] [0m[INFO] [1775542828.099912278] [main_controller_node]: Navigating with 6 goals....[0m
[bt_navigator-15] [INFO] [1775542828.101536506] [bt_navigator]: Begin navigating from current location through 6 poses to (-5.05, -1.18)
[controller_server-11] [INFO] [1775542828.101951240] [local_costmap.local_costmap]: Received request to clear entirely the local_costmap
[controller_server-11] [INFO] [1775542828.111157921] [local_costmap.local_costmap]: KeepoutFilter: Subscribing to "/keepout_costmap_filter_info" topic for filter info...
[controller_server-11] [INFO] [1775542828.118370847] [local_costmap.local_costmap]: KeepoutFilter: Received filter info from /keepout_costmap_filter_info topic.
[controller_server-11] [INFO] [1775542828.118456302] [local_costmap.local_costmap]: KeepoutFilter: Subscribing to "/keepout_filter_mask" topic for filter mask...
[planner_server-13] [INFO] [1775542828.126034089] [global_costmap.global_costmap]: Received request to clear entirely the global_costmap
[controller_server-11] [WARN] [1775542828.129996517] [local_costmap.local_costmap]: KeepoutFilter: New filter mask arrived from /keepout_filter_mask topic. Updating old filter mask.
[delivery_robot_main_controller-22] [0m[INFO] [1775542828.131038602] [main_controller_node]: State change: RETRYING -> MOVE[0m
[planner_server-13] [INFO] [1775542828.143238833] [global_costmap.global_costmap]: KeepoutFilter: Subscribing to "/keepout_costmap_filter_info" topic for filter info...
[localization_monitor-21] [WARN] [1775542828.151594172] [localization_monitor]: No pose update for 77.0s
[planner_server-13] [INFO] [1775542828.155212739] [global_costmap.global_costmap]: KeepoutFilter: Received filter info from /keepout_costmap_filter_info topic.
[planner_server-13] [INFO] [1775542828.155340776] [global_costmap.global_costmap]: KeepoutFilter: Subscribing to "/keepout_filter_mask" topic for filter mask...
[delivery_robot_main_controller-22] [0m[INFO] [1775542828.155378108] [main_controller_node]: Robot is MOVING.[0m
[planner_server-13] [WARN] [1775542828.170537473] [global_costmap.global_costmap]: KeepoutFilter: New filter mask arrived from /keepout_filter_mask topic. Updating old filter mask.
[delivery_robot_main_controller-22] [0m[INFO] [1775542828.284194942] [main_controller_node]: Current state: MOVE, dock_state IDLE, charge_state NOT_CHARGE[0m
[planner_server-13] [WARN] [1775542828.433650177] [planner_server]: Planner loop missed its desired rate of 5.0000 Hz. Current loop rate is 3.5600 Hz
[controller_server-11] [INFO] [1775542828.452821551] [controller_server]: Received a goal, begin computing control effort.
[controller_server-11] [INFO] [1775542828.460120807] [controller_server]: Optimizer reset
[controller_server-11] [INFO] [1775542828.465625509] [controller_server]: Optimizer reset
[controller_server-11] [WARN] [1775542828.465908998] [controller_server]: Optimizer fail to compute path
[controller_server-11] [INFO] [1775542828.559171598] [controller_server]: Optimizer reset
[controller_server-11] [INFO] [1775542828.564314647] [controller_server]: Optimizer reset
[controller_server-11] [WARN] [1775542828.564582095] [controller_server]: Optimizer fail to compute path
[controller_server-11] [INFO] [1775542828.653177336] [controller_server]: Passing new path to controller.
[controller_server-11] [INFO] [1775542828.660102107] [controller_server]: Optimizer reset
[controller_server-11] [INFO] [1775542828.668449280] [controller_server]: Optimizer reset
[controller_server-11] [WARN] [1775542828.668726061] [controller_server]: Optimizer fail to compute path
[controller_server-11] [INFO] [1775542828.753258836] [controller_server]: Passing new path to controller.
[controller_server-11] [INFO] [1775542828.767162334] [controller_server]: Optimizer reset
[controller_server-11] [INFO] [1775542828.771085097] [controller_server]: Optimizer reset
[controller_server-11] [WARN] [1775542828.771323671] [controller_server]: Optimizer fail to compute path
[controller_server-11] [INFO] [1775542828.853140844] [controller_server]: Passing new path to controller.
[controller_server-11] [INFO] [1775542828.855298218] [controller_server]: Optimizer reset
[controller_server-11] [INFO] [1775542828.857036192] [controller_server]: Optimizer reset
[controller_server-11] [WARN] [1775542828.857168020] [controller_server]: Optimizer fail to compute path
[controller_server-11] [INFO] [1775542828.987561834] [controller_server]: Optimizer reset
[controller_server-11] [INFO] [1775542828.999538657] [controller_server]: Optimizer reset
[controller_server-11] [WARN] [1775542829.002141680] [controller_server]: Optimizer fail to compute path
[localization_monitor-1] [WARN] [1775542829.005855035] [localization_monitor]: No pose update for 77.9s
[controller_server-11] [INFO] [1775542829.053176100] [controller_server]: Passing new path to controller.
[controller_server-11] [INFO] [1775542829.056622882] [controller_server]: Optimizer reset
[controller_server-11] [INFO] [1775542829.058083491] [controller_server]: Optimizer reset
[controller_server-11] [WARN] [1775542829.058258484] [controller_server]: Optimizer fail to compute path
[localization_monitor-21] [WARN] [1775542829.149769112] [localization_monitor]: No pose update for 78.0s
[controller_server-11] [INFO] [1775542829.153148813] [controller_server]: Passing new path to controller.
[controller_server-11] [INFO] [1775542829.155635174] [controller_server]: Optimizer reset
[controller_server-11] [INFO] [1775542829.157171322] [controller_server]: Optimizer reset
[controller_server-11] [WARN] [1775542829.157297317] [controller_server]: Optimizer fail to compute path
[delivery_robot_main_controller-22] [0m[INFO] [1775542829.189216068] [main_controller_node]: Current state: MOVE, dock_state IDLE, charge_state NOT_CHARGE[0m
[controller_server-11] [INFO] [1775542829.253144858] [controller_server]: Passing new path to controller.
[controller_server-11] [INFO] [1775542829.255311565] [controller_server]: Optimizer reset
[controller_server-11] [INFO] [1775542829.258412444] [controller_server]: Optimizer reset
[controller_server-11] [WARN] [1775542829.258567313] [controller_server]: Optimizer fail to compute path
[controller_server-11] [INFO] [1775542829.353151403] [controller_server]: Passing new path to controller.
[controller_server-11] [INFO] [1775542829.355789716] [controller_server]: Optimizer reset
[controller_server-11] [INFO] [1775542829.357391487] [controller_server]: Optimizer reset
[controller_server-11] [WARN] [1775542829.357549856] [controller_server]: Optimizer fail to compute path
[controller_server-11] [INFO] [1775542829.455731805] [controller_server]: Optimizer reset
[controller_server-11] [INFO] [1775542829.459317707] [controller_server]: Optimizer reset
[controller_server-11] [WARN] [1775542829.460440288] [controller_server]: Optimizer fail to compute path
[controller_server-11] [ERROR] [1775542829.460561033] [controller_server]: Controller patience exceeded
[controller_server-11] [INFO] [1775542829.463219179] [controller_server]: Optimizer reset
[controller_server-11] [WARN] [1775542829.463300551] [controller_server]: [follow_path] [ActionServer] Aborting handle.
[controller_server-11] [INFO] [1775542829.474253081] [controller_server]: Received a goal, begin computing control effort.
[controller_server-11] [INFO] [1775542829.476013803] [controller_server]: Optimizer reset
[controller_server-11] [INFO] [1775542829.477440873] [controller_server]: Optimizer reset
[controller_server-11] [WARN] [1775542829.477575034] [controller_server]: Optimizer fail to compute path
[controller_server-11] [INFO] [1775542829.577120180] [controller_server]: Optimizer reset
[controller_server-11] [INFO] [1775542829.579552585] [controller_server]: Optimizer reset
[controller_server-11] [WARN] [1775542829.582216273] [controller_server]: Optimizer fail to compute path
[controller_server-11] [INFO] [1775542829.674490745] [controller_server]: Passing new path to controller.
[controller_server-11] [INFO] [1775542829.677512293] [controller_server]: Optimizer reset
[controller_server-11] [INFO] [1775542829.680867787] [controller_server]: Optimizer reset
[controller_server-11] [WARN] [1775542829.681000199] [controller_server]: Optimizer fail to compute path
[controller_server-11] [INFO] [1775542829.774475707] [controller_server]: Passing new path to controller.
[controller_server-11] [INFO] [1775542829.777547420] [controller_server]: Optimizer reset
[controller_server-11] [INFO] [1775542829.779057903] [controller_server]: Optimizer reset
[controller_server-11] [WARN] [1775542829.779207231] [controller_server]: Optimizer fail to compute path
[controller_server-11] [INFO] [1775542829.874520459] [controller_server]: Passing new path to controller.
[controller_server-11] [INFO] [1775542829.878421056] [controller_server]: Optimizer reset
[controller_server-11] [INFO] [1775542829.880408104] [controller_server]: Optimizer reset
[controller_server-11] [WARN] [1775542829.882726763] [controller_server]: Optimizer fail to compute path
[controller_server-11] [INFO] [1775542829.976403222] [controller_server]: Optimizer reset
[controller_server-11] [INFO] [1775542829.977899997] [controller_server]: Optimizer reset
[controller_server-11] [WARN] [1775542829.979007704] [controller_server]: Optimizer fail to compute path
[localization_monitor-1] [WARN] [1775542830.005143514] [localization_monitor]: No pose update for 78.9s
[controller_server-11] [INFO] [1775542830.074961407] [controller_server]: Passing new path to controller.
[controller_server-11] [INFO] [1775542830.077099240] [controller_server]: Optimizer reset
[controller_server-11] [INFO] [1775542830.078716760] [controller_server]: Optimizer reset
[controller_server-11] [WARN] [1775542830.080385320] [controller_server]: Optimizer fail to compute path
[localization_monitor-21] [WARN] [1775542830.149719940] [localization_monitor]: No pose update for 79.0s
[controller_server-11] [INFO] [1775542830.174473596] [controller_server]: Passing new path to controller.
[controller_server-11] [INFO] [1775542830.179552189] [controller_server]: Optimizer reset
[delivery_robot_main_controller-22] [0m[INFO] [1775542830.179575522] [main_controller_node]: Current state: MOVE, dock_state IDLE, charge_state NOT_CHARGE[0m
[controller_server-11] [INFO] [1775542830.182957848] [controller_server]: Optimizer reset
[controller_server-11] [WARN] [1775542830.183096676] [controller_server]: Optimizer fail to compute path
[controller_server-11] [INFO] [1775542830.274489474] [controller_server]: Passing new path to controller.
[controller_server-11] [INFO] [1775542830.281902767] [controller_server]: Optimizer reset
[controller_server-11] [INFO] [1775542830.288246561] [controller_server]: Optimizer reset
[controller_server-11] [WARN] [1775542830.289115693] [controller_server]: Optimizer fail to compute path
[controller_server-11] [INFO] [1775542830.374520518] [controller_server]: Passing new path to controller.
[controller_server-11] [INFO] [1775542830.379022217] [controller_server]: Optimizer reset
[controller_server-11] [INFO] [1775542830.381499245] [controller_server]: Optimizer reset
[controller_server-11] [WARN] [1775542830.381634573] [controller_server]: Optimizer fail to compute path
[controller_server-11] [INFO] [1775542830.476110168] [controller_server]: Optimizer reset
[controller_server-11] [INFO] [1775542830.479432413] [controller_server]: Optimizer reset
[controller_server-11] [WARN] [1775542830.479725235] [controller_server]: Optimizer fail to compute path
[controller_server-11] [ERROR] [1775542830.480393125] [controller_server]: Controller patience exceeded
[controller_server-11] [INFO] [1775542830.481915857] [controller_server]: Optimizer reset
[controller_server-11] [WARN] [1775542830.482001020] [controller_server]: [follow_path] [ActionServer] Aborting handle.
[bt_navigator-15] [WARN] [1775542830.491928382] [bt_navigator]: [navigate_through_poses] [ActionServer] Aborting handle.
[bt_navigator-15] [ERROR] [1775542830.492947134] [bt_navigator]: Goal failed
[delivery_robot_main_controller-22] [33m[WARN] [1775542830.513614117] [main_controller_node]: Goal failed! (obstacle retry 6/5)[0m
[delivery_robot_main_controller-22] [33m[WARN] [1775542830.520159736] [main_controller_node]: 5 obstacle retries exhausted; switching to SAFE_STOP.[0m
[delivery_robot_main_controller-22] [0m[INFO] [1775542830.524200327] [main_controller_node]: State change: MOVE -> SAFE_STOP[0m
[delivery_robot_main_controller-22] [0m[INFO] [1775542830.538134449] [main_controller_node]: Robot is in SAFE_STOP. Awaiting user to switch to STANDBY.[0m
[delivery_robot_main_controller-22] [0m[INFO] [1775542830.543508489] [main_controller_node]: Robot is in SAFE_STOP. Awaiting user to switch to STANDBY.[0m
[localization_monitor-1] [WARN] [1775542831.005228212] [localization_monitor]: No pose update for 79.9s
[localization_monitor-21] [WARN] [1775542831.149818637] [localization_monitor]: No pose update for 80.0s
[delivery_robot_main_controller-22] [0m[INFO] [1775542831.182690809] [main_controller_node]: Current state: SAFE_STOP, dock_state IDLE, charge_state NOT_CHARGE[0m
[robot_sound-23] [0m[INFO] [1775542831.612834477] [robot_sound_node]: 🔔 Received sound command: safe_stop[0m
[delivery_robot_main_controller-22] [0m[INFO] [1775542831.613747650] [main_controller_node]: Published message: "safe_stop"[0m
[robot_sound-23] amixer: Unable to find simple control 'PCM',0
[robot_sound-23] 
[robot_sound-23] [0m[INFO] [1775542831.642160704] [robot_sound_node]: 🔊 Playing sound: /home/smr/workspaces/mini_amr/amrROS2_ws/sounds/robot_safestop.wav[0m
[robot_sound-23] Playing WAVE '/home/smr/workspaces/mini_amr/amrROS2_ws/sounds/robot_safestop.wav' : Signed 16 bit Little Endian, Rate 22050 Hz, Mono
[localization_monitor-1] [WARN] [1775542832.007380163] [localization_monitor]: No pose update for 80.9s
[localization_monitor-21] [WARN] [1775542832.149806214] [localization_monitor]: No pose update for 81.0s
[delivery_robot_main_controller-22] [0m[INFO] [1775542832.191495416] [main_controller_node]: Current state: SAFE_STOP, dock_state IDLE, charge_state NOT_CHARGE[0m
[localization_monitor-1] [WARN] [1775542833.005211824] [localization_monitor]: No pose update for 81.9s
[localization_monitor-21] [WARN] [1775542833.149746835] [localization_monitor]: No pose update for 82.0s
[delivery_robot_main_controller-22] [0m[INFO] [1775542833.204195954] [main_controller_node]: Current state: SAFE_STOP, dock_state IDLE, charge_state NOT_CHARGE[0m
[localization_monitor-1] [WARN] [1775542834.005263273] [localization_monitor]: No pose update for 82.9s
[localization_monitor-21] [WARN] [1775542834.149768535] [localization_monitor]: No pose update for 83.0s
[delivery_robot_main_controller-22] [0m[INFO] [1775542834.201679087] [main_controller_node]: Current state: SAFE_STOP, dock_state IDLE, charge_state NOT_CHARGE[0m
[localization_monitor-1] [WARN] [1775542835.005228392] [localization_monitor]: No pose update for 83.9s
[localization_monitor-21] [WARN] [1775542835.149974270] [localization_monitor]: No pose update for 84.0s
[delivery_robot_main_controller-22] [0m[INFO] [1775542835.233072101] [main_controller_node]: Current state: SAFE_STOP, dock_state IDLE, charge_state NOT_CHARGE[0m
[delivery_robot_main_controller-22] [0m[INFO] [1775542835.562829781] [main_controller_node]: SAFE_STOP cleared to STANDBY via API/GUI.[0m
[delivery_robot_main_controller-22] [0m[INFO] [1775542835.572076127] [main_controller_node]: Pre-resume: waiting 3 seconds before wiggle...[0m
[delivery_robot_main_controller-22] [0m[INFO] [1775542835.876162019] [main_controller_node]: Pre-resume: clearing local/global costmaps.[0m
[controller_server-11] [INFO] [1775542835.878902412] [local_costmap.local_costmap]: Received request to clear entirely the local_costmap
[controller_server-11] [INFO] [1775542835.896430601] [local_costmap.local_costmap]: KeepoutFilter: Subscribing to "/keepout_costmap_filter_info" topic for filter info...
[controller_server-11] [INFO] [1775542835.912803544] [local_costmap.local_costmap]: KeepoutFilter: Received filter info from /keepout_costmap_filter_info topic.
[controller_server-11] [INFO] [1775542835.913428853] [local_costmap.local_costmap]: KeepoutFilter: Subscribing to "/keepout_filter_mask" topic for filter mask...
[controller_server-11] [WARN] [1775542835.918793851] [local_costmap.local_costmap]: KeepoutFilter: New filter mask arrived from /keepout_filter_mask topic. Updating old filter mask.
[planner_server-13] [INFO] [1775542835.920113591] [global_costmap.global_costmap]: Received request to clear entirely the global_costmap
[planner_server-13] [INFO] [1775542835.930567682] [global_costmap.global_costmap]: KeepoutFilter: Subscribing to "/keepout_costmap_filter_info" topic for filter info...
[planner_server-13] [INFO] [1775542835.942571921] [global_costmap.global_costmap]: KeepoutFilter: Received filter info from /keepout_costmap_filter_info topic.
[planner_server-13] [INFO] [1775542835.942734956] [global_costmap.global_costmap]: KeepoutFilter: Subscribing to "/keepout_filter_mask" topic for filter mask...
[planner_server-13] [WARN] [1775542835.955431292] [global_costmap.global_costmap]: KeepoutFilter: New filter mask arrived from /keepout_filter_mask topic. Updating old filter mask.
[localization_monitor-1] [WARN] [1775542836.007634375] [localization_monitor]: No pose update for 84.9s
[localization_monitor-21] [WARN] [1775542836.149929473] [localization_monitor]: No pose update for 85.0s
[delivery_robot_main_controller-22] [0m[INFO] [1775542836.164417739] [main_controller_node]: Current state: SAFE_STOP, dock_state IDLE, charge_state NOT_CHARGE[0m
[delivery_robot_main_controller-22] [0m[INFO] [1775542836.945707624] [main_controller_node]: Pre-resume wiggle complete. Switching to STANDBY.[0m
[delivery_robot_main_controller-22] [0m[INFO] [1775542836.947752128] [main_controller_node]: State change: SAFE_STOP -> STANDBY[0m
[delivery_robot_main_controller-22] [0m[INFO] [1775542836.957742778] [main_controller_node]: Robot is in STANDBY mode.[0m
[localization_monitor-1] [WARN] [1775542837.007349837] [localization_monitor]: No pose update for 85.9s
[localization_monitor-21] [WARN] [1775542837.149733697] [localization_monitor]: No pose update for 86.0s
[delivery_robot_main_controller-22] [0m[INFO] [1775542837.228674722] [main_controller_node]: Current state: STANDBY, dock_state IDLE, charge_state NOT_CHARGE[0m
[delivery_robot_main_controller-22] [0m[INFO] [1775542837.339949176] [main_controller_node]: 1 pending queues [0m
[delivery_robot_main_controller-22] [0m[INFO] [1775542837.341001758] [main_controller_node]: Queue action: Request[0m
[delivery_robot_main_controller-22] [0m[INFO] [1775542837.376317941] [main_controller_node]: AGV start_pos: x=-4.37, y=0.01[0m
[delivery_robot_main_controller-22] [0m[INFO] [1775542837.376929832] [main_controller_node]: AGV goal_pos: x=-5.05, y=-1.18[0m
[delivery_robot_main_controller-22] [0m[INFO] [1775542837.378001955] [main_controller_node]: Path source: database routes[0m
[delivery_robot_main_controller-22] [0m[INFO] [1775542837.397274793] [main_controller_node]: Computed AGV path waypoints:[0m
[delivery_robot_main_controller-22] [0m[INFO] [1775542837.398047095] [main_controller_node]:   Waypoint 0: x=-4.37, y=0.01[0m
[delivery_robot_main_controller-22] [0m[INFO] [1775542837.398789648] [main_controller_node]:   Waypoint 1: x=-4.15, y=0.25[0m
[delivery_robot_main_controller-22] [0m[INFO] [1775542837.399516160] [main_controller_node]:   Waypoint 2: x=-4.37, y=-0.11[0m
[delivery_robot_main_controller-22] [0m[INFO] [1775542837.400243255] [main_controller_node]:   Waypoint 3: x=-4.60, y=-0.46[0m
[delivery_robot_main_controller-22] [0m[INFO] [1775542837.402594867] [main_controller_node]:   Waypoint 4: x=-4.83, y=-0.82[0m
[delivery_robot_main_controller-22] [0m[INFO] [1775542837.403349378] [main_controller_node]:   Waypoint 5: x=-5.05, y=-1.18[0m
[delivery_robot_main_controller-22] [0m[INFO] [1775542837.406629911] [main_controller_node]: Navigating with 6 goals....[0m
[bt_navigator-15] [INFO] [1775542837.408881194] [bt_navigator]: Begin navigating from current location through 6 poses to (-5.05, -1.18)
[delivery_robot_main_controller-22] [0m[INFO] [1775542837.410558208] [main_controller_node]: State change: STANDBY -> MOVE[0m
[controller_server-11] [INFO] [1775542837.409934067] [local_costmap.local_costmap]: Received request to clear entirely the local_costmap
[controller_server-11] [INFO] [1775542837.420862371] [local_costmap.local_costmap]: KeepoutFilter: Subscribing to "/keepout_costmap_filter_info" topic for filter info...
[controller_server-11] [INFO] [1775542837.429927000] [local_costmap.local_costmap]: KeepoutFilter: Received filter info from /keepout_costmap_filter_info topic.
[controller_server-11] [INFO] [1775542837.430296819] [local_costmap.local_costmap]: KeepoutFilter: Subscribing to "/keepout_filter_mask" topic for filter mask...
[delivery_robot_main_controller-22] [0m[INFO] [1775542837.440711518] [main_controller_node]: Robot is MOVING.[0m
[controller_server-11] [WARN] [1775542837.438182580] [local_costmap.local_costmap]: KeepoutFilter: New filter mask arrived from /keepout_filter_mask topic. Updating old filter mask.
[planner_server-13] [INFO] [1775542837.438373905] [global_costmap.global_costmap]: Received request to clear entirely the global_costmap
[planner_server-13] [INFO] [1775542837.447436202] [global_costmap.global_costmap]: KeepoutFilter: Subscribing to "/keepout_costmap_filter_info" topic for filter info...
[planner_server-13] [INFO] [1775542837.458644202] [global_costmap.global_costmap]: KeepoutFilter: Received filter info from /keepout_costmap_filter_info topic.
[planner_server-13] [INFO] [1775542837.458778072] [global_costmap.global_costmap]: KeepoutFilter: Subscribing to "/keepout_filter_mask" topic for filter mask...
[planner_server-13] [WARN] [1775542837.472097653] [global_costmap.global_costmap]: KeepoutFilter: New filter mask arrived from /keepout_filter_mask topic. Updating old filter mask.
[planner_server-13] [WARN] [1775542837.932866662] [planner_server]: Planner loop missed its desired rate of 5.0000 Hz. Current loop rate is 2.1119 Hz
[controller_server-11] [INFO] [1775542837.951350865] [controller_server]: Received a goal, begin computing control effort.
[controller_server-11] [INFO] [1775542837.958373328] [controller_server]: Optimizer reset
[controller_server-11] [INFO] [1775542837.963547575] [controller_server]: Optimizer reset
[controller_server-11] [WARN] [1775542837.963889395] [controller_server]: Optimizer fail to compute path
[localization_monitor-1] [WARN] [1775542838.005186249] [localization_monitor]: No pose update for 86.9s
[controller_server-11] [INFO] [1775542838.057834015] [controller_server]: Optimizer reset
[controller_server-11] [INFO] [1775542838.063083509] [controller_server]: Optimizer reset
[controller_server-11] [WARN] [1775542838.063337540] [controller_server]: Optimizer fail to compute path
[localization_monitor-21] [WARN] [1775542838.150065747] [localization_monitor]: No pose update for 87.0s
[controller_server-11] [INFO] [1775542838.151864090] [controller_server]: Passing new path to controller.
[controller_server-11] [INFO] [1775542838.159937385] [controller_server]: Optimizer reset
[controller_server-11] [INFO] [1775542838.165158005] [controller_server]: Optimizer reset
[controller_server-11] [WARN] [1775542838.165501575] [controller_server]: Optimizer fail to compute path
[controller_server-11] [INFO] [1775542838.251822923] [controller_server]: Passing new path to controller.
[controller_server-11] [INFO] [1775542838.258444653] [controller_server]: Optimizer reset
[controller_server-11] [INFO] [1775542838.263589151] [controller_server]: Optimizer reset
[controller_server-11] [WARN] [1775542838.263874972] [controller_server]: Optimizer fail to compute path
[controller_server-11] [INFO] [1775542838.351838045] [controller_server]: Passing new path to controller.
[controller_server-11] [INFO] [1775542838.359143122] [controller_server]: Optimizer reset
[controller_server-11] [INFO] [1775542838.365431198] [controller_server]: Optimizer reset
[controller_server-11] [WARN] [1775542838.365775643] [controller_server]: Optimizer fail to compute path
[controller_server-11] [INFO] [1775542838.451818461] [controller_server]: Passing new path to controller.
[controller_server-11] [INFO] [1775542838.458699471] [controller_server]: Optimizer reset
[controller_server-11] [INFO] [1775542838.464112000] [controller_server]: Optimizer reset
[controller_server-11] [WARN] [1775542838.464366323] [controller_server]: Optimizer fail to compute path
[controller_server-11] [INFO] [1775542838.557877253] [controller_server]: Optimizer reset
[controller_server-11] [INFO] [1775542838.563295907] [controller_server]: Optimizer reset
[controller_server-11] [WARN] [1775542838.565602604] [controller_server]: Optimizer fail to compute path
[controller_server-11] [INFO] [1775542838.651834706] [controller_server]: Passing new path to controller.
[controller_server-11] [INFO] [1775542838.660218030] [controller_server]: Optimizer reset
[controller_server-11] [INFO] [1775542838.663753761] [controller_server]: Optimizer reset
[controller_server-11] [WARN] [1775542838.663932545] [controller_server]: Optimizer fail to compute path
[controller_server-11] [INFO] [1775542838.751800830] [controller_server]: Passing new path to controller.
[controller_server-11] [INFO] [1775542838.753804790] [controller_server]: Optimizer reset
[controller_server-11] [INFO] [1775542838.756258773] [controller_server]: Optimizer reset
[controller_server-11] [WARN] [1775542838.756403434] [controller_server]: Optimizer fail to compute path
[controller_server-11] [INFO] [1775542838.851803703] [controller_server]: Passing new path to controller.
[controller_server-11] [INFO] [1775542838.853788414] [controller_server]: Optimizer reset
[controller_server-11] [INFO] [1775542838.855257771] [controller_server]: Optimizer reset
[controller_server-11] [WARN] [1775542838.855430430] [controller_server]: Optimizer fail to compute path
[controller_server-11] [INFO] [1775542838.953425843] [controller_server]: Optimizer reset
[controller_server-11] [INFO] [1775542838.954941573] [controller_server]: Optimizer reset
[controller_server-11] [WARN] [1775542838.955089442] [controller_server]: Optimizer fail to compute path
[controller_server-11] [ERROR] [1775542838.955163522] [controller_server]: Controller patience exceeded
[controller_server-11] [INFO] [1775542838.956329266] [controller_server]: Optimizer reset
[controller_server-11] [WARN] [1775542838.956721542] [controller_server]: [follow_path] [ActionServer] Aborting handle.
[controller_server-11] [INFO] [1775542838.961604134] [controller_server]: Received a goal, begin computing control effort.
[controller_server-11] [INFO] [1775542838.974527940] [controller_server]: Optimizer reset
[controller_server-11] [INFO] [1775542838.977075835] [controller_server]: Optimizer reset
[controller_server-11] [WARN] [1775542838.978434655] [controller_server]: Optimizer fail to compute path
[localization_monitor-1] [WARN] [1775542839.005334264] [localization_monitor]: No pose update for 87.9s
[controller_server-11] [INFO] [1775542839.074629683] [controller_server]: Optimizer reset
[controller_server-11] [INFO] [1775542839.076213660] [controller_server]: Optimizer reset
[controller_server-11] [WARN] [1775542839.076339072] [controller_server]: Optimizer fail to compute path
[localization_monitor-21] [WARN] [1775542839.149940482] [localization_monitor]: No pose update for 88.0s
[controller_server-11] [INFO] [1775542839.162878870] [controller_server]: Passing new path to controller.
[controller_server-11] [INFO] [1775542839.171116075] [controller_server]: Optimizer reset
[controller_server-11] [INFO] [1775542839.176532395] [controller_server]: Optimizer reset
[controller_server-11] [WARN] [1775542839.176674139] [controller_server]: Optimizer fail to compute path
[controller_server-11] [INFO] [1775542839.262907700] [controller_server]: Passing new path to controller.
[controller_server-11] [INFO] [1775542839.280017043] [controller_server]: Optimizer reset
[controller_server-11] [INFO] [1775542839.286003256] [controller_server]: Optimizer reset
[controller_server-11] [WARN] [1775542839.286353825] [controller_server]: Optimizer fail to compute path
[controller_server-11] [INFO] [1775542839.362887240] [controller_server]: Passing new path to controller.
[controller_server-11] [INFO] [1775542839.370725462] [controller_server]: Optimizer reset
[controller_server-11] [INFO] [1775542839.378205823] [controller_server]: Optimizer reset
[controller_server-11] [WARN] [1775542839.378591099] [controller_server]: Optimizer fail to compute path
[controller_server-11] [INFO] [1775542839.465859159] [controller_server]: Optimizer reset
[controller_server-11] [INFO] [1775542839.469008447] [controller_server]: Optimizer reset
[controller_server-11] [WARN] [1775542839.473462015] [controller_server]: Optimizer fail to compute path
[controller_server-11] [INFO] [1775542839.562848071] [controller_server]: Passing new path to controller.
[controller_server-11] [INFO] [1775542839.575140444] [controller_server]: Optimizer reset
[controller_server-11] [INFO] [1775542839.578418643] [controller_server]: Optimizer reset
[controller_server-11] [WARN] [1775542839.578875083] [controller_server]: Optimizer fail to compute path
[controller_server-11] [INFO] [1775542839.662856194] [controller_server]: Passing new path to controller.
[controller_server-11] [INFO] [1775542839.664804448] [controller_server]: Optimizer reset
[controller_server-11] [INFO] [1775542839.667242098] [controller_server]: Optimizer reset
[controller_server-11] [WARN] [1775542839.669502422] [controller_server]: Optimizer fail to compute path
[controller_server-11] [INFO] [1775542839.762840984] [controller_server]: Passing new path to controller.
[controller_server-11] [INFO] [1775542839.766147474] [controller_server]: Optimizer reset
[controller_server-11] [INFO] [1775542839.767659412] [controller_server]: Optimizer reset
[controller_server-11] [WARN] [1775542839.770272639] [controller_server]: Optimizer fail to compute path
[controller_server-11] [INFO] [1775542839.862844149] [controller_server]: Passing new path to controller.
[controller_server-11] [INFO] [1775542839.876311015] [controller_server]: Optimizer reset
[controller_server-11] [INFO] [1775542839.878443886] [controller_server]: Optimizer reset
[controller_server-11] [WARN] [1775542839.879309226] [controller_server]: Optimizer fail to compute path
[controller_server-11] [INFO] [1775542839.976358803] [controller_server]: Optimizer reset
[controller_server-11] [INFO] [1775542839.978538339] [controller_server]: Optimizer reset
[controller_server-11] [WARN] [1775542839.979678709] [controller_server]: Optimizer fail to compute path
[controller_server-11] [ERROR] [1775542839.979826578] [controller_server]: Controller patience exceeded
[controller_server-11] [INFO] [1775542839.980428262] [controller_server]: Optimizer reset
[controller_server-11] [WARN] [1775542839.980485717] [controller_server]: [follow_path] [ActionServer] Aborting handle.
[bt_navigator-15] [WARN] [1775542839.990465268] [bt_navigator]: [navigate_through_poses] [ActionServer] Aborting handle.
[bt_navigator-15] [ERROR] [1775542839.990737382] [bt_navigator]: Goal failed
[delivery_robot_main_controller-22] [33m[WARN] [1775542839.996934171] [main_controller_node]: Goal failed! (obstacle retry 1/5)[0m
[delivery_robot_main_controller-22] [0m[INFO] [1775542839.998187411] [main_controller_node]: Published message: "obstacle_alert"[0m
[robot_sound-23] [0m[INFO] [1775542840.000351198] [robot_sound_node]: 🔔 Received sound command: obstacle_alert[0m
[delivery_robot_main_controller-22] [0m[INFO] [1775542840.001497401] [main_controller_node]: State change: MOVE -> RETRYING[0m
[localization_monitor-1] [WARN] [1775542840.005431240] [localization_monitor]: No pose update for 88.9s
[robot_sound-23] amixer: Unable to find simple control 'PCM',0
[robot_sound-23] 
[robot_sound-23] [0m[INFO] [1775542840.036616424] [robot_sound_node]: 🔊 Playing sound: /home/smr/workspaces/mini_amr/amrROS2_ws/sounds/robot_obstacle.wav[0m
[delivery_robot_main_controller-22] [0m[INFO] [1775542840.048240908] [main_controller_node]: Current state: RETRYING, dock_state IDLE, charge_state NOT_CHARGE[0m
[delivery_robot_main_controller-22] [0m[INFO] [1775542840.048905006] [main_controller_node]: RETRYING: re-sending goal x=-5.05 y=-1.18 yaw=0.00 mode=agv[0m
[delivery_robot_main_controller-22] [0m[INFO] [1775542840.058807559] [main_controller_node]: AGV start_pos: x=-4.37, y=0.01[0m
[delivery_robot_main_controller-22] [0m[INFO] [1775542840.059459991] [main_controller_node]: AGV goal_pos: x=-5.05, y=-1.18[0m
[delivery_robot_main_controller-22] [0m[INFO] [1775542840.060464450] [main_controller_node]: Path source: database routes[0m
[robot_sound-23] Playing WAVE '/home/smr/workspaces/mini_amr/amrROS2_ws/sounds/robot_obstacle.wav' : Signed 16 bit Little Endian, Rate 44100 Hz, Mono
[delivery_robot_main_controller-22] [0m[INFO] [1775542840.087528553] [main_controller_node]: Computed AGV path waypoints:[0m
[delivery_robot_main_controller-22] [0m[INFO] [1775542840.088438224] [main_controller_node]:   Waypoint 0: x=-4.37, y=0.01[0m
[delivery_robot_main_controller-22] [0m[INFO] [1775542840.092481725] [main_controller_node]:   Waypoint 1: x=-4.15, y=0.25[0m
[delivery_robot_main_controller-22] [0m[INFO] [1775542840.096926544] [main_controller_node]:   Waypoint 2: x=-4.37, y=-0.11[0m
[delivery_robot_main_controller-22] [0m[INFO] [1775542840.098255323] [main_controller_node]:   Waypoint 3: x=-4.60, y=-0.46[0m
[delivery_robot_main_controller-22] [0m[INFO] [1775542840.103079584] [main_controller_node]:   Waypoint 4: x=-4.83, y=-0.82[0m
[delivery_robot_main_controller-22] [0m[INFO] [1775542840.108855223] [main_controller_node]:   Waypoint 5: x=-5.05, y=-1.18[0m
[delivery_robot_main_controller-22] [0m[INFO] [1775542840.115843271] [main_controller_node]: Navigating with 6 goals....[0m
[bt_navigator-15] [INFO] [1775542840.117373875] [bt_navigator]: Begin navigating from current location through 6 poses to (-5.05, -1.18)
[controller_server-11] [INFO] [1775542840.118003558] [local_costmap.local_costmap]: Received request to clear entirely the local_costmap
[controller_server-11] [INFO] [1775542840.124775489] [local_costmap.local_costmap]: KeepoutFilter: Subscribing to "/keepout_costmap_filter_info" topic for filter info...
[controller_server-11] [INFO] [1775542840.130751204] [local_costmap.local_costmap]: KeepoutFilter: Received filter info from /keepout_costmap_filter_info topic.
[controller_server-11] [INFO] [1775542840.130932321] [local_costmap.local_costmap]: KeepoutFilter: Subscribing to "/keepout_filter_mask" topic for filter mask...
[planner_server-13] [INFO] [1775542840.132140938] [global_costmap.global_costmap]: Received request to clear entirely the global_costmap
[delivery_robot_main_controller-22] [0m[INFO] [1775542840.139644340] [main_controller_node]: State change: RETRYING -> MOVE[0m
[controller_server-11] [WARN] [1775542840.143657801] [local_costmap.local_costmap]: KeepoutFilter: New filter mask arrived from /keepout_filter_mask topic. Updating old filter mask.
[planner_server-13] [INFO] [1775542840.144328316] [global_costmap.global_costmap]: KeepoutFilter: Subscribing to "/keepout_costmap_filter_info" topic for filter info...
[localization_monitor-21] [WARN] [1775542840.152595853] [localization_monitor]: No pose update for 89.0s
[planner_server-13] [INFO] [1775542840.157029880] [global_costmap.global_costmap]: KeepoutFilter: Received filter info from /keepout_costmap_filter_info topic.
[planner_server-13] [INFO] [1775542840.157159666] [global_costmap.global_costmap]: KeepoutFilter: Subscribing to "/keepout_filter_mask" topic for filter mask...
[delivery_robot_main_controller-22] [0m[INFO] [1775542840.179187766] [main_controller_node]: Robot is MOVING.[0m
[planner_server-13] [WARN] [1775542840.176953983] [global_costmap.global_costmap]: KeepoutFilter: New filter mask arrived from /keepout_filter_mask topic. Updating old filter mask.
[delivery_robot_main_controller-22] [0m[INFO] [1775542840.225991938] [main_controller_node]: Current state: MOVE, dock_state IDLE, charge_state NOT_CHARGE[0m
[planner_server-13] [WARN] [1775542840.431676785] [planner_server]: Planner loop missed its desired rate of 5.0000 Hz. Current loop rate is 3.7993 Hz
[controller_server-11] [INFO] [1775542840.450464309] [controller_server]: Received a goal, begin computing control effort.
[controller_server-11] [INFO] [1775542840.458090206] [controller_server]: Optimizer reset
[controller_server-11] [INFO] [1775542840.463667519] [controller_server]: Optimizer reset
[controller_server-11] [WARN] [1775542840.464085461] [controller_server]: Optimizer fail to compute path
[controller_server-11] [INFO] [1775542840.557390482] [controller_server]: Optimizer reset
[controller_server-11] [INFO] [1775542840.563923840] [controller_server]: Optimizer reset
[controller_server-11] [WARN] [1775542840.564232703] [controller_server]: Optimizer fail to compute path
[controller_server-11] [INFO] [1775542840.650803416] [controller_server]: Passing new path to controller.
[controller_server-11] [INFO] [1775542840.658534017] [controller_server]: Optimizer reset
[controller_server-11] [INFO] [1775542840.664216035] [controller_server]: Optimizer reset
[controller_server-11] [WARN] [1775542840.664484065] [controller_server]: Optimizer fail to compute path
[controller_server-11] [INFO] [1775542840.750813288] [controller_server]: Passing new path to controller.
[controller_server-11] [INFO] [1775542840.757406436] [controller_server]: Optimizer reset
[controller_server-11] [INFO] [1775542840.772261579] [controller_server]: Optimizer reset
[controller_server-11] [WARN] [1775542840.773663855] [controller_server]: Optimizer fail to compute path
[controller_server-11] [INFO] [1775542840.850806828] [controller_server]: Passing new path to controller.
[controller_server-11] [INFO] [1775542840.857642632] [controller_server]: Optimizer reset
[controller_server-11] [INFO] [1775542840.863533475] [controller_server]: Optimizer reset
[controller_server-11] [WARN] [1775542840.863796256] [controller_server]: Optimizer fail to compute path
[controller_server-11] [INFO] [1775542840.950806493] [controller_server]: Passing new path to controller.
[controller_server-11] [INFO] [1775542840.978319744] [controller_server]: Optimizer reset
[controller_server-11] [INFO] [1775542840.984296333] [controller_server]: Optimizer reset
[controller_server-11] [WARN] [1775542840.985547532] [controller_server]: Optimizer fail to compute path
[localization_monitor-1] [WARN] [1775542841.005128940] [localization_monitor]: No pose update for 89.9s
[controller_server-11] [INFO] [1775542841.052417842] [controller_server]: Optimizer reset
[controller_server-11] [INFO] [1775542841.055115648] [controller_server]: Optimizer reset
[controller_server-11] [WARN] [1775542841.055994404] [controller_server]: Optimizer fail to compute path
[localization_monitor-21] [WARN] [1775542841.149640370] [localization_monitor]: No pose update for 90.0s
[controller_server-11] [INFO] [1775542841.150775199] [controller_server]: Passing new path to controller.
[controller_server-11] [INFO] [1775542841.152840989] [controller_server]: Optimizer reset
[controller_server-11] [INFO] [1775542841.154306554] [controller_server]: Optimizer reset
[controller_server-11] [WARN] [1775542841.154426424] [controller_server]: Optimizer fail to compute path
[controller_server-11] [INFO] [1775542841.250773988] [controller_server]: Passing new path to controller.
[controller_server-11] [INFO] [1775542841.252723992] [controller_server]: Optimizer reset
[controller_server-11] [INFO] [1775542841.254209973] [controller_server]: Optimizer reset
[controller_server-11] [WARN] [1775542841.254362508] [controller_server]: Optimizer fail to compute path
[delivery_robot_main_controller-22] [0m[INFO] [1775542841.302832028] [main_controller_node]: Current state: MOVE, dock_state IDLE, charge_state NOT_CHARGE[0m
[controller_server-11] [INFO] [1775542841.350772486] [controller_server]: Passing new path to controller.
[controller_server-11] [INFO] [1775542841.352727448] [controller_server]: Optimizer reset
[controller_server-11] [INFO] [1775542841.354166473] [controller_server]: Optimizer reset
[controller_server-11] [WARN] [1775542841.354273802] [controller_server]: Optimizer fail to compute path
[controller_server-11] [INFO] [1775542841.452410959] [controller_server]: Optimizer reset
[controller_server-11] [INFO] [1775542841.453856400] [controller_server]: Optimizer reset
[controller_server-11] [WARN] [1775542841.453976270] [controller_server]: Optimizer fail to compute path
[controller_server-11] [ERROR] [1775542841.454172845] [controller_server]: Controller patience exceeded
[controller_server-11] [INFO] [1775542841.455055976] [controller_server]: Optimizer reset
[controller_server-11] [WARN] [1775542841.455344422] [controller_server]: [follow_path] [ActionServer] Aborting handle.
[controller_server-11] [INFO] [1775542841.461129394] [controller_server]: Received a goal, begin computing control effort.
[controller_server-11] [INFO] [1775542841.478073077] [controller_server]: Optimizer reset
[controller_server-11] [INFO] [1775542841.483493772] [controller_server]: Optimizer reset
[controller_server-11] [WARN] [1775542841.483795343] [controller_server]: Optimizer fail to compute path
[controller_server-11] [INFO] [1775542841.563837365] [controller_server]: Optimizer reset
[controller_server-11] [INFO] [1775542841.565298264] [controller_server]: Optimizer reset
[controller_server-11] [WARN] [1775542841.565439716] [controller_server]: Optimizer fail to compute path
[controller_server-11] [INFO] [1775542841.661911525] [controller_server]: Passing new path to controller.
[controller_server-11] [INFO] [1775542841.679944538] [controller_server]: Optimizer reset
[controller_server-11] [INFO] [1775542841.686223574] [controller_server]: Optimizer reset
[controller_server-11] [WARN] [1775542841.688350612] [controller_server]: Optimizer fail to compute path
[controller_server-11] [INFO] [1775542841.762306965] [controller_server]: Passing new path to controller.
[controller_server-11] [INFO] [1775542841.775510467] [controller_server]: Optimizer reset
[controller_server-11] [INFO] [1775542841.776950075] [controller_server]: Optimizer reset
[controller_server-11] [WARN] [1775542841.777096778] [controller_server]: Optimizer fail to compute path
[controller_server-11] [INFO] [1775542841.861962769] [controller_server]: Passing new path to controller.
[controller_server-11] [INFO] [1775542841.880472054] [controller_server]: Optimizer reset
[controller_server-11] [INFO] [1775542841.883028408] [controller_server]: Optimizer reset
[controller_server-11] [WARN] [1775542841.884269108] [controller_server]: Optimizer fail to compute path
[controller_server-11] [INFO] [1775542841.974074272] [controller_server]: Optimizer reset
[controller_server-11] [INFO] [1775542841.977635668] [controller_server]: Optimizer reset
[controller_server-11] [WARN] [1775542841.977782079] [controller_server]: Optimizer fail to compute path
[localization_monitor-1] [WARN] [1775542842.005114796] [localization_monitor]: No pose update for 90.9s
[controller_server-11] [INFO] [1775542842.061928558] [controller_server]: Passing new path to controller.
[controller_server-11] [INFO] [1775542842.074733660] [controller_server]: Optimizer reset
[controller_server-11] [INFO] [1775542842.078181019] [controller_server]: Optimizer reset
[controller_server-11] [WARN] [1775542842.080981196] [controller_server]: Optimizer fail to compute path
[localization_monitor-21] [WARN] [1775542842.150123788] [localization_monitor]: No pose update for 91.0s
[controller_server-11] [INFO] [1775542842.161943972] [controller_server]: Passing new path to controller.
[controller_server-11] [INFO] [1775542842.174103933] [controller_server]: Optimizer reset
[controller_server-11] [INFO] [1775542842.176510085] [controller_server]: Optimizer reset
[controller_server-11] [WARN] [1775542842.179092396] [controller_server]: Optimizer fail to compute path
[controller_server-11] [INFO] [1775542842.262613568] [controller_server]: Passing new path to controller.
[controller_server-11] [INFO] [1775542842.276211970] [controller_server]: Optimizer reset
[controller_server-11] [INFO] [1775542842.277794489] [controller_server]: Optimizer reset
[controller_server-11] [WARN] [1775542842.278004772] [controller_server]: Optimizer fail to compute path
[delivery_robot_main_controller-22] [0m[INFO] [1775542842.291732961] [main_controller_node]: Current state: MOVE, dock_state IDLE, charge_state NOT_CHARGE[0m
[controller_server-11] [INFO] [1775542842.361964884] [controller_server]: Passing new path to controller.
[controller_server-11] [INFO] [1775542842.381070020] [controller_server]: Optimizer reset
[controller_server-11] [INFO] [1775542842.393590467] [controller_server]: Optimizer reset
[controller_server-11] [WARN] [1775542842.396641467] [controller_server]: Optimizer fail to compute path
[controller_server-11] [INFO] [1775542842.474053929] [controller_server]: Optimizer reset
[controller_server-11] [INFO] [1775542842.475765943] [controller_server]: Optimizer reset
[controller_server-11] [WARN] [1775542842.475890188] [controller_server]: Optimizer fail to compute path
[controller_server-11] [ERROR] [1775542842.476420708] [controller_server]: Controller patience exceeded
[controller_server-11] [INFO] [1775542842.477032599] [controller_server]: Optimizer reset
[controller_server-11] [WARN] [1775542842.477285756] [controller_server]: [follow_path] [ActionServer] Aborting handle.
[controller_server-11] [INFO] [1775542842.481646869] [controller_server]: Received a goal, begin computing control effort.
[controller_server-11] [INFO] [1775542842.489189353] [controller_server]: Optimizer reset
[controller_server-11] [INFO] [1775542842.491305600] [controller_server]: Optimizer reset
[controller_server-11] [WARN] [1775542842.491447927] [controller_server]: Optimizer fail to compute path
[controller_server-11] [INFO] [1775542842.583914733] [controller_server]: Optimizer reset
[controller_server-11] [INFO] [1775542842.585381465] [controller_server]: Optimizer reset
[controller_server-11] [WARN] [1775542842.585508918] [controller_server]: Optimizer fail to compute path
[controller_server-11] [INFO] [1775542842.682282006] [controller_server]: Passing new path to controller.
[controller_server-11] [INFO] [1775542842.684787904] [controller_server]: Optimizer reset
[controller_server-11] [INFO] [1775542842.686801196] [controller_server]: Optimizer reset
[controller_server-11] [WARN] [1775542842.686940607] [controller_server]: Optimizer fail to compute path
[controller_server-11] [INFO] [1775542842.782278754] [controller_server]: Passing new path to controller.
[controller_server-11] [INFO] [1775542842.784230508] [controller_server]: Optimizer reset
[controller_server-11] [INFO] [1775542842.786739030] [controller_server]: Optimizer reset
[controller_server-11] [WARN] [1775542842.786894190] [controller_server]: Optimizer fail to compute path
[controller_server-11] [INFO] [1775542842.882283668] [controller_server]: Passing new path to controller.
[controller_server-11] [INFO] [1775542842.884416540] [controller_server]: Optimizer reset
[controller_server-11] [INFO] [1775542842.886265047] [controller_server]: Optimizer reset
[controller_server-11] [WARN] [1775542842.886389292] [controller_server]: Optimizer fail to compute path
[controller_server-11] [INFO] [1775542842.982283041] [controller_server]: Passing new path to controller.
[controller_server-11] [INFO] [1775542842.984322291] [controller_server]: Optimizer reset
[controller_server-11] [INFO] [1775542842.985752858] [controller_server]: Optimizer reset
[controller_server-11] [WARN] [1775542842.987856272] [controller_server]: Optimizer fail to compute path
[localization_monitor-1] [WARN] [1775542843.005166565] [localization_monitor]: No pose update for 91.9s
[controller_server-11] [INFO] [1775542843.087061178] [controller_server]: Optimizer reset
[controller_server-11] [INFO] [1775542843.089250338] [controller_server]: Optimizer reset
[controller_server-11] [WARN] [1775542843.089418331] [controller_server]: Optimizer fail to compute path
[localization_monitor-21] [WARN] [1775542843.149740992] [localization_monitor]: No pose update for 92.0s
[controller_server-11] [INFO] [1775542843.182275954] [controller_server]: Passing new path to controller.
[controller_server-11] [INFO] [1775542843.184223916] [controller_server]: Optimizer reset
[controller_server-11] [INFO] [1775542843.186307498] [controller_server]: Optimizer reset
[controller_server-11] [WARN] [1775542843.187323623] [controller_server]: Optimizer fail to compute path
[delivery_robot_main_controller-22] [0m[INFO] [1775542843.245073597] [main_controller_node]: Current state: MOVE, dock_state IDLE, charge_state NOT_CHARGE[0m
[controller_server-11] [INFO] [1775542843.282276786] [controller_server]: Passing new path to controller.
[controller_server-11] [INFO] [1775542843.284203457] [controller_server]: Optimizer reset
[controller_server-11] [INFO] [1775542843.285831474] [controller_server]: Optimizer reset
[controller_server-11] [WARN] [1775542843.286016091] [controller_server]: Optimizer fail to compute path
[controller_server-11] [INFO] [1775542843.382296866] [controller_server]: Passing new path to controller.
[controller_server-11] [INFO] [1775542843.387469946] [controller_server]: Optimizer reset
[controller_server-11] [INFO] [1775542843.394575239] [controller_server]: Optimizer reset
[controller_server-11] [WARN] [1775542843.394735650] [controller_server]: Optimizer fail to compute path
[controller_server-11] [INFO] [1775542843.482325405] [controller_server]: Passing new path to controller.
[controller_server-11] [INFO] [1775542843.484474900] [controller_server]: Optimizer reset
[controller_server-11] [INFO] [1775542843.485996463] [controller_server]: Optimizer reset
[controller_server-11] [WARN] [1775542843.486207329] [controller_server]: Optimizer fail to compute path
[controller_server-11] [ERROR] [1775542843.486347324] [controller_server]: Controller patience exceeded
[controller_server-11] [INFO] [1775542843.487171540] [controller_server]: Optimizer reset
[controller_server-11] [WARN] [1775542843.487278577] [controller_server]: [follow_path] [ActionServer] Aborting handle.
[bt_navigator-15] [WARN] [1775542843.519300811] [bt_navigator]: [navigate_through_poses] [ActionServer] Aborting handle.
[bt_navigator-15] [ERROR] [1775542843.520136693] [bt_navigator]: Goal failed
[delivery_robot_main_controller-22] [33m[WARN] [1775542843.525272150] [main_controller_node]: Goal failed! (obstacle retry 2/5)[0m
[delivery_robot_main_controller-22] [0m[INFO] [1775542843.527195613] [main_controller_node]: Published message: "obstacle_alert"[0m
[robot_sound-23] [0m[INFO] [1775542843.528085452] [robot_sound_node]: 🔔 Received sound command: obstacle_alert[0m
[delivery_robot_main_controller-22] [0m[INFO] [1775542843.534026459] [main_controller_node]: State change: MOVE -> RETRYING[0m
[robot_sound-23] amixer: Unable to find simple control 'PCM',0
[robot_sound-23] 
[robot_sound-23] [0m[INFO] [1775542843.545481783] [robot_sound_node]: 🔊 Playing sound: /home/smr/workspaces/mini_amr/amrROS2_ws/sounds/robot_obstacle.wav[0m
[robot_sound-23] aplay: main:834: audio open error: Device or resource busy
[delivery_robot_main_controller-22] [0m[INFO] [1775542843.565954196] [main_controller_node]: RETRYING: re-sending goal x=-5.05 y=-1.18 yaw=0.00 mode=agv[0m
[delivery_robot_main_controller-22] [0m[INFO] [1775542843.568756415] [main_controller_node]: AGV start_pos: x=-4.37, y=0.01[0m
[delivery_robot_main_controller-22] [0m[INFO] [1775542843.570030655] [main_controller_node]: AGV goal_pos: x=-5.05, y=-1.18[0m
[delivery_robot_main_controller-22] [0m[INFO] [1775542843.578450436] [main_controller_node]: Path source: database routes[0m
[delivery_robot_main_controller-22] [0m[INFO] [1775542843.621575091] [main_controller_node]: Computed AGV path waypoints:[0m
[delivery_robot_main_controller-22] [0m[INFO] [1775542843.624569802] [main_controller_node]:   Waypoint 0: x=-4.37, y=0.01[0m
[delivery_robot_main_controller-22] [0m[INFO] [1775542843.630396189] [main_controller_node]:   Waypoint 1: x=-4.15, y=0.25[0m
[delivery_robot_main_controller-22] [0m[INFO] [1775542843.635783052] [main_controller_node]:   Waypoint 2: x=-4.37, y=-0.11[0m
[delivery_robot_main_controller-22] [0m[INFO] [1775542843.639006129] [main_controller_node]:   Waypoint 3: x=-4.60, y=-0.46[0m
[delivery_robot_main_controller-22] [0m[INFO] [1775542843.645416700] [main_controller_node]:   Waypoint 4: x=-4.83, y=-0.82[0m
[delivery_robot_main_controller-22] [0m[INFO] [1775542843.646552987] [main_controller_node]:   Waypoint 5: x=-5.05, y=-1.18[0m
[delivery_robot_main_controller-22] [0m[INFO] [1775542843.651560699] [main_controller_node]: Navigating with 6 goals....[0m
[bt_navigator-15] [INFO] [1775542843.655430083] [bt_navigator]: Begin navigating from current location through 6 poses to (-5.05, -1.18)
[controller_server-11] [INFO] [1775542843.655857065] [local_costmap.local_costmap]: Received request to clear entirely the local_costmap
[controller_server-11] [INFO] [1775542843.668408136] [local_costmap.local_costmap]: KeepoutFilter: Subscribing to "/keepout_costmap_filter_info" topic for filter info...
[delivery_robot_main_controller-22] [0m[INFO] [1775542843.673627006] [main_controller_node]: State change: RETRYING -> MOVE[0m
[controller_server-11] [INFO] [1775542843.690135831] [local_costmap.local_costmap]: KeepoutFilter: Received filter info from /keepout_costmap_filter_info topic.
[controller_server-11] [INFO] [1775542843.690573897] [local_costmap.local_costmap]: KeepoutFilter: Subscribing to "/keepout_filter_mask" topic for filter mask...
[planner_server-13] [INFO] [1775542843.691212621] [global_costmap.global_costmap]: Received request to clear entirely the global_costmap
[planner_server-13] [INFO] [1775542843.696237540] [global_costmap.global_costmap]: KeepoutFilter: Subscribing to "/keepout_costmap_filter_info" topic for filter info...
[delivery_robot_main_controller-22] [0m[INFO] [1775542843.737677597] [main_controller_node]: Robot is MOVING.[0m
[controller_server-11] [WARN] [1775542843.809438082] [local_costmap.local_costmap]: KeepoutFilter: New filter mask arrived from /keepout_filter_mask topic. Updating old filter mask.
[planner_server-13] [INFO] [1775542843.811129388] [global_costmap.global_costmap]: KeepoutFilter: Received filter info from /keepout_costmap_filter_info topic.
[planner_server-13] [INFO] [1775542843.811593703] [global_costmap.global_costmap]: KeepoutFilter: Subscribing to "/keepout_filter_mask" topic for filter mask...
[planner_server-13] [WARN] [1775542843.825073402] [global_costmap.global_costmap]: KeepoutFilter: New filter mask arrived from /keepout_filter_mask topic. Updating old filter mask.
[controller_server-11] [INFO] [1775542843.911826691] [controller_server]: Received a goal, begin computing control effort.
[controller_server-11] [INFO] [1775542843.918201389] [controller_server]: Optimizer reset
[controller_server-11] [INFO] [1775542843.923325763] [controller_server]: Optimizer reset
[controller_server-11] [WARN] [1775542843.923611293] [controller_server]: Optimizer fail to compute path
[localization_monitor-1] [WARN] [1775542844.007419453] [localization_monitor]: No pose update for 92.9s
[controller_server-11] [INFO] [1775542844.019523708] [controller_server]: Optimizer reset
[controller_server-11] [INFO] [1775542844.024973569] [controller_server]: Optimizer reset
[controller_server-11] [WARN] [1775542844.025281848] [controller_server]: Optimizer fail to compute path
[controller_server-11] [INFO] [1775542844.112254461] [controller_server]: Passing new path to controller.
[controller_server-11] [INFO] [1775542844.116400917] [controller_server]: Optimizer reset
[controller_server-11] [INFO] [1775542844.118301923] [controller_server]: Optimizer reset
[controller_server-11] [WARN] [1775542844.118469041] [controller_server]: Optimizer fail to compute path
[localization_monitor-21] [WARN] [1775542844.150572063] [localization_monitor]: No pose update for 93.0s
[controller_server-11] [INFO] [1775542844.212189087] [controller_server]: Passing new path to controller.
[controller_server-11] [INFO] [1775542844.214194505] [controller_server]: Optimizer reset
[controller_server-11] [INFO] [1775542844.215851104] [controller_server]: Optimizer reset
[controller_server-11] [WARN] [1775542844.215980015] [controller_server]: Optimizer fail to compute path
[delivery_robot_main_controller-22] [0m[INFO] [1775542844.310630440] [main_controller_node]: Current state: MOVE, dock_state IDLE, charge_state NOT_CHARGE[0m
[controller_server-11] [INFO] [1775542844.314653526] [controller_server]: Passing new path to controller.
[controller_server-11] [INFO] [1775542844.316655444] [controller_server]: Optimizer reset
[controller_server-11] [INFO] [1775542844.318093885] [controller_server]: Optimizer reset
[controller_server-11] [WARN] [1775542844.318229213] [controller_server]: Optimizer fail to compute path
[controller_server-11] [INFO] [1775542844.420105384] [controller_server]: Optimizer reset
[controller_server-11] [INFO] [1775542844.428057351] [controller_server]: Optimizer reset
[controller_server-11] [WARN] [1775542844.428333840] [controller_server]: Optimizer fail to compute path
[controller_server-11] [INFO] [1775542844.512146958] [controller_server]: Passing new path to controller.
[controller_server-11] [INFO] [1775542844.521473493] [controller_server]: Optimizer reset
[controller_server-11] [INFO] [1775542844.526562577] [controller_server]: Optimizer reset
[controller_server-11] [WARN] [1775542844.526851023] [controller_server]: Optimizer fail to compute path
[controller_server-11] [INFO] [1775542844.612540356] [controller_server]: Passing new path to controller.
[controller_server-11] [INFO] [1775542844.621826352] [controller_server]: Optimizer reset
[controller_server-11] [INFO] [1775542844.626926227] [controller_server]: Optimizer reset
[controller_server-11] [WARN] [1775542844.627193091] [controller_server]: Optimizer fail to compute path
[controller_server-11] [INFO] [1775542844.712257407] [controller_server]: Passing new path to controller.
[controller_server-11] [INFO] [1775542844.717875844] [controller_server]: Optimizer reset
[controller_server-11] [INFO] [1775542844.719476737] [controller_server]: Optimizer reset
[controller_server-11] [WARN] [1775542844.719716186] [controller_server]: Optimizer fail to compute path
[controller_server-11] [INFO] [1775542844.813739553] [controller_server]: Optimizer reset
[controller_server-11] [INFO] [1775542844.816305532] [controller_server]: Optimizer reset
[controller_server-11] [WARN] [1775542844.816514940] [controller_server]: Optimizer fail to compute path
[controller_server-11] [INFO] [1775542844.912803881] [controller_server]: Passing new path to controller.
[controller_server-11] [INFO] [1775542844.918249367] [controller_server]: Optimizer reset
[controller_server-11] [INFO] [1775542844.919703849] [controller_server]: Optimizer reset
[controller_server-11] [WARN] [1775542844.919844718] [controller_server]: Optimizer fail to compute path
[controller_server-11] [ERROR] [1775542844.919926965] [controller_server]: Controller patience exceeded
[controller_server-11] [INFO] [1775542844.922579565] [controller_server]: Optimizer reset
[controller_server-11] [WARN] [1775542844.922708768] [controller_server]: [follow_path] [ActionServer] Aborting handle.
[bt_navigator-15] [WARN] [1775542844.961129323] [bt_navigator]: [navigate_through_poses] [ActionServer] Aborting handle.
[bt_navigator-15] [ERROR] [1775542844.962278735] [bt_navigator]: Goal failed
[delivery_robot_main_controller-22] [33m[WARN] [1775542844.976305578] [main_controller_node]: Goal failed! (obstacle retry 3/5)[0m
[delivery_robot_main_controller-22] [0m[INFO] [1775542844.979563945] [main_controller_node]: Published message: "obstacle_alert"[0m
[delivery_robot_main_controller-22] [0m[INFO] [1775542844.981975930] [main_controller_node]: State change: MOVE -> RETRYING[0m
[robot_sound-23] [0m[INFO] [1775542844.983949558] [robot_sound_node]: 🔔 Received sound command: obstacle_alert[0m
[localization_monitor-1] [WARN] [1775542845.005348850] [localization_monitor]: No pose update for 93.9s
[delivery_robot_main_controller-22] [0m[INFO] [1775542845.005555633] [main_controller_node]: RETRYING: re-sending goal x=-5.05 y=-1.18 yaw=0.00 mode=agv[0m
[delivery_robot_main_controller-22] [0m[INFO] [1775542845.006285354] [main_controller_node]: AGV start_pos: x=-4.37, y=0.01[0m
[robot_sound-23] amixer: Unable to find simple control 'PCM',0
[robot_sound-23] 
[robot_sound-23] [0m[INFO] [1775542845.014300026] [robot_sound_node]: 🔊 Playing sound: /home/smr/workspaces/mini_amr/amrROS2_ws/sounds/robot_obstacle.wav[0m
[delivery_robot_main_controller-22] [0m[INFO] [1775542845.018589101] [main_controller_node]: AGV goal_pos: x=-5.05, y=-1.18[0m
[delivery_robot_main_controller-22] [0m[INFO] [1775542845.020244825] [main_controller_node]: Path source: database routes[0m
[robot_sound-23] Playing WAVE '/home/smr/workspaces/mini_amr/amrROS2_ws/sounds/robot_obstacle.wav' : Signed 16 bit Little Endian, Rate 44100 Hz, Mono
[delivery_robot_main_controller-22] [0m[INFO] [1775542845.044849111] [main_controller_node]: Computed AGV path waypoints:[0m
[delivery_robot_main_controller-22] [0m[INFO] [1775542845.045585248] [main_controller_node]:   Waypoint 0: x=-4.37, y=0.01[0m
[delivery_robot_main_controller-22] [0m[INFO] [1775542845.046287553] [main_controller_node]:   Waypoint 1: x=-4.15, y=0.25[0m
[delivery_robot_main_controller-22] [0m[INFO] [1775542845.046986066] [main_controller_node]:   Waypoint 2: x=-4.37, y=-0.11[0m
[delivery_robot_main_controller-22] [0m[INFO] [1775542845.047676704] [main_controller_node]:   Waypoint 3: x=-4.60, y=-0.46[0m
[delivery_robot_main_controller-22] [0m[INFO] [1775542845.048789950] [main_controller_node]:   Waypoint 4: x=-4.83, y=-0.82[0m
[delivery_robot_main_controller-22] [0m[INFO] [1775542845.049507713] [main_controller_node]:   Waypoint 5: x=-5.05, y=-1.18[0m
[delivery_robot_main_controller-22] [0m[INFO] [1775542845.055116234] [main_controller_node]: Navigating with 6 goals....[0m
[bt_navigator-15] [INFO] [1775542845.056621464] [bt_navigator]: Begin navigating from current location through 6 poses to (-5.05, -1.18)
[controller_server-11] [INFO] [1775542845.057212940] [local_costmap.local_costmap]: Received request to clear entirely the local_costmap
[delivery_robot_main_controller-22] [0m[INFO] [1775542845.058728086] [main_controller_node]: State change: RETRYING -> MOVE[0m
[controller_server-11] [INFO] [1775542845.065961416] [local_costmap.local_costmap]: KeepoutFilter: Subscribing to "/keepout_costmap_filter_info" topic for filter info...
[delivery_robot_main_controller-22] [0m[INFO] [1775542845.076811847] [main_controller_node]: Robot is MOVING.[0m
[controller_server-11] [INFO] [1775542845.078091337] [local_costmap.local_costmap]: KeepoutFilter: Received filter info from /keepout_costmap_filter_info topic.
[controller_server-11] [INFO] [1775542845.078357617] [local_costmap.local_costmap]: KeepoutFilter: Subscribing to "/keepout_filter_mask" topic for filter mask...
[planner_server-13] [INFO] [1775542845.084282000] [global_costmap.global_costmap]: Received request to clear entirely the global_costmap
[planner_server-13] [INFO] [1775542845.090710071] [global_costmap.global_costmap]: KeepoutFilter: Subscribing to "/keepout_costmap_filter_info" topic for filter info...
[controller_server-11] [WARN] [1775542845.101754453] [local_costmap.local_costmap]: KeepoutFilter: New filter mask arrived from /keepout_filter_mask topic. Updating old filter mask.
[planner_server-13] [INFO] [1775542845.110871581] [global_costmap.global_costmap]: KeepoutFilter: Received filter info from /keepout_costmap_filter_info topic.
[planner_server-13] [INFO] [1775542845.111069906] [global_costmap.global_costmap]: KeepoutFilter: Subscribing to "/keepout_filter_mask" topic for filter mask...
[planner_server-13] [WARN] [1775542845.122558770] [global_costmap.global_costmap]: KeepoutFilter: New filter mask arrived from /keepout_filter_mask topic. Updating old filter mask.
[localization_monitor-21] [WARN] [1775542845.149729910] [localization_monitor]: No pose update for 94.0s
[delivery_robot_main_controller-22] [0m[INFO] [1775542845.226876092] [main_controller_node]: Current state: MOVE, dock_state IDLE, charge_state NOT_CHARGE[0m
[planner_server-13] [WARN] [1775542845.420561970] [planner_server]: Planner loop missed its desired rate of 5.0000 Hz. Current loop rate is 3.1033 Hz
[controller_server-11] [INFO] [1775542845.440129088] [controller_server]: Received a goal, begin computing control effort.
[controller_server-11] [INFO] [1775542845.440849475] [controller_server]: Passing new path to controller.
[controller_server-11] [INFO] [1775542845.473084033] [controller_server]: Optimizer reset
[controller_server-11] [INFO] [1775542845.474652844] [controller_server]: Optimizer reset
[controller_server-11] [WARN] [1775542845.474812087] [controller_server]: Optimizer fail to compute path
[controller_server-11] [INFO] [1775542845.542623567] [controller_server]: Optimizer reset
[controller_server-11] [INFO] [1775542845.544615569] [controller_server]: Optimizer reset
[controller_server-11] [WARN] [1775542845.544747689] [controller_server]: Optimizer fail to compute path
[controller_server-11] [INFO] [1775542845.640941842] [controller_server]: Passing new path to controller.
[controller_server-11] [INFO] [1775542845.642969426] [controller_server]: Optimizer reset
[controller_server-11] [INFO] [1775542845.644453949] [controller_server]: Optimizer reset
[controller_server-11] [WARN] [1775542845.644588110] [controller_server]: Optimizer fail to compute path
[controller_server-11] [INFO] [1775542845.740935965] [controller_server]: Passing new path to controller.
[controller_server-11] [INFO] [1775542845.743074670] [controller_server]: Optimizer reset
[controller_server-11] [INFO] [1775542845.744779683] [controller_server]: Optimizer reset
[controller_server-11] [WARN] [1775542845.744895762] [controller_server]: Optimizer fail to compute path
[controller_server-11] [INFO] [1775542845.840929214] [controller_server]: Passing new path to controller.
[controller_server-11] [INFO] [1775542845.842890883] [controller_server]: Optimizer reset
[controller_server-11] [INFO] [1775542845.844306576] [controller_server]: Optimizer reset
[controller_server-11] [WARN] [1775542845.844417988] [controller_server]: Optimizer fail to compute path
[controller_server-11] [INFO] [1775542845.942580227] [controller_server]: Optimizer reset
[controller_server-11] [INFO] [1775542845.944045501] [controller_server]: Optimizer reset
[controller_server-11] [WARN] [1775542845.944177329] [controller_server]: Optimizer fail to compute path
[localization_monitor-1] [WARN] [1775542846.005141338] [localization_monitor]: No pose update for 94.9s
[controller_server-11] [INFO] [1775542846.040934959] [controller_server]: Passing new path to controller.
[controller_server-11] [INFO] [1775542846.073283846] [controller_server]: Optimizer reset
[controller_server-11] [INFO] [1775542846.074724912] [controller_server]: Optimizer reset
[controller_server-11] [WARN] [1775542846.075316096] [controller_server]: Optimizer fail to compute path
[controller_server-11] [INFO] [1775542846.140937540] [controller_server]: Passing new path to controller.
[controller_server-11] [INFO] [1775542846.142967166] [controller_server]: Optimizer reset
[controller_server-11] [INFO] [1775542846.144432731] [controller_server]: Optimizer reset
[controller_server-11] [WARN] [1775542846.144641556] [controller_server]: Optimizer fail to compute path
[localization_monitor-21] [WARN] [1775542846.150102791] [localization_monitor]: No pose update for 95.0s
[delivery_robot_main_controller-22] [0m[INFO] [1775542846.188732463] [main_controller_node]: Current state: MOVE, dock_state IDLE, charge_state NOT_CHARGE[0m
[controller_server-11] [INFO] [1775542846.240936039] [controller_server]: Passing new path to controller.
[controller_server-11] [INFO] [1775542846.243770631] [controller_server]: Optimizer reset
[controller_server-11] [INFO] [1775542846.245365399] [controller_server]: Optimizer reset
[controller_server-11] [WARN] [1775542846.245484394] [controller_server]: Optimizer fail to compute path
[controller_server-11] [INFO] [1775542846.340936870] [controller_server]: Passing new path to controller.
[controller_server-11] [INFO] [1775542846.373579745] [controller_server]: Optimizer reset
[controller_server-11] [INFO] [1775542846.375127848] [controller_server]: Optimizer reset
[controller_server-11] [WARN] [1775542846.375261134] [controller_server]: Optimizer fail to compute path
[controller_server-11] [INFO] [1775542846.442629882] [controller_server]: Optimizer reset
[controller_server-11] [INFO] [1775542846.444087572] [controller_server]: Optimizer reset
[controller_server-11] [WARN] [1775542846.444218234] [controller_server]: Optimizer fail to compute path
[controller_server-11] [ERROR] [1775542846.444292022] [controller_server]: Controller patience exceeded
[controller_server-11] [INFO] [1775542846.444976536] [controller_server]: Optimizer reset
[controller_server-11] [WARN] [1775542846.445114197] [controller_server]: [follow_path] [ActionServer] Aborting handle.
[bt_navigator-15] [WARN] [1775542846.469298209] [bt_navigator]: [navigate_through_poses] [ActionServer] Aborting handle.
[bt_navigator-15] [ERROR] [1775542846.469792856] [bt_navigator]: Goal failed
[delivery_robot_main_controller-22] [33m[WARN] [1775542846.482598541] [main_controller_node]: Goal failed! (obstacle retry 4/5)[0m
[robot_sound-23] [0m[INFO] [1775542846.484513837] [robot_sound_node]: 🔔 Received sound command: obstacle_alert[0m
[delivery_robot_main_controller-22] [0m[INFO] [1775542846.484927696] [main_controller_node]: Published message: "obstacle_alert"[0m
[robot_sound-23] amixer: Unable to find simple control 'PCM',0
[robot_sound-23] 
[robot_sound-23] [0m[INFO] [1775542846.496611968] [robot_sound_node]: 🔊 Playing sound: /home/smr/workspaces/mini_amr/amrROS2_ws/sounds/robot_obstacle.wav[0m
[delivery_robot_main_controller-22] [0m[INFO] [1775542846.501050662] [main_controller_node]: State change: MOVE -> RETRYING[0m
[robot_sound-23] aplay: main:834: audio open error: Device or resource busy
[delivery_robot_main_controller-22] [0m[INFO] [1775542846.524784942] [main_controller_node]: RETRYING: re-sending goal x=-5.05 y=-1.18 yaw=0.00 mode=agv[0m
[delivery_robot_main_controller-22] [0m[INFO] [1775542846.529572747] [main_controller_node]: AGV start_pos: x=-4.37, y=0.01[0m
[delivery_robot_main_controller-22] [0m[INFO] [1775542846.536815117] [main_controller_node]: AGV goal_pos: x=-5.05, y=-1.18[0m
[delivery_robot_main_controller-22] [0m[INFO] [1775542846.539458676] [main_controller_node]: Path source: database routes[0m
[delivery_robot_main_controller-22] [0m[INFO] [1775542846.562070669] [main_controller_node]: Computed AGV path waypoints:[0m
[delivery_robot_main_controller-22] [0m[INFO] [1775542846.562785223] [main_controller_node]:   Waypoint 0: x=-4.37, y=0.01[0m
[delivery_robot_main_controller-22] [0m[INFO] [1775542846.563543817] [main_controller_node]:   Waypoint 1: x=-4.15, y=0.25[0m
[delivery_robot_main_controller-22] [0m[INFO] [1775542846.564311452] [main_controller_node]:   Waypoint 2: x=-4.37, y=-0.11[0m
[delivery_robot_main_controller-22] [0m[INFO] [1775542846.565201291] [main_controller_node]:   Waypoint 3: x=-4.60, y=-0.46[0m
[delivery_robot_main_controller-22] [0m[INFO] [1775542846.565971843] [main_controller_node]:   Waypoint 4: x=-4.83, y=-0.82[0m
[delivery_robot_main_controller-22] [0m[INFO] [1775542846.566761352] [main_controller_node]:   Waypoint 5: x=-5.05, y=-1.18[0m
[delivery_robot_main_controller-22] [0m[INFO] [1775542846.573947142] [main_controller_node]: Navigating with 6 goals....[0m
[bt_navigator-15] [INFO] [1775542846.575944686] [bt_navigator]: Begin navigating from current location through 6 poses to (-5.05, -1.18)
[delivery_robot_main_controller-22] [0m[INFO] [1775542846.578013101] [main_controller_node]: State change: RETRYING -> MOVE[0m
[controller_server-11] [INFO] [1775542846.577626658] [local_costmap.local_costmap]: Received request to clear entirely the local_costmap
[controller_server-11] [INFO] [1775542846.591657877] [local_costmap.local_costmap]: KeepoutFilter: Subscribing to "/keepout_costmap_filter_info" topic for filter info...
[delivery_robot_main_controller-22] [0m[INFO] [1775542846.599159237] [main_controller_node]: Robot is MOVING.[0m
[planner_server-13] [INFO] [1775542846.600750214] [global_costmap.global_costmap]: Received request to clear entirely the global_costmap
[controller_server-11] [INFO] [1775542846.605494270] [local_costmap.local_costmap]: KeepoutFilter: Received filter info from /keepout_costmap_filter_info topic.
[controller_server-11] [INFO] [1775542846.606267447] [local_costmap.local_costmap]: KeepoutFilter: Subscribing to "/keepout_filter_mask" topic for filter mask...
[planner_server-13] [INFO] [1775542846.611788180] [global_costmap.global_costmap]: KeepoutFilter: Subscribing to "/keepout_costmap_filter_info" topic for filter info...
[planner_server-13] [INFO] [1775542846.625614656] [global_costmap.global_costmap]: KeepoutFilter: Received filter info from /keepout_costmap_filter_info topic.
[planner_server-13] [INFO] [1775542846.625745318] [global_costmap.global_costmap]: KeepoutFilter: Subscribing to "/keepout_filter_mask" topic for filter mask...
[controller_server-11] [WARN] [1775542846.633580039] [local_costmap.local_costmap]: KeepoutFilter: New filter mask arrived from /keepout_filter_mask topic. Updating old filter mask.
[planner_server-13] [WARN] [1775542846.639358886] [global_costmap.global_costmap]: KeepoutFilter: New filter mask arrived from /keepout_filter_mask topic. Updating old filter mask.
[planner_server-13] [WARN] [1775542846.909989705] [planner_server]: Planner loop missed its desired rate of 5.0000 Hz. Current loop rate is 3.5325 Hz
[controller_server-11] [INFO] [1775542846.927560446] [controller_server]: Received a goal, begin computing control effort.
[controller_server-11] [INFO] [1775542846.928327789] [controller_server]: Passing new path to controller.
[controller_server-11] [INFO] [1775542846.931051261] [controller_server]: Optimizer reset
[controller_server-11] [INFO] [1775542846.932597907] [controller_server]: Optimizer reset
[controller_server-11] [WARN] [1775542846.932727693] [controller_server]: Optimizer fail to compute path
[localization_monitor-1] [WARN] [1775542847.005292562] [localization_monitor]: No pose update for 95.9s
[controller_server-11] [INFO] [1775542847.030640860] [controller_server]: Optimizer reset
[controller_server-11] [INFO] [1775542847.032158631] [controller_server]: Optimizer reset
[controller_server-11] [WARN] [1775542847.032288709] [controller_server]: Optimizer fail to compute path
[controller_server-11] [INFO] [1775542847.128426573] [controller_server]: Passing new path to controller.
[controller_server-11] [INFO] [1775542847.130592984] [controller_server]: Optimizer reset
[controller_server-11] [INFO] [1775542847.133161588] [controller_server]: Optimizer reset
[controller_server-11] [WARN] [1775542847.133327539] [controller_server]: Optimizer fail to compute path
[localization_monitor-21] [WARN] [1775542847.149740119] [localization_monitor]: No pose update for 96.0s
[controller_server-11] [INFO] [1775542847.228572065] [controller_server]: Passing new path to controller.
[controller_server-11] [INFO] [1775542847.237314708] [controller_server]: Optimizer reset
[controller_server-11] [INFO] [1775542847.239396248] [controller_server]: Optimizer reset
[controller_server-11] [WARN] [1775542847.239542950] [controller_server]: Optimizer fail to compute path
[delivery_robot_main_controller-22] [0m[INFO] [1775542847.301557792] [main_controller_node]: Current state: MOVE, dock_state IDLE, charge_state NOT_CHARGE[0m
[controller_server-11] [INFO] [1775542847.328476942] [controller_server]: Passing new path to controller.
[controller_server-11] [INFO] [1775542847.330564315] [controller_server]: Optimizer reset
[controller_server-11] [INFO] [1775542847.332203415] [controller_server]: Optimizer reset
[controller_server-11] [WARN] [1775542847.332350700] [controller_server]: Optimizer fail to compute path
[controller_server-11] [INFO] [1775542847.430917757] [controller_server]: Optimizer reset
[controller_server-11] [INFO] [1775542847.433627813] [controller_server]: Optimizer reset
[controller_server-11] [WARN] [1775542847.433769849] [controller_server]: Optimizer fail to compute path
[controller_server-11] [INFO] [1775542847.528948460] [controller_server]: Passing new path to controller.
[controller_server-11] [INFO] [1775542847.572761420] [controller_server]: Optimizer reset
[controller_server-11] [INFO] [1775542847.574254984] [controller_server]: Optimizer reset
[controller_server-11] [WARN] [1775542847.575509975] [controller_server]: Optimizer fail to compute path
[controller_server-11] [INFO] [1775542847.629407481] [controller_server]: Passing new path to controller.
[controller_server-11] [INFO] [1775542847.631675972] [controller_server]: Optimizer reset
[controller_server-11] [INFO] [1775542847.633120829] [controller_server]: Optimizer reset
[controller_server-11] [WARN] [1775542847.633263740] [controller_server]: Optimizer fail to compute path
[controller_server-11] [INFO] [1775542847.728441185] [controller_server]: Passing new path to controller.
[controller_server-11] [INFO] [1775542847.736361653] [controller_server]: Optimizer reset
[controller_server-11] [INFO] [1775542847.738493941] [controller_server]: Optimizer reset
[controller_server-11] [WARN] [1775542847.738635394] [controller_server]: Optimizer fail to compute path
[controller_server-11] [INFO] [1775542847.828418684] [controller_server]: Passing new path to controller.
[controller_server-11] [INFO] [1775542847.831106574] [controller_server]: Optimizer reset
[controller_server-11] [INFO] [1775542847.832556390] [controller_server]: Optimizer reset
[controller_server-11] [WARN] [1775542847.833381773] [controller_server]: Optimizer fail to compute path
[controller_server-11] [INFO] [1775542847.934794505] [controller_server]: Optimizer reset
[controller_server-11] [INFO] [1775542847.936930876] [controller_server]: Optimizer reset
[controller_server-11] [WARN] [1775542847.937113160] [controller_server]: Optimizer fail to compute path
[controller_server-11] [ERROR] [1775542847.937193657] [controller_server]: Controller patience exceeded
[controller_server-11] [INFO] [1775542847.937822464] [controller_server]: Optimizer reset
[controller_server-11] [WARN] [1775542847.937873796] [controller_server]: [follow_path] [ActionServer] Aborting handle.
[controller_server-11] [INFO] [1775542847.940877840] [controller_server]: Received a goal, begin computing control effort.
[controller_server-11] [INFO] [1775542847.947147834] [controller_server]: Optimizer reset
[controller_server-11] [INFO] [1775542847.952254708] [controller_server]: Optimizer reset
[controller_server-11] [WARN] [1775542847.952544030] [controller_server]: Optimizer fail to compute path
[localization_monitor-1] [WARN] [1775542848.007247087] [localization_monitor]: No pose update for 96.9s
[controller_server-11] [INFO] [1775542848.042926671] [controller_server]: Optimizer reset
[controller_server-11] [INFO] [1775542848.044414401] [controller_server]: Optimizer reset
[controller_server-11] [WARN] [1775542848.044542438] [controller_server]: Optimizer fail to compute path
[controller_server-11] [INFO] [1775542848.141279944] [controller_server]: Passing new path to controller.
[localization_monitor-21] [WARN] [1775542848.149850802] [localization_monitor]: No pose update for 97.0s
[controller_server-11] [INFO] [1775542848.173808490] [controller_server]: Optimizer reset
[controller_server-11] [INFO] [1775542848.175883031] [controller_server]: Optimizer reset
[controller_server-11] [WARN] [1775542848.176073189] [controller_server]: Optimizer fail to compute path
[delivery_robot_main_controller-22] [0m[INFO] [1775542848.208682816] [main_controller_node]: Current state: MOVE, dock_state IDLE, charge_state NOT_CHARGE[0m
[controller_server-11] [INFO] [1775542848.241276401] [controller_server]: Passing new path to controller.
[controller_server-11] [INFO] [1775542848.243345399] [controller_server]: Optimizer reset
[controller_server-11] [INFO] [1775542848.244786757] [controller_server]: Optimizer reset
[controller_server-11] [WARN] [1775542848.244911294] [controller_server]: Optimizer fail to compute path
[controller_server-11] [INFO] [1775542848.341271399] [controller_server]: Passing new path to controller.
[controller_server-11] [INFO] [1775542848.343343897] [controller_server]: Optimizer reset
[controller_server-11] [INFO] [1775542848.345118908] [controller_server]: Optimizer reset
[controller_server-11] [WARN] [1775542848.345238487] [controller_server]: Optimizer fail to compute path
[controller_server-11] [INFO] [1775542848.441269022] [controller_server]: Passing new path to controller.
[controller_server-11] [INFO] [1775542848.443325480] [controller_server]: Optimizer reset
[controller_server-11] [INFO] [1775542848.444813210] [controller_server]: Optimizer reset
[controller_server-11] [WARN] [1775542848.445540889] [controller_server]: Optimizer fail to compute path
[controller_server-11] [INFO] [1775542848.542901661] [controller_server]: Optimizer reset
[controller_server-11] [INFO] [1775542848.544334270] [controller_server]: Optimizer reset
[controller_server-11] [WARN] [1775542848.544466098] [controller_server]: Optimizer fail to compute path
[controller_server-11] [INFO] [1775542848.641343598] [controller_server]: Passing new path to controller.
[controller_server-11] [INFO] [1775542848.644359308] [controller_server]: Optimizer reset
[controller_server-11] [INFO] [1775542848.645809707] [controller_server]: Optimizer reset
[controller_server-11] [WARN] [1775542848.645952910] [controller_server]: Optimizer fail to compute path
[controller_server-11] [INFO] [1775542848.741282015] [controller_server]: Passing new path to controller.
[controller_server-11] [INFO] [1775542848.784049101] [controller_server]: Optimizer reset
[controller_server-11] [INFO] [1775542848.793432218] [controller_server]: Optimizer reset
[controller_server-11] [WARN] [1775542848.793627335] [controller_server]: Optimizer fail to compute path
[controller_server-11] [INFO] [1775542848.841299179] [controller_server]: Passing new path to controller.
[controller_server-11] [INFO] [1775542848.843493881] [controller_server]: Optimizer reset
[controller_server-11] [INFO] [1775542848.845478883] [controller_server]: Optimizer reset
[controller_server-11] [WARN] [1775542848.845616836] [controller_server]: Optimizer fail to compute path
[controller_server-11] [INFO] [1775542848.975242207] [controller_server]: Optimizer reset
[controller_server-11] [INFO] [1775542848.977720106] [controller_server]: Optimizer reset
[controller_server-11] [WARN] [1775542848.977880516] [controller_server]: Optimizer fail to compute path
[controller_server-11] [ERROR] [1775542848.978106548] [controller_server]: Controller patience exceeded
[controller_server-11] [INFO] [1775542848.978942431] [controller_server]: Optimizer reset
[controller_server-11] [WARN] [1775542848.979086217] [controller_server]: [follow_path] [ActionServer] Aborting handle.
[controller_server-11] [INFO] [1775542848.979516991] [controller_server]: Received a goal, begin computing control effort.
[controller_server-11] [INFO] [1775542848.981421788] [controller_server]: Optimizer reset
[controller_server-11] [INFO] [1775542848.984973560] [controller_server]: Optimizer reset
[controller_server-11] [WARN] [1775542848.985587493] [controller_server]: Optimizer fail to compute path
[localization_monitor-1] [WARN] [1775542849.007418726] [localization_monitor]: No pose update for 97.9s
[controller_server-11] [INFO] [1775542849.079698648] [controller_server]: Passing new path to controller.
[controller_server-11] [INFO] [1775542849.081835019] [controller_server]: Optimizer reset
[controller_server-11] [INFO] [1775542849.083772773] [controller_server]: Optimizer reset
[controller_server-11] [WARN] [1775542849.084134425] [controller_server]: Optimizer fail to compute path
[localization_monitor-21] [WARN] [1775542849.150514463] [localization_monitor]: No pose update for 98.0s
[controller_server-11] [INFO] [1775542849.181376786] [controller_server]: Optimizer reset
[controller_server-11] [INFO] [1775542849.183617569] [controller_server]: Optimizer reset
[controller_server-11] [WARN] [1775542849.185192797] [controller_server]: Optimizer fail to compute path
[controller_server-11] [INFO] [1775542849.279702935] [controller_server]: Passing new path to controller.
[controller_server-11] [INFO] [1775542849.282256664] [controller_server]: Optimizer reset
[controller_server-11] [INFO] [1775542849.283658357] [controller_server]: Optimizer reset
[controller_server-11] [WARN] [1775542849.283775602] [controller_server]: Optimizer fail to compute path
[delivery_robot_main_controller-22] [0m[INFO] [1775542849.296550955] [main_controller_node]: Current state: MOVE, dock_state IDLE, charge_state NOT_CHARGE[0m
[controller_server-11] [INFO] [1775542849.379769097] [controller_server]: Passing new path to controller.
[controller_server-11] [INFO] [1775542849.382950759] [controller_server]: Optimizer reset
[controller_server-11] [INFO] [1775542849.384481363] [controller_server]: Optimizer reset
[controller_server-11] [WARN] [1775542849.384634774] [controller_server]: Optimizer fail to compute path
[controller_server-11] [INFO] [1775542849.479815135] [controller_server]: Passing new path to controller.
[controller_server-11] [INFO] [1775542849.482531607] [controller_server]: Optimizer reset
[controller_server-11] [INFO] [1775542849.485798141] [controller_server]: Optimizer reset
[controller_server-11] [WARN] [1775542849.486918387] [controller_server]: Optimizer fail to compute path
[controller_server-11] [INFO] [1775542849.581464399] [controller_server]: Optimizer reset
[controller_server-11] [INFO] [1775542849.584341573] [controller_server]: Optimizer reset
[controller_server-11] [WARN] [1775542849.585884718] [controller_server]: Optimizer fail to compute path
[controller_server-11] [INFO] [1775542849.679693136] [controller_server]: Passing new path to controller.
[controller_server-11] [INFO] [1775542849.681790425] [controller_server]: Optimizer reset
[controller_server-11] [INFO] [1775542849.683227408] [controller_server]: Optimizer reset
[controller_server-11] [WARN] [1775542849.683345237] [controller_server]: Optimizer fail to compute path
[controller_server-11] [INFO] [1775542849.779705050] [controller_server]: Passing new path to controller.
[controller_server-11] [INFO] [1775542849.782693928] [controller_server]: Optimizer reset
[controller_server-11] [INFO] [1775542849.784122161] [controller_server]: Optimizer reset
[controller_server-11] [WARN] [1775542849.784237657] [controller_server]: Optimizer fail to compute path
[controller_server-11] [INFO] [1775542849.880729006] [controller_server]: Passing new path to controller.
[controller_server-11] [INFO] [1775542849.892823929] [controller_server]: Optimizer reset
[controller_server-11] [INFO] [1775542849.901876892] [controller_server]: Optimizer reset
[controller_server-11] [WARN] [1775542849.910909440] [controller_server]: Optimizer fail to compute path
[controller_server-11] [INFO] [1775542849.983480725] [controller_server]: Passing new path to controller.
[controller_server-11] [INFO] [1775542849.987378691] [controller_server]: Optimizer reset
[controller_server-11] [INFO] [1775542849.993175329] [controller_server]: Optimizer reset
[controller_server-11] [WARN] [1775542849.994163455] [controller_server]: Optimizer fail to compute path
[controller_server-11] [ERROR] [1775542849.995007504] [controller_server]: Controller patience exceeded
[controller_server-11] [INFO] [1775542849.996389364] [controller_server]: Optimizer reset
[controller_server-11] [WARN] [1775542849.997358242] [controller_server]: [follow_path] [ActionServer] Aborting handle.
[localization_monitor-1] [WARN] [1775542850.005247211] [localization_monitor]: No pose update for 98.9s
[bt_navigator-15] [WARN] [1775542850.026322475] [bt_navigator]: [navigate_through_poses] [ActionServer] Aborting handle.
[bt_navigator-15] [ERROR] [1775542850.036312817] [bt_navigator]: Goal failed
[delivery_robot_main_controller-22] [33m[WARN] [1775542850.087530891] [main_controller_node]: Goal failed! (obstacle retry 5/5)[0m
[delivery_robot_main_controller-22] [0m[INFO] [1775542850.107462868] [main_controller_node]: Published message: "obstacle_alert"[0m
[robot_sound-23] [0m[INFO] [1775542850.110380291] [robot_sound_node]: 🔔 Received sound command: obstacle_alert[0m
[delivery_robot_main_controller-22] [0m[INFO] [1775542850.128280893] [main_controller_node]: State change: MOVE -> RETRYING[0m
[localization_monitor-21] [WARN] [1775542850.153416574] [localization_monitor]: No pose update for 99.0s
[delivery_robot_main_controller-22] [0m[INFO] [1775542850.160911810] [main_controller_node]: RETRYING: re-sending goal x=-5.05 y=-1.18 yaw=0.00 mode=agv[0m
[delivery_robot_main_controller-22] [0m[INFO] [1775542850.188832502] [main_controller_node]: AGV start_pos: x=-4.37, y=0.01[0m
[delivery_robot_main_controller-22] [0m[INFO] [1775542850.189479101] [main_controller_node]: AGV goal_pos: x=-5.05, y=-1.18[0m
[robot_sound-23] amixer: Unable to find simple control 'PCM',0
[robot_sound-23] 
[robot_sound-23] [0m[INFO] [1775542850.194139744] [robot_sound_node]: 🔊 Playing sound: /home/smr/workspaces/mini_amr/amrROS2_ws/sounds/robot_obstacle.wav[0m
[delivery_robot_main_controller-22] [0m[INFO] [1775542850.200055377] [main_controller_node]: Path source: database routes[0m
[delivery_robot_main_controller-22] [0m[INFO] [1775542850.218421460] [main_controller_node]: Current state: RETRYING, dock_state IDLE, charge_state NOT_CHARGE[0m
[robot_sound-23] Playing WAVE '/home/smr/workspaces/mini_amr/amrROS2_ws/sounds/robot_obstacle.wav' : Signed 16 bit Little Endian, Rate 44100 Hz, Mono
[delivery_robot_main_controller-22] [0m[INFO] [1775542850.278627459] [main_controller_node]: Computed AGV path waypoints:[0m
[delivery_robot_main_controller-22] [0m[INFO] [1775542850.279411427] [main_controller_node]:   Waypoint 0: x=-4.37, y=0.01[0m
[delivery_robot_main_controller-22] [0m[INFO] [1775542850.280134731] [main_controller_node]:   Waypoint 1: x=-4.15, y=0.25[0m
[delivery_robot_main_controller-22] [0m[INFO] [1775542850.280879034] [main_controller_node]:   Waypoint 2: x=-4.37, y=-0.11[0m
[delivery_robot_main_controller-22] [0m[INFO] [1775542850.288397018] [main_controller_node]:   Waypoint 3: x=-4.60, y=-0.46[0m
[delivery_robot_main_controller-22] [0m[INFO] [1775542850.290349355] [main_controller_node]:   Waypoint 4: x=-4.83, y=-0.82[0m
[delivery_robot_main_controller-22] [0m[INFO] [1775542850.293222154] [main_controller_node]:   Waypoint 5: x=-5.05, y=-1.18[0m
[delivery_robot_main_controller-22] [0m[INFO] [1775542850.301211161] [main_controller_node]: Navigating with 6 goals....[0m
[delivery_robot_main_controller-22] [0m[INFO] [1775542850.304953092] [main_controller_node]: State change: RETRYING -> MOVE[0m
[bt_navigator-15] [INFO] [1775542850.304851013] [bt_navigator]: Begin navigating from current location through 6 poses to (-5.05, -1.18)
[controller_server-11] [INFO] [1775542850.306617566] [local_costmap.local_costmap]: Received request to clear entirely the local_costmap
[controller_server-11] [INFO] [1775542850.330164020] [local_costmap.local_costmap]: KeepoutFilter: Subscribing to "/keepout_costmap_filter_info" topic for filter info...
[delivery_robot_main_controller-22] [0m[INFO] [1775542850.355874553] [main_controller_node]: Robot is MOVING.[0m
[planner_server-13] [INFO] [1775542850.346163325] [global_costmap.global_costmap]: Received request to clear entirely the global_costmap
[planner_server-13] [INFO] [1775542850.396549017] [global_costmap.global_costmap]: KeepoutFilter: Subscribing to "/keepout_costmap_filter_info" topic for filter info...
[controller_server-11] [INFO] [1775542850.371200719] [local_costmap.local_costmap]: KeepoutFilter: Received filter info from /keepout_costmap_filter_info topic.
[controller_server-11] [INFO] [1775542850.378927236] [local_costmap.local_costmap]: KeepoutFilter: Subscribing to "/keepout_filter_mask" topic for filter mask...
[planner_server-13] [INFO] [1775542850.408554109] [global_costmap.global_costmap]: KeepoutFilter: Received filter info from /keepout_costmap_filter_info topic.
[planner_server-13] [INFO] [1775542850.408785100] [global_costmap.global_costmap]: KeepoutFilter: Subscribing to "/keepout_filter_mask" topic for filter mask...
[planner_server-13] [WARN] [1775542850.427566208] [global_costmap.global_costmap]: KeepoutFilter: New filter mask arrived from /keepout_filter_mask topic. Updating old filter mask.
[controller_server-11] [WARN] [1775542850.419443623] [local_costmap.local_costmap]: KeepoutFilter: New filter mask arrived from /keepout_filter_mask topic. Updating old filter mask.
[controller_server-11] [INFO] [1775542850.488274436] [controller_server]: Received a goal, begin computing control effort.
[controller_server-11] [INFO] [1775542850.501528686] [controller_server]: Optimizer reset
[controller_server-11] [INFO] [1775542850.505886008] [controller_server]: Optimizer reset
[controller_server-11] [WARN] [1775542850.506095999] [controller_server]: Optimizer fail to compute path
[controller_server-11] [INFO] [1775542850.593171275] [controller_server]: Passing new path to controller.
[controller_server-11] [INFO] [1775542850.601124117] [controller_server]: Optimizer reset
[controller_server-11] [INFO] [1775542850.607298740] [controller_server]: Optimizer reset
[controller_server-11] [WARN] [1775542850.607570854] [controller_server]: Optimizer fail to compute path
[controller_server-11] [INFO] [1775542850.699513848] [controller_server]: Optimizer reset
[controller_server-11] [INFO] [1775542850.705694595] [controller_server]: Optimizer reset
[controller_server-11] [WARN] [1775542850.706619724] [controller_server]: Optimizer fail to compute path
[controller_server-11] [INFO] [1775542850.793153397] [controller_server]: Passing new path to controller.
[controller_server-11] [INFO] [1775542850.795420721] [controller_server]: Optimizer reset
[controller_server-11] [INFO] [1775542850.797774667] [controller_server]: Optimizer reset
[controller_server-11] [WARN] [1775542850.798081779] [controller_server]: Optimizer fail to compute path
[controller_server-11] [INFO] [1775542850.893144604] [controller_server]: Passing new path to controller.
[controller_server-11] [INFO] [1775542850.895239851] [controller_server]: Optimizer reset
[controller_server-11] [INFO] [1775542850.896702500] [controller_server]: Optimizer reset
[controller_server-11] [WARN] [1775542850.896884784] [controller_server]: Optimizer fail to compute path
[controller_server-11] [INFO] [1775542850.993141352] [controller_server]: Passing new path to controller.
[controller_server-11] [INFO] [1775542850.995298722] [controller_server]: Optimizer reset
[controller_server-11] [INFO] [1775542850.996716456] [controller_server]: Optimizer reset
[controller_server-11] [WARN] [1775542850.996831659] [controller_server]: Optimizer fail to compute path
[localization_monitor-1] [WARN] [1775542851.005194568] [localization_monitor]: No pose update for 99.9s
[controller_server-11] [INFO] [1775542851.094770492] [controller_server]: Optimizer reset
[controller_server-11] [INFO] [1775542851.096228765] [controller_server]: Optimizer reset
[controller_server-11] [WARN] [1775542851.096361760] [controller_server]: Optimizer fail to compute path
[localization_monitor-21] [WARN] [1775542851.149689665] [localization_monitor]: No pose update for 100.0s
[controller_server-11] [INFO] [1775542851.193173638] [controller_server]: Passing new path to controller.
[controller_server-11] [INFO] [1775542851.200798077] [controller_server]: Optimizer reset
[controller_server-11] [INFO] [1775542851.206165691] [controller_server]: Optimizer reset
[controller_server-11] [WARN] [1775542851.206527343] [controller_server]: Optimizer fail to compute path
[controller_server-11] [INFO] [1775542851.293196052] [controller_server]: Passing new path to controller.
[controller_server-11] [INFO] [1775542851.300759243] [controller_server]: Optimizer reset
[controller_server-11] [INFO] [1775542851.306453510] [controller_server]: Optimizer reset
[controller_server-11] [WARN] [1775542851.306828287] [controller_server]: Optimizer fail to compute path
[delivery_robot_main_controller-22] [0m[INFO] [1775542851.342921729] [main_controller_node]: Current state: MOVE, dock_state IDLE, charge_state NOT_CHARGE[0m
[controller_server-11] [INFO] [1775542851.398340798] [controller_server]: Passing new path to controller.
[controller_server-11] [INFO] [1775542851.408990280] [controller_server]: Optimizer reset
[controller_server-11] [INFO] [1775542851.410839954] [controller_server]: Optimizer reset
[controller_server-11] [WARN] [1775542851.413097362] [controller_server]: Optimizer fail to compute path
[controller_server-11] [INFO] [1775542851.493177299] [controller_server]: Passing new path to controller.
[controller_server-11] [INFO] [1775542851.500370963] [controller_server]: Optimizer reset
[controller_server-11] [INFO] [1775542851.505619582] [controller_server]: Optimizer reset
[controller_server-11] [WARN] [1775542851.505922320] [controller_server]: Optimizer fail to compute path
[controller_server-11] [ERROR] [1775542851.506103729] [controller_server]: Controller patience exceeded
[controller_server-11] [INFO] [1775542851.508028067] [controller_server]: Optimizer reset
[controller_server-11] [WARN] [1775542851.508221726] [controller_server]: [follow_path] [ActionServer] Aborting handle.
[bt_navigator-15] [WARN] [1775542851.541123298] [bt_navigator]: [navigate_through_poses] [ActionServer] Aborting handle.
[bt_navigator-15] [ERROR] [1775542851.541466284] [bt_navigator]: Goal failed
[delivery_robot_main_controller-22] [33m[WARN] [1775542851.551506207] [main_controller_node]: Goal failed! (obstacle retry 6/5)[0m
[delivery_robot_main_controller-22] [33m[WARN] [1775542851.563491176] [main_controller_node]: 5 obstacle retries exhausted; switching to SAFE_STOP.[0m
[delivery_robot_main_controller-22] [0m[INFO] [1775542851.564853204] [main_controller_node]: State change: MOVE -> SAFE_STOP[0m
[delivery_robot_main_controller-22] [0m[INFO] [1775542851.585300535] [main_controller_node]: Robot is in SAFE_STOP. Awaiting user to switch to STANDBY.[0m
[delivery_robot_main_controller-22] [0m[INFO] [1775542851.587398991] [main_controller_node]: Robot is in SAFE_STOP. Awaiting user to switch to STANDBY.[0m
[localization_monitor-1] [WARN] [1775542852.005234671] [localization_monitor]: No pose update for 100.9s
[localization_monitor-21] [WARN] [1775542852.150118543] [localization_monitor]: No pose update for 101.0s
[delivery_robot_main_controller-22] [0m[INFO] [1775542852.162079305] [main_controller_node]: Current state: SAFE_STOP, dock_state IDLE, charge_state NOT_CHARGE[0m
[delivery_robot_main_controller-22] [0m[INFO] [1775542852.639774498] [main_controller_node]: Published message: "safe_stop"[0m
[robot_sound-23] [0m[INFO] [1775542852.642084112] [robot_sound_node]: 🔔 Received sound command: safe_stop[0m
[robot_sound-23] amixer: Unable to find simple control 'PCM',0
[robot_sound-23] 
[robot_sound-23] [0m[INFO] [1775542852.670241919] [robot_sound_node]: 🔊 Playing sound: /home/smr/workspaces/mini_amr/amrROS2_ws/sounds/robot_safestop.wav[0m
[robot_sound-23] aplay: main:834: audio open error: Device or resource busy
[localization_monitor-1] [WARN] [1775542853.007184238] [localization_monitor]: No pose update for 101.9s
[localization_monitor-21] [WARN] [1775542853.150087483] [localization_monitor]: No pose update for 102.0s
[delivery_robot_main_controller-22] [0m[INFO] [1775542853.172753723] [main_controller_node]: Current state: SAFE_STOP, dock_state IDLE, charge_state NOT_CHARGE[0m
[localization_monitor-1] [WARN] [1775542854.005198507] [localization_monitor]: No pose update for 102.9s
[localization_monitor-21] [WARN] [1775542854.149784308] [localization_monitor]: No pose update for 103.0s
[delivery_robot_main_controller-22] [0m[INFO] [1775542854.208777023] [main_controller_node]: Current state: SAFE_STOP, dock_state IDLE, charge_state NOT_CHARGE[0m
[localization_monitor-1] [WARN] [1775542855.006955581] [localization_monitor]: No pose update for 103.9s
[localization_monitor-21] [WARN] [1775542855.149814203] [localization_monitor]: No pose update for 104.0s
[delivery_robot_main_controller-22] [0m[INFO] [1775542855.222519066] [main_controller_node]: Current state: SAFE_STOP, dock_state IDLE, charge_state NOT_CHARGE[0m
[localization_monitor-1] [WARN] [1775542856.005111595] [localization_monitor]: No pose update for 104.9s
[localization_monitor-21] [WARN] [1775542856.149700896] [localization_monitor]: No pose update for 105.0s
[delivery_robot_main_controller-22] [0m[INFO] [1775542856.224524047] [main_controller_node]: Current state: SAFE_STOP, dock_state IDLE, charge_state NOT_CHARGE[0m
[localization_monitor-1] [WARN] [1775542857.005139740] [localization_monitor]: No pose update for 105.9s
[localization_monitor-21] [WARN] [1775542857.149733416] [localization_monitor]: No pose update for 106.0s
[delivery_robot_main_controller-22] [0m[INFO] [1775542857.245648164] [main_controller_node]: Current state: SAFE_STOP, dock_state IDLE, charge_state NOT_CHARGE[0m
[localization_monitor-1] [WARN] [1775542858.005143094] [localization_monitor]: No pose update for 106.9s
[localization_monitor-21] [WARN] [1775542858.148529903] [localization_monitor]: No pose update for 107.0s
[delivery_robot_main_controller-22] [0m[INFO] [1775542858.161308756] [main_controller_node]: Current state: SAFE_STOP, dock_state IDLE, charge_state NOT_CHARGE[0m
[localization_monitor-1] [WARN] [1775542859.007150992] [localization_monitor]: No pose update for 107.9s
[localization_monitor-21] [WARN] [1775542859.147789538] [localization_monitor]: No pose update for 108.0s
[delivery_robot_main_controller-22] [0m[INFO] [1775542859.242140433] [main_controller_node]: Current state: SAFE_STOP, dock_state IDLE, charge_state NOT_CHARGE[0m
[localization_monitor-1] [WARN] [1775542860.008433544] [localization_monitor]: No pose update for 108.9s
[localization_monitor-21] [WARN] [1775542860.150017052] [localization_monitor]: No pose update for 109.0s
[delivery_robot_main_controller-22] [0m[INFO] [1775542860.221214935] [main_controller_node]: Current state: SAFE_STOP, dock_state IDLE, charge_state NOT_CHARGE[0m
[localization_monitor-1] [WARN] [1775542861.005582182] [localization_monitor]: No pose update for 109.9s
[localization_monitor-21] [WARN] [1775542861.149772500] [localization_monitor]: No pose update for 110.0s
[delivery_robot_main_controller-22] [0m[INFO] [1775542861.174668733] [main_controller_node]: Current state: SAFE_STOP, dock_state IDLE, charge_state NOT_CHARGE[0m
[localization_monitor-1] [WARN] [1775542862.005147179] [localization_monitor]: No pose update for 110.9s
[localization_monitor-21] [WARN] [1775542862.149884933] [localization_monitor]: No pose update for 111.0s
[delivery_robot_main_controller-22] [0m[INFO] [1775542862.218907655] [main_controller_node]: Current state: SAFE_STOP, dock_state IDLE, charge_state NOT_CHARGE[0m
[localization_monitor-1] [WARN] [1775542863.005215865] [localization_monitor]: No pose update for 111.9s
[localization_monitor-21] [WARN] [1775542863.150053073] [localization_monitor]: No pose update for 112.0s
[delivery_robot_main_controller-22] [0m[INFO] [1775542863.235879775] [main_controller_node]: Current state: SAFE_STOP, dock_state IDLE, charge_state NOT_CHARGE[0m
[localization_monitor-1] [WARN] [1775542864.005412295] [localization_monitor]: No pose update for 112.9s
[localization_monitor-21] [WARN] [1775542864.149896600] [localization_monitor]: No pose update for 113.0s
[delivery_robot_main_controller-22] [0m[INFO] [1775542864.219501465] [main_controller_node]: Current state: SAFE_STOP, dock_state IDLE, charge_state NOT_CHARGE[0m
[localization_monitor-1] [WARN] [1775542865.005161326] [localization_monitor]: No pose update for 113.9s
[localization_monitor-21] [WARN] [1775542865.149962077] [localization_monitor]: No pose update for 114.0s
[delivery_robot_main_controller-22] [0m[INFO] [1775542865.164396654] [main_controller_node]: Current state: SAFE_STOP, dock_state IDLE, charge_state NOT_CHARGE[0m
[localization_monitor-1] [WARN] [1775542866.005157973] [localization_monitor]: No pose update for 114.9s
[localization_monitor-21] [WARN] [1775542866.149980015] [localization_monitor]: No pose update for 115.0s
[delivery_robot_main_controller-22] [0m[INFO] [1775542866.218794495] [main_controller_node]: Current state: SAFE_STOP, dock_state IDLE, charge_state NOT_CHARGE[0m
[localization_monitor-1] [WARN] [1775542867.005182035] [localization_monitor]: No pose update for 115.9s
[localization_monitor-21] [WARN] [1775542867.149839000] [localization_monitor]: No pose update for 116.0s
[delivery_robot_main_controller-22] [0m[INFO] [1775542867.203400812] [main_controller_node]: Current state: SAFE_STOP, dock_state IDLE, charge_state NOT_CHARGE[0m
[localization_monitor-1] [WARN] [1775542868.005329467] [localization_monitor]: No pose update for 116.9s
[localization_monitor-21] [WARN] [1775542868.149876186] [localization_monitor]: No pose update for 117.0s
[delivery_robot_main_controller-22] [0m[INFO] [1775542868.168063193] [main_controller_node]: Current state: SAFE_STOP, dock_state IDLE, charge_state NOT_CHARGE[0m
[localization_monitor-1] [WARN] [1775542869.005415943] [localization_monitor]: No pose update for 117.9s
[localization_monitor-21] [WARN] [1775542869.150380312] [localization_monitor]: No pose update for 118.0s
[delivery_robot_main_controller-22] [0m[INFO] [1775542869.184912818] [main_controller_node]: Current state: SAFE_STOP, dock_state IDLE, charge_state NOT_CHARGE[0m
[localization_monitor-1] [WARN] [1775542870.005276095] [localization_monitor]: No pose update for 118.9s
[localization_monitor-21] [WARN] [1775542870.149807065] [localization_monitor]: No pose update for 119.0s
[delivery_robot_main_controller-22] [0m[INFO] [1775542870.184633267] [main_controller_node]: Current state: SAFE_STOP, dock_state IDLE, charge_state NOT_CHARGE[0m
[localization_monitor-1] [WARN] [1775542871.005232785] [localization_monitor]: No pose update for 119.9s
[localization_monitor-21] [WARN] [1775542871.149685008] [localization_monitor]: No pose update for 120.0s
[delivery_robot_main_controller-22] [0m[INFO] [1775542871.249132862] [main_controller_node]: Current state: SAFE_STOP, dock_state IDLE, charge_state NOT_CHARGE[0m
[delivery_robot_main_controller-22] [0m[INFO] [1775542871.595864864] [main_controller_node]: Published message: "safe_stop"[0m
[robot_sound-23] [0m[INFO] [1775542871.595654872] [robot_sound_node]: 🔔 Received sound command: safe_stop[0m
[robot_sound-23] amixer: Unable to find simple control 'PCM',0
[robot_sound-23] 
[robot_sound-23] [0m[INFO] [1775542871.630214794] [robot_sound_node]: 🔊 Playing sound: /home/smr/workspaces/mini_amr/amrROS2_ws/sounds/robot_safestop.wav[0m
[robot_sound-23] Playing WAVE '/home/smr/workspaces/mini_amr/amrROS2_ws/sounds/robot_safestop.wav' : Signed 16 bit Little Endian, Rate 22050 Hz, Mono
[localization_monitor-1] [WARN] [1775542872.005672455] [localization_monitor]: No pose update for 120.9s
[localization_monitor-21] [WARN] [1775542872.149889605] [localization_monitor]: No pose update for 121.0s
[delivery_robot_main_controller-22] [0m[INFO] [1775542872.174164905] [main_controller_node]: Current state: SAFE_STOP, dock_state IDLE, charge_state NOT_CHARGE[0m
[localization_monitor-1] [WARN] [1775542873.008594982] [localization_monitor]: No pose update for 121.9s
[localization_monitor-21] [WARN] [1775542873.151095160] [localization_monitor]: No pose update for 122.0s
[delivery_robot_main_controller-22] [0m[INFO] [1775542873.179346006] [main_controller_node]: Current state: SAFE_STOP, dock_state IDLE, charge_state NOT_CHARGE[0m
[localization_monitor-1] [WARN] [1775542874.005202308] [localization_monitor]: No pose update for 122.9s
[localization_monitor-21] [WARN] [1775542874.149953770] [localization_monitor]: No pose update for 123.0s
[delivery_robot_main_controller-22] [0m[INFO] [1775542874.176100910] [main_controller_node]: Current state: SAFE_STOP, dock_state IDLE, charge_state NOT_CHARGE[0m
[localization_monitor-1] [WARN] [1775542875.008980259] [localization_monitor]: No pose update for 123.9s
[localization_monitor-21] [WARN] [1775542875.147634094] [localization_monitor]: No pose update for 124.0s
[delivery_robot_main_controller-22] [0m[INFO] [1775542875.191821247] [main_controller_node]: Current state: SAFE_STOP, dock_state IDLE, charge_state NOT_CHARGE[0m
[localization_monitor-1] [WARN] [1775542876.006760037] [localization_monitor]: No pose update for 124.9s
[localization_monitor-21] [WARN] [1775542876.147615283] [localization_monitor]: No pose update for 125.0s
[delivery_robot_main_controller-22] [0m[INFO] [1775542876.166370142] [main_controller_node]: Current state: SAFE_STOP, dock_state IDLE, charge_state NOT_CHARGE[0m
[localization_monitor-1] [WARN] [1775542877.005703518] [localization_monitor]: No pose update for 125.9s
[localization_monitor-21] [WARN] [1775542877.147646928] [localization_monitor]: No pose update for 126.0s
[delivery_robot_main_controller-22] [0m[INFO] [1775542877.229364798] [main_controller_node]: Current state: SAFE_STOP, dock_state IDLE, charge_state NOT_CHARGE[0m
[localization_monitor-1] [WARN] [1775542878.006081358] [localization_monitor]: No pose update for 126.9s
[localization_monitor-21] [WARN] [1775542878.147589618] [localization_monitor]: No pose update for 127.0s
[delivery_robot_main_controller-22] [0m[INFO] [1775542878.164909536] [main_controller_node]: Current state: SAFE_STOP, dock_state IDLE, charge_state NOT_CHARGE[0m
[localization_monitor-1] [WARN] [1775542879.008290497] [localization_monitor]: No pose update for 127.9s
[localization_monitor-21] [WARN] [1775542879.149864963] [localization_monitor]: No pose update for 128.0s
[delivery_robot_main_controller-22] [0m[INFO] [1775542879.180506795] [main_controller_node]: Current state: SAFE_STOP, dock_state IDLE, charge_state NOT_CHARGE[0m
[localization_monitor-1] [WARN] [1775542880.005159146] [localization_monitor]: No pose update for 128.9s
[localization_monitor-21] [WARN] [1775542880.149776447] [localization_monitor]: No pose update for 129.0s
[delivery_robot_main_controller-22] [0m[INFO] [1775542880.166661507] [main_controller_node]: Current state: SAFE_STOP, dock_state IDLE, charge_state NOT_CHARGE[0m
[localization_monitor-1] [WARN] [1775542881.005889013] [localization_monitor]: No pose update for 129.9s
[localization_monitor-21] [WARN] [1775542881.150112579] [localization_monitor]: No pose update for 130.0s
[delivery_robot_main_controller-22] [0m[INFO] [1775542881.169085596] [main_controller_node]: Current state: SAFE_STOP, dock_state IDLE, charge_state NOT_CHARGE[0m
[localization_monitor-1] [WARN] [1775542882.005808079] [localization_monitor]: No pose update for 130.9s
[localization_monitor-21] [WARN] [1775542882.149805321] [localization_monitor]: No pose update for 131.0s
[delivery_robot_main_controller-22] [0m[INFO] [1775542882.207976153] [main_controller_node]: Current state: SAFE_STOP, dock_state IDLE, charge_state NOT_CHARGE[0m
[localization_monitor-1] [WARN] [1775542883.007298581] [localization_monitor]: No pose update for 131.9s
[localization_monitor-21] [WARN] [1775542883.149773969] [localization_monitor]: No pose update for 132.0s
[delivery_robot_main_controller-22] [0m[INFO] [1775542883.165254420] [main_controller_node]: Current state: SAFE_STOP, dock_state IDLE, charge_state NOT_CHARGE[0m
[localization_monitor-1] [WARN] [1775542884.007317102] [localization_monitor]: No pose update for 132.9s
[localization_monitor-21] [WARN] [1775542884.152501671] [localization_monitor]: No pose update for 133.0s
[delivery_robot_main_controller-22] [0m[INFO] [1775542884.188880643] [main_controller_node]: Current state: SAFE_STOP, dock_state IDLE, charge_state NOT_CHARGE[0m
[localization_monitor-1] [WARN] [1775542885.005869474] [localization_monitor]: No pose update for 133.9s
[localization_monitor-21] [WARN] [1775542885.150570479] [localization_monitor]: No pose update for 134.0s
[delivery_robot_main_controller-22] [0m[INFO] [1775542885.172782030] [main_controller_node]: Current state: SAFE_STOP, dock_state IDLE, charge_state NOT_CHARGE[0m
[localization_monitor-1] [WARN] [1775542886.008582885] [localization_monitor]: No pose update for 134.9s
[localization_monitor-21] [WARN] [1775542886.149792491] [localization_monitor]: No pose update for 135.0s
[delivery_robot_main_controller-22] [0m[INFO] [1775542886.157948324] [main_controller_node]: Current state: SAFE_STOP, dock_state IDLE, charge_state NOT_CHARGE[0m
[localization_monitor-1] [WARN] [1775542887.007526657] [localization_monitor]: No pose update for 135.9s
[localization_monitor-21] [WARN] [1775542887.150359905] [localization_monitor]: No pose update for 136.0s
[delivery_robot_main_controller-22] [0m[INFO] [1775542887.183174857] [main_controller_node]: Current state: SAFE_STOP, dock_state IDLE, charge_state NOT_CHARGE[0m
[localization_monitor-1] [WARN] [1775542888.007336353] [localization_monitor]: No pose update for 136.9s
[localization_monitor-21] [WARN] [1775542888.149812907] [localization_monitor]: No pose update for 137.0s
[delivery_robot_main_controller-22] [0m[INFO] [1775542888.215387395] [main_controller_node]: Current state: SAFE_STOP, dock_state IDLE, charge_state NOT_CHARGE[0m
[localization_monitor-1] [WARN] [1775542889.007628738] [localization_monitor]: No pose update for 137.9s
[localization_monitor-21] [WARN] [1775542889.150214079] [localization_monitor]: No pose update for 138.0s
[delivery_robot_main_controller-22] [0m[INFO] [1775542889.252343990] [main_controller_node]: Current state: SAFE_STOP, dock_state IDLE, charge_state NOT_CHARGE[0m
[localization_monitor-1] [WARN] [1775542890.005127069] [localization_monitor]: No pose update for 138.9s
[localization_monitor-21] [WARN] [1775542890.150049732] [localization_monitor]: No pose update for 139.0s
[delivery_robot_main_controller-22] [0m[INFO] [1775542890.208006198] [main_controller_node]: Current state: SAFE_STOP, dock_state IDLE, charge_state NOT_CHARGE[0m
[localization_monitor-1] [WARN] [1775542891.010665448] [localization_monitor]: No pose update for 139.9s
[localization_monitor-21] [WARN] [1775542891.150762391] [localization_monitor]: No pose update for 140.0s
[delivery_robot_main_controller-22] [0m[INFO] [1775542891.245004208] [main_controller_node]: Current state: SAFE_STOP, dock_state IDLE, charge_state NOT_CHARGE[0m
[delivery_robot_main_controller-22] [0m[INFO] [1775542891.598861043] [main_controller_node]: Published message: "safe_stop"[0m
[robot_sound-23] [0m[INFO] [1775542891.599686426] [robot_sound_node]: 🔔 Received sound command: safe_stop[0m
[robot_sound-23] amixer: Unable to find simple control 'PCM',0
[robot_sound-23] 
[robot_sound-23] [0m[INFO] [1775542891.612814390] [robot_sound_node]: 🔊 Playing sound: /home/smr/workspaces/mini_amr/amrROS2_ws/sounds/robot_safestop.wav[0m
[robot_sound-23] Playing WAVE '/home/smr/workspaces/mini_amr/amrROS2_ws/sounds/robot_safestop.wav' : Signed 16 bit Little Endian, Rate 22050 Hz, Mono
[localization_monitor-1] [WARN] [1775542892.005259190] [localization_monitor]: No pose update for 140.9s
[localization_monitor-21] [WARN] [1775542892.147597208] [localization_monitor]: No pose update for 141.0s
[delivery_robot_main_controller-22] [0m[INFO] [1775542892.159331354] [main_controller_node]: Current state: SAFE_STOP, dock_state IDLE, charge_state NOT_CHARGE[0m
[localization_monitor-1] [WARN] [1775542893.007573325] [localization_monitor]: No pose update for 141.9s
[localization_monitor-21] [WARN] [1775542893.150152542] [localization_monitor]: No pose update for 142.0s
[delivery_robot_main_controller-22] [0m[INFO] [1775542893.164499331] [main_controller_node]: Current state: SAFE_STOP, dock_state IDLE, charge_state NOT_CHARGE[0m
[localization_monitor-1] [WARN] [1775542894.005958287] [localization_monitor]: No pose update for 142.9s
[localization_monitor-21] [WARN] [1775542894.150384262] [localization_monitor]: No pose update for 143.0s
[delivery_robot_main_controller-22] [0m[INFO] [1775542894.176172667] [main_controller_node]: Current state: SAFE_STOP, dock_state IDLE, charge_state NOT_CHARGE[0m
[localization_monitor-1] [WARN] [1775542895.005526201] [localization_monitor]: No pose update for 143.9s
[localization_monitor-21] [WARN] [1775542895.147707310] [localization_monitor]: No pose update for 144.0s
[delivery_robot_main_controller-22] [0m[INFO] [1775542895.185970663] [main_controller_node]: Current state: SAFE_STOP, dock_state IDLE, charge_state NOT_CHARGE[0m
[localization_monitor-1] [WARN] [1775542896.007655427] [localization_monitor]: No pose update for 144.9s
[localization_monitor-21] [WARN] [1775542896.149860451] [localization_monitor]: No pose update for 145.0s
[delivery_robot_main_controller-22] [0m[INFO] [1775542896.173416239] [main_controller_node]: Current state: SAFE_STOP, dock_state IDLE, charge_state NOT_CHARGE[0m
[localization_monitor-1] [WARN] [1775542897.009373129] [localization_monitor]: No pose update for 145.9s
[localization_monitor-21] [WARN] [1775542897.150023049] [localization_monitor]: No pose update for 146.0s
[delivery_robot_main_controller-22] [0m[INFO] [1775542897.241595933] [main_controller_node]: Current state: SAFE_STOP, dock_state IDLE, charge_state NOT_CHARGE[0m
[localization_monitor-1] [WARN] [1775542898.007198406] [localization_monitor]: No pose update for 146.9s
[localization_monitor-21] [WARN] [1775542898.147698707] [localization_monitor]: No pose update for 147.0s
[delivery_robot_main_controller-22] [0m[INFO] [1775542898.172796474] [main_controller_node]: Current state: SAFE_STOP, dock_state IDLE, charge_state NOT_CHARGE[0m
[localization_monitor-1] [WARN] [1775542899.007623493] [localization_monitor]: No pose update for 147.9s
[localization_monitor-21] [WARN] [1775542899.149834350] [localization_monitor]: No pose update for 148.0s
[delivery_robot_main_controller-22] [0m[INFO] [1775542899.176439388] [main_controller_node]: Current state: SAFE_STOP, dock_state IDLE, charge_state NOT_CHARGE[0m
[localization_monitor-1] [WARN] [1775542900.007566475] [localization_monitor]: No pose update for 148.9s
[localization_monitor-21] [WARN] [1775542900.147633086] [localization_monitor]: No pose update for 149.0s
[delivery_robot_main_controller-22] [0m[INFO] [1775542900.169437487] [main_controller_node]: Current state: SAFE_STOP, dock_state IDLE, charge_state NOT_CHARGE[0m
[localization_monitor-1] [WARN] [1775542901.007154805] [localization_monitor]: No pose update for 149.9s
[localization_monitor-21] [WARN] [1775542901.147611066] [localization_monitor]: No pose update for 150.0s
[delivery_robot_main_controller-22] [0m[INFO] [1775542901.167128311] [main_controller_node]: Current state: SAFE_STOP, dock_state IDLE, charge_state NOT_CHARGE[0m
[localization_monitor-1] [WARN] [1775542902.007290570] [localization_monitor]: No pose update for 150.9s
[localization_monitor-21] [WARN] [1775542902.147660211] [localization_monitor]: No pose update for 151.0s
[delivery_robot_main_controller-22] [0m[INFO] [1775542902.206040159] [main_controller_node]: Current state: SAFE_STOP, dock_state IDLE, charge_state NOT_CHARGE[0m
[localization_monitor-1] [WARN] [1775542903.007551748] [localization_monitor]: No pose update for 151.9s
[localization_monitor-21] [WARN] [1775542903.147627692] [localization_monitor]: No pose update for 152.0s
[delivery_robot_main_controller-22] [0m[INFO] [1775542903.176231732] [main_controller_node]: Current state: SAFE_STOP, dock_state IDLE, charge_state NOT_CHARGE[0m
[localization_monitor-1] [WARN] [1775542904.007564144] [localization_monitor]: No pose update for 152.9s
[localization_monitor-21] [WARN] [1775542904.149355309] [localization_monitor]: No pose update for 153.0s
[delivery_robot_main_controller-22] [0m[INFO] [1775542904.194649875] [main_controller_node]: Current state: SAFE_STOP, dock_state IDLE, charge_state NOT_CHARGE[0m
[localization_monitor-1] [WARN] [1775542905.007172014] [localization_monitor]: No pose update for 153.9s
[localization_monitor-21] [WARN] [1775542905.147606985] [localization_monitor]: No pose update for 154.0s
[delivery_robot_main_controller-22] [0m[INFO] [1775542905.165869531] [main_controller_node]: Current state: SAFE_STOP, dock_state IDLE, charge_state NOT_CHARGE[0m
[localization_monitor-1] [WARN] [1775542906.005458689] [localization_monitor]: No pose update for 154.9s
[localization_monitor-21] [WARN] [1775542906.147616756] [localization_monitor]: No pose update for 155.0s
[delivery_robot_main_controller-22] [0m[INFO] [1775542906.184910066] [main_controller_node]: Current state: SAFE_STOP, dock_state IDLE, charge_state NOT_CHARGE[0m
[localization_monitor-1] [WARN] [1775542907.005159598] [localization_monitor]: No pose update for 155.9s
[localization_monitor-21] [WARN] [1775542907.147960764] [localization_monitor]: No pose update for 156.0s
[delivery_robot_main_controller-22] [0m[INFO] [1775542907.233776966] [main_controller_node]: Current state: SAFE_STOP, dock_state IDLE, charge_state NOT_CHARGE[0m
[localization_monitor-1] [WARN] [1775542908.005436816] [localization_monitor]: No pose update for 156.9s
[localization_monitor-21] [WARN] [1775542908.147735752] [localization_monitor]: No pose update for 157.0s
[delivery_robot_main_controller-22] [0m[INFO] [1775542908.232716364] [main_controller_node]: Current state: SAFE_STOP, dock_state IDLE, charge_state NOT_CHARGE[0m
[localization_monitor-1] [WARN] [1775542909.005164848] [localization_monitor]: No pose update for 157.9s
[localization_monitor-21] [WARN] [1775542909.147588613] [localization_monitor]: No pose update for 158.0s
[delivery_robot_main_controller-22] [0m[INFO] [1775542909.182662430] [main_controller_node]: Current state: SAFE_STOP, dock_state IDLE, charge_state NOT_CHARGE[0m
[localization_monitor-1] [WARN] [1775542910.005261532] [localization_monitor]: No pose update for 158.9s
[localization_monitor-21] [WARN] [1775542910.147607425] [localization_monitor]: No pose update for 159.0s
[delivery_robot_main_controller-22] [0m[INFO] [1775542910.225526200] [main_controller_node]: Current state: SAFE_STOP, dock_state IDLE, charge_state NOT_CHARGE[0m
[localization_monitor-1] [WARN] [1775542911.005225805] [localization_monitor]: No pose update for 159.9s
[localization_monitor-21] [WARN] [1775542911.147684860] [localization_monitor]: No pose update for 160.0s
[delivery_robot_main_controller-22] [0m[INFO] [1775542911.186100166] [main_controller_node]: Current state: SAFE_STOP, dock_state IDLE, charge_state NOT_CHARGE[0m
[delivery_robot_main_controller-22] [0m[INFO] [1775542911.623492172] [main_controller_node]: Published message: "safe_stop"[0m
[robot_sound-23] [0m[INFO] [1775542911.624273223] [robot_sound_node]: 🔔 Received sound command: safe_stop[0m
[robot_sound-23] amixer: Unable to find simple control 'PCM',0
[robot_sound-23] 
[robot_sound-23] [0m[INFO] [1775542911.651457488] [robot_sound_node]: 🔊 Playing sound: /home/smr/workspaces/mini_amr/amrROS2_ws/sounds/robot_safestop.wav[0m
[robot_sound-23] Playing WAVE '/home/smr/workspaces/mini_amr/amrROS2_ws/sounds/robot_safestop.wav' : Signed 16 bit Little Endian, Rate 22050 Hz, Mono
[localization_monitor-1] [WARN] [1775542912.005179870] [localization_monitor]: No pose update for 160.9s
[localization_monitor-21] [WARN] [1775542912.147635425] [localization_monitor]: No pose update for 161.0s
[delivery_robot_main_controller-22] [0m[INFO] [1775542912.170266667] [main_controller_node]: Current state: SAFE_STOP, dock_state IDLE, charge_state NOT_CHARGE[0m
[localization_monitor-1] [WARN] [1775542913.006208683] [localization_monitor]: No pose update for 161.9s
[localization_monitor-21] [WARN] [1775542913.147606698] [localization_monitor]: No pose update for 162.0s
[delivery_robot_main_controller-22] [0m[INFO] [1775542913.163535714] [main_controller_node]: Current state: SAFE_STOP, dock_state IDLE, charge_state NOT_CHARGE[0m
[localization_monitor-1] [WARN] [1775542914.007112959] [localization_monitor]: No pose update for 162.9s
[localization_monitor-21] [WARN] [1775542914.147661675] [localization_monitor]: No pose update for 163.0s
[delivery_robot_main_controller-22] [0m[INFO] [1775542914.169961597] [main_controller_node]: Current state: SAFE_STOP, dock_state IDLE, charge_state NOT_CHARGE[0m
[localization_monitor-1] [WARN] [1775542915.007427509] [localization_monitor]: No pose update for 163.9s
[localization_monitor-21] [WARN] [1775542915.147838564] [localization_monitor]: No pose update for 164.0s
[delivery_robot_main_controller-22] [0m[INFO] [1775542915.164904159] [main_controller_node]: Current state: SAFE_STOP, dock_state IDLE, charge_state NOT_CHARGE[0m
[localization_monitor-1] [WARN] [1775542916.007216206] [localization_monitor]: No pose update for 164.9s
[localization_monitor-21] [WARN] [1775542916.147647385] [localization_monitor]: No pose update for 165.0s
[delivery_robot_main_controller-22] [0m[INFO] [1775542916.196463391] [main_controller_node]: Current state: SAFE_STOP, dock_state IDLE, charge_state NOT_CHARGE[0m
[localization_monitor-1] [WARN] [1775542917.007476800] [localization_monitor]: No pose update for 165.9s
[localization_monitor-21] [WARN] [1775542917.147645490] [localization_monitor]: No pose update for 166.0s
[delivery_robot_main_controller-22] [0m[INFO] [1775542917.163148981] [main_controller_node]: Current state: SAFE_STOP, dock_state IDLE, charge_state NOT_CHARGE[0m
[localization_monitor-1] [WARN] [1775542918.007183541] [localization_monitor]: No pose update for 166.9s
[localization_monitor-21] [WARN] [1775542918.147597513] [localization_monitor]: No pose update for 167.0s
[delivery_robot_main_controller-22] [0m[INFO] [1775542918.173477498] [main_controller_node]: Current state: SAFE_STOP, dock_state IDLE, charge_state NOT_CHARGE[0m
[localization_monitor-1] [WARN] [1775542919.007282267] [localization_monitor]: No pose update for 167.9s
[localization_monitor-21] [WARN] [1775542919.147597951] [localization_monitor]: No pose update for 168.0s
[delivery_robot_main_controller-22] [0m[INFO] [1775542919.175476646] [main_controller_node]: Current state: SAFE_STOP, dock_state IDLE, charge_state NOT_CHARGE[0m
[localization_monitor-1] [WARN] [1775542920.007299038] [localization_monitor]: No pose update for 168.9s
[localization_monitor-21] [WARN] [1775542920.148499311] [localization_monitor]: No pose update for 169.0s
[delivery_robot_main_controller-22] [0m[INFO] [1775542920.171225049] [main_controller_node]: Current state: SAFE_STOP, dock_state IDLE, charge_state NOT_CHARGE[0m
[localization_monitor-1] [WARN] [1775542921.007276435] [localization_monitor]: No pose update for 169.9s
[localization_monitor-21] [WARN] [1775542921.150074684] [localization_monitor]: No pose update for 170.0s
[delivery_robot_main_controller-22] [0m[INFO] [1775542921.185982926] [main_controller_node]: Current state: SAFE_STOP, dock_state IDLE, charge_state NOT_CHARGE[0m
[ekf_node-6] [ERROR] [1775542921.800883305] [ekf_filter_node]: Failed to meet update rate! Took 0.047783256000000003116seconds. Try decreasing the rate, limiting sensor output frequency, or limiting the number of sensors.
[localization_monitor-1] [WARN] [1775542922.005156543] [localization_monitor]: No pose update for 170.9s
[localization_monitor-21] [WARN] [1775542922.151327488] [localization_monitor]: No pose update for 171.0s
[delivery_robot_main_controller-22] [0m[INFO] [1775542922.205746765] [main_controller_node]: Current state: SAFE_STOP, dock_state IDLE, charge_state NOT_CHARGE[0m
[localization_monitor-1] [WARN] [1775542923.005171272] [localization_monitor]: No pose update for 171.9s
[localization_monitor-21] [WARN] [1775542923.149795572] [localization_monitor]: No pose update for 172.0s
[delivery_robot_main_controller-22] [0m[INFO] [1775542923.164408350] [main_controller_node]: Current state: SAFE_STOP, dock_state IDLE, charge_state NOT_CHARGE[0m
[localization_monitor-1] [WARN] [1775542924.009020678] [localization_monitor]: No pose update for 172.9s
[localization_monitor-21] [WARN] [1775542924.150365611] [localization_monitor]: No pose update for 173.0s
[delivery_robot_main_controller-22] [0m[INFO] [1775542924.219861981] [main_controller_node]: Current state: SAFE_STOP, dock_state IDLE, charge_state NOT_CHARGE[0m
[localization_monitor-1] [WARN] [1775542925.005185856] [localization_monitor]: No pose update for 173.9s
[localization_monitor-21] [WARN] [1775542925.150715452] [localization_monitor]: No pose update for 174.0s
[delivery_robot_main_controller-22] [0m[INFO] [1775542925.174786593] [main_controller_node]: Current state: SAFE_STOP, dock_state IDLE, charge_state NOT_CHARGE[0m
[localization_monitor-1] [WARN] [1775542926.007105965] [localization_monitor]: No pose update for 174.9s
[localization_monitor-21] [WARN] [1775542926.150927339] [localization_monitor]: No pose update for 175.0s
[delivery_robot_main_controller-22] [0m[INFO] [1775542926.183930700] [main_controller_node]: Current state: SAFE_STOP, dock_state IDLE, charge_state NOT_CHARGE[0m
[localization_monitor-1] [WARN] [1775542927.005218814] [localization_monitor]: No pose update for 175.9s
[localization_monitor-21] [WARN] [1775542927.149790324] [localization_monitor]: No pose update for 176.0s
[delivery_robot_main_controller-22] [0m[INFO] [1775542927.245110388] [main_controller_node]: Current state: SAFE_STOP, dock_state IDLE, charge_state NOT_CHARGE[0m
[localization_monitor-1] [WARN] [1775542928.007385955] [localization_monitor]: No pose update for 176.9s
[localization_monitor-21] [WARN] [1775542928.148151371] [localization_monitor]: No pose update for 177.0s
[delivery_robot_main_controller-22] [0m[INFO] [1775542928.163675570] [main_controller_node]: Current state: SAFE_STOP, dock_state IDLE, charge_state NOT_CHARGE[0m
[localization_monitor-1] [WARN] [1775542929.007334478] [localization_monitor]: No pose update for 177.9s
[localization_monitor-21] [WARN] [1775542929.150269514] [localization_monitor]: No pose update for 178.0s
[delivery_robot_main_controller-22] [0m[INFO] [1775542929.167700843] [main_controller_node]: Current state: SAFE_STOP, dock_state IDLE, charge_state NOT_CHARGE[0m
[localization_monitor-1] [WARN] [1775542930.007146507] [localization_monitor]: No pose update for 178.9s
[localization_monitor-21] [WARN] [1775542930.149789305] [localization_monitor]: No pose update for 179.0s
[delivery_robot_main_controller-22] [0m[INFO] [1775542930.182823872] [main_controller_node]: Current state: SAFE_STOP, dock_state IDLE, charge_state NOT_CHARGE[0m
[localization_monitor-1] [WARN] [1775542931.007375311] [localization_monitor]: No pose update for 179.9s
[localization_monitor-21] [WARN] [1775542931.149984568] [localization_monitor]: No pose update for 180.0s
[delivery_robot_main_controller-22] [0m[INFO] [1775542931.185358498] [main_controller_node]: Current state: SAFE_STOP, dock_state IDLE, charge_state NOT_CHARGE[0m
[robot_sound-23] [0m[INFO] [1775542931.622595927] [robot_sound_node]: 🔔 Received sound command: safe_stop[0m
[delivery_robot_main_controller-22] [0m[INFO] [1775542931.624257484] [main_controller_node]: Published message: "safe_stop"[0m
[robot_sound-23] amixer: Unable to find simple control 'PCM',0
[robot_sound-23] 
[robot_sound-23] [0m[INFO] [1775542931.632972128] [robot_sound_node]: 🔊 Playing sound: /home/smr/workspaces/mini_amr/amrROS2_ws/sounds/robot_safestop.wav[0m
[robot_sound-23] Playing WAVE '/home/smr/workspaces/mini_amr/amrROS2_ws/sounds/robot_safestop.wav' : Signed 16 bit Little Endian, Rate 22050 Hz, Mono
[localization_monitor-1] [WARN] [1775542932.007158758] [localization_monitor]: No pose update for 180.9s
[localization_monitor-21] [WARN] [1775542932.149856386] [localization_monitor]: No pose update for 181.0s
[delivery_robot_main_controller-22] [0m[INFO] [1775542932.214015765] [main_controller_node]: Current state: SAFE_STOP, dock_state IDLE, charge_state NOT_CHARGE[0m
[localization_monitor-1] [WARN] [1775542933.007345271] [localization_monitor]: No pose update for 181.9s
[localization_monitor-21] [WARN] [1775542933.149794410] [localization_monitor]: No pose update for 182.0s
[delivery_robot_main_controller-22] [0m[INFO] [1775542933.172733640] [main_controller_node]: Current state: SAFE_STOP, dock_state IDLE, charge_state NOT_CHARGE[0m
[localization_monitor-1] [WARN] [1775542934.005143716] [localization_monitor]: No pose update for 182.9s
[localization_monitor-21] [WARN] [1775542934.150379908] [localization_monitor]: No pose update for 183.0s
[delivery_robot_main_controller-22] [0m[INFO] [1775542934.185480849] [main_controller_node]: Current state: SAFE_STOP, dock_state IDLE, charge_state NOT_CHARGE[0m
[localization_monitor-1] [WARN] [1775542935.007132073] [localization_monitor]: No pose update for 183.9s
[localization_monitor-21] [WARN] [1775542935.147749328] [localization_monitor]: No pose update for 184.0s
[delivery_robot_main_controller-22] [0m[INFO] [1775542935.172174830] [main_controller_node]: Current state: SAFE_STOP, dock_state IDLE, charge_state NOT_CHARGE[0m
[localization_monitor-1] [WARN] [1775542936.007185884] [localization_monitor]: No pose update for 184.9s
[localization_monitor-21] [WARN] [1775542936.147687935] [localization_monitor]: No pose update for 185.0s
[delivery_robot_main_controller-22] [0m[INFO] [1775542936.174096106] [main_controller_node]: Current state: SAFE_STOP, dock_state IDLE, charge_state NOT_CHARGE[0m
[localization_monitor-1] [WARN] [1775542937.007194488] [localization_monitor]: No pose update for 185.9s
[localization_monitor-21] [WARN] [1775542937.147611668] [localization_monitor]: No pose update for 186.0s
[delivery_robot_main_controller-22] [0m[INFO] [1775542937.173934676] [main_controller_node]: Current state: SAFE_STOP, dock_state IDLE, charge_state NOT_CHARGE[0m
[localization_monitor-1] [WARN] [1775542938.005136135] [localization_monitor]: No pose update for 186.9s
[localization_monitor-21] [WARN] [1775542938.151126254] [localization_monitor]: No pose update for 187.0s
[delivery_robot_main_controller-22] [0m[INFO] [1775542938.174899325] [main_controller_node]: Current state: SAFE_STOP, dock_state IDLE, charge_state NOT_CHARGE[0m
[localization_monitor-1] [WARN] [1775542939.005132490] [localization_monitor]: No pose update for 187.9s
[localization_monitor-21] [WARN] [1775542939.150217896] [localization_monitor]: No pose update for 188.0s
[delivery_robot_main_controller-22] [0m[INFO] [1775542939.176676232] [main_controller_node]: Current state: SAFE_STOP, dock_state IDLE, charge_state NOT_CHARGE[0m
[localization_monitor-1] [WARN] [1775542940.005140802] [localization_monitor]: No pose update for 188.9s
[localization_monitor-21] [WARN] [1775542940.150634525] [localization_monitor]: No pose update for 189.0s
[delivery_robot_main_controller-22] [0m[INFO] [1775542940.176931868] [main_controller_node]: Current state: SAFE_STOP, dock_state IDLE, charge_state NOT_CHARGE[0m
[localization_monitor-1] [WARN] [1775542941.005175072] [localization_monitor]: No pose update for 189.9s
[localization_monitor-21] [WARN] [1775542941.150189315] [localization_monitor]: No pose update for 190.0s
[delivery_robot_main_controller-22] [0m[INFO] [1775542941.196490090] [main_controller_node]: Current state: SAFE_STOP, dock_state IDLE, charge_state NOT_CHARGE[0m
[localization_monitor-1] [WARN] [1775542942.005955979] [localization_monitor]: No pose update for 190.9s
[localization_monitor-21] [WARN] [1775542942.149863099] [localization_monitor]: No pose update for 191.0s
[delivery_robot_main_controller-22] [0m[INFO] [1775542942.162694159] [main_controller_node]: Current state: SAFE_STOP, dock_state IDLE, charge_state NOT_CHARGE[0m
[localization_monitor-1] [WARN] [1775542943.005146783] [localization_monitor]: No pose update for 191.9s
[localization_monitor-21] [WARN] [1775542943.149748334] [localization_monitor]: No pose update for 192.0s
[delivery_robot_main_controller-22] [0m[INFO] [1775542943.185549246] [main_controller_node]: Current state: SAFE_STOP, dock_state IDLE, charge_state NOT_CHARGE[0m
[localization_monitor-1] [WARN] [1775542944.005171137] [localization_monitor]: No pose update for 192.9s
[localization_monitor-21] [WARN] [1775542944.147770478] [localization_monitor]: No pose update for 193.0s
[delivery_robot_main_controller-22] [0m[INFO] [1775542944.172149898] [main_controller_node]: Current state: SAFE_STOP, dock_state IDLE, charge_state NOT_CHARGE[0m
[localization_monitor-1] [WARN] [1775542945.005140076] [localization_monitor]: No pose update for 193.9s
[localization_monitor-21] [WARN] [1775542945.149911078] [localization_monitor]: No pose update for 194.0s
[delivery_robot_main_controller-22] [0m[INFO] [1775542945.173433034] [main_controller_node]: Current state: SAFE_STOP, dock_state IDLE, charge_state NOT_CHARGE[0m
[localization_monitor-1] [WARN] [1775542946.005181346] [localization_monitor]: No pose update for 194.9s
[localization_monitor-21] [WARN] [1775542946.150927933] [localization_monitor]: No pose update for 195.0s
[delivery_robot_main_controller-22] [0m[INFO] [1775542946.162343300] [main_controller_node]: Current state: SAFE_STOP, dock_state IDLE, charge_state NOT_CHARGE[0m
[localization_monitor-1] [WARN] [1775542947.005139202] [localization_monitor]: No pose update for 195.9s
[localization_monitor-21] [WARN] [1775542947.147680504] [localization_monitor]: No pose update for 196.0s
[delivery_robot_main_controller-22] [0m[INFO] [1775542947.210091412] [main_controller_node]: Current state: SAFE_STOP, dock_state IDLE, charge_state NOT_CHARGE[0m
[localization_monitor-1] [WARN] [1775542948.005179305] [localization_monitor]: No pose update for 196.9s
[localization_monitor-21] [WARN] [1775542948.149798063] [localization_monitor]: No pose update for 197.0s
[delivery_robot_main_controller-22] [0m[INFO] [1775542948.172335976] [main_controller_node]: Current state: SAFE_STOP, dock_state IDLE, charge_state NOT_CHARGE[0m
[localization_monitor-1] [WARN] [1775542949.005145911] [localization_monitor]: No pose update for 197.9s
[localization_monitor-21] [WARN] [1775542949.147655131] [localization_monitor]: No pose update for 198.0s
[delivery_robot_main_controller-22] [0m[INFO] [1775542949.161487732] [main_controller_node]: Current state: SAFE_STOP, dock_state IDLE, charge_state NOT_CHARGE[0m
[localization_monitor-1] [WARN] [1775542950.005146349] [localization_monitor]: No pose update for 198.9s
[localization_monitor-21] [WARN] [1775542950.149820814] [localization_monitor]: No pose update for 199.0s
[delivery_robot_main_controller-22] [0m[INFO] [1775542950.175461349] [main_controller_node]: Current state: SAFE_STOP, dock_state IDLE, charge_state NOT_CHARGE[0m
[localization_monitor-1] [WARN] [1775542951.005131329] [localization_monitor]: No pose update for 199.9s
[localization_monitor-21] [WARN] [1775542951.147656298] [localization_monitor]: No pose update for 200.0s
[delivery_robot_main_controller-22] [0m[INFO] [1775542951.199824875] [main_controller_node]: Current state: SAFE_STOP, dock_state IDLE, charge_state NOT_CHARGE[0m
[robot_sound-23] [0m[INFO] [1775542951.657103069] [robot_sound_node]: 🔔 Received sound command: safe_stop[0m
[delivery_robot_main_controller-22] [0m[INFO] [1775542951.658594591] [main_controller_node]: Published message: "safe_stop"[0m
[robot_sound-23] amixer: Unable to find simple control 'PCM',0
[robot_sound-23] 
[robot_sound-23] [0m[INFO] [1775542951.687099177] [robot_sound_node]: 🔊 Playing sound: /home/smr/workspaces/mini_amr/amrROS2_ws/sounds/robot_safestop.wav[0m
[robot_sound-23] Playing WAVE '/home/smr/workspaces/mini_amr/amrROS2_ws/sounds/robot_safestop.wav' : Signed 16 bit Little Endian, Rate 22050 Hz, Mono
[localization_monitor-1] [WARN] [1775542952.007194058] [localization_monitor]: No pose update for 200.9s
[localization_monitor-21] [WARN] [1775542952.149850855] [localization_monitor]: No pose update for 201.0s
[delivery_robot_main_controller-22] [0m[INFO] [1775542952.161552919] [main_controller_node]: Current state: SAFE_STOP, dock_state IDLE, charge_state NOT_CHARGE[0m
[localization_monitor-1] [WARN] [1775542953.007176413] [localization_monitor]: No pose update for 201.9s
[localization_monitor-21] [WARN] [1775542953.149797920] [localization_monitor]: No pose update for 202.0s
[delivery_robot_main_controller-22] [0m[INFO] [1775542953.178937438] [main_controller_node]: Current state: SAFE_STOP, dock_state IDLE, charge_state NOT_CHARGE[0m
[localization_monitor-1] [WARN] [1775542954.007239849] [localization_monitor]: No pose update for 202.9s
[localization_monitor-21] [WARN] [1775542954.149842690] [localization_monitor]: No pose update for 203.0s
[delivery_robot_main_controller-22] [0m[INFO] [1775542954.217910242] [main_controller_node]: Current state: SAFE_STOP, dock_state IDLE, charge_state NOT_CHARGE[0m
[localization_monitor-1] [WARN] [1775542955.007213455] [localization_monitor]: No pose update for 203.9s
[localization_monitor-21] [WARN] [1775542955.149733174] [localization_monitor]: No pose update for 204.0s
[delivery_robot_main_controller-22] [0m[INFO] [1775542955.160650394] [main_controller_node]: Current state: SAFE_STOP, dock_state IDLE, charge_state NOT_CHARGE[0m
[localization_monitor-1] [WARN] [1775542956.007140979] [localization_monitor]: No pose update for 204.9s
[localization_monitor-21] [WARN] [1775542956.147774567] [localization_monitor]: No pose update for 205.0s
[delivery_robot_main_controller-22] [0m[INFO] [1775542956.173492099] [main_controller_node]: Current state: SAFE_STOP, dock_state IDLE, charge_state NOT_CHARGE[0m
[localization_monitor-1] [WARN] [1775542957.007213456] [localization_monitor]: No pose update for 205.9s
[localization_monitor-21] [WARN] [1775542957.147615761] [localization_monitor]: No pose update for 206.0s
[delivery_robot_main_controller-22] [0m[INFO] [1775542957.163323411] [main_controller_node]: Current state: SAFE_STOP, dock_state IDLE, charge_state NOT_CHARGE[0m
[localization_monitor-1] [WARN] [1775542958.007617835] [localization_monitor]: No pose update for 206.9s
[localization_monitor-21] [WARN] [1775542958.147619991] [localization_monitor]: No pose update for 207.0s
[delivery_robot_main_controller-22] [0m[INFO] [1775542958.158098854] [main_controller_node]: Current state: SAFE_STOP, dock_state IDLE, charge_state NOT_CHARGE[0m
[localization_monitor-1] [WARN] [1775542959.005178873] [localization_monitor]: No pose update for 207.9s
[localization_monitor-21] [WARN] [1775542959.147603513] [localization_monitor]: No pose update for 208.0s
[delivery_robot_main_controller-22] [0m[INFO] [1775542959.179243970] [main_controller_node]: Current state: SAFE_STOP, dock_state IDLE, charge_state NOT_CHARGE[0m
[localization_monitor-1] [WARN] [1775542960.005190686] [localization_monitor]: No pose update for 208.9s
[localization_monitor-21] [WARN] [1775542960.149880316] [localization_monitor]: No pose update for 209.0s
[delivery_robot_main_controller-22] [0m[INFO] [1775542960.176664722] [main_controller_node]: Current state: SAFE_STOP, dock_state IDLE, charge_state NOT_CHARGE[0m
[localization_monitor-1] [WARN] [1775542961.005157875] [localization_monitor]: No pose update for 209.9s
[localization_monitor-21] [WARN] [1775542961.150366943] [localization_monitor]: No pose update for 210.0s
[delivery_robot_main_controller-22] [0m[INFO] [1775542961.164640818] [main_controller_node]: Current state: SAFE_STOP, dock_state IDLE, charge_state NOT_CHARGE[0m
[localization_monitor-1] [WARN] [1775542962.005192728] [localization_monitor]: No pose update for 210.9s
[localization_monitor-21] [WARN] [1775542962.148354379] [localization_monitor]: No pose update for 211.0s
[delivery_robot_main_controller-22] [0m[INFO] [1775542962.164838123] [main_controller_node]: Current state: SAFE_STOP, dock_state IDLE, charge_state NOT_CHARGE[0m
[localization_monitor-1] [WARN] [1775542963.005149710] [localization_monitor]: No pose update for 211.9s
[localization_monitor-21] [WARN] [1775542963.147604390] [localization_monitor]: No pose update for 212.0s
[delivery_robot_main_controller-22] [0m[INFO] [1775542963.191609259] [main_controller_node]: Current state: SAFE_STOP, dock_state IDLE, charge_state NOT_CHARGE[0m
[localization_monitor-1] [WARN] [1775542964.005134982] [localization_monitor]: No pose update for 212.9s
[localization_monitor-21] [WARN] [1775542964.147805486] [localization_monitor]: No pose update for 213.0s
[delivery_robot_main_controller-22] [0m[INFO] [1775542964.171197364] [main_controller_node]: Current state: SAFE_STOP, dock_state IDLE, charge_state NOT_CHARGE[0m
[localization_monitor-1] [WARN] [1775542965.005147086] [localization_monitor]: No pose update for 213.9s
[localization_monitor-21] [WARN] [1775542965.147634140] [localization_monitor]: No pose update for 214.0s
[delivery_robot_main_controller-22] [0m[INFO] [1775542965.174913775] [main_controller_node]: Current state: SAFE_STOP, dock_state IDLE, charge_state NOT_CHARGE[0m
[localization_monitor-1] [WARN] [1775542966.005124483] [localization_monitor]: No pose update for 214.9s
[localization_monitor-21] [WARN] [1775542966.148279135] [localization_monitor]: No pose update for 215.0s
[delivery_robot_main_controller-22] [0m[INFO] [1775542966.197256717] [main_controller_node]: Current state: SAFE_STOP, dock_state IDLE, charge_state NOT_CHARGE[0m
[localization_monitor-1] [WARN] [1775542967.005211542] [localization_monitor]: No pose update for 215.9s
[localization_monitor-21] [WARN] [1775542967.147602642] [localization_monitor]: No pose update for 216.0s
[delivery_robot_main_controller-22] [0m[INFO] [1775542967.193564806] [main_controller_node]: Current state: SAFE_STOP, dock_state IDLE, charge_state NOT_CHARGE[0m
[localization_monitor-1] [WARN] [1775542968.007131048] [localization_monitor]: No pose update for 216.9s
[localization_monitor-21] [WARN] [1775542968.148024788] [localization_monitor]: No pose update for 217.0s
[delivery_robot_main_controller-22] [0m[INFO] [1775542968.244915701] [main_controller_node]: Current state: SAFE_STOP, dock_state IDLE, charge_state NOT_CHARGE[0m
[localization_monitor-1] [WARN] [1775542969.005352068] [localization_monitor]: No pose update for 217.9s
[localization_monitor-21] [WARN] [1775542969.147580711] [localization_monitor]: No pose update for 218.0s
[delivery_robot_main_controller-22] [0m[INFO] [1775542969.167728221] [main_controller_node]: Current state: SAFE_STOP, dock_state IDLE, charge_state NOT_CHARGE[0m
[localization_monitor-1] [WARN] [1775542970.007197773] [localization_monitor]: No pose update for 218.9s
[localization_monitor-21] [WARN] [1775542970.147622823] [localization_monitor]: No pose update for 219.0s
[delivery_robot_main_controller-22] [0m[INFO] [1775542970.191530861] [main_controller_node]: Current state: SAFE_STOP, dock_state IDLE, charge_state NOT_CHARGE[0m
[localization_monitor-1] [WARN] [1775542971.007159096] [localization_monitor]: No pose update for 219.9s
[localization_monitor-21] [WARN] [1775542971.147615354] [localization_monitor]: No pose update for 220.0s
[delivery_robot_main_controller-22] [0m[INFO] [1775542971.196426983] [main_controller_node]: Current state: SAFE_STOP, dock_state IDLE, charge_state NOT_CHARGE[0m
[delivery_robot_main_controller-22] [0m[INFO] [1775542971.610939827] [main_controller_node]: Published message: "safe_stop"[0m
[robot_sound-23] [0m[INFO] [1775542971.613417434] [robot_sound_node]: 🔔 Received sound command: safe_stop[0m
[robot_sound-23] amixer: Unable to find simple control 'PCM',0
[robot_sound-23] 
[robot_sound-23] [0m[INFO] [1775542971.622447939] [robot_sound_node]: 🔊 Playing sound: /home/smr/workspaces/mini_amr/amrROS2_ws/sounds/robot_safestop.wav[0m
[robot_sound-23] Playing WAVE '/home/smr/workspaces/mini_amr/amrROS2_ws/sounds/robot_safestop.wav' : Signed 16 bit Little Endian, Rate 22050 Hz, Mono
[localization_monitor-1] [WARN] [1775542972.007793559] [localization_monitor]: No pose update for 220.9s
[localization_monitor-21] [WARN] [1775542972.147683423] [localization_monitor]: No pose update for 221.0s
[delivery_robot_main_controller-22] [0m[INFO] [1775542972.203625427] [main_controller_node]: Current state: SAFE_STOP, dock_state IDLE, charge_state NOT_CHARGE[0m
[localization_monitor-1] [WARN] [1775542973.007254112] [localization_monitor]: No pose update for 221.9s
[localization_monitor-21] [WARN] [1775542973.147586707] [localization_monitor]: No pose update for 222.0s
[delivery_robot_main_controller-22] [0m[INFO] [1775542973.209799580] [main_controller_node]: Current state: SAFE_STOP, dock_state IDLE, charge_state NOT_CHARGE[0m
[localization_monitor-1] [WARN] [1775542974.007300307] [localization_monitor]: No pose update for 222.9s
[localization_monitor-21] [WARN] [1775542974.148109174] [localization_monitor]: No pose update for 223.0s
[delivery_robot_main_controller-22] [0m[INFO] [1775542974.177740713] [main_controller_node]: Current state: SAFE_STOP, dock_state IDLE, charge_state NOT_CHARGE[0m
[localization_monitor-1] [WARN] [1775542975.005275170] [localization_monitor]: No pose update for 223.9s
[localization_monitor-21] [WARN] [1775542975.147605600] [localization_monitor]: No pose update for 224.0s
[delivery_robot_main_controller-22] [0m[INFO] [1775542975.196386606] [main_controller_node]: Current state: SAFE_STOP, dock_state IDLE, charge_state NOT_CHARGE[0m
[localization_monitor-1] [WARN] [1775542976.005204120] [localization_monitor]: No pose update for 224.9s
[localization_monitor-21] [WARN] [1775542976.147627297] [localization_monitor]: No pose update for 225.0s
[delivery_robot_main_controller-22] [0m[INFO] [1775542976.182076971] [main_controller_node]: Current state: SAFE_STOP, dock_state IDLE, charge_state NOT_CHARGE[0m
[localization_monitor-1] [WARN] [1775542977.005431724] [localization_monitor]: No pose update for 225.9s
[localization_monitor-21] [WARN] [1775542977.147641118] [localization_monitor]: No pose update for 226.0s
[delivery_robot_main_controller-22] [0m[INFO] [1775542977.182770348] [main_controller_node]: Current state: SAFE_STOP, dock_state IDLE, charge_state NOT_CHARGE[0m
[localization_monitor-1] [WARN] [1775542978.005123850] [localization_monitor]: No pose update for 226.9s
[localization_monitor-21] [WARN] [1775542978.147670689] [localization_monitor]: No pose update for 227.0s
[delivery_robot_main_controller-22] [0m[INFO] [1775542978.217882193] [main_controller_node]: Current state: SAFE_STOP, dock_state IDLE, charge_state NOT_CHARGE[0m
[localization_monitor-1] [WARN] [1775542979.005163046] [localization_monitor]: No pose update for 227.9s
[localization_monitor-21] [WARN] [1775542979.147589431] [localization_monitor]: No pose update for 228.0s
[delivery_robot_main_controller-22] [0m[INFO] [1775542979.176555705] [main_controller_node]: Current state: SAFE_STOP, dock_state IDLE, charge_state NOT_CHARGE[0m
[localization_monitor-1] [WARN] [1775542980.005192617] [localization_monitor]: No pose update for 228.9s
[localization_monitor-21] [WARN] [1775542980.147751413] [localization_monitor]: No pose update for 229.0s
[delivery_robot_main_controller-22] [0m[INFO] [1775542980.178349787] [main_controller_node]: Current state: SAFE_STOP, dock_state IDLE, charge_state NOT_CHARGE[0m
[localization_monitor-1] [WARN] [1775542981.005093859] [localization_monitor]: No pose update for 229.9s
[localization_monitor-21] [WARN] [1775542981.147592283] [localization_monitor]: No pose update for 230.0s
[delivery_robot_main_controller-22] [0m[INFO] [1775542981.209566291] [main_controller_node]: Current state: SAFE_STOP, dock_state IDLE, charge_state NOT_CHARGE[0m
[localization_monitor-1] [WARN] [1775542982.005135971] [localization_monitor]: No pose update for 230.9s
[localization_monitor-21] [WARN] [1775542982.149998840] [localization_monitor]: No pose update for 231.0s
[delivery_robot_main_controller-22] [0m[INFO] [1775542982.190209279] [main_controller_node]: Current state: SAFE_STOP, dock_state IDLE, charge_state NOT_CHARGE[0m
[localization_monitor-1] [WARN] [1775542983.005170209] [localization_monitor]: No pose update for 231.9s
[localization_monitor-21] [WARN] [1775542983.147624301] [localization_monitor]: No pose update for 232.0s
[delivery_robot_main_controller-22] [0m[INFO] [1775542983.165100253] [main_controller_node]: Current state: SAFE_STOP, dock_state IDLE, charge_state NOT_CHARGE[0m
[localization_monitor-1] [WARN] [1775542984.007387190] [localization_monitor]: No pose update for 232.9s
[localization_monitor-21] [WARN] [1775542984.147721827] [localization_monitor]: No pose update for 233.0s
[delivery_robot_main_controller-22] [0m[INFO] [1775542984.185410036] [main_controller_node]: Current state: SAFE_STOP, dock_state IDLE, charge_state NOT_CHARGE[0m
[localization_monitor-1] [WARN] [1775542985.007304765] [localization_monitor]: No pose update for 233.9s
[localization_monitor-21] [WARN] [1775542985.149700235] [localization_monitor]: No pose update for 234.0s
[delivery_robot_main_controller-22] [0m[INFO] [1775542985.189913882] [main_controller_node]: Current state: SAFE_STOP, dock_state IDLE, charge_state NOT_CHARGE[0m
[localization_monitor-1] [WARN] [1775542986.008181301] [localization_monitor]: No pose update for 234.9s
[localization_monitor-21] [WARN] [1775542986.149471983] [localization_monitor]: No pose update for 235.0s
[delivery_robot_main_controller-22] [0m[INFO] [1775542986.219742402] [main_controller_node]: Current state: SAFE_STOP, dock_state IDLE, charge_state NOT_CHARGE[0m
[localization_monitor-1] [WARN] [1775542987.005210620] [localization_monitor]: No pose update for 235.9s
[localization_monitor-21] [WARN] [1775542987.149688213] [localization_monitor]: No pose update for 236.0s
[delivery_robot_main_controller-22] [0m[INFO] [1775542987.175780521] [main_controller_node]: Current state: SAFE_STOP, dock_state IDLE, charge_state NOT_CHARGE[0m
[localization_monitor-1] [WARN] [1775542988.007151113] [localization_monitor]: No pose update for 236.9s
[localization_monitor-21] [WARN] [1775542988.149564373] [localization_monitor]: No pose update for 237.0s
[delivery_robot_main_controller-22] [0m[INFO] [1775542988.207958319] [main_controller_node]: Current state: SAFE_STOP, dock_state IDLE, charge_state NOT_CHARGE[0m
[localization_monitor-1] [WARN] [1775542989.005180515] [localization_monitor]: No pose update for 237.9s
[localization_monitor-21] [WARN] [1775542989.147713646] [localization_monitor]: No pose update for 238.0s
[delivery_robot_main_controller-22] [0m[INFO] [1775542989.192641309] [main_controller_node]: Current state: SAFE_STOP, dock_state IDLE, charge_state NOT_CHARGE[0m
[localization_monitor-1] [WARN] [1775542990.007136466] [localization_monitor]: No pose update for 238.9s
[localization_monitor-21] [WARN] [1775542990.147709968] [localization_monitor]: No pose update for 239.0s
[delivery_robot_main_controller-22] [0m[INFO] [1775542990.175539955] [main_controller_node]: Current state: SAFE_STOP, dock_state IDLE, charge_state NOT_CHARGE[0m
[localization_monitor-1] [WARN] [1775542991.005559894] [localization_monitor]: No pose update for 239.9s
[localization_monitor-21] [WARN] [1775542991.147647084] [localization_monitor]: No pose update for 240.0s
[delivery_robot_main_controller-22] [0m[INFO] [1775542991.174310161] [main_controller_node]: Current state: SAFE_STOP, dock_state IDLE, charge_state NOT_CHARGE[0m
[delivery_robot_main_controller-22] [0m[INFO] [1775542991.597304908] [main_controller_node]: Published message: "safe_stop"[0m
[robot_sound-23] [0m[INFO] [1775542991.598513525] [robot_sound_node]: 🔔 Received sound command: safe_stop[0m
[robot_sound-23] amixer: Unable to find simple control 'PCM',0
[robot_sound-23] 
[robot_sound-23] [0m[INFO] [1775542991.625612042] [robot_sound_node]: 🔊 Playing sound: /home/smr/workspaces/mini_amr/amrROS2_ws/sounds/robot_safestop.wav[0m
[robot_sound-23] Playing WAVE '/home/smr/workspaces/mini_amr/amrROS2_ws/sounds/robot_safestop.wav' : Signed 16 bit Little Endian, Rate 22050 Hz, Mono
[localization_monitor-1] [WARN] [1775542992.005159565] [localization_monitor]: No pose update for 240.9s
[localization_monitor-21] [WARN] [1775542992.147625907] [localization_monitor]: No pose update for 241.0s
[delivery_robot_main_controller-22] [0m[INFO] [1775542992.171450600] [main_controller_node]: Current state: SAFE_STOP, dock_state IDLE, charge_state NOT_CHARGE[0m
[localization_monitor-1] [WARN] [1775542993.005126139] [localization_monitor]: No pose update for 241.9s
[localization_monitor-21] [WARN] [1775542993.147612021] [localization_monitor]: No pose update for 242.0s
[delivery_robot_main_controller-22] [0m[INFO] [1775542993.210893517] [main_controller_node]: Current state: SAFE_STOP, dock_state IDLE, charge_state NOT_CHARGE[0m
[localization_monitor-1] [WARN] [1775542994.005126544] [localization_monitor]: No pose update for 242.9s
[localization_monitor-21] [WARN] [1775542994.148267775] [localization_monitor]: No pose update for 243.0s
[delivery_robot_main_controller-22] [0m[INFO] [1775542994.217885470] [main_controller_node]: Current state: SAFE_STOP, dock_state IDLE, charge_state NOT_CHARGE[0m
[localization_monitor-1] [WARN] [1775542995.005180031] [localization_monitor]: No pose update for 243.9s
[localization_monitor-21] [WARN] [1775542995.149949570] [localization_monitor]: No pose update for 244.0s
[delivery_robot_main_controller-22] [0m[INFO] [1775542995.188749275] [main_controller_node]: Current state: SAFE_STOP, dock_state IDLE, charge_state NOT_CHARGE[0m
[localization_monitor-1] [WARN] [1775542996.007131898] [localization_monitor]: No pose update for 244.9s
[localization_monitor-21] [WARN] [1775542996.149994598] [localization_monitor]: No pose update for 245.0s
[delivery_robot_main_controller-22] [0m[INFO] [1775542996.164946279] [main_controller_node]: Current state: SAFE_STOP, dock_state IDLE, charge_state NOT_CHARGE[0m
[localization_monitor-1] [WARN] [1775542997.007148053] [localization_monitor]: No pose update for 245.9s
[localization_monitor-21] [WARN] [1775542997.149794637] [localization_monitor]: No pose update for 246.0s
[delivery_robot_main_controller-22] [0m[INFO] [1775542997.187825832] [main_controller_node]: Current state: SAFE_STOP, dock_state IDLE, charge_state NOT_CHARGE[0m
[localization_monitor-1] [WARN] [1775542998.005172205] [localization_monitor]: No pose update for 246.9s
[localization_monitor-21] [WARN] [1775542998.149745169] [localization_monitor]: No pose update for 247.0s
[delivery_robot_main_controller-22] [0m[INFO] [1775542998.167326117] [main_controller_node]: Current state: SAFE_STOP, dock_state IDLE, charge_state NOT_CHARGE[0m
[localization_monitor-1] [WARN] [1775542999.007301982] [localization_monitor]: No pose update for 247.9s
[localization_monitor-21] [WARN] [1775542999.149768032] [localization_monitor]: No pose update for 248.0s
[delivery_robot_main_controller-22] [0m[INFO] [1775542999.200655076] [main_controller_node]: Current state: SAFE_STOP, dock_state IDLE, charge_state NOT_CHARGE[0m
[localization_monitor-1] [WARN] [1775543000.005170974] [localization_monitor]: No pose update for 248.9s
[localization_monitor-21] [WARN] [1775543000.149793811] [localization_monitor]: No pose update for 249.0s
[delivery_robot_main_controller-22] [0m[INFO] [1775543000.220905946] [main_controller_node]: Current state: SAFE_STOP, dock_state IDLE, charge_state NOT_CHARGE[0m
[localization_monitor-1] [WARN] [1775543001.005148339] [localization_monitor]: No pose update for 249.9s
[localization_monitor-21] [WARN] [1775543001.150125536] [localization_monitor]: No pose update for 250.0s
[delivery_robot_main_controller-22] [0m[INFO] [1775543001.189650879] [main_controller_node]: Current state: SAFE_STOP, dock_state IDLE, charge_state NOT_CHARGE[0m
[localization_monitor-1] [WARN] [1775543002.005116954] [localization_monitor]: No pose update for 250.9s
[localization_monitor-21] [WARN] [1775543002.149779164] [localization_monitor]: No pose update for 251.0s
[delivery_robot_main_controller-22] [0m[INFO] [1775543002.212198821] [main_controller_node]: Current state: SAFE_STOP, dock_state IDLE, charge_state NOT_CHARGE[0m
[localization_monitor-1] [WARN] [1775543003.005109776] [localization_monitor]: No pose update for 251.9s
[localization_monitor-21] [WARN] [1775543003.149947271] [localization_monitor]: No pose update for 252.0s
[delivery_robot_main_controller-22] [0m[INFO] [1775543003.189180375] [main_controller_node]: Current state: SAFE_STOP, dock_state IDLE, charge_state NOT_CHARGE[0m
[localization_monitor-1] [WARN] [1775543004.005130597] [localization_monitor]: No pose update for 252.9s
[localization_monitor-21] [WARN] [1775543004.147679186] [localization_monitor]: No pose update for 253.0s
[delivery_robot_main_controller-22] [0m[INFO] [1775543004.190310651] [main_controller_node]: Current state: SAFE_STOP, dock_state IDLE, charge_state NOT_CHARGE[0m
[localization_monitor-1] [WARN] [1775543005.005135961] [localization_monitor]: No pose update for 253.9s
[localization_monitor-21] [WARN] [1775543005.149889168] [localization_monitor]: No pose update for 254.0s
[delivery_robot_main_controller-22] [0m[INFO] [1775543005.189827785] [main_controller_node]: Current state: SAFE_STOP, dock_state IDLE, charge_state NOT_CHARGE[0m
[localization_monitor-1] [WARN] [1775543006.007213823] [localization_monitor]: No pose update for 254.9s
[localization_monitor-21] [WARN] [1775543006.147629832] [localization_monitor]: No pose update for 255.0s
[delivery_robot_main_controller-22] [0m[INFO] [1775543006.187389956] [main_controller_node]: Current state: SAFE_STOP, dock_state IDLE, charge_state NOT_CHARGE[0m
[localization_monitor-1] [WARN] [1775543007.007098150] [localization_monitor]: No pose update for 255.9s
[localization_monitor-21] [WARN] [1775543007.147861228] [localization_monitor]: No pose update for 256.0s
[delivery_robot_main_controller-22] [0m[INFO] [1775543007.198805728] [main_controller_node]: Current state: SAFE_STOP, dock_state IDLE, charge_state NOT_CHARGE[0m
[localization_monitor-1] [WARN] [1775543008.005212716] [localization_monitor]: No pose update for 256.9s
[localization_monitor-21] [WARN] [1775543008.147654267] [localization_monitor]: No pose update for 257.0s
[delivery_robot_main_controller-22] [0m[INFO] [1775543008.169978104] [main_controller_node]: Current state: SAFE_STOP, dock_state IDLE, charge_state NOT_CHARGE[0m
[localization_monitor-1] [WARN] [1775543009.005106375] [localization_monitor]: No pose update for 257.9s
[localization_monitor-21] [WARN] [1775543009.149858415] [localization_monitor]: No pose update for 258.0s
[delivery_robot_main_controller-22] [0m[INFO] [1775543009.202772752] [main_controller_node]: Current state: SAFE_STOP, dock_state IDLE, charge_state NOT_CHARGE[0m
[localization_monitor-1] [WARN] [1775543010.005183777] [localization_monitor]: No pose update for 258.9s
[localization_monitor-21] [WARN] [1775543010.150398673] [localization_monitor]: No pose update for 259.0s
[delivery_robot_main_controller-22] [0m[INFO] [1775543010.166787920] [main_controller_node]: Current state: SAFE_STOP, dock_state IDLE, charge_state NOT_CHARGE[0m
[localization_monitor-1] [WARN] [1775543011.008901031] [localization_monitor]: No pose update for 259.9s
[localization_monitor-21] [WARN] [1775543011.150141256] [localization_monitor]: No pose update for 260.0s
[delivery_robot_main_controller-22] [0m[INFO] [1775543011.261313336] [main_controller_node]: Current state: SAFE_STOP, dock_state IDLE, charge_state NOT_CHARGE[0m
[delivery_robot_main_controller-22] [0m[INFO] [1775543011.660817626] [main_controller_node]: Published message: "safe_stop"[0m
[robot_sound-23] [0m[INFO] [1775543011.675064960] [robot_sound_node]: 🔔 Received sound command: safe_stop[0m
[robot_sound-23] amixer: Unable to find simple control 'PCM',0
[robot_sound-23] 
[robot_sound-23] [0m[INFO] [1775543011.701983235] [robot_sound_node]: 🔊 Playing sound: /home/smr/workspaces/mini_amr/amrROS2_ws/sounds/robot_safestop.wav[0m
[robot_sound-23] Playing WAVE '/home/smr/workspaces/mini_amr/amrROS2_ws/sounds/robot_safestop.wav' : Signed 16 bit Little Endian, Rate 22050 Hz, Mono
[localization_monitor-1] [WARN] [1775543012.007255920] [localization_monitor]: No pose update for 260.9s
[localization_monitor-21] [WARN] [1775543012.149852631] [localization_monitor]: No pose update for 261.0s
[delivery_robot_main_controller-22] [0m[INFO] [1775543012.241929492] [main_controller_node]: Current state: SAFE_STOP, dock_state IDLE, charge_state NOT_CHARGE[0m
[localization_monitor-1] [WARN] [1775543013.005218534] [localization_monitor]: No pose update for 261.9s
[localization_monitor-21] [WARN] [1775543013.152734002] [localization_monitor]: No pose update for 262.0s
[delivery_robot_main_controller-22] [0m[INFO] [1775543013.169728141] [main_controller_node]: Current state: SAFE_STOP, dock_state IDLE, charge_state NOT_CHARGE[0m
[localization_monitor-1] [WARN] [1775543014.005616173] [localization_monitor]: No pose update for 262.9s
[localization_monitor-21] [WARN] [1775543014.150390379] [localization_monitor]: No pose update for 263.0s
[delivery_robot_main_controller-22] [0m[INFO] [1775543014.249199797] [main_controller_node]: Current state: SAFE_STOP, dock_state IDLE, charge_state NOT_CHARGE[0m
[delivery_robot_main_controller-22] [0m[INFO] [1775543014.602006955] [main_controller_node]: SAFE_STOP cleared to STANDBY via API/GUI.[0m
[delivery_robot_main_controller-22] [0m[INFO] [1775543014.606681306] [main_controller_node]: Pre-resume: waiting 3 seconds before wiggle...[0m
[delivery_robot_main_controller-22] [0m[INFO] [1775543014.919445143] [main_controller_node]: Pre-resume: clearing local/global costmaps.[0m
[controller_server-11] [INFO] [1775543014.925949627] [local_costmap.local_costmap]: Received request to clear entirely the local_costmap
[controller_server-11] [INFO] [1775543014.965303185] [local_costmap.local_costmap]: KeepoutFilter: Subscribing to "/keepout_costmap_filter_info" topic for filter info...
[localization_monitor-1] [WARN] [1775543015.005306257] [localization_monitor]: No pose update for 263.9s
[controller_server-11] [INFO] [1775543015.010802491] [local_costmap.local_costmap]: KeepoutFilter: Received filter info from /keepout_costmap_filter_info topic.
[controller_server-11] [INFO] [1775543015.012592668] [local_costmap.local_costmap]: KeepoutFilter: Subscribing to "/keepout_filter_mask" topic for filter mask...
[planner_server-13] [INFO] [1775543015.018000530] [global_costmap.global_costmap]: Received request to clear entirely the global_costmap
[planner_server-13] [INFO] [1775543015.040807348] [global_costmap.global_costmap]: KeepoutFilter: Subscribing to "/keepout_costmap_filter_info" topic for filter info...
[planner_server-13] [INFO] [1775543015.051928143] [global_costmap.global_costmap]: KeepoutFilter: Received filter info from /keepout_costmap_filter_info topic.
[planner_server-13] [INFO] [1775543015.052005140] [global_costmap.global_costmap]: KeepoutFilter: Subscribing to "/keepout_filter_mask" topic for filter mask...
[controller_server-11] [WARN] [1775543015.066061148] [local_costmap.local_costmap]: KeepoutFilter: New filter mask arrived from /keepout_filter_mask topic. Updating old filter mask.
[planner_server-13] [WARN] [1775543015.066770453] [global_costmap.global_costmap]: KeepoutFilter: New filter mask arrived from /keepout_filter_mask topic. Updating old filter mask.
[localization_monitor-21] [WARN] [1775543015.150420824] [localization_monitor]: No pose update for 264.0s
[delivery_robot_main_controller-22] [0m[INFO] [1775543015.208486950] [main_controller_node]: Current state: SAFE_STOP, dock_state IDLE, charge_state NOT_CHARGE[0m
[localization_monitor-1] [WARN] [1775543016.006322205] [localization_monitor]: No pose update for 264.9s
[delivery_robot_main_controller-22] [0m[INFO] [1775543016.052488234] [main_controller_node]: Pre-resume wiggle complete. Switching to STANDBY.[0m
[delivery_robot_main_controller-22] [0m[INFO] [1775543016.056835639] [main_controller_node]: State change: SAFE_STOP -> STANDBY[0m
[delivery_robot_main_controller-22] [0m[INFO] [1775543016.074463835] [main_controller_node]: Robot is in STANDBY mode.[0m
[localization_monitor-21] [WARN] [1775543016.151129951] [localization_monitor]: No pose update for 265.0s
[delivery_robot_main_controller-22] [0m[INFO] [1775543016.188590377] [main_controller_node]: Current state: STANDBY, dock_state IDLE, charge_state NOT_CHARGE[0m
[localization_monitor-1] [WARN] [1775543017.005158033] [localization_monitor]: No pose update for 265.9s
[localization_monitor-21] [WARN] [1775543017.149806535] [localization_monitor]: No pose update for 266.0s
[delivery_robot_main_controller-22] [0m[INFO] [1775543017.266190485] [main_controller_node]: Current state: STANDBY, dock_state IDLE, charge_state NOT_CHARGE[0m
[bash-29] 4
[bash-29] Queue empty: current state-> STANDBY : queue_action-> 
[bash-29] queue action->Idle :  current state-> STANDBY : previous state-> 
[bash-29] queue action->Request :  current state-> DOCK : previous state-> STANDBY
[bash-29] queue action->Request :  current state-> STANDBY : previous state-> DOCK
[bash-29] queue action->Request :  current state-> MOVE : previous state-> STANDBY
[bash-29] queue action->Request :  current state-> AFTER_MOVE : previous state-> MOVE
[bash-29] queue action->Request :  current state-> STANDBY : previous state-> AFTER_MOVE
[bash-29] queue action->Request :  current state-> MOVE : previous state-> STANDBY
[bash-29] Queue empty: current state-> STANDBY : queue_action-> Request
[bash-29] queue action->Idle :  current state-> STANDBY : previous state-> MOVE
[bash-29] queue action->Request :  current state-> MOVE : previous state-> STANDBY
[bash-29] queue action->Request :  current state-> STANDBY : previous state-> MOVE
[bash-29] queue action->Request :  current state-> MOVE : previous state-> STANDBY
[bash-29] queue action->Request :  current state-> RETRYING : previous state-> MOVE
[bash-29] queue action->Request :  current state-> MOVE : previous state-> RETRYING
[bash-29] Queue empty: current state-> AFTER_MOVE : queue_action-> Request
[bash-29] queue action->Request :  current state-> AFTER_MOVE : previous state-> MOVE
[bash-29] Queue empty: current state-> STANDBY : queue_action-> Request
[bash-29] queue action->Idle :  current state-> STANDBY : previous state-> AFTER_MOVE
[bash-29] queue action->Request :  current state-> MOVE : previous state-> STANDBY
[bash-29] queue action->Request :  current state-> RETRYING : previous state-> MOVE
[bash-29] queue action->Request :  current state-> MOVE : previous state-> RETRYING
[bash-29] queue action->Request :  current state-> RETRYING : previous state-> MOVE
[bash-29] queue action->Request :  current state-> MOVE : previous state-> RETRYING
[bash-29] queue action->Request :  current state-> RETRYING : previous state-> MOVE
[bash-29] queue action->Request :  current state-> MOVE : previous state-> RETRYING
[bash-29] queue action->Request :  current state-> SAFE_STOP : previous state-> MOVE
[bash-29] Dialog rejected!
[bash-29] queue action->Request :  current state-> STANDBY : previous state-> SAFE_STOP
[bash-29] queue action->Request :  current state-> MOVE : previous state-> STANDBY
[bash-29] queue action->Request :  current state-> RETRYING : previous state-> MOVE
[bash-29] queue action->Request :  current state-> MOVE : previous state-> RETRYING
[bash-29] queue action->Request :  current state-> RETRYING : previous state-> MOVE
[bash-29] queue action->Request :  current state-> MOVE : previous state-> RETRYING
[bash-29] queue action->Request :  current state-> SAFE_STOP : previous state-> MOVE
[bash-29] Dialog rejected!
[bash-29] queue action->Request :  current state-> STANDBY : previous state-> SAFE_STOP
[bash-29] queue action->Request :  current state-> MOVE : previous state-> STANDBY
[bash-29] queue action->Request :  current state-> RETRYING : previous state-> MOVE
[bash-29] queue action->Request :  current state-> MOVE : previous state-> RETRYING
[bash-29] queue action->Request :  current state-> RETRYING : previous state-> MOVE
[bash-29] queue action->Request :  current state-> MOVE : previous state-> RETRYING
[bash-29] queue action->Request :  current state-> SAFE_STOP : previous state-> MOVE
[bash-29] Dialog rejected!
[bash-29] queue action->Request :  current state-> STANDBY : previous state-> SAFE_STOP
[delivery_robot_main_controller-22] [0m[INFO] [1775543017.503670067] [main_controller_node]: 1 pending queues [0m
[delivery_robot_main_controller-22] [0m[INFO] [1775543017.505380622] [main_controller_node]: Queue action: Request[0m
[delivery_robot_main_controller-22] [0m[INFO] [1775543017.585410392] [main_controller_node]: AGV start_pos: x=-4.37, y=0.01[0m
[delivery_robot_main_controller-22] [0m[INFO] [1775543017.588685674] [main_controller_node]: AGV goal_pos: x=-5.05, y=-1.18[0m
[delivery_robot_main_controller-22] [0m[INFO] [1775543017.591934708] [main_controller_node]: Path source: database routes[0m
[delivery_robot_main_controller-22] [0m[INFO] [1775543017.629247266] [main_controller_node]: Computed AGV path waypoints:[0m
[delivery_robot_main_controller-22] [0m[INFO] [1775543017.630044942] [main_controller_node]:   Waypoint 0: x=-4.37, y=0.01[0m
[delivery_robot_main_controller-22] [0m[INFO] [1775543017.632806037] [main_controller_node]:   Waypoint 1: x=-4.15, y=0.25[0m
[delivery_robot_main_controller-22] [0m[INFO] [1775543017.635051487] [main_controller_node]:   Waypoint 2: x=-4.37, y=-0.11[0m
[delivery_robot_main_controller-22] [0m[INFO] [1775543017.636689128] [main_controller_node]:   Waypoint 3: x=-4.60, y=-0.46[0m
[delivery_robot_main_controller-22] [0m[INFO] [1775543017.638426516] [main_controller_node]:   Waypoint 4: x=-4.83, y=-0.82[0m
[delivery_robot_main_controller-22] [0m[INFO] [1775543017.640374186] [main_controller_node]:   Waypoint 5: x=-5.05, y=-1.18[0m
[delivery_robot_main_controller-22] [0m[INFO] [1775543017.644556515] [main_controller_node]: Navigating with 6 goals....[0m
[delivery_robot_main_controller-22] [0m[INFO] [1775543017.649386317] [main_controller_node]: State change: STANDBY -> MOVE[0m
[bt_navigator-15] [INFO] [1775543017.681052731] [bt_navigator]: Begin navigating from current location through 6 poses to (-5.05, -1.18)
[delivery_robot_main_controller-22] [0m[INFO] [1775543017.685698791] [main_controller_node]: Robot is MOVING.[0m
[controller_server-11] [INFO] [1775543017.682369844] [local_costmap.local_costmap]: Received request to clear entirely the local_costmap
[controller_server-11] [INFO] [1775543017.691593425] [local_costmap.local_costmap]: KeepoutFilter: Subscribing to "/keepout_costmap_filter_info" topic for filter info...
[planner_server-13] [INFO] [1775543017.698632512] [global_costmap.global_costmap]: Received request to clear entirely the global_costmap
[controller_server-11] [INFO] [1775543017.702483522] [local_costmap.local_costmap]: KeepoutFilter: Received filter info from /keepout_costmap_filter_info topic.
[controller_server-11] [INFO] [1775543017.703491189] [local_costmap.local_costmap]: KeepoutFilter: Subscribing to "/keepout_filter_mask" topic for filter mask...
[controller_server-11] [WARN] [1775543017.722684112] [local_costmap.local_costmap]: KeepoutFilter: New filter mask arrived from /keepout_filter_mask topic. Updating old filter mask.
[planner_server-13] [INFO] [1775543017.727549497] [global_costmap.global_costmap]: KeepoutFilter: Subscribing to "/keepout_costmap_filter_info" topic for filter info...
[planner_server-13] [INFO] [1775543017.748637009] [global_costmap.global_costmap]: KeepoutFilter: Received filter info from /keepout_costmap_filter_info topic.
[planner_server-13] [INFO] [1775543017.748885499] [global_costmap.global_costmap]: KeepoutFilter: Subscribing to "/keepout_filter_mask" topic for filter mask...
[planner_server-13] [WARN] [1775543017.788256265] [global_costmap.global_costmap]: KeepoutFilter: New filter mask arrived from /keepout_filter_mask topic. Updating old filter mask.
[INFO] [bash-29]: process has finished cleanly [pid 17911]
[INFO] [battery_manager_node-28]: sending signal 'SIGINT' to process[battery_manager_node-28]
[INFO] [autodock_action_server-27]: sending signal 'SIGINT' to process[autodock_action_server-27]
[INFO] [dock_coordinates-26]: sending signal 'SIGINT' to process[dock_coordinates-26]
[INFO] [rpc_run_node-25]: sending signal 'SIGINT' to process[rpc_run_node-25]
[INFO] [call_robot_button-24]: sending signal 'SIGINT' to process[call_robot_button-24]
[INFO] [robot_sound-23]: sending signal 'SIGINT' to process[robot_sound-23]
[INFO] [delivery_robot_main_controller-22]: sending signal 'SIGINT' to process[delivery_robot_main_controller-22]
[INFO] [localization_monitor-21]: sending signal 'SIGINT' to process[localization_monitor-21]
[INFO] [lifecycle_manager-20]: sending signal 'SIGINT' to process[lifecycle_manager-20]
[INFO] [collision_detector-19]: sending signal 'SIGINT' to process[collision_detector-19]
[INFO] [collision_monitor-18]: sending signal 'SIGINT' to process[collision_monitor-18]
[INFO] [dock_coordinates-26]: process has finished cleanly [pid 17753]
[INFO] [velocity_smoother-17]: sending signal 'SIGINT' to process[velocity_smoother-17]
[INFO] [waypoint_follower-16]: sending signal 'SIGINT' to process[waypoint_follower-16]
[INFO] [bt_navigator-15]: sending signal 'SIGINT' to process[bt_navigator-15]
[INFO] [behavior_server-14]: sending signal 'SIGINT' to process[behavior_server-14]
[INFO] [planner_server-13]: sending signal 'SIGINT' to process[planner_server-13]
[INFO] [smoother_server-12]: sending signal 'SIGINT' to process[smoother_server-12]
[INFO] [controller_server-11]: sending signal 'SIGINT' to process[controller_server-11]
[INFO] [costmap_filter_info_server-10]: sending signal 'SIGINT' to process[costmap_filter_info_server-10]
[INFO] [map_server-9]: sending signal 'SIGINT' to process[map_server-9]
[INFO] [localization_slam_toolbox_node-8]: sending signal 'SIGINT' to process[localization_slam_toolbox_node-8]
[INFO] [robot_hardware-7]: sending signal 'SIGINT' to process[robot_hardware-7]
[INFO] [ekf_node-6]: sending signal 'SIGINT' to process[ekf_node-6]
[INFO] [scan_to_scan_filter_chain-5]: sending signal 'SIGINT' to process[scan_to_scan_filter_chain-5]
[INFO] [sllidar_node-4]: sending signal 'SIGINT' to process[sllidar_node-4]
[INFO] [joint_state_publisher-3]: sending signal 'SIGINT' to process[joint_state_publisher-3]
[INFO] [robot_state_publisher-2]: sending signal 'SIGINT' to process[robot_state_publisher-2]
[INFO] [localization_monitor-1]: sending signal 'SIGINT' to process[localization_monitor-1]
[controller_server-11] [INFO] [1775543017.930435618] [controller_server]: Received a goal, begin computing control effort.
[controller_server-11] [INFO] [1775543017.940464750] [controller_server]: Optimizer reset
[controller_server-11] [INFO] [1775543017.945728826] [controller_server]: Optimizer reset
[controller_server-11] [WARN] [1775543017.946012023] [controller_server]: Optimizer fail to compute path
[controller_server-11] [INFO] [1775543018.039057760] [controller_server]: Optimizer reset
[controller_server-11] [INFO] [1775543018.044125261] [controller_server]: Optimizer reset
[controller_server-11] [WARN] [1775543018.044369085] [controller_server]: Optimizer fail to compute path
[controller_server-11] [INFO] [1775543018.131336446] [controller_server]: Passing new path to controller.
[controller_server-11] [INFO] [1775543018.140073547] [controller_server]: Optimizer reset
[controller_server-11] [INFO] [1775543018.146291626] [controller_server]: Optimizer reset
[controller_server-11] [WARN] [1775543018.148096094] [controller_server]: Optimizer fail to compute path
[controller_server-11] [INFO] [1775543018.231364398] [controller_server]: Passing new path to controller.
[controller_server-11] [INFO] [1775543018.233329859] [controller_server]: Optimizer reset
[controller_server-11] [INFO] [1775543018.246211374] [controller_server]: Optimizer reset
[controller_server-11] [WARN] [1775543018.246636898] [controller_server]: Optimizer fail to compute path
[controller_server-11] [INFO] [1775543018.331712586] [controller_server]: Passing new path to controller.
[controller_server-11] [INFO] [1775543018.383732418] [controller_server]: Optimizer reset
[controller_server-11] [INFO] [1775543018.391754965] [controller_server]: Optimizer reset
[controller_server-11] [WARN] [1775543018.392782464] [controller_server]: Optimizer fail to compute path
[controller_server-11] [INFO] [1775543018.448189574] [controller_server]: Optimizer reset
[controller_server-11] [INFO] [1775543018.464210169] [controller_server]: Optimizer reset
[controller_server-11] [WARN] [1775543018.464416952] [controller_server]: Optimizer fail to compute path
[controller_server-11] [INFO] [1775543018.531312342] [controller_server]: Passing new path to controller.
[controller_server-11] [INFO] [1775543018.533209265] [controller_server]: Optimizer reset
[controller_server-11] [INFO] [1775543018.534707787] [controller_server]: Optimizer reset
[controller_server-11] [WARN] [1775543018.534877821] [controller_server]: Optimizer fail to compute path
[controller_server-11] [INFO] [1775543018.631338836] [controller_server]: Passing new path to controller.
[controller_server-11] [INFO] [1775543018.638548833] [controller_server]: Optimizer reset
[controller_server-11] [INFO] [1775543018.644052649] [controller_server]: Optimizer reset
[controller_server-11] [WARN] [1775543018.644426259] [controller_server]: Optimizer fail to compute path
[controller_server-11] [INFO] [1775543018.731361538] [controller_server]: Passing new path to controller.
[controller_server-11] [INFO] [1775543018.737514870] [controller_server]: Optimizer reset
[controller_server-11] [INFO] [1775543018.739660865] [controller_server]: Optimizer reset
[controller_server-11] [WARN] [1775543018.739811651] [controller_server]: Optimizer fail to compute path
[localization_monitor-1] [WARN] [1775543018.008069736] [localization_monitor]: No pose update for 266.9s
[localization_monitor-21] [WARN] [1775543018.151745278] [localization_monitor]: No pose update for 267.0s
[battery_manager_node-28] Traceback (most recent call last):
[battery_manager_node-28]   File "/home/smr/workspaces/mini_amr/amrROS2_ws/install/battery_management/lib/battery_management/battery_manager_node", line 33, in <module>
[battery_manager_node-28]     sys.exit(load_entry_point('battery-management==0.0.0', 'console_scripts', 'battery_manager_node')())
[battery_manager_node-28]              ^^^^^^^^^^^^^^^^^^^^^^^^^^^^^^^^^^^^^^^^^^^^^^^^^^^^^^^^^^^^^^^^^^^^^^^^^^^^^^^^^^^^^^^^^^
[battery_manager_node-28]   File "/home/smr/workspaces/mini_amr/amrROS2_ws/install/battery_management/lib/python3.12/site-packages/battery_management/battery_manager_node.py", line 311, in main
[battery_manager_node-28]     rclpy.spin(node)
[battery_manager_node-28]   File "/opt/ros/jazzy/lib/python3.12/site-packages/rclpy/__init__.py", line 247, in spin
[battery_manager_node-28]     executor.spin_once()
[battery_manager_node-28]   File "/opt/ros/jazzy/lib/python3.12/site-packages/rclpy/executors.py", line 923, in spin_once
[battery_manager_node-28]     self._spin_once_impl(timeout_sec)
[battery_manager_node-28]   File "/opt/ros/jazzy/lib/python3.12/site-packages/rclpy/executors.py", line 904, in _spin_once_impl
[battery_manager_node-28]     handler, entity, node = self.wait_for_ready_callbacks(
[battery_manager_node-28]                             ^^^^^^^^^^^^^^^^^^^^^^^^^^^^^^
[battery_manager_node-28]   File "/opt/ros/jazzy/lib/python3.12/site-packages/rclpy/executors.py", line 874, in wait_for_ready_callbacks
[battery_manager_node-28]     return next(self._cb_iter)
[battery_manager_node-28]            ^^^^^^^^^^^^^^^^^^^
[battery_manager_node-28]   File "/opt/ros/jazzy/lib/python3.12/site-packages/rclpy/executors.py", line 778, in _wait_for_ready_callbacks
[battery_manager_node-28]     wait_set.wait(timeout_nsec)
[battery_manager_node-28] KeyboardInterrupt
[controller_server-11] [INFO] [1775543018.833657980] [controller_server]: Optimizer reset
[controller_server-11] [INFO] [1775543018.839327457] [controller_server]: Optimizer reset
[controller_server-11] [WARN] [1775543018.845294713] [controller_server]: Optimizer fail to compute path
[dock_coordinates-26] [INFO] [1775543018.884251328] [rclcpp]: signal_handler(SIGINT/SIGTERM)
[rpc_run_node-25] [0m[INFO] [1775543018.908661664] [rpc_run_node]: RPC run node stopped by user.[0m
[rpc_run_node-25] Failed to publish log message to rosout: publisher's context is invalid, at ./src/rcl/publisher.c:423
[robot_sound-23] [0m[INFO] [1775543018.920513346] [robot_sound_node]: 🔚 robot_sound_node stopped by user.[0m
[robot_sound-23] Failed to publish log message to rosout: publisher's context is invalid, at ./src/rcl/publisher.c:423
[call_robot_button-24] [0m[INFO] [1775543018.924985288] [call_robot_button_node]: CallRobotButton interrupted by user.[0m
[call_robot_button-24] Failed to publish log message to rosout: publisher's context is invalid, at ./src/rcl/publisher.c:423
[delivery_robot_main_controller-22] [0m[INFO] [1775543018.928325026] [main_controller_node]: Node stopped by user.[0m
[delivery_robot_main_controller-22] Failed to publish log message to rosout: publisher's context is invalid, at ./src/rcl/publisher.c:423
[controller_server-11] [INFO] [1775543018.931298155] [controller_server]: Passing new path to controller.
[controller_server-11] [INFO] [1775543018.933197410] [controller_server]: Optimizer reset
[controller_server-11] [INFO] [1775543018.934721015] [controller_server]: Optimizer reset
[controller_server-11] [WARN] [1775543018.934906799] [controller_server]: Optimizer fail to compute path
[controller_server-11] [ERROR] [1775543018.935018794] [controller_server]: Controller patience exceeded
[controller_server-11] [INFO] [1775543018.935819095] [controller_server]: Optimizer reset
[controller_server-11] [WARN] [1775543018.936438570] [controller_server]: [follow_path] [ActionServer] Aborting handle.
[localization_monitor-21] Traceback (most recent call last):
[localization_monitor-21]   File "/home/smr/workspaces/mini_amr/amrROS2_ws/install/localization_monitor/lib/localization_monitor/localization_monitor", line 33, in <module>
[localization_monitor-21]     sys.exit(load_entry_point('localization-monitor', 'console_scripts', 'localization_monitor')())
[localization_monitor-21]              ^^^^^^^^^^^^^^^^^^^^^^^^^^^^^^^^^^^^^^^^^^^^^^^^^^^^^^^^^^^^^^^^^^^^^^^^^^^^^^^^^^^^^
[localization_monitor-21]   File "/home/smr/workspaces/mini_amr/amrROS2_ws/build/localization_monitor/localization_monitor/localization_monitor.py", line 114, in main
[rpc_run_node-25] 2026-04-07 13:23:38,952 [INFO] RPCServer stopped.
[localization_monitor-21]     rclpy.spin(node)
[localization_monitor-21]   File "/opt/ros/jazzy/lib/python3.12/site-packages/rclpy/__init__.py", line 247, in spin
[localization_monitor-21]     executor.spin_once()
[localization_monitor-21]   File "/opt/ros/jazzy/lib/python3.12/site-packages/rclpy/executors.py", line 923, in spin_once
[localization_monitor-21]     self._spin_once_impl(timeout_sec)
[localization_monitor-21]   File "/opt/ros/jazzy/lib/python3.12/site-packages/rclpy/executors.py", line 904, in _spin_once_impl
[localization_monitor-21]     handler, entity, node = self.wait_for_ready_callbacks(
[localization_monitor-21]                             ^^^^^^^^^^^^^^^^^^^^^^^^^^^^^^
[localization_monitor-21]   File "/opt/ros/jazzy/lib/python3.12/site-packages/rclpy/executors.py", line 874, in wait_for_ready_callbacks
[localization_monitor-21]     return next(self._cb_iter)
[localization_monitor-21]            ^^^^^^^^^^^^^^^^^^^
[localization_monitor-21]   File "/opt/ros/jazzy/lib/python3.12/site-packages/rclpy/executors.py", line 778, in _wait_for_ready_callbacks
[localization_monitor-21]     wait_set.wait(timeout_nsec)
[localization_monitor-21] KeyboardInterrupt
[collision_detector-19] [INFO] [1775543018.965352054] [rclcpp]: signal_handler(SIGINT/SIGTERM)
[collision_detector-19] [INFO] [1775543018.965472508] [collision_detector]: Running Nav2 LifecycleNode rcl preshutdown (collision_detector)
[collision_detector-19] [INFO] [1775543018.965732372] [collision_detector]: Deactivating
[collision_detector-19] [INFO] [1775543018.965947321] [collision_detector]: Destroying bond (collision_detector) to lifecycle manager.
[lifecycle_manager-20] [INFO] [1775543018.982160409] [rclcpp]: signal_handler(SIGINT/SIGTERM)
[lifecycle_manager-20] [INFO] [1775543018.982265113] [lifecycle_manager_navigation]: Running Nav2 LifecycleManager rcl preshutdown (lifecycle_manager_navigation)
[lifecycle_manager-20] [INFO] [1775543018.982340360] [lifecycle_manager_navigation]: [34m[1mTerminating bond timer...[0m[0m
[bt_navigator-15] [WARN] [1775543019.015127602] [bt_navigator]: [navigate_through_poses] [ActionServer] Aborting handle.
[bt_navigator-15] [ERROR] [1775543019.015424799] [bt_navigator]: Goal failed
[localization_monitor-1] [WARN] [1775543019.018119397] [localization_monitor]: No pose update for 267.9s
[collision_detector-19] [INFO] [1775543019.067749117] [collision_detector]: Cleaning up
[collision_detector-19] [INFO] [1775543019.069429340] [collision_monitor]: [PolygonStop]: Destroying Polygon
[collision_detector-19] [INFO] [1775543019.069468131] [collision_monitor]: [PolygonSlow]: Destroying Polygon
[collision_detector-19] [INFO] [1775543019.069477172] [collision_monitor]: [scan]: Destroying Scan
[collision_detector-19] [INFO] [1775543019.081720546] [collision_detector]: Destroying bond (collision_detector) to lifecycle manager.
[collision_detector-19] [INFO] [1775543019.325269755] [collision_detector]: Destroying
[collision_monitor-18] [INFO] [1775543019.318100007] [rclcpp]: signal_handler(SIGINT/SIGTERM)
[collision_monitor-18] [INFO] [1775543019.318222210] [collision_monitor]: Running Nav2 LifecycleNode rcl preshutdown (collision_monitor)
[collision_monitor-18] [INFO] [1775543019.318417035] [collision_monitor]: Deactivating
[collision_monitor-18] [INFO] [1775543019.318496657] [collision_monitor]: Destroying bond (collision_monitor) to lifecycle manager.
[collision_monitor-18] [WARN] [1775543019.332503668] [LifecyclePublisher]: Trying to publish message on the topic '/collision_monitor/collision_points_marker', but the publisher is not activated
[collision_monitor-18] [WARN] [1775543019.335215473] [LifecyclePublisher]: Trying to publish message on the topic '/cmd_vel', but the publisher is not activated
[collision_monitor-18] [INFO] [1775543019.419087211] [collision_monitor]: Cleaning up
[collision_monitor-18] [INFO] [1775543019.476821725] [collision_monitor]: [PolygonStop]: Destroying Polygon
[collision_monitor-18] [INFO] [1775543019.476968428] [collision_monitor]: [PolygonSlow]: Destroying Polygon
[collision_monitor-18] [INFO] [1775543019.477036383] [collision_monitor]: [FootprintApproach]: Destroying Polygon
[collision_monitor-18] [INFO] [1775543019.479751981] [collision_monitor]: [scan]: Destroying Scan
[collision_monitor-18] [INFO] [1775543019.495438631] [collision_monitor]: Destroying bond (collision_monitor) to lifecycle manager.
[velocity_smoother-17] [INFO] [1775543019.543443835] [rclcpp]: signal_handler(SIGINT/SIGTERM)
[velocity_smoother-17] [INFO] [1775543019.543581496] [velocity_smoother]: Running Nav2 LifecycleNode rcl preshutdown (velocity_smoother)
[velocity_smoother-17] [INFO] [1775543019.545845612] [velocity_smoother]: Deactivating
[velocity_smoother-17] [INFO] [1775543019.545923483] [velocity_smoother]: Destroying bond (velocity_smoother) to lifecycle manager.
[waypoint_follower-16] [INFO] [1775543019.571195658] [rclcpp]: signal_handler(SIGINT/SIGTERM)
[waypoint_follower-16] [INFO] [1775543019.571363652] [waypoint_follower]: Running Nav2 LifecycleNode rcl preshutdown (waypoint_follower)
[waypoint_follower-16] [INFO] [1775543019.572287614] [waypoint_follower]: Deactivating
[waypoint_follower-16] [INFO] [1775543019.572414775] [waypoint_follower]: Destroying bond (waypoint_follower) to lifecycle manager.
[velocity_smoother-17] [INFO] [1775543019.576896925] [velocity_smoother]: Cleaning up
[velocity_smoother-17] [INFO] [1775543019.576998713] [velocity_smoother]: Destroying bond (velocity_smoother) to lifecycle manager.
[waypoint_follower-16] [INFO] [1775543019.588861186] [waypoint_follower]: Cleaning up
[bt_navigator-15] [INFO] [1775543019.602989817] [rclcpp]: signal_handler(SIGINT/SIGTERM)
[bt_navigator-15] [INFO] [1775543019.603124853] [bt_navigator]: Running Nav2 LifecycleNode rcl preshutdown (bt_navigator)
[bt_navigator-15] [INFO] [1775543019.603578376] [bt_navigator]: Deactivating
[bt_navigator-15] [INFO] [1775543019.603910279] [bt_navigator]: Destroying bond (bt_navigator) to lifecycle manager.
[behavior_server-14] [INFO] [1775543019.631691852] [rclcpp]: signal_handler(SIGINT/SIGTERM)
[behavior_server-14] [INFO] [1775543019.631894843] [behavior_server]: Running Nav2 LifecycleNode rcl preshutdown (behavior_server)
[behavior_server-14] [INFO] [1775543019.632182998] [behavior_server]: Deactivating
[behavior_server-14] [INFO] [1775543019.632308410] [behavior_server]: Destroying bond (behavior_server) to lifecycle manager.
[planner_server-13] [INFO] [1775543019.662816662] [rclcpp]: signal_handler(SIGINT/SIGTERM)
[planner_server-13] [INFO] [1775543019.662900951] [planner_server]: Running Nav2 LifecycleNode rcl preshutdown (planner_server)
[planner_server-13] [INFO] [1775543019.663044153] [planner_server]: Deactivating
[planner_server-13] [INFO] [1775543019.663115608] [global_costmap.global_costmap]: Deactivating
[bt_navigator-15] [INFO] [1775543019.665779583] [bt_navigator]: Cleaning up
[autodock_action_server-27] Traceback (most recent call last):
[autodock_action_server-27]   File "/home/smr/workspaces/mini_amr/amrROS2_ws/install/action_autodock/lib/python3.12/site-packages/action_autodock/autodock_action_server.py", line 1409, in main
[autodock_action_server-27]     executor.spin()
[autodock_action_server-27]   File "/opt/ros/jazzy/lib/python3.12/site-packages/rclpy/executors.py", line 359, in spin
[autodock_action_server-27]     self._spin_once_impl()
[autodock_action_server-27]   File "/opt/ros/jazzy/lib/python3.12/site-packages/rclpy/executors.py", line 988, in _spin_once_impl
[autodock_action_server-27]     handler, entity, node = self.wait_for_ready_callbacks(
[autodock_action_server-27]                             ^^^^^^^^^^^^^^^^^^^^^^^^^^^^^^
[autodock_action_server-27]   File "/opt/ros/jazzy/lib/python3.12/site-packages/rclpy/executors.py", line 874, in wait_for_ready_callbacks
[autodock_action_server-27]     return next(self._cb_iter)
[autodock_action_server-27]            ^^^^^^^^^^^^^^^^^^^
[autodock_action_server-27]   File "/opt/ros/jazzy/lib/python3.12/site-packages/rclpy/executors.py", line 778, in _wait_for_ready_callbacks
[autodock_action_server-27]     wait_set.wait(timeout_nsec)
[autodock_action_server-27] KeyboardInterrupt
[autodock_action_server-27] 
[autodock_action_server-27] During handling of the above exception, another exception occurred:
[autodock_action_server-27] 
[autodock_action_server-27] Traceback (most recent call last):
[autodock_action_server-27]   File "/home/smr/workspaces/mini_amr/amrROS2_ws/install/action_autodock/lib/action_autodock/autodock_action_server", line 33, in <module>
[autodock_action_server-27]     sys.exit(load_entry_point('action-autodock==0.0.0', 'console_scripts', 'autodock_action_server')())
[autodock_action_server-27]              ^^^^^^^^^^^^^^^^^^^^^^^^^^^^^^^^^^^^^^^^^^^^^^^^^^^^^^^^^^^^^^^^^^^^^^^^^^^^^^^^^^^^^^^^^
[autodock_action_server-27]   File "/home/smr/workspaces/mini_amr/amrROS2_ws/install/action_autodock/lib/python3.12/site-packages/action_autodock/autodock_action_server.py", line 1420, in main
[autodock_action_server-27]     rclpy.shutdown()   
[autodock_action_server-27]     ^^^^^^^^^^^^^^^^
[autodock_action_server-27]   File "/opt/ros/jazzy/lib/python3.12/site-packages/rclpy/__init__.py", line 134, in shutdown
[autodock_action_server-27]     _shutdown(context=context)
[autodock_action_server-27]   File "/opt/ros/jazzy/lib/python3.12/site-packages/rclpy/utilities.py", line 82, in shutdown
[autodock_action_server-27]     context.shutdown()
[autodock_action_server-27]   File "/opt/ros/jazzy/lib/python3.12/site-packages/rclpy/context.py", line 129, in shutdown
[autodock_action_server-27]     self.__context.shutdown()
[autodock_action_server-27] rclpy._rclpy_pybind11.RCLError: failed to shutdown: rcl_shutdown already called on the given context, at ./src/rcl/init.c:333
[smoother_server-12] [INFO] [1775543019.703952814] [rclcpp]: signal_handler(SIGINT/SIGTERM)
[smoother_server-12] [INFO] [1775543019.704133640] [smoother_server]: Running Nav2 LifecycleNode rcl preshutdown (smoother_server)
[smoother_server-12] [INFO] [1775543019.704374838] [smoother_server]: Deactivating
[smoother_server-12] [INFO] [1775543019.704479542] [smoother_server]: Destroying bond (smoother_server) to lifecycle manager.
[smoother_server-12] [INFO] [1775543019.717469553] [smoother_server]: Cleaning up
[behavior_server-14] [INFO] [1775543019.723334730] [behavior_server]: Cleaning up
[controller_server-11] [INFO] [1775543019.741708687] [rclcpp]: signal_handler(SIGINT/SIGTERM)
[controller_server-11] [INFO] [1775543019.741792100] [controller_server]: Running Nav2 LifecycleNode rcl preshutdown (controller_server)
[controller_server-11] [INFO] [1775543019.741924511] [controller_server]: Deactivating
[controller_server-11] [INFO] [1775543019.741981967] [MPPIController]: Deactivated MPPI Controller: FollowPath
[controller_server-11] [INFO] [1775543019.742002675] [local_costmap.local_costmap]: Deactivating
[costmap_filter_info_server-10] [INFO] [1775543019.745179670] [rclcpp]: signal_handler(SIGINT/SIGTERM)
[costmap_filter_info_server-10] [INFO] [1775543019.745449742] [keepout_costmap_filter_info_server]: Running Nav2 LifecycleNode rcl preshutdown (keepout_costmap_filter_info_server)
[costmap_filter_info_server-10] [INFO] [1775543019.745707565] [keepout_costmap_filter_info_server]: Deactivating
[costmap_filter_info_server-10] [INFO] [1775543019.745815186] [keepout_costmap_filter_info_server]: Destroying bond (keepout_costmap_filter_info_server) to lifecycle manager.
[map_server-9] [INFO] [1775543019.750553408] [rclcpp]: signal_handler(SIGINT/SIGTERM)
[map_server-9] [INFO] [1775543019.750781191] [keepout_filter_mask_server]: Running Nav2 LifecycleNode rcl preshutdown (keepout_filter_mask_server)
[map_server-9] [INFO] [1775543019.750912435] [keepout_filter_mask_server]: Deactivating
[map_server-9] [INFO] [1775543019.750951517] [keepout_filter_mask_server]: Destroying bond (keepout_filter_mask_server) to lifecycle manager.
[localization_slam_toolbox_node-8] [INFO] [1775543019.765640708] [rclcpp]: signal_handler(SIGINT/SIGTERM)
[behavior_server-14] [INFO] [1775543019.767640585] [behavior_server]: Destroying bond (behavior_server) to lifecycle manager.
[robot_hardware-7] [INFO] [1775543019.775016533] [rclcpp]: signal_handler(SIGINT/SIGTERM)
[costmap_filter_info_server-10] [INFO] [1775543019.776772878] [keepout_costmap_filter_info_server]: Cleaning up
[costmap_filter_info_server-10] [INFO] [1775543019.776966537] [keepout_costmap_filter_info_server]: Destroying bond (keepout_costmap_filter_info_server) to lifecycle manager.
[map_server-9] [INFO] [1775543019.781500893] [keepout_filter_mask_server]: Cleaning up
[map_server-9] [INFO] [1775543019.781595973] [keepout_filter_mask_server]: Destroying bond (keepout_filter_mask_server) to lifecycle manager.
[ekf_node-6] [INFO] [1775543019.810834360] [rclcpp]: signal_handler(SIGINT/SIGTERM)
[controller_server-11] [INFO] [1775543019.827943119] [controller_server]: Destroying bond (controller_server) to lifecycle manager.
[scan_to_scan_filter_chain-5] [INFO] [1775543019.834132908] [rclcpp]: signal_handler(SIGINT/SIGTERM)
[collision_monitor-18] [INFO] [1775543019.834202905] [collision_monitor]: Destroying
[robot_state_publisher-2] [INFO] [1775543019.853160172] [rclcpp]: signal_handler(SIGINT/SIGTERM)
[velocity_smoother-17] [INFO] [1775543019.859265089] [velocity_smoother]: Destroying
[controller_server-11] [INFO] [1775543019.862383753] [controller_server]: Cleaning up
[controller_server-11] [INFO] [1775543019.862546788] [MPPIController]: Cleaned up MPPI Controller: FollowPath
[controller_server-11] [INFO] [1775543019.862661700] [local_costmap.local_costmap]: Cleaning up
[localization_monitor-1] Traceback (most recent call last):
[localization_monitor-1]   File "/home/smr/workspaces/mini_amr/amrROS2_ws/install/localization_monitor/lib/localization_monitor/localization_monitor", line 33, in <module>
[localization_monitor-1]     sys.exit(load_entry_point('localization-monitor', 'console_scripts', 'localization_monitor')())
[localization_monitor-1]              ^^^^^^^^^^^^^^^^^^^^^^^^^^^^^^^^^^^^^^^^^^^^^^^^^^^^^^^^^^^^^^^^^^^^^^^^^^^^^^^^^^^^^
[localization_monitor-1]   File "/home/smr/workspaces/mini_amr/amrROS2_ws/build/localization_monitor/localization_monitor/localization_monitor.py", line 114, in main
[localization_monitor-1]     rclpy.spin(node)
[localization_monitor-1]   File "/opt/ros/jazzy/lib/python3.12/site-packages/rclpy/__init__.py", line 247, in spin
[localization_monitor-1]     executor.spin_once()
[localization_monitor-1]   File "/opt/ros/jazzy/lib/python3.12/site-packages/rclpy/executors.py", line 923, in spin_once
[planner_server-13] [INFO] [1775543019.891729470] [planner_server]: Deactivating plugin GridBased of type SmacPlanner2D
[planner_server-13] [INFO] [1775543019.891829216] [planner_server]: Destroying bond (planner_server) to lifecycle manager.
[localization_monitor-1]     self._spin_once_impl(timeout_sec)
[localization_monitor-1]   File "/opt/ros/jazzy/lib/python3.12/site-packages/rclpy/executors.py", line 904, in _spin_once_impl
[localization_monitor-1]     handler, entity, node = self.wait_for_ready_callbacks(
[localization_monitor-1]                             ^^^^^^^^^^^^^^^^^^^^^^^^^^^^^^
[localization_monitor-1]   File "/opt/ros/jazzy/lib/python3.12/site-packages/rclpy/executors.py", line 874, in wait_for_ready_callbacks
[localization_monitor-1]     return next(self._cb_iter)
[localization_monitor-1]            ^^^^^^^^^^^^^^^^^^^
[localization_monitor-1]   File "/opt/ros/jazzy/lib/python3.12/site-packages/rclpy/executors.py", line 778, in _wait_for_ready_callbacks
[localization_monitor-1]     wait_set.wait(timeout_nsec)
[localization_monitor-1] KeyboardInterrupt
[planner_server-13] [INFO] [1775543019.925283473] [planner_server]: Cleaning up
[costmap_filter_info_server-10] [INFO] [1775543019.949040501] [keepout_costmap_filter_info_server]: Destroying
[sllidar_node-4] [INFO] [1775543019.985691586] [sllidar_node]: Stop motor
[localization_slam_toolbox_node-8] Unregistering sensor: Custom Described Lidar
[behavior_server-14] [INFO] [1775543020.102888086] [behavior_server]: Destroying
[waypoint_follower-16] [INFO] [1775543020.111988297] [waypoint_follower]: Destroying bond (waypoint_follower) to lifecycle manager.
[waypoint_follower-16] [INFO] [1775543020.158964543] [waypoint_follower]: Destroying
[smoother_server-12] [INFO] [1775543020.163268201] [smoother_server]: Destroying bond (smoother_server) to lifecycle manager.
[planner_server-13] [INFO] [1775543020.180133720] [global_costmap.global_costmap]: Cleaning up
[smoother_server-12] [INFO] [1775543020.277624858] [smoother_server]: Destroying
[planner_server-13] [INFO] [1775543020.431622062] [planner_server]: Cleaning up plugin GridBased of type SmacPlanner2D
[planner_server-13] [INFO] [1775543020.433777099] [planner_server]: Destroying plugin GridBased of type SmacPlanner2D
[controller_server-11] [INFO] [1775543020.757613608] [controller_server]: Destroying bond (controller_server) to lifecycle manager.
[map_server-9] [INFO] [1775543020.771778113] [keepout_filter_mask_server]: Destroying
[controller_server-11] [INFO] [1775543020.805156248] [local_costmap.local_costmap]: Destroying
[delivery_robot_main_controller-22] Traceback (most recent call last):
[delivery_robot_main_controller-22]   File "/home/smr/workspaces/mini_amr/amrROS2_ws/install/delivery_robot_main_controller/lib/delivery_robot_main_controller/delivery_robot_main_controller", line 33, in <module>
[delivery_robot_main_controller-22]     sys.exit(load_entry_point('delivery-robot-main-controller==0.0.1', 'console_scripts', 'delivery_robot_main_controller')())
[delivery_robot_main_controller-22]              ^^^^^^^^^^^^^^^^^^^^^^^^^^^^^^^^^^^^^^^^^^^^^^^^^^^^^^^^^^^^^^^^^^^^^^^^^^^^^^^^^^^^^^^^^^^^^^^^^^^^^^^^^^^^^^^^
[delivery_robot_main_controller-22]   File "/home/smr/workspaces/mini_amr/amrROS2_ws/install/delivery_robot_main_controller/lib/python3.12/site-packages/delivery_robot_main_controller/main_controller_node.py", line 1931, in main
[delivery_robot_main_controller-22]     rclpy.shutdown()
[delivery_robot_main_controller-22]   File "/opt/ros/jazzy/lib/python3.12/site-packages/rclpy/__init__.py", line 134, in shutdown
[delivery_robot_main_controller-22]     _shutdown(context=context)
[delivery_robot_main_controller-22]   File "/opt/ros/jazzy/lib/python3.12/site-packages/rclpy/utilities.py", line 82, in shutdown
[delivery_robot_main_controller-22]     context.shutdown()
[delivery_robot_main_controller-22]   File "/opt/ros/jazzy/lib/python3.12/site-packages/rclpy/context.py", line 129, in shutdown
[delivery_robot_main_controller-22]     self.__context.shutdown()
[delivery_robot_main_controller-22] rclpy._rclpy_pybind11.RCLError: failed to shutdown: rcl_shutdown already called on the given context, at ./src/rcl/init.c:333
[ERROR] [localization_monitor-21]: process has died [pid 17478, exit code -2, cmd '/home/smr/workspaces/mini_amr/amrROS2_ws/install/localization_monitor/lib/localization_monitor/localization_monitor --ros-args -r __node:=localization_monitor --params-file /tmp/launch_params_2crgmkn2 -r /tf:=tf -r /tf_static:=tf_static -r /tf:=tf -r /tf_static:=tf_static'].
[lifecycle_manager-20] [INFO] [1775543021.166679508] [lifecycle_manager_navigation]: Destroying lifecycle_manager_navigation
[planner_server-13] [INFO] [1775543021.191267170] [planner_server]: Destroying bond (planner_server) to lifecycle manager.
[robot_sound-23] Traceback (most recent call last):
[robot_sound-23]   File "/home/smr/workspaces/mini_amr/amrROS2_ws/install/delivery_robot_main_controller/lib/delivery_robot_main_controller/robot_sound", line 33, in <module>
[robot_sound-23]     sys.exit(load_entry_point('delivery-robot-main-controller==0.0.1', 'console_scripts', 'robot_sound')())
[robot_sound-23]              ^^^^^^^^^^^^^^^^^^^^^^^^^^^^^^^^^^^^^^^^^^^^^^^^^^^^^^^^^^^^^^^^^^^^^^^^^^^^^^^^^^^^^^^^^^^^^
[robot_sound-23]   File "/home/smr/workspaces/mini_amr/amrROS2_ws/install/delivery_robot_main_controller/lib/python3.12/site-packages/delivery_robot_main_controller/robot_sound.py", line 150, in main
[robot_sound-23]     rclpy.shutdown()
[robot_sound-23]   File "/opt/ros/jazzy/lib/python3.12/site-packages/rclpy/__init__.py", line 134, in shutdown
[robot_sound-23]     _shutdown(context=context)
[robot_sound-23]   File "/opt/ros/jazzy/lib/python3.12/site-packages/rclpy/utilities.py", line 82, in shutdown
[robot_sound-23]     context.shutdown()
[robot_sound-23]   File "/opt/ros/jazzy/lib/python3.12/site-packages/rclpy/context.py", line 129, in shutdown
[robot_sound-23]     self.__context.shutdown()
[robot_sound-23] rclpy._rclpy_pybind11.RCLError: failed to shutdown: rcl_shutdown already called on the given context, at ./src/rcl/init.c:333
[planner_server-13] [INFO] [1775543021.241471450] [global_costmap.global_costmap]: Destroying
[INFO] [collision_detector-19]: process has finished cleanly [pid 17464]
[rpc_run_node-25] Traceback (most recent call last):
[rpc_run_node-25]   File "/home/smr/workspaces/mini_amr/amrROS2_ws/install/delivery_robot_main_controller/lib/delivery_robot_main_controller/rpc_run_node", line 33, in <module>
[rpc_run_node-25]     sys.exit(load_entry_point('delivery-robot-main-controller==0.0.1', 'console_scripts', 'rpc_run_node')())
[rpc_run_node-25]              ^^^^^^^^^^^^^^^^^^^^^^^^^^^^^^^^^^^^^^^^^^^^^^^^^^^^^^^^^^^^^^^^^^^^^^^^^^^^^^^^^^^^^^^^^^^^^^
[rpc_run_node-25]   File "/home/smr/workspaces/mini_amr/amrROS2_ws/install/delivery_robot_main_controller/lib/python3.12/site-packages/delivery_robot_main_controller/rpc_run_node.py", line 57, in main
[rpc_run_node-25]     rclpy.shutdown()
[rpc_run_node-25]   File "/opt/ros/jazzy/lib/python3.12/site-packages/rclpy/__init__.py", line 134, in shutdown
[rpc_run_node-25]     _shutdown(context=context)
[rpc_run_node-25]   File "/opt/ros/jazzy/lib/python3.12/site-packages/rclpy/utilities.py", line 82, in shutdown
[rpc_run_node-25]     context.shutdown()
[rpc_run_node-25]   File "/opt/ros/jazzy/lib/python3.12/site-packages/rclpy/context.py", line 129, in shutdown
[rpc_run_node-25]     self.__context.shutdown()
[rpc_run_node-25] rclpy._rclpy_pybind11.RCLError: failed to shutdown: rcl_shutdown already called on the given context, at ./src/rcl/init.c:333
[planner_server-13] [INFO] [1775543021.475109356] [planner_server]: Destroying
[ERROR] [robot_sound-23]: process has died [pid 17749, exit code 1, cmd '/home/smr/workspaces/mini_amr/amrROS2_ws/install/delivery_robot_main_controller/lib/delivery_robot_main_controller/robot_sound --ros-args -r __node:=robot_sound_node -r __ns:=/ -r /tf:=tf -r /tf_static:=tf_static'].
[controller_server-11] [INFO] [1775543021.489485310] [controller_server]: Destroying
[INFO] [costmap_filter_info_server-10]: process has finished cleanly [pid 17441]
[INFO] [collision_monitor-18]: process has finished cleanly [pid 17462]
[bt_navigator-15] [INFO] [1775543021.635890449] [bt_navigator]: Completed Cleaning up
[bt_navigator-15] [INFO] [1775543021.636006528] [bt_navigator]: Destroying bond (bt_navigator) to lifecycle manager.
[call_robot_button-24] Traceback (most recent call last):
[call_robot_button-24]   File "/home/smr/workspaces/mini_amr/amrROS2_ws/install/delivery_robot_main_controller/lib/delivery_robot_main_controller/call_robot_button", line 33, in <module>
[call_robot_button-24]     sys.exit(load_entry_point('delivery-robot-main-controller==0.0.1', 'console_scripts', 'call_robot_button')())
[call_robot_button-24]              ^^^^^^^^^^^^^^^^^^^^^^^^^^^^^^^^^^^^^^^^^^^^^^^^^^^^^^^^^^^^^^^^^^^^^^^^^^^^^^^^^^^^^^^^^^^^^^^^^^^
[call_robot_button-24]   File "/home/smr/workspaces/mini_amr/amrROS2_ws/install/delivery_robot_main_controller/lib/python3.12/site-packages/delivery_robot_main_controller/call_button.py", line 251, in main
[call_robot_button-24]     rclpy.shutdown()
[call_robot_button-24]   File "/opt/ros/jazzy/lib/python3.12/site-packages/rclpy/__init__.py", line 134, in shutdown
[call_robot_button-24]     _shutdown(context=context)
[call_robot_button-24]   File "/opt/ros/jazzy/lib/python3.12/site-packages/rclpy/utilities.py", line 82, in shutdown
[call_robot_button-24]     context.shutdown()
[call_robot_button-24]   File "/opt/ros/jazzy/lib/python3.12/site-packages/rclpy/context.py", line 129, in shutdown
[call_robot_button-24]     self.__context.shutdown()
[call_robot_button-24] rclpy._rclpy_pybind11.RCLError: failed to shutdown: rcl_shutdown already called on the given context, at ./src/rcl/init.c:333
[delivery_robot_main_controller-22] The following exception was never retrieved: 
[INFO] [robot_hardware-7]: process has finished cleanly [pid 17433]
[bt_navigator-15] [INFO] [1775543021.840014936] [bt_navigator]: Destroying
[INFO] [joint_state_publisher-3]: process has finished cleanly [pid 17429]
[INFO] [velocity_smoother-17]: process has finished cleanly [pid 17461]
[INFO] [smoother_server-12]: process has finished cleanly [pid 17449]
[ERROR] [call_robot_button-24]: process has died [pid 17750, exit code 1, cmd '/home/smr/workspaces/mini_amr/amrROS2_ws/install/delivery_robot_main_controller/lib/delivery_robot_main_controller/call_robot_button --ros-args -r __node:=call_robot_button_node -r __ns:=/ -r /tf:=tf -r /tf_static:=tf_static'].
[ERROR] [rpc_run_node-25]: process has died [pid 17751, exit code 1, cmd '/home/smr/workspaces/mini_amr/amrROS2_ws/install/delivery_robot_main_controller/lib/delivery_robot_main_controller/rpc_run_node --ros-args -r __node:=rpc_run_node -r __ns:=/ -r /tf:=tf -r /tf_static:=tf_static'].
[INFO] [behavior_server-14]: process has finished cleanly [pid 17453]
[ERROR] [battery_manager_node-28]: process has died [pid 17755, exit code -2, cmd '/home/smr/workspaces/mini_amr/amrROS2_ws/install/battery_management/lib/battery_management/battery_manager_node --ros-args -r __node:=battery_manager -r __ns:=/ --params-file /home/smr/workspaces/mini_amr/amrROS2_ws/install/battery_management/share/battery_management/config/battery_manager.yaml -r /tf:=tf -r /tf_static:=tf_static'].
[INFO] [map_server-9]: process has finished cleanly [pid 17438]
[ERROR] [localization_monitor-1]: process has died [pid 17427, exit code -2, cmd '/home/smr/workspaces/mini_amr/amrROS2_ws/install/localization_monitor/lib/localization_monitor/localization_monitor --ros-args -r __node:=localization_monitor --params-file /tmp/launch_params_1zn1qr79'].
[INFO] [waypoint_follower-16]: process has finished cleanly [pid 17460]
[INFO] [robot_state_publisher-2]: process has finished cleanly [pid 17428]
[INFO] [sllidar_node-4]: process has finished cleanly [pid 17430]
[INFO] [ekf_node-6]: process has finished cleanly [pid 17432]
[INFO] [scan_to_scan_filter_chain-5]: process has finished cleanly [pid 17431]
[INFO] [lifecycle_manager-20]: process has finished cleanly [pid 17476]
[ERROR] [autodock_action_server-27]: process has died [pid 17754, exit code 1, cmd '/home/smr/workspaces/mini_amr/amrROS2_ws/install/action_autodock/lib/action_autodock/autodock_action_server --ros-args -r __ns:=/ --params-file /home/smr/workspaces/mini_amr/amrROS2_ws/install/action_autodock/share/action_autodock/config/auto_dock_config.yaml --params-file /tmp/launch_params_0d5a2im9 -r /tf:=tf -r /tf_static:=tf_static'].
[INFO] [controller_server-11]: process has finished cleanly [pid 17448]
[INFO] [planner_server-13]: process has finished cleanly [pid 17452]
[INFO] [bt_navigator-15]: process has finished cleanly [pid 17458]
[INFO] [localization_slam_toolbox_node-8]: process has finished cleanly [pid 17434]
[ERROR] [delivery_robot_main_controller-22]: process has died [pid 17748, exit code 1, cmd '/home/smr/workspaces/mini_amr/amrROS2_ws/install/delivery_robot_main_controller/lib/delivery_robot_main_controller/delivery_robot_main_controller --ros-args -r __node:=main_controller_node -r __ns:=/ --params-file /tmp/launch_params_awfjqwyg -r /tf:=tf -r /tf_static:=tf_static'].
