[INFO] [launch]: All log files can be found below /home/smr/.ros/log/2026-04-07-13-55-35-335882-one-43038
[INFO] [launch]: Default logging verbosity is set to INFO
[INFO] [localization_monitor-1]: process started with pid [43064]
[INFO] [robot_state_publisher-2]: process started with pid [43065]
[INFO] [joint_state_publisher-3]: process started with pid [43066]
[INFO] [sllidar_node-4]: process started with pid [43067]
[INFO] [scan_to_scan_filter_chain-5]: process started with pid [43068]
[INFO] [ekf_node-6]: process started with pid [43069]
[INFO] [robot_hardware-7]: process started with pid [43070]
[INFO] [localization_slam_toolbox_node-8]: process started with pid [43075]
[INFO] [map_server-9]: process started with pid [43080]
[INFO] [costmap_filter_info_server-10]: process started with pid [43091]
[INFO] [controller_server-11]: process started with pid [43101]
[INFO] [smoother_server-12]: process started with pid [43113]
[INFO] [planner_server-13]: process started with pid [43114]
[INFO] [behavior_server-14]: process started with pid [43116]
[INFO] [bt_navigator-15]: process started with pid [43118]
[INFO] [waypoint_follower-16]: process started with pid [43121]
[INFO] [velocity_smoother-17]: process started with pid [43122]
[INFO] [collision_monitor-18]: process started with pid [43123]
[INFO] [collision_detector-19]: process started with pid [43124]
[INFO] [lifecycle_manager-20]: process started with pid [43126]
[INFO] [localization_monitor-21]: process started with pid [43127]
[sllidar_node-4] [INFO] [1775544936.370160223] [sllidar_node]: SLLidar running on ROS2 package SLLidar.ROS2 SDK Version:1.0.1, SLLIDAR SDK Version:2.1.0
[sllidar_node-4] [INFO] [1775544936.413945490] [sllidar_node]: SLLidar S/N: 6E42ED93C5E19FD9B5E192F9EE904B72
[sllidar_node-4] [INFO] [1775544936.414004113] [sllidar_node]: Firmware Ver: 1.00
[sllidar_node-4] [INFO] [1775544936.414014613] [sllidar_node]: Hardware Rev: 18
[sllidar_node-4] [INFO] [1775544936.416334435] [sllidar_node]: SLLidar health status : 0
[sllidar_node-4] [INFO] [1775544936.416384600] [sllidar_node]: SLLidar health status : OK.
[robot_state_publisher-2] [INFO] [1775544936.702297057] [robot_state_publisher]: Robot initialized
[sllidar_node-4] [INFO] [1775544936.721504571] [sllidar_node]: current scan mode: Standard, sample rate: 11 Khz, max_distance: 30.0 m, scan frequency:10.0 Hz, 
[robot_hardware-7] Serial port opened at port /dev/teensy with baudrate 460800
[robot_hardware-7] Created receive data thread
[map_server-9] [INFO] [1775544936.836374000] [keepout_filter_mask_server]: 
[map_server-9] 	keepout_filter_mask_server lifecycle node launched. 
[map_server-9] 	Waiting on external lifecycle transitions to activate
[map_server-9] 	See https://design.ros2.org/articles/node_lifecycle.html for more information.
[map_server-9] [INFO] [1775544936.836524494] [keepout_filter_mask_server]: Creating
[smoother_server-12] [INFO] [1775544936.896396860] [smoother_server]: 
[smoother_server-12] 	smoother_server lifecycle node launched. 
[smoother_server-12] 	Waiting on external lifecycle transitions to activate
[smoother_server-12] 	See https://design.ros2.org/articles/node_lifecycle.html for more information.
[lifecycle_manager-20] [INFO] [1775544936.952179058] [lifecycle_manager_navigation]: Creating
[controller_server-11] [INFO] [1775544937.009835722] [controller_server]: 
[controller_server-11] 	controller_server lifecycle node launched. 
[controller_server-11] 	Waiting on external lifecycle transitions to activate
[controller_server-11] 	See https://design.ros2.org/articles/node_lifecycle.html for more information.
[bt_navigator-15] [INFO] [1775544937.013842185] [bt_navigator]: 
[bt_navigator-15] 	bt_navigator lifecycle node launched. 
[bt_navigator-15] 	Waiting on external lifecycle transitions to activate
[bt_navigator-15] 	See https://design.ros2.org/articles/node_lifecycle.html for more information.
[smoother_server-12] [INFO] [1775544937.016567408] [smoother_server]: Creating smoother server
[bt_navigator-15] [INFO] [1775544937.023456003] [bt_navigator]: Creating
[lifecycle_manager-20] [INFO] [1775544937.058021478] [lifecycle_manager_navigation]: [34m[1mCreating and initializing lifecycle service clients[0m[0m
[controller_server-11] [INFO] [1775544937.063274182] [controller_server]: Creating controller server
[collision_detector-19] [INFO] [1775544937.147332609] [collision_detector]: 
[collision_detector-19] 	collision_detector lifecycle node launched. 
[collision_detector-19] 	Waiting on external lifecycle transitions to activate
[collision_detector-19] 	See https://design.ros2.org/articles/node_lifecycle.html for more information.
[costmap_filter_info_server-10] [INFO] [1775544937.157210959] [costmap_filter_info_server]: This is costmap filter info publisher
[costmap_filter_info_server-10] [INFO] [1775544937.175759624] [keepout_costmap_filter_info_server]: 
[costmap_filter_info_server-10] 	keepout_costmap_filter_info_server lifecycle node launched. 
[costmap_filter_info_server-10] 	Waiting on external lifecycle transitions to activate
[costmap_filter_info_server-10] 	See https://design.ros2.org/articles/node_lifecycle.html for more information.
[collision_monitor-18] [INFO] [1775544937.200310838] [collision_monitor]: 
[collision_monitor-18] 	collision_monitor lifecycle node launched. 
[collision_monitor-18] 	Waiting on external lifecycle transitions to activate
[collision_monitor-18] 	See https://design.ros2.org/articles/node_lifecycle.html for more information.
[velocity_smoother-17] [INFO] [1775544937.210246935] [velocity_smoother]: 
[velocity_smoother-17] 	velocity_smoother lifecycle node launched. 
[velocity_smoother-17] 	Waiting on external lifecycle transitions to activate
[velocity_smoother-17] 	See https://design.ros2.org/articles/node_lifecycle.html for more information.
[controller_server-11] [INFO] [1775544937.250527970] [local_costmap.local_costmap]: 
[controller_server-11] 	local_costmap lifecycle node launched. 
[controller_server-11] 	Waiting on external lifecycle transitions to activate
[controller_server-11] 	See https://design.ros2.org/articles/node_lifecycle.html for more information.
[controller_server-11] [INFO] [1775544937.266694982] [local_costmap.local_costmap]: Creating Costmap
[localization_slam_toolbox_node-8] [INFO] [1775544937.281905365] [slam_toolbox]: Node using stack size 40000000
[behavior_server-14] [INFO] [1775544937.364100118] [behavior_server]: 
[behavior_server-14] 	behavior_server lifecycle node launched. 
[behavior_server-14] 	Waiting on external lifecycle transitions to activate
[behavior_server-14] 	See https://design.ros2.org/articles/node_lifecycle.html for more information.
[waypoint_follower-16] [INFO] [1775544937.370241786] [waypoint_follower]: 
[scan_to_scan_filter_chain-5] [WARN] [1775544937.394046363] [scan_to_scan_filter_chain]: diagnostic_updater: No HW_ID was set. This is probably a bug. Please report it. For devices that do not have a HW_ID, set this value to 'none'. This warning only occurs once all diagnostics are OK. It is okay to wait until the device is open before calling setHardwareID.
[waypoint_follower-16] 	waypoint_follower lifecycle node launched. 
[waypoint_follower-16] 	Waiting on external lifecycle transitions to activate
[waypoint_follower-16] 	See https://design.ros2.org/articles/node_lifecycle.html for more information.
[waypoint_follower-16] [INFO] [1775544937.410982760] [waypoint_follower]: Creating
[planner_server-13] [INFO] [1775544937.425175852] [planner_server]: 
[planner_server-13] 	planner_server lifecycle node launched. 
[planner_server-13] 	Waiting on external lifecycle transitions to activate
[planner_server-13] 	See https://design.ros2.org/articles/node_lifecycle.html for more information.
[planner_server-13] [INFO] [1775544937.463553839] [planner_server]: Creating
[localization_slam_toolbox_node-8] [INFO] [1775544937.580996247] [slam_toolbox]: Configuring
[planner_server-13] [INFO] [1775544937.620220616] [global_costmap.global_costmap]: 
[planner_server-13] 	global_costmap lifecycle node launched. 
[planner_server-13] 	Waiting on external lifecycle transitions to activate
[planner_server-13] 	See https://design.ros2.org/articles/node_lifecycle.html for more information.
[planner_server-13] [INFO] [1775544937.628705147] [global_costmap.global_costmap]: Creating Costmap
[localization_slam_toolbox_node-8] [INFO] [1775544937.643317055] [slam_toolbox]: Using solver plugin solver_plugins::CeresSolver
[localization_slam_toolbox_node-8] [INFO] [1775544937.671617492] [slam_toolbox]: CeresSolver: Using SCHUR_JACOBI preconditioner.
[localization_slam_toolbox_node-8] Load From File /home/smr/workspaces/mini_amr/amrROS2_ws/maps/latest_map.posegraph 
[localization_slam_toolbox_node-8] Mapper <- Module
[localization_slam_toolbox_node-8] Mapper <- m_pSequentialScanMatcher
[localization_slam_toolbox_node-8] Mapper <- m_pGraph
[localization_slam_toolbox_node-8] MapperGraph <- Graph; Graph <- m_Edges; Graph <- m_Vertices
[localization_slam_toolbox_node-8] MapperGraph <- m_pMapper; MapperGraph <- m_pLoopScanMatcher; MapperGraph <- m_pTraversal
[localization_slam_toolbox_node-8] Mapper <- m_pMapperSensorManager
[localization_slam_toolbox_node-8] MapperSensorManager <- m_ScanManagers; MapperSensorManager <- m_Scans
[localization_slam_toolbox_node-8] Mapper <- m_Listeners
[localization_slam_toolbox_node-8] **Finished serializing Mapper**
[localization_slam_toolbox_node-8] Load From File
[localization_slam_toolbox_node-8] **Serializing Dataset**
[localization_slam_toolbox_node-8] Dataset <- m_SensorNameLookup
[localization_slam_toolbox_node-8] Dataset <- m_Data
[localization_slam_toolbox_node-8] Dataset <- m_Lasers
[localization_slam_toolbox_node-8] Dataset <- m_pDatasetInfo
[localization_slam_toolbox_node-8] **Finished serializing Dataset**
[localization_slam_toolbox_node-8] Registering sensor: [Custom Described Lidar]
[localization_slam_toolbox_node-8] WARNING: Logging before InitGoogleLogging() is written to STDERR
[localization_slam_toolbox_node-8] W20260407 13:55:38.698881 43075 preprocessor.cc:67] Specified options.num_threads: 50 exceeds maximum available from the threading model Ceres was compiled with: 8.  Bounding to maximum number available.
[INFO] [launch.user]: [LifecycleLaunch] Slamtoolbox node is activating.
[localization_slam_toolbox_node-8] [INFO] [1775544938.731351222] [slam_toolbox]: Activating
[localization_slam_toolbox_node-8] Registering sensor: [Custom Described Lidar]
[localization_monitor-21] [INFO] [1775544939.352576927] [localization_monitor]: Localization Monitor Started
[joint_state_publisher-3] [INFO] [1775544939.410247882] [joint_state_publisher]: Waiting for robot_description to be published on the robot_description topic...
[localization_monitor-1] [INFO] [1775544939.458221021] [localization_monitor]: Localization Monitor Started
[lifecycle_manager-20] [INFO] [1775544940.429734409] [lifecycle_manager_navigation]: Waiting for service collision_monitor/get_state...
[INFO] [delivery_robot_main_controller-22]: process started with pid [43379]
[INFO] [robot_sound-23]: process started with pid [43380]
[INFO] [call_robot_button-24]: process started with pid [43381]
[INFO] [rpc_run_node-25]: process started with pid [43382]
[INFO] [dock_coordinates-26]: process started with pid [43383]
[INFO] [autodock_action_server-27]: process started with pid [43384]
[INFO] [battery_manager_node-28]: process started with pid [43385]
[dock_coordinates-26] [INFO] [1775544941.899437153] [dock_coordinates]: begin dock_coordinates
[dock_coordinates-26] [INFO] [1775544941.910857482] [dock coordinates]: max_alignment_error: 0.010000
[dock_coordinates-26] [INFO] [1775544941.910952561] [dock coordinates]: minimum_point_cloud: 5
[dock_coordinates-26] [INFO] [1775544941.910970061] [dock coordinates]: point_cloud_split_dist: 0.050000
[dock_coordinates-26] [INFO] [1775544941.910986393] [dock coordinates]: max_dock_width: 0.380000
[dock_coordinates-26] [INFO] [1775544941.911002434] [dock coordinates]: min_dock_width: 0.310000
[dock_coordinates-26] [INFO] [1775544941.911018184] [dock coordinates]: range_limit: 1.200000
[lifecycle_manager-20] [INFO] [1775544942.430210189] [lifecycle_manager_navigation]: Waiting for service collision_monitor/get_state...
[battery_manager_node-28] [INFO] [1775544943.612332794] [battery_manager]: SOC limits from API: target=1.00, resume=0.95
[battery_manager_node-28] [INFO] [1775544943.620426507] [battery_manager]: IR state: IDLE -> CHARGING (11)
[robot_sound-23] [0m[INFO] [1775544943.730530588] [robot_sound_node]: ✅ robot_sound_node started using .wav files[0m
[rpc_run_node-25] [0m[INFO] [1775544943.731111273] [rpc_run_node]: RPC run node started; RPC bridge configured.[0m
[rpc_run_node-25] 2026-04-07 13:55:43,733 [INFO] RPCServer listening on localhost:6000
[robot_sound-23] [0m[INFO] [1775544943.738259733] [robot_sound_node]: Sound volume set to 100% (API).[0m
[battery_manager_node-28] [INFO] [1775544943.882551595] [battery_manager]: State change: IDLE_ON_DOCK -> CHARGING
[lifecycle_manager-20] [INFO] [1775544944.432173993] [lifecycle_manager_navigation]: Waiting for service collision_monitor/get_state...
[delivery_robot_main_controller-22] [0m[INFO] [1775544944.533461347] [main_controller_node]: Delivery Robot Main Controller Node started.[0m
[delivery_robot_main_controller-22] [0m[INFO] [1775544944.546352200] [main_controller_node]: Initial state: STANDBY[0m
[delivery_robot_main_controller-22] [0m[INFO] [1775544944.558678409] [main_controller_node]: setting_batteryLowToCharge: 20[0m
[delivery_robot_main_controller-22] [33m[WARN] [1775544944.618082669] [rcl.logging_rosout]: Publisher already registered for node name: 'main_controller_node'. If this is due to multiple nodes with the same name then all logs for the logger named 'main_controller_node' will go out over the existing publisher. As soon as any node with that name is destructed it will unregister the publisher, preventing any further logs for that name from being published on the rosout topic.[0m
[autodock_action_server-27] [INFO] [1775544944.653824679] [autodock_action_server]: auto_dock_init_start
[delivery_robot_main_controller-22] [33m[WARN] [1775544944.690800098] [main_controller_node]: slam_toolbox_msgs not available; initial pose service calls will be skipped.[0m
[autodock_action_server-27] [INFO] [1775544944.831286447] [autodock_action_server]: auto_dock_init_complete
[autodock_action_server-27] [INFO] [1775544944.993295466] [charge_status]: IR Charge State: CHARGING (11)
[lifecycle_manager-20] [INFO] [1775544945.090940635] [lifecycle_manager_navigation]: [34m[1mStarting managed nodes bringup...[0m[0m
[lifecycle_manager-20] [INFO] [1775544945.092359828] [lifecycle_manager_navigation]: [34m[1mConfiguring controller_server[0m[0m
[controller_server-11] [INFO] [1775544945.093366912] [controller_server]: Configuring controller interface
[controller_server-11] [INFO] [1775544945.093578362] [controller_server]: getting progress checker plugins..
[controller_server-11] [INFO] [1775544945.094812353] [controller_server]: getting goal checker plugins..
[controller_server-11] [INFO] [1775544945.100116097] [controller_server]: Controller frequency set to 10.0000Hz
[controller_server-11] [INFO] [1775544945.100237425] [local_costmap.local_costmap]: Configuring
[controller_server-11] [INFO] [1775544945.124090417] [local_costmap.local_costmap]: Using plugin "obstacle_layer"
[controller_server-11] [INFO] [1775544945.149785501] [local_costmap.local_costmap]: Subscribed to Topics: scan
[controller_server-11] [INFO] [1775544945.168711859] [local_costmap.local_costmap]: Initialized plugin "obstacle_layer"
[controller_server-11] [INFO] [1775544945.170084095] [local_costmap.local_costmap]: Using plugin "denoise_layer"
[controller_server-11] [INFO] [1775544945.174579663] [local_costmap.local_costmap]: Initialized plugin "denoise_layer"
[controller_server-11] [INFO] [1775544945.174662785] [local_costmap.local_costmap]: Using plugin "inflation_layer"
[controller_server-11] [INFO] [1775544945.179124229] [local_costmap.local_costmap]: Initialized plugin "inflation_layer"
[controller_server-11] [INFO] [1775544945.179268306] [local_costmap.local_costmap]: Using costmap filter "keepout_filter"
[controller_server-11] [INFO] [1775544945.189221611] [local_costmap.local_costmap]: Initialized costmap filter "keepout_filter"
[controller_server-11] [INFO] [1775544945.189344690] [local_costmap.local_costmap]: Using costmap filter "inflation_layer2"
[controller_server-11] [INFO] [1775544945.199717978] [local_costmap.local_costmap]: Initialized costmap filter "inflation_layer2"
[controller_server-11] [INFO] [1775544945.293929202] [controller_server]: Created progress_checker : progress_checker of type nav2_controller::SimpleProgressChecker
[controller_server-11] [INFO] [1775544945.296593469] [controller_server]: Controller Server has progress_checker  progress checkers available.
[controller_server-11] [INFO] [1775544945.298937208] [controller_server]: Created goal checker : goal_checker of type nav2_controller::SimpleGoalChecker
[controller_server-11] [INFO] [1775544945.302572686] [controller_server]: Controller Server has goal_checker  goal checkers available.
[controller_server-11] [INFO] [1775544945.305444902] [controller_server]: Created controller : FollowPath of type nav2_mppi_controller::MPPIController
[controller_server-11] [INFO] [1775544945.325179145] [controller_server]: Controller period is equal to model dt. Control sequence shifting is ON
[controller_server-11] [INFO] [1775544945.332079407] [controller_server]: ConstraintCritic instantiated with 1 power and 4.000000 weight.
[controller_server-11] [INFO] [1775544945.332177111] [controller_server]: Critic loaded : mppi::critics::ConstraintCritic
[controller_server-11] [INFO] [1775544945.338796510] [controller_server]: InflationCostCritic instantiated with 1 power and 300.000000 / 0.015000 weights. Critic will collision check based on footprint cost.
[controller_server-11] [INFO] [1775544945.338888381] [controller_server]: Critic loaded : mppi::critics::CostCritic
[controller_server-11] [INFO] [1775544945.342294326] [controller_server]: GoalCritic instantiated with 1 power and 5.000000 weight.
[controller_server-11] [INFO] [1775544945.342383281] [controller_server]: Critic loaded : mppi::critics::GoalCritic
[controller_server-11] [INFO] [1775544945.345124253] [controller_server]: GoalAngleCritic instantiated with 1 power, 3.000000 weight, and 0.500000 angular threshold.
[controller_server-11] [INFO] [1775544945.345213208] [controller_server]: Critic loaded : mppi::critics::GoalAngleCritic
[controller_server-11] [INFO] [1775544945.353120846] [controller_server]: ReferenceTrajectoryCritic instantiated with 1 power and 2.000000 weight
[controller_server-11] [INFO] [1775544945.353217675] [controller_server]: Critic loaded : mppi::critics::PathAlignCritic
[controller_server-11] [INFO] [1775544945.357532125] [controller_server]: Critic loaded : mppi::critics::PathFollowCritic
[controller_server-11] [INFO] [1775544945.362051901] [controller_server]: PathAngleCritic instantiated with 1 power and 1.500000 weight. Mode set to: Forward Preference
[controller_server-11] [INFO] [1775544945.362133272] [controller_server]: Critic loaded : mppi::critics::PathAngleCritic
[controller_server-11] [INFO] [1775544945.365237063] [controller_server]: PreferForwardCritic instantiated with 1 power and 10.000000 weight.
[controller_server-11] [INFO] [1775544945.365321935] [controller_server]: Critic loaded : mppi::critics::PreferForwardCritic
[controller_server-11] [INFO] [1775544945.367256190] [controller_server]: Optimizer reset
[controller_server-11] [INFO] [1775544945.386894477] [MPPIController]: Configured MPPI Controller: FollowPath
[controller_server-11] [INFO] [1775544945.387003848] [controller_server]: Controller Server has FollowPath  controllers available.
[lifecycle_manager-20] [INFO] [1775544945.423009223] [lifecycle_manager_navigation]: [34m[1mConfiguring smoother_server[0m[0m
[smoother_server-12] [INFO] [1775544945.425328754] [smoother_server]: Configuring smoother server
[smoother_server-12] [INFO] [1775544945.487070627] [smoother_server]: Created smoother : simple_smoother of type nav2_smoother::SimpleSmoother
[smoother_server-12] [INFO] [1775544945.500390504] [smoother_server]: Smoother Server has simple_smoother  smoothers available.
[lifecycle_manager-20] [INFO] [1775544945.523639187] [lifecycle_manager_navigation]: [34m[1mConfiguring planner_server[0m[0m
[planner_server-13] [INFO] [1775544945.525833598] [planner_server]: Configuring
[planner_server-13] [INFO] [1775544945.526078296] [global_costmap.global_costmap]: Configuring
[planner_server-13] [INFO] [1775544945.559854553] [global_costmap.global_costmap]: Using plugin "static_layer"
[planner_server-13] [INFO] [1775544945.573203595] [global_costmap.global_costmap]: Subscribing to the map topic (/map) with transient local durability
[planner_server-13] [INFO] [1775544945.577152602] [global_costmap.global_costmap]: Initialized plugin "static_layer"
[planner_server-13] [INFO] [1775544945.577235724] [global_costmap.global_costmap]: Using costmap filter "keepout_filter"
[planner_server-13] [INFO] [1775544945.587556514] [global_costmap.global_costmap]: Initialized costmap filter "keepout_filter"
[planner_server-13] [INFO] [1775544945.587650135] [global_costmap.global_costmap]: Using costmap filter "inflation_layer2"
[planner_server-13] [INFO] [1775544945.592200826] [global_costmap.global_costmap]: Initialized costmap filter "inflation_layer2"
[planner_server-13] [INFO] [1775544945.662641013] [global_costmap.global_costmap]: StaticLayer: Resizing costmap to 276 X 287 at 0.050000 m/pix
[planner_server-13] [INFO] [1775544945.678858481] [planner_server]: Created global planner plugin GridBased of type nav2_smac_planner::SmacPlanner2D
[planner_server-13] [INFO] [1775544945.678997017] [planner_server]: Configuring GridBased of type SmacPlanner2D
[planner_server-13] [ERROR] [1775544945.688708832] [planner_server]: Inflation layer either not found or inflation is not set sufficiently for optimized non-circular collision checking capabilities. It is HIGHLY recommended to set the inflation radius to be at MINIMUM half of the robot's largest cross-section. See github.com/ros-planning/navigation2/tree/main/nav2_smac_planner#potential-fields for full instructions. This will substantially impact run-time performance.
[planner_server-13] [INFO] [1775544945.695579637] [planner_server]: Configured plugin GridBased of type SmacPlanner2D with tolerance 0.12, maximum iterations 1000000, max on approach iterations 1000, and not allowing unknown traversal.
[planner_server-13] [INFO] [1775544945.695682008] [planner_server]: Planner Server has GridBased  planners available.
[lifecycle_manager-20] [INFO] [1775544945.737482564] [lifecycle_manager_navigation]: [34m[1mConfiguring behavior_server[0m[0m
[behavior_server-14] [INFO] [1775544945.738477982] [behavior_server]: Configuring
[behavior_server-14] [INFO] [1775544945.757433506] [behavior_server]: Creating behavior plugin backup of type nav2_behaviors::BackUp
[behavior_server-14] [INFO] [1775544945.759870574] [behavior_server]: Creating behavior plugin wait of type nav2_behaviors::Wait
[behavior_server-14] [INFO] [1775544945.777861303] [behavior_server]: Configuring backup
[behavior_server-14] [INFO] [1775544945.809894339] [behavior_server]: Configuring wait
[lifecycle_manager-20] [INFO] [1775544945.831671623] [lifecycle_manager_navigation]: [34m[1mConfiguring velocity_smoother[0m[0m
[velocity_smoother-17] [INFO] [1775544945.832420010] [velocity_smoother]: Configuring velocity smoother
[lifecycle_manager-20] [INFO] [1775544945.850876512] [lifecycle_manager_navigation]: [34m[1mConfiguring collision_monitor[0m[0m
[collision_monitor-18] [INFO] [1775544945.851641522] [collision_monitor]: Configuring
[collision_monitor-18] [INFO] [1775544945.887168583] [collision_monitor]: [scan]: Creating Scan
[collision_monitor-18] [INFO] [1775544945.895991434] [collision_monitor]: [PolygonStop]: Creating Polygon
[collision_monitor-18] [INFO] [1775544945.905111189] [collision_monitor]: [PolygonSlow]: Creating Polygon
[collision_monitor-18] [INFO] [1775544945.913036618] [collision_monitor]: [FootprintApproach]: Creating Polygon
[collision_monitor-18] [INFO] [1775544945.914029120] [collision_monitor]: [FootprintApproach]: Polygon points are not defined. Using dynamic subscription instead.
[collision_monitor-18] [INFO] [1775544945.924212249] [collision_monitor]: [FootprintApproach]: Making footprint subscriber on /local_costmap/published_footprint topic
[lifecycle_manager-20] [INFO] [1775544945.958203163] [lifecycle_manager_navigation]: [34m[1mConfiguring collision_detector[0m[0m
[collision_detector-19] [INFO] [1775544945.959012505] [collision_detector]: Configuring
[collision_detector-19] [INFO] [1775544946.000516157] [collision_monitor]: [scan]: Creating Scan
[delivery_robot_main_controller-22] [0m[INFO] [1775544946.008907359] [main_controller_node]: Waiting for Nav2 system...[0m
[collision_detector-19] [INFO] [1775544946.012880864] [collision_monitor]: [PolygonStop]: Creating Polygon
[collision_detector-19] [INFO] [1775544946.029627686] [collision_monitor]: [PolygonSlow]: Creating Polygon
[lifecycle_manager-20] [INFO] [1775544946.040539661] [lifecycle_manager_navigation]: [34m[1mConfiguring bt_navigator[0m[0m
[bt_navigator-15] [INFO] [1775544946.041971977] [bt_navigator]: Configuring
[bt_navigator-15] [INFO] [1775544946.065371738] [bt_navigator]: Creating navigator id navigate_to_pose of type nav2_bt_navigator::NavigateToPoseNavigator
[bt_navigator-15] [INFO] [1775544946.287508321] [bt_navigator]: Creating navigator id navigate_through_poses of type nav2_bt_navigator::NavigateThroughPosesNavigator
[lifecycle_manager-20] [INFO] [1775544946.384805545] [lifecycle_manager_navigation]: [34m[1mConfiguring waypoint_follower[0m[0m
[waypoint_follower-16] [INFO] [1775544946.385940083] [waypoint_follower]: Configuring
[waypoint_follower-16] [INFO] [1775544946.476540620] [waypoint_follower]: Created waypoint_task_executor : wait_at_waypoint of type nav2_waypoint_follower::WaitAtWaypoint
[lifecycle_manager-20] [INFO] [1775544946.484002901] [lifecycle_manager_navigation]: [34m[1mConfiguring keepout_filter_mask_server[0m[0m
[map_server-9] [INFO] [1775544946.486303183] [keepout_filter_mask_server]: Configuring
[map_server-9] [INFO] [1775544946.486598921] [map_io]: Loading yaml file: /home/smr/workspaces/mini_amr/amrROS2_ws/maps/latest_map_keepout.yaml
[map_server-9] [INFO] [1775544946.487441220] [map_io]: resolution: 0.05
[map_server-9] [INFO] [1775544946.487481469] [map_io]: origin[0]: -7.999
[map_server-9] [INFO] [1775544946.487501301] [map_io]: origin[1]: -4.602
[map_server-9] [INFO] [1775544946.487518217] [map_io]: origin[2]: 0
[map_server-9] [INFO] [1775544946.487535716] [map_io]: free_thresh: 0.196
[map_server-9] [INFO] [1775544946.487552924] [map_io]: occupied_thresh: 0.65
[map_server-9] [INFO] [1775544946.487573923] [map_io]: mode: trinary
[map_server-9] [INFO] [1775544946.487592589] [map_io]: negate: 0
[map_server-9] [INFO] [1775544946.488144692] [map_io]: Loading image_file: /home/smr/workspaces/mini_amr/amrROS2_ws/maps/map_000.pgm
[map_server-9] [INFO] [1775544946.494167073] [map_io]: Read map /home/smr/workspaces/mini_amr/amrROS2_ws/maps/map_000.pgm: 276 X 287 map @ 0.05 m/cell
[lifecycle_manager-20] [INFO] [1775544946.542275540] [lifecycle_manager_navigation]: [34m[1mConfiguring keepout_costmap_filter_info_server[0m[0m
[costmap_filter_info_server-10] [INFO] [1775544946.543396078] [keepout_costmap_filter_info_server]: Configuring
[lifecycle_manager-20] [INFO] [1775544946.572783804] [lifecycle_manager_navigation]: [34m[1mActivating controller_server[0m[0m
[controller_server-11] [INFO] [1775544946.573725266] [controller_server]: Activating
[controller_server-11] [INFO] [1775544946.573951590] [local_costmap.local_costmap]: Activating
[controller_server-11] [INFO] [1775544946.574057461] [local_costmap.local_costmap]: Checking transform
[controller_server-11] [INFO] [1775544946.575549859] [local_costmap.local_costmap]: start
[controller_server-11] [INFO] [1775544946.576869888] [local_costmap.local_costmap]: KeepoutFilter: Subscribing to "/keepout_costmap_filter_info" topic for filter info...
[controller_server-11] [WARN] [1775544946.675946791] [local_costmap.local_costmap]: KeepoutFilter: Filter mask was not received
[controller_server-11] [WARN] [1775544946.679211867] [controller_server]: Parameter controller_server.verbose not found
[controller_server-11] [INFO] [1775544946.680842218] [controller_server]: Optimizer reset
[controller_server-11] [INFO] [1775544946.683095251] [MPPIController]: Activated MPPI Controller: FollowPath
[controller_server-11] [INFO] [1775544946.683295910] [controller_server]: Creating bond (controller_server) to lifecycle manager.
[lifecycle_manager-20] [INFO] [1775544946.801009557] [lifecycle_manager_navigation]: Server controller_server connected with bond.
[lifecycle_manager-20] [INFO] [1775544946.801123886] [lifecycle_manager_navigation]: [34m[1mActivating smoother_server[0m[0m
[smoother_server-12] [INFO] [1775544946.802049890] [smoother_server]: Activating
[smoother_server-12] [INFO] [1775544946.802144386] [smoother_server]: Creating bond (smoother_server) to lifecycle manager.
[lifecycle_manager-20] [INFO] [1775544946.908425747] [lifecycle_manager_navigation]: Server smoother_server connected with bond.
[lifecycle_manager-20] [INFO] [1775544946.908564283] [lifecycle_manager_navigation]: [34m[1mActivating planner_server[0m[0m
[planner_server-13] [INFO] [1775544946.909719819] [planner_server]: Activating
[planner_server-13] [INFO] [1775544946.910264630] [global_costmap.global_costmap]: Activating
[planner_server-13] [INFO] [1775544946.910370209] [global_costmap.global_costmap]: Checking transform
[planner_server-13] [INFO] [1775544946.910788151] [global_costmap.global_costmap]: start
[planner_server-13] [INFO] [1775544946.910897230] [global_costmap.global_costmap]: KeepoutFilter: Subscribing to "/keepout_costmap_filter_info" topic for filter info...
[planner_server-13] [WARN] [1775544947.411791102] [global_costmap.global_costmap]: KeepoutFilter: Filter mask was not received
[planner_server-13] [INFO] [1775544947.468488513] [planner_server]: Activating plugin GridBased of type SmacPlanner2D
[planner_server-13] [INFO] [1775544947.469622467] [planner_server]: Creating bond (planner_server) to lifecycle manager.
[lifecycle_manager-20] [INFO] [1775544947.593532905] [lifecycle_manager_navigation]: Server planner_server connected with bond.
[lifecycle_manager-20] [INFO] [1775544947.593636442] [lifecycle_manager_navigation]: [34m[1mActivating behavior_server[0m[0m
[behavior_server-14] [INFO] [1775544947.596407163] [behavior_server]: Activating
[behavior_server-14] [INFO] [1775544947.596707276] [behavior_server]: Activating backup
[behavior_server-14] [INFO] [1775544947.596899185] [behavior_server]: Activating wait
[behavior_server-14] [INFO] [1775544947.597082344] [behavior_server]: Creating bond (behavior_server) to lifecycle manager.
[lifecycle_manager-20] [INFO] [1775544947.714198683] [lifecycle_manager_navigation]: Server behavior_server connected with bond.
[lifecycle_manager-20] [INFO] [1775544947.714348593] [lifecycle_manager_navigation]: [34m[1mActivating velocity_smoother[0m[0m
[velocity_smoother-17] [INFO] [1775544947.715309596] [velocity_smoother]: Activating
[velocity_smoother-17] [INFO] [1775544947.715472048] [velocity_smoother]: Creating bond (velocity_smoother) to lifecycle manager.
[lifecycle_manager-20] [INFO] [1775544947.832328813] [lifecycle_manager_navigation]: Server velocity_smoother connected with bond.
[lifecycle_manager-20] [INFO] [1775544947.832509056] [lifecycle_manager_navigation]: [34m[1mActivating collision_monitor[0m[0m
[collision_monitor-18] [INFO] [1775544947.834839378] [collision_monitor]: Activating
[collision_monitor-18] [INFO] [1775544947.835023996] [collision_monitor]: Creating bond (collision_monitor) to lifecycle manager.
[lifecycle_manager-20] [INFO] [1775544947.949569688] [lifecycle_manager_navigation]: Server collision_monitor connected with bond.
[lifecycle_manager-20] [INFO] [1775544947.949734181] [lifecycle_manager_navigation]: [34m[1mActivating collision_detector[0m[0m
[collision_detector-19] [INFO] [1775544947.952004714] [collision_detector]: Activating
[collision_detector-19] [INFO] [1775544947.952138292] [collision_detector]: Creating bond (collision_detector) to lifecycle manager.
[delivery_robot_main_controller-22] [0m[INFO] [1775544948.073154347] [main_controller_node]: Waiting for localization pose to be received from slam_toolbox/pose[0m
[delivery_robot_main_controller-22] [0m[INFO] [1775544948.074137807] [main_controller_node]: Acquired localization pose from TF map->base_link[0m
[lifecycle_manager-20] [INFO] [1775544948.080095149] [lifecycle_manager_navigation]: Server collision_detector connected with bond.
[lifecycle_manager-20] [INFO] [1775544948.080356472] [lifecycle_manager_navigation]: [34m[1mActivating bt_navigator[0m[0m
[bt_navigator-15] [INFO] [1775544948.082497802] [bt_navigator]: Activating
[bt_navigator-15] [INFO] [1775544948.361544121] [bt_navigator]: Creating bond (bt_navigator) to lifecycle manager.
[lifecycle_manager-20] [INFO] [1775544948.476868532] [lifecycle_manager_navigation]: Server bt_navigator connected with bond.
[lifecycle_manager-20] [INFO] [1775544948.477068607] [lifecycle_manager_navigation]: [34m[1mActivating waypoint_follower[0m[0m
[waypoint_follower-16] [INFO] [1775544948.479869660] [waypoint_follower]: Activating
[waypoint_follower-16] [INFO] [1775544948.480091609] [waypoint_follower]: Creating bond (waypoint_follower) to lifecycle manager.
[lifecycle_manager-20] [INFO] [1775544948.595923500] [lifecycle_manager_navigation]: Server waypoint_follower connected with bond.
[lifecycle_manager-20] [INFO] [1775544948.599304363] [lifecycle_manager_navigation]: [34m[1mActivating keepout_filter_mask_server[0m[0m
[map_server-9] [INFO] [1775544948.602147123] [keepout_filter_mask_server]: Activating
[map_server-9] [INFO] [1775544948.602779430] [keepout_filter_mask_server]: Creating bond (keepout_filter_mask_server) to lifecycle manager.
[lifecycle_manager-20] [INFO] [1775544948.726204263] [lifecycle_manager_navigation]: Server keepout_filter_mask_server connected with bond.
[lifecycle_manager-20] [INFO] [1775544948.726401421] [lifecycle_manager_navigation]: [34m[1mActivating keepout_costmap_filter_info_server[0m[0m
[costmap_filter_info_server-10] [INFO] [1775544948.727583790] [keepout_costmap_filter_info_server]: Activating
[costmap_filter_info_server-10] [INFO] [1775544948.727870779] [keepout_costmap_filter_info_server]: Creating bond (keepout_costmap_filter_info_server) to lifecycle manager.
[planner_server-13] [INFO] [1775544948.727986566] [global_costmap.global_costmap]: KeepoutFilter: Received filter info from /keepout_costmap_filter_info topic.
[planner_server-13] [INFO] [1775544948.728049563] [global_costmap.global_costmap]: KeepoutFilter: Subscribing to "/keepout_filter_mask" topic for filter mask...
[controller_server-11] [INFO] [1775544948.728272679] [local_costmap.local_costmap]: KeepoutFilter: Received filter info from /keepout_costmap_filter_info topic.
[controller_server-11] [INFO] [1775544948.728441839] [local_costmap.local_costmap]: KeepoutFilter: Subscribing to "/keepout_filter_mask" topic for filter mask...
[planner_server-13] [INFO] [1775544948.739802087] [global_costmap.global_costmap]: KeepoutFilter: Received filter mask from /keepout_filter_mask topic.
[controller_server-11] [INFO] [1775544948.740973664] [local_costmap.local_costmap]: KeepoutFilter: Received filter mask from /keepout_filter_mask topic.
[lifecycle_manager-20] [INFO] [1775544948.835641912] [lifecycle_manager_navigation]: Server keepout_costmap_filter_info_server connected with bond.
[lifecycle_manager-20] [INFO] [1775544948.835881069] [lifecycle_manager_navigation]: [34m[1mManaged nodes are active[0m[0m
[lifecycle_manager-20] [INFO] [1775544948.835977023] [lifecycle_manager_navigation]: [34m[1mCreating bond timer...[0m[0m
[INFO] [bash-29]: process started with pid [43554]
[delivery_robot_main_controller-22] [0m[INFO] [1775544952.082264661] [main_controller_node]: Nav2 is ready for use![0m
[delivery_robot_main_controller-22] [0m[INFO] [1775544952.200746236] [main_controller_node]: No pending queue found or unexpected format.[0m
[delivery_robot_main_controller-22] [0m[INFO] [1775544952.202800069] [main_controller_node]: Robot is in STANDBY mode.[0m
[delivery_robot_main_controller-22] [0m[INFO] [1775544952.243646331] [main_controller_node]: Dock State change: IDLE -> DOCKED[0m
[delivery_robot_main_controller-22] [33m[WARN] [1775544952.318061482] [main_controller_node]: Robot status id missing; refreshing before battery status.[0m
[delivery_robot_main_controller-22] [0m[INFO] [1775544953.174995929] [main_controller_node]: Current state: STANDBY, dock_state DOCKED, charge_state CHARGING[0m
[delivery_robot_main_controller-22] [0m[INFO] [1775544954.143404650] [main_controller_node]: Current state: STANDBY, dock_state DOCKED, charge_state CHARGING[0m
[delivery_robot_main_controller-22] [0m[INFO] [1775544954.238253724] [main_controller_node]: No pending queue found or unexpected format.[0m
[delivery_robot_main_controller-22] [0m[INFO] [1775544955.094813394] [main_controller_node]: Current state: STANDBY, dock_state DOCKED, charge_state CHARGING[0m
[delivery_robot_main_controller-22] [0m[INFO] [1775544956.099085163] [main_controller_node]: Current state: STANDBY, dock_state DOCKED, charge_state CHARGING[0m
[delivery_robot_main_controller-22] [0m[INFO] [1775544956.181158879] [main_controller_node]: No pending queue found or unexpected format.[0m
[delivery_robot_main_controller-22] [0m[INFO] [1775544957.096773115] [main_controller_node]: Current state: STANDBY, dock_state DOCKED, charge_state CHARGING[0m
[delivery_robot_main_controller-22] [0m[INFO] [1775544958.102011136] [main_controller_node]: Current state: STANDBY, dock_state DOCKED, charge_state CHARGING[0m
[delivery_robot_main_controller-22] [0m[INFO] [1775544958.219728283] [main_controller_node]: No pending queue found or unexpected format.[0m
[delivery_robot_main_controller-22] [0m[INFO] [1775544959.102955997] [main_controller_node]: Current state: STANDBY, dock_state DOCKED, charge_state CHARGING[0m
[delivery_robot_main_controller-22] [0m[INFO] [1775544960.103261260] [main_controller_node]: Current state: STANDBY, dock_state DOCKED, charge_state CHARGING[0m
[delivery_robot_main_controller-22] [0m[INFO] [1775544960.178043313] [main_controller_node]: No pending queue found or unexpected format.[0m
[delivery_robot_main_controller-22] [0m[INFO] [1775544961.190400921] [main_controller_node]: Current state: STANDBY, dock_state DOCKED, charge_state CHARGING[0m
[delivery_robot_main_controller-22] [0m[INFO] [1775544962.101915656] [main_controller_node]: Current state: STANDBY, dock_state DOCKED, charge_state CHARGING[0m
[delivery_robot_main_controller-22] [0m[INFO] [1775544962.181993286] [main_controller_node]: No pending queue found or unexpected format.[0m
[delivery_robot_main_controller-22] [0m[INFO] [1775544963.124102615] [main_controller_node]: Current state: STANDBY, dock_state DOCKED, charge_state CHARGING[0m
[delivery_robot_main_controller-22] [0m[INFO] [1775544964.126741408] [main_controller_node]: Current state: STANDBY, dock_state DOCKED, charge_state CHARGING[0m
[delivery_robot_main_controller-22] [0m[INFO] [1775544964.219736140] [main_controller_node]: No pending queue found or unexpected format.[0m
[delivery_robot_main_controller-22] [0m[INFO] [1775544965.154463685] [main_controller_node]: Current state: STANDBY, dock_state DOCKED, charge_state CHARGING[0m
[delivery_robot_main_controller-22] [0m[INFO] [1775544966.121142310] [main_controller_node]: Current state: STANDBY, dock_state DOCKED, charge_state CHARGING[0m
[delivery_robot_main_controller-22] [0m[INFO] [1775544966.214195956] [main_controller_node]: No pending queue found or unexpected format.[0m
[delivery_robot_main_controller-22] [0m[INFO] [1775544967.120917344] [main_controller_node]: Current state: STANDBY, dock_state DOCKED, charge_state CHARGING[0m
[delivery_robot_main_controller-22] [0m[INFO] [1775544968.107982934] [main_controller_node]: Current state: STANDBY, dock_state DOCKED, charge_state CHARGING[0m
[delivery_robot_main_controller-22] [0m[INFO] [1775544968.187046481] [main_controller_node]: No pending queue found or unexpected format.[0m
[delivery_robot_main_controller-22] [0m[INFO] [1775544969.121113427] [main_controller_node]: Current state: STANDBY, dock_state DOCKED, charge_state CHARGING[0m
[delivery_robot_main_controller-22] [0m[INFO] [1775544970.122382026] [main_controller_node]: Current state: STANDBY, dock_state DOCKED, charge_state CHARGING[0m
[delivery_robot_main_controller-22] [0m[INFO] [1775544970.216651581] [main_controller_node]: No pending queue found or unexpected format.[0m
[delivery_robot_main_controller-22] [0m[INFO] [1775544971.128835081] [main_controller_node]: Current state: STANDBY, dock_state DOCKED, charge_state CHARGING[0m
[delivery_robot_main_controller-22] [0m[INFO] [1775544972.140007112] [main_controller_node]: Current state: STANDBY, dock_state DOCKED, charge_state CHARGING[0m
[delivery_robot_main_controller-22] [0m[INFO] [1775544972.239879940] [main_controller_node]: No pending queue found or unexpected format.[0m
[delivery_robot_main_controller-22] [0m[INFO] [1775544973.102631151] [main_controller_node]: Current state: STANDBY, dock_state DOCKED, charge_state CHARGING[0m
[delivery_robot_main_controller-22] [0m[INFO] [1775544974.100587134] [main_controller_node]: Current state: STANDBY, dock_state DOCKED, charge_state CHARGING[0m
[delivery_robot_main_controller-22] [0m[INFO] [1775544974.198247760] [main_controller_node]: No pending queue found or unexpected format.[0m
[delivery_robot_main_controller-22] [0m[INFO] [1775544975.108892780] [main_controller_node]: Current state: STANDBY, dock_state DOCKED, charge_state CHARGING[0m
[delivery_robot_main_controller-22] [0m[INFO] [1775544976.120199847] [main_controller_node]: Current state: STANDBY, dock_state DOCKED, charge_state CHARGING[0m
[delivery_robot_main_controller-22] [0m[INFO] [1775544976.233500757] [main_controller_node]: No pending queue found or unexpected format.[0m
[delivery_robot_main_controller-22] [0m[INFO] [1775544977.130895897] [main_controller_node]: Current state: STANDBY, dock_state DOCKED, charge_state CHARGING[0m
[delivery_robot_main_controller-22] [0m[INFO] [1775544978.129434606] [main_controller_node]: Current state: STANDBY, dock_state DOCKED, charge_state CHARGING[0m
[delivery_robot_main_controller-22] [0m[INFO] [1775544978.225436591] [main_controller_node]: No pending queue found or unexpected format.[0m
[delivery_robot_main_controller-22] [0m[INFO] [1775544979.101821791] [main_controller_node]: Current state: STANDBY, dock_state DOCKED, charge_state CHARGING[0m
[delivery_robot_main_controller-22] [0m[INFO] [1775544980.099841355] [main_controller_node]: Current state: STANDBY, dock_state DOCKED, charge_state CHARGING[0m
[delivery_robot_main_controller-22] [0m[INFO] [1775544980.204429076] [main_controller_node]: No pending queue found or unexpected format.[0m
[delivery_robot_main_controller-22] [0m[INFO] [1775544981.096181570] [main_controller_node]: Current state: STANDBY, dock_state DOCKED, charge_state CHARGING[0m
[delivery_robot_main_controller-22] [0m[INFO] [1775544982.102250516] [main_controller_node]: Current state: STANDBY, dock_state DOCKED, charge_state CHARGING[0m
[delivery_robot_main_controller-22] [0m[INFO] [1775544982.231818474] [main_controller_node]: No pending queue found or unexpected format.[0m
[delivery_robot_main_controller-22] [0m[INFO] [1775544983.108117928] [main_controller_node]: Current state: STANDBY, dock_state DOCKED, charge_state CHARGING[0m
[delivery_robot_main_controller-22] [0m[INFO] [1775544984.112051960] [main_controller_node]: Current state: STANDBY, dock_state DOCKED, charge_state CHARGING[0m
[delivery_robot_main_controller-22] [0m[INFO] [1775544984.231222132] [main_controller_node]: No pending queue found or unexpected format.[0m
[delivery_robot_main_controller-22] [0m[INFO] [1775544985.126787429] [main_controller_node]: Current state: STANDBY, dock_state DOCKED, charge_state CHARGING[0m
[delivery_robot_main_controller-22] [0m[INFO] [1775544986.106854179] [main_controller_node]: Current state: STANDBY, dock_state DOCKED, charge_state CHARGING[0m
[delivery_robot_main_controller-22] [0m[INFO] [1775544986.200291643] [main_controller_node]: No pending queue found or unexpected format.[0m
[delivery_robot_main_controller-22] [0m[INFO] [1775544987.107601882] [main_controller_node]: Current state: STANDBY, dock_state DOCKED, charge_state CHARGING[0m
[delivery_robot_main_controller-22] [0m[INFO] [1775544988.143764358] [main_controller_node]: Current state: STANDBY, dock_state DOCKED, charge_state CHARGING[0m
[delivery_robot_main_controller-22] [0m[INFO] [1775544988.241745805] [main_controller_node]: No pending queue found or unexpected format.[0m
[delivery_robot_main_controller-22] [0m[INFO] [1775544989.099472677] [main_controller_node]: Current state: STANDBY, dock_state DOCKED, charge_state CHARGING[0m
[delivery_robot_main_controller-22] [0m[INFO] [1775544990.097136714] [main_controller_node]: Current state: STANDBY, dock_state DOCKED, charge_state CHARGING[0m
[delivery_robot_main_controller-22] [0m[INFO] [1775544990.197081581] [main_controller_node]: No pending queue found or unexpected format.[0m
[delivery_robot_main_controller-22] [0m[INFO] [1775544991.133819502] [main_controller_node]: Current state: STANDBY, dock_state DOCKED, charge_state CHARGING[0m
[delivery_robot_main_controller-22] [0m[INFO] [1775544992.116167576] [main_controller_node]: Current state: STANDBY, dock_state DOCKED, charge_state CHARGING[0m
[delivery_robot_main_controller-22] [0m[INFO] [1775544992.231184582] [main_controller_node]: No pending queue found or unexpected format.[0m
[delivery_robot_main_controller-22] [0m[INFO] [1775544993.108634031] [main_controller_node]: Current state: STANDBY, dock_state DOCKED, charge_state CHARGING[0m
[delivery_robot_main_controller-22] [0m[INFO] [1775544994.141513640] [main_controller_node]: Current state: STANDBY, dock_state DOCKED, charge_state CHARGING[0m
[delivery_robot_main_controller-22] [0m[INFO] [1775544994.247283730] [main_controller_node]: No pending queue found or unexpected format.[0m
[delivery_robot_main_controller-22] [0m[INFO] [1775544995.122322943] [main_controller_node]: Current state: STANDBY, dock_state DOCKED, charge_state CHARGING[0m
[delivery_robot_main_controller-22] [0m[INFO] [1775544996.140826010] [main_controller_node]: Current state: STANDBY, dock_state DOCKED, charge_state CHARGING[0m
[delivery_robot_main_controller-22] [0m[INFO] [1775544996.256245208] [main_controller_node]: No pending queue found or unexpected format.[0m
[delivery_robot_main_controller-22] [0m[INFO] [1775544997.113504558] [main_controller_node]: Current state: STANDBY, dock_state DOCKED, charge_state CHARGING[0m
[delivery_robot_main_controller-22] [0m[INFO] [1775544998.109391542] [main_controller_node]: Current state: STANDBY, dock_state DOCKED, charge_state CHARGING[0m
[delivery_robot_main_controller-22] [0m[INFO] [1775544998.197751295] [main_controller_node]: No pending queue found or unexpected format.[0m
[delivery_robot_main_controller-22] [0m[INFO] [1775544999.106994330] [main_controller_node]: Current state: STANDBY, dock_state DOCKED, charge_state CHARGING[0m
[delivery_robot_main_controller-22] [0m[INFO] [1775545000.112298265] [main_controller_node]: Current state: STANDBY, dock_state DOCKED, charge_state CHARGING[0m
[delivery_robot_main_controller-22] [0m[INFO] [1775545000.193200112] [main_controller_node]: No pending queue found or unexpected format.[0m
[delivery_robot_main_controller-22] [0m[INFO] [1775545001.102793425] [main_controller_node]: Current state: STANDBY, dock_state DOCKED, charge_state CHARGING[0m
[delivery_robot_main_controller-22] [0m[INFO] [1775545002.150679843] [main_controller_node]: Current state: STANDBY, dock_state DOCKED, charge_state CHARGING[0m
[delivery_robot_main_controller-22] [0m[INFO] [1775545002.256895290] [main_controller_node]: No pending queue found or unexpected format.[0m
[delivery_robot_main_controller-22] [0m[INFO] [1775545003.133505939] [main_controller_node]: Current state: STANDBY, dock_state DOCKED, charge_state CHARGING[0m
[delivery_robot_main_controller-22] [0m[INFO] [1775545004.098637043] [main_controller_node]: Current state: STANDBY, dock_state DOCKED, charge_state CHARGING[0m
[delivery_robot_main_controller-22] [0m[INFO] [1775545004.210659630] [main_controller_node]: No pending queue found or unexpected format.[0m
[delivery_robot_main_controller-22] [0m[INFO] [1775545005.102715445] [main_controller_node]: Current state: STANDBY, dock_state DOCKED, charge_state CHARGING[0m
[delivery_robot_main_controller-22] [0m[INFO] [1775545006.105114497] [main_controller_node]: Current state: STANDBY, dock_state DOCKED, charge_state CHARGING[0m
[delivery_robot_main_controller-22] [0m[INFO] [1775545006.184846517] [main_controller_node]: No pending queue found or unexpected format.[0m
[delivery_robot_main_controller-22] [0m[INFO] [1775545007.107741916] [main_controller_node]: Current state: STANDBY, dock_state DOCKED, charge_state CHARGING[0m
[delivery_robot_main_controller-22] [0m[INFO] [1775545008.170214868] [main_controller_node]: Current state: STANDBY, dock_state DOCKED, charge_state CHARGING[0m
[delivery_robot_main_controller-22] [0m[INFO] [1775545008.306070905] [main_controller_node]: No pending queue found or unexpected format.[0m
[delivery_robot_main_controller-22] [0m[INFO] [1775545009.106670468] [main_controller_node]: Current state: STANDBY, dock_state DOCKED, charge_state CHARGING[0m
[delivery_robot_main_controller-22] [0m[INFO] [1775545010.173657362] [main_controller_node]: Current state: STANDBY, dock_state DOCKED, charge_state CHARGING[0m
[delivery_robot_main_controller-22] [0m[INFO] [1775545010.317293584] [main_controller_node]: No pending queue found or unexpected format.[0m
[delivery_robot_main_controller-22] [0m[INFO] [1775545011.152384540] [main_controller_node]: Current state: STANDBY, dock_state DOCKED, charge_state CHARGING[0m
[delivery_robot_main_controller-22] [0m[INFO] [1775545012.108105984] [main_controller_node]: Current state: STANDBY, dock_state DOCKED, charge_state CHARGING[0m
[delivery_robot_main_controller-22] [0m[INFO] [1775545012.281262052] [main_controller_node]: No pending queue found or unexpected format.[0m
[delivery_robot_main_controller-22] [0m[INFO] [1775545013.154950611] [main_controller_node]: Current state: STANDBY, dock_state DOCKED, charge_state CHARGING[0m
[delivery_robot_main_controller-22] [0m[INFO] [1775545014.315437092] [main_controller_node]: Current state: STANDBY, dock_state DOCKED, charge_state CHARGING[0m
[delivery_robot_main_controller-22] [0m[INFO] [1775545014.500856079] [main_controller_node]: No pending queue found or unexpected format.[0m
[delivery_robot_main_controller-22] [0m[INFO] [1775545015.102366791] [main_controller_node]: Current state: STANDBY, dock_state DOCKED, charge_state CHARGING[0m
[call_robot_button-24] Error: Connection refused
[call_robot_button-24] 2026-04-07 13:56:55 mosquitto_pub -u smr -P smrbot25 -m "Auu,true" -t "Rsp" -r
[call_robot_button-24] [0m[INFO] [1775545015.320587616] [call_robot_button_node]: call_switch notified: station=Auu status=true.[0m
[delivery_robot_main_controller-22] [0m[INFO] [1775545016.110174875] [main_controller_node]: Current state: STANDBY, dock_state DOCKED, charge_state CHARGING[0m
[delivery_robot_main_controller-22] [0m[INFO] [1775545016.313156442] [main_controller_node]: 1 pending queues [0m
[delivery_robot_main_controller-22] [0m[INFO] [1775545017.151452394] [main_controller_node]: Current state: STANDBY, dock_state DOCKED, charge_state CHARGING[0m
[delivery_robot_main_controller-22] [0m[INFO] [1775545018.228599960] [main_controller_node]: Current state: STANDBY, dock_state DOCKED, charge_state CHARGING[0m
[delivery_robot_main_controller-22] [0m[INFO] [1775545018.308719005] [main_controller_node]: State change: STANDBY -> DOCK[0m
[delivery_robot_main_controller-22] [0m[INFO] [1775545018.323007468] [main_controller_node]: Robot is UNDOCKING.[0m
[localization_slam_toolbox_node-8] [INFO] [1775545018.323708606] [slam_toolbox]: LocalizePoseCallback: Localizing to: (0.00 0.00), theta=0.00
[delivery_robot_main_controller-22] [0m[INFO] [1775545018.324574530] [main_controller_node]: Initial pose set: x=0.0, y=0.0, yaw=0.000[0m
[delivery_robot_main_controller-22] [0m[INFO] [1775545018.326101051] [main_controller_node]: Dock State change: DOCKED -> UNDOCKING[0m
[delivery_robot_main_controller-22] [0m[INFO] [1775545018.343907455] [main_controller_node]: Sending autodock UNDOCK goal...[0m
[delivery_robot_main_controller-22] [0m[INFO] [1775545018.349376566] [main_controller_node]: Undock goal sent (future created)[0m
[autodock_action_server-27] [INFO] [1775545018.354606230] [autodock_action_server]: Executing goal...
[delivery_robot_main_controller-22] [0m[INFO] [1775545018.359754229] [main_controller_node]: Undock goal response callback triggered[0m
[battery_manager_node-28] [INFO] [1775545018.363459996] [battery_manager]: request_stop_charge received: False -> True
[autodock_action_server-27] [INFO] [1775545018.365022099] [autodock_action_server]: Published request_stop_charge: (True)
[battery_manager_node-28] [WARN] [1775545018.382497183] [battery_manager]: Request stop charge for undock
[battery_manager_node-28] [INFO] [1775545018.486358100] [battery_manager]: State change: CHARGING -> COOLDOWN
[autodock_action_server-27] [INFO] [1775545018.630336725] [charge_status]: IR Charge State: READY (10)
[battery_manager_node-28] [INFO] [1775545018.652006972] [battery_manager]: IR state: CHARGING -> READY (10)
[battery_manager_node-28] [INFO] [1775545018.888613718] [battery_manager]: State change: COOLDOWN -> IDLE_ON_DOCK
[delivery_robot_main_controller-22] [0m[INFO] [1775545019.168650497] [main_controller_node]: Current state: DOCK, dock_state UNDOCKING, charge_state NOT_CHARGE[0m
[autodock_action_server-27] [INFO] [1775545019.367804386] [autodock_action_server]: Confirm: Robot stop charge (after 1 attempt(s)) ✅
[autodock_action_server-27] [INFO] [1775545019.372966386] [autodock_action_server]: Stop charging successfully
[delivery_robot_main_controller-22] [0m[INFO] [1775545020.116956325] [main_controller_node]: Current state: DOCK, dock_state UNDOCKING, charge_state NOT_CHARGE[0m
[delivery_robot_main_controller-22] [0m[INFO] [1775545020.390631236] [main_controller_node]: Received feedback undock: 1[0m
[delivery_robot_main_controller-22] [0m[INFO] [1775545021.197279720] [main_controller_node]: Current state: DOCK, dock_state UNDOCKING, charge_state NOT_CHARGE[0m
[battery_manager_node-28] [INFO] [1775545021.529319434] [battery_manager]: IR state: READY -> IDLE (0)
[autodock_action_server-27] [INFO] [1775545021.538633431] [charge_status]: IR Charge State: IDLE (0)
[battery_manager_node-28] [INFO] [1775545021.881735030] [battery_manager]: State change: IDLE_ON_DOCK -> UNKNOWN
[delivery_robot_main_controller-22] [0m[INFO] [1775545022.110326810] [main_controller_node]: Current state: DOCK, dock_state UNDOCKING, charge_state NOT_CHARGE[0m
[delivery_robot_main_controller-22] [0m[INFO] [1775545023.189288469] [main_controller_node]: Current state: DOCK, dock_state UNDOCKING, charge_state NOT_CHARGE[0m
[delivery_robot_main_controller-22] [0m[INFO] [1775545024.177565011] [main_controller_node]: Current state: DOCK, dock_state UNDOCKING, charge_state NOT_CHARGE[0m
[delivery_robot_main_controller-22] [0m[INFO] [1775545025.110129643] [main_controller_node]: Current state: DOCK, dock_state UNDOCKING, charge_state NOT_CHARGE[0m
[delivery_robot_main_controller-22] [0m[INFO] [1775545026.233218680] [main_controller_node]: Current state: DOCK, dock_state UNDOCKING, charge_state NOT_CHARGE[0m
[autodock_action_server-27] [INFO] [1775545027.013938465] [autodock_action_server]: Published request_stop_charge: (False)
[autodock_action_server-27] [INFO] [1775545027.018536695] [autodock_action_server]: finish undocking
[battery_manager_node-28] [INFO] [1775545027.018522987] [battery_manager]: request_stop_charge received: True -> False
[delivery_robot_main_controller-22] [0m[INFO] [1775545027.059893645] [main_controller_node]: Undock successful. Proceeding to STANDBY.[0m
[delivery_robot_main_controller-22] [0m[INFO] [1775545027.062067057] [main_controller_node]: Dock State change: UNDOCKING -> IDLE[0m
[delivery_robot_main_controller-22] [0m[INFO] [1775545027.087571398] [main_controller_node]: State change: DOCK -> STANDBY[0m
[delivery_robot_main_controller-22] [0m[INFO] [1775545027.125433447] [main_controller_node]: Robot is in STANDBY mode.[0m
[delivery_robot_main_controller-22] [0m[INFO] [1775545027.146240396] [main_controller_node]: Current state: STANDBY, dock_state IDLE, charge_state NOT_CHARGE[0m
[ekf_node-6] [ERROR] [1775545027.392287427] [ekf_filter_node]: Failed to meet update rate! Took 0.026296768000000001614seconds. Try decreasing the rate, limiting sensor output frequency, or limiting the number of sensors.
[delivery_robot_main_controller-22] [0m[INFO] [1775545028.102254662] [main_controller_node]: Current state: STANDBY, dock_state IDLE, charge_state NOT_CHARGE[0m
[delivery_robot_main_controller-22] [0m[INFO] [1775545028.252916849] [main_controller_node]: 1 pending queues [0m
[delivery_robot_main_controller-22] [0m[INFO] [1775545028.256896479] [main_controller_node]: Queue action: Request[0m
[delivery_robot_main_controller-22] [0m[INFO] [1775545028.341773290] [main_controller_node]: AGV start_pos: x=0.67, y=0.10[0m
[delivery_robot_main_controller-22] [0m[INFO] [1775545028.344496472] [main_controller_node]: AGV goal_pos: x=-0.63, y=6.07[0m
[delivery_robot_main_controller-22] [0m[INFO] [1775545028.346637510] [main_controller_node]: Path source: database routes[0m
[delivery_robot_main_controller-22] [0m[INFO] [1775545028.378460262] [main_controller_node]: Computed AGV path waypoints:[0m
[delivery_robot_main_controller-22] [0m[INFO] [1775545028.380843666] [main_controller_node]:   Waypoint 0: x=0.67, y=0.10[0m
[delivery_robot_main_controller-22] [0m[INFO] [1775545028.381807002] [main_controller_node]:   Waypoint 1: x=0.59, y=0.04[0m
[delivery_robot_main_controller-22] [0m[INFO] [1775545028.382644343] [main_controller_node]:   Waypoint 2: x=0.59, y=0.53[0m
[delivery_robot_main_controller-22] [0m[INFO] [1775545028.383650552] [main_controller_node]:   Waypoint 3: x=0.59, y=1.02[0m
[delivery_robot_main_controller-22] [0m[INFO] [1775545028.387945170] [main_controller_node]:   Waypoint 4: x=0.59, y=1.51[0m
[delivery_robot_main_controller-22] [0m[INFO] [1775545028.389444567] [main_controller_node]:   Waypoint 5: x=0.59, y=2.00[0m
[delivery_robot_main_controller-22] [0m[INFO] [1775545028.390176621] [main_controller_node]:   Waypoint 6: x=0.59, y=2.50[0m
[delivery_robot_main_controller-22] [0m[INFO] [1775545028.390965547] [main_controller_node]:   Waypoint 7: x=0.59, y=2.99[0m
[delivery_robot_main_controller-22] [0m[INFO] [1775545028.391764973] [main_controller_node]:   Waypoint 8: x=0.60, y=3.48[0m
[delivery_robot_main_controller-22] [0m[INFO] [1775545028.392607564] [main_controller_node]:   Waypoint 9: x=0.60, y=3.97[0m
[delivery_robot_main_controller-22] [0m[INFO] [1775545028.393591899] [main_controller_node]:   Waypoint 10: x=0.60, y=4.47[0m
[delivery_robot_main_controller-22] [0m[INFO] [1775545028.394458406] [main_controller_node]:   Waypoint 11: x=0.60, y=4.96[0m
[delivery_robot_main_controller-22] [0m[INFO] [1775545028.395471906] [main_controller_node]:   Waypoint 12: x=0.29, y=5.24[0m
[delivery_robot_main_controller-22] [0m[INFO] [1775545028.396404035] [main_controller_node]:   Waypoint 13: x=-0.01, y=5.52[0m
[delivery_robot_main_controller-22] [0m[INFO] [1775545028.397355413] [main_controller_node]:   Waypoint 14: x=-0.32, y=5.80[0m
[delivery_robot_main_controller-22] [0m[INFO] [1775545028.399966599] [main_controller_node]:   Waypoint 15: x=-0.63, y=6.07[0m
[delivery_robot_main_controller-22] [0m[INFO] [1775545028.403145637] [main_controller_node]: Navigating with 16 goals....[0m
[bt_navigator-15] [INFO] [1775545028.409214391] [bt_navigator]: Begin navigating from current location through 16 poses to (-0.63, 6.07)
[delivery_robot_main_controller-22] [0m[INFO] [1775545028.409937695] [main_controller_node]: State change: STANDBY -> MOVE[0m
[controller_server-11] [INFO] [1775545028.410834242] [local_costmap.local_costmap]: Received request to clear entirely the local_costmap
[controller_server-11] [INFO] [1775545028.419472767] [local_costmap.local_costmap]: KeepoutFilter: Subscribing to "/keepout_costmap_filter_info" topic for filter info...
[delivery_robot_main_controller-22] [0m[INFO] [1775545028.433307415] [main_controller_node]: Robot is MOVING.[0m
[planner_server-13] [INFO] [1775545028.432417576] [global_costmap.global_costmap]: Received request to clear entirely the global_costmap
[planner_server-13] [INFO] [1775545028.451641422] [global_costmap.global_costmap]: KeepoutFilter: Subscribing to "/keepout_costmap_filter_info" topic for filter info...
[controller_server-11] [INFO] [1775545028.453232983] [local_costmap.local_costmap]: KeepoutFilter: Received filter info from /keepout_costmap_filter_info topic.
[controller_server-11] [INFO] [1775545028.453315229] [local_costmap.local_costmap]: KeepoutFilter: Subscribing to "/keepout_filter_mask" topic for filter mask...
[controller_server-11] [WARN] [1775545028.466613232] [local_costmap.local_costmap]: KeepoutFilter: New filter mask arrived from /keepout_filter_mask topic. Updating old filter mask.
[planner_server-13] [INFO] [1775545028.467975844] [global_costmap.global_costmap]: KeepoutFilter: Received filter info from /keepout_costmap_filter_info topic.
[planner_server-13] [INFO] [1775545028.468210043] [global_costmap.global_costmap]: KeepoutFilter: Subscribing to "/keepout_filter_mask" topic for filter mask...
[planner_server-13] [WARN] [1775545028.482551003] [global_costmap.global_costmap]: KeepoutFilter: New filter mask arrived from /keepout_filter_mask topic. Updating old filter mask.
[planner_server-13] [WARN] [1775545029.000380981] [planner_server]: Planner loop missed its desired rate of 5.0000 Hz. Current loop rate is 1.8815 Hz
[controller_server-11] [INFO] [1775545029.014000096] [controller_server]: Received a goal, begin computing control effort.
[controller_server-11] [WARN] [1775545029.014163422] [controller_server]: No goal checker was specified in parameter 'current_goal_checker'. Server will use only plugin loaded goal_checker . This warning will appear once.
[controller_server-11] [WARN] [1775545029.014206004] [controller_server]: No progress checker was specified in parameter 'current_progress_checker'. Server will use only plugin loaded progress_checker . This warning will appear once.
[controller_server-11] [INFO] [1775545029.214468765] [controller_server]: Passing new path to controller.
[call_robot_button-24] Error: Connection refused
[call_robot_button-24] 2026-04-07 13:57:09 mosquitto_pub -u smr -P smrbot25 -m "Auu,blink" -t "Rsp" -r
[call_robot_button-24] [0m[INFO] [1775545029.300174751] [call_robot_button_node]: call_switch notified: station=Auu status=blink.[0m
[controller_server-11] [INFO] [1775545029.314457380] [controller_server]: Passing new path to controller.
[controller_server-11] [INFO] [1775545029.421720743] [controller_server]: Passing new path to controller.
[controller_server-11] [INFO] [1775545029.614431685] [controller_server]: Passing new path to controller.
[controller_server-11] [INFO] [1775545029.716566005] [controller_server]: Passing new path to controller.
[controller_server-11] [INFO] [1775545029.817769946] [controller_server]: Passing new path to controller.
[controller_server-11] [INFO] [1775545029.914433113] [controller_server]: Passing new path to controller.
[controller_server-11] [INFO] [1775545030.114399844] [controller_server]: Passing new path to controller.
[controller_server-11] [INFO] [1775545030.214414417] [controller_server]: Passing new path to controller.
[controller_server-11] [INFO] [1775545030.314419948] [controller_server]: Passing new path to controller.
[controller_server-11] [INFO] [1775545030.514388430] [controller_server]: Passing new path to controller.
[controller_server-11] [INFO] [1775545030.614436251] [controller_server]: Passing new path to controller.
[controller_server-11] [INFO] [1775545030.714443241] [controller_server]: Passing new path to controller.
[controller_server-11] [INFO] [1775545030.914464512] [controller_server]: Passing new path to controller.
[controller_server-11] [INFO] [1775545031.014846278] [controller_server]: Passing new path to controller.
[controller_server-11] [INFO] [1775545031.114432410] [controller_server]: Passing new path to controller.
[controller_server-11] [INFO] [1775545031.314390100] [controller_server]: Passing new path to controller.
[controller_server-11] [INFO] [1775545031.414435588] [controller_server]: Passing new path to controller.
[controller_server-11] [INFO] [1775545031.514492159] [controller_server]: Passing new path to controller.
[controller_server-11] [INFO] [1775545031.714616384] [controller_server]: Passing new path to controller.
[controller_server-11] [INFO] [1775545031.916407416] [controller_server]: Passing new path to controller.
[controller_server-11] [INFO] [1775545032.014402571] [controller_server]: Passing new path to controller.
[controller_server-11] [INFO] [1775545032.114496765] [controller_server]: Passing new path to controller.
[controller_server-11] [INFO] [1775545032.314451830] [controller_server]: Passing new path to controller.
[controller_server-11] [INFO] [1775545032.414444237] [controller_server]: Passing new path to controller.
[controller_server-11] [INFO] [1775545032.514442477] [controller_server]: Passing new path to controller.
[controller_server-11] [INFO] [1775545032.714589160] [controller_server]: Passing new path to controller.
[controller_server-11] [INFO] [1775545032.814394324] [controller_server]: Passing new path to controller.
[controller_server-11] [INFO] [1775545032.914429896] [controller_server]: Passing new path to controller.
[controller_server-11] [INFO] [1775545033.114892149] [controller_server]: Passing new path to controller.
[controller_server-11] [INFO] [1775545033.214387285] [controller_server]: Passing new path to controller.
[controller_server-11] [INFO] [1775545033.314487895] [controller_server]: Passing new path to controller.
[controller_server-11] [INFO] [1775545033.514511791] [controller_server]: Passing new path to controller.
[controller_server-11] [INFO] [1775545033.614498657] [controller_server]: Passing new path to controller.
[controller_server-11] [INFO] [1775545033.814423973] [controller_server]: Passing new path to controller.
[controller_server-11] [INFO] [1775545033.914392464] [controller_server]: Passing new path to controller.
[controller_server-11] [INFO] [1775545034.014428619] [controller_server]: Passing new path to controller.
[controller_server-11] [INFO] [1775545034.114434734] [controller_server]: Passing new path to controller.
[controller_server-11] [INFO] [1775545034.314697204] [controller_server]: Passing new path to controller.
[controller_server-11] [INFO] [1775545034.414402622] [controller_server]: Passing new path to controller.
[controller_server-11] [INFO] [1775545034.514394446] [controller_server]: Passing new path to controller.
[controller_server-11] [INFO] [1775545034.614363812] [controller_server]: Passing new path to controller.
[controller_server-11] [INFO] [1775545034.814406374] [controller_server]: Passing new path to controller.
[controller_server-11] [INFO] [1775545034.914450112] [controller_server]: Passing new path to controller.
[controller_server-11] [INFO] [1775545035.014427353] [controller_server]: Passing new path to controller.
[controller_server-11] [INFO] [1775545035.214404875] [controller_server]: Passing new path to controller.
[controller_server-11] [INFO] [1775545035.314469904] [controller_server]: Passing new path to controller.
[controller_server-11] [INFO] [1775545035.417305654] [controller_server]: Passing new path to controller.
[controller_server-11] [INFO] [1775545035.514424386] [controller_server]: Passing new path to controller.
[controller_server-11] [INFO] [1775545035.714409492] [controller_server]: Passing new path to controller.
[controller_server-11] [INFO] [1775545035.814450605] [controller_server]: Passing new path to controller.
[controller_server-11] [INFO] [1775545035.914469553] [controller_server]: Passing new path to controller.
[controller_server-11] [INFO] [1775545036.114888349] [controller_server]: Passing new path to controller.
[controller_server-11] [INFO] [1775545036.214452898] [controller_server]: Passing new path to controller.
[controller_server-11] [INFO] [1775545036.314434806] [controller_server]: Passing new path to controller.
[controller_server-11] [INFO] [1775545036.514398329] [controller_server]: Passing new path to controller.
[controller_server-11] [INFO] [1775545036.614386653] [controller_server]: Passing new path to controller.
[controller_server-11] [INFO] [1775545036.714481722] [controller_server]: Passing new path to controller.
[controller_server-11] [INFO] [1775545036.814388966] [controller_server]: Passing new path to controller.
[controller_server-11] [INFO] [1775545037.014407612] [controller_server]: Passing new path to controller.
[controller_server-11] [INFO] [1775545037.115043409] [controller_server]: Passing new path to controller.
[controller_server-11] [INFO] [1775545037.214884447] [controller_server]: Passing new path to controller.
[controller_server-11] [INFO] [1775545037.414427113] [controller_server]: Passing new path to controller.
[controller_server-11] [INFO] [1775545037.514399687] [controller_server]: Passing new path to controller.
[controller_server-11] [INFO] [1775545037.614393552] [controller_server]: Passing new path to controller.
[controller_server-11] [INFO] [1775545037.814425323] [controller_server]: Passing new path to controller.
[controller_server-11] [INFO] [1775545037.914381856] [controller_server]: Passing new path to controller.
[controller_server-11] [INFO] [1775545038.014387096] [controller_server]: Passing new path to controller.
[controller_server-11] [INFO] [1775545038.114405460] [controller_server]: Passing new path to controller.
[controller_server-11] [INFO] [1775545038.314434022] [controller_server]: Passing new path to controller.
[controller_server-11] [INFO] [1775545038.414520635] [controller_server]: Passing new path to controller.
[controller_server-11] [INFO] [1775545038.514613374] [controller_server]: Passing new path to controller.
[controller_server-11] [INFO] [1775545038.614424375] [controller_server]: Passing new path to controller.
[controller_server-11] [INFO] [1775545038.815272493] [controller_server]: Passing new path to controller.
[controller_server-11] [INFO] [1775545038.914436895] [controller_server]: Passing new path to controller.
[controller_server-11] [INFO] [1775545039.114729119] [controller_server]: Passing new path to controller.
[controller_server-11] [INFO] [1775545039.214440665] [controller_server]: Passing new path to controller.
[controller_server-11] [INFO] [1775545039.314537779] [controller_server]: Passing new path to controller.
[controller_server-11] [INFO] [1775545039.414711598] [controller_server]: Passing new path to controller.
[controller_server-11] [INFO] [1775545039.616165483] [controller_server]: Passing new path to controller.
[controller_server-11] [INFO] [1775545039.714818322] [controller_server]: Passing new path to controller.
[controller_server-11] [INFO] [1775545039.815612783] [controller_server]: Passing new path to controller.
[controller_server-11] [INFO] [1775545039.914417574] [controller_server]: Passing new path to controller.
[controller_server-11] [INFO] [1775545040.114448475] [controller_server]: Passing new path to controller.
[controller_server-11] [INFO] [1775545040.214332681] [controller_server]: Passing new path to controller.
[controller_server-11] [INFO] [1775545040.314398296] [controller_server]: Passing new path to controller.
[controller_server-11] [INFO] [1775545040.514810682] [controller_server]: Passing new path to controller.
[controller_server-11] [INFO] [1775545040.614488396] [controller_server]: Passing new path to controller.
[controller_server-11] [INFO] [1775545040.714796960] [controller_server]: Passing new path to controller.
[controller_server-11] [INFO] [1775545040.818440305] [controller_server]: Passing new path to controller.
[controller_server-11] [INFO] [1775545041.014424204] [controller_server]: Passing new path to controller.
[controller_server-11] [INFO] [1775545041.114859637] [controller_server]: Passing new path to controller.
[controller_server-11] [INFO] [1775545041.214738010] [controller_server]: Passing new path to controller.
[controller_server-11] [INFO] [1775545041.414702414] [controller_server]: Passing new path to controller.
[controller_server-11] [INFO] [1775545041.514491249] [controller_server]: Passing new path to controller.
[controller_server-11] [INFO] [1775545041.614420078] [controller_server]: Passing new path to controller.
[controller_server-11] [INFO] [1775545041.714433779] [controller_server]: Passing new path to controller.
[controller_server-11] [INFO] [1775545041.914424431] [controller_server]: Passing new path to controller.
[controller_server-11] [INFO] [1775545042.014418299] [controller_server]: Passing new path to controller.
[controller_server-11] [INFO] [1775545042.115094348] [controller_server]: Passing new path to controller.
[controller_server-11] [INFO] [1775545042.214455325] [controller_server]: Passing new path to controller.
[controller_server-11] [INFO] [1775545042.414448895] [controller_server]: Passing new path to controller.
[controller_server-11] [INFO] [1775545042.515057280] [controller_server]: Passing new path to controller.
[controller_server-11] [INFO] [1775545042.615091104] [controller_server]: Passing new path to controller.
[controller_server-11] [INFO] [1775545042.814388494] [controller_server]: Passing new path to controller.
[controller_server-11] [INFO] [1775545042.914409194] [controller_server]: Passing new path to controller.
[controller_server-11] [INFO] [1775545043.014491142] [controller_server]: Passing new path to controller.
[controller_server-11] [INFO] [1775545043.114423762] [controller_server]: Passing new path to controller.
[controller_server-11] [INFO] [1775545043.214479461] [controller_server]: Passing new path to controller.
[controller_server-11] [INFO] [1775545043.414498113] [controller_server]: Passing new path to controller.
[controller_server-11] [INFO] [1775545043.514416151] [controller_server]: Passing new path to controller.
[controller_server-11] [INFO] [1775545043.614399228] [controller_server]: Passing new path to controller.
[controller_server-11] [INFO] [1775545043.814391922] [controller_server]: Passing new path to controller.
[controller_server-11] [INFO] [1775545043.914389873] [controller_server]: Passing new path to controller.
[controller_server-11] [INFO] [1775545044.014398616] [controller_server]: Passing new path to controller.
[controller_server-11] [INFO] [1775545044.114706596] [controller_server]: Passing new path to controller.
[controller_server-11] [INFO] [1775545044.314440301] [controller_server]: Passing new path to controller.
[controller_server-11] [INFO] [1775545044.414437378] [controller_server]: Passing new path to controller.
[controller_server-11] [INFO] [1775545044.514451370] [controller_server]: Passing new path to controller.
[controller_server-11] [INFO] [1775545044.614489278] [controller_server]: Passing new path to controller.
[controller_server-11] [INFO] [1775545044.814548178] [controller_server]: Passing new path to controller.
[controller_server-11] [INFO] [1775545044.914701873] [controller_server]: Passing new path to controller.
[controller_server-11] [INFO] [1775545045.014413419] [controller_server]: Passing new path to controller.
[controller_server-11] [INFO] [1775545045.114453077] [controller_server]: Passing new path to controller.
[controller_server-11] [INFO] [1775545045.314391815] [controller_server]: Passing new path to controller.
[controller_server-11] [INFO] [1775545045.414450722] [controller_server]: Passing new path to controller.
[controller_server-11] [INFO] [1775545045.514455965] [controller_server]: Passing new path to controller.
[controller_server-11] [INFO] [1775545045.714447201] [controller_server]: Passing new path to controller.
[controller_server-11] [INFO] [1775545045.814484526] [controller_server]: Passing new path to controller.
[controller_server-11] [INFO] [1775545045.914395272] [controller_server]: Passing new path to controller.
[controller_server-11] [INFO] [1775545046.014387974] [controller_server]: Passing new path to controller.
[controller_server-11] [INFO] [1775545046.214401376] [controller_server]: Passing new path to controller.
[controller_server-11] [INFO] [1775545046.314393494] [controller_server]: Passing new path to controller.
[controller_server-11] [INFO] [1775545046.414409528] [controller_server]: Passing new path to controller.
[controller_server-11] [INFO] [1775545046.514423812] [controller_server]: Passing new path to controller.
[controller_server-11] [INFO] [1775545046.714431381] [controller_server]: Passing new path to controller.
[controller_server-11] [INFO] [1775545046.814419124] [controller_server]: Passing new path to controller.
[controller_server-11] [INFO] [1775545046.914397534] [controller_server]: Passing new path to controller.
[controller_server-11] [INFO] [1775545047.014393152] [controller_server]: Passing new path to controller.
[controller_server-11] [INFO] [1775545047.214386138] [controller_server]: Passing new path to controller.
[controller_server-11] [INFO] [1775545047.314691494] [controller_server]: Passing new path to controller.
[controller_server-11] [INFO] [1775545047.414405665] [controller_server]: Passing new path to controller.
[controller_server-11] [INFO] [1775545047.514398075] [controller_server]: Passing new path to controller.
[controller_server-11] [INFO] [1775545047.714389603] [controller_server]: Passing new path to controller.
[controller_server-11] [INFO] [1775545047.814498674] [controller_server]: Passing new path to controller.
[controller_server-11] [INFO] [1775545047.914393380] [controller_server]: Passing new path to controller.
[controller_server-11] [INFO] [1775545048.114430406] [controller_server]: Passing new path to controller.
[controller_server-11] [INFO] [1775545048.214433024] [controller_server]: Passing new path to controller.
[controller_server-11] [INFO] [1775545048.314402393] [controller_server]: Passing new path to controller.
[controller_server-11] [INFO] [1775545048.414388969] [controller_server]: Passing new path to controller.
[controller_server-11] [INFO] [1775545048.614386330] [controller_server]: Passing new path to controller.
[controller_server-11] [INFO] [1775545048.714459528] [controller_server]: Passing new path to controller.
[controller_server-11] [INFO] [1775545048.814397107] [controller_server]: Passing new path to controller.
[controller_server-11] [INFO] [1775545048.914458931] [controller_server]: Passing new path to controller.
[controller_server-11] [INFO] [1775545049.114542038] [controller_server]: Passing new path to controller.
[controller_server-11] [INFO] [1775545049.214462993] [controller_server]: Passing new path to controller.
[controller_server-11] [INFO] [1775545049.314421279] [controller_server]: Passing new path to controller.
[controller_server-11] [INFO] [1775545049.414447229] [controller_server]: Passing new path to controller.
[controller_server-11] [INFO] [1775545049.614421549] [controller_server]: Passing new path to controller.
[controller_server-11] [INFO] [1775545049.714436125] [controller_server]: Passing new path to controller.
[controller_server-11] [INFO] [1775545049.814361746] [controller_server]: Passing new path to controller.
[controller_server-11] [INFO] [1775545049.914449527] [controller_server]: Passing new path to controller.
[controller_server-11] [INFO] [1775545050.114414805] [controller_server]: Passing new path to controller.
[controller_server-11] [INFO] [1775545050.215245140] [controller_server]: Passing new path to controller.
[bt_navigator-15] [ERROR] [1775545050.281007769] [bt_navigator]: Requested navigation from navigate_to_pose while another navigator is processing, rejecting request.
[bt_navigator-15] [WARN] [1775545050.281356588] [bt_navigator]: [navigate_to_pose] [ActionServer] Aborting handle.
[controller_server-11] [INFO] [1775545050.314494413] [controller_server]: Passing new path to controller.
[controller_server-11] [INFO] [1775545050.514410111] [controller_server]: Passing new path to controller.
[controller_server-11] [INFO] [1775545050.614438977] [controller_server]: Passing new path to controller.
[controller_server-11] [INFO] [1775545050.714665294] [controller_server]: Passing new path to controller.
[controller_server-11] [INFO] [1775545050.814436046] [controller_server]: Passing new path to controller.
[controller_server-11] [INFO] [1775545051.014388784] [controller_server]: Passing new path to controller.
[controller_server-11] [INFO] [1775545051.114513897] [controller_server]: Passing new path to controller.
[controller_server-11] [INFO] [1775545051.214389353] [controller_server]: Passing new path to controller.
[controller_server-11] [INFO] [1775545051.414393130] [controller_server]: Passing new path to controller.
[controller_server-11] [INFO] [1775545051.418619209] [controller_server]: Reached the goal!
[controller_server-11] [INFO] [1775545051.420234102] [controller_server]: Optimizer reset
[bt_navigator-15] [INFO] [1775545051.461075115] [bt_navigator]: Goal succeeded
[delivery_robot_main_controller-22] [0m[INFO] [1775545051.518989020] [main_controller_node]: Goal succeeded![0m
[delivery_robot_main_controller-22] [0m[INFO] [1775545051.523199933] [main_controller_node]: State change: MOVE -> AFTER_MOVE[0m
[delivery_robot_main_controller-22] [0m[INFO] [1775545051.537533603] [main_controller_node]: Evaluating post-move action...[0m
[delivery_robot_main_controller-22] [0m[INFO] [1775545051.538178452] [main_controller_node]: Post-move action is: Request[0m
[delivery_robot_main_controller-22] [0m[INFO] [1775545051.538846342] [main_controller_node]: Published message: "arrive_target"[0m
[robot_sound-23] [0m[INFO] [1775545051.540737432] [robot_sound_node]: 🔔 Received sound command: arrive_target[0m
[delivery_robot_main_controller-22] [0m[INFO] [1775545051.572363609] [main_controller_node]: Successfully removed queue ID: 120[0m
[robot_sound-23] amixer: Unable to find simple control 'PCM',0
[robot_sound-23] 
[delivery_robot_main_controller-22] [0m[INFO] [1775545051.574094873] [main_controller_node]: Waiting 5s for LOAD_IN command...[0m
[delivery_robot_main_controller-22] [0m[INFO] [1775545051.574918798] [main_controller_node]: State change: AFTER_MOVE -> STANDBY[0m
[robot_sound-23] [0m[INFO] [1775545051.576926258] [robot_sound_node]: 🔊 Playing sound: /home/smr/workspaces/mini_amr/amrROS2_ws/sounds/robot_target.wav[0m
[robot_sound-23] Playing WAVE '/home/smr/workspaces/mini_amr/amrROS2_ws/sounds/robot_target.wav' : Signed 16 bit Little Endian, Rate 44100 Hz, Mono
[delivery_robot_main_controller-22] [0m[INFO] [1775545051.590324299] [main_controller_node]: Robot is in STANDBY mode.[0m
[delivery_robot_main_controller-22] [0m[INFO] [1775545051.620401789] [main_controller_node]: Current state: STANDBY, dock_state IDLE, charge_state NOT_CHARGE[0m
[delivery_robot_main_controller-22] [0m[INFO] [1775545051.719106835] [main_controller_node]: Enter to wait_for_load_in_loop and wait for timeout...in 4.858079195022583 seconds[0m
[delivery_robot_main_controller-22] [0m[INFO] [1775545052.143668229] [main_controller_node]: Current state: STANDBY, dock_state IDLE, charge_state NOT_CHARGE[0m
[delivery_robot_main_controller-22] [0m[INFO] [1775545052.279674180] [main_controller_node]: Enter to wait_for_load_in_loop and wait for timeout...in 4.297209024429321 seconds[0m
[delivery_robot_main_controller-22] [0m[INFO] [1775545053.109102390] [main_controller_node]: Current state: STANDBY, dock_state IDLE, charge_state NOT_CHARGE[0m
[call_robot_button-24] Error: Connection refused
[call_robot_button-24] 2026-04-07 13:57:33 mosquitto_pub -u smr -P smrbot25 -m "Auu,false" -t "Rsp" -r
[call_robot_button-24] [0m[INFO] [1775545053.261377433] [call_robot_button_node]: call_switch notified: station=Auu status=false.[0m
[delivery_robot_main_controller-22] [0m[INFO] [1775545054.112762879] [main_controller_node]: Current state: STANDBY, dock_state IDLE, charge_state NOT_CHARGE[0m
[delivery_robot_main_controller-22] [0m[INFO] [1775545054.185085701] [main_controller_node]: Enter to wait_for_load_in_loop and wait for timeout...in 2.390775203704834 seconds[0m
[delivery_robot_main_controller-22] [0m[INFO] [1775545055.123160303] [main_controller_node]: Current state: STANDBY, dock_state IDLE, charge_state NOT_CHARGE[0m
[delivery_robot_main_controller-22] [0m[INFO] [1775545056.104347619] [main_controller_node]: Current state: STANDBY, dock_state IDLE, charge_state NOT_CHARGE[0m
[delivery_robot_main_controller-22] [0m[INFO] [1775545056.202862505] [main_controller_node]: Enter to wait_for_load_in_loop and wait for timeout...in 0.37193846702575684 seconds[0m
[delivery_robot_main_controller-22] [0m[INFO] [1775545057.101009558] [main_controller_node]: Current state: STANDBY, dock_state IDLE, charge_state NOT_CHARGE[0m
[delivery_robot_main_controller-22] [0m[INFO] [1775545058.112499229] [main_controller_node]: Current state: STANDBY, dock_state IDLE, charge_state NOT_CHARGE[0m
[delivery_robot_main_controller-22] [0m[INFO] [1775545058.214084075] [main_controller_node]: No pending queue found or unexpected format.[0m
[delivery_robot_main_controller-22] [0m[INFO] [1775545059.124921905] [main_controller_node]: Current state: STANDBY, dock_state IDLE, charge_state NOT_CHARGE[0m
[delivery_robot_main_controller-22] [0m[INFO] [1775545060.100964429] [main_controller_node]: Current state: STANDBY, dock_state IDLE, charge_state NOT_CHARGE[0m
[delivery_robot_main_controller-22] [0m[INFO] [1775545060.208379747] [main_controller_node]: No pending queue found or unexpected format.[0m
[delivery_robot_main_controller-22] [0m[INFO] [1775545061.138076272] [main_controller_node]: Current state: STANDBY, dock_state IDLE, charge_state NOT_CHARGE[0m
[localization_monitor-21] [WARN] [1775545061.263995048] [localization_monitor]: No pose update for 10.7s
[localization_monitor-1] [WARN] [1775545061.439226537] [localization_monitor]: No pose update for 10.9s
[delivery_robot_main_controller-22] [0m[INFO] [1775545062.098961201] [main_controller_node]: Current state: STANDBY, dock_state IDLE, charge_state NOT_CHARGE[0m
[delivery_robot_main_controller-22] [0m[INFO] [1775545062.179062166] [main_controller_node]: No pending queue found or unexpected format.[0m
[localization_monitor-21] [WARN] [1775545062.264149554] [localization_monitor]: No pose update for 11.7s
[localization_monitor-1] [WARN] [1775545062.435225836] [localization_monitor]: No pose update for 11.9s
[bt_navigator-15] [INFO] [1775545063.002847146] [bt_navigator]: Begin navigating from current location (-0.64, 5.99) to (0.51, -1.48)
[controller_server-11] [INFO] [1775545063.026485480] [controller_server]: Received a goal, begin computing control effort.
[delivery_robot_main_controller-22] [0m[INFO] [1775545063.110933561] [main_controller_node]: Current state: STANDBY, dock_state IDLE, charge_state NOT_CHARGE[0m
[localization_monitor-21] [WARN] [1775545063.264661046] [localization_monitor]: No pose update for 12.7s
[controller_server-11] [INFO] [1775545063.327179306] [controller_server]: Passing new path to controller.
[localization_monitor-1] [WARN] [1775545063.435258722] [localization_monitor]: No pose update for 12.9s
[controller_server-11] [INFO] [1775545063.527193000] [controller_server]: Passing new path to controller.
[controller_server-11] [INFO] [1775545063.727180152] [controller_server]: Passing new path to controller.
[controller_server-11] [INFO] [1775545064.027163215] [controller_server]: Passing new path to controller.
[delivery_robot_main_controller-22] [0m[INFO] [1775545064.116071282] [main_controller_node]: Current state: STANDBY, dock_state IDLE, charge_state NOT_CHARGE[0m
[delivery_robot_main_controller-22] [0m[INFO] [1775545064.221226858] [main_controller_node]: No pending queue found or unexpected format.[0m
[controller_server-11] [INFO] [1775545064.227141910] [controller_server]: Passing new path to controller.
[localization_monitor-21] [WARN] [1775545064.264053749] [localization_monitor]: No pose update for 13.7s
[controller_server-11] [INFO] [1775545064.527144222] [controller_server]: Passing new path to controller.
[controller_server-11] [INFO] [1775545064.727143624] [controller_server]: Passing new path to controller.
[controller_server-11] [INFO] [1775545065.027158477] [controller_server]: Passing new path to controller.
[delivery_robot_main_controller-22] [0m[INFO] [1775545065.130528250] [main_controller_node]: Current state: STANDBY, dock_state IDLE, charge_state NOT_CHARGE[0m
[controller_server-11] [INFO] [1775545065.227337248] [controller_server]: Passing new path to controller.
[controller_server-11] [INFO] [1775545065.427149116] [controller_server]: Passing new path to controller.
[controller_server-11] [INFO] [1775545065.727148511] [controller_server]: Passing new path to controller.
[controller_server-11] [INFO] [1775545065.927152288] [controller_server]: Passing new path to controller.
[controller_server-11] [INFO] [1775545066.127170065] [controller_server]: Passing new path to controller.
[delivery_robot_main_controller-22] [0m[INFO] [1775545066.164524344] [main_controller_node]: Current state: STANDBY, dock_state IDLE, charge_state NOT_CHARGE[0m
[delivery_robot_main_controller-22] [0m[INFO] [1775545066.280236076] [main_controller_node]: No pending queue found or unexpected format.[0m
[controller_server-11] [INFO] [1775545066.427147003] [controller_server]: Passing new path to controller.
[controller_server-11] [INFO] [1775545066.627174696] [controller_server]: Passing new path to controller.
[controller_server-11] [INFO] [1775545066.927216673] [controller_server]: Passing new path to controller.
[delivery_robot_main_controller-22] [0m[INFO] [1775545067.094287075] [main_controller_node]: Current state: STANDBY, dock_state IDLE, charge_state NOT_CHARGE[0m
[controller_server-11] [INFO] [1775545067.127159494] [controller_server]: Passing new path to controller.
[controller_server-11] [INFO] [1775545067.327148397] [controller_server]: Passing new path to controller.
[controller_server-11] [INFO] [1775545067.628584776] [controller_server]: Passing new path to controller.
[controller_server-11] [INFO] [1775545067.827175777] [controller_server]: Passing new path to controller.
[controller_server-11] [INFO] [1775545068.027152139] [controller_server]: Passing new path to controller.
[delivery_robot_main_controller-22] [0m[INFO] [1775545068.096887690] [main_controller_node]: Current state: STANDBY, dock_state IDLE, charge_state NOT_CHARGE[0m
[delivery_robot_main_controller-22] [0m[INFO] [1775545068.200074304] [main_controller_node]: No pending queue found or unexpected format.[0m
[controller_server-11] [INFO] [1775545068.227143666] [controller_server]: Passing new path to controller.
[controller_server-11] [INFO] [1775545068.527193810] [controller_server]: Passing new path to controller.
[controller_server-11] [INFO] [1775545068.727157047] [controller_server]: Passing new path to controller.
[controller_server-11] [INFO] [1775545069.027290895] [controller_server]: Passing new path to controller.
[delivery_robot_main_controller-22] [0m[INFO] [1775545069.106839466] [main_controller_node]: Current state: STANDBY, dock_state IDLE, charge_state NOT_CHARGE[0m
[controller_server-11] [INFO] [1775545069.227161094] [controller_server]: Passing new path to controller.
[controller_server-11] [INFO] [1775545069.427165455] [controller_server]: Passing new path to controller.
[controller_server-11] [INFO] [1775545069.727159601] [controller_server]: Passing new path to controller.
[controller_server-11] [INFO] [1775545069.927142379] [controller_server]: Passing new path to controller.
[delivery_robot_main_controller-22] [0m[INFO] [1775545070.119323389] [main_controller_node]: Current state: STANDBY, dock_state IDLE, charge_state NOT_CHARGE[0m
[delivery_robot_main_controller-22] [0m[INFO] [1775545070.207745851] [main_controller_node]: No pending queue found or unexpected format.[0m
[controller_server-11] [INFO] [1775545070.227141774] [controller_server]: Passing new path to controller.
[controller_server-11] [INFO] [1775545070.427173842] [controller_server]: Passing new path to controller.
[controller_server-11] [INFO] [1775545070.627149329] [controller_server]: Passing new path to controller.
[controller_server-11] [INFO] [1775545070.827146106] [controller_server]: Passing new path to controller.
[delivery_robot_main_controller-22] [0m[INFO] [1775545071.103800863] [main_controller_node]: Current state: STANDBY, dock_state IDLE, charge_state NOT_CHARGE[0m
[controller_server-11] [INFO] [1775545071.127147251] [controller_server]: Passing new path to controller.
[controller_server-11] [INFO] [1775545071.327152487] [controller_server]: Passing new path to controller.
[controller_server-11] [INFO] [1775545071.527185721] [controller_server]: Passing new path to controller.
[controller_server-11] [INFO] [1775545071.827538311] [controller_server]: Passing new path to controller.
[controller_server-11] [INFO] [1775545072.027147187] [controller_server]: Passing new path to controller.
[delivery_robot_main_controller-22] [0m[INFO] [1775545072.104913455] [main_controller_node]: Current state: STANDBY, dock_state IDLE, charge_state NOT_CHARGE[0m
[controller_server-11] [INFO] [1775545072.227189171] [controller_server]: Passing new path to controller.
[delivery_robot_main_controller-22] [0m[INFO] [1775545072.239356429] [main_controller_node]: No pending queue found or unexpected format.[0m
[controller_server-11] [INFO] [1775545072.527143068] [controller_server]: Passing new path to controller.
[controller_server-11] [INFO] [1775545072.727156470] [controller_server]: Passing new path to controller.
[controller_server-11] [INFO] [1775545072.927187371] [controller_server]: Passing new path to controller.
[delivery_robot_main_controller-22] [0m[INFO] [1775545073.107530111] [main_controller_node]: Current state: STANDBY, dock_state IDLE, charge_state NOT_CHARGE[0m
[controller_server-11] [INFO] [1775545073.227195808] [controller_server]: Passing new path to controller.
[controller_server-11] [INFO] [1775545073.427174503] [controller_server]: Passing new path to controller.
[controller_server-11] [INFO] [1775545073.627194904] [controller_server]: Passing new path to controller.
[controller_server-11] [INFO] [1775545073.827161350] [controller_server]: Passing new path to controller.
[delivery_robot_main_controller-22] [0m[INFO] [1775545074.106714865] [main_controller_node]: Current state: STANDBY, dock_state IDLE, charge_state NOT_CHARGE[0m
[controller_server-11] [INFO] [1775545074.127164828] [controller_server]: Passing new path to controller.
[delivery_robot_main_controller-22] [0m[INFO] [1775545074.214927275] [main_controller_node]: No pending queue found or unexpected format.[0m
[controller_server-11] [INFO] [1775545074.328106859] [controller_server]: Passing new path to controller.
[controller_server-11] [INFO] [1775545074.527146134] [controller_server]: Passing new path to controller.
[controller_server-11] [INFO] [1775545074.827179361] [controller_server]: Passing new path to controller.
[controller_server-11] [INFO] [1775545075.027193638] [controller_server]: Passing new path to controller.
[delivery_robot_main_controller-22] [0m[INFO] [1775545075.104831286] [main_controller_node]: Current state: STANDBY, dock_state IDLE, charge_state NOT_CHARGE[0m
[controller_server-11] [INFO] [1775545075.227150751] [controller_server]: Passing new path to controller.
[controller_server-11] [INFO] [1775545075.427145195] [controller_server]: Passing new path to controller.
[controller_server-11] [INFO] [1775545075.727178422] [controller_server]: Passing new path to controller.
[controller_server-11] [INFO] [1775545075.927177825] [controller_server]: Passing new path to controller.
[controller_server-11] [INFO] [1775545076.127522838] [controller_server]: Passing new path to controller.
[delivery_robot_main_controller-22] [0m[INFO] [1775545076.161905738] [main_controller_node]: Current state: STANDBY, dock_state IDLE, charge_state NOT_CHARGE[0m
[delivery_robot_main_controller-22] [0m[INFO] [1775545076.262023851] [main_controller_node]: No pending queue found or unexpected format.[0m
[controller_server-11] [INFO] [1775545076.427234953] [controller_server]: Passing new path to controller.
[controller_server-11] [INFO] [1775545076.627187983] [controller_server]: Passing new path to controller.
[controller_server-11] [INFO] [1775545076.827150053] [controller_server]: Passing new path to controller.
[controller_server-11] [INFO] [1775545077.027161705] [controller_server]: Passing new path to controller.
[delivery_robot_main_controller-22] [0m[INFO] [1775545077.095732970] [main_controller_node]: Current state: STANDBY, dock_state IDLE, charge_state NOT_CHARGE[0m
[controller_server-11] [INFO] [1775545077.227154108] [controller_server]: Passing new path to controller.
[controller_server-11] [INFO] [1775545077.527201335] [controller_server]: Passing new path to controller.
[controller_server-11] [INFO] [1775545077.727180321] [controller_server]: Passing new path to controller.
[controller_server-11] [INFO] [1775545077.927201889] [controller_server]: Passing new path to controller.
[delivery_robot_main_controller-22] [0m[INFO] [1775545078.091823266] [main_controller_node]: Current state: STANDBY, dock_state IDLE, charge_state NOT_CHARGE[0m
[delivery_robot_main_controller-22] [0m[INFO] [1775545078.208207262] [main_controller_node]: No pending queue found or unexpected format.[0m
[controller_server-11] [INFO] [1775545078.227185535] [controller_server]: Passing new path to controller.
[controller_server-11] [INFO] [1775545078.427151106] [controller_server]: Passing new path to controller.
[controller_server-11] [INFO] [1775545078.627752192] [controller_server]: Passing new path to controller.
[controller_server-11] [INFO] [1775545078.927178486] [controller_server]: Passing new path to controller.
[delivery_robot_main_controller-22] [0m[INFO] [1775545079.092819488] [main_controller_node]: Current state: STANDBY, dock_state IDLE, charge_state NOT_CHARGE[0m
[controller_server-11] [INFO] [1775545079.127178471] [controller_server]: Passing new path to controller.
[controller_server-11] [INFO] [1775545079.327148125] [controller_server]: Passing new path to controller.
[controller_server-11] [INFO] [1775545079.527138778] [controller_server]: Passing new path to controller.
[controller_server-11] [INFO] [1775545079.827143715] [controller_server]: Passing new path to controller.
[controller_server-11] [INFO] [1775545080.027145159] [controller_server]: Passing new path to controller.
[delivery_robot_main_controller-22] [0m[INFO] [1775545080.112703861] [main_controller_node]: Current state: STANDBY, dock_state IDLE, charge_state NOT_CHARGE[0m
[controller_server-11] [INFO] [1775545080.227147186] [controller_server]: Passing new path to controller.
[delivery_robot_main_controller-22] [0m[INFO] [1775545080.232231313] [main_controller_node]: No pending queue found or unexpected format.[0m
[controller_server-11] [INFO] [1775545080.427176045] [controller_server]: Passing new path to controller.
[ekf_node-6] [ERROR] [1775545080.607626698] [ekf_filter_node]: Failed to meet update rate! Took 0.10970305800000000607seconds. Try decreasing the rate, limiting sensor output frequency, or limiting the number of sensors.
[controller_server-11] [INFO] [1775545080.727175149] [controller_server]: Passing new path to controller.
[controller_server-11] [INFO] [1775545080.927160552] [controller_server]: Passing new path to controller.
[delivery_robot_main_controller-22] [0m[INFO] [1775545081.111903781] [main_controller_node]: Current state: STANDBY, dock_state IDLE, charge_state NOT_CHARGE[0m
[controller_server-11] [INFO] [1775545081.127355072] [controller_server]: Passing new path to controller.
[controller_server-11] [INFO] [1775545081.427145934] [controller_server]: Passing new path to controller.
[controller_server-11] [INFO] [1775545081.627140378] [controller_server]: Passing new path to controller.
[controller_server-11] [INFO] [1775545081.827149697] [controller_server]: Passing new path to controller.
[controller_server-11] [INFO] [1775545082.027143266] [controller_server]: Passing new path to controller.
[delivery_robot_main_controller-22] [0m[INFO] [1775545082.142458930] [main_controller_node]: Current state: STANDBY, dock_state IDLE, charge_state NOT_CHARGE[0m
[delivery_robot_main_controller-22] [0m[INFO] [1775545082.254780466] [main_controller_node]: No pending queue found or unexpected format.[0m
[controller_server-11] [INFO] [1775545082.327142953] [controller_server]: Passing new path to controller.
[controller_server-11] [INFO] [1775545082.527144980] [controller_server]: Passing new path to controller.
[controller_server-11] [INFO] [1775545082.727144674] [controller_server]: Passing new path to controller.
[controller_server-11] [INFO] [1775545082.927151368] [controller_server]: Passing new path to controller.
[delivery_robot_main_controller-22] [0m[INFO] [1775545083.105461274] [main_controller_node]: Current state: STANDBY, dock_state IDLE, charge_state NOT_CHARGE[0m
[controller_server-11] [INFO] [1775545083.227246135] [controller_server]: Passing new path to controller.
[controller_server-11] [INFO] [1775545083.427148416] [controller_server]: Passing new path to controller.
[controller_server-11] [INFO] [1775545083.627154818] [controller_server]: Passing new path to controller.
[controller_server-11] [INFO] [1775545083.927218961] [controller_server]: Passing new path to controller.
[delivery_robot_main_controller-22] [0m[INFO] [1775545084.097802346] [main_controller_node]: Current state: STANDBY, dock_state IDLE, charge_state NOT_CHARGE[0m
[controller_server-11] [INFO] [1775545084.127145450] [controller_server]: Passing new path to controller.
[delivery_robot_main_controller-22] [0m[INFO] [1775545084.178713528] [main_controller_node]: No pending queue found or unexpected format.[0m
[controller_server-11] [INFO] [1775545084.327170226] [controller_server]: Passing new path to controller.
[controller_server-11] [INFO] [1775545084.527157671] [controller_server]: Passing new path to controller.
[controller_server-11] [INFO] [1775545084.732382361] [controller_server]: Passing new path to controller.
[controller_server-11] [INFO] [1775545085.027236673] [controller_server]: Passing new path to controller.
[delivery_robot_main_controller-22] [0m[INFO] [1775545085.110124692] [main_controller_node]: Current state: STANDBY, dock_state IDLE, charge_state NOT_CHARGE[0m
[controller_server-11] [INFO] [1775545085.227236076] [controller_server]: Passing new path to controller.
[controller_server-11] [INFO] [1775545085.427333183] [controller_server]: Passing new path to controller.
[controller_server-11] [INFO] [1775545085.627176258] [controller_server]: Passing new path to controller.
[controller_server-11] [INFO] [1775545085.927212694] [controller_server]: Passing new path to controller.
[delivery_robot_main_controller-22] [0m[INFO] [1775545086.093939235] [main_controller_node]: Current state: STANDBY, dock_state IDLE, charge_state NOT_CHARGE[0m
[controller_server-11] [INFO] [1775545086.127156682] [controller_server]: Passing new path to controller.
[delivery_robot_main_controller-22] [0m[INFO] [1775545086.176019370] [main_controller_node]: No pending queue found or unexpected format.[0m
[controller_server-11] [INFO] [1775545086.327146751] [controller_server]: Passing new path to controller.
[controller_server-11] [INFO] [1775545086.527145570] [controller_server]: Passing new path to controller.
[controller_server-11] [INFO] [1775545086.827145549] [controller_server]: Passing new path to controller.
[controller_server-11] [INFO] [1775545087.027207365] [controller_server]: Passing new path to controller.
[controller_server-11] [INFO] [1775545087.030568104] [controller_server]: Reached the goal!
[controller_server-11] [INFO] [1775545087.032075668] [controller_server]: Optimizer reset
[bt_navigator-15] [INFO] [1775545087.059483350] [bt_navigator]: Goal succeeded
[delivery_robot_main_controller-22] [0m[INFO] [1775545087.122466509] [main_controller_node]: Current state: STANDBY, dock_state IDLE, charge_state NOT_CHARGE[0m
[delivery_robot_main_controller-22] [0m[INFO] [1775545088.110177560] [main_controller_node]: Current state: STANDBY, dock_state IDLE, charge_state NOT_CHARGE[0m
[delivery_robot_main_controller-22] [0m[INFO] [1775545088.220166148] [main_controller_node]: No pending queue found or unexpected format.[0m
[delivery_robot_main_controller-22] [0m[INFO] [1775545089.133033313] [main_controller_node]: Current state: STANDBY, dock_state IDLE, charge_state NOT_CHARGE[0m
[delivery_robot_main_controller-22] [0m[INFO] [1775545090.097444933] [main_controller_node]: Current state: STANDBY, dock_state IDLE, charge_state NOT_CHARGE[0m
[delivery_robot_main_controller-22] [0m[INFO] [1775545090.190193219] [main_controller_node]: No pending queue found or unexpected format.[0m
[delivery_robot_main_controller-22] [0m[INFO] [1775545091.110830069] [main_controller_node]: Current state: STANDBY, dock_state IDLE, charge_state NOT_CHARGE[0m
[delivery_robot_main_controller-22] [0m[INFO] [1775545092.111913788] [main_controller_node]: Current state: STANDBY, dock_state IDLE, charge_state NOT_CHARGE[0m
[delivery_robot_main_controller-22] [0m[INFO] [1775545092.198435535] [main_controller_node]: No pending queue found or unexpected format.[0m
[bt_navigator-15] [INFO] [1775545092.550146795] [bt_navigator]: Begin navigating from current location (0.53, -1.49) to (4.88, 0.46)
[controller_server-11] [INFO] [1775545092.572046866] [controller_server]: Received a goal, begin computing control effort.
[controller_server-11] [INFO] [1775545092.872257711] [controller_server]: Passing new path to controller.
[controller_server-11] [INFO] [1775545093.072265863] [controller_server]: Passing new path to controller.
[delivery_robot_main_controller-22] [0m[INFO] [1775545093.104821545] [main_controller_node]: Current state: STANDBY, dock_state IDLE, charge_state NOT_CHARGE[0m
[controller_server-11] [INFO] [1775545093.372258551] [controller_server]: Passing new path to controller.
[controller_server-11] [INFO] [1775545093.572633896] [controller_server]: Passing new path to controller.
[controller_server-11] [INFO] [1775545093.872261140] [controller_server]: Passing new path to controller.
[controller_server-11] [INFO] [1775545094.072254126] [controller_server]: Passing new path to controller.
[delivery_robot_main_controller-22] [0m[INFO] [1775545094.108768731] [main_controller_node]: Current state: STANDBY, dock_state IDLE, charge_state NOT_CHARGE[0m
[delivery_robot_main_controller-22] [0m[INFO] [1775545094.212030300] [main_controller_node]: No pending queue found or unexpected format.[0m
[controller_server-11] [INFO] [1775545094.272258486] [controller_server]: Passing new path to controller.
[controller_server-11] [INFO] [1775545094.572290547] [controller_server]: Passing new path to controller.
[controller_server-11] [INFO] [1775545094.772290824] [controller_server]: Passing new path to controller.
[controller_server-11] [INFO] [1775545094.972296352] [controller_server]: Passing new path to controller.
[delivery_robot_main_controller-22] [0m[INFO] [1775545095.132472033] [main_controller_node]: Current state: STANDBY, dock_state IDLE, charge_state NOT_CHARGE[0m
[controller_server-11] [WARN] [1775545095.188420476] [controller_server]: Control loop missed its desired rate of 10.0000 Hz. Current loop rate is 8.6105 Hz.
[controller_server-11] [INFO] [1775545095.188791170] [controller_server]: Passing new path to controller.
[controller_server-11] [INFO] [1775545095.472298066] [controller_server]: Passing new path to controller.
[controller_server-11] [INFO] [1775545095.672872320] [controller_server]: Passing new path to controller.
[controller_server-11] [INFO] [1775545095.972291031] [controller_server]: Passing new path to controller.
[delivery_robot_main_controller-22] [0m[INFO] [1775545096.126108636] [main_controller_node]: Current state: STANDBY, dock_state IDLE, charge_state NOT_CHARGE[0m
[controller_server-11] [INFO] [1775545096.172257476] [controller_server]: Passing new path to controller.
[delivery_robot_main_controller-22] [0m[INFO] [1775545096.228214960] [main_controller_node]: No pending queue found or unexpected format.[0m
[controller_server-11] [INFO] [1775545096.372268836] [controller_server]: Passing new path to controller.
[controller_server-11] [INFO] [1775545096.572324236] [controller_server]: Passing new path to controller.
[controller_server-11] [INFO] [1775545096.872259759] [controller_server]: Passing new path to controller.
[controller_server-11] [INFO] [1775545097.072264703] [controller_server]: Passing new path to controller.
[delivery_robot_main_controller-22] [0m[INFO] [1775545097.091235393] [main_controller_node]: Current state: STANDBY, dock_state IDLE, charge_state NOT_CHARGE[0m
[controller_server-11] [INFO] [1775545097.272300854] [controller_server]: Passing new path to controller.
[controller_server-11] [INFO] [1775545097.574427872] [controller_server]: Passing new path to controller.
[controller_server-11] [INFO] [1775545097.772298485] [controller_server]: Passing new path to controller.
[controller_server-11] [INFO] [1775545097.972265514] [controller_server]: Passing new path to controller.
[delivery_robot_main_controller-22] [0m[INFO] [1775545098.127312153] [main_controller_node]: Current state: STANDBY, dock_state IDLE, charge_state NOT_CHARGE[0m
[delivery_robot_main_controller-22] [0m[INFO] [1775545098.230070618] [main_controller_node]: No pending queue found or unexpected format.[0m
[controller_server-11] [INFO] [1775545098.272378363] [controller_server]: Passing new path to controller.
[controller_server-11] [INFO] [1775545098.472290561] [controller_server]: Passing new path to controller.
[controller_server-11] [INFO] [1775545098.772268665] [controller_server]: Passing new path to controller.
[controller_server-11] [INFO] [1775545098.972263401] [controller_server]: Passing new path to controller.
[delivery_robot_main_controller-22] [0m[INFO] [1775545099.131969518] [main_controller_node]: Current state: STANDBY, dock_state IDLE, charge_state NOT_CHARGE[0m
[controller_server-11] [INFO] [1775545099.172257554] [controller_server]: Passing new path to controller.
[controller_server-11] [INFO] [1775545099.372265414] [controller_server]: Passing new path to controller.
[controller_server-11] [INFO] [1775545099.672262476] [controller_server]: Passing new path to controller.
[controller_server-11] [INFO] [1775545099.872293086] [controller_server]: Passing new path to controller.
[controller_server-11] [INFO] [1775545100.072292488] [controller_server]: Passing new path to controller.
[delivery_robot_main_controller-22] [0m[INFO] [1775545100.122084097] [main_controller_node]: Current state: STANDBY, dock_state IDLE, charge_state NOT_CHARGE[0m
[delivery_robot_main_controller-22] [0m[INFO] [1775545100.236541130] [main_controller_node]: No pending queue found or unexpected format.[0m
[controller_server-11] [INFO] [1775545100.272306473] [controller_server]: Passing new path to controller.
[collision_monitor-18] [INFO] [1775545100.296786232] [collision_monitor]: Robot to approach for 1.500000 seconds away from collision
[collision_monitor-18] [INFO] [1775545100.346618090] [collision_monitor]: Robot to continue normal operation
[collision_monitor-18] [INFO] [1775545100.401777315] [collision_monitor]: Robot to approach for 1.500000 seconds away from collision
[collision_monitor-18] [INFO] [1775545100.446697704] [collision_monitor]: Robot to continue normal operation
[controller_server-11] [INFO] [1775545100.572290119] [controller_server]: Passing new path to controller.
[controller_server-11] [INFO] [1775545100.772297688] [controller_server]: Passing new path to controller.
[controller_server-11] [INFO] [1775545100.972271425] [controller_server]: Passing new path to controller.
[delivery_robot_main_controller-22] [0m[INFO] [1775545101.110542660] [main_controller_node]: Current state: STANDBY, dock_state IDLE, charge_state NOT_CHARGE[0m
[controller_server-11] [INFO] [1775545101.172423071] [controller_server]: Passing new path to controller.
[controller_server-11] [INFO] [1775545101.397911358] [controller_server]: Optimizer reset
[controller_server-11] [INFO] [1775545101.402706456] [controller_server]: Optimizer reset
[controller_server-11] [WARN] [1775545101.404291017] [controller_server]: Optimizer fail to compute path
[controller_server-11] [INFO] [1775545101.473085106] [controller_server]: Passing new path to controller.
[controller_server-11] [INFO] [1775545101.486745345] [controller_server]: Optimizer reset
[controller_server-11] [INFO] [1775545101.488848176] [controller_server]: Optimizer reset
[controller_server-11] [WARN] [1775545101.489067793] [controller_server]: Optimizer fail to compute path
[controller_server-11] [INFO] [1775545101.672264667] [controller_server]: Passing new path to controller.
[controller_server-11] [INFO] [1775545101.872295276] [controller_server]: Passing new path to controller.
[delivery_robot_main_controller-22] [0m[INFO] [1775545102.129028840] [main_controller_node]: Current state: STANDBY, dock_state IDLE, charge_state NOT_CHARGE[0m
[controller_server-11] [INFO] [1775545102.172293505] [controller_server]: Passing new path to controller.
[delivery_robot_main_controller-22] [0m[INFO] [1775545102.251609335] [main_controller_node]: No pending queue found or unexpected format.[0m
[controller_server-11] [INFO] [1775545102.372293491] [controller_server]: Passing new path to controller.
[controller_server-11] [INFO] [1775545102.572304268] [controller_server]: Passing new path to controller.
[controller_server-11] [INFO] [1775545102.772261964] [controller_server]: Passing new path to controller.
[controller_server-11] [INFO] [1775545103.072259901] [controller_server]: Passing new path to controller.
[delivery_robot_main_controller-22] [0m[INFO] [1775545103.138138608] [main_controller_node]: Current state: STANDBY, dock_state IDLE, charge_state NOT_CHARGE[0m
[controller_server-11] [INFO] [1775545103.272289635] [controller_server]: Passing new path to controller.
[controller_server-11] [INFO] [1775545103.472297204] [controller_server]: Passing new path to controller.
[controller_server-11] [INFO] [1775545103.672292523] [controller_server]: Passing new path to controller.
[controller_server-11] [INFO] [1775545103.972290169] [controller_server]: Passing new path to controller.
[controller_server-11] [INFO] [1775545104.172259531] [controller_server]: Passing new path to controller.
[delivery_robot_main_controller-22] [0m[INFO] [1775545104.177500568] [main_controller_node]: Current state: STANDBY, dock_state IDLE, charge_state NOT_CHARGE[0m
[delivery_robot_main_controller-22] [0m[INFO] [1775545104.280897465] [main_controller_node]: No pending queue found or unexpected format.[0m
[controller_server-11] [INFO] [1775545104.372267974] [controller_server]: Passing new path to controller.
[controller_server-11] [INFO] [1775545104.572296251] [controller_server]: Passing new path to controller.
[controller_server-11] [INFO] [1775545104.872259481] [controller_server]: Passing new path to controller.
[controller_server-11] [INFO] [1775545105.072291257] [controller_server]: Passing new path to controller.
[collision_monitor-18] [INFO] [1775545105.097075795] [collision_monitor]: Robot to approach for 1.500000 seconds away from collision
[delivery_robot_main_controller-22] [0m[INFO] [1775545105.143992854] [main_controller_node]: Current state: STANDBY, dock_state IDLE, charge_state NOT_CHARGE[0m
[collision_monitor-18] [INFO] [1775545105.146568749] [collision_monitor]: Robot to continue normal operation
[controller_server-11] [INFO] [1775545105.272254494] [controller_server]: Passing new path to controller.
[controller_server-11] [INFO] [1775545105.294863870] [controller_server]: Optimizer reset
[controller_server-11] [INFO] [1775545105.300026161] [controller_server]: Optimizer reset
[controller_server-11] [WARN] [1775545105.300164406] [controller_server]: Optimizer fail to compute path
[controller_server-11] [INFO] [1775545105.472292978] [controller_server]: Passing new path to controller.
[controller_server-11] [INFO] [1775545105.772248917] [controller_server]: Passing new path to controller.
[controller_server-11] [INFO] [1775545105.972262902] [controller_server]: Passing new path to controller.
[delivery_robot_main_controller-22] [0m[INFO] [1775545106.098569872] [main_controller_node]: Current state: STANDBY, dock_state IDLE, charge_state NOT_CHARGE[0m
[controller_server-11] [INFO] [1775545106.172295553] [controller_server]: Passing new path to controller.
[delivery_robot_main_controller-22] [0m[INFO] [1775545106.212673418] [main_controller_node]: No pending queue found or unexpected format.[0m
[controller_server-11] [INFO] [1775545106.472292032] [controller_server]: Passing new path to controller.
[controller_server-11] [INFO] [1775545106.672289393] [controller_server]: Passing new path to controller.
[controller_server-11] [INFO] [1775545106.702086311] [controller_server]: Optimizer reset
[controller_server-11] [INFO] [1775545106.708873703] [controller_server]: Optimizer reset
[controller_server-11] [WARN] [1775545106.709202982] [controller_server]: Optimizer fail to compute path
[controller_server-11] [INFO] [1775545106.872261380] [controller_server]: Passing new path to controller.
[delivery_robot_main_controller-22] [0m[INFO] [1775545107.105808674] [main_controller_node]: Current state: STANDBY, dock_state IDLE, charge_state NOT_CHARGE[0m
[controller_server-11] [INFO] [1775545107.174318983] [controller_server]: Passing new path to controller.
[controller_server-11] [INFO] [1775545107.372261052] [controller_server]: Passing new path to controller.
[controller_server-11] [INFO] [1775545107.572264830] [controller_server]: Passing new path to controller.
[controller_server-11] [INFO] [1775545107.772260441] [controller_server]: Passing new path to controller.
[controller_server-11] [INFO] [1775545107.972290758] [controller_server]: Passing new path to controller.
[delivery_robot_main_controller-22] [0m[INFO] [1775545108.094264612] [main_controller_node]: Current state: STANDBY, dock_state IDLE, charge_state NOT_CHARGE[0m
[delivery_robot_main_controller-22] [0m[INFO] [1775545108.198877418] [main_controller_node]: No pending queue found or unexpected format.[0m
[controller_server-11] [INFO] [1775545108.272268863] [controller_server]: Passing new path to controller.
[controller_server-11] [INFO] [1775545108.472265932] [controller_server]: Passing new path to controller.
[controller_server-11] [INFO] [1775545108.672649444] [controller_server]: Passing new path to controller.
[controller_server-11] [INFO] [1775545108.872264154] [controller_server]: Passing new path to controller.
[planner_server-13] [INFO] [1775545108.911180828] [global_costmap.global_costmap]: StaticLayer: Resizing costmap to 278 X 287 at 0.050000 m/pix
[controller_server-11] [INFO] [1775545108.994147594] [controller_server]: Reached the goal!
[controller_server-11] [INFO] [1775545108.994722737] [controller_server]: Optimizer reset
[bt_navigator-15] [INFO] [1775545109.020963508] [bt_navigator]: Goal succeeded
[delivery_robot_main_controller-22] [0m[INFO] [1775545109.097310875] [main_controller_node]: Current state: STANDBY, dock_state IDLE, charge_state NOT_CHARGE[0m
[delivery_robot_main_controller-22] [0m[INFO] [1775545110.103883246] [main_controller_node]: Current state: STANDBY, dock_state IDLE, charge_state NOT_CHARGE[0m
[delivery_robot_main_controller-22] [0m[INFO] [1775545110.183367653] [main_controller_node]: No pending queue found or unexpected format.[0m
[delivery_robot_main_controller-22] [0m[INFO] [1775545111.113664696] [main_controller_node]: Current state: STANDBY, dock_state IDLE, charge_state NOT_CHARGE[0m
[delivery_robot_main_controller-22] [0m[INFO] [1775545112.137784773] [main_controller_node]: Current state: STANDBY, dock_state IDLE, charge_state NOT_CHARGE[0m
[delivery_robot_main_controller-22] [0m[INFO] [1775545112.238979384] [main_controller_node]: No pending queue found or unexpected format.[0m
[delivery_robot_main_controller-22] [0m[INFO] [1775545113.131827068] [main_controller_node]: Current state: STANDBY, dock_state IDLE, charge_state NOT_CHARGE[0m
[delivery_robot_main_controller-22] [0m[INFO] [1775545114.090835781] [main_controller_node]: Current state: STANDBY, dock_state IDLE, charge_state NOT_CHARGE[0m
[delivery_robot_main_controller-22] [0m[INFO] [1775545114.196249180] [main_controller_node]: No pending queue found or unexpected format.[0m
[bt_navigator-15] [INFO] [1775545114.503875058] [bt_navigator]: Begin navigating from current location (4.96, 0.42) to (0.53, -1.54)
[controller_server-11] [INFO] [1775545114.525594887] [controller_server]: Received a goal, begin computing control effort.
[controller_server-11] [INFO] [1775545114.825822648] [controller_server]: Passing new path to controller.
[controller_server-11] [INFO] [1775545115.025825259] [controller_server]: Passing new path to controller.
[delivery_robot_main_controller-22] [0m[INFO] [1775545115.145059306] [main_controller_node]: Current state: STANDBY, dock_state IDLE, charge_state NOT_CHARGE[0m
[controller_server-11] [INFO] [1775545115.225817370] [controller_server]: Passing new path to controller.
[controller_server-11] [INFO] [1775545115.525859638] [controller_server]: Passing new path to controller.
[controller_server-11] [INFO] [1775545115.725854957] [controller_server]: Passing new path to controller.
[controller_server-11] [INFO] [1775545116.025856978] [controller_server]: Passing new path to controller.
[delivery_robot_main_controller-22] [0m[INFO] [1775545116.125726018] [main_controller_node]: Current state: STANDBY, dock_state IDLE, charge_state NOT_CHARGE[0m
[delivery_robot_main_controller-22] [0m[INFO] [1775545116.221919331] [main_controller_node]: No pending queue found or unexpected format.[0m
[controller_server-11] [INFO] [1775545116.225820215] [controller_server]: Passing new path to controller.
[controller_server-11] [INFO] [1775545116.425858116] [controller_server]: Passing new path to controller.
[controller_server-11] [INFO] [1775545116.625906225] [controller_server]: Passing new path to controller.
[controller_server-11] [INFO] [1775545116.925854872] [controller_server]: Passing new path to controller.
[controller_server-11] [INFO] [1775545117.125865649] [controller_server]: Passing new path to controller.
[delivery_robot_main_controller-22] [0m[INFO] [1775545117.172814498] [main_controller_node]: Current state: STANDBY, dock_state IDLE, charge_state NOT_CHARGE[0m
[controller_server-11] [INFO] [1775545117.325860385] [controller_server]: Passing new path to controller.
[controller_server-11] [INFO] [1775545117.625823323] [controller_server]: Passing new path to controller.
[controller_server-11] [INFO] [1775545117.825856849] [controller_server]: Passing new path to controller.
[controller_server-11] [INFO] [1775545118.025854794] [controller_server]: Passing new path to controller.
[delivery_robot_main_controller-22] [0m[INFO] [1775545118.138518440] [main_controller_node]: Current state: STANDBY, dock_state IDLE, charge_state NOT_CHARGE[0m
[delivery_robot_main_controller-22] [0m[INFO] [1775545118.237417728] [main_controller_node]: No pending queue found or unexpected format.[0m
[controller_server-11] [INFO] [1775545118.325855355] [controller_server]: Passing new path to controller.
[controller_server-11] [INFO] [1775545118.525852425] [controller_server]: Passing new path to controller.
[controller_server-11] [INFO] [1775545118.725854452] [controller_server]: Passing new path to controller.
[controller_server-11] [INFO] [1775545118.925858813] [controller_server]: Passing new path to controller.
[delivery_robot_main_controller-22] [0m[INFO] [1775545119.100782314] [main_controller_node]: Current state: STANDBY, dock_state IDLE, charge_state NOT_CHARGE[0m
[controller_server-11] [INFO] [1775545119.225865208] [controller_server]: Passing new path to controller.
[controller_server-11] [INFO] [1775545119.425854110] [controller_server]: Passing new path to controller.
[controller_server-11] [INFO] [1775545119.625856429] [controller_server]: Passing new path to controller.
[controller_server-11] [INFO] [1775545119.925855241] [controller_server]: Passing new path to controller.
[controller_server-11] [INFO] [1775545120.125853477] [controller_server]: Passing new path to controller.
[delivery_robot_main_controller-22] [0m[INFO] [1775545120.155955758] [main_controller_node]: Current state: STANDBY, dock_state IDLE, charge_state NOT_CHARGE[0m
[delivery_robot_main_controller-22] [0m[INFO] [1775545120.261569232] [main_controller_node]: No pending queue found or unexpected format.[0m
[controller_server-11] [INFO] [1775545120.325854921] [controller_server]: Passing new path to controller.
[controller_server-11] [INFO] [1775545120.525855199] [controller_server]: Passing new path to controller.
[controller_server-11] [INFO] [1775545120.825851094] [controller_server]: Passing new path to controller.
[controller_server-11] [INFO] [1775545121.025854288] [controller_server]: Passing new path to controller.
[delivery_robot_main_controller-22] [0m[INFO] [1775545121.121106140] [main_controller_node]: Current state: STANDBY, dock_state IDLE, charge_state NOT_CHARGE[0m
[controller_server-11] [INFO] [1775545121.225851066] [controller_server]: Passing new path to controller.
[controller_server-11] [INFO] [1775545121.525853669] [controller_server]: Passing new path to controller.
[controller_server-11] [INFO] [1775545121.725869404] [controller_server]: Passing new path to controller.
[controller_server-11] [INFO] [1775545121.925861807] [controller_server]: Passing new path to controller.
[delivery_robot_main_controller-22] [0m[INFO] [1775545122.122431348] [main_controller_node]: Current state: STANDBY, dock_state IDLE, charge_state NOT_CHARGE[0m
[delivery_robot_main_controller-22] [0m[INFO] [1775545122.225072276] [main_controller_node]: No pending queue found or unexpected format.[0m
[controller_server-11] [INFO] [1775545122.225852744] [controller_server]: Passing new path to controller.
[controller_server-11] [INFO] [1775545122.425827356] [controller_server]: Passing new path to controller.
[controller_server-11] [INFO] [1775545122.625820925] [controller_server]: Passing new path to controller.
[controller_server-11] [INFO] [1775545122.925820612] [controller_server]: Passing new path to controller.
[controller_server-11] [INFO] [1775545123.125820015] [controller_server]: Passing new path to controller.
[delivery_robot_main_controller-22] [0m[INFO] [1775545123.171747489] [main_controller_node]: Current state: STANDBY, dock_state IDLE, charge_state NOT_CHARGE[0m
[collision_monitor-18] [INFO] [1775545123.246496879] [collision_monitor]: Robot to approach for 1.500000 seconds away from collision
[controller_server-11] [INFO] [1775545123.325807168] [controller_server]: Passing new path to controller.
[controller_server-11] [INFO] [1775545123.525819403] [controller_server]: Passing new path to controller.
[collision_monitor-18] [INFO] [1775545123.799060923] [collision_monitor]: Robot to continue normal operation
[controller_server-11] [INFO] [1775545123.825822006] [controller_server]: Passing new path to controller.
[controller_server-11] [INFO] [1775545124.025822867] [controller_server]: Passing new path to controller.
[delivery_robot_main_controller-22] [0m[INFO] [1775545124.139869541] [main_controller_node]: Current state: STANDBY, dock_state IDLE, charge_state NOT_CHARGE[0m
[delivery_robot_main_controller-22] [0m[INFO] [1775545124.237804909] [main_controller_node]: No pending queue found or unexpected format.[0m
[controller_server-11] [INFO] [1775545124.325821096] [controller_server]: Passing new path to controller.
[controller_server-11] [INFO] [1775545124.525816415] [controller_server]: Passing new path to controller.
[controller_server-11] [INFO] [1775545124.725817859] [controller_server]: Passing new path to controller.
[controller_server-11] [INFO] [1775545124.925813470] [controller_server]: Passing new path to controller.
[delivery_robot_main_controller-22] [0m[INFO] [1775545125.123326515] [main_controller_node]: Current state: STANDBY, dock_state IDLE, charge_state NOT_CHARGE[0m
[controller_server-11] [INFO] [1775545125.225820740] [controller_server]: Passing new path to controller.
[controller_server-11] [INFO] [1775545125.425827434] [controller_server]: Passing new path to controller.
[controller_server-11] [INFO] [1775545125.625812837] [controller_server]: Passing new path to controller.
[controller_server-11] [INFO] [1775545125.925819232] [controller_server]: Passing new path to controller.
[delivery_robot_main_controller-22] [0m[INFO] [1775545126.112637001] [main_controller_node]: Current state: STANDBY, dock_state IDLE, charge_state NOT_CHARGE[0m
[controller_server-11] [INFO] [1775545126.129466945] [controller_server]: Passing new path to controller.
[controller_server-11] [INFO] [1775545126.325829120] [controller_server]: Passing new path to controller.
[delivery_robot_main_controller-22] [0m[INFO] [1775545126.332431894] [main_controller_node]: No pending queue found or unexpected format.[0m
[controller_server-11] [INFO] [1775545126.525827939] [controller_server]: Passing new path to controller.
[collision_monitor-18] [INFO] [1775545126.649444392] [collision_monitor]: Robot to approach for 1.500000 seconds away from collision
[controller_server-11] [INFO] [1775545126.825821793] [controller_server]: Passing new path to controller.
[collision_monitor-18] [INFO] [1775545126.998050403] [collision_monitor]: Robot to continue normal operation
[controller_server-11] [INFO] [1775545127.025851527] [controller_server]: Passing new path to controller.
[delivery_robot_main_controller-22] [0m[INFO] [1775545127.143935579] [main_controller_node]: Current state: STANDBY, dock_state IDLE, charge_state NOT_CHARGE[0m
[controller_server-11] [INFO] [1775545127.225854429] [controller_server]: Passing new path to controller.
[controller_server-11] [INFO] [1775545127.525816493] [controller_server]: Passing new path to controller.
[controller_server-11] [INFO] [1775545127.725820853] [controller_server]: Passing new path to controller.
[controller_server-11] [INFO] [1775545127.925823756] [controller_server]: Passing new path to controller.
[delivery_robot_main_controller-22] [0m[INFO] [1775545128.119950104] [main_controller_node]: Current state: STANDBY, dock_state IDLE, charge_state NOT_CHARGE[0m
[controller_server-11] [INFO] [1775545128.125818492] [controller_server]: Passing new path to controller.
[delivery_robot_main_controller-22] [0m[INFO] [1775545128.208049996] [main_controller_node]: No pending queue found or unexpected format.[0m
[controller_server-11] [INFO] [1775545128.425829553] [controller_server]: Passing new path to controller.
[controller_server-11] [INFO] [1775545128.625829831] [controller_server]: Passing new path to controller.
[controller_server-11] [INFO] [1775545128.825823692] [controller_server]: Passing new path to controller.
[planner_server-13] [INFO] [1775545128.911144695] [global_costmap.global_costmap]: StaticLayer: Resizing costmap to 277 X 287 at 0.050000 m/pix
[controller_server-11] [INFO] [1775545129.025829510] [controller_server]: Passing new path to controller.
[delivery_robot_main_controller-22] [0m[INFO] [1775545129.145330714] [main_controller_node]: Current state: STANDBY, dock_state IDLE, charge_state NOT_CHARGE[0m
[collision_monitor-18] [INFO] [1775545129.298618966] [collision_monitor]: Robot to approach for 1.500000 seconds away from collision
[controller_server-11] [INFO] [1775545129.325859821] [controller_server]: Passing new path to controller.
[collision_monitor-18] [INFO] [1775545129.397651248] [collision_monitor]: Robot to continue normal operation
[controller_server-11] [INFO] [1775545129.525838808] [controller_server]: Passing new path to controller.
[collision_monitor-18] [INFO] [1775545129.548291274] [collision_monitor]: Robot to approach for 1.500000 seconds away from collision
[collision_monitor-18] [INFO] [1775545129.596694314] [collision_monitor]: Robot to continue normal operation
[controller_server-11] [INFO] [1775545129.725861834] [controller_server]: Passing new path to controller.
[controller_server-11] [INFO] [1775545129.925855112] [controller_server]: Passing new path to controller.
[controller_server-11] [INFO] [1775545130.125855098] [controller_server]: Passing new path to controller.
[delivery_robot_main_controller-22] [0m[INFO] [1775545130.127469699] [main_controller_node]: Current state: STANDBY, dock_state IDLE, charge_state NOT_CHARGE[0m
[controller_server-11] [INFO] [1775545130.129701442] [controller_server]: Optimizer reset
[controller_server-11] [INFO] [1775545130.131336751] [controller_server]: Optimizer reset
[controller_server-11] [WARN] [1775545130.131505327] [controller_server]: Optimizer fail to compute path
[controller_server-11] [INFO] [1775545130.235868477] [controller_server]: Optimizer reset
[controller_server-11] [INFO] [1775545130.240979728] [controller_server]: Optimizer reset
[controller_server-11] [WARN] [1775545130.241399128] [controller_server]: Optimizer fail to compute path
[delivery_robot_main_controller-22] [0m[INFO] [1775545130.259984834] [main_controller_node]: No pending queue found or unexpected format.[0m
[controller_server-11] [INFO] [1775545130.333327864] [controller_server]: Optimizer reset
[controller_server-11] [INFO] [1775545130.338576485] [controller_server]: Optimizer reset
[controller_server-11] [WARN] [1775545130.338906055] [controller_server]: Optimizer fail to compute path
[controller_server-11] [INFO] [1775545130.425854785] [controller_server]: Passing new path to controller.
[controller_server-11] [INFO] [1775545130.433909125] [controller_server]: Optimizer reset
[controller_server-11] [INFO] [1775545130.439307657] [controller_server]: Optimizer reset
[controller_server-11] [WARN] [1775545130.439652976] [controller_server]: Optimizer fail to compute path
[controller_server-11] [INFO] [1775545130.532075192] [controller_server]: Optimizer reset
[controller_server-11] [INFO] [1775545130.537903915] [controller_server]: Optimizer reset
[controller_server-11] [WARN] [1775545130.538235526] [controller_server]: Optimizer fail to compute path
[controller_server-11] [INFO] [1775545130.625855645] [controller_server]: Passing new path to controller.
[controller_server-11] [INFO] [1775545130.633319093] [controller_server]: Optimizer reset
[controller_server-11] [INFO] [1775545130.640786624] [controller_server]: Optimizer reset
[controller_server-11] [WARN] [1775545130.641236356] [controller_server]: Optimizer fail to compute path
[controller_server-11] [INFO] [1775545130.732195340] [controller_server]: Optimizer reset
[controller_server-11] [INFO] [1775545130.737295800] [controller_server]: Optimizer reset
[controller_server-11] [WARN] [1775545130.737571122] [controller_server]: Optimizer fail to compute path
[controller_server-11] [INFO] [1775545130.825823257] [controller_server]: Passing new path to controller.
[controller_server-11] [INFO] [1775545130.834844725] [controller_server]: Optimizer reset
[controller_server-11] [INFO] [1775545130.840081972] [controller_server]: Optimizer reset
[controller_server-11] [WARN] [1775545130.840414458] [controller_server]: Optimizer fail to compute path
[controller_server-11] [INFO] [1775545130.933153120] [controller_server]: Optimizer reset
[controller_server-11] [INFO] [1775545130.936050419] [controller_server]: Optimizer reset
[controller_server-11] [WARN] [1775545130.936195955] [controller_server]: Optimizer fail to compute path
[controller_server-11] [INFO] [1775545131.034255860] [controller_server]: Optimizer reset
[controller_server-11] [INFO] [1775545131.039358653] [controller_server]: Optimizer reset
[controller_server-11] [WARN] [1775545131.039769595] [controller_server]: Optimizer fail to compute path
[controller_server-11] [ERROR] [1775545131.040063292] [controller_server]: Controller patience exceeded
[controller_server-11] [INFO] [1775545131.042100209] [controller_server]: Optimizer reset
[controller_server-11] [WARN] [1775545131.044675230] [controller_server]: [follow_path] [ActionServer] Aborting handle.
[controller_server-11] [INFO] [1775545131.048611987] [controller_server]: Received a goal, begin computing control effort.
[controller_server-11] [INFO] [1775545131.054766488] [controller_server]: Optimizer reset
[controller_server-11] [INFO] [1775545131.056223304] [controller_server]: Optimizer reset
[controller_server-11] [WARN] [1775545131.056415213] [controller_server]: Optimizer fail to compute path
[delivery_robot_main_controller-22] [0m[INFO] [1775545131.116377118] [main_controller_node]: Current state: STANDBY, dock_state IDLE, charge_state NOT_CHARGE[0m
[controller_server-11] [INFO] [1775545131.154854269] [controller_server]: Optimizer reset
[controller_server-11] [INFO] [1775545131.156444080] [controller_server]: Optimizer reset
[controller_server-11] [WARN] [1775545131.156800190] [controller_server]: Optimizer fail to compute path
[controller_server-11] [INFO] [1775545131.254861553] [controller_server]: Optimizer reset
[controller_server-11] [INFO] [1775545131.257158335] [controller_server]: Optimizer reset
[controller_server-11] [WARN] [1775545131.257292205] [controller_server]: Optimizer fail to compute path
[controller_server-11] [INFO] [1775545131.353148949] [controller_server]: Passing new path to controller.
[controller_server-11] [INFO] [1775545131.355211823] [controller_server]: Optimizer reset
[controller_server-11] [INFO] [1775545131.356635391] [controller_server]: Optimizer reset
[controller_server-11] [WARN] [1775545131.356794926] [controller_server]: Optimizer fail to compute path
[controller_server-11] [INFO] [1775545131.454838790] [controller_server]: Optimizer reset
[controller_server-11] [INFO] [1775545131.456598052] [controller_server]: Optimizer reset
[controller_server-11] [WARN] [1775545131.456736588] [controller_server]: Optimizer fail to compute path
[controller_server-11] [INFO] [1775545131.553155642] [controller_server]: Passing new path to controller.
[controller_server-11] [INFO] [1775545131.555385052] [controller_server]: Optimizer reset
[controller_server-11] [INFO] [1775545131.556827869] [controller_server]: Optimizer reset
[controller_server-11] [WARN] [1775545131.556948322] [controller_server]: Optimizer fail to compute path
[controller_server-11] [INFO] [1775545131.654854817] [controller_server]: Optimizer reset
[controller_server-11] [INFO] [1775545131.656323590] [controller_server]: Optimizer reset
[controller_server-11] [WARN] [1775545131.656445210] [controller_server]: Optimizer fail to compute path
[controller_server-11] [INFO] [1775545131.753149212] [controller_server]: Passing new path to controller.
[controller_server-11] [INFO] [1775545131.755719858] [controller_server]: Optimizer reset
[controller_server-11] [INFO] [1775545131.758132135] [controller_server]: Optimizer reset
[controller_server-11] [WARN] [1775545131.758564076] [controller_server]: Optimizer fail to compute path
[controller_server-11] [INFO] [1775545131.854828845] [controller_server]: Optimizer reset
[controller_server-11] [INFO] [1775545131.856472903] [controller_server]: Optimizer reset
[controller_server-11] [WARN] [1775545131.856645563] [controller_server]: Optimizer fail to compute path
[controller_server-11] [INFO] [1775545131.954923334] [controller_server]: Optimizer reset
[controller_server-11] [INFO] [1775545131.956475230] [controller_server]: Optimizer reset
[controller_server-11] [WARN] [1775545131.956588975] [controller_server]: Optimizer fail to compute path
[controller_server-11] [INFO] [1775545132.053158523] [controller_server]: Passing new path to controller.
[controller_server-11] [INFO] [1775545132.055231023] [controller_server]: Optimizer reset
[controller_server-11] [INFO] [1775545132.056656048] [controller_server]: Optimizer reset
[controller_server-11] [WARN] [1775545132.056895789] [controller_server]: Optimizer fail to compute path
[controller_server-11] [ERROR] [1775545132.056977160] [controller_server]: Controller patience exceeded
[controller_server-11] [INFO] [1775545132.057527513] [controller_server]: Optimizer reset
[controller_server-11] [WARN] [1775545132.057568928] [controller_server]: [follow_path] [ActionServer] Aborting handle.
[controller_server-11] [INFO] [1775545132.087127273] [local_costmap.local_costmap]: Received request to clear entirely the local_costmap
[controller_server-11] [INFO] [1775545132.094978622] [local_costmap.local_costmap]: KeepoutFilter: Subscribing to "/keepout_costmap_filter_info" topic for filter info...
[controller_server-11] [INFO] [1775545132.104045588] [controller_server]: Received a goal, begin computing control effort.
[controller_server-11] [INFO] [1775545132.108591029] [local_costmap.local_costmap]: KeepoutFilter: Received filter info from /keepout_costmap_filter_info topic.
[controller_server-11] [INFO] [1775545132.108826686] [local_costmap.local_costmap]: KeepoutFilter: Subscribing to "/keepout_filter_mask" topic for filter mask...
[controller_server-11] [WARN] [1775545132.115550789] [local_costmap.local_costmap]: KeepoutFilter: New filter mask arrived from /keepout_filter_mask topic. Updating old filter mask.
[delivery_robot_main_controller-22] [0m[INFO] [1775545132.146671237] [main_controller_node]: Current state: STANDBY, dock_state IDLE, charge_state NOT_CHARGE[0m
[controller_server-11] [INFO] [1775545132.191936946] [controller_server]: Optimizer reset
[controller_server-11] [INFO] [1775545132.199368020] [controller_server]: Optimizer reset
[controller_server-11] [WARN] [1775545132.201329983] [controller_server]: Optimizer fail to compute path
[controller_server-11] [INFO] [1775545132.205401193] [controller_server]: Passing new path to controller.
[controller_server-11] [INFO] [1775545132.207719849] [controller_server]: Optimizer reset
[controller_server-11] [INFO] [1775545132.209136125] [controller_server]: Optimizer reset
[controller_server-11] [WARN] [1775545132.209257453] [controller_server]: Optimizer fail to compute path
[delivery_robot_main_controller-22] [0m[INFO] [1775545132.247585568] [main_controller_node]: No pending queue found or unexpected format.[0m
[controller_server-11] [INFO] [1775545132.311504647] [controller_server]: Optimizer reset
[controller_server-11] [INFO] [1775545132.318568236] [controller_server]: Optimizer reset
[controller_server-11] [WARN] [1775545132.321282376] [controller_server]: Optimizer fail to compute path
[controller_server-11] [INFO] [1775545132.406939949] [controller_server]: Optimizer reset
[controller_server-11] [INFO] [1775545132.408451013] [controller_server]: Optimizer reset
[controller_server-11] [WARN] [1775545132.408609965] [controller_server]: Optimizer fail to compute path
[controller_server-11] [INFO] [1775545132.505737741] [controller_server]: Passing new path to controller.
[controller_server-11] [INFO] [1775545132.507805282] [controller_server]: Optimizer reset
[controller_server-11] [INFO] [1775545132.509225933] [controller_server]: Optimizer reset
[controller_server-11] [WARN] [1775545132.509334720] [controller_server]: Optimizer fail to compute path
[controller_server-11] [INFO] [1775545132.606998558] [controller_server]: Optimizer reset
[controller_server-11] [INFO] [1775545132.609057933] [controller_server]: Optimizer reset
[controller_server-11] [WARN] [1775545132.609287757] [controller_server]: Optimizer fail to compute path
[controller_server-11] [INFO] [1775545132.705247455] [controller_server]: Passing new path to controller.
[controller_server-11] [INFO] [1775545132.707343287] [controller_server]: Optimizer reset
[controller_server-11] [INFO] [1775545132.708821977] [controller_server]: Optimizer reset
[controller_server-11] [WARN] [1775545132.709071633] [controller_server]: Optimizer fail to compute path
[controller_server-11] [INFO] [1775545132.806948671] [controller_server]: Optimizer reset
[controller_server-11] [INFO] [1775545132.808417444] [controller_server]: Optimizer reset
[controller_server-11] [WARN] [1775545132.808560064] [controller_server]: Optimizer fail to compute path
[controller_server-11] [INFO] [1775545132.905243941] [controller_server]: Passing new path to controller.
[controller_server-11] [INFO] [1775545132.907235360] [controller_server]: Optimizer reset
[controller_server-11] [INFO] [1775545132.908688968] [controller_server]: Optimizer reset
[controller_server-11] [WARN] [1775545132.908866294] [controller_server]: Optimizer fail to compute path
[controller_server-11] [INFO] [1775545133.012173945] [controller_server]: Optimizer reset
[controller_server-11] [INFO] [1775545133.022873887] [controller_server]: Optimizer reset
[controller_server-11] [WARN] [1775545133.023218331] [controller_server]: Optimizer fail to compute path
[controller_server-11] [INFO] [1775545133.105301674] [controller_server]: Passing new path to controller.
[controller_server-11] [INFO] [1775545133.112437010] [controller_server]: Optimizer reset
[delivery_robot_main_controller-22] [0m[INFO] [1775545133.112431761] [main_controller_node]: Current state: STANDBY, dock_state IDLE, charge_state NOT_CHARGE[0m
[controller_server-11] [INFO] [1775545133.117642758] [controller_server]: Optimizer reset
[controller_server-11] [WARN] [1775545133.117935579] [controller_server]: Optimizer fail to compute path
[controller_server-11] [ERROR] [1775545133.118114655] [controller_server]: Controller patience exceeded
[controller_server-11] [INFO] [1775545133.119824920] [controller_server]: Optimizer reset
[controller_server-11] [WARN] [1775545133.120096450] [controller_server]: [follow_path] [ActionServer] Aborting handle.
[controller_server-11] [INFO] [1775545133.145460215] [local_costmap.local_costmap]: Received request to clear entirely the local_costmap
[controller_server-11] [INFO] [1775545133.155419937] [local_costmap.local_costmap]: KeepoutFilter: Subscribing to "/keepout_costmap_filter_info" topic for filter info...
[planner_server-13] [INFO] [1775545133.162009003] [global_costmap.global_costmap]: Received request to clear entirely the global_costmap
[controller_server-11] [INFO] [1775545133.162312908] [local_costmap.local_costmap]: KeepoutFilter: Received filter info from /keepout_costmap_filter_info topic.
[controller_server-11] [INFO] [1775545133.162448819] [local_costmap.local_costmap]: KeepoutFilter: Subscribing to "/keepout_filter_mask" topic for filter mask...
[controller_server-11] [WARN] [1775545133.174306047] [local_costmap.local_costmap]: KeepoutFilter: New filter mask arrived from /keepout_filter_mask topic. Updating old filter mask.
[planner_server-13] [INFO] [1775545133.177399047] [global_costmap.global_costmap]: KeepoutFilter: Subscribing to "/keepout_costmap_filter_info" topic for filter info...
[planner_server-13] [INFO] [1775545133.189645343] [global_costmap.global_costmap]: KeepoutFilter: Received filter info from /keepout_costmap_filter_info topic.
[planner_server-13] [INFO] [1775545133.189954205] [global_costmap.global_costmap]: KeepoutFilter: Subscribing to "/keepout_filter_mask" topic for filter mask...
[planner_server-13] [WARN] [1775545133.202601235] [global_costmap.global_costmap]: KeepoutFilter: New filter mask arrived from /keepout_filter_mask topic. Updating old filter mask.
[planner_server-13] [WARN] [1775545133.428816617] [planner_server]: Planner loop missed its desired rate of 5.0000 Hz. Current loop rate is 4.1400 Hz
[controller_server-11] [INFO] [1775545133.445517650] [controller_server]: Received a goal, begin computing control effort.
[controller_server-11] [INFO] [1775545133.447396199] [controller_server]: Optimizer reset
[controller_server-11] [INFO] [1775545133.449991343] [controller_server]: Optimizer reset
[controller_server-11] [WARN] [1775545133.450144171] [controller_server]: Optimizer fail to compute path
[controller_server-11] [INFO] [1775545133.547431482] [controller_server]: Optimizer reset
[controller_server-11] [INFO] [1775545133.551934924] [controller_server]: Optimizer reset
[controller_server-11] [WARN] [1775545133.552115459] [controller_server]: Optimizer fail to compute path
[controller_server-11] [INFO] [1775545133.647425641] [controller_server]: Optimizer reset
[controller_server-11] [INFO] [1775545133.648929997] [controller_server]: Optimizer reset
[controller_server-11] [WARN] [1775545133.649066200] [controller_server]: Optimizer fail to compute path
[controller_server-11] [INFO] [1775545133.745736078] [controller_server]: Passing new path to controller.
[controller_server-11] [INFO] [1775545133.747827535] [controller_server]: Optimizer reset
[controller_server-11] [INFO] [1775545133.751684962] [controller_server]: Optimizer reset
[controller_server-11] [WARN] [1775545133.752455222] [controller_server]: Optimizer fail to compute path
[controller_server-11] [INFO] [1775545133.854577296] [controller_server]: Optimizer reset
[controller_server-11] [INFO] [1775545133.860476890] [controller_server]: Optimizer reset
[controller_server-11] [WARN] [1775545133.860762129] [controller_server]: Optimizer fail to compute path
[controller_server-11] [INFO] [1775545133.945759396] [controller_server]: Passing new path to controller.
[controller_server-11] [INFO] [1775545133.954548415] [controller_server]: Optimizer reset
[controller_server-11] [INFO] [1775545133.959941113] [controller_server]: Optimizer reset
[controller_server-11] [WARN] [1775545133.960273892] [controller_server]: Optimizer fail to compute path
[controller_server-11] [INFO] [1775545134.052090924] [controller_server]: Optimizer reset
[controller_server-11] [INFO] [1775545134.057285589] [controller_server]: Optimizer reset
[controller_server-11] [WARN] [1775545134.057580160] [controller_server]: Optimizer fail to compute path
[delivery_robot_main_controller-22] [0m[INFO] [1775545134.138183063] [main_controller_node]: Current state: STANDBY, dock_state IDLE, charge_state NOT_CHARGE[0m
[controller_server-11] [INFO] [1775545134.145811879] [controller_server]: Passing new path to controller.
[controller_server-11] [INFO] [1775545134.156804643] [controller_server]: Optimizer reset
[controller_server-11] [INFO] [1775545134.162005724] [controller_server]: Optimizer reset
[controller_server-11] [WARN] [1775545134.162272296] [controller_server]: Optimizer fail to compute path
[delivery_robot_main_controller-22] [0m[INFO] [1775545134.234325921] [main_controller_node]: No pending queue found or unexpected format.[0m
[controller_server-11] [INFO] [1775545134.252055328] [controller_server]: Optimizer reset
[controller_server-11] [INFO] [1775545134.257429069] [controller_server]: Optimizer reset
[controller_server-11] [WARN] [1775545134.257729473] [controller_server]: Optimizer fail to compute path
[controller_server-11] [INFO] [1775545134.345760826] [controller_server]: Passing new path to controller.
[controller_server-11] [INFO] [1775545134.353659131] [controller_server]: Optimizer reset
[controller_server-11] [INFO] [1775545134.358931959] [controller_server]: Optimizer reset
[controller_server-11] [WARN] [1775545134.359214573] [controller_server]: Optimizer fail to compute path
[controller_server-11] [INFO] [1775545134.452256847] [controller_server]: Optimizer reset
[controller_server-11] [INFO] [1775545134.457424096] [controller_server]: Optimizer reset
[controller_server-11] [WARN] [1775545134.457672878] [controller_server]: Optimizer fail to compute path
[controller_server-11] [ERROR] [1775545134.457878786] [controller_server]: Controller patience exceeded
[controller_server-11] [INFO] [1775545134.459616757] [controller_server]: Optimizer reset
[controller_server-11] [WARN] [1775545134.459824124] [controller_server]: [follow_path] [ActionServer] Aborting handle.
[controller_server-11] [INFO] [1775545134.474609275] [local_costmap.local_costmap]: Received request to clear entirely the local_costmap
[controller_server-11] [INFO] [1775545134.480456664] [local_costmap.local_costmap]: KeepoutFilter: Subscribing to "/keepout_costmap_filter_info" topic for filter info...
[controller_server-11] [INFO] [1775545134.489035108] [controller_server]: Received a goal, begin computing control effort.
[controller_server-11] [INFO] [1775545134.491935032] [local_costmap.local_costmap]: KeepoutFilter: Received filter info from /keepout_costmap_filter_info topic.
[controller_server-11] [INFO] [1775545134.495851374] [local_costmap.local_costmap]: KeepoutFilter: Subscribing to "/keepout_filter_mask" topic for filter mask...
[controller_server-11] [WARN] [1775545134.506999881] [local_costmap.local_costmap]: KeepoutFilter: New filter mask arrived from /keepout_filter_mask topic. Updating old filter mask.
[controller_server-11] [INFO] [1775545134.509289955] [controller_server]: Optimizer reset
[controller_server-11] [INFO] [1775545134.511763479] [controller_server]: Optimizer reset
[controller_server-11] [WARN] [1775545134.511893558] [controller_server]: Optimizer fail to compute path
[controller_server-11] [INFO] [1775545134.590153014] [controller_server]: Passing new path to controller.
[controller_server-11] [INFO] [1775545134.592409548] [controller_server]: Optimizer reset
[controller_server-11] [INFO] [1775545134.593889988] [controller_server]: Optimizer reset
[controller_server-11] [WARN] [1775545134.594045440] [controller_server]: Optimizer fail to compute path
[controller_server-11] [INFO] [1775545134.691811648] [controller_server]: Optimizer reset
[controller_server-11] [INFO] [1775545134.693404667] [controller_server]: Optimizer reset
[controller_server-11] [WARN] [1775545134.693542328] [controller_server]: Optimizer fail to compute path
[controller_server-11] [INFO] [1775545134.792597359] [controller_server]: Optimizer reset
[controller_server-11] [INFO] [1775545134.794262708] [controller_server]: Optimizer reset
[controller_server-11] [WARN] [1775545134.794457825] [controller_server]: Optimizer fail to compute path
[controller_server-11] [INFO] [1775545134.890013582] [controller_server]: Passing new path to controller.
[controller_server-11] [INFO] [1775545134.894063209] [controller_server]: Optimizer reset
[controller_server-11] [INFO] [1775545134.895587689] [controller_server]: Optimizer reset
[controller_server-11] [WARN] [1775545134.895707851] [controller_server]: Optimizer fail to compute path
[controller_server-11] [INFO] [1775545134.992352063] [controller_server]: Optimizer reset
[controller_server-11] [INFO] [1775545134.993804213] [controller_server]: Optimizer reset
[controller_server-11] [WARN] [1775545134.993967831] [controller_server]: Optimizer fail to compute path
[controller_server-11] [INFO] [1775545135.090022317] [controller_server]: Passing new path to controller.
[controller_server-11] [INFO] [1775545135.092065068] [controller_server]: Optimizer reset
[controller_server-11] [INFO] [1775545135.093472011] [controller_server]: Optimizer reset
[controller_server-11] [WARN] [1775545135.093618421] [controller_server]: Optimizer fail to compute path
[delivery_robot_main_controller-22] [0m[INFO] [1775545135.150739900] [main_controller_node]: Current state: STANDBY, dock_state IDLE, charge_state NOT_CHARGE[0m
[controller_server-11] [INFO] [1775545135.193065728] [controller_server]: Optimizer reset
[controller_server-11] [INFO] [1775545135.194512920] [controller_server]: Optimizer reset
[controller_server-11] [WARN] [1775545135.195247890] [controller_server]: Optimizer fail to compute path
[controller_server-11] [INFO] [1775545135.290037177] [controller_server]: Passing new path to controller.
[controller_server-11] [INFO] [1775545135.293360584] [controller_server]: Optimizer reset
[controller_server-11] [INFO] [1775545135.295702573] [controller_server]: Optimizer reset
[controller_server-11] [WARN] [1775545135.295832942] [controller_server]: Optimizer fail to compute path
[controller_server-11] [INFO] [1775545135.392713687] [controller_server]: Optimizer reset
[controller_server-11] [INFO] [1775545135.394169336] [controller_server]: Optimizer reset
[controller_server-11] [WARN] [1775545135.394323621] [controller_server]: Optimizer fail to compute path
[controller_server-11] [INFO] [1775545135.490038038] [controller_server]: Passing new path to controller.
[controller_server-11] [INFO] [1775545135.497655771] [controller_server]: Optimizer reset
[controller_server-11] [INFO] [1775545135.502891851] [controller_server]: Optimizer reset
[controller_server-11] [WARN] [1775545135.503213254] [controller_server]: Optimizer fail to compute path
[controller_server-11] [ERROR] [1775545135.503395247] [controller_server]: Controller patience exceeded
[controller_server-11] [INFO] [1775545135.505265630] [controller_server]: Optimizer reset
[controller_server-11] [WARN] [1775545135.505548826] [controller_server]: [follow_path] [ActionServer] Aborting handle.
[behavior_server-14] [INFO] [1775545135.527687472] [behavior_server]: Running wait
[delivery_robot_main_controller-22] [0m[INFO] [1775545136.098435613] [main_controller_node]: Current state: STANDBY, dock_state IDLE, charge_state NOT_CHARGE[0m
[delivery_robot_main_controller-22] [0m[INFO] [1775545136.212903437] [main_controller_node]: No pending queue found or unexpected format.[0m
[delivery_robot_main_controller-22] [0m[INFO] [1775545137.130003972] [main_controller_node]: Current state: STANDBY, dock_state IDLE, charge_state NOT_CHARGE[0m
[delivery_robot_main_controller-22] [0m[INFO] [1775545138.122731195] [main_controller_node]: Current state: STANDBY, dock_state IDLE, charge_state NOT_CHARGE[0m
[delivery_robot_main_controller-22] [0m[INFO] [1775545138.253794472] [main_controller_node]: No pending queue found or unexpected format.[0m
[delivery_robot_main_controller-22] [0m[INFO] [1775545139.122184271] [main_controller_node]: Current state: STANDBY, dock_state IDLE, charge_state NOT_CHARGE[0m
[delivery_robot_main_controller-22] [0m[INFO] [1775545140.165104129] [main_controller_node]: Current state: STANDBY, dock_state IDLE, charge_state NOT_CHARGE[0m
[delivery_robot_main_controller-22] [0m[INFO] [1775545140.246421587] [main_controller_node]: No pending queue found or unexpected format.[0m
[behavior_server-14] [INFO] [1775545140.528218802] [behavior_server]: wait completed successfully
[controller_server-11] [INFO] [1775545140.565098267] [controller_server]: Received a goal, begin computing control effort.
[controller_server-11] [INFO] [1775545140.567016481] [controller_server]: Optimizer reset
[controller_server-11] [INFO] [1775545140.568489047] [controller_server]: Optimizer reset
[controller_server-11] [WARN] [1775545140.568630499] [controller_server]: Optimizer fail to compute path
[controller_server-11] [INFO] [1775545140.667348669] [controller_server]: Optimizer reset
[controller_server-11] [INFO] [1775545140.668854483] [controller_server]: Optimizer reset
[controller_server-11] [WARN] [1775545140.668999436] [controller_server]: Optimizer fail to compute path
[controller_server-11] [INFO] [1775545140.767068965] [controller_server]: Optimizer reset
[controller_server-11] [INFO] [1775545140.768599861] [controller_server]: Optimizer reset
[controller_server-11] [WARN] [1775545140.768762605] [controller_server]: Optimizer fail to compute path
[controller_server-11] [INFO] [1775545140.865356361] [controller_server]: Passing new path to controller.
[controller_server-11] [INFO] [1775545140.868740432] [controller_server]: Optimizer reset
[controller_server-11] [INFO] [1775545140.870348325] [controller_server]: Optimizer reset
[controller_server-11] [WARN] [1775545140.871258580] [controller_server]: Optimizer fail to compute path
[controller_server-11] [INFO] [1775545140.967712050] [controller_server]: Optimizer reset
[controller_server-11] [INFO] [1775545140.969181990] [controller_server]: Optimizer reset
[controller_server-11] [WARN] [1775545140.970320027] [controller_server]: Optimizer fail to compute path
[controller_server-11] [INFO] [1775545141.065389595] [controller_server]: Passing new path to controller.
[controller_server-11] [INFO] [1775545141.072503349] [controller_server]: Optimizer reset
[controller_server-11] [INFO] [1775545141.078088831] [controller_server]: Optimizer reset
[controller_server-11] [WARN] [1775545141.078428025] [controller_server]: Optimizer fail to compute path
[delivery_robot_main_controller-22] [0m[INFO] [1775545141.106291856] [main_controller_node]: Current state: STANDBY, dock_state IDLE, charge_state NOT_CHARGE[0m
[controller_server-11] [INFO] [1775545141.171582879] [controller_server]: Optimizer reset
[controller_server-11] [INFO] [1775545141.176773752] [controller_server]: Optimizer reset
[controller_server-11] [WARN] [1775545141.177077656] [controller_server]: Optimizer fail to compute path
[controller_server-11] [INFO] [1775545141.265390456] [controller_server]: Passing new path to controller.
[controller_server-11] [INFO] [1775545141.273609873] [controller_server]: Optimizer reset
[controller_server-11] [INFO] [1775545141.282181317] [controller_server]: Optimizer reset
[controller_server-11] [WARN] [1775545141.282500388] [controller_server]: Optimizer fail to compute path
[controller_server-11] [INFO] [1775545141.371849729] [controller_server]: Optimizer reset
[controller_server-11] [INFO] [1775545141.377525624] [controller_server]: Optimizer reset
[controller_server-11] [WARN] [1775545141.377846444] [controller_server]: Optimizer fail to compute path
[controller_server-11] [INFO] [1775545141.468887383] [controller_server]: Optimizer reset
[controller_server-11] [INFO] [1775545141.470478944] [controller_server]: Optimizer reset
[controller_server-11] [WARN] [1775545141.470747849] [controller_server]: Optimizer fail to compute path
[controller_server-11] [INFO] [1775545141.565340561] [controller_server]: Passing new path to controller.
[controller_server-11] [INFO] [1775545141.572317237] [controller_server]: Optimizer reset
[controller_server-11] [INFO] [1775545141.577444530] [controller_server]: Optimizer reset
[controller_server-11] [WARN] [1775545141.578447239] [controller_server]: Optimizer fail to compute path
[controller_server-11] [ERROR] [1775545141.578585483] [controller_server]: Controller patience exceeded
[controller_server-11] [INFO] [1775545141.579414366] [controller_server]: Optimizer reset
[controller_server-11] [WARN] [1775545141.579512946] [controller_server]: [follow_path] [ActionServer] Aborting handle.
[controller_server-11] [INFO] [1775545141.605101868] [local_costmap.local_costmap]: Received request to clear entirely the local_costmap
[controller_server-11] [INFO] [1775545141.609890841] [local_costmap.local_costmap]: KeepoutFilter: Subscribing to "/keepout_costmap_filter_info" topic for filter info...
[controller_server-11] [INFO] [1775545141.621219590] [local_costmap.local_costmap]: KeepoutFilter: Received filter info from /keepout_costmap_filter_info topic.
[controller_server-11] [INFO] [1775545141.621304754] [local_costmap.local_costmap]: KeepoutFilter: Subscribing to "/keepout_filter_mask" topic for filter mask...
[controller_server-11] [INFO] [1775545141.622729779] [controller_server]: Received a goal, begin computing control effort.
[controller_server-11] [WARN] [1775545141.627967317] [local_costmap.local_costmap]: KeepoutFilter: New filter mask arrived from /keepout_filter_mask topic. Updating old filter mask.
[controller_server-11] [INFO] [1775545141.692705654] [controller_server]: Optimizer reset
[controller_server-11] [INFO] [1775545141.698512503] [controller_server]: Optimizer reset
[controller_server-11] [WARN] [1775545141.698764784] [controller_server]: Optimizer fail to compute path
[controller_server-11] [INFO] [1775545141.723162588] [controller_server]: Passing new path to controller.
[controller_server-11] [INFO] [1775545141.725205047] [controller_server]: Optimizer reset
[controller_server-11] [INFO] [1775545141.726626281] [controller_server]: Optimizer reset
[controller_server-11] [WARN] [1775545141.726743526] [controller_server]: Optimizer fail to compute path
[controller_server-11] [INFO] [1775545141.824960925] [controller_server]: Optimizer reset
[controller_server-11] [INFO] [1775545141.826403741] [controller_server]: Optimizer reset
[controller_server-11] [WARN] [1775545141.826530320] [controller_server]: Optimizer fail to compute path
[controller_server-11] [INFO] [1775545141.923168115] [controller_server]: Passing new path to controller.
[controller_server-11] [INFO] [1775545141.926677890] [controller_server]: Optimizer reset
[controller_server-11] [INFO] [1775545141.931715936] [controller_server]: Optimizer reset
[controller_server-11] [WARN] [1775545141.932827141] [controller_server]: Optimizer fail to compute path
[controller_server-11] [INFO] [1775545142.024844540] [controller_server]: Optimizer reset
[controller_server-11] [INFO] [1775545142.026299606] [controller_server]: Optimizer reset
[controller_server-11] [WARN] [1775545142.026488015] [controller_server]: Optimizer fail to compute path
[delivery_robot_main_controller-22] [0m[INFO] [1775545142.113844478] [main_controller_node]: Current state: STANDBY, dock_state IDLE, charge_state NOT_CHARGE[0m
[controller_server-11] [INFO] [1775545142.124867282] [controller_server]: Optimizer reset
[controller_server-11] [INFO] [1775545142.126340139] [controller_server]: Optimizer reset
[controller_server-11] [WARN] [1775545142.126487717] [controller_server]: Optimizer fail to compute path
[controller_server-11] [INFO] [1775545142.223206301] [controller_server]: Passing new path to controller.
[controller_server-11] [INFO] [1775545142.225528748] [controller_server]: Optimizer reset
[controller_server-11] [INFO] [1775545142.227584040] [controller_server]: Optimizer reset
[controller_server-11] [WARN] [1775545142.228656455] [controller_server]: Optimizer fail to compute path
[delivery_robot_main_controller-22] [0m[INFO] [1775545142.244985627] [main_controller_node]: No pending queue found or unexpected format.[0m
[localization_monitor-21] [WARN] [1775545142.264409257] [localization_monitor]: No pose update for 10.5s
[controller_server-11] [INFO] [1775545142.324869893] [controller_server]: Optimizer reset
[controller_server-11] [INFO] [1775545142.326368415] [controller_server]: Optimizer reset
[controller_server-11] [WARN] [1775545142.326515993] [controller_server]: Optimizer fail to compute path
[controller_server-11] [INFO] [1775545142.423154955] [controller_server]: Passing new path to controller.
[controller_server-11] [INFO] [1775545142.425865012] [controller_server]: Optimizer reset
[controller_server-11] [INFO] [1775545142.427330578] [controller_server]: Optimizer reset
[controller_server-11] [WARN] [1775545142.427455698] [controller_server]: Optimizer fail to compute path
[localization_monitor-1] [WARN] [1775545142.433124593] [localization_monitor]: No pose update for 10.6s
[controller_server-11] [INFO] [1775545142.524911002] [controller_server]: Optimizer reset
[controller_server-11] [INFO] [1775545142.526687763] [controller_server]: Optimizer reset
[controller_server-11] [WARN] [1775545142.526834757] [controller_server]: Optimizer fail to compute path
[controller_server-11] [INFO] [1775545142.623164857] [controller_server]: Passing new path to controller.
[controller_server-11] [INFO] [1775545142.645575033] [controller_server]: Optimizer reset
[controller_server-11] [INFO] [1775545142.647022516] [controller_server]: Optimizer reset
[controller_server-11] [WARN] [1775545142.647195467] [controller_server]: Optimizer fail to compute path
[controller_server-11] [ERROR] [1775545142.647313296] [controller_server]: Controller patience exceeded
[controller_server-11] [INFO] [1775545142.650790989] [controller_server]: Optimizer reset
[controller_server-11] [WARN] [1775545142.650915525] [controller_server]: [follow_path] [ActionServer] Aborting handle.
[controller_server-11] [INFO] [1775545142.667438356] [local_costmap.local_costmap]: Received request to clear entirely the local_costmap
[controller_server-11] [INFO] [1775545142.671662102] [local_costmap.local_costmap]: KeepoutFilter: Subscribing to "/keepout_costmap_filter_info" topic for filter info...
[planner_server-13] [INFO] [1775545142.680191257] [global_costmap.global_costmap]: Received request to clear entirely the global_costmap
[controller_server-11] [INFO] [1775545142.688436631] [local_costmap.local_costmap]: KeepoutFilter: Received filter info from /keepout_costmap_filter_info topic.
[controller_server-11] [INFO] [1775545142.688802950] [local_costmap.local_costmap]: KeepoutFilter: Subscribing to "/keepout_filter_mask" topic for filter mask...
[planner_server-13] [INFO] [1775545142.689469964] [global_costmap.global_costmap]: KeepoutFilter: Subscribing to "/keepout_costmap_filter_info" topic for filter info...
[planner_server-13] [INFO] [1775545142.701643346] [global_costmap.global_costmap]: KeepoutFilter: Received filter info from /keepout_costmap_filter_info topic.
[planner_server-13] [INFO] [1775545142.701768175] [global_costmap.global_costmap]: KeepoutFilter: Subscribing to "/keepout_filter_mask" topic for filter mask...
[controller_server-11] [WARN] [1775545142.702545726] [local_costmap.local_costmap]: KeepoutFilter: New filter mask arrived from /keepout_filter_mask topic. Updating old filter mask.
[planner_server-13] [WARN] [1775545142.712913765] [global_costmap.global_costmap]: KeepoutFilter: New filter mask arrived from /keepout_filter_mask topic. Updating old filter mask.
[planner_server-13] [WARN] [1775545142.954134207] [planner_server]: Planner loop missed its desired rate of 5.0000 Hz. Current loop rate is 4.0965 Hz
[controller_server-11] [INFO] [1775545142.968079101] [controller_server]: Received a goal, begin computing control effort.
[controller_server-11] [INFO] [1775545142.975175063] [controller_server]: Optimizer reset
[controller_server-11] [INFO] [1775545142.980658758] [controller_server]: Optimizer reset
[controller_server-11] [WARN] [1775545142.980970829] [controller_server]: Optimizer fail to compute path
[controller_server-11] [INFO] [1775545143.070193883] [controller_server]: Optimizer reset
[controller_server-11] [INFO] [1775545143.071713113] [controller_server]: Optimizer reset
[controller_server-11] [WARN] [1775545143.071841441] [controller_server]: Optimizer fail to compute path
[delivery_robot_main_controller-22] [0m[INFO] [1775545143.123212070] [main_controller_node]: Current state: STANDBY, dock_state IDLE, charge_state NOT_CHARGE[0m
[controller_server-11] [INFO] [1775545143.176004515] [controller_server]: Optimizer reset
[controller_server-11] [INFO] [1775545143.181795031] [controller_server]: Optimizer reset
[controller_server-11] [WARN] [1775545143.182173307] [controller_server]: Optimizer fail to compute path
[localization_monitor-21] [WARN] [1775545143.264014577] [localization_monitor]: No pose update for 11.5s
[controller_server-11] [INFO] [1775545143.268520936] [controller_server]: Passing new path to controller.
[controller_server-11] [INFO] [1775545143.276164044] [controller_server]: Optimizer reset
[controller_server-11] [INFO] [1775545143.281498994] [controller_server]: Optimizer reset
[controller_server-11] [WARN] [1775545143.281823314] [controller_server]: Optimizer fail to compute path
[controller_server-11] [INFO] [1775545143.374941128] [controller_server]: Optimizer reset
[controller_server-11] [INFO] [1775545143.380116543] [controller_server]: Optimizer reset
[controller_server-11] [WARN] [1775545143.382407492] [controller_server]: Optimizer fail to compute path
[localization_monitor-1] [WARN] [1775545143.433158062] [localization_monitor]: No pose update for 11.6s
[controller_server-11] [INFO] [1775545143.468484757] [controller_server]: Passing new path to controller.
[controller_server-11] [INFO] [1775545143.470673043] [controller_server]: Optimizer reset
[controller_server-11] [INFO] [1775545143.474814251] [controller_server]: Optimizer reset
[controller_server-11] [WARN] [1775545143.475572845] [controller_server]: Optimizer fail to compute path
[controller_server-11] [INFO] [1775545143.570192681] [controller_server]: Optimizer reset
[controller_server-11] [INFO] [1775545143.572121394] [controller_server]: Optimizer reset
[controller_server-11] [WARN] [1775545143.572312428] [controller_server]: Optimizer fail to compute path
[controller_server-11] [INFO] [1775545143.668487951] [controller_server]: Passing new path to controller.
[controller_server-11] [INFO] [1775545143.670745068] [controller_server]: Optimizer reset
[controller_server-11] [INFO] [1775545143.672180010] [controller_server]: Optimizer reset
[controller_server-11] [WARN] [1775545143.672292297] [controller_server]: Optimizer fail to compute path
[controller_server-11] [INFO] [1775545143.776218839] [controller_server]: Optimizer reset
[controller_server-11] [INFO] [1775545143.781390463] [controller_server]: Optimizer reset
[controller_server-11] [WARN] [1775545143.781732282] [controller_server]: Optimizer fail to compute path
[controller_server-11] [INFO] [1775545143.870164660] [controller_server]: Optimizer reset
[controller_server-11] [INFO] [1775545143.873598896] [controller_server]: Optimizer reset
[controller_server-11] [WARN] [1775545143.876430573] [controller_server]: Optimizer fail to compute path
[controller_server-11] [INFO] [1775545143.968662339] [controller_server]: Passing new path to controller.
[controller_server-11] [INFO] [1775545143.975510978] [controller_server]: Optimizer reset
[controller_server-11] [INFO] [1775545143.976988502] [controller_server]: Optimizer reset
[controller_server-11] [WARN] [1775545143.977215118] [controller_server]: Optimizer fail to compute path
[controller_server-11] [ERROR] [1775545143.977338196] [controller_server]: Controller patience exceeded
[controller_server-11] [INFO] [1775545143.981603648] [controller_server]: Optimizer reset
[controller_server-11] [WARN] [1775545143.982184042] [controller_server]: [follow_path] [ActionServer] Aborting handle.
[controller_server-11] [INFO] [1775545144.007501725] [local_costmap.local_costmap]: Received request to clear entirely the local_costmap
[controller_server-11] [INFO] [1775545144.020930681] [local_costmap.local_costmap]: KeepoutFilter: Subscribing to "/keepout_costmap_filter_info" topic for filter info...
[controller_server-11] [INFO] [1775545144.033070523] [local_costmap.local_costmap]: KeepoutFilter: Received filter info from /keepout_costmap_filter_info topic.
[controller_server-11] [INFO] [1775545144.033193601] [local_costmap.local_costmap]: KeepoutFilter: Subscribing to "/keepout_filter_mask" topic for filter mask...
[controller_server-11] [INFO] [1775545144.034574879] [controller_server]: Received a goal, begin computing control effort.
[controller_server-11] [WARN] [1775545144.040241733] [local_costmap.local_costmap]: KeepoutFilter: New filter mask arrived from /keepout_filter_mask topic. Updating old filter mask.
[controller_server-11] [INFO] [1775545144.086698852] [controller_server]: Optimizer reset
[controller_server-11] [INFO] [1775545144.088380534] [controller_server]: Optimizer reset
[controller_server-11] [WARN] [1775545144.088541819] [controller_server]: Optimizer fail to compute path
[delivery_robot_main_controller-22] [0m[INFO] [1775545144.110132153] [main_controller_node]: Current state: STANDBY, dock_state IDLE, charge_state NOT_CHARGE[0m
[controller_server-11] [INFO] [1775545144.134986980] [controller_server]: Passing new path to controller.
[controller_server-11] [INFO] [1775545144.136998815] [controller_server]: Optimizer reset
[controller_server-11] [INFO] [1775545144.138478380] [controller_server]: Optimizer reset
[controller_server-11] [WARN] [1775545144.138603208] [controller_server]: Optimizer fail to compute path
[delivery_robot_main_controller-22] [0m[INFO] [1775545144.209825033] [main_controller_node]: No pending queue found or unexpected format.[0m
[controller_server-11] [INFO] [1775545144.236721444] [controller_server]: Optimizer reset
[controller_server-11] [INFO] [1775545144.238239508] [controller_server]: Optimizer reset
[controller_server-11] [WARN] [1775545144.238382419] [controller_server]: Optimizer fail to compute path
[localization_monitor-21] [WARN] [1775545144.263941884] [localization_monitor]: No pose update for 12.5s
[controller_server-11] [INFO] [1775545144.334988132] [controller_server]: Passing new path to controller.
[controller_server-11] [INFO] [1775545144.337003467] [controller_server]: Optimizer reset
[controller_server-11] [INFO] [1775545144.338447742] [controller_server]: Optimizer reset
[controller_server-11] [WARN] [1775545144.338570529] [controller_server]: Optimizer fail to compute path
[localization_monitor-1] [WARN] [1775545144.433173157] [localization_monitor]: No pose update for 12.6s
[controller_server-11] [INFO] [1775545144.436691389] [controller_server]: Optimizer reset
[controller_server-11] [INFO] [1775545144.438259909] [controller_server]: Optimizer reset
[controller_server-11] [WARN] [1775545144.438430527] [controller_server]: Optimizer fail to compute path
[controller_server-11] [INFO] [1775545144.536675341] [controller_server]: Optimizer reset
[controller_server-11] [INFO] [1775545144.538330191] [controller_server]: Optimizer reset
[controller_server-11] [WARN] [1775545144.538478352] [controller_server]: Optimizer fail to compute path
[controller_server-11] [INFO] [1775545144.634986944] [controller_server]: Passing new path to controller.
[controller_server-11] [INFO] [1775545144.637487301] [controller_server]: Optimizer reset
[controller_server-11] [INFO] [1775545144.639056404] [controller_server]: Optimizer reset
[controller_server-11] [WARN] [1775545144.639187649] [controller_server]: Optimizer fail to compute path
[controller_server-11] [INFO] [1775545144.736648786] [controller_server]: Optimizer reset
[controller_server-11] [INFO] [1775545144.738130393] [controller_server]: Optimizer reset
[controller_server-11] [WARN] [1775545144.738315011] [controller_server]: Optimizer fail to compute path
[controller_server-11] [INFO] [1775545144.834988680] [controller_server]: Passing new path to controller.
[controller_server-11] [INFO] [1775545144.837122718] [controller_server]: Optimizer reset
[controller_server-11] [INFO] [1775545144.838587409] [controller_server]: Optimizer reset
[controller_server-11] [WARN] [1775545144.838730903] [controller_server]: Optimizer fail to compute path
[controller_server-11] [INFO] [1775545144.936671813] [controller_server]: Optimizer reset
[controller_server-11] [INFO] [1775545144.938172669] [controller_server]: Optimizer reset
[controller_server-11] [WARN] [1775545144.938309163] [controller_server]: Optimizer fail to compute path
[controller_server-11] [INFO] [1775545145.034988082] [controller_server]: Passing new path to controller.
[controller_server-11] [INFO] [1775545145.037066998] [controller_server]: Optimizer reset
[controller_server-11] [INFO] [1775545145.038534897] [controller_server]: Optimizer reset
[controller_server-11] [WARN] [1775545145.038674308] [controller_server]: Optimizer fail to compute path
[controller_server-11] [ERROR] [1775545145.038748388] [controller_server]: Controller patience exceeded
[controller_server-11] [INFO] [1775545145.039308949] [controller_server]: Optimizer reset
[controller_server-11] [WARN] [1775545145.039353281] [controller_server]: [follow_path] [ActionServer] Aborting handle.
[bt_navigator-15] [WARN] [1775545145.077175374] [bt_navigator]: [navigate_to_pose] [ActionServer] Aborting handle.
[bt_navigator-15] [ERROR] [1775545145.077632689] [bt_navigator]: Goal failed
[delivery_robot_main_controller-22] [0m[INFO] [1775545145.103150156] [main_controller_node]: Current state: STANDBY, dock_state IDLE, charge_state NOT_CHARGE[0m
[localization_monitor-21] [WARN] [1775545145.264150054] [localization_monitor]: No pose update for 13.5s
[localization_monitor-1] [WARN] [1775545145.433194085] [localization_monitor]: No pose update for 13.6s
[delivery_robot_main_controller-22] [0m[INFO] [1775545146.174191083] [main_controller_node]: Current state: STANDBY, dock_state IDLE, charge_state NOT_CHARGE[0m
[delivery_robot_main_controller-22] [0m[INFO] [1775545146.252828816] [main_controller_node]: No pending queue found or unexpected format.[0m
[localization_monitor-21] [WARN] [1775545146.264149691] [localization_monitor]: No pose update for 14.5s
[localization_monitor-1] [WARN] [1775545146.433148224] [localization_monitor]: No pose update for 14.6s
[delivery_robot_main_controller-22] [0m[INFO] [1775545147.127513402] [main_controller_node]: Current state: STANDBY, dock_state IDLE, charge_state NOT_CHARGE[0m
[localization_monitor-21] [WARN] [1775545147.263923879] [localization_monitor]: No pose update for 15.5s
[localization_monitor-1] [WARN] [1775545147.433160985] [localization_monitor]: No pose update for 15.6s
[delivery_robot_main_controller-22] [0m[INFO] [1775545148.152270745] [main_controller_node]: Current state: STANDBY, dock_state IDLE, charge_state NOT_CHARGE[0m
[delivery_robot_main_controller-22] [0m[INFO] [1775545148.253567144] [main_controller_node]: No pending queue found or unexpected format.[0m
[localization_monitor-21] [WARN] [1775545148.263913016] [localization_monitor]: No pose update for 16.5s
[localization_monitor-1] [WARN] [1775545148.433144873] [localization_monitor]: No pose update for 16.6s
[delivery_robot_main_controller-22] [0m[INFO] [1775545149.104694475] [main_controller_node]: Current state: STANDBY, dock_state IDLE, charge_state NOT_CHARGE[0m
[localization_monitor-21] [WARN] [1775545149.261902568] [localization_monitor]: No pose update for 17.5s
[localization_monitor-1] [WARN] [1775545149.435303923] [localization_monitor]: No pose update for 17.6s
[delivery_robot_main_controller-22] [0m[INFO] [1775545150.122613386] [main_controller_node]: Current state: STANDBY, dock_state IDLE, charge_state NOT_CHARGE[0m
[delivery_robot_main_controller-22] [0m[INFO] [1775545150.225546261] [main_controller_node]: No pending queue found or unexpected format.[0m
[localization_monitor-21] [WARN] [1775545150.262024409] [localization_monitor]: No pose update for 18.5s
[localization_monitor-1] [WARN] [1775545150.435369765] [localization_monitor]: No pose update for 18.6s
[delivery_robot_main_controller-22] [0m[INFO] [1775545151.151497062] [main_controller_node]: Current state: STANDBY, dock_state IDLE, charge_state NOT_CHARGE[0m
[localization_monitor-21] [WARN] [1775545151.262094335] [localization_monitor]: No pose update for 19.5s
[localization_monitor-1] [WARN] [1775545151.433236822] [localization_monitor]: No pose update for 19.6s
[delivery_robot_main_controller-22] [0m[INFO] [1775545152.159540249] [main_controller_node]: Current state: STANDBY, dock_state IDLE, charge_state NOT_CHARGE[0m
[localization_monitor-21] [WARN] [1775545152.261928895] [localization_monitor]: No pose update for 20.5s
[delivery_robot_main_controller-22] [0m[INFO] [1775545152.266887319] [main_controller_node]: No pending queue found or unexpected format.[0m
[localization_monitor-1] [WARN] [1775545152.435363498] [localization_monitor]: No pose update for 20.6s
[delivery_robot_main_controller-22] [0m[INFO] [1775545153.134507149] [main_controller_node]: Current state: STANDBY, dock_state IDLE, charge_state NOT_CHARGE[0m
[localization_monitor-21] [WARN] [1775545153.261968489] [localization_monitor]: No pose update for 21.5s
[localization_monitor-1] [WARN] [1775545153.433167557] [localization_monitor]: No pose update for 21.6s
[delivery_robot_main_controller-22] [0m[INFO] [1775545154.155258030] [main_controller_node]: Current state: STANDBY, dock_state IDLE, charge_state NOT_CHARGE[0m
[delivery_robot_main_controller-22] [0m[INFO] [1775545154.226092828] [main_controller_node]: No pending queue found or unexpected format.[0m
[localization_monitor-21] [WARN] [1775545154.261913586] [localization_monitor]: No pose update for 22.5s
[localization_monitor-1] [WARN] [1775545154.433114405] [localization_monitor]: No pose update for 22.6s
[delivery_robot_main_controller-22] [0m[INFO] [1775545155.125915438] [main_controller_node]: Current state: STANDBY, dock_state IDLE, charge_state NOT_CHARGE[0m
[localization_monitor-21] [WARN] [1775545155.261922556] [localization_monitor]: No pose update for 23.5s
[localization_monitor-1] [WARN] [1775545155.435234664] [localization_monitor]: No pose update for 23.6s
[delivery_robot_main_controller-22] [0m[INFO] [1775545156.172429650] [main_controller_node]: Current state: STANDBY, dock_state IDLE, charge_state NOT_CHARGE[0m
[localization_monitor-21] [WARN] [1775545156.261917819] [localization_monitor]: No pose update for 24.5s
[delivery_robot_main_controller-22] [0m[INFO] [1775545156.295153348] [main_controller_node]: No pending queue found or unexpected format.[0m
[localization_monitor-1] [WARN] [1775545156.435186178] [localization_monitor]: No pose update for 24.6s
[delivery_robot_main_controller-22] [0m[INFO] [1775545157.139956727] [main_controller_node]: Current state: STANDBY, dock_state IDLE, charge_state NOT_CHARGE[0m
[localization_monitor-21] [WARN] [1775545157.261897623] [localization_monitor]: No pose update for 25.5s
[localization_monitor-1] [WARN] [1775545157.433297058] [localization_monitor]: No pose update for 25.6s
[delivery_robot_main_controller-22] [0m[INFO] [1775545158.204543332] [main_controller_node]: Current state: STANDBY, dock_state IDLE, charge_state NOT_CHARGE[0m
[localization_monitor-21] [WARN] [1775545158.261970757] [localization_monitor]: No pose update for 26.5s
[delivery_robot_main_controller-22] [0m[INFO] [1775545158.318429596] [main_controller_node]: No pending queue found or unexpected format.[0m
[localization_monitor-1] [WARN] [1775545158.433201033] [localization_monitor]: No pose update for 26.6s
[delivery_robot_main_controller-22] [0m[INFO] [1775545159.111744810] [main_controller_node]: Current state: STANDBY, dock_state IDLE, charge_state NOT_CHARGE[0m
[localization_monitor-21] [WARN] [1775545159.261973602] [localization_monitor]: No pose update for 27.5s
[localization_monitor-1] [WARN] [1775545159.433175296] [localization_monitor]: No pose update for 27.6s
[delivery_robot_main_controller-22] [0m[INFO] [1775545160.115117144] [main_controller_node]: Current state: STANDBY, dock_state IDLE, charge_state NOT_CHARGE[0m
[delivery_robot_main_controller-22] [0m[INFO] [1775545160.176835978] [main_controller_node]: No pending queue found or unexpected format.[0m
[localization_monitor-21] [WARN] [1775545160.261914034] [localization_monitor]: No pose update for 28.5s
[localization_monitor-1] [WARN] [1775545160.435877698] [localization_monitor]: No pose update for 28.6s
[delivery_robot_main_controller-22] [0m[INFO] [1775545161.168970850] [main_controller_node]: Current state: STANDBY, dock_state IDLE, charge_state NOT_CHARGE[0m
[localization_monitor-21] [WARN] [1775545161.261941669] [localization_monitor]: No pose update for 29.5s
[localization_monitor-1] [WARN] [1775545161.435390564] [localization_monitor]: No pose update for 29.6s
[delivery_robot_main_controller-22] [0m[INFO] [1775545162.161776820] [main_controller_node]: Current state: STANDBY, dock_state IDLE, charge_state NOT_CHARGE[0m
[delivery_robot_main_controller-22] [0m[INFO] [1775545162.251247490] [main_controller_node]: No pending queue found or unexpected format.[0m
[localization_monitor-21] [WARN] [1775545162.261991471] [localization_monitor]: No pose update for 30.5s
[localization_monitor-1] [WARN] [1775545162.433154083] [localization_monitor]: No pose update for 30.6s
[delivery_robot_main_controller-22] [0m[INFO] [1775545163.149240548] [main_controller_node]: Current state: STANDBY, dock_state IDLE, charge_state NOT_CHARGE[0m
[localization_monitor-21] [WARN] [1775545163.261929569] [localization_monitor]: No pose update for 31.5s
[localization_monitor-1] [WARN] [1775545163.435390713] [localization_monitor]: No pose update for 31.6s
[delivery_robot_main_controller-22] [0m[INFO] [1775545164.106128348] [main_controller_node]: Current state: STANDBY, dock_state IDLE, charge_state NOT_CHARGE[0m
[delivery_robot_main_controller-22] [0m[INFO] [1775545164.221915326] [main_controller_node]: No pending queue found or unexpected format.[0m
[localization_monitor-21] [WARN] [1775545164.264415855] [localization_monitor]: No pose update for 32.5s
[localization_monitor-1] [WARN] [1775545164.433130025] [localization_monitor]: No pose update for 32.6s
[delivery_robot_main_controller-22] [0m[INFO] [1775545165.129829900] [main_controller_node]: Current state: STANDBY, dock_state IDLE, charge_state NOT_CHARGE[0m
[localization_monitor-21] [WARN] [1775545165.264269082] [localization_monitor]: No pose update for 33.5s
[localization_monitor-1] [WARN] [1775545165.433201117] [localization_monitor]: No pose update for 33.6s
[delivery_robot_main_controller-22] [0m[INFO] [1775545166.131943451] [main_controller_node]: Current state: STANDBY, dock_state IDLE, charge_state NOT_CHARGE[0m
[delivery_robot_main_controller-22] [0m[INFO] [1775545166.243629471] [main_controller_node]: No pending queue found or unexpected format.[0m
[localization_monitor-21] [WARN] [1775545166.264194347] [localization_monitor]: No pose update for 34.5s
[localization_monitor-1] [WARN] [1775545166.435766734] [localization_monitor]: No pose update for 34.6s
[delivery_robot_main_controller-22] [0m[INFO] [1775545167.152864950] [main_controller_node]: Current state: STANDBY, dock_state IDLE, charge_state NOT_CHARGE[0m
[localization_monitor-21] [WARN] [1775545167.264649257] [localization_monitor]: No pose update for 35.5s
[localization_monitor-1] [WARN] [1775545167.433115520] [localization_monitor]: No pose update for 35.6s
[delivery_robot_main_controller-22] [0m[INFO] [1775545168.153867005] [main_controller_node]: Current state: STANDBY, dock_state IDLE, charge_state NOT_CHARGE[0m
[delivery_robot_main_controller-22] [0m[INFO] [1775545168.229530441] [main_controller_node]: No pending queue found or unexpected format.[0m
[localization_monitor-21] [WARN] [1775545168.261977044] [localization_monitor]: No pose update for 36.5s
[localization_monitor-1] [WARN] [1775545168.435548141] [localization_monitor]: No pose update for 36.6s
[delivery_robot_main_controller-22] [0m[INFO] [1775545169.099000821] [main_controller_node]: Current state: STANDBY, dock_state IDLE, charge_state NOT_CHARGE[0m
[localization_monitor-21] [WARN] [1775545169.264117136] [localization_monitor]: No pose update for 37.5s
[localization_monitor-1] [WARN] [1775545169.433177791] [localization_monitor]: No pose update for 37.6s
[delivery_robot_main_controller-22] [0m[INFO] [1775545170.133021998] [main_controller_node]: Current state: STANDBY, dock_state IDLE, charge_state NOT_CHARGE[0m
[delivery_robot_main_controller-22] [0m[INFO] [1775545170.205182368] [main_controller_node]: No pending queue found or unexpected format.[0m
[localization_monitor-21] [WARN] [1775545170.262007234] [localization_monitor]: No pose update for 38.5s
[localization_monitor-1] [WARN] [1775545170.435192180] [localization_monitor]: No pose update for 38.6s
[delivery_robot_main_controller-22] [0m[INFO] [1775545171.097093256] [main_controller_node]: Current state: STANDBY, dock_state IDLE, charge_state NOT_CHARGE[0m
[localization_monitor-21] [WARN] [1775545171.263957750] [localization_monitor]: No pose update for 39.5s
[localization_monitor-1] [WARN] [1775545171.433171232] [localization_monitor]: No pose update for 39.6s
[delivery_robot_main_controller-22] [0m[INFO] [1775545172.153104917] [main_controller_node]: Current state: STANDBY, dock_state IDLE, charge_state NOT_CHARGE[0m
[delivery_robot_main_controller-22] [0m[INFO] [1775545172.238950899] [main_controller_node]: No pending queue found or unexpected format.[0m
[localization_monitor-21] [WARN] [1775545172.261960135] [localization_monitor]: No pose update for 40.5s
[localization_monitor-1] [WARN] [1775545172.433113122] [localization_monitor]: No pose update for 40.6s
[delivery_robot_main_controller-22] [0m[INFO] [1775545173.140148079] [main_controller_node]: Current state: STANDBY, dock_state IDLE, charge_state NOT_CHARGE[0m
[localization_monitor-21] [WARN] [1775545173.263547832] [localization_monitor]: No pose update for 41.5s
[localization_monitor-1] [WARN] [1775545173.433159423] [localization_monitor]: No pose update for 41.6s
[delivery_robot_main_controller-22] [0m[INFO] [1775545174.107442415] [main_controller_node]: Current state: STANDBY, dock_state IDLE, charge_state NOT_CHARGE[0m
[delivery_robot_main_controller-22] [0m[INFO] [1775545174.208587736] [main_controller_node]: No pending queue found or unexpected format.[0m
[localization_monitor-21] [WARN] [1775545174.263992826] [localization_monitor]: No pose update for 42.5s
[localization_monitor-1] [WARN] [1775545174.433112687] [localization_monitor]: No pose update for 42.6s
[delivery_robot_main_controller-22] [0m[INFO] [1775545175.105241516] [main_controller_node]: Current state: STANDBY, dock_state IDLE, charge_state NOT_CHARGE[0m
[localization_monitor-21] [WARN] [1775545175.264087543] [localization_monitor]: No pose update for 43.5s
[localization_monitor-1] [WARN] [1775545175.435455771] [localization_monitor]: No pose update for 43.6s
[delivery_robot_main_controller-22] [0m[INFO] [1775545176.094198808] [main_controller_node]: Current state: STANDBY, dock_state IDLE, charge_state NOT_CHARGE[0m
[delivery_robot_main_controller-22] [0m[INFO] [1775545176.204143649] [main_controller_node]: No pending queue found or unexpected format.[0m
[localization_monitor-21] [WARN] [1775545176.264124803] [localization_monitor]: No pose update for 44.5s
[localization_monitor-1] [WARN] [1775545176.433175542] [localization_monitor]: No pose update for 44.6s
[delivery_robot_main_controller-22] [0m[INFO] [1775545177.153293261] [main_controller_node]: Current state: STANDBY, dock_state IDLE, charge_state NOT_CHARGE[0m
[localization_monitor-21] [WARN] [1775545177.264116857] [localization_monitor]: No pose update for 45.5s
[localization_monitor-1] [WARN] [1775545177.433151264] [localization_monitor]: No pose update for 45.6s
[delivery_robot_main_controller-22] [0m[INFO] [1775545178.159587685] [main_controller_node]: Current state: STANDBY, dock_state IDLE, charge_state NOT_CHARGE[0m
[delivery_robot_main_controller-22] [0m[INFO] [1775545178.258791752] [main_controller_node]: No pending queue found or unexpected format.[0m
[localization_monitor-21] [WARN] [1775545178.263900378] [localization_monitor]: No pose update for 46.5s
[localization_monitor-1] [WARN] [1775545178.433159067] [localization_monitor]: No pose update for 46.6s
[delivery_robot_main_controller-22] [0m[INFO] [1775545179.099064564] [main_controller_node]: Current state: STANDBY, dock_state IDLE, charge_state NOT_CHARGE[0m
[localization_monitor-21] [WARN] [1775545179.263998886] [localization_monitor]: No pose update for 47.5s
[localization_monitor-1] [WARN] [1775545179.433208577] [localization_monitor]: No pose update for 47.6s
[delivery_robot_main_controller-22] [0m[INFO] [1775545180.112758563] [main_controller_node]: Current state: STANDBY, dock_state IDLE, charge_state NOT_CHARGE[0m
[delivery_robot_main_controller-22] [0m[INFO] [1775545180.197294724] [main_controller_node]: No pending queue found or unexpected format.[0m
[localization_monitor-21] [WARN] [1775545180.263920068] [localization_monitor]: No pose update for 48.5s
[localization_monitor-1] [WARN] [1775545180.434743485] [localization_monitor]: No pose update for 48.6s
[delivery_robot_main_controller-22] [0m[INFO] [1775545181.124882293] [main_controller_node]: Current state: STANDBY, dock_state IDLE, charge_state NOT_CHARGE[0m
[localization_monitor-21] [WARN] [1775545181.264019451] [localization_monitor]: No pose update for 49.5s
[localization_monitor-1] [WARN] [1775545181.433146895] [localization_monitor]: No pose update for 49.6s
[delivery_robot_main_controller-22] [0m[INFO] [1775545182.096430999] [main_controller_node]: Current state: STANDBY, dock_state IDLE, charge_state NOT_CHARGE[0m
[delivery_robot_main_controller-22] [0m[INFO] [1775545182.180658297] [main_controller_node]: No pending queue found or unexpected format.[0m
[localization_monitor-21] [WARN] [1775545182.264016172] [localization_monitor]: No pose update for 50.5s
[localization_monitor-1] [WARN] [1775545182.433176573] [localization_monitor]: No pose update for 50.6s
[delivery_robot_main_controller-22] [0m[INFO] [1775545183.161587498] [main_controller_node]: Current state: STANDBY, dock_state IDLE, charge_state NOT_CHARGE[0m
[localization_monitor-21] [WARN] [1775545183.264098930] [localization_monitor]: No pose update for 51.5s
[localization_monitor-1] [WARN] [1775545183.433135962] [localization_monitor]: No pose update for 51.6s
[delivery_robot_main_controller-22] [0m[INFO] [1775545184.140549195] [main_controller_node]: Current state: STANDBY, dock_state IDLE, charge_state NOT_CHARGE[0m
[delivery_robot_main_controller-22] [0m[INFO] [1775545184.252355668] [main_controller_node]: No pending queue found or unexpected format.[0m
[localization_monitor-21] [WARN] [1775545184.263883910] [localization_monitor]: No pose update for 52.5s
[localization_monitor-1] [WARN] [1775545184.433133849] [localization_monitor]: No pose update for 52.6s
[delivery_robot_main_controller-22] [0m[INFO] [1775545185.107149684] [main_controller_node]: Current state: STANDBY, dock_state IDLE, charge_state NOT_CHARGE[0m
[localization_monitor-21] [WARN] [1775545185.263057580] [localization_monitor]: No pose update for 53.5s
[localization_monitor-1] [WARN] [1775545185.433159151] [localization_monitor]: No pose update for 53.6s
[delivery_robot_main_controller-22] [0m[INFO] [1775545186.163080557] [main_controller_node]: Current state: STANDBY, dock_state IDLE, charge_state NOT_CHARGE[0m
[localization_monitor-21] [WARN] [1775545186.261940179] [localization_monitor]: No pose update for 54.5s
[delivery_robot_main_controller-22] [0m[INFO] [1775545186.275687914] [main_controller_node]: No pending queue found or unexpected format.[0m
[localization_monitor-1] [WARN] [1775545186.433147705] [localization_monitor]: No pose update for 54.6s
[delivery_robot_main_controller-22] [0m[INFO] [1775545187.163351433] [main_controller_node]: Current state: STANDBY, dock_state IDLE, charge_state NOT_CHARGE[0m
[localization_monitor-21] [WARN] [1775545187.261942149] [localization_monitor]: No pose update for 55.5s
[localization_monitor-1] [WARN] [1775545187.433129843] [localization_monitor]: No pose update for 55.6s
[delivery_robot_main_controller-22] [0m[INFO] [1775545188.110346299] [main_controller_node]: Current state: STANDBY, dock_state IDLE, charge_state NOT_CHARGE[0m
[delivery_robot_main_controller-22] [0m[INFO] [1775545188.202858929] [main_controller_node]: No pending queue found or unexpected format.[0m
[localization_monitor-21] [WARN] [1775545188.264107615] [localization_monitor]: No pose update for 56.5s
[localization_monitor-1] [WARN] [1775545188.433167979] [localization_monitor]: No pose update for 56.6s
[delivery_robot_main_controller-22] [0m[INFO] [1775545189.095563993] [main_controller_node]: Current state: STANDBY, dock_state IDLE, charge_state NOT_CHARGE[0m
[localization_monitor-21] [WARN] [1775545189.264678896] [localization_monitor]: No pose update for 57.5s
[localization_monitor-1] [WARN] [1775545189.433238196] [localization_monitor]: No pose update for 57.6s
[delivery_robot_main_controller-22] [0m[INFO] [1775545190.134285187] [main_controller_node]: Current state: STANDBY, dock_state IDLE, charge_state NOT_CHARGE[0m
[delivery_robot_main_controller-22] [0m[INFO] [1775545190.263360253] [main_controller_node]: No pending queue found or unexpected format.[0m
[localization_monitor-21] [WARN] [1775545190.267015272] [localization_monitor]: No pose update for 58.5s
[localization_monitor-1] [WARN] [1775545190.433378703] [localization_monitor]: No pose update for 58.6s
[delivery_robot_main_controller-22] [0m[INFO] [1775545191.154948571] [main_controller_node]: Current state: STANDBY, dock_state IDLE, charge_state NOT_CHARGE[0m
[localization_monitor-21] [WARN] [1775545191.261966655] [localization_monitor]: No pose update for 59.5s
[localization_monitor-1] [WARN] [1775545191.433208597] [localization_monitor]: No pose update for 59.6s
[delivery_robot_main_controller-22] [0m[INFO] [1775545192.107563627] [main_controller_node]: Current state: STANDBY, dock_state IDLE, charge_state NOT_CHARGE[0m
[delivery_robot_main_controller-22] [0m[INFO] [1775545192.229332738] [main_controller_node]: No pending queue found or unexpected format.[0m
[localization_monitor-21] [WARN] [1775545192.262025498] [localization_monitor]: No pose update for 60.5s
[localization_monitor-1] [WARN] [1775545192.435491891] [localization_monitor]: No pose update for 60.7s
[delivery_robot_main_controller-22] [0m[INFO] [1775545193.101940450] [main_controller_node]: Current state: STANDBY, dock_state IDLE, charge_state NOT_CHARGE[0m
[localization_monitor-21] [WARN] [1775545193.262133339] [localization_monitor]: No pose update for 61.5s
[localization_monitor-1] [WARN] [1775545193.433205246] [localization_monitor]: No pose update for 61.6s
[delivery_robot_main_controller-22] [0m[INFO] [1775545194.148420830] [main_controller_node]: Current state: STANDBY, dock_state IDLE, charge_state NOT_CHARGE[0m
[delivery_robot_main_controller-22] [0m[INFO] [1775545194.231476259] [main_controller_node]: No pending queue found or unexpected format.[0m
[localization_monitor-21] [WARN] [1775545194.261904902] [localization_monitor]: No pose update for 62.5s
[localization_monitor-1] [WARN] [1775545194.436255593] [localization_monitor]: No pose update for 62.6s
[delivery_robot_main_controller-22] [0m[INFO] [1775545195.156529055] [main_controller_node]: Current state: STANDBY, dock_state IDLE, charge_state NOT_CHARGE[0m
[localization_monitor-21] [WARN] [1775545195.261924955] [localization_monitor]: No pose update for 63.5s
[localization_monitor-1] [WARN] [1775545195.435741626] [localization_monitor]: No pose update for 63.6s
[delivery_robot_main_controller-22] [0m[INFO] [1775545196.174737872] [main_controller_node]: Current state: STANDBY, dock_state IDLE, charge_state NOT_CHARGE[0m
[delivery_robot_main_controller-22] [0m[INFO] [1775545196.255084410] [main_controller_node]: No pending queue found or unexpected format.[0m
[localization_monitor-21] [WARN] [1775545196.261921092] [localization_monitor]: No pose update for 64.5s
[localization_monitor-1] [WARN] [1775545196.435448441] [localization_monitor]: No pose update for 64.6s
[delivery_robot_main_controller-22] [0m[INFO] [1775545197.100034783] [main_controller_node]: Current state: STANDBY, dock_state IDLE, charge_state NOT_CHARGE[0m
[localization_monitor-21] [WARN] [1775545197.262050807] [localization_monitor]: No pose update for 65.5s
[localization_monitor-1] [WARN] [1775545197.435588656] [localization_monitor]: No pose update for 65.6s
[delivery_robot_main_controller-22] [0m[INFO] [1775545198.188399718] [main_controller_node]: Current state: STANDBY, dock_state IDLE, charge_state NOT_CHARGE[0m
[localization_monitor-21] [WARN] [1775545198.261924449] [localization_monitor]: No pose update for 66.5s
[delivery_robot_main_controller-22] [0m[INFO] [1775545198.276264827] [main_controller_node]: No pending queue found or unexpected format.[0m
[localization_monitor-1] [WARN] [1775545198.433203139] [localization_monitor]: No pose update for 66.6s
[delivery_robot_main_controller-22] [0m[INFO] [1775545199.161124959] [main_controller_node]: Current state: STANDBY, dock_state IDLE, charge_state NOT_CHARGE[0m
[localization_monitor-21] [WARN] [1775545199.261923503] [localization_monitor]: No pose update for 67.5s
[localization_monitor-1] [WARN] [1775545199.433466724] [localization_monitor]: No pose update for 67.6s
[delivery_robot_main_controller-22] [0m[INFO] [1775545200.195459956] [main_controller_node]: Current state: STANDBY, dock_state IDLE, charge_state NOT_CHARGE[0m
[localization_monitor-21] [WARN] [1775545200.267887190] [localization_monitor]: No pose update for 68.5s
[delivery_robot_main_controller-22] [0m[INFO] [1775545200.306997815] [main_controller_node]: No pending queue found or unexpected format.[0m
[localization_monitor-1] [WARN] [1775545200.433553858] [localization_monitor]: No pose update for 68.6s
[delivery_robot_main_controller-22] [0m[INFO] [1775545201.101716180] [main_controller_node]: Current state: STANDBY, dock_state IDLE, charge_state NOT_CHARGE[0m
[localization_monitor-21] [WARN] [1775545201.263954153] [localization_monitor]: No pose update for 69.5s
[localization_monitor-1] [WARN] [1775545201.433164136] [localization_monitor]: No pose update for 69.6s
[bash-29] 4
[bash-29] Queue empty: current state-> STANDBY : queue_action-> 
[bash-29] queue action->Idle :  current state-> STANDBY : previous state-> 
[bash-29] Auu
[bash-29] queue action->Request :  current state-> DOCK : previous state-> STANDBY
[bash-29] queue action->Request :  current state-> STANDBY : previous state-> DOCK
[bash-29] queue action->Request :  current state-> MOVE : previous state-> STANDBY
[bash-29] Queue empty: current state-> AFTER_MOVE : queue_action-> Request
[bash-29] queue action->Request :  current state-> AFTER_MOVE : previous state-> MOVE
[bash-29] Queue empty: current state-> STANDBY : queue_action-> Request
[bash-29] queue action->Idle :  current state-> STANDBY : previous state-> AFTER_MOVE
[delivery_robot_main_controller-22] [0m[INFO] [1775545202.207914642] [main_controller_node]: Current state: STANDBY, dock_state IDLE, charge_state NOT_CHARGE[0m
[INFO] [bash-29]: process has finished cleanly [pid 43554]
[INFO] [battery_manager_node-28]: sending signal 'SIGINT' to process[battery_manager_node-28]
[INFO] [autodock_action_server-27]: sending signal 'SIGINT' to process[autodock_action_server-27]
[INFO] [dock_coordinates-26]: sending signal 'SIGINT' to process[dock_coordinates-26]
[INFO] [rpc_run_node-25]: sending signal 'SIGINT' to process[rpc_run_node-25]
[INFO] [call_robot_button-24]: sending signal 'SIGINT' to process[call_robot_button-24]
[INFO] [robot_sound-23]: sending signal 'SIGINT' to process[robot_sound-23]
[INFO] [delivery_robot_main_controller-22]: sending signal 'SIGINT' to process[delivery_robot_main_controller-22]
[INFO] [localization_monitor-21]: sending signal 'SIGINT' to process[localization_monitor-21]
[INFO] [dock_coordinates-26]: process has finished cleanly [pid 43383]
[INFO] [lifecycle_manager-20]: sending signal 'SIGINT' to process[lifecycle_manager-20]
[INFO] [collision_detector-19]: sending signal 'SIGINT' to process[collision_detector-19]
[INFO] [collision_monitor-18]: sending signal 'SIGINT' to process[collision_monitor-18]
[INFO] [velocity_smoother-17]: sending signal 'SIGINT' to process[velocity_smoother-17]
[INFO] [waypoint_follower-16]: sending signal 'SIGINT' to process[waypoint_follower-16]
[INFO] [bt_navigator-15]: sending signal 'SIGINT' to process[bt_navigator-15]
[INFO] [behavior_server-14]: sending signal 'SIGINT' to process[behavior_server-14]
[INFO] [planner_server-13]: sending signal 'SIGINT' to process[planner_server-13]
[INFO] [smoother_server-12]: sending signal 'SIGINT' to process[smoother_server-12]
[INFO] [controller_server-11]: sending signal 'SIGINT' to process[controller_server-11]
[INFO] [costmap_filter_info_server-10]: sending signal 'SIGINT' to process[costmap_filter_info_server-10]
[INFO] [map_server-9]: sending signal 'SIGINT' to process[map_server-9]
[INFO] [localization_slam_toolbox_node-8]: sending signal 'SIGINT' to process[localization_slam_toolbox_node-8]
[INFO] [robot_hardware-7]: sending signal 'SIGINT' to process[robot_hardware-7]
[INFO] [ekf_node-6]: sending signal 'SIGINT' to process[ekf_node-6]
[INFO] [scan_to_scan_filter_chain-5]: sending signal 'SIGINT' to process[scan_to_scan_filter_chain-5]
[INFO] [sllidar_node-4]: sending signal 'SIGINT' to process[sllidar_node-4]
[INFO] [joint_state_publisher-3]: sending signal 'SIGINT' to process[joint_state_publisher-3]
[INFO] [robot_state_publisher-2]: sending signal 'SIGINT' to process[robot_state_publisher-2]
[INFO] [localization_monitor-1]: sending signal 'SIGINT' to process[localization_monitor-1]
[delivery_robot_main_controller-22] [0m[INFO] [1775545202.335292277] [main_controller_node]: No pending queue found or unexpected format.[0m
[delivery_robot_main_controller-22] [0m[INFO] [1775545203.103768704] [main_controller_node]: Current state: STANDBY, dock_state IDLE, charge_state NOT_CHARGE[0m
[localization_monitor-21] [WARN] [1775545202.264775382] [localization_monitor]: No pose update for 70.5s
[localization_monitor-21] [WARN] [1775545203.265231751] [localization_monitor]: No pose update for 71.5s
[localization_monitor-1] [WARN] [1775545202.433155023] [localization_monitor]: No pose update for 70.6s
[localization_monitor-1] [WARN] [1775545203.437079751] [localization_monitor]: No pose update for 71.7s
[battery_manager_node-28] Traceback (most recent call last):
[battery_manager_node-28]   File "/home/smr/workspaces/mini_amr/amrROS2_ws/install/battery_management/lib/battery_management/battery_manager_node", line 33, in <module>
[battery_manager_node-28]     sys.exit(load_entry_point('battery-management==0.0.0', 'console_scripts', 'battery_manager_node')())
[battery_manager_node-28]              ^^^^^^^^^^^^^^^^^^^^^^^^^^^^^^^^^^^^^^^^^^^^^^^^^^^^^^^^^^^^^^^^^^^^^^^^^^^^^^^^^^^^^^^^^^
[battery_manager_node-28]   File "/home/smr/workspaces/mini_amr/amrROS2_ws/install/battery_management/lib/python3.12/site-packages/battery_management/battery_manager_node.py", line 311, in main
[battery_manager_node-28]     rclpy.spin(node)
[battery_manager_node-28]   File "/opt/ros/jazzy/lib/python3.12/site-packages/rclpy/__init__.py", line 247, in spin
[battery_manager_node-28]     executor.spin_once()
[battery_manager_node-28]   File "/opt/ros/jazzy/lib/python3.12/site-packages/rclpy/executors.py", line 923, in spin_once
[battery_manager_node-28]     self._spin_once_impl(timeout_sec)
[battery_manager_node-28]   File "/opt/ros/jazzy/lib/python3.12/site-packages/rclpy/executors.py", line 904, in _spin_once_impl
[battery_manager_node-28]     handler, entity, node = self.wait_for_ready_callbacks(
[battery_manager_node-28]                             ^^^^^^^^^^^^^^^^^^^^^^^^^^^^^^
[battery_manager_node-28]   File "/opt/ros/jazzy/lib/python3.12/site-packages/rclpy/executors.py", line 874, in wait_for_ready_callbacks
[battery_manager_node-28]     return next(self._cb_iter)
[battery_manager_node-28]            ^^^^^^^^^^^^^^^^^^^
[battery_manager_node-28]   File "/opt/ros/jazzy/lib/python3.12/site-packages/rclpy/executors.py", line 778, in _wait_for_ready_callbacks
[battery_manager_node-28]     wait_set.wait(timeout_nsec)
[battery_manager_node-28] KeyboardInterrupt
[dock_coordinates-26] [INFO] [1775545203.594233013] [rclcpp]: signal_handler(SIGINT/SIGTERM)
[rpc_run_node-25] [0m[INFO] [1775545203.610866965] [rpc_run_node]: RPC run node stopped by user.[0m
[rpc_run_node-25] Failed to publish log message to rosout: publisher's context is invalid, at ./src/rcl/publisher.c:423
[call_robot_button-24] [0m[INFO] [1775545203.615448279] [call_robot_button_node]: CallRobotButton interrupted by user.[0m
[call_robot_button-24] Failed to publish log message to rosout: publisher's context is invalid, at ./src/rcl/publisher.c:423
[rpc_run_node-25] 2026-04-07 14:00:03,631 [INFO] RPCServer stopped.
[robot_sound-23] [0m[INFO] [1775545203.639682173] [robot_sound_node]: 🔚 robot_sound_node stopped by user.[0m
[robot_sound-23] Failed to publish log message to rosout: publisher's context is invalid, at ./src/rcl/publisher.c:423
[delivery_robot_main_controller-22] [0m[INFO] [1775545203.652820350] [main_controller_node]: Node stopped by user.[0m
[delivery_robot_main_controller-22] Failed to publish log message to rosout: publisher's context is invalid, at ./src/rcl/publisher.c:423
[localization_monitor-21] Traceback (most recent call last):
[localization_monitor-21]   File "/home/smr/workspaces/mini_amr/amrROS2_ws/install/localization_monitor/lib/localization_monitor/localization_monitor", line 33, in <module>
[localization_monitor-21]     sys.exit(load_entry_point('localization-monitor', 'console_scripts', 'localization_monitor')())
[localization_monitor-21]              ^^^^^^^^^^^^^^^^^^^^^^^^^^^^^^^^^^^^^^^^^^^^^^^^^^^^^^^^^^^^^^^^^^^^^^^^^^^^^^^^^^^^^
[localization_monitor-21]   File "/home/smr/workspaces/mini_amr/amrROS2_ws/build/localization_monitor/localization_monitor/localization_monitor.py", line 114, in main
[localization_monitor-21]     rclpy.spin(node)
[localization_monitor-21]   File "/opt/ros/jazzy/lib/python3.12/site-packages/rclpy/__init__.py", line 247, in spin
[localization_monitor-21]     executor.spin_once()
[localization_monitor-21]   File "/opt/ros/jazzy/lib/python3.12/site-packages/rclpy/executors.py", line 923, in spin_once
[localization_monitor-21]     self._spin_once_impl(timeout_sec)
[localization_monitor-21]   File "/opt/ros/jazzy/lib/python3.12/site-packages/rclpy/executors.py", line 904, in _spin_once_impl
[localization_monitor-21]     handler, entity, node = self.wait_for_ready_callbacks(
[localization_monitor-21]                             ^^^^^^^^^^^^^^^^^^^^^^^^^^^^^^
[localization_monitor-21]   File "/opt/ros/jazzy/lib/python3.12/site-packages/rclpy/executors.py", line 874, in wait_for_ready_callbacks
[localization_monitor-21]     return next(self._cb_iter)
[localization_monitor-21]            ^^^^^^^^^^^^^^^^^^^
[localization_monitor-21]   File "/opt/ros/jazzy/lib/python3.12/site-packages/rclpy/executors.py", line 778, in _wait_for_ready_callbacks
[localization_monitor-21]     wait_set.wait(timeout_nsec)
[localization_monitor-21] KeyboardInterrupt
[lifecycle_manager-20] [INFO] [1775545203.807391883] [rclcpp]: signal_handler(SIGINT/SIGTERM)
[lifecycle_manager-20] [INFO] [1775545203.807512045] [lifecycle_manager_navigation]: Running Nav2 LifecycleManager rcl preshutdown (lifecycle_manager_navigation)
[lifecycle_manager-20] [INFO] [1775545203.807605083] [lifecycle_manager_navigation]: [34m[1mTerminating bond timer...[0m[0m
[collision_detector-19] [INFO] [1775545204.019240639] [rclcpp]: signal_handler(SIGINT/SIGTERM)
[collision_detector-19] [INFO] [1775545204.019363717] [collision_detector]: Running Nav2 LifecycleNode rcl preshutdown (collision_detector)
[collision_detector-19] [INFO] [1775545204.019544543] [collision_detector]: Deactivating
[collision_detector-19] [INFO] [1775545204.019653914] [collision_detector]: Destroying bond (collision_detector) to lifecycle manager.
[collision_monitor-18] [INFO] [1775545204.029960122] [rclcpp]: signal_handler(SIGINT/SIGTERM)
[collision_monitor-18] [INFO] [1775545204.030614012] [collision_monitor]: Running Nav2 LifecycleNode rcl preshutdown (collision_monitor)
[collision_monitor-18] [INFO] [1775545204.030936582] [collision_monitor]: Deactivating
[collision_monitor-18] [INFO] [1775545204.031096701] [collision_monitor]: Destroying bond (collision_monitor) to lifecycle manager.
[velocity_smoother-17] [INFO] [1775545204.054012898] [rclcpp]: signal_handler(SIGINT/SIGTERM)
[velocity_smoother-17] [INFO] [1775545204.054164558] [velocity_smoother]: Running Nav2 LifecycleNode rcl preshutdown (velocity_smoother)
[velocity_smoother-17] [INFO] [1775545204.054377466] [velocity_smoother]: Deactivating
[velocity_smoother-17] [INFO] [1775545204.054473421] [velocity_smoother]: Destroying bond (velocity_smoother) to lifecycle manager.
[waypoint_follower-16] [INFO] [1775545204.072813845] [rclcpp]: signal_handler(SIGINT/SIGTERM)
[waypoint_follower-16] [INFO] [1775545204.072984755] [waypoint_follower]: Running Nav2 LifecycleNode rcl preshutdown (waypoint_follower)
[waypoint_follower-16] [INFO] [1775545204.074903552] [waypoint_follower]: Deactivating
[waypoint_follower-16] [INFO] [1775545204.075050838] [waypoint_follower]: Destroying bond (waypoint_follower) to lifecycle manager.
[bt_navigator-15] [INFO] [1775545204.089874196] [rclcpp]: signal_handler(SIGINT/SIGTERM)
[bt_navigator-15] [INFO] [1775545204.089939818] [bt_navigator]: Running Nav2 LifecycleNode rcl preshutdown (bt_navigator)
[bt_navigator-15] [INFO] [1775545204.090272596] [bt_navigator]: Deactivating
[bt_navigator-15] [INFO] [1775545204.090376134] [bt_navigator]: Destroying bond (bt_navigator) to lifecycle manager.
[behavior_server-14] [INFO] [1775545204.112475114] [rclcpp]: signal_handler(SIGINT/SIGTERM)
[behavior_server-14] [INFO] [1775545204.112547444] [behavior_server]: Running Nav2 LifecycleNode rcl preshutdown (behavior_server)
[behavior_server-14] [INFO] [1775545204.112807892] [behavior_server]: Deactivating
[behavior_server-14] [INFO] [1775545204.112905305] [behavior_server]: Destroying bond (behavior_server) to lifecycle manager.
[planner_server-13] [INFO] [1775545204.141110371] [rclcpp]: signal_handler(SIGINT/SIGTERM)
[planner_server-13] [INFO] [1775545204.141197576] [planner_server]: Running Nav2 LifecycleNode rcl preshutdown (planner_server)
[planner_server-13] [INFO] [1775545204.141411067] [planner_server]: Deactivating
[planner_server-13] [INFO] [1775545204.141516063] [global_costmap.global_costmap]: Deactivating
[delivery_robot_main_controller-22] Traceback (most recent call last):
[delivery_robot_main_controller-22]   File "/home/smr/workspaces/mini_amr/amrROS2_ws/install/delivery_robot_main_controller/lib/delivery_robot_main_controller/delivery_robot_main_controller", line 33, in <module>
[delivery_robot_main_controller-22]     sys.exit(load_entry_point('delivery-robot-main-controller==0.0.1', 'console_scripts', 'delivery_robot_main_controller')())
[delivery_robot_main_controller-22]              ^^^^^^^^^^^^^^^^^^^^^^^^^^^^^^^^^^^^^^^^^^^^^^^^^^^^^^^^^^^^^^^^^^^^^^^^^^^^^^^^^^^^^^^^^^^^^^^^^^^^^^^^^^^^^^^^
[delivery_robot_main_controller-22]   File "/home/smr/workspaces/mini_amr/amrROS2_ws/install/delivery_robot_main_controller/lib/python3.12/site-packages/delivery_robot_main_controller/main_controller_node.py", line 1931, in main
[delivery_robot_main_controller-22]     rclpy.shutdown()
[delivery_robot_main_controller-22]   File "/opt/ros/jazzy/lib/python3.12/site-packages/rclpy/__init__.py", line 134, in shutdown
[delivery_robot_main_controller-22]     _shutdown(context=context)
[delivery_robot_main_controller-22]   File "/opt/ros/jazzy/lib/python3.12/site-packages/rclpy/utilities.py", line 82, in shutdown
[delivery_robot_main_controller-22]     context.shutdown()
[delivery_robot_main_controller-22]   File "/opt/ros/jazzy/lib/python3.12/site-packages/rclpy/context.py", line 129, in shutdown
[delivery_robot_main_controller-22]     self.__context.shutdown()
[delivery_robot_main_controller-22] rclpy._rclpy_pybind11.RCLError: failed to shutdown: rcl_shutdown already called on the given context, at ./src/rcl/init.c:333
[collision_monitor-18] [INFO] [1775545204.156509748] [collision_monitor]: Cleaning up
[collision_monitor-18] [INFO] [1775545204.156691449] [collision_monitor]: [PolygonStop]: Destroying Polygon
[collision_monitor-18] [INFO] [1775545204.156783320] [collision_monitor]: [PolygonSlow]: Destroying Polygon
[collision_monitor-18] [INFO] [1775545204.156864692] [collision_monitor]: [FootprintApproach]: Destroying Polygon
[collision_monitor-18] [INFO] [1775545204.156948688] [collision_monitor]: [scan]: Destroying Scan
[collision_monitor-18] [INFO] [1775545204.167621215] [collision_monitor]: Destroying bond (collision_monitor) to lifecycle manager.
[smoother_server-12] [INFO] [1775545204.168741169] [rclcpp]: signal_handler(SIGINT/SIGTERM)
[smoother_server-12] [INFO] [1775545204.168956411] [smoother_server]: Running Nav2 LifecycleNode rcl preshutdown (smoother_server)
[smoother_server-12] [INFO] [1775545204.169609717] [smoother_server]: Deactivating
[smoother_server-12] [INFO] [1775545204.169973119] [smoother_server]: Destroying bond (smoother_server) to lifecycle manager.
[waypoint_follower-16] [INFO] [1775545204.175765093] [waypoint_follower]: Cleaning up
[controller_server-11] [INFO] [1775545204.184480907] [rclcpp]: signal_handler(SIGINT/SIGTERM)
[controller_server-11] [INFO] [1775545204.184571320] [controller_server]: Running Nav2 LifecycleNode rcl preshutdown (controller_server)
[controller_server-11] [INFO] [1775545204.184742521] [controller_server]: Deactivating
[controller_server-11] [INFO] [1775545204.184798811] [MPPIController]: Deactivated MPPI Controller: FollowPath
[controller_server-11] [INFO] [1775545204.184818935] [local_costmap.local_costmap]: Deactivating
[costmap_filter_info_server-10] [INFO] [1775545204.199113815] [rclcpp]: signal_handler(SIGINT/SIGTERM)
[costmap_filter_info_server-10] [INFO] [1775545204.199290557] [keepout_costmap_filter_info_server]: Running Nav2 LifecycleNode rcl preshutdown (keepout_costmap_filter_info_server)
[costmap_filter_info_server-10] [INFO] [1775545204.199441926] [keepout_costmap_filter_info_server]: Deactivating
[costmap_filter_info_server-10] [INFO] [1775545204.199485966] [keepout_costmap_filter_info_server]: Destroying bond (keepout_costmap_filter_info_server) to lifecycle manager.
[behavior_server-14] [INFO] [1775545204.213381570] [behavior_server]: Cleaning up
[behavior_server-14] [INFO] [1775545204.224882105] [behavior_server]: Destroying bond (behavior_server) to lifecycle manager.
[map_server-9] [INFO] [1775545204.227552205] [rclcpp]: signal_handler(SIGINT/SIGTERM)
[map_server-9] [INFO] [1775545204.227745280] [keepout_filter_mask_server]: Running Nav2 LifecycleNode rcl preshutdown (keepout_filter_mask_server)
[map_server-9] [INFO] [1775545204.228015353] [keepout_filter_mask_server]: Deactivating
[map_server-9] [INFO] [1775545204.228073392] [keepout_filter_mask_server]: Destroying bond (keepout_filter_mask_server) to lifecycle manager.
[localization_slam_toolbox_node-8] [INFO] [1775545204.250579814] [rclcpp]: signal_handler(SIGINT/SIGTERM)
[localization_slam_toolbox_node-8] Unregistering sensor: Custom Described Lidar
[controller_server-11] [INFO] [1775545204.275131320] [controller_server]: Destroying bond (controller_server) to lifecycle manager.
[smoother_server-12] [INFO] [1775545204.277462809] [smoother_server]: Cleaning up
[robot_hardware-7] [INFO] [1775545204.281445648] [rclcpp]: signal_handler(SIGINT/SIGTERM)
[costmap_filter_info_server-10] [INFO] [1775545204.301191265] [keepout_costmap_filter_info_server]: Cleaning up
[costmap_filter_info_server-10] [INFO] [1775545204.301290719] [keepout_costmap_filter_info_server]: Destroying bond (keepout_costmap_filter_info_server) to lifecycle manager.
[collision_detector-19] [INFO] [1775545204.331422458] [collision_detector]: Cleaning up
[collision_detector-19] [INFO] [1775545204.331603284] [collision_monitor]: [PolygonStop]: Destroying Polygon
[collision_detector-19] [INFO] [1775545204.331656073] [collision_monitor]: [PolygonSlow]: Destroying Polygon
[collision_detector-19] [INFO] [1775545204.331679114] [collision_monitor]: [scan]: Destroying Scan
[collision_detector-19] [INFO] [1775545204.342449053] [collision_detector]: Destroying bond (collision_detector) to lifecycle manager.
[ekf_node-6] [INFO] [1775545204.355859635] [rclcpp]: signal_handler(SIGINT/SIGTERM)
[collision_monitor-18] [INFO] [1775545204.362290916] [collision_monitor]: Destroying
[controller_server-11] [INFO] [1775545204.379551634] [controller_server]: Cleaning up
[controller_server-11] [INFO] [1775545204.381209692] [MPPIController]: Cleaned up MPPI Controller: FollowPath
[controller_server-11] [INFO] [1775545204.381633175] [local_costmap.local_costmap]: Cleaning up
[scan_to_scan_filter_chain-5] [INFO] [1775545204.388061539] [rclcpp]: signal_handler(SIGINT/SIGTERM)
[bt_navigator-15] [INFO] [1775545204.413837121] [bt_navigator]: Cleaning up
[velocity_smoother-17] [INFO] [1775545204.415809874] [velocity_smoother]: Cleaning up
[velocity_smoother-17] [INFO] [1775545204.415919537] [velocity_smoother]: Destroying bond (velocity_smoother) to lifecycle manager.
[velocity_smoother-17] [INFO] [1775545204.431245708] [velocity_smoother]: Destroying
[planner_server-13] [INFO] [1775545204.419119865] [planner_server]: Deactivating plugin GridBased of type SmacPlanner2D
[planner_server-13] [INFO] [1775545204.419223403] [planner_server]: Destroying bond (planner_server) to lifecycle manager.
[ERROR] [rpc_run_node-25]: process has died [pid 43382, exit code 1, cmd '/home/smr/workspaces/mini_amr/amrROS2_ws/install/delivery_robot_main_controller/lib/delivery_robot_main_controller/rpc_run_node --ros-args -r __node:=rpc_run_node -r __ns:=/ -r /tf:=tf -r /tf_static:=tf_static'].
[localization_monitor-1] [WARN] [1775545204.435584657] [localization_monitor]: No pose update for 72.6s
[costmap_filter_info_server-10] [INFO] [1775545204.450675463] [keepout_costmap_filter_info_server]: Destroying
[robot_state_publisher-2] [INFO] [1775545204.509037350] [rclcpp]: signal_handler(SIGINT/SIGTERM)
[planner_server-13] [INFO] [1775545204.520055779] [planner_server]: Cleaning up
[collision_detector-19] [INFO] [1775545204.534893719] [collision_detector]: Destroying
[smoother_server-12] [INFO] [1775545204.581125098] [smoother_server]: Destroying bond (smoother_server) to lifecycle manager.
[smoother_server-12] [INFO] [1775545204.614354502] [smoother_server]: Destroying
[localization_monitor-1] Traceback (most recent call last):
[localization_monitor-1]   File "/home/smr/workspaces/mini_amr/amrROS2_ws/install/localization_monitor/lib/localization_monitor/localization_monitor", line 33, in <module>
[localization_monitor-1]     sys.exit(load_entry_point('localization-monitor', 'console_scripts', 'localization_monitor')())
[localization_monitor-1]              ^^^^^^^^^^^^^^^^^^^^^^^^^^^^^^^^^^^^^^^^^^^^^^^^^^^^^^^^^^^^^^^^^^^^^^^^^^^^^^^^^^^^^
[localization_monitor-1]   File "/home/smr/workspaces/mini_amr/amrROS2_ws/build/localization_monitor/localization_monitor/localization_monitor.py", line 114, in main
[localization_monitor-1]     rclpy.spin(node)
[localization_monitor-1]   File "/opt/ros/jazzy/lib/python3.12/site-packages/rclpy/__init__.py", line 247, in spin
[localization_monitor-1]     executor.spin_once()
[localization_monitor-1]   File "/opt/ros/jazzy/lib/python3.12/site-packages/rclpy/executors.py", line 923, in spin_once
[localization_monitor-1]     self._spin_once_impl(timeout_sec)
[localization_monitor-1]   File "/opt/ros/jazzy/lib/python3.12/site-packages/rclpy/executors.py", line 904, in _spin_once_impl
[localization_monitor-1]     handler, entity, node = self.wait_for_ready_callbacks(
[localization_monitor-1]                             ^^^^^^^^^^^^^^^^^^^^^^^^^^^^^^
[localization_monitor-1]   File "/opt/ros/jazzy/lib/python3.12/site-packages/rclpy/executors.py", line 874, in wait_for_ready_callbacks
[map_server-9] [INFO] [1775545204.646802855] [keepout_filter_mask_server]: Cleaning up
[map_server-9] [INFO] [1775545204.647053095] [keepout_filter_mask_server]: Destroying bond (keepout_filter_mask_server) to lifecycle manager.
[localization_monitor-1]     return next(self._cb_iter)
[localization_monitor-1]            ^^^^^^^^^^^^^^^^^^^
[localization_monitor-1]   File "/opt/ros/jazzy/lib/python3.12/site-packages/rclpy/executors.py", line 778, in _wait_for_ready_callbacks
[localization_monitor-1]     wait_set.wait(timeout_nsec)
[localization_monitor-1] KeyboardInterrupt
[planner_server-13] [INFO] [1775545204.656156226] [global_costmap.global_costmap]: Cleaning up
[waypoint_follower-16] [INFO] [1775545204.697012114] [waypoint_follower]: Destroying bond (waypoint_follower) to lifecycle manager.
[sllidar_node-4] [INFO] [1775545204.708151871] [sllidar_node]: Stop motor
[map_server-9] [INFO] [1775545204.752812980] [keepout_filter_mask_server]: Destroying
[behavior_server-14] [INFO] [1775545204.786279500] [behavior_server]: Destroying
[waypoint_follower-16] [INFO] [1775545204.813655975] [waypoint_follower]: Destroying
[planner_server-13] [INFO] [1775545204.890787602] [planner_server]: Cleaning up plugin GridBased of type SmacPlanner2D
[planner_server-13] [INFO] [1775545204.893235169] [planner_server]: Destroying plugin GridBased of type SmacPlanner2D
[lifecycle_manager-20] [INFO] [1775545204.961408034] [lifecycle_manager_navigation]: Destroying lifecycle_manager_navigation
[controller_server-11] [INFO] [1775545205.124474307] [controller_server]: Destroying bond (controller_server) to lifecycle manager.
[controller_server-11] [INFO] [1775545205.161188987] [local_costmap.local_costmap]: Destroying
[planner_server-13] [INFO] [1775545205.198714468] [planner_server]: Destroying bond (planner_server) to lifecycle manager.
[planner_server-13] [INFO] [1775545205.209981678] [global_costmap.global_costmap]: Destroying
[call_robot_button-24] Traceback (most recent call last):
[call_robot_button-24]   File "/home/smr/workspaces/mini_amr/amrROS2_ws/install/delivery_robot_main_controller/lib/delivery_robot_main_controller/call_robot_button", line 33, in <module>
[call_robot_button-24]     sys.exit(load_entry_point('delivery-robot-main-controller==0.0.1', 'console_scripts', 'call_robot_button')())
[call_robot_button-24]              ^^^^^^^^^^^^^^^^^^^^^^^^^^^^^^^^^^^^^^^^^^^^^^^^^^^^^^^^^^^^^^^^^^^^^^^^^^^^^^^^^^^^^^^^^^^^^^^^^^^
[call_robot_button-24]   File "/home/smr/workspaces/mini_amr/amrROS2_ws/install/delivery_robot_main_controller/lib/python3.12/site-packages/delivery_robot_main_controller/call_button.py", line 251, in main
[call_robot_button-24]     rclpy.shutdown()
[call_robot_button-24]   File "/opt/ros/jazzy/lib/python3.12/site-packages/rclpy/__init__.py", line 134, in shutdown
[call_robot_button-24]     _shutdown(context=context)
[call_robot_button-24]   File "/opt/ros/jazzy/lib/python3.12/site-packages/rclpy/utilities.py", line 82, in shutdown
[call_robot_button-24]     context.shutdown()
[call_robot_button-24]   File "/opt/ros/jazzy/lib/python3.12/site-packages/rclpy/context.py", line 129, in shutdown
[call_robot_button-24]     self.__context.shutdown()
[call_robot_button-24] rclpy._rclpy_pybind11.RCLError: failed to shutdown: rcl_shutdown already called on the given context, at ./src/rcl/init.c:333
[rpc_run_node-25] Traceback (most recent call last):
[rpc_run_node-25]   File "/home/smr/workspaces/mini_amr/amrROS2_ws/install/delivery_robot_main_controller/lib/delivery_robot_main_controller/rpc_run_node", line 33, in <module>
[ERROR] [battery_manager_node-28]: process has died [pid 43385, exit code -2, cmd '/home/smr/workspaces/mini_amr/amrROS2_ws/install/battery_management/lib/battery_management/battery_manager_node --ros-args -r __node:=battery_manager -r __ns:=/ --params-file /home/smr/workspaces/mini_amr/amrROS2_ws/install/battery_management/share/battery_management/config/battery_manager.yaml -r /tf:=tf -r /tf_static:=tf_static'].
[rpc_run_node-25]     sys.exit(load_entry_point('delivery-robot-main-controller==0.0.1', 'console_scripts', 'rpc_run_node')())
[rpc_run_node-25]              ^^^^^^^^^^^^^^^^^^^^^^^^^^^^^^^^^^^^^^^^^^^^^^^^^^^^^^^^^^^^^^^^^^^^^^^^^^^^^^^^^^^^^^^^^^^^^^
[rpc_run_node-25]   File "/home/smr/workspaces/mini_amr/amrROS2_ws/install/delivery_robot_main_controller/lib/python3.12/site-packages/delivery_robot_main_controller/rpc_run_node.py", line 57, in main
[rpc_run_node-25]     rclpy.shutdown()
[rpc_run_node-25]   File "/opt/ros/jazzy/lib/python3.12/site-packages/rclpy/__init__.py", line 134, in shutdown
[rpc_run_node-25]     _shutdown(context=context)
[rpc_run_node-25]   File "/opt/ros/jazzy/lib/python3.12/site-packages/rclpy/utilities.py", line 82, in shutdown
[rpc_run_node-25]     context.shutdown()
[rpc_run_node-25]   File "/opt/ros/jazzy/lib/python3.12/site-packages/rclpy/context.py", line 129, in shutdown
[rpc_run_node-25]     self.__context.shutdown()
[rpc_run_node-25] rclpy._rclpy_pybind11.RCLError: failed to shutdown: rcl_shutdown already called on the given context, at ./src/rcl/init.c:333
[controller_server-11] [INFO] [1775545205.396217888] [controller_server]: Destroying
[INFO] [joint_state_publisher-3]: process has finished cleanly [pid 43066]
[planner_server-13] [INFO] [1775545205.548457057] [planner_server]: Destroying
[robot_sound-23] Traceback (most recent call last):
[robot_sound-23]   File "/home/smr/workspaces/mini_amr/amrROS2_ws/install/delivery_robot_main_controller/lib/delivery_robot_main_controller/robot_sound", line 33, in <module>
[robot_sound-23]     sys.exit(load_entry_point('delivery-robot-main-controller==0.0.1', 'console_scripts', 'robot_sound')())
[robot_sound-23]              ^^^^^^^^^^^^^^^^^^^^^^^^^^^^^^^^^^^^^^^^^^^^^^^^^^^^^^^^^^^^^^^^^^^^^^^^^^^^^^^^^^^^^^^^^^^^^
[robot_sound-23]   File "/home/smr/workspaces/mini_amr/amrROS2_ws/install/delivery_robot_main_controller/lib/python3.12/site-packages/delivery_robot_main_controller/robot_sound.py", line 150, in main
[robot_sound-23]     rclpy.shutdown()
[robot_sound-23]   File "/opt/ros/jazzy/lib/python3.12/site-packages/rclpy/__init__.py", line 134, in shutdown
[autodock_action_server-27] Traceback (most recent call last):
[autodock_action_server-27]   File "/home/smr/workspaces/mini_amr/amrROS2_ws/install/action_autodock/lib/python3.12/site-packages/action_autodock/autodock_action_server.py", line 1409, in main
[INFO] [robot_hardware-7]: process has finished cleanly [pid 43070]
[INFO] [velocity_smoother-17]: process has finished cleanly [pid 43122]
[robot_sound-23]     _shutdown(context=context)
[robot_sound-23]   File "/opt/ros/jazzy/lib/python3.12/site-packages/rclpy/utilities.py", line 82, in shutdown
[robot_sound-23]     context.shutdown()
[robot_sound-23]   File "/opt/ros/jazzy/lib/python3.12/site-packages/rclpy/context.py", line 129, in shutdown
[robot_sound-23]     self.__context.shutdown()
[robot_sound-23] rclpy._rclpy_pybind11.RCLError: failed to shutdown: rcl_shutdown already called on the given context, at ./src/rcl/init.c:333
[autodock_action_server-27]     executor.spin()
[autodock_action_server-27]   File "/opt/ros/jazzy/lib/python3.12/site-packages/rclpy/executors.py", line 359, in spin
[autodock_action_server-27]     self._spin_once_impl()
[autodock_action_server-27]   File "/opt/ros/jazzy/lib/python3.12/site-packages/rclpy/executors.py", line 988, in _spin_once_impl
[autodock_action_server-27]     handler, entity, node = self.wait_for_ready_callbacks(
[autodock_action_server-27]                             ^^^^^^^^^^^^^^^^^^^^^^^^^^^^^^
[autodock_action_server-27]   File "/opt/ros/jazzy/lib/python3.12/site-packages/rclpy/executors.py", line 874, in wait_for_ready_callbacks
[autodock_action_server-27]     return next(self._cb_iter)
[autodock_action_server-27]            ^^^^^^^^^^^^^^^^^^^
[autodock_action_server-27]   File "/opt/ros/jazzy/lib/python3.12/site-packages/rclpy/executors.py", line 778, in _wait_for_ready_callbacks
[autodock_action_server-27]     wait_set.wait(timeout_nsec)
[autodock_action_server-27] KeyboardInterrupt
[autodock_action_server-27] 
[autodock_action_server-27] During handling of the above exception, another exception occurred:
[autodock_action_server-27] 
[autodock_action_server-27] Traceback (most recent call last):
[autodock_action_server-27]   File "/home/smr/workspaces/mini_amr/amrROS2_ws/install/action_autodock/lib/action_autodock/autodock_action_server", line 33, in <module>
[autodock_action_server-27]     sys.exit(load_entry_point('action-autodock==0.0.0', 'console_scripts', 'autodock_action_server')())
[autodock_action_server-27]              ^^^^^^^^^^^^^^^^^^^^^^^^^^^^^^^^^^^^^^^^^^^^^^^^^^^^^^^^^^^^^^^^^^^^^^^^^^^^^^^^^^^^^^^^^
[autodock_action_server-27]   File "/home/smr/workspaces/mini_amr/amrROS2_ws/install/action_autodock/lib/python3.12/site-packages/action_autodock/autodock_action_server.py", line 1420, in main
[autodock_action_server-27]     rclpy.shutdown()   
[autodock_action_server-27]     ^^^^^^^^^^^^^^^^
[autodock_action_server-27]   File "/opt/ros/jazzy/lib/python3.12/site-packages/rclpy/__init__.py", line 134, in shutdown
[ERROR] [localization_monitor-21]: process has died [pid 43127, exit code -2, cmd '/home/smr/workspaces/mini_amr/amrROS2_ws/install/localization_monitor/lib/localization_monitor/localization_monitor --ros-args -r __node:=localization_monitor --params-file /tmp/launch_params_2p5y_mj5 -r /tf:=tf -r /tf_static:=tf_static -r /tf:=tf -r /tf_static:=tf_static'].
[autodock_action_server-27]     _shutdown(context=context)
[autodock_action_server-27]   File "/opt/ros/jazzy/lib/python3.12/site-packages/rclpy/utilities.py", line 82, in shutdown
[autodock_action_server-27]     context.shutdown()
[autodock_action_server-27]   File "/opt/ros/jazzy/lib/python3.12/site-packages/rclpy/context.py", line 129, in shutdown
[autodock_action_server-27]     self.__context.shutdown()
[autodock_action_server-27] rclpy._rclpy_pybind11.RCLError: failed to shutdown: rcl_shutdown already called on the given context, at ./src/rcl/init.c:333
[ERROR] [robot_sound-23]: process has died [pid 43380, exit code 1, cmd '/home/smr/workspaces/mini_amr/amrROS2_ws/install/delivery_robot_main_controller/lib/delivery_robot_main_controller/robot_sound --ros-args -r __node:=robot_sound_node -r __ns:=/ -r /tf:=tf -r /tf_static:=tf_static'].
[bt_navigator-15] [INFO] [1775545205.934213189] [bt_navigator]: Completed Cleaning up
[bt_navigator-15] [INFO] [1775545205.934347933] [bt_navigator]: Destroying bond (bt_navigator) to lifecycle manager.
[bt_navigator-15] [INFO] [1775545205.944234741] [bt_navigator]: Destroying
[INFO] [smoother_server-12]: process has finished cleanly [pid 43113]
[INFO] [scan_to_scan_filter_chain-5]: process has finished cleanly [pid 43068]
[INFO] [collision_detector-19]: process has finished cleanly [pid 43124]
[INFO] [collision_monitor-18]: process has finished cleanly [pid 43123]
[ERROR] [call_robot_button-24]: process has died [pid 43381, exit code 1, cmd '/home/smr/workspaces/mini_amr/amrROS2_ws/install/delivery_robot_main_controller/lib/delivery_robot_main_controller/call_robot_button --ros-args -r __node:=call_robot_button_node -r __ns:=/ -r /tf:=tf -r /tf_static:=tf_static'].
[INFO] [costmap_filter_info_server-10]: process has finished cleanly [pid 43091]
[INFO] [waypoint_follower-16]: process has finished cleanly [pid 43121]
[INFO] [map_server-9]: process has finished cleanly [pid 43080]
[INFO] [ekf_node-6]: process has finished cleanly [pid 43069]
[INFO] [controller_server-11]: process has finished cleanly [pid 43101]
[INFO] [behavior_server-14]: process has finished cleanly [pid 43116]
[INFO] [lifecycle_manager-20]: process has finished cleanly [pid 43126]
[ERROR] [localization_monitor-1]: process has died [pid 43064, exit code -2, cmd '/home/smr/workspaces/mini_amr/amrROS2_ws/install/localization_monitor/lib/localization_monitor/localization_monitor --ros-args -r __node:=localization_monitor --params-file /tmp/launch_params_66i8q69a'].
[INFO] [robot_state_publisher-2]: process has finished cleanly [pid 43065]
[INFO] [planner_server-13]: process has finished cleanly [pid 43114]
[INFO] [sllidar_node-4]: process has finished cleanly [pid 43067]
[INFO] [bt_navigator-15]: process has finished cleanly [pid 43118]
[ERROR] [delivery_robot_main_controller-22]: process has died [pid 43379, exit code 1, cmd '/home/smr/workspaces/mini_amr/amrROS2_ws/install/delivery_robot_main_controller/lib/delivery_robot_main_controller/delivery_robot_main_controller --ros-args -r __node:=main_controller_node -r __ns:=/ --params-file /tmp/launch_params_tl2p6j40 -r /tf:=tf -r /tf_static:=tf_static'].
[INFO] [localization_slam_toolbox_node-8]: process has finished cleanly [pid 43075]
[ERROR] [autodock_action_server-27]: process has died [pid 43384, exit code 1, cmd '/home/smr/workspaces/mini_amr/amrROS2_ws/install/action_autodock/lib/action_autodock/autodock_action_server --ros-args -r __ns:=/ --params-file /home/smr/workspaces/mini_amr/amrROS2_ws/install/action_autodock/share/action_autodock/config/auto_dock_config.yaml --params-file /tmp/launch_params_0kcf71ep -r /tf:=tf -r /tf_static:=tf_static'].
