[INFO] [launch]: All log files can be found below /home/smr/.ros/log/2026-03-18-10-32-29-098507-two-4257
[INFO] [launch]: Default logging verbosity is set to INFO
[INFO] [robot_state_publisher-1]: process started with pid [4274]
[INFO] [joint_state_publisher-2]: process started with pid [4275]
[INFO] [rplidar_node-3]: process started with pid [4276]
[INFO] [scan_to_scan_filter_chain-4]: process started with pid [4277]
[INFO] [ekf_node-5]: process started with pid [4278]
[INFO] [robot_hardware-6]: process started with pid [4279]
[INFO] [taskset-7]: process started with pid [4280]
[INFO] [map_server-8]: process started with pid [4281]
[INFO] [costmap_filter_info_server-9]: process started with pid [4282]
[INFO] [controller_server-10]: process started with pid [4287]
[INFO] [smoother_server-11]: process started with pid [4288]
[INFO] [planner_server-12]: process started with pid [4293]
[INFO] [behavior_server-13]: process started with pid [4294]
[INFO] [bt_navigator-14]: process started with pid [4295]
[INFO] [waypoint_follower-15]: process started with pid [4296]
[INFO] [velocity_smoother-16]: process started with pid [4297]
[INFO] [collision_monitor-17]: process started with pid [4298]
[INFO] [collision_detector-18]: process started with pid [4299]
[INFO] [lifecycle_manager-19]: process started with pid [4300]
[rplidar_node-3] [INFO] [1773804750.225968666] [rplidar_node]: RPLidar running on ROS2 package rplidar_ros. RPLIDAR SDK Version:2.1.0
[rplidar_node-3] [INFO] [1773804750.247082231] [rplidar_node]: RPLidar S/N: CEDCEDF9C7E29BCEA7E39EF25E0F4304
[rplidar_node-3] [INFO] [1773804750.247960407] [rplidar_node]: Firmware Ver: 1.02
[rplidar_node-3] [INFO] [1773804750.248672631] [rplidar_node]: Hardware Rev: 18
[rplidar_node-3] [INFO] [1773804750.259315744] [rplidar_node]: RPLidar health status : 0
[rplidar_node-3] [INFO] [1773804750.260130631] [rplidar_node]: RPLidar health status : OK.
[rplidar_node-3] [INFO] [1773804750.266889468] [rplidar_node]: Start
[robot_hardware-6] Serial port opened at port /dev/teensy with baudrate 460800
[robot_hardware-6] Created receive data thread
[lifecycle_manager-19] [INFO] [1773804750.305812133] [lifecycle_manager_navigation]: Creating
[robot_state_publisher-1] [INFO] [1773804750.369745180] [robot_state_publisher]: Robot initialized
[lifecycle_manager-19] [INFO] [1773804750.420962898] [lifecycle_manager_navigation]: [34m[1mCreating and initializing lifecycle service clients[0m[0m
[rplidar_node-3] [INFO] [1773804750.425023917] [rplidar_node]: current scan mode: Sensitivity, sample rate: 32 Khz, max_distance: 30.0 m, scan frequency:10.0 Hz, 
[velocity_smoother-16] [INFO] [1773804750.426226123] [velocity_smoother]: 
[velocity_smoother-16] 	velocity_smoother lifecycle node launched. 
[velocity_smoother-16] 	Waiting on external lifecycle transitions to activate
[velocity_smoother-16] 	See https://design.ros2.org/articles/node_lifecycle.html for more information.
[costmap_filter_info_server-9] [INFO] [1773804750.430933160] [costmap_filter_info_server]: This is costmap filter info publisher
[waypoint_follower-15] [INFO] [1773804750.436952065] [waypoint_follower]: 
[waypoint_follower-15] 	waypoint_follower lifecycle node launched. 
[waypoint_follower-15] 	Waiting on external lifecycle transitions to activate
[waypoint_follower-15] 	See https://design.ros2.org/articles/node_lifecycle.html for more information.
[collision_detector-18] [INFO] [1773804750.470682670] [collision_detector]: 
[collision_detector-18] 	collision_detector lifecycle node launched. 
[collision_detector-18] 	Waiting on external lifecycle transitions to activate
[collision_detector-18] 	See https://design.ros2.org/articles/node_lifecycle.html for more information.
[waypoint_follower-15] [INFO] [1773804750.485678457] [waypoint_follower]: Creating
[planner_server-12] [INFO] [1773804750.485727164] [planner_server]: 
[planner_server-12] 	planner_server lifecycle node launched. 
[planner_server-12] 	Waiting on external lifecycle transitions to activate
[planner_server-12] 	See https://design.ros2.org/articles/node_lifecycle.html for more information.
[costmap_filter_info_server-9] [INFO] [1773804750.534890748] [keepout_costmap_filter_info_server]: 
[costmap_filter_info_server-9] 	keepout_costmap_filter_info_server lifecycle node launched. 
[costmap_filter_info_server-9] 	Waiting on external lifecycle transitions to activate
[costmap_filter_info_server-9] 	See https://design.ros2.org/articles/node_lifecycle.html for more information.
[smoother_server-11] [INFO] [1773804750.552684684] [smoother_server]: 
[smoother_server-11] 	smoother_server lifecycle node launched. 
[smoother_server-11] 	Waiting on external lifecycle transitions to activate
[smoother_server-11] 	See https://design.ros2.org/articles/node_lifecycle.html for more information.
[planner_server-12] [INFO] [1773804750.553132959] [planner_server]: Creating
[smoother_server-11] [INFO] [1773804750.559006328] [smoother_server]: Creating smoother server
[controller_server-10] [INFO] [1773804750.581766874] [controller_server]: 
[controller_server-10] 	controller_server lifecycle node launched. 
[controller_server-10] 	Waiting on external lifecycle transitions to activate
[controller_server-10] 	See https://design.ros2.org/articles/node_lifecycle.html for more information.
[behavior_server-13] [INFO] [1773804750.591276903] [behavior_server]: 
[behavior_server-13] 	behavior_server lifecycle node launched. 
[behavior_server-13] 	Waiting on external lifecycle transitions to activate
[behavior_server-13] 	See https://design.ros2.org/articles/node_lifecycle.html for more information.
[collision_monitor-17] [INFO] [1773804750.596618292] [collision_monitor]: 
[controller_server-10] [INFO] [1773804750.600521816] [controller_server]: Creating controller server
[collision_monitor-17] 	collision_monitor lifecycle node launched. 
[collision_monitor-17] 	Waiting on external lifecycle transitions to activate
[collision_monitor-17] 	See https://design.ros2.org/articles/node_lifecycle.html for more information.
[controller_server-10] [INFO] [1773804750.608911886] [local_costmap.local_costmap]: 
[controller_server-10] 	local_costmap lifecycle node launched. 
[controller_server-10] 	Waiting on external lifecycle transitions to activate
[controller_server-10] 	See https://design.ros2.org/articles/node_lifecycle.html for more information.
[bt_navigator-14] [INFO] [1773804750.628059980] [bt_navigator]: 
[bt_navigator-14] 	bt_navigator lifecycle node launched. 
[bt_navigator-14] 	Waiting on external lifecycle transitions to activate
[bt_navigator-14] 	See https://design.ros2.org/articles/node_lifecycle.html for more information.
[map_server-8] [INFO] [1773804750.631775678] [keepout_filter_mask_server]: 
[map_server-8] 	keepout_filter_mask_server lifecycle node launched. 
[map_server-8] 	Waiting on external lifecycle transitions to activate
[map_server-8] 	See https://design.ros2.org/articles/node_lifecycle.html for more information.
[map_server-8] [INFO] [1773804750.631898465] [keepout_filter_mask_server]: Creating
[bt_navigator-14] [INFO] [1773804750.663674683] [bt_navigator]: Creating
[controller_server-10] [INFO] [1773804750.701186608] [local_costmap.local_costmap]: Creating Costmap
[planner_server-12] [INFO] [1773804750.721313500] [global_costmap.global_costmap]: 
[planner_server-12] 	global_costmap lifecycle node launched. 
[planner_server-12] 	Waiting on external lifecycle transitions to activate
[planner_server-12] 	See https://design.ros2.org/articles/node_lifecycle.html for more information.
[planner_server-12] [INFO] [1773804750.740110732] [global_costmap.global_costmap]: Creating Costmap
[taskset-7] [INFO] [1773804750.955164191] [slam_toolbox]: Node using stack size 40000000
[lifecycle_manager-19] [INFO] [1773804750.962403678] [lifecycle_manager_navigation]: [34m[1mStarting managed nodes bringup...[0m[0m
[lifecycle_manager-19] [INFO] [1773804750.964309067] [lifecycle_manager_navigation]: [34m[1mConfiguring controller_server[0m[0m
[controller_server-10] [INFO] [1773804750.966442239] [controller_server]: Configuring controller interface
[controller_server-10] [INFO] [1773804750.966488029] [controller_server]: getting progress checker plugins..
[controller_server-10] [INFO] [1773804750.967142505] [controller_server]: getting goal checker plugins..
[controller_server-10] [INFO] [1773804750.968270339] [controller_server]: Controller frequency set to 10.0000Hz
[controller_server-10] [INFO] [1773804750.968359586] [local_costmap.local_costmap]: Configuring
[controller_server-10] [INFO] [1773804751.034573966] [local_costmap.local_costmap]: Using plugin "obstacle_layer"
[controller_server-10] [INFO] [1773804751.064467252] [local_costmap.local_costmap]: Subscribed to Topics: scan
[controller_server-10] [INFO] [1773804751.079361835] [local_costmap.local_costmap]: Initialized plugin "obstacle_layer"
[controller_server-10] [INFO] [1773804751.080127432] [local_costmap.local_costmap]: Using plugin "denoise_layer"
[controller_server-10] [INFO] [1773804751.083055367] [local_costmap.local_costmap]: Initialized plugin "denoise_layer"
[controller_server-10] [INFO] [1773804751.083722093] [local_costmap.local_costmap]: Using plugin "inflation_layer"
[controller_server-10] [INFO] [1773804751.090530220] [local_costmap.local_costmap]: Initialized plugin "inflation_layer"
[controller_server-10] [INFO] [1773804751.090634049] [local_costmap.local_costmap]: Using costmap filter "keepout_filter"
[controller_server-10] [INFO] [1773804751.113995698] [local_costmap.local_costmap]: Initialized costmap filter "keepout_filter"
[controller_server-10] [INFO] [1773804751.114104778] [local_costmap.local_costmap]: Using costmap filter "inflation_layer"
[controller_server-10] [INFO] [1773804751.114400517] [local_costmap.local_costmap]: Initialized costmap filter "inflation_layer"
[taskset-7] [INFO] [1773804751.146527305] [slam_toolbox]: Configuring
[controller_server-10] [INFO] [1773804751.173133044] [controller_server]: Created progress_checker : progress_checker of type nav2_controller::SimpleProgressChecker
[controller_server-10] [INFO] [1773804751.174931687] [controller_server]: Controller Server has progress_checker  progress checkers available.
[controller_server-10] [INFO] [1773804751.177159356] [controller_server]: Created goal checker : goal_checker of type nav2_controller::SimpleGoalChecker
[controller_server-10] [INFO] [1773804751.179299528] [controller_server]: Controller Server has goal_checker  goal checkers available.
[controller_server-10] [INFO] [1773804751.187463856] [controller_server]: Created controller : FollowPath of type nav2_mppi_controller::MPPIController
[controller_server-10] [INFO] [1773804751.198276420] [controller_server]: Controller period is equal to model dt. Control sequence shifting is ON
[controller_server-10] [INFO] [1773804751.210914752] [controller_server]: ConstraintCritic instantiated with 1 power and 4.000000 weight.
[controller_server-10] [INFO] [1773804751.210983291] [controller_server]: Critic loaded : mppi::critics::ConstraintCritic
[controller_server-10] [INFO] [1773804751.216427926] [controller_server]: InflationCostCritic instantiated with 1 power and 300.000000 / 0.015000 weights. Critic will collision check based on footprint cost.
[controller_server-10] [INFO] [1773804751.216497632] [controller_server]: Critic loaded : mppi::critics::CostCritic
[controller_server-10] [INFO] [1773804751.218533099] [controller_server]: GoalCritic instantiated with 1 power and 5.000000 weight.
[controller_server-10] [INFO] [1773804751.218589389] [controller_server]: Critic loaded : mppi::critics::GoalCritic
[controller_server-10] [INFO] [1773804751.220218579] [controller_server]: GoalAngleCritic instantiated with 1 power, 3.000000 weight, and 0.500000 angular threshold.
[controller_server-10] [INFO] [1773804751.220268453] [controller_server]: Critic loaded : mppi::critics::GoalAngleCritic
[controller_server-10] [INFO] [1773804751.222838234] [controller_server]: ReferenceTrajectoryCritic instantiated with 1 power and 2.000000 weight
[controller_server-10] [INFO] [1773804751.222885482] [controller_server]: Critic loaded : mppi::critics::PathAlignCritic
[controller_server-10] [INFO] [1773804751.224435926] [controller_server]: Critic loaded : mppi::critics::PathFollowCritic
[controller_server-10] [INFO] [1773804751.226593889] [controller_server]: PathAngleCritic instantiated with 1 power and 1.500000 weight. Mode set to: Forward Preference
[controller_server-10] [INFO] [1773804751.226640554] [controller_server]: Critic loaded : mppi::critics::PathAngleCritic
[controller_server-10] [INFO] [1773804751.227788220] [controller_server]: PreferForwardCritic instantiated with 1 power and 10.000000 weight.
[controller_server-10] [INFO] [1773804751.227835760] [controller_server]: Critic loaded : mppi::critics::PreferForwardCritic
[controller_server-10] [INFO] [1773804751.229217043] [controller_server]: Optimizer reset
[controller_server-10] [INFO] [1773804751.241850417] [MPPIController]: Configured MPPI Controller: FollowPath
[controller_server-10] [INFO] [1773804751.241925955] [controller_server]: Controller Server has FollowPath  controllers available.
[scan_to_scan_filter_chain-4] [WARN] [1773804751.249910040] [scan_to_scan_filter_chain]: diagnostic_updater: No HW_ID was set. This is probably a bug. Please report it. For devices that do not have a HW_ID, set this value to 'none'. This warning only occurs once all diagnostics are OK. It is okay to wait until the device is open before calling setHardwareID.
[taskset-7] [INFO] [1773804751.251425776] [slam_toolbox]: Using solver plugin solver_plugins::CeresSolver
[taskset-7] [INFO] [1773804751.264712167] [slam_toolbox]: CeresSolver: Using SCHUR_JACOBI preconditioner.
[lifecycle_manager-19] [INFO] [1773804751.268203582] [lifecycle_manager_navigation]: [34m[1mConfiguring smoother_server[0m[0m
[smoother_server-11] [INFO] [1773804751.269554241] [smoother_server]: Configuring smoother server
[rplidar_node-3] [INFO] [1773804751.322784094] [rplidar_node]: set lidar scan frequency to 10.0 Hz(600.0 Rpm) 
[smoother_server-11] [INFO] [1773804751.325339292] [smoother_server]: Created smoother : simple_smoother of type nav2_smoother::SimpleSmoother
[smoother_server-11] [INFO] [1773804751.343026482] [smoother_server]: Smoother Server has simple_smoother  smoothers available.
[lifecycle_manager-19] [INFO] [1773804751.362413442] [lifecycle_manager_navigation]: [34m[1mConfiguring planner_server[0m[0m
[planner_server-12] [INFO] [1773804751.362964089] [planner_server]: Configuring
[planner_server-12] [INFO] [1773804751.363036711] [global_costmap.global_costmap]: Configuring
[planner_server-12] [INFO] [1773804751.407764499] [global_costmap.global_costmap]: Using plugin "static_layer"
[planner_server-12] [INFO] [1773804751.422902906] [global_costmap.global_costmap]: Subscribing to the map topic (/map) with transient local durability
[planner_server-12] [INFO] [1773804751.426773765] [global_costmap.global_costmap]: Initialized plugin "static_layer"
[planner_server-12] [INFO] [1773804751.427663899] [global_costmap.global_costmap]: Using plugin "obstacle_layer"
[planner_server-12] [INFO] [1773804751.435817144] [global_costmap.global_costmap]: Subscribed to Topics: scan
[planner_server-12] [INFO] [1773804751.463496469] [global_costmap.global_costmap]: Initialized plugin "obstacle_layer"
[planner_server-12] [INFO] [1773804751.463601465] [global_costmap.global_costmap]: Using plugin "inflation_layer"
[planner_server-12] [INFO] [1773804751.470946239] [global_costmap.global_costmap]: Initialized plugin "inflation_layer"
[planner_server-12] [INFO] [1773804751.471001362] [global_costmap.global_costmap]: Using costmap filter "keepout_filter"
[planner_server-12] [INFO] [1773804751.480453935] [global_costmap.global_costmap]: Initialized costmap filter "keepout_filter"
[planner_server-12] [INFO] [1773804751.480513141] [global_costmap.global_costmap]: Using costmap filter "inflation_layer2"
[planner_server-12] [INFO] [1773804751.487242812] [global_costmap.global_costmap]: Initialized costmap filter "inflation_layer2"
[planner_server-12] [INFO] [1773804751.595318293] [planner_server]: Created global planner plugin GridBased of type nav2_smac_planner::SmacPlanner2D
[planner_server-12] [INFO] [1773804751.595383624] [planner_server]: Configuring GridBased of type SmacPlanner2D
[planner_server-12] [ERROR] [1773804751.605259972] [planner_server]: Inflation layer either not found or inflation is not set sufficiently for optimized non-circular collision checking capabilities. It is HIGHLY recommended to set the inflation radius to be at MINIMUM half of the robot's largest cross-section. See github.com/ros-planning/navigation2/tree/main/nav2_smac_planner#potential-fields for full instructions. This will substantially impact run-time performance.
[planner_server-12] [INFO] [1773804751.612923235] [planner_server]: Configured plugin GridBased of type SmacPlanner2D with tolerance 0.12, maximum iterations 1000000, max on approach iterations 1000, and not allowing unknown traversal.
[planner_server-12] [INFO] [1773804751.612994399] [planner_server]: Planner Server has GridBased  planners available.
[joint_state_publisher-2] [INFO] [1773804751.613566336] [joint_state_publisher]: Waiting for robot_description to be published on the robot_description topic...
[lifecycle_manager-19] [INFO] [1773804751.643954271] [lifecycle_manager_navigation]: [34m[1mConfiguring behavior_server[0m[0m
[behavior_server-13] [INFO] [1773804751.644407505] [behavior_server]: Configuring
[behavior_server-13] [INFO] [1773804751.655599806] [behavior_server]: Creating behavior plugin wait of type nav2_behaviors::Wait
[behavior_server-13] [INFO] [1773804751.699016891] [behavior_server]: Configuring wait
[lifecycle_manager-19] [INFO] [1773804751.715597829] [lifecycle_manager_navigation]: [34m[1mConfiguring velocity_smoother[0m[0m
[velocity_smoother-16] [INFO] [1773804751.716287887] [velocity_smoother]: Configuring velocity smoother
[lifecycle_manager-19] [INFO] [1773804751.738336792] [lifecycle_manager_navigation]: [34m[1mConfiguring collision_monitor[0m[0m
[collision_monitor-17] [INFO] [1773804751.739114347] [collision_monitor]: Configuring
[collision_monitor-17] [INFO] [1773804751.775607518] [collision_monitor]: [scan]: Creating Scan
[collision_monitor-17] [INFO] [1773804751.788318472] [collision_monitor]: [PolygonStop]: Creating Polygon
[collision_monitor-17] [INFO] [1773804751.788431343] [collision_monitor]: [PolygonStop]: Creating Circle
[collision_monitor-17] [INFO] [1773804751.801992474] [collision_monitor]: [PolygonSlow]: Creating Polygon
[collision_monitor-17] [INFO] [1773804751.812418594] [collision_monitor]: [FootprintApproach]: Creating Polygon
[collision_monitor-17] [INFO] [1773804751.813725505] [collision_monitor]: [FootprintApproach]: Polygon points are not defined. Using dynamic subscription instead.
[collision_monitor-17] [INFO] [1773804751.824583859] [collision_monitor]: [FootprintApproach]: Making footprint subscriber on /local_costmap/published_footprint topic
[lifecycle_manager-19] [INFO] [1773804751.852851163] [lifecycle_manager_navigation]: [34m[1mConfiguring collision_detector[0m[0m
[collision_detector-18] [INFO] [1773804751.853638051] [collision_detector]: Configuring
[collision_detector-18] [INFO] [1773804751.881222005] [collision_monitor]: [scan]: Creating Scan
[collision_detector-18] [INFO] [1773804751.888052298] [collision_monitor]: [PolygonStop]: Creating Polygon
[collision_detector-18] [INFO] [1773804751.888087005] [collision_monitor]: [PolygonStop]: Creating Circle
[collision_detector-18] [INFO] [1773804751.900210855] [collision_monitor]: [PolygonSlow]: Creating Polygon
[lifecycle_manager-19] [INFO] [1773804751.908601216] [lifecycle_manager_navigation]: [34m[1mConfiguring bt_navigator[0m[0m
[bt_navigator-14] [INFO] [1773804751.909187736] [bt_navigator]: Configuring
[bt_navigator-14] [INFO] [1773804751.934786387] [bt_navigator]: Creating navigator id navigate_to_pose of type nav2_bt_navigator::NavigateToPoseNavigator
[taskset-7] Load From File /home/smr/workspaces/mini_amr/amrROS2_ws/maps/latest_map.posegraph 
[taskset-7] Mapper <- Module
[taskset-7] Mapper <- m_pSequentialScanMatcher
[taskset-7] Mapper <- m_pGraph
[taskset-7] MapperGraph <- Graph; Graph <- m_Edges; Graph <- m_Vertices
[taskset-7] MapperGraph <- m_pMapper; MapperGraph <- m_pLoopScanMatcher; MapperGraph <- m_pTraversal
[taskset-7] Mapper <- m_pMapperSensorManager
[taskset-7] MapperSensorManager <- m_ScanManagers; MapperSensorManager <- m_Scans
[taskset-7] Mapper <- m_Listeners
[taskset-7] **Finished serializing Mapper**
[taskset-7] Load From File
[taskset-7] **Serializing Dataset**
[taskset-7] Dataset <- m_SensorNameLookup
[taskset-7] Dataset <- m_Data
[taskset-7] Dataset <- m_Lasers
[taskset-7] Dataset <- m_pDatasetInfo
[taskset-7] **Finished serializing Dataset**
[taskset-7] Registering sensor: [Custom Described Lidar]
[taskset-7] WARNING: Logging before InitGoogleLogging() is written to STDERR
[taskset-7] W20260318 10:32:31.978648  4280 preprocessor.cc:67] Specified options.num_threads: 50 exceeds maximum available from the threading model Ceres was compiled with: 8.  Bounding to maximum number available.
[INFO] [launch.user]: [LifecycleLaunch] Slamtoolbox node is activating.
[taskset-7] [INFO] [1773804752.006493234] [slam_toolbox]: Activating
[taskset-7] Registering sensor: [Custom Described Lidar]
[bt_navigator-14] [INFO] [1773804752.217415093] [bt_navigator]: Creating navigator id navigate_through_poses of type nav2_bt_navigator::NavigateThroughPosesNavigator
[lifecycle_manager-19] [INFO] [1773804752.278402706] [lifecycle_manager_navigation]: [34m[1mConfiguring waypoint_follower[0m[0m
[waypoint_follower-15] [INFO] [1773804752.278763192] [waypoint_follower]: Configuring
[planner_server-12] [INFO] [1773804752.335847280] [global_costmap.global_costmap]: StaticLayer: Resizing costmap to 787 X 922 at 0.050000 m/pix
[waypoint_follower-15] [INFO] [1773804752.346976291] [waypoint_follower]: Created waypoint_task_executor : wait_at_waypoint of type nav2_waypoint_follower::WaitAtWaypoint
[lifecycle_manager-19] [INFO] [1773804752.350397125] [lifecycle_manager_navigation]: [34m[1mConfiguring keepout_filter_mask_server[0m[0m
[map_server-8] [INFO] [1773804752.351116932] [keepout_filter_mask_server]: Configuring
[map_server-8] [INFO] [1773804752.351209095] [map_io]: Loading yaml file: /home/smr/workspaces/mini_amr/amrROS2_ws/maps/latest_map_keepout.yaml
[map_server-8] [INFO] [1773804752.352077356] [map_io]: resolution: 0.05
[map_server-8] [INFO] [1773804752.352110313] [map_io]: origin[0]: -26.12
[map_server-8] [INFO] [1773804752.352115854] [map_io]: origin[1]: -29.258
[map_server-8] [INFO] [1773804752.352120521] [map_io]: origin[2]: 0
[map_server-8] [INFO] [1773804752.352125479] [map_io]: free_thresh: 0.196
[map_server-8] [INFO] [1773804752.352129854] [map_io]: occupied_thresh: 0.65
[map_server-8] [INFO] [1773804752.352136270] [map_io]: mode: trinary
[map_server-8] [INFO] [1773804752.352141520] [map_io]: negate: 0
[map_server-8] [INFO] [1773804752.359479878] [map_io]: Loading image_file: /home/smr/workspaces/mini_amr/amrROS2_ws/maps/latest_map_keepout.pgm
[map_server-8] [INFO] [1773804752.407687997] [map_io]: Read map /home/smr/workspaces/mini_amr/amrROS2_ws/maps/latest_map_keepout.pgm: 787 X 922 map @ 0.05 m/cell
[lifecycle_manager-19] [INFO] [1773804752.422601537] [lifecycle_manager_navigation]: [34m[1mConfiguring keepout_costmap_filter_info_server[0m[0m
[costmap_filter_info_server-9] [INFO] [1773804752.423243180] [keepout_costmap_filter_info_server]: Configuring
[lifecycle_manager-19] [INFO] [1773804752.452792021] [lifecycle_manager_navigation]: [34m[1mActivating controller_server[0m[0m
[controller_server-10] [INFO] [1773804752.453267420] [controller_server]: Activating
[controller_server-10] [INFO] [1773804752.453316710] [local_costmap.local_costmap]: Activating
[controller_server-10] [INFO] [1773804752.453331876] [local_costmap.local_costmap]: Checking transform
[controller_server-10] [INFO] [1773804752.453494620] [local_costmap.local_costmap]: start
[controller_server-10] [INFO] [1773804752.454667369] [local_costmap.local_costmap]: KeepoutFilter: Subscribing to "/keepout_costmap_filter_info" topic for filter info...
[controller_server-10] [WARN] [1773804752.556511910] [local_costmap.local_costmap]: KeepoutFilter: Filter mask was not received
[controller_server-10] [WARN] [1773804752.607219521] [controller_server]: Parameter controller_server.verbose not found
[controller_server-10] [INFO] [1773804752.608851920] [controller_server]: Optimizer reset
[controller_server-10] [INFO] [1773804752.610173997] [MPPIController]: Activated MPPI Controller: FollowPath
[controller_server-10] [INFO] [1773804752.610312534] [controller_server]: Creating bond (controller_server) to lifecycle manager.
[lifecycle_manager-19] [INFO] [1773804752.719853877] [lifecycle_manager_navigation]: Server controller_server connected with bond.
[lifecycle_manager-19] [INFO] [1773804752.719915417] [lifecycle_manager_navigation]: [34m[1mActivating smoother_server[0m[0m
[smoother_server-11] [INFO] [1773804752.720391108] [smoother_server]: Activating
[smoother_server-11] [INFO] [1773804752.720497854] [smoother_server]: Creating bond (smoother_server) to lifecycle manager.
[lifecycle_manager-19] [INFO] [1773804752.828308510] [lifecycle_manager_navigation]: Server smoother_server connected with bond.
[lifecycle_manager-19] [INFO] [1773804752.828407382] [lifecycle_manager_navigation]: [34m[1mActivating planner_server[0m[0m
[planner_server-12] [INFO] [1773804752.829136522] [planner_server]: Activating
[planner_server-12] [INFO] [1773804752.829186687] [global_costmap.global_costmap]: Activating
[planner_server-12] [INFO] [1773804752.829202436] [global_costmap.global_costmap]: Checking transform
[planner_server-12] [INFO] [1773804752.829361097] [global_costmap.global_costmap]: start
[planner_server-12] [INFO] [1773804752.830470557] [global_costmap.global_costmap]: KeepoutFilter: Subscribing to "/keepout_costmap_filter_info" topic for filter info...
[planner_server-12] [WARN] [1773804753.376702079] [global_costmap.global_costmap]: KeepoutFilter: Filter mask was not received
[planner_server-12] [INFO] [1773804753.434018325] [planner_server]: Activating plugin GridBased of type SmacPlanner2D
[planner_server-12] [INFO] [1773804753.437598694] [planner_server]: Creating bond (planner_server) to lifecycle manager.
[lifecycle_manager-19] [INFO] [1773804753.547707601] [lifecycle_manager_navigation]: Server planner_server connected with bond.
[lifecycle_manager-19] [INFO] [1773804753.547819013] [lifecycle_manager_navigation]: [34m[1mActivating behavior_server[0m[0m
[behavior_server-13] [INFO] [1773804753.548595693] [behavior_server]: Activating
[behavior_server-13] [INFO] [1773804753.548666274] [behavior_server]: Activating wait
[behavior_server-13] [INFO] [1773804753.548726647] [behavior_server]: Creating bond (behavior_server) to lifecycle manager.
[lifecycle_manager-19] [INFO] [1773804753.657357440] [lifecycle_manager_navigation]: Server behavior_server connected with bond.
[lifecycle_manager-19] [INFO] [1773804753.657471769] [lifecycle_manager_navigation]: [34m[1mActivating velocity_smoother[0m[0m
[velocity_smoother-16] [INFO] [1773804753.658288115] [velocity_smoother]: Activating
[velocity_smoother-16] [INFO] [1773804753.658378528] [velocity_smoother]: Creating bond (velocity_smoother) to lifecycle manager.
[lifecycle_manager-19] [INFO] [1773804753.764163634] [lifecycle_manager_navigation]: Server velocity_smoother connected with bond.
[lifecycle_manager-19] [INFO] [1773804753.764215548] [lifecycle_manager_navigation]: [34m[1mActivating collision_monitor[0m[0m
[collision_monitor-17] [INFO] [1773804753.764646908] [collision_monitor]: Activating
[collision_monitor-17] [INFO] [1773804753.764697656] [collision_monitor]: Creating bond (collision_monitor) to lifecycle manager.
[lifecycle_manager-19] [INFO] [1773804753.872190699] [lifecycle_manager_navigation]: Server collision_monitor connected with bond.
[lifecycle_manager-19] [INFO] [1773804753.872253988] [lifecycle_manager_navigation]: [34m[1mActivating collision_detector[0m[0m
[collision_detector-18] [INFO] [1773804753.872748637] [collision_detector]: Activating
[collision_detector-18] [INFO] [1773804753.872837301] [collision_detector]: Creating bond (collision_detector) to lifecycle manager.
[lifecycle_manager-19] [INFO] [1773804754.003203469] [lifecycle_manager_navigation]: Server collision_detector connected with bond.
[lifecycle_manager-19] [INFO] [1773804754.003271425] [lifecycle_manager_navigation]: [34m[1mActivating bt_navigator[0m[0m
[bt_navigator-14] [INFO] [1773804754.003763449] [bt_navigator]: Activating
[bt_navigator-14] [INFO] [1773804754.133162194] [bt_navigator]: Creating bond (bt_navigator) to lifecycle manager.
[lifecycle_manager-19] [INFO] [1773804754.239919973] [lifecycle_manager_navigation]: Server bt_navigator connected with bond.
[lifecycle_manager-19] [INFO] [1773804754.240008344] [lifecycle_manager_navigation]: [34m[1mActivating waypoint_follower[0m[0m
[waypoint_follower-15] [INFO] [1773804754.240435329] [waypoint_follower]: Activating
[waypoint_follower-15] [INFO] [1773804754.240484327] [waypoint_follower]: Creating bond (waypoint_follower) to lifecycle manager.
[lifecycle_manager-19] [INFO] [1773804754.349661392] [lifecycle_manager_navigation]: Server waypoint_follower connected with bond.
[lifecycle_manager-19] [INFO] [1773804754.349724682] [lifecycle_manager_navigation]: [34m[1mActivating keepout_filter_mask_server[0m[0m
[map_server-8] [INFO] [1773804754.350221664] [keepout_filter_mask_server]: Activating
[map_server-8] [INFO] [1773804754.350994260] [keepout_filter_mask_server]: Creating bond (keepout_filter_mask_server) to lifecycle manager.
[lifecycle_manager-19] [INFO] [1773804754.462699692] [lifecycle_manager_navigation]: Server keepout_filter_mask_server connected with bond.
[lifecycle_manager-19] [INFO] [1773804754.462800605] [lifecycle_manager_navigation]: [34m[1mActivating keepout_costmap_filter_info_server[0m[0m
[costmap_filter_info_server-9] [INFO] [1773804754.463571160] [keepout_costmap_filter_info_server]: Activating
[costmap_filter_info_server-9] [INFO] [1773804754.463687239] [keepout_costmap_filter_info_server]: Creating bond (keepout_costmap_filter_info_server) to lifecycle manager.
[controller_server-10] [INFO] [1773804754.463824901] [local_costmap.local_costmap]: KeepoutFilter: Received filter info from /keepout_costmap_filter_info topic.
[controller_server-10] [INFO] [1773804754.463917064] [local_costmap.local_costmap]: KeepoutFilter: Subscribing to "/keepout_filter_mask" topic for filter mask...
[planner_server-12] [INFO] [1773804754.463848233] [global_costmap.global_costmap]: KeepoutFilter: Received filter info from /keepout_costmap_filter_info topic.
[planner_server-12] [INFO] [1773804754.463918523] [global_costmap.global_costmap]: KeepoutFilter: Subscribing to "/keepout_filter_mask" topic for filter mask...
[controller_server-10] [INFO] [1773804754.497871953] [local_costmap.local_costmap]: KeepoutFilter: Received filter mask from /keepout_filter_mask topic.
[planner_server-12] [INFO] [1773804754.498018947] [global_costmap.global_costmap]: KeepoutFilter: Received filter mask from /keepout_filter_mask topic.
[lifecycle_manager-19] [INFO] [1773804754.577096525] [lifecycle_manager_navigation]: Server keepout_costmap_filter_info_server connected with bond.
[lifecycle_manager-19] [INFO] [1773804754.577152815] [lifecycle_manager_navigation]: [34m[1mManaged nodes are active[0m[0m
[lifecycle_manager-19] [INFO] [1773804754.577168564] [lifecycle_manager_navigation]: [34m[1mCreating bond timer...[0m[0m
[INFO] [delivery_robot_main_controller-20]: process started with pid [4543]
[INFO] [robot_sound-21]: process started with pid [4544]
[INFO] [call_robot_button-22]: process started with pid [4545]
[INFO] [rpc_run_node-23]: process started with pid [4546]
[INFO] [dock_coordinates-24]: process started with pid [4547]
[INFO] [autodock_action_server-25]: process started with pid [4548]
[INFO] [battery_manager_node-26]: process started with pid [4549]
[dock_coordinates-24] [INFO] [1773804755.407576903] [dock_coordinates]: begin dock_coordinates
[dock_coordinates-24] [INFO] [1773804755.422180413] [dock coordinates]: max_alignment_error: 0.010000
[dock_coordinates-24] [INFO] [1773804755.424032429] [dock coordinates]: minimum_point_cloud: 5
[dock_coordinates-24] [INFO] [1773804755.425065474] [dock coordinates]: point_cloud_split_dist: 0.050000
[dock_coordinates-24] [INFO] [1773804755.426160060] [dock coordinates]: max_dock_width: 0.380000
[dock_coordinates-24] [INFO] [1773804755.426978738] [dock coordinates]: min_dock_width: 0.310000
[dock_coordinates-24] [INFO] [1773804755.427865373] [dock coordinates]: range_limit: 1.200000
[rpc_run_node-23] [0m[INFO] [1773804756.886154926] [rpc_run_node]: RPC run node started; RPC bridge configured.[0m
[rpc_run_node-23] 2026-03-18 10:32:36,888 [INFO] RPCServer listening on localhost:6000
[robot_sound-21] [0m[INFO] [1773804757.054544876] [robot_sound_node]: Obstacle sound alarm is enabled.[0m
[robot_sound-21] [0m[INFO] [1773804757.060868563] [robot_sound_node]: ✅ robot_sound_node started using .wav files[0m
[robot_sound-21] [0m[INFO] [1773804757.070373925] [robot_sound_node]: Obstacle sound alarm disabled (API).[0m
[robot_sound-21] [0m[INFO] [1773804757.072650009] [robot_sound_node]: Sound volume set to 100% (API).[0m
[robot_sound-21] [33m[WARN] [1773804757.073192489] [robot_sound_node]: Map not available yet; skipping obstacle classification.[0m
[robot_sound-21] [0m[INFO] [1773804757.075696356] [robot_sound_node]: Obstacle detected but sound alarm disabled.[0m
[battery_manager_node-26] [INFO] [1773804757.387170720] [battery_manager]: SOC limits from API: target=1.00, resume=0.95
[robot_sound-21] [0m[INFO] [1773804757.425329247] [robot_sound_node]: Received map (width=787, height=922, resolution=0.050 m/cell)[0m
[battery_manager_node-26] [INFO] [1773804757.846019467] [battery_manager]: State change: IDLE_ON_DOCK -> UNKNOWN
[autodock_action_server-25] [INFO] [1773804757.906366894] [autodock_action_server]: auto_dock_init_start
[autodock_action_server-25] [INFO] [1773804758.032056941] [autodock_action_server]: auto_dock_init_complete
[delivery_robot_main_controller-20] [0m[INFO] [1773804758.186313531] [main_controller_node]: Delivery Robot Main Controller Node started.[0m
[delivery_robot_main_controller-20] [0m[INFO] [1773804758.251491074] [main_controller_node]: Initial state: STANDBY[0m
[delivery_robot_main_controller-20] [0m[INFO] [1773804758.261525791] [main_controller_node]: setting_batteryLowToCharge: 40[0m
[delivery_robot_main_controller-20] [33m[WARN] [1773804758.288100324] [rcl.logging_rosout]: Publisher already registered for node name: 'main_controller_node'. If this is due to multiple nodes with the same name then all logs for the logger named 'main_controller_node' will go out over the existing publisher. As soon as any node with that name is destructed it will unregister the publisher, preventing any further logs for that name from being published on the rosout topic.[0m
[delivery_robot_main_controller-20] [33m[WARN] [1773804758.327016573] [main_controller_node]: slam_toolbox_msgs not available; initial pose service calls will be skipped.[0m
[call_robot_button-22] 2026-03-18 10:32:38 mosquitto_pub -u smr -P smrbot25 -m "Production1,blink" -t "Rsp" -r
[call_robot_button-22] [0m[INFO] [1773804758.909627520] [call_robot_button_node]: call_switch notified: station=Production1 status=blink.[0m
[delivery_robot_main_controller-20] [0m[INFO] [1773804759.517464090] [main_controller_node]: Waiting for Nav2 system...[0m
[INFO] [bash-27]: process started with pid [4661]
[delivery_robot_main_controller-20] [0m[INFO] [1773804761.536367600] [main_controller_node]: Waiting for localization pose to be received from slam_toolbox/pose[0m
[delivery_robot_main_controller-20] [0m[INFO] [1773804761.540469743] [main_controller_node]: Acquired localization pose from TF map->base_link[0m
[delivery_robot_main_controller-20] [0m[INFO] [1773804763.550266293] [main_controller_node]: Nav2 is ready for use![0m
[delivery_robot_main_controller-20] [0m[INFO] [1773804763.601723752] [main_controller_node]: Robot is in STANDBY mode.[0m
[delivery_robot_main_controller-20] [33m[WARN] [1773804763.652437197] [main_controller_node]: Robot status id missing; refreshing before battery status.[0m
[delivery_robot_main_controller-20] [0m[INFO] [1773804764.637849640] [main_controller_node]: Current state: STANDBY, dock_state IDLE, charge_state NOT_CHARGE[0m
[delivery_robot_main_controller-20] [0m[INFO] [1773804765.566254993] [main_controller_node]: Current state: STANDBY, dock_state IDLE, charge_state NOT_CHARGE[0m
[delivery_robot_main_controller-20] [0m[INFO] [1773804765.642052315] [main_controller_node]: 1 pending queues [0m
[delivery_robot_main_controller-20] [0m[INFO] [1773804765.643350768] [main_controller_node]: Queue action: Request[0m
[delivery_robot_main_controller-20] [0m[INFO] [1773804765.671456203] [main_controller_node]: AGV start_pos: x=-0.02, y=-0.01[0m
[delivery_robot_main_controller-20] [0m[INFO] [1773804765.671978267] [main_controller_node]: AGV goal_pos: x=3.40, y=-0.73[0m
[delivery_robot_main_controller-20] Graph before shortest_path: Graph with 11 nodes and 10 edges
[delivery_robot_main_controller-20] [0m[INFO] [1773804765.698619880] [main_controller_node]: Computed AGV path waypoints:[0m
[delivery_robot_main_controller-20] [0m[INFO] [1773804765.699206984] [main_controller_node]:   Waypoint 0: x=-0.02, y=-0.01[0m
[delivery_robot_main_controller-20] [0m[INFO] [1773804765.699739548] [main_controller_node]:   Waypoint 1: x=1.99, y=-1.51[0m
[delivery_robot_main_controller-20] [0m[INFO] [1773804765.700277070] [main_controller_node]:   Waypoint 2: x=3.40, y=-0.73[0m
[delivery_robot_main_controller-20] [0m[INFO] [1773804765.701182953] [main_controller_node]: Navigating with 3 goals....[0m
[bt_navigator-14] [INFO] [1773804765.705041563] [bt_navigator]: Begin navigating from current location through 3 poses to (3.40, -0.73)
[delivery_robot_main_controller-20] [0m[INFO] [1773804765.705737163] [main_controller_node]: State change: STANDBY -> MOVE[0m
[controller_server-10] [INFO] [1773804765.705606501] [local_costmap.local_costmap]: Received request to clear entirely the local_costmap
[controller_server-10] [INFO] [1773804765.711816149] [local_costmap.local_costmap]: KeepoutFilter: Subscribing to "/keepout_costmap_filter_info" topic for filter info...
[controller_server-10] [INFO] [1773804765.714607589] [local_costmap.local_costmap]: KeepoutFilter: Received filter info from /keepout_costmap_filter_info topic.
[controller_server-10] [INFO] [1773804765.714656004] [local_costmap.local_costmap]: KeepoutFilter: Subscribing to "/keepout_filter_mask" topic for filter mask...
[delivery_robot_main_controller-20] [0m[INFO] [1773804765.718970764] [main_controller_node]: Robot is MOVING.[0m
[controller_server-10] [WARN] [1773804765.725596023] [local_costmap.local_costmap]: KeepoutFilter: New filter mask arrived from /keepout_filter_mask topic. Updating old filter mask.
[planner_server-12] [INFO] [1773804765.729365969] [global_costmap.global_costmap]: Received request to clear entirely the global_costmap
[planner_server-12] [INFO] [1773804765.735996769] [global_costmap.global_costmap]: KeepoutFilter: Subscribing to "/keepout_costmap_filter_info" topic for filter info...
[planner_server-12] [INFO] [1773804765.746748669] [global_costmap.global_costmap]: KeepoutFilter: Received filter info from /keepout_costmap_filter_info topic.
[planner_server-12] [INFO] [1773804765.746803209] [global_costmap.global_costmap]: KeepoutFilter: Subscribing to "/keepout_filter_mask" topic for filter mask...
[planner_server-12] [WARN] [1773804765.774503825] [global_costmap.global_costmap]: KeepoutFilter: New filter mask arrived from /keepout_filter_mask topic. Updating old filter mask.
[planner_server-12] [WARN] [1773804765.952830788] [planner_server]: Planner loop missed its desired rate of 5.0000 Hz. Current loop rate is 4.7095 Hz
[controller_server-10] [INFO] [1773804765.967203890] [controller_server]: Received a goal, begin computing control effort.
[controller_server-10] [WARN] [1773804765.967348259] [controller_server]: No goal checker was specified in parameter 'current_goal_checker'. Server will use only plugin loaded goal_checker . This warning will appear once.
[controller_server-10] [WARN] [1773804765.967396966] [controller_server]: No progress checker was specified in parameter 'current_progress_checker'. Server will use only plugin loaded progress_checker . This warning will appear once.
[collision_monitor-17] [INFO] [1773804766.062853947] [collision_monitor]: Robot to stop due to PolygonStop polygon
[controller_server-10] [INFO] [1773804766.167661422] [controller_server]: Passing new path to controller.
[controller_server-10] [INFO] [1773804766.267674071] [controller_server]: Passing new path to controller.
[controller_server-10] [INFO] [1773804766.567679644] [controller_server]: Passing new path to controller.
[controller_server-10] [INFO] [1773804766.667635129] [controller_server]: Passing new path to controller.
[controller_server-10] [INFO] [1773804766.767638445] [controller_server]: Passing new path to controller.
[controller_server-10] [INFO] [1773804766.967642744] [controller_server]: Passing new path to controller.
[controller_server-10] [INFO] [1773804767.167678542] [controller_server]: Passing new path to controller.
[controller_server-10] [INFO] [1773804767.267671358] [controller_server]: Passing new path to controller.
[controller_server-10] [INFO] [1773804767.367669424] [controller_server]: Passing new path to controller.
[controller_server-10] [INFO] [1773804767.467666324] [controller_server]: Passing new path to controller.
[controller_server-10] [INFO] [1773804767.667723121] [controller_server]: Passing new path to controller.
[controller_server-10] [INFO] [1773804767.767674814] [controller_server]: Passing new path to controller.
[controller_server-10] [INFO] [1773804767.867673463] [controller_server]: Passing new path to controller.
[controller_server-10] [INFO] [1773804767.967728403] [controller_server]: Passing new path to controller.
[controller_server-10] [INFO] [1773804768.167734160] [controller_server]: Passing new path to controller.
[controller_server-10] [INFO] [1773804768.267666020] [controller_server]: Passing new path to controller.
[controller_server-10] [INFO] [1773804768.467667986] [controller_server]: Passing new path to controller.
[controller_server-10] [INFO] [1773804768.667663535] [controller_server]: Passing new path to controller.
[controller_server-10] [INFO] [1773804768.767673851] [controller_server]: Passing new path to controller.
[controller_server-10] [INFO] [1773804768.867669875] [controller_server]: Passing new path to controller.
[controller_server-10] [INFO] [1773804768.967665317] [controller_server]: Passing new path to controller.
[controller_server-10] [INFO] [1773804769.167644533] [controller_server]: Passing new path to controller.
[controller_server-10] [INFO] [1773804769.267637641] [controller_server]: Passing new path to controller.
[controller_server-10] [INFO] [1773804769.367639207] [controller_server]: Passing new path to controller.
[controller_server-10] [INFO] [1773804769.567644673] [controller_server]: Passing new path to controller.
[controller_server-10] [INFO] [1773804769.667631948] [controller_server]: Passing new path to controller.
[controller_server-10] [INFO] [1773804769.767637014] [controller_server]: Passing new path to controller.
[controller_server-10] [INFO] [1773804769.867632455] [controller_server]: Passing new path to controller.
[robot_sound-21] [0m[INFO] [1773804769.987499298] [robot_sound_node]: Obstacle detected but sound alarm disabled.[0m
[controller_server-10] [INFO] [1773804770.067637337] [controller_server]: Passing new path to controller.
[controller_server-10] [INFO] [1773804770.167643862] [controller_server]: Passing new path to controller.
[controller_server-10] [INFO] [1773804770.267728842] [controller_server]: Passing new path to controller.
[controller_server-10] [INFO] [1773804770.467678892] [controller_server]: Passing new path to controller.
[controller_server-10] [INFO] [1773804770.567684833] [controller_server]: Passing new path to controller.
[controller_server-10] [INFO] [1773804770.667671817] [controller_server]: Passing new path to controller.
[controller_server-10] [INFO] [1773804770.767667841] [controller_server]: Passing new path to controller.
[controller_server-10] [INFO] [1773804770.967654933] [controller_server]: Passing new path to controller.
[controller_server-10] [INFO] [1773804771.067638416] [controller_server]: Passing new path to controller.
[controller_server-10] [INFO] [1773804771.167639982] [controller_server]: Passing new path to controller.
[controller_server-10] [INFO] [1773804771.367686279] [controller_server]: Passing new path to controller.
[controller_server-10] [INFO] [1773804771.467676763] [controller_server]: Passing new path to controller.
[controller_server-10] [INFO] [1773804771.567675704] [controller_server]: Passing new path to controller.
[controller_server-10] [INFO] [1773804771.667673479] [controller_server]: Passing new path to controller.
[controller_server-10] [INFO] [1773804771.867644820] [controller_server]: Passing new path to controller.
[controller_server-10] [INFO] [1773804771.967730967] [controller_server]: Passing new path to controller.
[controller_server-10] [INFO] [1773804772.067683243] [controller_server]: Passing new path to controller.
[controller_server-10] [INFO] [1773804772.167758890] [controller_server]: Passing new path to controller.
[controller_server-10] [INFO] [1773804772.367676275] [controller_server]: Passing new path to controller.
[controller_server-10] [INFO] [1773804772.467676091] [controller_server]: Passing new path to controller.
[controller_server-10] [INFO] [1773804772.567675032] [controller_server]: Passing new path to controller.
[controller_server-10] [INFO] [1773804772.767677290] [controller_server]: Passing new path to controller.
[controller_server-10] [INFO] [1773804772.867670398] [controller_server]: Passing new path to controller.
[controller_server-10] [INFO] [1773804772.967659423] [controller_server]: Passing new path to controller.
[controller_server-10] [INFO] [1773804773.167665763] [controller_server]: Passing new path to controller.
[controller_server-10] [INFO] [1773804773.267660038] [controller_server]: Passing new path to controller.
[controller_server-10] [INFO] [1773804773.467656462] [controller_server]: Passing new path to controller.
[controller_server-10] [INFO] [1773804773.667727550] [controller_server]: Passing new path to controller.
[controller_server-10] [INFO] [1773804773.767634912] [controller_server]: Passing new path to controller.
[controller_server-10] [INFO] [1773804773.967641544] [controller_server]: Passing new path to controller.
[controller_server-10] [INFO] [1773804774.167645843] [controller_server]: Passing new path to controller.
[controller_server-10] [INFO] [1773804774.267631951] [controller_server]: Passing new path to controller.
[controller_server-10] [INFO] [1773804774.367634975] [controller_server]: Passing new path to controller.
[controller_server-10] [INFO] [1773804774.467628083] [controller_server]: Passing new path to controller.
[controller_server-10] [INFO] [1773804774.667628882] [controller_server]: Passing new path to controller.
[controller_server-10] [INFO] [1773804774.767637740] [controller_server]: Passing new path to controller.
[controller_server-10] [INFO] [1773804774.867633765] [controller_server]: Passing new path to controller.
[controller_server-10] [INFO] [1773804775.067630772] [controller_server]: Passing new path to controller.
[controller_server-10] [INFO] [1773804775.167642255] [controller_server]: Passing new path to controller.
[controller_server-10] [INFO] [1773804775.267639446] [controller_server]: Passing new path to controller.
[controller_server-10] [INFO] [1773804775.367643054] [controller_server]: Passing new path to controller.
[controller_server-10] [INFO] [1773804775.567639186] [controller_server]: Passing new path to controller.
[controller_server-10] [INFO] [1773804775.667639877] [controller_server]: Passing new path to controller.
[controller_server-10] [INFO] [1773804775.767643193] [controller_server]: Passing new path to controller.
[controller_server-10] [INFO] [1773804775.867631927] [controller_server]: Passing new path to controller.
[controller_server-10] [INFO] [1773804776.067648767] [controller_server]: Passing new path to controller.
[controller_server-10] [ERROR] [1773804776.069626195] [controller_server]: Failed to make progress
[controller_server-10] [INFO] [1773804776.070461789] [controller_server]: Optimizer reset
[controller_server-10] [WARN] [1773804776.070515454] [controller_server]: [follow_path] [ActionServer] Aborting handle.
[controller_server-10] [INFO] [1773804776.096002692] [local_costmap.local_costmap]: Received request to clear entirely the local_costmap
[controller_server-10] [INFO] [1773804776.099134203] [local_costmap.local_costmap]: KeepoutFilter: Subscribing to "/keepout_costmap_filter_info" topic for filter info...
[controller_server-10] [INFO] [1773804776.102853110] [local_costmap.local_costmap]: KeepoutFilter: Received filter info from /keepout_costmap_filter_info topic.
[controller_server-10] [INFO] [1773804776.102969772] [local_costmap.local_costmap]: KeepoutFilter: Subscribing to "/keepout_filter_mask" topic for filter mask...
[controller_server-10] [INFO] [1773804776.104041900] [controller_server]: Received a goal, begin computing control effort.
[controller_server-10] [WARN] [1773804776.113374601] [local_costmap.local_costmap]: KeepoutFilter: New filter mask arrived from /keepout_filter_mask topic. Updating old filter mask.
[controller_server-10] [INFO] [1773804776.164322829] [controller_server]: Passing new path to controller.
[controller_server-10] [INFO] [1773804776.304334063] [controller_server]: Passing new path to controller.
[controller_server-10] [INFO] [1773804776.404335629] [controller_server]: Passing new path to controller.
[controller_server-10] [INFO] [1773804776.504329320] [controller_server]: Passing new path to controller.
[controller_server-10] [INFO] [1773804776.704336828] [controller_server]: Passing new path to controller.
[controller_server-10] [INFO] [1773804776.804334894] [controller_server]: Passing new path to controller.
[controller_server-10] [INFO] [1773804776.904328585] [controller_server]: Passing new path to controller.
[controller_server-10] [INFO] [1773804777.104334342] [controller_server]: Passing new path to controller.
[controller_server-10] [INFO] [1773804777.204337659] [controller_server]: Passing new path to controller.
[controller_server-10] [INFO] [1773804777.304341558] [controller_server]: Passing new path to controller.
[controller_server-10] [INFO] [1773804777.404339332] [controller_server]: Passing new path to controller.
[controller_server-10] [INFO] [1773804777.604348298] [controller_server]: Passing new path to controller.
[controller_server-10] [INFO] [1773804777.704332948] [controller_server]: Passing new path to controller.
[controller_server-10] [INFO] [1773804777.804340056] [controller_server]: Passing new path to controller.
[controller_server-10] [INFO] [1773804778.004343771] [controller_server]: Passing new path to controller.
[controller_server-10] [INFO] [1773804778.104325505] [controller_server]: Passing new path to controller.
[controller_server-10] [INFO] [1773804778.304332720] [controller_server]: Passing new path to controller.
[controller_server-10] [INFO] [1773804778.504323603] [controller_server]: Passing new path to controller.
[controller_server-10] [INFO] [1773804778.604334794] [controller_server]: Passing new path to controller.
[controller_server-10] [INFO] [1773804778.804322760] [controller_server]: Passing new path to controller.
[controller_server-10] [INFO] [1773804778.904324326] [controller_server]: Passing new path to controller.
[controller_server-10] [INFO] [1773804779.004323559] [controller_server]: Passing new path to controller.
[controller_server-10] [INFO] [1773804779.104320458] [controller_server]: Passing new path to controller.
[controller_server-10] [INFO] [1773804779.304323591] [controller_server]: Passing new path to controller.
[controller_server-10] [INFO] [1773804779.404337406] [controller_server]: Passing new path to controller.
[controller_server-10] [INFO] [1773804779.504337806] [controller_server]: Passing new path to controller.
[controller_server-10] [INFO] [1773804779.704328980] [controller_server]: Passing new path to controller.
[controller_server-10] [INFO] [1773804779.804335796] [controller_server]: Passing new path to controller.
[controller_server-10] [INFO] [1773804779.904332112] [controller_server]: Passing new path to controller.
[controller_server-10] [INFO] [1773804780.004338637] [controller_server]: Passing new path to controller.
[controller_server-10] [INFO] [1773804780.204338269] [controller_server]: Passing new path to controller.
[controller_server-10] [INFO] [1773804780.304329044] [controller_server]: Passing new path to controller.
[controller_server-10] [INFO] [1773804780.404339068] [controller_server]: Passing new path to controller.
[controller_server-10] [INFO] [1773804780.604339576] [controller_server]: Passing new path to controller.
[controller_server-10] [INFO] [1773804780.704330934] [controller_server]: Passing new path to controller.
[controller_server-10] [INFO] [1773804780.804340083] [controller_server]: Passing new path to controller.
[controller_server-10] [INFO] [1773804780.904330858] [controller_server]: Passing new path to controller.
[controller_server-10] [INFO] [1773804781.104328157] [controller_server]: Passing new path to controller.
[controller_server-10] [INFO] [1773804781.204336723] [controller_server]: Passing new path to controller.
[controller_server-10] [INFO] [1773804781.304329248] [controller_server]: Passing new path to controller.
[controller_server-10] [INFO] [1773804781.504328588] [controller_server]: Passing new path to controller.
[controller_server-10] [INFO] [1773804781.604332779] [controller_server]: Passing new path to controller.
[controller_server-10] [INFO] [1773804781.704333762] [controller_server]: Passing new path to controller.
[controller_server-10] [INFO] [1773804781.804333870] [controller_server]: Passing new path to controller.
[controller_server-10] [INFO] [1773804782.004338752] [controller_server]: Passing new path to controller.
[controller_server-10] [INFO] [1773804782.104343235] [controller_server]: Passing new path to controller.
[controller_server-10] [INFO] [1773804782.204343634] [controller_server]: Passing new path to controller.
[controller_server-10] [INFO] [1773804782.404342392] [controller_server]: Passing new path to controller.
[robot_sound-21] [0m[INFO] [1773804782.456290708] [robot_sound_node]: Obstacle detected but sound alarm disabled.[0m
[controller_server-10] [INFO] [1773804782.504333750] [controller_server]: Passing new path to controller.
[controller_server-10] [INFO] [1773804782.604336483] [controller_server]: Passing new path to controller.
[controller_server-10] [INFO] [1773804782.704336299] [controller_server]: Passing new path to controller.
[controller_server-10] [INFO] [1773804782.904346723] [controller_server]: Passing new path to controller.
[controller_server-10] [INFO] [1773804783.004343039] [controller_server]: Passing new path to controller.
[controller_server-10] [INFO] [1773804783.104323897] [controller_server]: Passing new path to controller.
[controller_server-10] [INFO] [1773804783.304334613] [controller_server]: Passing new path to controller.
[controller_server-10] [INFO] [1773804783.504325204] [controller_server]: Passing new path to controller.
[controller_server-10] [INFO] [1773804783.604318895] [controller_server]: Passing new path to controller.
[controller_server-10] [INFO] [1773804783.804319111] [controller_server]: Passing new path to controller.
[controller_server-10] [INFO] [1773804784.004322535] [controller_server]: Passing new path to controller.
[controller_server-10] [INFO] [1773804784.104320601] [controller_server]: Passing new path to controller.
[controller_server-10] [INFO] [1773804784.304319359] [controller_server]: Passing new path to controller.
[controller_server-10] [INFO] [1773804784.404322675] [controller_server]: Passing new path to controller.
[controller_server-10] [INFO] [1773804784.504320741] [controller_server]: Passing new path to controller.
[controller_server-10] [INFO] [1773804784.604324057] [controller_server]: Passing new path to controller.
[controller_server-10] [INFO] [1773804784.804321356] [controller_server]: Passing new path to controller.
[controller_server-10] [INFO] [1773804784.904321172] [controller_server]: Passing new path to controller.
[controller_server-10] [INFO] [1773804785.004332363] [controller_server]: Passing new path to controller.
[controller_server-10] [INFO] [1773804785.204331412] [controller_server]: Passing new path to controller.
[controller_server-10] [INFO] [1773804785.304332395] [controller_server]: Passing new path to controller.
[controller_server-10] [INFO] [1773804785.404335419] [controller_server]: Passing new path to controller.
[controller_server-10] [INFO] [1773804785.504331444] [controller_server]: Passing new path to controller.
[controller_server-10] [INFO] [1773804785.704334576] [controller_server]: Passing new path to controller.
[controller_server-10] [INFO] [1773804785.804343725] [controller_server]: Passing new path to controller.
[controller_server-10] [INFO] [1773804785.904329251] [controller_server]: Passing new path to controller.
[controller_server-10] [INFO] [1773804786.104305259] [controller_server]: Passing new path to controller.
[controller_server-10] [INFO] [1773804786.204335991] [controller_server]: Passing new path to controller.
[controller_server-10] [ERROR] [1773804786.204874971] [controller_server]: Failed to make progress
[controller_server-10] [INFO] [1773804786.205455366] [controller_server]: Optimizer reset
[controller_server-10] [WARN] [1773804786.205482199] [controller_server]: [follow_path] [ActionServer] Aborting handle.
[controller_server-10] [INFO] [1773804786.235885300] [local_costmap.local_costmap]: Received request to clear entirely the local_costmap
[controller_server-10] [INFO] [1773804786.239894987] [local_costmap.local_costmap]: KeepoutFilter: Subscribing to "/keepout_costmap_filter_info" topic for filter info...
[planner_server-12] [INFO] [1773804786.244406614] [global_costmap.global_costmap]: Received request to clear entirely the global_costmap
[controller_server-10] [INFO] [1773804786.244682229] [local_costmap.local_costmap]: KeepoutFilter: Received filter info from /keepout_costmap_filter_info topic.
[controller_server-10] [INFO] [1773804786.244783434] [local_costmap.local_costmap]: KeepoutFilter: Subscribing to "/keepout_filter_mask" topic for filter mask...
[planner_server-12] [INFO] [1773804786.251902466] [global_costmap.global_costmap]: KeepoutFilter: Subscribing to "/keepout_costmap_filter_info" topic for filter info...
[controller_server-10] [INFO] [1773804786.259151577] [local_costmap.local_costmap]: Received request to clear entirely the local_costmap
[planner_server-12] [INFO] [1773804786.263589416] [global_costmap.global_costmap]: KeepoutFilter: Received filter info from /keepout_costmap_filter_info topic.
[planner_server-12] [INFO] [1773804786.263837032] [global_costmap.global_costmap]: KeepoutFilter: Subscribing to "/keepout_filter_mask" topic for filter mask...
[controller_server-10] [INFO] [1773804786.267987006] [local_costmap.local_costmap]: KeepoutFilter: Subscribing to "/keepout_costmap_filter_info" topic for filter info...
[controller_server-10] [INFO] [1773804786.279965903] [local_costmap.local_costmap]: KeepoutFilter: Received filter info from /keepout_costmap_filter_info topic.
[controller_server-10] [INFO] [1773804786.280088690] [local_costmap.local_costmap]: KeepoutFilter: Subscribing to "/keepout_filter_mask" topic for filter mask...
[planner_server-12] [INFO] [1773804786.283341530] [global_costmap.global_costmap]: Received request to clear entirely the global_costmap
[planner_server-12] [INFO] [1773804786.288360347] [global_costmap.global_costmap]: KeepoutFilter: Subscribing to "/keepout_costmap_filter_info" topic for filter info...
[planner_server-12] [INFO] [1773804786.299185744] [global_costmap.global_costmap]: KeepoutFilter: Received filter info from /keepout_costmap_filter_info topic.
[planner_server-12] [INFO] [1773804786.299232993] [global_costmap.global_costmap]: KeepoutFilter: Subscribing to "/keepout_filter_mask" topic for filter mask...
[controller_server-10] [WARN] [1773804786.307672352] [local_costmap.local_costmap]: KeepoutFilter: New filter mask arrived from /keepout_filter_mask topic. Updating old filter mask.
[planner_server-12] [WARN] [1773804786.322270029] [global_costmap.global_costmap]: KeepoutFilter: New filter mask arrived from /keepout_filter_mask topic. Updating old filter mask.
[controller_server-10] [INFO] [1773804786.458638187] [controller_server]: Received a goal, begin computing control effort.
[controller_server-10] [INFO] [1773804786.658969724] [controller_server]: Passing new path to controller.
[controller_server-10] [INFO] [1773804786.759035454] [controller_server]: Passing new path to controller.
[controller_server-10] [INFO] [1773804786.859010188] [controller_server]: Passing new path to controller.
[controller_server-10] [INFO] [1773804787.059043653] [controller_server]: Passing new path to controller.
[controller_server-10] [INFO] [1773804787.158944597] [controller_server]: Passing new path to controller.
[controller_server-10] [INFO] [1773804787.258964246] [controller_server]: Passing new path to controller.
[controller_server-10] [INFO] [1773804787.458961837] [controller_server]: Passing new path to controller.
[controller_server-10] [INFO] [1773804787.658946303] [controller_server]: Passing new path to controller.
[controller_server-10] [INFO] [1773804787.758949328] [controller_server]: Passing new path to controller.
[controller_server-10] [INFO] [1773804787.858958185] [controller_server]: Passing new path to controller.
[controller_server-10] [INFO] [1773804788.058975025] [controller_server]: Passing new path to controller.
[controller_server-10] [INFO] [1773804788.158970758] [controller_server]: Passing new path to controller.
[controller_server-10] [INFO] [1773804788.258941117] [controller_server]: Passing new path to controller.
[controller_server-10] [INFO] [1773804788.458964957] [controller_server]: Passing new path to controller.
[controller_server-10] [INFO] [1773804788.658950882] [controller_server]: Passing new path to controller.
[controller_server-10] [INFO] [1773804788.758987446] [controller_server]: Passing new path to controller.
[controller_server-10] [INFO] [1773804788.858956930] [controller_server]: Passing new path to controller.
[controller_server-10] [INFO] [1773804788.958975121] [controller_server]: Passing new path to controller.
[controller_server-10] [INFO] [1773804789.158952004] [controller_server]: Passing new path to controller.
[controller_server-10] [INFO] [1773804789.258946862] [controller_server]: Passing new path to controller.
[controller_server-10] [INFO] [1773804789.458979743] [controller_server]: Passing new path to controller.
[controller_server-10] [INFO] [1773804789.558945436] [controller_server]: Passing new path to controller.
[controller_server-10] [INFO] [1773804789.658954877] [controller_server]: Passing new path to controller.
[controller_server-10] [INFO] [1773804789.759039856] [controller_server]: Passing new path to controller.
[controller_server-10] [INFO] [1773804789.958944701] [controller_server]: Passing new path to controller.
[controller_server-10] [INFO] [1773804790.059126218] [controller_server]: Passing new path to controller.
[controller_server-10] [INFO] [1773804790.158938208] [controller_server]: Passing new path to controller.
[controller_server-10] [INFO] [1773804790.258938024] [controller_server]: Passing new path to controller.
[controller_server-10] [INFO] [1773804790.458944657] [controller_server]: Passing new path to controller.
[controller_server-10] [INFO] [1773804790.558942723] [controller_server]: Passing new path to controller.
[controller_server-10] [INFO] [1773804790.658942539] [controller_server]: Passing new path to controller.
[controller_server-10] [INFO] [1773804790.758937105] [controller_server]: Passing new path to controller.
[call_robot_button-22] 2026-03-18 10:33:10 mosquitto_pub -u smr -P smrbot25 -m "Production1,false" -t "Rsp" -r
[call_robot_button-22] [0m[INFO] [1773804790.879116895] [call_robot_button_node]: call_switch notified: station=Production1 status=false.[0m
[controller_server-10] [INFO] [1773804790.958977278] [controller_server]: Passing new path to controller.
[controller_server-10] [INFO] [1773804791.058979719] [controller_server]: Passing new path to controller.
[controller_server-10] [INFO] [1773804791.158943953] [controller_server]: Passing new path to controller.
[controller_server-10] [INFO] [1773804791.258977893] [controller_server]: Passing new path to controller.
[controller_server-10] [INFO] [1773804791.459051023] [controller_server]: Passing new path to controller.
[controller_server-10] [INFO] [1773804791.558979675] [controller_server]: Passing new path to controller.
[controller_server-10] [INFO] [1773804791.659030823] [controller_server]: Passing new path to controller.
[controller_server-10] [INFO] [1773804791.858962208] [controller_server]: Passing new path to controller.
[controller_server-10] [INFO] [1773804791.958975732] [controller_server]: Passing new path to controller.
[controller_server-10] [INFO] [1773804792.058958923] [controller_server]: Passing new path to controller.
[controller_server-10] [INFO] [1773804792.259257795] [controller_server]: Passing new path to controller.
[controller_server-10] [INFO] [1773804792.359056077] [controller_server]: Passing new path to controller.
[controller_server-10] [INFO] [1773804792.458977437] [controller_server]: Passing new path to controller.
[controller_server-10] [INFO] [1773804792.658976487] [controller_server]: Passing new path to controller.
[controller_server-10] [INFO] [1773804792.758999635] [controller_server]: Passing new path to controller.
[controller_server-10] [INFO] [1773804792.858983994] [controller_server]: Passing new path to controller.
[controller_server-10] [INFO] [1773804793.058966127] [controller_server]: Passing new path to controller.
[controller_server-10] [INFO] [1773804793.158971776] [controller_server]: Passing new path to controller.
[controller_server-10] [INFO] [1773804793.258963426] [controller_server]: Passing new path to controller.
[controller_server-10] [INFO] [1773804793.458967141] [controller_server]: Passing new path to controller.
[controller_server-10] [INFO] [1773804793.658980482] [controller_server]: Passing new path to controller.
[robot_sound-21] [0m[INFO] [1773804793.729701239] [robot_sound_node]: Obstacle detected but sound alarm disabled.[0m
[controller_server-10] [INFO] [1773804793.758959299] [controller_server]: Passing new path to controller.
[controller_server-10] [INFO] [1773804793.858964948] [controller_server]: Passing new path to controller.
[controller_server-10] [INFO] [1773804793.958943765] [controller_server]: Passing new path to controller.
[controller_server-10] [INFO] [1773804794.158948355] [controller_server]: Passing new path to controller.
[controller_server-10] [INFO] [1773804794.258945838] [controller_server]: Passing new path to controller.
[controller_server-10] [INFO] [1773804794.358948863] [controller_server]: Passing new path to controller.
[controller_server-10] [INFO] [1773804794.558946745] [controller_server]: Passing new path to controller.
[controller_server-10] [INFO] [1773804794.658978644] [controller_server]: Passing new path to controller.
[controller_server-10] [INFO] [1773804794.758987793] [controller_server]: Passing new path to controller.
[controller_server-10] [INFO] [1773804794.858974484] [controller_server]: Passing new path to controller.
[controller_server-10] [INFO] [1773804795.058991033] [controller_server]: Passing new path to controller.
[controller_server-10] [INFO] [1773804795.158958475] [controller_server]: Passing new path to controller.
[controller_server-10] [INFO] [1773804795.258985999] [controller_server]: Passing new path to controller.
[controller_server-10] [INFO] [1773804795.459030546] [controller_server]: Passing new path to controller.
[controller_server-10] [INFO] [1773804795.559040862] [controller_server]: Passing new path to controller.
[controller_server-10] [INFO] [1773804795.659044470] [controller_server]: Passing new path to controller.
[controller_server-10] [INFO] [1773804795.858951939] [controller_server]: Passing new path to controller.
[controller_server-10] [INFO] [1773804795.958945922] [controller_server]: Passing new path to controller.
[controller_server-10] [INFO] [1773804796.058949530] [controller_server]: Passing new path to controller.
[controller_server-10] [INFO] [1773804796.158948762] [controller_server]: Passing new path to controller.
[controller_server-10] [INFO] [1773804796.358982227] [controller_server]: Passing new path to controller.
[controller_server-10] [INFO] [1773804796.458981460] [controller_server]: Passing new path to controller.
[controller_server-10] [ERROR] [1773804796.460153625] [controller_server]: Failed to make progress
[controller_server-10] [INFO] [1773804796.461802065] [controller_server]: Optimizer reset
[controller_server-10] [WARN] [1773804796.461907937] [controller_server]: [follow_path] [ActionServer] Aborting handle.
[controller_server-10] [INFO] [1773804796.487919864] [local_costmap.local_costmap]: Received request to clear entirely the local_costmap
[controller_server-10] [INFO] [1773804796.492348370] [local_costmap.local_costmap]: KeepoutFilter: Subscribing to "/keepout_costmap_filter_info" topic for filter info...
[controller_server-10] [INFO] [1773804796.496080109] [local_costmap.local_costmap]: KeepoutFilter: Received filter info from /keepout_costmap_filter_info topic.
[controller_server-10] [INFO] [1773804796.496190646] [local_costmap.local_costmap]: KeepoutFilter: Subscribing to "/keepout_filter_mask" topic for filter mask...
[controller_server-10] [INFO] [1773804796.496706294] [controller_server]: Received a goal, begin computing control effort.
[controller_server-10] [WARN] [1773804796.516584987] [local_costmap.local_costmap]: KeepoutFilter: New filter mask arrived from /keepout_filter_mask topic. Updating old filter mask.
[controller_server-10] [INFO] [1773804796.557229007] [controller_server]: Passing new path to controller.
[controller_server-10] [INFO] [1773804796.697004874] [controller_server]: Passing new path to controller.
[controller_server-10] [INFO] [1773804796.796967358] [controller_server]: Passing new path to controller.
[controller_server-10] [INFO] [1773804796.996908368] [controller_server]: Passing new path to controller.
[controller_server-10] [INFO] [1773804797.096908476] [controller_server]: Passing new path to controller.
[controller_server-10] [INFO] [1773804797.196928416] [controller_server]: Passing new path to controller.
[controller_server-10] [INFO] [1773804797.296897025] [controller_server]: Passing new path to controller.
[controller_server-10] [INFO] [1773804797.496901907] [controller_server]: Passing new path to controller.
[controller_server-10] [INFO] [1773804797.596911640] [controller_server]: Passing new path to controller.
[controller_server-10] [INFO] [1773804797.696903581] [controller_server]: Passing new path to controller.
[controller_server-10] [INFO] [1773804797.896904089] [controller_server]: Passing new path to controller.
[controller_server-10] [INFO] [1773804798.096892346] [controller_server]: Passing new path to controller.
[controller_server-10] [INFO] [1773804798.196892746] [controller_server]: Passing new path to controller.
[controller_server-10] [INFO] [1773804798.296943310] [controller_server]: Passing new path to controller.
[controller_server-10] [INFO] [1773804798.496893944] [controller_server]: Passing new path to controller.
[controller_server-10] [INFO] [1773804798.596905427] [controller_server]: Passing new path to controller.
[controller_server-10] [INFO] [1773804798.796899518] [controller_server]: Passing new path to controller.
[controller_server-10] [INFO] [1773804798.896932291] [controller_server]: Passing new path to controller.
[controller_server-10] [INFO] [1773804798.996895359] [controller_server]: Passing new path to controller.
[controller_server-10] [INFO] [1773804799.196939614] [controller_server]: Passing new path to controller.
[controller_server-10] [INFO] [1773804799.296892474] [controller_server]: Passing new path to controller.
[controller_server-10] [INFO] [1773804799.396937205] [controller_server]: Passing new path to controller.
[controller_server-10] [INFO] [1773804799.496951896] [controller_server]: Passing new path to controller.
[controller_server-10] [INFO] [1773804799.696893197] [controller_server]: Passing new path to controller.
[controller_server-10] [INFO] [1773804799.796945511] [controller_server]: Passing new path to controller.
[controller_server-10] [INFO] [1773804799.896893413] [controller_server]: Passing new path to controller.
[controller_server-10] [INFO] [1773804799.996906062] [controller_server]: Passing new path to controller.
[controller_server-10] [INFO] [1773804800.196902486] [controller_server]: Passing new path to controller.
[controller_server-10] [INFO] [1773804800.296895594] [controller_server]: Passing new path to controller.
[controller_server-10] [INFO] [1773804800.396897160] [controller_server]: Passing new path to controller.
[controller_server-10] [INFO] [1773804800.596897668] [controller_server]: Passing new path to controller.
[controller_server-10] [INFO] [1773804800.696896026] [controller_server]: Passing new path to controller.
[controller_server-10] [INFO] [1773804800.796910425] [controller_server]: Passing new path to controller.
[controller_server-10] [INFO] [1773804800.896899158] [controller_server]: Passing new path to controller.
[controller_server-10] [INFO] [1773804801.096893249] [controller_server]: Passing new path to controller.
[controller_server-10] [INFO] [1773804801.196898315] [controller_server]: Passing new path to controller.
[controller_server-10] [INFO] [1773804801.296890839] [controller_server]: Passing new path to controller.
[controller_server-10] [INFO] [1773804801.396894156] [controller_server]: Passing new path to controller.
[controller_server-10] [INFO] [1773804801.596941911] [controller_server]: Passing new path to controller.
[controller_server-10] [INFO] [1773804801.696892729] [controller_server]: Passing new path to controller.
[controller_server-10] [INFO] [1773804801.796894879] [controller_server]: Passing new path to controller.
[controller_server-10] [INFO] [1773804801.996944968] [controller_server]: Passing new path to controller.
[controller_server-10] [INFO] [1773804802.096935742] [controller_server]: Passing new path to controller.
[controller_server-10] [INFO] [1773804802.196896185] [controller_server]: Passing new path to controller.
[controller_server-10] [INFO] [1773804802.296896585] [controller_server]: Passing new path to controller.
[controller_server-10] [INFO] [1773804802.496901424] [controller_server]: Passing new path to controller.
[controller_server-10] [INFO] [1773804802.596894589] [controller_server]: Passing new path to controller.
[delivery_robot_main_controller-20] [0m[INFO] [1773804802.638280484] [main_controller_node]: Canceling current goal.[0m
[controller_server-10] [INFO] [1773804802.696938502] [controller_server]: Cancellation was successful. Stopping the robot.
[controller_server-10] [INFO] [1773804802.696989833] [controller_server]: [follow_path] [ActionServer] Client requested to cancel the goal. Cancelling.
[bt_navigator-14] [INFO] [1773804802.697281780] [bt_navigator]: [navigate_through_poses] [ActionServer] Client requested to cancel the goal. Cancelling.
[bt_navigator-14] [INFO] [1773804802.697491189] [bt_navigator]: Goal canceled
[controller_server-10] [INFO] [1773804802.697773803] [controller_server]: Optimizer reset
[delivery_robot_main_controller-20] [0m[INFO] [1773804802.803875981] [main_controller_node]: Goal was canceled![0m
[delivery_robot_main_controller-20] [0m[INFO] [1773804802.807926199] [main_controller_node]: State change: MOVE -> PAUSED[0m
[delivery_robot_main_controller-20] [0m[INFO] [1773804802.819815529] [main_controller_node]: Robot is PAUSED. Awaiting user to switch to STANDBY.[0m
[delivery_robot_main_controller-20] [0m[INFO] [1773804802.820502961] [main_controller_node]: Robot is PAUSED. Awaiting user to switch to STANDBY.[0m
[delivery_robot_main_controller-20] [0m[INFO] [1773804802.852072321] [main_controller_node]: Current state: PAUSED, dock_state IDLE, charge_state NOT_CHARGE[0m
[delivery_robot_main_controller-20] [0m[INFO] [1773804803.562328659] [main_controller_node]: Current state: PAUSED, dock_state IDLE, charge_state NOT_CHARGE[0m
[robot_sound-21] [0m[INFO] [1773804803.820560022] [robot_sound_node]: Obstacle detected but sound alarm disabled.[0m
[delivery_robot_main_controller-20] [0m[INFO] [1773804804.563211979] [main_controller_node]: Current state: PAUSED, dock_state IDLE, charge_state NOT_CHARGE[0m
[delivery_robot_main_controller-20] [0m[INFO] [1773804805.563999053] [main_controller_node]: Current state: PAUSED, dock_state IDLE, charge_state NOT_CHARGE[0m
[delivery_robot_main_controller-20] [0m[INFO] [1773804806.563721002] [main_controller_node]: Current state: PAUSED, dock_state IDLE, charge_state NOT_CHARGE[0m
[delivery_robot_main_controller-20] [0m[INFO] [1773804807.600036657] [main_controller_node]: Current state: PAUSED, dock_state IDLE, charge_state NOT_CHARGE[0m
[delivery_robot_main_controller-20] [0m[INFO] [1773804808.611800764] [main_controller_node]: Current state: PAUSED, dock_state IDLE, charge_state NOT_CHARGE[0m
[delivery_robot_main_controller-20] [0m[INFO] [1773804809.555295351] [main_controller_node]: Current state: PAUSED, dock_state IDLE, charge_state NOT_CHARGE[0m
[delivery_robot_main_controller-20] [0m[INFO] [1773804810.555424159] [main_controller_node]: Current state: PAUSED, dock_state IDLE, charge_state NOT_CHARGE[0m
[delivery_robot_main_controller-20] [0m[INFO] [1773804811.566274509] [main_controller_node]: Current state: PAUSED, dock_state IDLE, charge_state NOT_CHARGE[0m
[delivery_robot_main_controller-20] [0m[INFO] [1773804812.580647765] [main_controller_node]: Current state: PAUSED, dock_state IDLE, charge_state NOT_CHARGE[0m
[delivery_robot_main_controller-20] [0m[INFO] [1773804813.560901718] [main_controller_node]: Current state: PAUSED, dock_state IDLE, charge_state NOT_CHARGE[0m
[robot_sound-21] [0m[INFO] [1773804814.417454134] [robot_sound_node]: Obstacle detected but sound alarm disabled.[0m
[delivery_robot_main_controller-20] [0m[INFO] [1773804814.562799708] [main_controller_node]: Current state: PAUSED, dock_state IDLE, charge_state NOT_CHARGE[0m
[delivery_robot_main_controller-20] [0m[INFO] [1773804815.556601344] [main_controller_node]: Current state: PAUSED, dock_state IDLE, charge_state NOT_CHARGE[0m
[bash-27] 4
[bash-27] queue action->Request :  current state-> STANDBY : previous state-> 
[bash-27] queue action->Request :  current state-> MOVE : previous state-> STANDBY
[bash-27] Queue empty: current state-> MOVE : queue_action-> Request
[bash-27] Queue empty: current state-> MOVE : queue_action-> Request
[bash-27] Queue empty: current state-> MOVE : queue_action-> Request
[bash-27] Queue empty: current state-> MOVE : queue_action-> Request
[bash-27] Queue empty: current state-> MOVE : queue_action-> Request
[bash-27] Queue empty: current state-> MOVE : queue_action-> Request
[bash-27] Queue empty: current state-> MOVE : queue_action-> Request
[bash-27] Queue empty: current state-> MOVE : queue_action-> Request
[bash-27] Queue empty: current state-> MOVE : queue_action-> Request
[bash-27] Queue empty: current state-> MOVE : queue_action-> Request
[bash-27] Queue empty: current state-> MOVE : queue_action-> Request
[bash-27] Queue empty: current state-> MOVE : queue_action-> Request
[bash-27] Queue empty: current state-> MOVE : queue_action-> Request
[bash-27] Queue empty: current state-> MOVE : queue_action-> Request
[bash-27] Queue empty: current state-> MOVE : queue_action-> Request
[bash-27] Queue empty: current state-> MOVE : queue_action-> Request
[bash-27] Queue empty: current state-> MOVE : queue_action-> Request
[bash-27] Queue empty: current state-> MOVE : queue_action-> Request
[bash-27] Queue empty: current state-> MOVE : queue_action-> Request
[bash-27] Queue empty: current state-> MOVE : queue_action-> Request
[bash-27] Queue empty: current state-> MOVE : queue_action-> Request
[bash-27] Queue empty: current state-> MOVE : queue_action-> Request
[bash-27] Queue empty: current state-> MOVE : queue_action-> Request
[bash-27] Queue empty: current state-> MOVE : queue_action-> Request
[bash-27] Queue empty: current state-> MOVE : queue_action-> Request
[bash-27] Queue empty: current state-> MOVE : queue_action-> Request
[bash-27] Queue empty: current state-> MOVE : queue_action-> Request
[bash-27] Queue empty: current state-> MOVE : queue_action-> Request
[bash-27] Queue empty: current state-> MOVE : queue_action-> Request
[bash-27] Queue empty: current state-> MOVE : queue_action-> Request
[bash-27] Queue empty: current state-> MOVE : queue_action-> Request
[bash-27] Queue empty: current state-> MOVE : queue_action-> Request
[bash-27] Queue empty: current state-> MOVE : queue_action-> Request
[bash-27] Queue empty: current state-> MOVE : queue_action-> Request
[bash-27] Queue empty: current state-> MOVE : queue_action-> Request
[bash-27] Queue empty: current state-> MOVE : queue_action-> Request
[bash-27] Queue empty: current state-> MOVE : queue_action-> Request
[bash-27] Queue empty: current state-> MOVE : queue_action-> Request
[bash-27] Queue empty: current state-> MOVE : queue_action-> Request
[bash-27] Queue empty: current state-> MOVE : queue_action-> Request
[bash-27] Queue empty: current state-> MOVE : queue_action-> Request
[bash-27] Queue empty: current state-> MOVE : queue_action-> Request
[bash-27] Queue empty: current state-> MOVE : queue_action-> Request
[bash-27] Queue empty: current state-> MOVE : queue_action-> Request
[bash-27] Queue empty: current state-> MOVE : queue_action-> Request
[bash-27] Queue empty: current state-> MOVE : queue_action-> Request
[bash-27] Queue empty: current state-> MOVE : queue_action-> Request
[bash-27] Queue empty: current state-> MOVE : queue_action-> Request
[bash-27] Queue empty: current state-> MOVE : queue_action-> Request
[bash-27] Queue empty: current state-> MOVE : queue_action-> Request
[bash-27] Queue empty: current state-> MOVE : queue_action-> Request
[bash-27] Queue empty: current state-> MOVE : queue_action-> Request
[bash-27] Queue empty: current state-> MOVE : queue_action-> Request
[bash-27] Queue empty: current state-> MOVE : queue_action-> Request
[bash-27] Queue empty: current state-> MOVE : queue_action-> Request
[bash-27] Queue empty: current state-> MOVE : queue_action-> Request
[bash-27] Queue empty: current state-> MOVE : queue_action-> Request
[bash-27] Queue empty: current state-> MOVE : queue_action-> Request
[bash-27] Queue empty: current state-> MOVE : queue_action-> Request
[bash-27] Queue empty: current state-> MOVE : queue_action-> Request
[bash-27] Queue empty: current state-> MOVE : queue_action-> Request
[bash-27] Queue empty: current state-> MOVE : queue_action-> Request
[bash-27] Queue empty: current state-> PAUSED : queue_action-> Request
[bash-27] queue action->Request :  current state-> PAUSED : previous state-> MOVE
[bash-27] Queue empty: current state-> PAUSED : queue_action-> Request
[bash-27] Queue empty: current state-> PAUSED : queue_action-> Request
[bash-27] Queue empty: current state-> PAUSED : queue_action-> Request
[bash-27] Queue empty: current state-> PAUSED : queue_action-> Request
[bash-27] Queue empty: current state-> PAUSED : queue_action-> Request
[bash-27] Queue empty: current state-> PAUSED : queue_action-> Request
[bash-27] Queue empty: current state-> PAUSED : queue_action-> Request
[bash-27] Queue empty: current state-> PAUSED : queue_action-> Request
[bash-27] Queue empty: current state-> PAUSED : queue_action-> Request
[bash-27] Queue empty: current state-> PAUSED : queue_action-> Request
[bash-27] Queue empty: current state-> PAUSED : queue_action-> Request
[bash-27] Queue empty: current state-> PAUSED : queue_action-> Request
[bash-27] Queue empty: current state-> PAUSED : queue_action-> Request
[bash-27] Queue empty: current state-> PAUSED : queue_action-> Request
[bash-27] Queue empty: current state-> PAUSED : queue_action-> Request
[bash-27] Queue empty: current state-> PAUSED : queue_action-> Request
[bash-27] Queue empty: current state-> PAUSED : queue_action-> Request
[bash-27] Queue empty: current state-> PAUSED : queue_action-> Request
[bash-27] Queue empty: current state-> PAUSED : queue_action-> Request
[bash-27] Queue empty: current state-> PAUSED : queue_action-> Request
[bash-27] Queue empty: current state-> PAUSED : queue_action-> Request
[bash-27] Queue empty: current state-> PAUSED : queue_action-> Request
[bash-27] Queue empty: current state-> PAUSED : queue_action-> Request
[bash-27] Queue empty: current state-> PAUSED : queue_action-> Request
[bash-27] Queue empty: current state-> PAUSED : queue_action-> Request
[bash-27] Queue empty: current state-> PAUSED : queue_action-> Request
[bash-27] Queue empty: current state-> PAUSED : queue_action-> Request
[bash-27] Queue empty: current state-> PAUSED : queue_action-> Request
[bash-27] Queue empty: current state-> PAUSED : queue_action-> Request
[bash-27] Queue empty: current state-> PAUSED : queue_action-> Request
[bash-27] Queue empty: current state-> PAUSED : queue_action-> Request
[bash-27] Queue empty: current state-> PAUSED : queue_action-> Request
[bash-27] Queue empty: current state-> PAUSED : queue_action-> Request
[bash-27] Queue empty: current state-> PAUSED : queue_action-> Request
[bash-27] Queue empty: current state-> PAUSED : queue_action-> Request
[bash-27] Queue empty: current state-> PAUSED : queue_action-> Request
[bash-27] Queue empty: current state-> PAUSED : queue_action-> Request
[bash-27] Queue empty: current state-> PAUSED : queue_action-> Request
[bash-27] Queue empty: current state-> PAUSED : queue_action-> Request
[bash-27] Queue empty: current state-> PAUSED : queue_action-> Request
[bash-27] Queue empty: current state-> PAUSED : queue_action-> Request
[bash-27] Queue empty: current state-> PAUSED : queue_action-> Request
[bash-27] Queue empty: current state-> PAUSED : queue_action-> Request
[bash-27] Queue empty: current state-> PAUSED : queue_action-> Request
[bash-27] Queue empty: current state-> PAUSED : queue_action-> Request
[bash-27] Queue empty: current state-> PAUSED : queue_action-> Request
[bash-27] Queue empty: current state-> PAUSED : queue_action-> Request
[bash-27] Queue empty: current state-> PAUSED : queue_action-> Request
[bash-27] Queue empty: current state-> PAUSED : queue_action-> Request
[bash-27] Queue empty: current state-> PAUSED : queue_action-> Request
[bash-27] Queue empty: current state-> PAUSED : queue_action-> Request
[bash-27] Queue empty: current state-> PAUSED : queue_action-> Request
[bash-27] Queue empty: current state-> PAUSED : queue_action-> Request
[bash-27] Queue empty: current state-> PAUSED : queue_action-> Request
[bash-27] Queue empty: current state-> PAUSED : queue_action-> Request
[bash-27] Queue empty: current state-> PAUSED : queue_action-> Request
[bash-27] Queue empty: current state-> PAUSED : queue_action-> Request
[bash-27] Queue empty: current state-> PAUSED : queue_action-> Request
[bash-27] Queue empty: current state-> PAUSED : queue_action-> Request
[bash-27] Queue empty: current state-> PAUSED : queue_action-> Request
[bash-27] Queue empty: current state-> PAUSED : queue_action-> Request
[bash-27] Queue empty: current state-> PAUSED : queue_action-> Request
[bash-27] Queue empty: current state-> PAUSED : queue_action-> Request
[bash-27] Queue empty: current state-> PAUSED : queue_action-> Request
[bash-27] Queue empty: current state-> PAUSED : queue_action-> Request
[bash-27] Queue empty: current state-> PAUSED : queue_action-> Request
[bash-27] Queue empty: current state-> PAUSED : queue_action-> Request
[bash-27] Queue empty: current state-> PAUSED : queue_action-> Request
[bash-27] Queue empty: current state-> PAUSED : queue_action-> Request
[delivery_robot_main_controller-20] [0m[INFO] [1773804816.617040689] [main_controller_node]: Current state: PAUSED, dock_state IDLE, charge_state NOT_CHARGE[0m
[delivery_robot_main_controller-20] [0m[INFO] [1773804817.570980038] [main_controller_node]: Current state: PAUSED, dock_state IDLE, charge_state NOT_CHARGE[0m
[delivery_robot_main_controller-20] [0m[INFO] [1773804818.569677693] [main_controller_node]: Current state: PAUSED, dock_state IDLE, charge_state NOT_CHARGE[0m
[delivery_robot_main_controller-20] [0m[INFO] [1773804819.566250930] [main_controller_node]: Current state: PAUSED, dock_state IDLE, charge_state NOT_CHARGE[0m
[delivery_robot_main_controller-20] [0m[INFO] [1773804820.563617179] [main_controller_node]: Current state: PAUSED, dock_state IDLE, charge_state NOT_CHARGE[0m
[delivery_robot_main_controller-20] [0m[INFO] [1773804821.582111524] [main_controller_node]: Current state: PAUSED, dock_state IDLE, charge_state NOT_CHARGE[0m
[delivery_robot_main_controller-20] [0m[INFO] [1773804822.593125785] [main_controller_node]: Current state: PAUSED, dock_state IDLE, charge_state NOT_CHARGE[0m
[call_robot_button-22] 2026-03-18 10:33:42 mosquitto_pub -u smr -P smrbot25 -m "Production1,true" -t "Rsp" -r
[call_robot_button-22] [0m[INFO] [1773804822.877924619] [call_robot_button_node]: call_switch notified: station=Production1 status=true.[0m
[delivery_robot_main_controller-20] [0m[INFO] [1773804823.577172425] [main_controller_node]: Current state: PAUSED, dock_state IDLE, charge_state NOT_CHARGE[0m
[delivery_robot_main_controller-20] [0m[INFO] [1773804824.573226224] [main_controller_node]: Current state: PAUSED, dock_state IDLE, charge_state NOT_CHARGE[0m
[delivery_robot_main_controller-20] [0m[INFO] [1773804825.563441958] [main_controller_node]: Current state: PAUSED, dock_state IDLE, charge_state NOT_CHARGE[0m
[delivery_robot_main_controller-20] [0m[INFO] [1773804826.556694116] [main_controller_node]: Current state: PAUSED, dock_state IDLE, charge_state NOT_CHARGE[0m
[robot_sound-21] [0m[INFO] [1773804827.319424212] [robot_sound_node]: Obstacle detected but sound alarm disabled.[0m
[delivery_robot_main_controller-20] [0m[INFO] [1773804827.624212811] [main_controller_node]: Current state: PAUSED, dock_state IDLE, charge_state NOT_CHARGE[0m
[delivery_robot_main_controller-20] [0m[INFO] [1773804828.621468522] [main_controller_node]: Current state: PAUSED, dock_state IDLE, charge_state NOT_CHARGE[0m
[delivery_robot_main_controller-20] [0m[INFO] [1773804829.577459375] [main_controller_node]: Current state: PAUSED, dock_state IDLE, charge_state NOT_CHARGE[0m
[delivery_robot_main_controller-20] [0m[INFO] [1773804830.563244572] [main_controller_node]: Current state: PAUSED, dock_state IDLE, charge_state NOT_CHARGE[0m
[delivery_robot_main_controller-20] [0m[INFO] [1773804831.561773651] [main_controller_node]: Current state: PAUSED, dock_state IDLE, charge_state NOT_CHARGE[0m
[delivery_robot_main_controller-20] [0m[INFO] [1773804832.588768000] [main_controller_node]: Current state: PAUSED, dock_state IDLE, charge_state NOT_CHARGE[0m
[delivery_robot_main_controller-20] [0m[INFO] [1773804833.581135276] [main_controller_node]: Current state: PAUSED, dock_state IDLE, charge_state NOT_CHARGE[0m
[delivery_robot_main_controller-20] [0m[INFO] [1773804834.561626345] [main_controller_node]: Current state: PAUSED, dock_state IDLE, charge_state NOT_CHARGE[0m
[delivery_robot_main_controller-20] [0m[INFO] [1773804835.557431362] [main_controller_node]: Current state: PAUSED, dock_state IDLE, charge_state NOT_CHARGE[0m
[delivery_robot_main_controller-20] [0m[INFO] [1773804836.562603183] [main_controller_node]: Current state: PAUSED, dock_state IDLE, charge_state NOT_CHARGE[0m
[delivery_robot_main_controller-20] [0m[INFO] [1773804837.560975934] [main_controller_node]: Current state: PAUSED, dock_state IDLE, charge_state NOT_CHARGE[0m
[delivery_robot_main_controller-20] [0m[INFO] [1773804838.570829407] [main_controller_node]: Current state: PAUSED, dock_state IDLE, charge_state NOT_CHARGE[0m
[delivery_robot_main_controller-20] [0m[INFO] [1773804839.589355835] [main_controller_node]: Current state: PAUSED, dock_state IDLE, charge_state NOT_CHARGE[0m
[delivery_robot_main_controller-20] [0m[INFO] [1773804840.628686915] [main_controller_node]: Current state: PAUSED, dock_state IDLE, charge_state NOT_CHARGE[0m
[delivery_robot_main_controller-20] [0m[INFO] [1773804841.558725690] [main_controller_node]: Current state: PAUSED, dock_state IDLE, charge_state NOT_CHARGE[0m
[delivery_robot_main_controller-20] [0m[INFO] [1773804842.562839677] [main_controller_node]: Current state: PAUSED, dock_state IDLE, charge_state NOT_CHARGE[0m
[delivery_robot_main_controller-20] [0m[INFO] [1773804842.826247048] [main_controller_node]: Pause cleared to STANDBY via API/GUI.[0m
[delivery_robot_main_controller-20] [0m[INFO] [1773804842.826944687] [main_controller_node]: State change: PAUSED -> STANDBY[0m
[delivery_robot_main_controller-20] [0m[INFO] [1773804842.831222688] [main_controller_node]: Robot is in STANDBY mode.[0m
[delivery_robot_main_controller-20] [0m[INFO] [1773804843.588283878] [main_controller_node]: Current state: STANDBY, dock_state IDLE, charge_state NOT_CHARGE[0m
[delivery_robot_main_controller-20] [0m[INFO] [1773804843.674832898] [main_controller_node]: 1 pending queues [0m
[delivery_robot_main_controller-20] [0m[INFO] [1773804843.678637833] [main_controller_node]: Queue action: Request[0m
[delivery_robot_main_controller-20] [0m[INFO] [1773804843.707482548] [main_controller_node]: AGV start_pos: x=-0.02, y=-0.01[0m
[delivery_robot_main_controller-20] [0m[INFO] [1773804843.708011320] [main_controller_node]: AGV goal_pos: x=3.40, y=-0.73[0m
[delivery_robot_main_controller-20] Graph before shortest_path: Graph with 11 nodes and 10 edges
[delivery_robot_main_controller-20] [0m[INFO] [1773804843.731190921] [main_controller_node]: Computed AGV path waypoints:[0m
[delivery_robot_main_controller-20] [0m[INFO] [1773804843.731797564] [main_controller_node]:   Waypoint 0: x=-0.02, y=-0.01[0m
[delivery_robot_main_controller-20] [0m[INFO] [1773804843.732342668] [main_controller_node]:   Waypoint 1: x=1.99, y=-1.51[0m
[delivery_robot_main_controller-20] [0m[INFO] [1773804843.733795403] [main_controller_node]:   Waypoint 2: x=3.40, y=-0.73[0m
[delivery_robot_main_controller-20] [0m[INFO] [1773804843.735314928] [main_controller_node]: Navigating with 3 goals....[0m
[bt_navigator-14] [INFO] [1773804843.736381220] [bt_navigator]: Begin navigating from current location through 3 poses to (3.40, -0.73)
[controller_server-10] [INFO] [1773804843.736909116] [local_costmap.local_costmap]: Received request to clear entirely the local_costmap
[controller_server-10] [INFO] [1773804843.741727554] [local_costmap.local_costmap]: KeepoutFilter: Subscribing to "/keepout_costmap_filter_info" topic for filter info...
[controller_server-10] [INFO] [1773804843.745966473] [local_costmap.local_costmap]: KeepoutFilter: Received filter info from /keepout_costmap_filter_info topic.
[controller_server-10] [INFO] [1773804843.746100926] [local_costmap.local_costmap]: KeepoutFilter: Subscribing to "/keepout_filter_mask" topic for filter mask...
[planner_server-12] [INFO] [1773804843.748165263] [global_costmap.global_costmap]: Received request to clear entirely the global_costmap
[planner_server-12] [INFO] [1773804843.753122237] [global_costmap.global_costmap]: KeepoutFilter: Subscribing to "/keepout_costmap_filter_info" topic for filter info...
[planner_server-12] [INFO] [1773804843.763822781] [global_costmap.global_costmap]: KeepoutFilter: Received filter info from /keepout_costmap_filter_info topic.
[planner_server-12] [INFO] [1773804843.763948776] [global_costmap.global_costmap]: KeepoutFilter: Subscribing to "/keepout_filter_mask" topic for filter mask...
[controller_server-10] [WARN] [1773804843.768521640] [local_costmap.local_costmap]: KeepoutFilter: New filter mask arrived from /keepout_filter_mask topic. Updating old filter mask.
[planner_server-12] [WARN] [1773804843.780354390] [global_costmap.global_costmap]: KeepoutFilter: New filter mask arrived from /keepout_filter_mask topic. Updating old filter mask.
[delivery_robot_main_controller-20] [0m[INFO] [1773804843.905050180] [main_controller_node]: State change: STANDBY -> MOVE[0m
[delivery_robot_main_controller-20] [0m[INFO] [1773804843.917251582] [main_controller_node]: Robot is MOVING.[0m
[controller_server-10] [INFO] [1773804843.960349203] [controller_server]: Received a goal, begin computing control effort.
[robot_sound-21] [0m[INFO] [1773804844.113125280] [robot_sound_node]: Obstacle detected but sound alarm disabled.[0m
[controller_server-10] [INFO] [1773804844.160661312] [controller_server]: Passing new path to controller.
[controller_server-10] [INFO] [1773804844.260654768] [controller_server]: Passing new path to controller.
[controller_server-10] [INFO] [1773804844.460654514] [controller_server]: Passing new path to controller.
[controller_server-10] [INFO] [1773804844.660663010] [controller_server]: Passing new path to controller.
[controller_server-10] [INFO] [1773804844.760669591] [controller_server]: Passing new path to controller.
[controller_server-10] [INFO] [1773804844.860681713] [controller_server]: Passing new path to controller.
[call_robot_button-22] 2026-03-18 10:34:04 mosquitto_pub -u smr -P smrbot25 -m "Production1,blink" -t "Rsp" -r
[call_robot_button-22] [0m[INFO] [1773804844.880767143] [call_robot_button_node]: call_switch notified: station=Production1 status=blink.[0m
[controller_server-10] [INFO] [1773804845.060660752] [controller_server]: Passing new path to controller.
[controller_server-10] [INFO] [1773804845.160663250] [controller_server]: Passing new path to controller.
[controller_server-10] [INFO] [1773804845.260660206] [controller_server]: Passing new path to controller.
[controller_server-10] [INFO] [1773804845.360655413] [controller_server]: Passing new path to controller.
[controller_server-10] [INFO] [1773804845.560661867] [controller_server]: Passing new path to controller.
[controller_server-10] [INFO] [1773804845.660660865] [controller_server]: Passing new path to controller.
[controller_server-10] [INFO] [1773804845.760655488] [controller_server]: Passing new path to controller.
[controller_server-10] [INFO] [1773804845.960662233] [controller_server]: Passing new path to controller.
[controller_server-10] [INFO] [1773804846.060659773] [controller_server]: Passing new path to controller.
[controller_server-10] [INFO] [1773804846.160662563] [controller_server]: Passing new path to controller.
[controller_server-10] [INFO] [1773804846.260635020] [controller_server]: Passing new path to controller.
[controller_server-10] [INFO] [1773804846.460660723] [controller_server]: Passing new path to controller.
[controller_server-10] [INFO] [1773804846.560658555] [controller_server]: Passing new path to controller.
[controller_server-10] [INFO] [1773804846.660663969] [controller_server]: Passing new path to controller.
[controller_server-10] [INFO] [1773804846.860655840] [controller_server]: Passing new path to controller.
[controller_server-10] [INFO] [1773804846.960655713] [controller_server]: Passing new path to controller.
[controller_server-10] [INFO] [1773804847.060658211] [controller_server]: Passing new path to controller.
[controller_server-10] [INFO] [1773804847.260666998] [controller_server]: Passing new path to controller.
[controller_server-10] [INFO] [1773804847.360658997] [controller_server]: Passing new path to controller.
[controller_server-10] [INFO] [1773804847.560628702] [controller_server]: Passing new path to controller.
[controller_server-10] [INFO] [1773804847.660630617] [controller_server]: Passing new path to controller.
[controller_server-10] [INFO] [1773804847.760717111] [controller_server]: Passing new path to controller.
[controller_server-10] [INFO] [1773804847.960635777] [controller_server]: Passing new path to controller.
[controller_server-10] [INFO] [1773804848.160630565] [controller_server]: Passing new path to controller.
[controller_server-10] [INFO] [1773804848.260631896] [controller_server]: Passing new path to controller.
[controller_server-10] [INFO] [1773804848.360628561] [controller_server]: Passing new path to controller.
[controller_server-10] [INFO] [1773804848.460628142] [controller_server]: Passing new path to controller.
[controller_server-10] [INFO] [1773804848.660629346] [controller_server]: Passing new path to controller.
[controller_server-10] [INFO] [1773804848.760625719] [controller_server]: Passing new path to controller.
[controller_server-10] [INFO] [1773804848.860628509] [controller_server]: Passing new path to controller.
[controller_server-10] [INFO] [1773804849.060635255] [controller_server]: Passing new path to controller.
[controller_server-10] [INFO] [1773804849.160634836] [controller_server]: Passing new path to controller.
[controller_server-10] [INFO] [1773804849.260632084] [controller_server]: Passing new path to controller.
[controller_server-10] [INFO] [1773804849.360625249] [controller_server]: Passing new path to controller.
[controller_server-10] [INFO] [1773804849.560630245] [controller_server]: Passing new path to controller.
[controller_server-10] [INFO] [1773804849.660629534] [controller_server]: Passing new path to controller.
[controller_server-10] [INFO] [1773804849.760633490] [controller_server]: Passing new path to controller.
[controller_server-10] [INFO] [1773804849.960629445] [controller_server]: Passing new path to controller.
[controller_server-10] [INFO] [1773804850.060629901] [controller_server]: Passing new path to controller.
[controller_server-10] [INFO] [1773804850.160631232] [controller_server]: Passing new path to controller.
[controller_server-10] [INFO] [1773804850.260627897] [controller_server]: Passing new path to controller.
[controller_server-10] [INFO] [1773804850.460630560] [controller_server]: Passing new path to controller.
[controller_server-10] [INFO] [1773804850.560634224] [controller_server]: Passing new path to controller.
[controller_server-10] [INFO] [1773804850.660634389] [controller_server]: Passing new path to controller.
[controller_server-10] [INFO] [1773804850.860632968] [controller_server]: Passing new path to controller.
[controller_server-10] [INFO] [1773804850.960630799] [controller_server]: Passing new path to controller.
[controller_server-10] [INFO] [1773804851.060632131] [controller_server]: Passing new path to controller.
[controller_server-10] [INFO] [1773804851.160639295] [controller_server]: Passing new path to controller.
[controller_server-10] [INFO] [1773804851.360642249] [controller_server]: Passing new path to controller.
[controller_server-10] [INFO] [1773804851.460640372] [controller_server]: Passing new path to controller.
[controller_server-10] [INFO] [1773804851.560635579] [controller_server]: Passing new path to controller.
[controller_server-10] [INFO] [1773804851.760639116] [controller_server]: Passing new path to controller.
[controller_server-10] [INFO] [1773804851.860643364] [controller_server]: Passing new path to controller.
[controller_server-10] [INFO] [1773804851.960642070] [controller_server]: Passing new path to controller.
[controller_server-10] [INFO] [1773804852.060643693] [controller_server]: Passing new path to controller.
[controller_server-10] [INFO] [1773804852.160626358] [controller_server]: Passing new path to controller.
[controller_server-10] [INFO] [1773804852.360631937] [controller_server]: Passing new path to controller.
[controller_server-10] [INFO] [1773804852.560662307] [controller_server]: Passing new path to controller.
[controller_server-10] [INFO] [1773804852.660667430] [controller_server]: Passing new path to controller.
[controller_server-10] [INFO] [1773804852.760663511] [controller_server]: Passing new path to controller.
[controller_server-10] [INFO] [1773804852.960630300] [controller_server]: Passing new path to controller.
[controller_server-10] [INFO] [1773804853.160630629] [controller_server]: Passing new path to controller.
[controller_server-10] [INFO] [1773804853.260631669] [controller_server]: Passing new path to controller.
[controller_server-10] [INFO] [1773804853.360656624] [controller_server]: Passing new path to controller.
[controller_server-10] [INFO] [1773804853.560633038] [controller_server]: Passing new path to controller.
[controller_server-10] [INFO] [1773804853.660632619] [controller_server]: Passing new path to controller.
[controller_server-10] [INFO] [1773804853.760630742] [controller_server]: Passing new path to controller.
[controller_server-10] [INFO] [1773804853.860631782] [controller_server]: Passing new path to controller.
[controller_server-10] [ERROR] [1773804853.960734901] [controller_server]: Failed to make progress
[controller_server-10] [INFO] [1773804853.961357877] [controller_server]: Optimizer reset
[controller_server-10] [WARN] [1773804853.961401625] [controller_server]: [follow_path] [ActionServer] Aborting handle.
[controller_server-10] [INFO] [1773804853.979753747] [local_costmap.local_costmap]: Received request to clear entirely the local_costmap
[controller_server-10] [INFO] [1773804853.984689139] [local_costmap.local_costmap]: KeepoutFilter: Subscribing to "/keepout_costmap_filter_info" topic for filter info...
[controller_server-10] [INFO] [1773804853.989087010] [controller_server]: Received a goal, begin computing control effort.
[controller_server-10] [INFO] [1773804853.989347750] [local_costmap.local_costmap]: KeepoutFilter: Received filter info from /keepout_costmap_filter_info topic.
[controller_server-10] [INFO] [1773804853.989380415] [local_costmap.local_costmap]: KeepoutFilter: Subscribing to "/keepout_filter_mask" topic for filter mask...
[controller_server-10] [WARN] [1773804853.999450400] [local_costmap.local_costmap]: KeepoutFilter: New filter mask arrived from /keepout_filter_mask topic. Updating old filter mask.
[controller_server-10] [INFO] [1773804854.059293413] [controller_server]: Passing new path to controller.
[controller_server-10] [INFO] [1773804854.189306372] [controller_server]: Passing new path to controller.
[controller_server-10] [INFO] [1773804854.289305662] [controller_server]: Passing new path to controller.
[controller_server-10] [INFO] [1773804854.389603315] [controller_server]: Passing new path to controller.
[controller_server-10] [INFO] [1773804854.589297114] [controller_server]: Passing new path to controller.
[controller_server-10] [INFO] [1773804854.689294946] [controller_server]: Passing new path to controller.
[controller_server-10] [INFO] [1773804854.789299777] [controller_server]: Passing new path to controller.
[controller_server-10] [INFO] [1773804854.889292067] [controller_server]: Passing new path to controller.
[controller_server-10] [INFO] [1773804855.089390976] [controller_server]: Passing new path to controller.
[controller_server-10] [INFO] [1773804855.189333976] [controller_server]: Passing new path to controller.
[controller_server-10] [INFO] [1773804855.289297975] [controller_server]: Passing new path to controller.
[controller_server-10] [INFO] [1773804855.389325847] [controller_server]: Passing new path to controller.
[controller_server-10] [INFO] [1773804855.589325885] [controller_server]: Passing new path to controller.
[controller_server-10] [INFO] [1773804855.689288134] [controller_server]: Passing new path to controller.
[robot_sound-21] [0m[INFO] [1773804855.718608831] [robot_sound_node]: Obstacle detected but sound alarm disabled.[0m
[controller_server-10] [INFO] [1773804855.789296465] [controller_server]: Passing new path to controller.
[controller_server-10] [INFO] [1773804855.889291672] [controller_server]: Passing new path to controller.
[controller_server-10] [INFO] [1773804856.089387664] [controller_server]: Passing new path to controller.
[controller_server-10] [INFO] [1773804856.189330372] [controller_server]: Passing new path to controller.
[controller_server-10] [INFO] [1773804856.289327620] [controller_server]: Passing new path to controller.
[controller_server-10] [INFO] [1773804856.389406532] [controller_server]: Passing new path to controller.
[controller_server-10] [INFO] [1773804856.589348238] [controller_server]: Passing new path to controller.
[controller_server-10] [INFO] [1773804856.689346945] [controller_server]: Passing new path to controller.
[controller_server-10] [INFO] [1773804856.789417398] [controller_server]: Passing new path to controller.
[controller_server-10] [INFO] [1773804856.989349480] [controller_server]: Passing new path to controller.
[controller_server-10] [INFO] [1773804857.089324271] [controller_server]: Passing new path to controller.
[controller_server-10] [INFO] [1773804857.189329102] [controller_server]: Passing new path to controller.
[controller_server-10] [INFO] [1773804857.289324892] [controller_server]: Passing new path to controller.
[controller_server-10] [INFO] [1773804857.489385302] [controller_server]: Passing new path to controller.
[controller_server-10] [INFO] [1773804857.689351799] [controller_server]: Passing new path to controller.
[controller_server-10] [INFO] [1773804857.789399795] [controller_server]: Passing new path to controller.
[controller_server-10] [INFO] [1773804857.989331585] [controller_server]: Passing new path to controller.
[controller_server-10] [INFO] [1773804858.189347081] [controller_server]: Passing new path to controller.
[controller_server-10] [INFO] [1773804858.289342871] [controller_server]: Passing new path to controller.
[controller_server-10] [INFO] [1773804858.489327742] [controller_server]: Passing new path to controller.
[controller_server-10] [INFO] [1773804858.689323405] [controller_server]: Passing new path to controller.
[controller_server-10] [INFO] [1773804858.789293237] [controller_server]: Passing new path to controller.
[controller_server-10] [INFO] [1773804858.889288152] [controller_server]: Passing new path to controller.
[controller_server-10] [INFO] [1773804858.989295025] [controller_server]: Passing new path to controller.
[controller_server-10] [INFO] [1773804859.089290523] [controller_server]: Passing new path to controller.
[controller_server-10] [INFO] [1773804859.289292310] [controller_server]: Passing new path to controller.
[controller_server-10] [INFO] [1773804859.389296850] [controller_server]: Passing new path to controller.
[controller_server-10] [INFO] [1773804859.489290598] [controller_server]: Passing new path to controller.
[controller_server-10] [INFO] [1773804859.689335551] [controller_server]: Passing new path to controller.
[controller_server-10] [INFO] [1773804859.789298383] [controller_server]: Passing new path to controller.
[controller_server-10] [INFO] [1773804859.889295923] [controller_server]: Passing new path to controller.
[controller_server-10] [INFO] [1773804859.989300754] [controller_server]: Passing new path to controller.
[controller_server-10] [INFO] [1773804860.189296417] [controller_server]: Passing new path to controller.
[controller_server-10] [INFO] [1773804860.289293082] [controller_server]: Passing new path to controller.
[controller_server-10] [INFO] [1773804860.389302871] [controller_server]: Passing new path to controller.
[controller_server-10] [INFO] [1773804860.589292701] [controller_server]: Passing new path to controller.
[delivery_robot_main_controller-20] [0m[INFO] [1773804860.623397712] [main_controller_node]: Canceling current goal.[0m
[controller_server-10] [INFO] [1773804860.689290532] [controller_server]: Cancellation was successful. Stopping the robot.
[controller_server-10] [WARN] [1773804860.689343613] [controller_server]: [follow_path] [ActionServer] Aborting handle.
[controller_server-10] [INFO] [1773804860.689651018] [controller_server]: [follow_path] [ActionServer] Client requested to cancel the goal. Cancelling.
[controller_server-10] [INFO] [1773804860.690370532] [controller_server]: Optimizer reset
[bt_navigator-14] [INFO] [1773804860.689833594] [bt_navigator]: [navigate_through_poses] [ActionServer] Client requested to cancel the goal. Cancelling.
[bt_navigator-14] [INFO] [1773804860.690095501] [bt_navigator]: Goal canceled
[delivery_robot_main_controller-20] [0m[INFO] [1773804860.779532783] [main_controller_node]: Goal was canceled![0m
[delivery_robot_main_controller-20] [0m[INFO] [1773804860.781519248] [main_controller_node]: State change: MOVE -> PAUSED[0m
[delivery_robot_main_controller-20] [0m[INFO] [1773804860.790109373] [main_controller_node]: Robot is PAUSED. Awaiting user to switch to STANDBY.[0m
[delivery_robot_main_controller-20] [0m[INFO] [1773804860.791211539] [main_controller_node]: Robot is PAUSED. Awaiting user to switch to STANDBY.[0m
[delivery_robot_main_controller-20] [0m[INFO] [1773804860.807024509] [main_controller_node]: Current state: PAUSED, dock_state IDLE, charge_state NOT_CHARGE[0m
[delivery_robot_main_controller-20] [0m[INFO] [1773804861.591709253] [main_controller_node]: Current state: PAUSED, dock_state IDLE, charge_state NOT_CHARGE[0m
[delivery_robot_main_controller-20] [0m[INFO] [1773804861.818083102] [main_controller_node]: Pause cleared to STANDBY via API/GUI.[0m
[delivery_robot_main_controller-20] [0m[INFO] [1773804861.818684787] [main_controller_node]: State change: PAUSED -> STANDBY[0m
[delivery_robot_main_controller-20] [0m[INFO] [1773804861.823475226] [main_controller_node]: Robot is in STANDBY mode.[0m
[delivery_robot_main_controller-20] [0m[INFO] [1773804862.577176546] [main_controller_node]: Current state: STANDBY, dock_state IDLE, charge_state NOT_CHARGE[0m
[delivery_robot_main_controller-20] [0m[INFO] [1773804863.555198170] [main_controller_node]: Current state: STANDBY, dock_state IDLE, charge_state NOT_CHARGE[0m
[delivery_robot_main_controller-20] [0m[INFO] [1773804863.627489325] [main_controller_node]: 1 pending queues [0m
[delivery_robot_main_controller-20] [0m[INFO] [1773804863.628419414] [main_controller_node]: Queue action: Request[0m
[delivery_robot_main_controller-20] [0m[INFO] [1773804863.655542488] [main_controller_node]: AGV start_pos: x=-0.02, y=-0.01[0m
[delivery_robot_main_controller-20] [0m[INFO] [1773804863.656156714] [main_controller_node]: AGV goal_pos: x=3.40, y=-0.73[0m
[delivery_robot_main_controller-20] Graph before shortest_path: Graph with 11 nodes and 10 edges
[delivery_robot_main_controller-20] [0m[INFO] [1773804863.678325438] [main_controller_node]: Computed AGV path waypoints:[0m
[delivery_robot_main_controller-20] [0m[INFO] [1773804863.678915748] [main_controller_node]:   Waypoint 0: x=-0.02, y=-0.01[0m
[delivery_robot_main_controller-20] [0m[INFO] [1773804863.679477768] [main_controller_node]:   Waypoint 1: x=1.99, y=-1.51[0m
[delivery_robot_main_controller-20] [0m[INFO] [1773804863.680016164] [main_controller_node]:   Waypoint 2: x=3.40, y=-0.73[0m
[delivery_robot_main_controller-20] [0m[INFO] [1773804863.680975710] [main_controller_node]: Navigating with 3 goals....[0m
[bt_navigator-14] [INFO] [1773804863.682004670] [bt_navigator]: Begin navigating from current location through 3 poses to (3.40, -0.73)
[controller_server-10] [INFO] [1773804863.682313241] [local_costmap.local_costmap]: Received request to clear entirely the local_costmap
[controller_server-10] [INFO] [1773804863.687992063] [local_costmap.local_costmap]: KeepoutFilter: Subscribing to "/keepout_costmap_filter_info" topic for filter info...
[planner_server-12] [INFO] [1773804863.690152646] [global_costmap.global_costmap]: Received request to clear entirely the global_costmap
[controller_server-10] [INFO] [1773804863.690593045] [local_costmap.local_costmap]: KeepoutFilter: Received filter info from /keepout_costmap_filter_info topic.
[controller_server-10] [INFO] [1773804863.690672376] [local_costmap.local_costmap]: KeepoutFilter: Subscribing to "/keepout_filter_mask" topic for filter mask...
[planner_server-12] [INFO] [1773804863.694513477] [global_costmap.global_costmap]: KeepoutFilter: Subscribing to "/keepout_costmap_filter_info" topic for filter info...
[planner_server-12] [INFO] [1773804863.705038152] [global_costmap.global_costmap]: KeepoutFilter: Received filter info from /keepout_costmap_filter_info topic.
[planner_server-12] [INFO] [1773804863.705090942] [global_costmap.global_costmap]: KeepoutFilter: Subscribing to "/keepout_filter_mask" topic for filter mask...
[controller_server-10] [WARN] [1773804863.712508904] [local_costmap.local_costmap]: KeepoutFilter: New filter mask arrived from /keepout_filter_mask topic. Updating old filter mask.
[planner_server-12] [WARN] [1773804863.733005276] [global_costmap.global_costmap]: KeepoutFilter: New filter mask arrived from /keepout_filter_mask topic. Updating old filter mask.
[planner_server-12] [WARN] [1773804863.949577171] [planner_server]: Planner loop missed its desired rate of 5.0000 Hz. Current loop rate is 3.9795 Hz
[controller_server-10] [INFO] [1773804863.964459761] [controller_server]: Received a goal, begin computing control effort.
[delivery_robot_main_controller-20] [0m[INFO] [1773804864.002547909] [main_controller_node]: State change: STANDBY -> MOVE[0m
[delivery_robot_main_controller-20] [0m[INFO] [1773804864.018922316] [main_controller_node]: Robot is MOVING.[0m
[controller_server-10] [INFO] [1773804864.164842742] [controller_server]: Passing new path to controller.
[controller_server-10] [INFO] [1773804864.264819574] [controller_server]: Passing new path to controller.
[controller_server-10] [INFO] [1773804864.464811737] [controller_server]: Passing new path to controller.
[controller_server-10] [INFO] [1773804864.664808566] [controller_server]: Passing new path to controller.
[controller_server-10] [INFO] [1773804864.764809898] [controller_server]: Passing new path to controller.
[controller_server-10] [INFO] [1773804864.864805687] [controller_server]: Passing new path to controller.
[controller_server-10] [INFO] [1773804864.964809643] [controller_server]: Passing new path to controller.
[controller_server-10] [INFO] [1773804865.164809098] [controller_server]: Passing new path to controller.
[controller_server-10] [INFO] [1773804865.264810429] [controller_server]: Passing new path to controller.
[controller_server-10] [INFO] [1773804865.364816135] [controller_server]: Passing new path to controller.
[controller_server-10] [INFO] [1773804865.564809465] [controller_server]: Passing new path to controller.
[controller_server-10] [INFO] [1773804865.664810796] [controller_server]: Passing new path to controller.
[controller_server-10] [INFO] [1773804865.764905748] [controller_server]: Passing new path to controller.
[controller_server-10] [INFO] [1773804865.864819000] [controller_server]: Passing new path to controller.
[controller_server-10] [INFO] [1773804866.064820204] [controller_server]: Passing new path to controller.
[controller_server-10] [INFO] [1773804866.164815119] [controller_server]: Passing new path to controller.
[controller_server-10] [INFO] [1773804866.264809742] [controller_server]: Passing new path to controller.
[controller_server-10] [INFO] [1773804866.464808905] [controller_server]: Passing new path to controller.
[robot_sound-21] [0m[INFO] [1773804866.517892805] [robot_sound_node]: Obstacle detected but sound alarm disabled.[0m
[controller_server-10] [INFO] [1773804866.564813736] [controller_server]: Passing new path to controller.
[controller_server-10] [INFO] [1773804866.664808067] [controller_server]: Passing new path to controller.
[controller_server-10] [INFO] [1773804866.764910311] [controller_server]: Passing new path to controller.
[controller_server-10] [INFO] [1773804866.964831310] [controller_server]: Passing new path to controller.
[controller_server-10] [INFO] [1773804867.064818059] [controller_server]: Passing new path to controller.
[controller_server-10] [INFO] [1773804867.164820265] [controller_server]: Passing new path to controller.
[controller_server-10] [INFO] [1773804867.364821761] [controller_server]: Passing new path to controller.
[controller_server-10] [INFO] [1773804867.464819009] [controller_server]: Passing new path to controller.
[controller_server-10] [INFO] [1773804867.564822973] [controller_server]: Passing new path to controller.
[controller_server-10] [INFO] [1773804867.664809706] [controller_server]: Passing new path to controller.
[controller_server-10] [INFO] [1773804867.864814379] [controller_server]: Passing new path to controller.
[controller_server-10] [INFO] [1773804867.964807528] [controller_server]: Passing new path to controller.
[controller_server-10] [INFO] [1773804868.164814535] [controller_server]: Passing new path to controller.
[controller_server-10] [INFO] [1773804868.264810601] [controller_server]: Passing new path to controller.
[controller_server-10] [INFO] [1773804868.464809150] [controller_server]: Passing new path to controller.
[controller_server-10] [INFO] [1773804868.664810906] [controller_server]: Passing new path to controller.
[controller_server-10] [INFO] [1773804868.764816889] [controller_server]: Passing new path to controller.
[controller_server-10] [INFO] [1773804868.864893160] [controller_server]: Passing new path to controller.
[controller_server-10] [INFO] [1773804868.964819229] [controller_server]: Passing new path to controller.
[controller_server-10] [INFO] [1773804869.164855401] [controller_server]: Passing new path to controller.
[controller_server-10] [INFO] [1773804869.264828718] [controller_server]: Passing new path to controller.
[controller_server-10] [INFO] [1773804869.364908781] [controller_server]: Passing new path to controller.
[controller_server-10] [INFO] [1773804869.564826832] [controller_server]: Passing new path to controller.
[controller_server-10] [INFO] [1773804869.664817357] [controller_server]: Passing new path to controller.
[controller_server-10] [INFO] [1773804869.764819839] [controller_server]: Passing new path to controller.
[controller_server-10] [INFO] [1773804869.864827863] [controller_server]: Passing new path to controller.
[controller_server-10] [INFO] [1773804870.064808037] [controller_server]: Passing new path to controller.
[controller_server-10] [INFO] [1773804870.164810520] [controller_server]: Passing new path to controller.
[controller_server-10] [INFO] [1773804870.264810086] [controller_server]: Passing new path to controller.
[controller_server-10] [INFO] [1773804870.464820592] [controller_server]: Passing new path to controller.
[controller_server-10] [INFO] [1773804870.564819575] [controller_server]: Passing new path to controller.
[controller_server-10] [INFO] [1773804870.664816807] [controller_server]: Passing new path to controller.
[controller_server-10] [INFO] [1773804870.764816373] [controller_server]: Passing new path to controller.
[controller_server-10] [INFO] [1773804870.964809672] [controller_server]: Passing new path to controller.
[controller_server-10] [INFO] [1773804871.064810113] [controller_server]: Passing new path to controller.
[controller_server-10] [INFO] [1773804871.164817262] [controller_server]: Passing new path to controller.
[controller_server-10] [INFO] [1773804871.364818144] [controller_server]: Passing new path to controller.
[controller_server-10] [INFO] [1773804871.464816835] [controller_server]: Passing new path to controller.
[controller_server-10] [INFO] [1773804871.564835358] [controller_server]: Passing new path to controller.
[controller_server-10] [INFO] [1773804871.664815675] [controller_server]: Passing new path to controller.
[controller_server-10] [INFO] [1773804871.864818015] [controller_server]: Passing new path to controller.
[controller_server-10] [INFO] [1773804871.964819331] [controller_server]: Passing new path to controller.
[controller_server-10] [INFO] [1773804872.064821230] [controller_server]: Passing new path to controller.
[controller_server-10] [INFO] [1773804872.164831879] [controller_server]: Passing new path to controller.
[controller_server-10] [INFO] [1773804872.364841802] [controller_server]: Passing new path to controller.
[controller_server-10] [INFO] [1773804872.464840201] [controller_server]: Passing new path to controller.
[controller_server-10] [INFO] [1773804872.564836850] [controller_server]: Passing new path to controller.
[controller_server-10] [INFO] [1773804872.664841374] [controller_server]: Passing new path to controller.
[controller_server-10] [INFO] [1773804872.864807841] [controller_server]: Passing new path to controller.
[controller_server-10] [INFO] [1773804872.964812073] [controller_server]: Passing new path to controller.
[controller_server-10] [INFO] [1773804873.164906285] [controller_server]: Passing new path to controller.
[controller_server-10] [INFO] [1773804873.264823312] [controller_server]: Passing new path to controller.
[controller_server-10] [INFO] [1773804873.364843002] [controller_server]: Passing new path to controller.
[controller_server-10] [INFO] [1773804873.464815736] [controller_server]: Passing new path to controller.
[controller_server-10] [INFO] [1773804873.664841408] [controller_server]: Passing new path to controller.
[controller_server-10] [INFO] [1773804873.764820267] [controller_server]: Passing new path to controller.
[controller_server-10] [INFO] [1773804873.864811958] [controller_server]: Passing new path to controller.
[controller_server-10] [INFO] [1773804873.964890563] [controller_server]: Passing new path to controller.
[controller_server-10] [ERROR] [1773804873.965948108] [controller_server]: Failed to make progress
[controller_server-10] [INFO] [1773804873.967500885] [controller_server]: Optimizer reset
[controller_server-10] [WARN] [1773804873.967567675] [controller_server]: [follow_path] [ActionServer] Aborting handle.
[controller_server-10] [INFO] [1773804873.992547734] [local_costmap.local_costmap]: Received request to clear entirely the local_costmap
[controller_server-10] [INFO] [1773804873.994796111] [local_costmap.local_costmap]: KeepoutFilter: Subscribing to "/keepout_costmap_filter_info" topic for filter info...
[controller_server-10] [INFO] [1773804873.998129449] [local_costmap.local_costmap]: KeepoutFilter: Received filter info from /keepout_costmap_filter_info topic.
[controller_server-10] [INFO] [1773804873.998220446] [local_costmap.local_costmap]: KeepoutFilter: Subscribing to "/keepout_filter_mask" topic for filter mask...
[controller_server-10] [INFO] [1773804873.998387857] [controller_server]: Received a goal, begin computing control effort.
[controller_server-10] [WARN] [1773804874.005641637] [local_costmap.local_costmap]: KeepoutFilter: New filter mask arrived from /keepout_filter_mask topic. Updating old filter mask.
[controller_server-10] [INFO] [1773804874.098610831] [controller_server]: Passing new path to controller.
[controller_server-10] [INFO] [1773804874.298578464] [controller_server]: Passing new path to controller.
[controller_server-10] [INFO] [1773804874.398586780] [controller_server]: Passing new path to controller.
[controller_server-10] [INFO] [1773804874.498581679] [controller_server]: Passing new path to controller.
[controller_server-10] [INFO] [1773804874.698615518] [controller_server]: Passing new path to controller.
[controller_server-10] [INFO] [1773804874.798614792] [controller_server]: Passing new path to controller.
[controller_server-10] [INFO] [1773804874.898618150] [controller_server]: Passing new path to controller.
[controller_server-10] [INFO] [1773804875.098633906] [controller_server]: Passing new path to controller.
[controller_server-10] [INFO] [1773804875.198631722] [controller_server]: Passing new path to controller.
[controller_server-10] [INFO] [1773804875.298636538] [controller_server]: Passing new path to controller.
[controller_server-10] [INFO] [1773804875.398628521] [controller_server]: Passing new path to controller.
[controller_server-10] [INFO] [1773804875.598604320] [controller_server]: Passing new path to controller.
[controller_server-10] [INFO] [1773804875.698591345] [controller_server]: Passing new path to controller.
[controller_server-10] [INFO] [1773804875.798600243] [controller_server]: Passing new path to controller.
[controller_server-10] [INFO] [1773804875.998601125] [controller_server]: Passing new path to controller.
[controller_server-10] [INFO] [1773804876.098596900] [controller_server]: Passing new path to controller.
[controller_server-10] [INFO] [1773804876.198592382] [controller_server]: Passing new path to controller.
[controller_server-10] [INFO] [1773804876.298592240] [controller_server]: Passing new path to controller.
[controller_server-10] [INFO] [1773804876.498598372] [controller_server]: Passing new path to controller.
[controller_server-10] [INFO] [1773804876.598595896] [controller_server]: Passing new path to controller.
[controller_server-10] [INFO] [1773804876.698599545] [controller_server]: Passing new path to controller.
[controller_server-10] [INFO] [1773804876.798596486] [controller_server]: Passing new path to controller.
[controller_server-10] [INFO] [1773804876.998597368] [controller_server]: Passing new path to controller.
[controller_server-10] [INFO] [1773804877.098601308] [controller_server]: Passing new path to controller.
[controller_server-10] [INFO] [1773804877.198601749] [controller_server]: Passing new path to controller.
[controller_server-10] [INFO] [1773804877.398600881] [controller_server]: Passing new path to controller.
[controller_server-10] [INFO] [1773804877.498596364] [controller_server]: Passing new path to controller.
[controller_server-10] [INFO] [1773804877.598591263] [controller_server]: Passing new path to controller.
[controller_server-10] [INFO] [1773804877.698591121] [controller_server]: Passing new path to controller.
[controller_server-10] [INFO] [1773804877.898596669] [controller_server]: Passing new path to controller.
[controller_server-10] [INFO] [1773804877.998602068] [controller_server]: Passing new path to controller.
[controller_server-10] [INFO] [1773804878.098600468] [controller_server]: Passing new path to controller.
[robot_sound-21] [0m[INFO] [1773804878.133490711] [robot_sound_node]: Obstacle detected but sound alarm disabled.[0m
[controller_server-10] [INFO] [1773804878.298599016] [controller_server]: Passing new path to controller.
[controller_server-10] [INFO] [1773804878.498589690] [controller_server]: Passing new path to controller.
[controller_server-10] [INFO] [1773804878.598594214] [controller_server]: Passing new path to controller.
[controller_server-10] [INFO] [1773804878.798589263] [controller_server]: Passing new path to controller.
[controller_server-10] [INFO] [1773804878.998588394] [controller_server]: Passing new path to controller.
[controller_server-10] [INFO] [1773804879.098585919] [controller_server]: Passing new path to controller.
[controller_server-10] [INFO] [1773804879.298582134] [controller_server]: Passing new path to controller.
[controller_server-10] [INFO] [1773804879.398583450] [controller_server]: Passing new path to controller.
[controller_server-10] [INFO] [1773804879.498587974] [controller_server]: Passing new path to controller.
[controller_server-10] [INFO] [1773804879.598582873] [controller_server]: Passing new path to controller.
[controller_server-10] [INFO] [1773804879.798584047] [controller_server]: Passing new path to controller.
[controller_server-10] [INFO] [1773804879.898584488] [controller_server]: Passing new path to controller.
[controller_server-10] [INFO] [1773804879.998590762] [controller_server]: Passing new path to controller.
[controller_server-10] [INFO] [1773804880.198585810] [controller_server]: Passing new path to controller.
[controller_server-10] [INFO] [1773804880.298583918] [controller_server]: Passing new path to controller.
[controller_server-10] [INFO] [1773804880.398598358] [controller_server]: Passing new path to controller.
[controller_server-10] [INFO] [1773804880.498590633] [controller_server]: Passing new path to controller.
[controller_server-10] [INFO] [1773804880.698602014] [controller_server]: Passing new path to controller.
[controller_server-10] [INFO] [1773804880.798600122] [controller_server]: Passing new path to controller.
[controller_server-10] [INFO] [1773804880.898596480] [controller_server]: Passing new path to controller.
[controller_server-10] [INFO] [1773804880.998601004] [controller_server]: Passing new path to controller.
[controller_server-10] [INFO] [1773804881.198600719] [controller_server]: Passing new path to controller.
[controller_server-10] [INFO] [1773804881.298603493] [controller_server]: Passing new path to controller.
[controller_server-10] [INFO] [1773804881.398596351] [controller_server]: Passing new path to controller.
[controller_server-10] [INFO] [1773804881.498593292] [controller_server]: Passing new path to controller.
[controller_server-10] [INFO] [1773804881.698599423] [controller_server]: Passing new path to controller.
[controller_server-10] [INFO] [1773804881.798594323] [controller_server]: Passing new path to controller.
[controller_server-10] [INFO] [1773804881.898595055] [controller_server]: Passing new path to controller.
[controller_server-10] [INFO] [1773804882.098595354] [controller_server]: Passing new path to controller.
[controller_server-10] [INFO] [1773804882.198603086] [controller_server]: Passing new path to controller.
[controller_server-10] [INFO] [1773804882.298598860] [controller_server]: Passing new path to controller.
[controller_server-10] [INFO] [1773804882.398595801] [controller_server]: Passing new path to controller.
[controller_server-10] [INFO] [1773804882.598599016] [controller_server]: Passing new path to controller.
[controller_server-10] [INFO] [1773804882.698597707] [controller_server]: Passing new path to controller.
[controller_server-10] [INFO] [1773804882.798605440] [controller_server]: Passing new path to controller.
[controller_server-10] [INFO] [1773804882.998628196] [controller_server]: Passing new path to controller.
[controller_server-10] [INFO] [1773804883.198622369] [controller_server]: Passing new path to controller.
[controller_server-10] [INFO] [1773804883.298616102] [controller_server]: Passing new path to controller.
[controller_server-10] [INFO] [1773804883.498617276] [controller_server]: Passing new path to controller.
[controller_server-10] [INFO] [1773804883.598615383] [controller_server]: Passing new path to controller.
[controller_server-10] [INFO] [1773804883.798615682] [controller_server]: Passing new path to controller.
[controller_server-10] [INFO] [1773804883.898679120] [controller_server]: Passing new path to controller.
[controller_server-10] [INFO] [1773804883.998627063] [controller_server]: Passing new path to controller.
[controller_server-10] [ERROR] [1773804884.098761666] [controller_server]: Failed to make progress
[controller_server-10] [INFO] [1773804884.100483020] [controller_server]: Optimizer reset
[controller_server-10] [WARN] [1773804884.100560601] [controller_server]: [follow_path] [ActionServer] Aborting handle.
[controller_server-10] [INFO] [1773804884.103710488] [controller_server]: Received a goal, begin computing control effort.
[controller_server-10] [INFO] [1773804884.303941778] [controller_server]: Passing new path to controller.
[controller_server-10] [INFO] [1773804884.403949218] [controller_server]: Passing new path to controller.
[controller_server-10] [INFO] [1773804884.503916702] [controller_server]: Passing new path to controller.
[controller_server-10] [INFO] [1773804884.703948208] [controller_server]: Passing new path to controller.
[controller_server-10] [INFO] [1773804884.803942816] [controller_server]: Passing new path to controller.
[controller_server-10] [INFO] [1773804884.903947631] [controller_server]: Passing new path to controller.
[controller_server-10] [INFO] [1773804885.103941805] [controller_server]: Passing new path to controller.
[controller_server-10] [INFO] [1773804885.204011952] [controller_server]: Passing new path to controller.
[controller_server-10] [INFO] [1773804885.303947645] [controller_server]: Passing new path to controller.
[controller_server-10] [INFO] [1773804885.403948377] [controller_server]: Passing new path to controller.
[controller_server-10] [INFO] [1773804885.603949259] [controller_server]: Passing new path to controller.
[controller_server-10] [INFO] [1773804885.703950283] [controller_server]: Passing new path to controller.
[controller_server-10] [INFO] [1773804885.804007014] [controller_server]: Passing new path to controller.
[controller_server-10] [INFO] [1773804885.903954957] [controller_server]: Passing new path to controller.
[controller_server-10] [INFO] [1773804886.003941398] [controller_server]: Passing new path to controller.
[controller_server-10] [INFO] [1773804886.203952488] [controller_server]: Passing new path to controller.
[controller_server-10] [INFO] [1773804886.303947970] [controller_server]: Passing new path to controller.
[controller_server-10] [INFO] [1773804886.403943745] [controller_server]: Passing new path to controller.
[controller_server-10] [INFO] [1773804886.603949001] [controller_server]: Passing new path to controller.
[controller_server-10] [INFO] [1773804886.703954109] [controller_server]: Passing new path to controller.
[controller_server-10] [INFO] [1773804886.803944050] [controller_server]: Passing new path to controller.
[controller_server-10] [INFO] [1773804886.903942158] [controller_server]: Passing new path to controller.
[controller_server-10] [INFO] [1773804887.103950331] [controller_server]: Passing new path to controller.
[controller_server-10] [INFO] [1773804887.203949605] [controller_server]: Passing new path to controller.
[controller_server-10] [INFO] [1773804887.303952379] [controller_server]: Passing new path to controller.
[controller_server-10] [INFO] [1773804887.503948303] [controller_server]: Passing new path to controller.
[controller_server-10] [INFO] [1773804887.604005033] [controller_server]: Passing new path to controller.
[controller_server-10] [INFO] [1773804887.803949626] [controller_server]: Passing new path to controller.
[controller_server-10] [INFO] [1773804887.903969899] [controller_server]: Passing new path to controller.
[controller_server-10] [INFO] [1773804888.003959840] [controller_server]: Passing new path to controller.
[controller_server-10] [INFO] [1773804888.103941032] [controller_server]: Passing new path to controller.
[controller_server-10] [INFO] [1773804888.304008995] [controller_server]: Passing new path to controller.
[controller_server-10] [INFO] [1773804888.504007543] [controller_server]: Passing new path to controller.
[robot_sound-21] [0m[INFO] [1773804888.518217323] [robot_sound_node]: Obstacle detected but sound alarm disabled.[0m
[controller_server-10] [INFO] [1773804888.603947320] [controller_server]: Passing new path to controller.
[controller_server-10] [INFO] [1773804888.803963951] [controller_server]: Passing new path to controller.
[controller_server-10] [INFO] [1773804888.903967892] [controller_server]: Passing new path to controller.
[controller_server-10] [INFO] [1773804889.003968916] [controller_server]: Passing new path to controller.
[controller_server-10] [INFO] [1773804889.103953316] [controller_server]: Passing new path to controller.
[controller_server-10] [INFO] [1773804889.303968780] [controller_server]: Passing new path to controller.
[controller_server-10] [INFO] [1773804889.404018803] [controller_server]: Passing new path to controller.
[controller_server-10] [INFO] [1773804889.503962370] [controller_server]: Passing new path to controller.
[controller_server-10] [INFO] [1773804889.603976228] [controller_server]: Passing new path to controller.
[controller_server-10] [INFO] [1773804889.804031941] [controller_server]: Passing new path to controller.
[controller_server-10] [INFO] [1773804889.903955093] [controller_server]: Passing new path to controller.
[controller_server-10] [INFO] [1773804890.003965158] [controller_server]: Passing new path to controller.
[controller_server-10] [INFO] [1773804890.203965165] [controller_server]: Passing new path to controller.
[controller_server-10] [INFO] [1773804890.304032395] [controller_server]: Passing new path to controller.
[controller_server-10] [INFO] [1773804890.403957005] [controller_server]: Passing new path to controller.
[controller_server-10] [INFO] [1773804890.503953071] [controller_server]: Passing new path to controller.
[controller_server-10] [INFO] [1773804890.703969703] [controller_server]: Passing new path to controller.
[controller_server-10] [INFO] [1773804890.803986185] [controller_server]: Passing new path to controller.
[controller_server-10] [INFO] [1773804890.903956002] [controller_server]: Passing new path to controller.
[controller_server-10] [INFO] [1773804891.009193712] [controller_server]: Optimizer reset
[controller_server-10] [INFO] [1773804891.012916120] [controller_server]: Optimizer reset
[controller_server-10] [WARN] [1773804891.013771256] [controller_server]: Optimizer fail to compute path
[controller_server-10] [INFO] [1773804891.103931509] [controller_server]: Passing new path to controller.
[controller_server-10] [INFO] [1773804891.105767193] [controller_server]: Optimizer reset
[controller_server-10] [INFO] [1773804891.106878695] [controller_server]: Optimizer reset
[controller_server-10] [WARN] [1773804891.106959192] [controller_server]: Optimizer fail to compute path
[controller_server-10] [INFO] [1773804891.203926992] [controller_server]: Passing new path to controller.
[controller_server-10] [INFO] [1773804891.205731469] [controller_server]: Optimizer reset
[controller_server-10] [INFO] [1773804891.206806222] [controller_server]: Optimizer reset
[controller_server-10] [WARN] [1773804891.206876219] [controller_server]: Optimizer fail to compute path
[controller_server-10] [INFO] [1773804891.303916350] [controller_server]: Passing new path to controller.
[controller_server-10] [INFO] [1773804891.305685245] [controller_server]: Optimizer reset
[controller_server-10] [INFO] [1773804891.306759998] [controller_server]: Optimizer reset
[controller_server-10] [WARN] [1773804891.306818912] [controller_server]: Optimizer fail to compute path
[controller_server-10] [INFO] [1773804891.403926124] [controller_server]: Passing new path to controller.
[controller_server-10] [INFO] [1773804891.405763558] [controller_server]: Optimizer reset
[controller_server-10] [INFO] [1773804891.406841227] [controller_server]: Optimizer reset
[controller_server-10] [WARN] [1773804891.406932807] [controller_server]: Optimizer fail to compute path
[controller_server-10] [INFO] [1773804891.505321265] [controller_server]: Optimizer reset
[controller_server-10] [INFO] [1773804891.506434224] [controller_server]: Optimizer reset
[controller_server-10] [WARN] [1773804891.506512097] [controller_server]: Optimizer fail to compute path
[controller_server-10] [INFO] [1773804891.603968712] [controller_server]: Passing new path to controller.
[controller_server-10] [INFO] [1773804891.609784920] [controller_server]: Optimizer reset
[controller_server-10] [INFO] [1773804891.613556909] [controller_server]: Optimizer reset
[controller_server-10] [WARN] [1773804891.613794317] [controller_server]: Optimizer fail to compute path
[controller_server-10] [INFO] [1773804891.703972362] [controller_server]: Passing new path to controller.
[controller_server-10] [INFO] [1773804891.709736946] [controller_server]: Optimizer reset
[controller_server-10] [INFO] [1773804891.713438646] [controller_server]: Optimizer reset
[controller_server-10] [WARN] [1773804891.713666721] [controller_server]: Optimizer fail to compute path
[controller_server-10] [INFO] [1773804891.804022384] [controller_server]: Passing new path to controller.
[controller_server-10] [INFO] [1773804891.809188490] [controller_server]: Optimizer reset
[controller_server-10] [INFO] [1773804891.810515525] [controller_server]: Optimizer reset
[controller_server-10] [WARN] [1773804891.811219000] [controller_server]: Optimizer fail to compute path
[controller_server-10] [INFO] [1773804891.903920162] [controller_server]: Passing new path to controller.
[controller_server-10] [INFO] [1773804891.905673307] [controller_server]: Optimizer reset
[controller_server-10] [INFO] [1773804891.906747477] [controller_server]: Optimizer reset
[controller_server-10] [WARN] [1773804891.906808725] [controller_server]: Optimizer fail to compute path
[controller_server-10] [INFO] [1773804892.005321719] [controller_server]: Optimizer reset
[controller_server-10] [INFO] [1773804892.006427096] [controller_server]: Optimizer reset
[controller_server-10] [WARN] [1773804892.006494177] [controller_server]: Optimizer fail to compute path
[controller_server-10] [ERROR] [1773804892.006544925] [controller_server]: Controller patience exceeded
[controller_server-10] [INFO] [1773804892.007098780] [controller_server]: Optimizer reset
[controller_server-10] [WARN] [1773804892.007129987] [controller_server]: [follow_path] [ActionServer] Aborting handle.
[controller_server-10] [INFO] [1773804892.023375236] [local_costmap.local_costmap]: Received request to clear entirely the local_costmap
[controller_server-10] [INFO] [1773804892.027643332] [local_costmap.local_costmap]: KeepoutFilter: Subscribing to "/keepout_costmap_filter_info" topic for filter info...
[controller_server-10] [INFO] [1773804892.033336460] [local_costmap.local_costmap]: KeepoutFilter: Received filter info from /keepout_costmap_filter_info topic.
[controller_server-10] [INFO] [1773804892.033482872] [local_costmap.local_costmap]: KeepoutFilter: Subscribing to "/keepout_filter_mask" topic for filter mask...
[planner_server-12] [INFO] [1773804892.038109997] [global_costmap.global_costmap]: Received request to clear entirely the global_costmap
[planner_server-12] [INFO] [1773804892.045449816] [global_costmap.global_costmap]: KeepoutFilter: Subscribing to "/keepout_costmap_filter_info" topic for filter info...
[controller_server-10] [WARN] [1773804892.051458224] [local_costmap.local_costmap]: KeepoutFilter: New filter mask arrived from /keepout_filter_mask topic. Updating old filter mask.
[planner_server-12] [INFO] [1773804892.056779199] [global_costmap.global_costmap]: KeepoutFilter: Received filter info from /keepout_costmap_filter_info topic.
[planner_server-12] [INFO] [1773804892.056940485] [global_costmap.global_costmap]: KeepoutFilter: Subscribing to "/keepout_filter_mask" topic for filter mask...
[controller_server-10] [INFO] [1773804892.062301126] [local_costmap.local_costmap]: Received request to clear entirely the local_costmap
[controller_server-10] [INFO] [1773804892.069115089] [local_costmap.local_costmap]: KeepoutFilter: Subscribing to "/keepout_costmap_filter_info" topic for filter info...
[planner_server-12] [INFO] [1773804892.073497806] [global_costmap.global_costmap]: Received request to clear entirely the global_costmap
[planner_server-12] [INFO] [1773804892.079658167] [global_costmap.global_costmap]: KeepoutFilter: Subscribing to "/keepout_costmap_filter_info" topic for filter info...
[controller_server-10] [INFO] [1773804892.080155441] [local_costmap.local_costmap]: KeepoutFilter: Received filter info from /keepout_costmap_filter_info topic.
[controller_server-10] [INFO] [1773804892.080211731] [local_costmap.local_costmap]: KeepoutFilter: Subscribing to "/keepout_filter_mask" topic for filter mask...
[planner_server-12] [INFO] [1773804892.090845515] [global_costmap.global_costmap]: KeepoutFilter: Received filter info from /keepout_costmap_filter_info topic.
[planner_server-12] [INFO] [1773804892.090948177] [global_costmap.global_costmap]: KeepoutFilter: Subscribing to "/keepout_filter_mask" topic for filter mask...
[controller_server-10] [WARN] [1773804892.109662004] [local_costmap.local_costmap]: KeepoutFilter: New filter mask arrived from /keepout_filter_mask topic. Updating old filter mask.
[planner_server-12] [WARN] [1773804892.119543023] [global_costmap.global_costmap]: KeepoutFilter: New filter mask arrived from /keepout_filter_mask topic. Updating old filter mask.
[planner_server-12] [WARN] [1773804892.448312435] [planner_server]: Planner loop missed its desired rate of 5.0000 Hz. Current loop rate is 2.7688 Hz
[controller_server-10] [INFO] [1773804892.464372481] [controller_server]: Received a goal, begin computing control effort.
[controller_server-10] [INFO] [1773804892.469333553] [controller_server]: Optimizer reset
[controller_server-10] [INFO] [1773804892.473136457] [controller_server]: Optimizer reset
[controller_server-10] [WARN] [1773804892.473371241] [controller_server]: Optimizer fail to compute path
[controller_server-10] [INFO] [1773804892.565978198] [controller_server]: Optimizer reset
[controller_server-10] [INFO] [1773804892.567078033] [controller_server]: Optimizer reset
[controller_server-10] [WARN] [1773804892.567143947] [controller_server]: Optimizer fail to compute path
[controller_server-10] [INFO] [1773804892.664617479] [controller_server]: Passing new path to controller.
[controller_server-10] [INFO] [1773804892.666300335] [controller_server]: Optimizer reset
[controller_server-10] [INFO] [1773804892.667375672] [controller_server]: Optimizer reset
[controller_server-10] [WARN] [1773804892.667429920] [controller_server]: Optimizer fail to compute path
[controller_server-10] [INFO] [1773804892.764619962] [controller_server]: Passing new path to controller.
[controller_server-10] [INFO] [1773804892.766332275] [controller_server]: Optimizer reset
[controller_server-10] [INFO] [1773804892.767407028] [controller_server]: Optimizer reset
[controller_server-10] [WARN] [1773804892.767463318] [controller_server]: Optimizer fail to compute path
[controller_server-10] [INFO] [1773804892.865970479] [controller_server]: Optimizer reset
[controller_server-10] [INFO] [1773804892.867065648] [controller_server]: Optimizer reset
[controller_server-10] [WARN] [1773804892.867129812] [controller_server]: Optimizer fail to compute path
[controller_server-10] [INFO] [1773804892.965992503] [controller_server]: Optimizer reset
[controller_server-10] [INFO] [1773804892.967093213] [controller_server]: Optimizer reset
[controller_server-10] [WARN] [1773804892.967155044] [controller_server]: Optimizer fail to compute path
[controller_server-10] [INFO] [1773804893.064671741] [controller_server]: Passing new path to controller.
[controller_server-10] [INFO] [1773804893.066361013] [controller_server]: Optimizer reset
[controller_server-10] [INFO] [1773804893.067438391] [controller_server]: Optimizer reset
[controller_server-10] [WARN] [1773804893.067491181] [controller_server]: Optimizer fail to compute path
[controller_server-10] [INFO] [1773804893.164636891] [controller_server]: Passing new path to controller.
[controller_server-10] [INFO] [1773804893.166428535] [controller_server]: Optimizer reset
[controller_server-10] [INFO] [1773804893.167525162] [controller_server]: Optimizer reset
[controller_server-10] [WARN] [1773804893.167589035] [controller_server]: Optimizer fail to compute path
[controller_server-10] [INFO] [1773804893.264663873] [controller_server]: Passing new path to controller.
[controller_server-10] [INFO] [1773804893.270845234] [controller_server]: Optimizer reset
[controller_server-10] [INFO] [1773804893.274822257] [controller_server]: Optimizer reset
[controller_server-10] [WARN] [1773804893.275024958] [controller_server]: Optimizer fail to compute path
[controller_server-10] [INFO] [1773804893.369768588] [controller_server]: Optimizer reset
[controller_server-10] [INFO] [1773804893.373763403] [controller_server]: Optimizer reset
[controller_server-10] [WARN] [1773804893.374110765] [controller_server]: Optimizer fail to compute path
[controller_server-10] [INFO] [1773804893.466074037] [controller_server]: Optimizer reset
[controller_server-10] [INFO] [1773804893.467202747] [controller_server]: Optimizer reset
[controller_server-10] [WARN] [1773804893.467279161] [controller_server]: Optimizer fail to compute path
[controller_server-10] [ERROR] [1773804893.467332242] [controller_server]: Controller patience exceeded
[controller_server-10] [INFO] [1773804893.467860431] [controller_server]: Optimizer reset
[controller_server-10] [WARN] [1773804893.467889305] [controller_server]: [follow_path] [ActionServer] Aborting handle.
[controller_server-10] [INFO] [1773804893.468205169] [controller_server]: Received a goal, begin computing control effort.
[controller_server-10] [INFO] [1773804893.469888317] [controller_server]: Optimizer reset
[controller_server-10] [INFO] [1773804893.471002735] [controller_server]: Optimizer reset
[controller_server-10] [WARN] [1773804893.471072441] [controller_server]: Optimizer fail to compute path
[controller_server-10] [INFO] [1773804893.570059960] [controller_server]: Optimizer reset
[controller_server-10] [INFO] [1773804893.571172628] [controller_server]: Optimizer reset
[controller_server-10] [WARN] [1773804893.571244375] [controller_server]: Optimizer fail to compute path
[controller_server-10] [INFO] [1773804893.668283923] [controller_server]: Passing new path to controller.
[controller_server-10] [INFO] [1773804893.669964154] [controller_server]: Optimizer reset
[controller_server-10] [INFO] [1773804893.671042699] [controller_server]: Optimizer reset
[controller_server-10] [WARN] [1773804893.671098988] [controller_server]: Optimizer fail to compute path
[controller_server-10] [INFO] [1773804893.768335987] [controller_server]: Passing new path to controller.
[controller_server-10] [INFO] [1773804893.770089424] [controller_server]: Optimizer reset
[controller_server-10] [INFO] [1773804893.771189259] [controller_server]: Optimizer reset
[controller_server-10] [WARN] [1773804893.771259840] [controller_server]: Optimizer fail to compute path
[controller_server-10] [INFO] [1773804893.869693212] [controller_server]: Optimizer reset
[controller_server-10] [INFO] [1773804893.870787506] [controller_server]: Optimizer reset
[controller_server-10] [WARN] [1773804893.870847296] [controller_server]: Optimizer fail to compute path
[controller_server-10] [INFO] [1773804893.968329869] [controller_server]: Passing new path to controller.
[controller_server-10] [INFO] [1773804893.970085639] [controller_server]: Optimizer reset
[controller_server-10] [INFO] [1773804893.971169433] [controller_server]: Optimizer reset
[controller_server-10] [WARN] [1773804893.971230681] [controller_server]: Optimizer fail to compute path
[controller_server-10] [INFO] [1773804894.069726760] [controller_server]: Optimizer reset
[controller_server-10] [INFO] [1773804894.070843219] [controller_server]: Optimizer reset
[controller_server-10] [WARN] [1773804894.070908842] [controller_server]: Optimizer fail to compute path
[controller_server-10] [INFO] [1773804894.168333959] [controller_server]: Passing new path to controller.
[controller_server-10] [INFO] [1773804894.170217183] [controller_server]: Optimizer reset
[controller_server-10] [INFO] [1773804894.171319060] [controller_server]: Optimizer reset
[controller_server-10] [WARN] [1773804894.171393141] [controller_server]: Optimizer fail to compute path
[controller_server-10] [INFO] [1773804894.268342275] [controller_server]: Passing new path to controller.
[controller_server-10] [INFO] [1773804894.270263705] [controller_server]: Optimizer reset
[controller_server-10] [INFO] [1773804894.271378415] [controller_server]: Optimizer reset
[controller_server-10] [WARN] [1773804894.271455121] [controller_server]: Optimizer fail to compute path
[controller_server-10] [INFO] [1773804894.368342715] [controller_server]: Passing new path to controller.
[controller_server-10] [INFO] [1773804894.370573594] [controller_server]: Optimizer reset
[controller_server-10] [INFO] [1773804894.371713969] [controller_server]: Optimizer reset
[controller_server-10] [WARN] [1773804894.371827423] [controller_server]: Optimizer fail to compute path
[controller_server-10] [INFO] [1773804894.468343156] [controller_server]: Passing new path to controller.
[controller_server-10] [INFO] [1773804894.470226672] [controller_server]: Optimizer reset
[controller_server-10] [INFO] [1773804894.471312508] [controller_server]: Optimizer reset
[controller_server-10] [WARN] [1773804894.471375797] [controller_server]: Optimizer fail to compute path
[controller_server-10] [ERROR] [1773804894.471421587] [controller_server]: Controller patience exceeded
[controller_server-10] [INFO] [1773804894.471954151] [controller_server]: Optimizer reset
[controller_server-10] [WARN] [1773804894.471985359] [controller_server]: [follow_path] [ActionServer] Aborting handle.
[controller_server-10] [INFO] [1773804894.493984691] [local_costmap.local_costmap]: Received request to clear entirely the local_costmap
[controller_server-10] [INFO] [1773804894.496639054] [local_costmap.local_costmap]: KeepoutFilter: Subscribing to "/keepout_costmap_filter_info" topic for filter info...
[controller_server-10] [INFO] [1773804894.500277465] [local_costmap.local_costmap]: KeepoutFilter: Received filter info from /keepout_costmap_filter_info topic.
[controller_server-10] [INFO] [1773804894.500397336] [local_costmap.local_costmap]: KeepoutFilter: Subscribing to "/keepout_filter_mask" topic for filter mask...
[controller_server-10] [INFO] [1773804894.500972773] [controller_server]: Received a goal, begin computing control effort.
[controller_server-10] [WARN] [1773804894.519637601] [local_costmap.local_costmap]: KeepoutFilter: New filter mask arrived from /keepout_filter_mask topic. Updating old filter mask.
[controller_server-10] [INFO] [1773804894.562719883] [controller_server]: Optimizer reset
[controller_server-10] [INFO] [1773804894.563911882] [controller_server]: Optimizer reset
[controller_server-10] [WARN] [1773804894.564009295] [controller_server]: Optimizer fail to compute path
[controller_server-10] [INFO] [1773804894.601188456] [controller_server]: Passing new path to controller.
[controller_server-10] [INFO] [1773804894.603012474] [controller_server]: Optimizer reset
[controller_server-10] [INFO] [1773804894.604104726] [controller_server]: Optimizer reset
[controller_server-10] [WARN] [1773804894.604176474] [controller_server]: Optimizer fail to compute path
[controller_server-10] [INFO] [1773804894.702650678] [controller_server]: Optimizer reset
[controller_server-10] [INFO] [1773804894.703779971] [controller_server]: Optimizer reset
[controller_server-10] [WARN] [1773804894.703861051] [controller_server]: Optimizer fail to compute path
[controller_server-10] [INFO] [1773804894.801186130] [controller_server]: Passing new path to controller.
[controller_server-10] [INFO] [1773804894.803038146] [controller_server]: Optimizer reset
[controller_server-10] [INFO] [1773804894.804123691] [controller_server]: Optimizer reset
[controller_server-10] [WARN] [1773804894.804194272] [controller_server]: Optimizer fail to compute path
[controller_server-10] [INFO] [1773804894.901185696] [controller_server]: Passing new path to controller.
[controller_server-10] [INFO] [1773804894.903020213] [controller_server]: Optimizer reset
[controller_server-10] [INFO] [1773804894.904105757] [controller_server]: Optimizer reset
[controller_server-10] [WARN] [1773804894.904171672] [controller_server]: Optimizer fail to compute path
[controller_server-10] [INFO] [1773804895.001180595] [controller_server]: Passing new path to controller.
[controller_server-10] [INFO] [1773804895.003000821] [controller_server]: Optimizer reset
[controller_server-10] [INFO] [1773804895.004089282] [controller_server]: Optimizer reset
[controller_server-10] [WARN] [1773804895.004154030] [controller_server]: Optimizer fail to compute path
[controller_server-10] [INFO] [1773804895.102611901] [controller_server]: Optimizer reset
[controller_server-10] [INFO] [1773804895.103737694] [controller_server]: Optimizer reset
[controller_server-10] [WARN] [1773804895.103824024] [controller_server]: Optimizer fail to compute path
[controller_server-10] [INFO] [1773804895.201181769] [controller_server]: Passing new path to controller.
[controller_server-10] [INFO] [1773804895.203011911] [controller_server]: Optimizer reset
[controller_server-10] [INFO] [1773804895.204097747] [controller_server]: Optimizer reset
[controller_server-10] [WARN] [1773804895.204166869] [controller_server]: Optimizer fail to compute path
[controller_server-10] [INFO] [1773804895.301180751] [controller_server]: Passing new path to controller.
[controller_server-10] [INFO] [1773804895.303019352] [controller_server]: Optimizer reset
[controller_server-10] [INFO] [1773804895.304118895] [controller_server]: Optimizer reset
[controller_server-10] [WARN] [1773804895.304200559] [controller_server]: Optimizer fail to compute path
[controller_server-10] [INFO] [1773804895.401186442] [controller_server]: Passing new path to controller.
[controller_server-10] [INFO] [1773804895.443557375] [controller_server]: Optimizer reset
[controller_server-10] [INFO] [1773804895.444704167] [controller_server]: Optimizer reset
[controller_server-10] [WARN] [1773804895.444788164] [controller_server]: Optimizer fail to compute path
[controller_server-10] [INFO] [1773804895.501178133] [controller_server]: Passing new path to controller.
[controller_server-10] [INFO] [1773804895.543392446] [controller_server]: Optimizer reset
[controller_server-10] [INFO] [1773804895.545304836] [controller_server]: Optimizer reset
[controller_server-10] [WARN] [1773804895.545398166] [controller_server]: Optimizer fail to compute path
[controller_server-10] [ERROR] [1773804895.545453872] [controller_server]: Controller patience exceeded
[controller_server-10] [INFO] [1773804895.545986728] [controller_server]: Optimizer reset
[controller_server-10] [WARN] [1773804895.546016477] [controller_server]: [follow_path] [ActionServer] Aborting handle.
[behavior_server-13] [INFO] [1773804895.564456146] [behavior_server]: Running wait
[behavior_server-13] [INFO] [1773804900.564870468] [behavior_server]: wait completed successfully
[controller_server-10] [INFO] [1773804900.583563878] [local_costmap.local_costmap]: Received request to clear entirely the local_costmap
[controller_server-10] [INFO] [1773804900.588613613] [local_costmap.local_costmap]: KeepoutFilter: Subscribing to "/keepout_costmap_filter_info" topic for filter info...
[controller_server-10] [INFO] [1773804900.592921666] [local_costmap.local_costmap]: KeepoutFilter: Received filter info from /keepout_costmap_filter_info topic.
[controller_server-10] [INFO] [1773804900.592989039] [local_costmap.local_costmap]: KeepoutFilter: Subscribing to "/keepout_filter_mask" topic for filter mask...
[planner_server-12] [INFO] [1773804900.593044454] [global_costmap.global_costmap]: Received request to clear entirely the global_costmap
[planner_server-12] [INFO] [1773804900.598830037] [global_costmap.global_costmap]: KeepoutFilter: Subscribing to "/keepout_costmap_filter_info" topic for filter info...
[planner_server-12] [INFO] [1773804900.609618398] [global_costmap.global_costmap]: KeepoutFilter: Received filter info from /keepout_costmap_filter_info topic.
[planner_server-12] [INFO] [1773804900.609690146] [global_costmap.global_costmap]: KeepoutFilter: Subscribing to "/keepout_filter_mask" topic for filter mask...
[controller_server-10] [WARN] [1773804900.622782299] [local_costmap.local_costmap]: KeepoutFilter: New filter mask arrived from /keepout_filter_mask topic. Updating old filter mask.
[planner_server-12] [WARN] [1773804900.638705268] [global_costmap.global_costmap]: KeepoutFilter: New filter mask arrived from /keepout_filter_mask topic. Updating old filter mask.
[planner_server-12] [WARN] [1773804900.949211170] [planner_server]: Planner loop missed its desired rate of 5.0000 Hz. Current loop rate is 2.9052 Hz
[controller_server-10] [INFO] [1773804900.965179637] [controller_server]: Received a goal, begin computing control effort.
[controller_server-10] [INFO] [1773804900.970131667] [controller_server]: Optimizer reset
[controller_server-10] [INFO] [1773804900.973807701] [controller_server]: Optimizer reset
[controller_server-10] [WARN] [1773804900.973969279] [controller_server]: Optimizer fail to compute path
[controller_server-10] [INFO] [1773804901.070144649] [controller_server]: Optimizer reset
[controller_server-10] [INFO] [1773804901.073806392] [controller_server]: Optimizer reset
[controller_server-10] [WARN] [1773804901.073953095] [controller_server]: Optimizer fail to compute path
[controller_server-10] [INFO] [1773804901.165489383] [controller_server]: Passing new path to controller.
[controller_server-10] [INFO] [1773804901.171248717] [controller_server]: Optimizer reset
[controller_server-10] [INFO] [1773804901.175100328] [controller_server]: Optimizer reset
[controller_server-10] [WARN] [1773804901.175262781] [controller_server]: Optimizer fail to compute path
[controller_server-10] [INFO] [1773804901.265487199] [controller_server]: Passing new path to controller.
[controller_server-10] [INFO] [1773804901.270807007] [controller_server]: Optimizer reset
[controller_server-10] [INFO] [1773804901.274443376] [controller_server]: Optimizer reset
[controller_server-10] [WARN] [1773804901.274593871] [controller_server]: Optimizer fail to compute path
[controller_server-10] [INFO] [1773804901.370527167] [controller_server]: Optimizer reset
[controller_server-10] [INFO] [1773804901.374372070] [controller_server]: Optimizer reset
[controller_server-10] [WARN] [1773804901.374539189] [controller_server]: Optimizer fail to compute path
[controller_server-10] [INFO] [1773804901.465487497] [controller_server]: Passing new path to controller.
[controller_server-10] [INFO] [1773804901.470958384] [controller_server]: Optimizer reset
[controller_server-10] [INFO] [1773804901.474582795] [controller_server]: Optimizer reset
[controller_server-10] [WARN] [1773804901.474733581] [controller_server]: Optimizer fail to compute path
[controller_server-10] [INFO] [1773804901.570178353] [controller_server]: Optimizer reset
[controller_server-10] [INFO] [1773804901.573884427] [controller_server]: Optimizer reset
[controller_server-10] [WARN] [1773804901.574052713] [controller_server]: Optimizer fail to compute path
[controller_server-10] [INFO] [1773804901.665491004] [controller_server]: Passing new path to controller.
[controller_server-10] [INFO] [1773804901.671152050] [controller_server]: Optimizer reset
[controller_server-10] [INFO] [1773804901.674882041] [controller_server]: Optimizer reset
[controller_server-10] [WARN] [1773804901.675036327] [controller_server]: Optimizer fail to compute path
[controller_server-10] [INFO] [1773804901.765489112] [controller_server]: Passing new path to controller.
[controller_server-10] [INFO] [1773804901.771176407] [controller_server]: Optimizer reset
[controller_server-10] [INFO] [1773804901.774937313] [controller_server]: Optimizer reset
[controller_server-10] [WARN] [1773804901.775107057] [controller_server]: Optimizer fail to compute path
[controller_server-10] [INFO] [1773804901.865489261] [controller_server]: Passing new path to controller.
[controller_server-10] [INFO] [1773804901.870985521] [controller_server]: Optimizer reset
[controller_server-10] [INFO] [1773804901.874801550] [controller_server]: Optimizer reset
[controller_server-10] [WARN] [1773804901.874961378] [controller_server]: Optimizer fail to compute path
[controller_server-10] [INFO] [1773804901.970222115] [controller_server]: Optimizer reset
[controller_server-10] [INFO] [1773804901.973915065] [controller_server]: Optimizer reset
[controller_server-10] [WARN] [1773804901.974085975] [controller_server]: Optimizer fail to compute path
[controller_server-10] [ERROR] [1773804901.974196513] [controller_server]: Controller patience exceeded
[controller_server-10] [INFO] [1773804901.975707292] [controller_server]: Optimizer reset
[controller_server-10] [WARN] [1773804901.975784289] [controller_server]: [follow_path] [ActionServer] Aborting handle.
[controller_server-10] [INFO] [1773804901.976285938] [controller_server]: Received a goal, begin computing control effort.
[controller_server-10] [INFO] [1773804901.981119264] [controller_server]: Optimizer reset
[controller_server-10] [INFO] [1773804901.984782757] [controller_server]: Optimizer reset
[controller_server-10] [WARN] [1773804901.984945793] [controller_server]: Optimizer fail to compute path
[controller_server-10] [INFO] [1773804902.081420986] [controller_server]: Optimizer reset
[controller_server-10] [INFO] [1773804902.085350469] [controller_server]: Optimizer reset
[controller_server-10] [WARN] [1773804902.085522546] [controller_server]: Optimizer fail to compute path
[controller_server-10] [INFO] [1773804902.176492146] [controller_server]: Passing new path to controller.
[controller_server-10] [INFO] [1773804902.182006780] [controller_server]: Optimizer reset
[controller_server-10] [INFO] [1773804902.185716355] [controller_server]: Optimizer reset
[controller_server-10] [WARN] [1773804902.185884932] [controller_server]: Optimizer fail to compute path
[controller_server-10] [INFO] [1773804902.276482087] [controller_server]: Passing new path to controller.
[controller_server-10] [INFO] [1773804902.281798104] [controller_server]: Optimizer reset
[controller_server-10] [INFO] [1773804902.285491054] [controller_server]: Optimizer reset
[controller_server-10] [WARN] [1773804902.285646507] [controller_server]: Optimizer fail to compute path
[controller_server-10] [INFO] [1773804902.381236232] [controller_server]: Optimizer reset
[controller_server-10] [INFO] [1773804902.383702476] [controller_server]: Optimizer reset
[controller_server-10] [WARN] [1773804902.383796098] [controller_server]: Optimizer fail to compute path
[controller_server-10] [INFO] [1773804902.476457011] [controller_server]: Passing new path to controller.
[controller_server-10] [INFO] [1773804902.478078911] [controller_server]: Optimizer reset
[controller_server-10] [INFO] [1773804902.479141706] [controller_server]: Optimizer reset
[controller_server-10] [WARN] [1773804902.479191579] [controller_server]: Optimizer fail to compute path
[controller_server-10] [INFO] [1773804902.577849235] [controller_server]: Optimizer reset
[controller_server-10] [INFO] [1773804902.578946446] [controller_server]: Optimizer reset
[controller_server-10] [WARN] [1773804902.579014402] [controller_server]: Optimizer fail to compute path
[controller_server-10] [INFO] [1773804902.676457310] [controller_server]: Passing new path to controller.
[controller_server-10] [INFO] [1773804902.678098751] [controller_server]: Optimizer reset
[controller_server-10] [INFO] [1773804902.679179628] [controller_server]: Optimizer reset
[controller_server-10] [WARN] [1773804902.679238835] [controller_server]: Optimizer fail to compute path
[controller_server-10] [INFO] [1773804902.776456584] [controller_server]: Passing new path to controller.
[controller_server-10] [INFO] [1773804902.778121066] [controller_server]: Optimizer reset
[controller_server-10] [INFO] [1773804902.779202235] [controller_server]: Optimizer reset
[controller_server-10] [WARN] [1773804902.779256192] [controller_server]: Optimizer fail to compute path
[controller_server-10] [INFO] [1773804902.876484732] [controller_server]: Passing new path to controller.
[controller_server-10] [INFO] [1773804902.881883579] [controller_server]: Optimizer reset
[controller_server-10] [INFO] [1773804902.885860895] [controller_server]: Optimizer reset
[controller_server-10] [WARN] [1773804902.886021014] [controller_server]: Optimizer fail to compute path
[controller_server-10] [INFO] [1773804902.976548754] [controller_server]: Passing new path to controller.
[controller_server-10] [INFO] [1773804902.981913186] [controller_server]: Optimizer reset
[controller_server-10] [INFO] [1773804902.985600303] [controller_server]: Optimizer reset
[controller_server-10] [WARN] [1773804902.985774714] [controller_server]: Optimizer fail to compute path
[controller_server-10] [ERROR] [1773804902.985889043] [controller_server]: Controller patience exceeded
[controller_server-10] [INFO] [1773804902.987464278] [controller_server]: Optimizer reset
[controller_server-10] [WARN] [1773804902.987556733] [controller_server]: [follow_path] [ActionServer] Aborting handle.
[controller_server-10] [INFO] [1773804903.014245022] [local_costmap.local_costmap]: Received request to clear entirely the local_costmap
[controller_server-10] [INFO] [1773804903.016970840] [local_costmap.local_costmap]: KeepoutFilter: Subscribing to "/keepout_costmap_filter_info" topic for filter info...
[controller_server-10] [INFO] [1773804903.019715033] [controller_server]: Received a goal, begin computing control effort.
[controller_server-10] [INFO] [1773804903.020814869] [local_costmap.local_costmap]: KeepoutFilter: Received filter info from /keepout_costmap_filter_info topic.
[controller_server-10] [INFO] [1773804903.020861242] [local_costmap.local_costmap]: KeepoutFilter: Subscribing to "/keepout_filter_mask" topic for filter mask...
[controller_server-10] [WARN] [1773804903.028451885] [local_costmap.local_costmap]: KeepoutFilter: New filter mask arrived from /keepout_filter_mask topic. Updating old filter mask.
[controller_server-10] [INFO] [1773804903.061236955] [controller_server]: Optimizer reset
[controller_server-10] [INFO] [1773804903.062325416] [controller_server]: Optimizer reset
[controller_server-10] [WARN] [1773804903.062386080] [controller_server]: Optimizer fail to compute path
[controller_server-10] [INFO] [1773804903.119879968] [controller_server]: Passing new path to controller.
[controller_server-10] [INFO] [1773804903.141700516] [controller_server]: Optimizer reset
[controller_server-10] [INFO] [1773804903.142771477] [controller_server]: Optimizer reset
[controller_server-10] [WARN] [1773804903.142823684] [controller_server]: Optimizer fail to compute path
[controller_server-10] [INFO] [1773804903.221251776] [controller_server]: Optimizer reset
[controller_server-10] [INFO] [1773804903.222328571] [controller_server]: Optimizer reset
[controller_server-10] [WARN] [1773804903.222385152] [controller_server]: Optimizer fail to compute path
[controller_server-10] [INFO] [1773804903.319889308] [controller_server]: Passing new path to controller.
[controller_server-10] [INFO] [1773804903.321741616] [controller_server]: Optimizer reset
[controller_server-10] [INFO] [1773804903.322817536] [controller_server]: Optimizer reset
[controller_server-10] [WARN] [1773804903.322874409] [controller_server]: Optimizer fail to compute path
[controller_server-10] [INFO] [1773804903.421424735] [controller_server]: Optimizer reset
[controller_server-10] [INFO] [1773804903.422590777] [controller_server]: Optimizer reset
[controller_server-10] [WARN] [1773804903.422681773] [controller_server]: Optimizer fail to compute path
[controller_server-10] [INFO] [1773804903.519882023] [controller_server]: Passing new path to controller.
[controller_server-10] [INFO] [1773804903.521516756] [controller_server]: Optimizer reset
[controller_server-10] [INFO] [1773804903.522589467] [controller_server]: Optimizer reset
[controller_server-10] [WARN] [1773804903.522645465] [controller_server]: Optimizer fail to compute path
[controller_server-10] [INFO] [1773804903.619879839] [controller_server]: Passing new path to controller.
[controller_server-10] [INFO] [1773804903.621530905] [controller_server]: Optimizer reset
[controller_server-10] [INFO] [1773804903.622590200] [controller_server]: Optimizer reset
[controller_server-10] [WARN] [1773804903.622634823] [controller_server]: Optimizer fail to compute path
[controller_server-10] [INFO] [1773804903.741637247] [controller_server]: Optimizer reset
[controller_server-10] [INFO] [1773804903.742733874] [controller_server]: Optimizer reset
[controller_server-10] [WARN] [1773804903.742793955] [controller_server]: Optimizer fail to compute path
[controller_server-10] [INFO] [1773804903.819888596] [controller_server]: Passing new path to controller.
[controller_server-10] [INFO] [1773804903.821622783] [controller_server]: Optimizer reset
[controller_server-10] [INFO] [1773804903.822697245] [controller_server]: Optimizer reset
[controller_server-10] [WARN] [1773804903.822753534] [controller_server]: Optimizer fail to compute path
[controller_server-10] [INFO] [1773804903.919893703] [controller_server]: Passing new path to controller.
[controller_server-10] [INFO] [1773804903.921662306] [controller_server]: Optimizer reset
[controller_server-10] [INFO] [1773804903.922751642] [controller_server]: Optimizer reset
[controller_server-10] [WARN] [1773804903.922813181] [controller_server]: Optimizer fail to compute path
[controller_server-10] [INFO] [1773804904.019888603] [controller_server]: Passing new path to controller.
[controller_server-10] [INFO] [1773804904.021634165] [controller_server]: Optimizer reset
[controller_server-10] [INFO] [1773804904.022718542] [controller_server]: Optimizer reset
[controller_server-10] [WARN] [1773804904.022773374] [controller_server]: Optimizer fail to compute path
[controller_server-10] [ERROR] [1773804904.022822372] [controller_server]: Controller patience exceeded
[controller_server-10] [INFO] [1773804904.023368936] [controller_server]: Optimizer reset
[controller_server-10] [WARN] [1773804904.023392268] [controller_server]: [follow_path] [ActionServer] Aborting handle.
[controller_server-10] [INFO] [1773804904.044260558] [local_costmap.local_costmap]: Received request to clear entirely the local_costmap
[controller_server-10] [INFO] [1773804904.048932307] [local_costmap.local_costmap]: KeepoutFilter: Subscribing to "/keepout_costmap_filter_info" topic for filter info...
[planner_server-12] [INFO] [1773804904.053452394] [global_costmap.global_costmap]: Received request to clear entirely the global_costmap
[controller_server-10] [INFO] [1773804904.053607555] [local_costmap.local_costmap]: KeepoutFilter: Received filter info from /keepout_costmap_filter_info topic.
[controller_server-10] [INFO] [1773804904.053658887] [local_costmap.local_costmap]: KeepoutFilter: Subscribing to "/keepout_filter_mask" topic for filter mask...
[planner_server-12] [INFO] [1773804904.060756923] [global_costmap.global_costmap]: KeepoutFilter: Subscribing to "/keepout_costmap_filter_info" topic for filter info...
[controller_server-10] [INFO] [1773804904.063926934] [local_costmap.local_costmap]: Received request to clear entirely the local_costmap
[controller_server-10] [INFO] [1773804904.067369351] [local_costmap.local_costmap]: KeepoutFilter: Subscribing to "/keepout_costmap_filter_info" topic for filter info...
[planner_server-12] [INFO] [1773804904.072440669] [global_costmap.global_costmap]: KeepoutFilter: Received filter info from /keepout_costmap_filter_info topic.
[planner_server-12] [INFO] [1773804904.072578330] [global_costmap.global_costmap]: KeepoutFilter: Subscribing to "/keepout_filter_mask" topic for filter mask...
[planner_server-12] [INFO] [1773804904.076168909] [global_costmap.global_costmap]: Received request to clear entirely the global_costmap
[controller_server-10] [INFO] [1773804904.078365372] [local_costmap.local_costmap]: KeepoutFilter: Received filter info from /keepout_costmap_filter_info topic.
[controller_server-10] [INFO] [1773804904.078437411] [local_costmap.local_costmap]: KeepoutFilter: Subscribing to "/keepout_filter_mask" topic for filter mask...
[planner_server-12] [INFO] [1773804904.081641254] [global_costmap.global_costmap]: KeepoutFilter: Subscribing to "/keepout_costmap_filter_info" topic for filter info...
[planner_server-12] [INFO] [1773804904.094254508] [global_costmap.global_costmap]: KeepoutFilter: Received filter info from /keepout_costmap_filter_info topic.
[planner_server-12] [INFO] [1773804904.094307881] [global_costmap.global_costmap]: KeepoutFilter: Subscribing to "/keepout_filter_mask" topic for filter mask...
[controller_server-10] [WARN] [1773804904.105844632] [local_costmap.local_costmap]: KeepoutFilter: New filter mask arrived from /keepout_filter_mask topic. Updating old filter mask.
[planner_server-12] [WARN] [1773804904.122002384] [global_costmap.global_costmap]: KeepoutFilter: New filter mask arrived from /keepout_filter_mask topic. Updating old filter mask.
[planner_server-12] [WARN] [1773804904.449454677] [planner_server]: Planner loop missed its desired rate of 5.0000 Hz. Current loop rate is 2.7665 Hz
[controller_server-10] [INFO] [1773804904.465449684] [controller_server]: Received a goal, begin computing control effort.
[controller_server-10] [INFO] [1773804904.537988947] [controller_server]: Optimizer reset
[controller_server-10] [INFO] [1773804904.539066325] [controller_server]: Optimizer reset
[controller_server-10] [WARN] [1773804904.539126406] [controller_server]: Optimizer fail to compute path
[controller_server-10] [INFO] [1773804904.567091566] [controller_server]: Optimizer reset
[controller_server-10] [INFO] [1773804904.568194318] [controller_server]: Optimizer reset
[controller_server-10] [WARN] [1773804904.568269857] [controller_server]: Optimizer fail to compute path
[controller_server-10] [INFO] [1773804904.665726181] [controller_server]: Passing new path to controller.
[controller_server-10] [INFO] [1773804904.667332915] [controller_server]: Optimizer reset
[controller_server-10] [INFO] [1773804904.668389002] [controller_server]: Optimizer reset
[controller_server-10] [WARN] [1773804904.668440041] [controller_server]: Optimizer fail to compute path
[controller_server-10] [INFO] [1773804904.765728080] [controller_server]: Passing new path to controller.
[controller_server-10] [INFO] [1773804904.767357271] [controller_server]: Optimizer reset
[controller_server-10] [INFO] [1773804904.768433191] [controller_server]: Optimizer reset
[controller_server-10] [WARN] [1773804904.768496480] [controller_server]: Optimizer fail to compute path
[controller_server-10] [INFO] [1773804904.867092597] [controller_server]: Optimizer reset
[controller_server-10] [INFO] [1773804904.868166475] [controller_server]: Optimizer reset
[controller_server-10] [WARN] [1773804904.868217223] [controller_server]: Optimizer fail to compute path
[controller_server-10] [INFO] [1773804904.965725170] [controller_server]: Passing new path to controller.
[controller_server-10] [INFO] [1773804904.967326946] [controller_server]: Optimizer reset
[controller_server-10] [INFO] [1773804904.968397324] [controller_server]: Optimizer reset
[controller_server-10] [WARN] [1773804904.968459447] [controller_server]: Optimizer fail to compute path
[controller_server-10] [INFO] [1773804905.067122061] [controller_server]: Optimizer reset
[controller_server-10] [INFO] [1773804905.068202355] [controller_server]: Optimizer reset
[controller_server-10] [WARN] [1773804905.068256603] [controller_server]: Optimizer fail to compute path
[controller_server-10] [INFO] [1773804905.165732760] [controller_server]: Passing new path to controller.
[controller_server-10] [INFO] [1773804905.167511571] [controller_server]: Optimizer reset
[controller_server-10] [INFO] [1773804905.168606157] [controller_server]: Optimizer reset
[controller_server-10] [WARN] [1773804905.168691612] [controller_server]: Optimizer fail to compute path
[controller_server-10] [INFO] [1773804905.265736992] [controller_server]: Passing new path to controller.
[controller_server-10] [INFO] [1773804905.267452806] [controller_server]: Optimizer reset
[controller_server-10] [INFO] [1773804905.268524350] [controller_server]: Optimizer reset
[controller_server-10] [WARN] [1773804905.268582973] [controller_server]: Optimizer fail to compute path
[controller_server-10] [INFO] [1773804905.365841846] [controller_server]: Passing new path to controller.
[controller_server-10] [INFO] [1773804905.371613138] [controller_server]: Optimizer reset
[controller_server-10] [INFO] [1773804905.375487207] [controller_server]: Optimizer reset
[controller_server-10] [WARN] [1773804905.375697200] [controller_server]: Optimizer fail to compute path
[controller_server-10] [INFO] [1773804905.465730291] [controller_server]: Passing new path to controller.
[controller_server-10] [INFO] [1773804905.467404398] [controller_server]: Optimizer reset
[controller_server-10] [INFO] [1773804905.468530482] [controller_server]: Optimizer reset
[controller_server-10] [WARN] [1773804905.468580939] [controller_server]: Optimizer fail to compute path
[controller_server-10] [ERROR] [1773804905.468622937] [controller_server]: Controller patience exceeded
[controller_server-10] [INFO] [1773804905.469115544] [controller_server]: Optimizer reset
[controller_server-10] [WARN] [1773804905.469156668] [controller_server]: [follow_path] [ActionServer] Aborting handle.
[controller_server-10] [INFO] [1773804905.494361885] [local_costmap.local_costmap]: Received request to clear entirely the local_costmap
[controller_server-10] [INFO] [1773804905.497041330] [local_costmap.local_costmap]: KeepoutFilter: Subscribing to "/keepout_costmap_filter_info" topic for filter info...
[controller_server-10] [INFO] [1773804905.499637654] [local_costmap.local_costmap]: KeepoutFilter: Received filter info from /keepout_costmap_filter_info topic.
[controller_server-10] [INFO] [1773804905.499680527] [local_costmap.local_costmap]: KeepoutFilter: Subscribing to "/keepout_filter_mask" topic for filter mask...
[controller_server-10] [INFO] [1773804905.501260428] [controller_server]: Received a goal, begin computing control effort.
[controller_server-10] [WARN] [1773804905.506035715] [local_costmap.local_costmap]: KeepoutFilter: New filter mask arrived from /keepout_filter_mask topic. Updating old filter mask.
[controller_server-10] [INFO] [1773804905.566370042] [controller_server]: Optimizer reset
[controller_server-10] [INFO] [1773804905.570037327] [controller_server]: Optimizer reset
[controller_server-10] [WARN] [1773804905.570236237] [controller_server]: Optimizer fail to compute path
[controller_server-10] [INFO] [1773804905.601484278] [controller_server]: Passing new path to controller.
[controller_server-10] [INFO] [1773804905.606731464] [controller_server]: Optimizer reset
[controller_server-10] [INFO] [1773804905.610363458] [controller_server]: Optimizer reset
[controller_server-10] [WARN] [1773804905.610556826] [controller_server]: Optimizer fail to compute path
[controller_server-10] [INFO] [1773804905.706154134] [controller_server]: Optimizer reset
[controller_server-10] [INFO] [1773804905.709863709] [controller_server]: Optimizer reset
[controller_server-10] [WARN] [1773804905.710029661] [controller_server]: Optimizer fail to compute path
[controller_server-10] [INFO] [1773804905.801501201] [controller_server]: Passing new path to controller.
[controller_server-10] [INFO] [1773804905.806947296] [controller_server]: Optimizer reset
[controller_server-10] [INFO] [1773804905.810609040] [controller_server]: Optimizer reset
[controller_server-10] [WARN] [1773804905.810769450] [controller_server]: Optimizer fail to compute path
[controller_server-10] [INFO] [1773804905.901548015] [controller_server]: Passing new path to controller.
[controller_server-10] [INFO] [1773804905.906835450] [controller_server]: Optimizer reset
[controller_server-10] [INFO] [1773804905.910784183] [controller_server]: Optimizer reset
[controller_server-10] [WARN] [1773804905.910955385] [controller_server]: Optimizer fail to compute path
[controller_server-10] [INFO] [1773804906.001518124] [controller_server]: Passing new path to controller.
[controller_server-10] [INFO] [1773804906.007117047] [controller_server]: Optimizer reset
[controller_server-10] [INFO] [1773804906.010897786] [controller_server]: Optimizer reset
[controller_server-10] [WARN] [1773804906.011128778] [controller_server]: Optimizer fail to compute path
[controller_server-10] [INFO] [1773804906.106344891] [controller_server]: Optimizer reset
[controller_server-10] [INFO] [1773804906.110063215] [controller_server]: Optimizer reset
[controller_server-10] [WARN] [1773804906.110303248] [controller_server]: Optimizer fail to compute path
[controller_server-10] [INFO] [1773804906.201517256] [controller_server]: Passing new path to controller.
[controller_server-10] [INFO] [1773804906.207142136] [controller_server]: Optimizer reset
[controller_server-10] [INFO] [1773804906.211058787] [controller_server]: Optimizer reset
[controller_server-10] [WARN] [1773804906.211263238] [controller_server]: Optimizer fail to compute path
[controller_server-10] [INFO] [1773804906.301508072] [controller_server]: Passing new path to controller.
[controller_server-10] [INFO] [1773804906.307052455] [controller_server]: Optimizer reset
[controller_server-10] [INFO] [1773804906.310751822] [controller_server]: Optimizer reset
[controller_server-10] [WARN] [1773804906.310963565] [controller_server]: Optimizer fail to compute path
[controller_server-10] [INFO] [1773804906.401562761] [controller_server]: Passing new path to controller.
[controller_server-10] [INFO] [1773804906.407179767] [controller_server]: Optimizer reset
[controller_server-10] [INFO] [1773804906.410880592] [controller_server]: Optimizer reset
[controller_server-10] [WARN] [1773804906.411088834] [controller_server]: Optimizer fail to compute path
[controller_server-10] [INFO] [1773804906.501498746] [controller_server]: Passing new path to controller.
[controller_server-10] [INFO] [1773804906.506959132] [controller_server]: Optimizer reset
[controller_server-10] [INFO] [1773804906.511100650] [controller_server]: Optimizer reset
[controller_server-10] [WARN] [1773804906.511941786] [controller_server]: Optimizer fail to compute path
[controller_server-10] [ERROR] [1773804906.511998076] [controller_server]: Controller patience exceeded
[controller_server-10] [INFO] [1773804906.512562139] [controller_server]: Optimizer reset
[controller_server-10] [WARN] [1773804906.512590430] [controller_server]: [follow_path] [ActionServer] Aborting handle.
[bt_navigator-14] [WARN] [1773804906.543941426] [bt_navigator]: [navigate_through_poses] [ActionServer] Aborting handle.
[bt_navigator-14] [ERROR] [1773804906.544523571] [bt_navigator]: Goal failed
[delivery_robot_main_controller-20] [33m[WARN] [1773804906.785891505] [main_controller_node]: Goal failed![0m
[delivery_robot_main_controller-20] [33m[WARN] [1773804906.789360464] [main_controller_node]: Blocked lane encountered; stopping with FAILED per setting.[0m
[delivery_robot_main_controller-20] [0m[INFO] [1773804906.791431806] [main_controller_node]: State change: MOVE -> SAFE_STOP[0m
[delivery_robot_main_controller-20] [0m[INFO] [1773804906.804188846] [main_controller_node]: Robot is in SAFE_STOP. Awaiting user to switch to STANDBY.[0m
[delivery_robot_main_controller-20] [0m[INFO] [1773804906.805076648] [main_controller_node]: Robot is in SAFE_STOP. Awaiting user to switch to STANDBY.[0m
[delivery_robot_main_controller-20] [0m[INFO] [1773804906.826547791] [main_controller_node]: Current state: SAFE_STOP, dock_state IDLE, charge_state NOT_CHARGE[0m
[delivery_robot_main_controller-20] [0m[INFO] [1773804907.575933808] [main_controller_node]: Current state: SAFE_STOP, dock_state IDLE, charge_state NOT_CHARGE[0m
[delivery_robot_main_controller-20] [0m[INFO] [1773804907.806148518] [main_controller_node]: Published message: "safe_stop"[0m
[robot_sound-21] [0m[INFO] [1773804908.021414975] [robot_sound_node]: 🔔 Received sound command: safe_stop[0m
[robot_sound-21] Simple mixer control 'PCM',0
[robot_sound-21]   Capabilities: pvolume pswitch pswitch-joined
[robot_sound-21]   Playback channels: Front Left - Front Right
[robot_sound-21]   Limits: Playback 0 - 147
[robot_sound-21]   Mono:
[robot_sound-21]   Front Left: Playback 147 [100%] [-0.94dB] [on]
[robot_sound-21]   Front Right: Playback 147 [100%] [-0.94dB] [on]
[robot_sound-21] [0m[INFO] [1773804908.057443553] [robot_sound_node]: 🔊 Playing sound: /home/smr/workspaces/mini_amr/amrROS2_ws/sounds/robot_safestop.wav[0m
[robot_sound-21] Playing WAVE '/home/smr/workspaces/mini_amr/amrROS2_ws/sounds/robot_safestop.wav' : Signed 16 bit Little Endian, Rate 22050 Hz, Mono
[delivery_robot_main_controller-20] [0m[INFO] [1773804908.580116191] [main_controller_node]: Current state: SAFE_STOP, dock_state IDLE, charge_state NOT_CHARGE[0m
[delivery_robot_main_controller-20] [0m[INFO] [1773804909.608107342] [main_controller_node]: Current state: SAFE_STOP, dock_state IDLE, charge_state NOT_CHARGE[0m
[delivery_robot_main_controller-20] [0m[INFO] [1773804910.558254005] [main_controller_node]: Current state: SAFE_STOP, dock_state IDLE, charge_state NOT_CHARGE[0m
[delivery_robot_main_controller-20] [0m[INFO] [1773804911.561890991] [main_controller_node]: Current state: SAFE_STOP, dock_state IDLE, charge_state NOT_CHARGE[0m
[delivery_robot_main_controller-20] [0m[INFO] [1773804912.564305646] [main_controller_node]: Current state: SAFE_STOP, dock_state IDLE, charge_state NOT_CHARGE[0m
[delivery_robot_main_controller-20] [0m[INFO] [1773804913.568611109] [main_controller_node]: Current state: SAFE_STOP, dock_state IDLE, charge_state NOT_CHARGE[0m
[delivery_robot_main_controller-20] [0m[INFO] [1773804914.562784436] [main_controller_node]: Current state: SAFE_STOP, dock_state IDLE, charge_state NOT_CHARGE[0m
[delivery_robot_main_controller-20] [0m[INFO] [1773804915.557912645] [main_controller_node]: Current state: SAFE_STOP, dock_state IDLE, charge_state NOT_CHARGE[0m
[delivery_robot_main_controller-20] [0m[INFO] [1773804916.563382107] [main_controller_node]: Current state: SAFE_STOP, dock_state IDLE, charge_state NOT_CHARGE[0m
[delivery_robot_main_controller-20] [0m[INFO] [1773804917.571437101] [main_controller_node]: Current state: SAFE_STOP, dock_state IDLE, charge_state NOT_CHARGE[0m
[delivery_robot_main_controller-20] [0m[INFO] [1773804918.612892559] [main_controller_node]: Current state: SAFE_STOP, dock_state IDLE, charge_state NOT_CHARGE[0m
[delivery_robot_main_controller-20] [0m[INFO] [1773804919.561348491] [main_controller_node]: Current state: SAFE_STOP, dock_state IDLE, charge_state NOT_CHARGE[0m
[delivery_robot_main_controller-20] [0m[INFO] [1773804920.561240320] [main_controller_node]: Current state: SAFE_STOP, dock_state IDLE, charge_state NOT_CHARGE[0m
[delivery_robot_main_controller-20] [0m[INFO] [1773804921.560672792] [main_controller_node]: Current state: SAFE_STOP, dock_state IDLE, charge_state NOT_CHARGE[0m
[delivery_robot_main_controller-20] [0m[INFO] [1773804922.561096602] [main_controller_node]: Current state: SAFE_STOP, dock_state IDLE, charge_state NOT_CHARGE[0m
[delivery_robot_main_controller-20] [0m[INFO] [1773804923.594625429] [main_controller_node]: Current state: SAFE_STOP, dock_state IDLE, charge_state NOT_CHARGE[0m
[delivery_robot_main_controller-20] [0m[INFO] [1773804924.563850779] [main_controller_node]: Current state: SAFE_STOP, dock_state IDLE, charge_state NOT_CHARGE[0m
[delivery_robot_main_controller-20] [0m[INFO] [1773804925.565864116] [main_controller_node]: Current state: SAFE_STOP, dock_state IDLE, charge_state NOT_CHARGE[0m
[delivery_robot_main_controller-20] [0m[INFO] [1773804926.577002790] [main_controller_node]: Current state: SAFE_STOP, dock_state IDLE, charge_state NOT_CHARGE[0m
[delivery_robot_main_controller-20] [0m[INFO] [1773804926.842112411] [main_controller_node]: Published message: "safe_stop"[0m
[robot_sound-21] [0m[INFO] [1773804927.102554658] [robot_sound_node]: 🔔 Received sound command: safe_stop[0m
[robot_sound-21] Simple mixer control 'PCM',0
[robot_sound-21]   Capabilities: pvolume pswitch pswitch-joined
[robot_sound-21]   Playback channels: Front Left - Front Right
[robot_sound-21]   Limits: Playback 0 - 147
[robot_sound-21]   Mono:
[robot_sound-21]   Front Left: Playback 147 [100%] [-0.94dB] [on]
[robot_sound-21]   Front Right: Playback 147 [100%] [-0.94dB] [on]
[robot_sound-21] [0m[INFO] [1773804927.130848223] [robot_sound_node]: 🔊 Playing sound: /home/smr/workspaces/mini_amr/amrROS2_ws/sounds/robot_safestop.wav[0m
[robot_sound-21] Playing WAVE '/home/smr/workspaces/mini_amr/amrROS2_ws/sounds/robot_safestop.wav' : Signed 16 bit Little Endian, Rate 22050 Hz, Mono
[delivery_robot_main_controller-20] [0m[INFO] [1773804927.557973135] [main_controller_node]: Current state: SAFE_STOP, dock_state IDLE, charge_state NOT_CHARGE[0m
[delivery_robot_main_controller-20] [0m[INFO] [1773804928.564425770] [main_controller_node]: Current state: SAFE_STOP, dock_state IDLE, charge_state NOT_CHARGE[0m
[delivery_robot_main_controller-20] [0m[INFO] [1773804929.578618667] [main_controller_node]: Current state: SAFE_STOP, dock_state IDLE, charge_state NOT_CHARGE[0m
[delivery_robot_main_controller-20] [0m[INFO] [1773804930.577186378] [main_controller_node]: Current state: SAFE_STOP, dock_state IDLE, charge_state NOT_CHARGE[0m
[delivery_robot_main_controller-20] [0m[INFO] [1773804931.559617920] [main_controller_node]: Current state: SAFE_STOP, dock_state IDLE, charge_state NOT_CHARGE[0m
[delivery_robot_main_controller-20] [0m[INFO] [1773804932.564197091] [main_controller_node]: Current state: SAFE_STOP, dock_state IDLE, charge_state NOT_CHARGE[0m
[delivery_robot_main_controller-20] [0m[INFO] [1773804933.558508935] [main_controller_node]: Current state: SAFE_STOP, dock_state IDLE, charge_state NOT_CHARGE[0m
[delivery_robot_main_controller-20] [0m[INFO] [1773804934.565173860] [main_controller_node]: Current state: SAFE_STOP, dock_state IDLE, charge_state NOT_CHARGE[0m
[delivery_robot_main_controller-20] [0m[INFO] [1773804935.599644959] [main_controller_node]: Current state: SAFE_STOP, dock_state IDLE, charge_state NOT_CHARGE[0m
[delivery_robot_main_controller-20] [0m[INFO] [1773804936.624778698] [main_controller_node]: Current state: SAFE_STOP, dock_state IDLE, charge_state NOT_CHARGE[0m
[delivery_robot_main_controller-20] [0m[INFO] [1773804937.560801959] [main_controller_node]: Current state: SAFE_STOP, dock_state IDLE, charge_state NOT_CHARGE[0m
[delivery_robot_main_controller-20] [0m[INFO] [1773804938.562244204] [main_controller_node]: Current state: SAFE_STOP, dock_state IDLE, charge_state NOT_CHARGE[0m
[delivery_robot_main_controller-20] [0m[INFO] [1773804939.577939085] [main_controller_node]: Current state: SAFE_STOP, dock_state IDLE, charge_state NOT_CHARGE[0m
[delivery_robot_main_controller-20] [0m[INFO] [1773804940.571471624] [main_controller_node]: Current state: SAFE_STOP, dock_state IDLE, charge_state NOT_CHARGE[0m
[delivery_robot_main_controller-20] [0m[INFO] [1773804941.560678032] [main_controller_node]: Current state: SAFE_STOP, dock_state IDLE, charge_state NOT_CHARGE[0m
[delivery_robot_main_controller-20] [0m[INFO] [1773804942.562628925] [main_controller_node]: Current state: SAFE_STOP, dock_state IDLE, charge_state NOT_CHARGE[0m
[delivery_robot_main_controller-20] [0m[INFO] [1773804943.557652992] [main_controller_node]: Current state: SAFE_STOP, dock_state IDLE, charge_state NOT_CHARGE[0m
[delivery_robot_main_controller-20] [0m[INFO] [1773804944.565595661] [main_controller_node]: Current state: SAFE_STOP, dock_state IDLE, charge_state NOT_CHARGE[0m
[delivery_robot_main_controller-20] [0m[INFO] [1773804945.565653416] [main_controller_node]: Current state: SAFE_STOP, dock_state IDLE, charge_state NOT_CHARGE[0m
[delivery_robot_main_controller-20] [0m[INFO] [1773804946.590398377] [main_controller_node]: Current state: SAFE_STOP, dock_state IDLE, charge_state NOT_CHARGE[0m
[delivery_robot_main_controller-20] [0m[INFO] [1773804946.879233007] [main_controller_node]: Published message: "safe_stop"[0m
[robot_sound-21] [0m[INFO] [1773804947.241795019] [robot_sound_node]: 🔔 Received sound command: safe_stop[0m
[robot_sound-21] Simple mixer control 'PCM',0
[robot_sound-21]   Capabilities: pvolume pswitch pswitch-joined
[robot_sound-21]   Playback channels: Front Left - Front Right
[robot_sound-21]   Limits: Playback 0 - 147
[robot_sound-21]   Mono:
[robot_sound-21]   Front Left: Playback 147 [100%] [-0.94dB] [on]
[robot_sound-21]   Front Right: Playback 147 [100%] [-0.94dB] [on]
[robot_sound-21] [0m[INFO] [1773804947.269886724] [robot_sound_node]: 🔊 Playing sound: /home/smr/workspaces/mini_amr/amrROS2_ws/sounds/robot_safestop.wav[0m
[robot_sound-21] Playing WAVE '/home/smr/workspaces/mini_amr/amrROS2_ws/sounds/robot_safestop.wav' : Signed 16 bit Little Endian, Rate 22050 Hz, Mono
[delivery_robot_main_controller-20] [0m[INFO] [1773804947.576255410] [main_controller_node]: Current state: SAFE_STOP, dock_state IDLE, charge_state NOT_CHARGE[0m
[delivery_robot_main_controller-20] [0m[INFO] [1773804948.557789228] [main_controller_node]: Current state: SAFE_STOP, dock_state IDLE, charge_state NOT_CHARGE[0m
[delivery_robot_main_controller-20] [0m[INFO] [1773804949.591042373] [main_controller_node]: Current state: SAFE_STOP, dock_state IDLE, charge_state NOT_CHARGE[0m
[delivery_robot_main_controller-20] [0m[INFO] [1773804950.612134053] [main_controller_node]: Current state: SAFE_STOP, dock_state IDLE, charge_state NOT_CHARGE[0m
[delivery_robot_main_controller-20] [0m[INFO] [1773804951.604386807] [main_controller_node]: Current state: SAFE_STOP, dock_state IDLE, charge_state NOT_CHARGE[0m
[delivery_robot_main_controller-20] [0m[INFO] [1773804952.558844757] [main_controller_node]: Current state: SAFE_STOP, dock_state IDLE, charge_state NOT_CHARGE[0m
[delivery_robot_main_controller-20] [0m[INFO] [1773804953.565431519] [main_controller_node]: Current state: SAFE_STOP, dock_state IDLE, charge_state NOT_CHARGE[0m
[delivery_robot_main_controller-20] [0m[INFO] [1773804953.854185652] [main_controller_node]: SAFE_STOP cleared to STANDBY via API/GUI.[0m
[delivery_robot_main_controller-20] [0m[INFO] [1773804953.854798713] [main_controller_node]: State change: SAFE_STOP -> STANDBY[0m
[delivery_robot_main_controller-20] [0m[INFO] [1773804953.861183642] [main_controller_node]: Robot is in STANDBY mode.[0m
[delivery_robot_main_controller-20] [0m[INFO] [1773804954.562837539] [main_controller_node]: Current state: STANDBY, dock_state IDLE, charge_state NOT_CHARGE[0m
[delivery_robot_main_controller-20] [0m[INFO] [1773804955.591458606] [main_controller_node]: Current state: STANDBY, dock_state IDLE, charge_state NOT_CHARGE[0m
[delivery_robot_main_controller-20] [0m[INFO] [1773804955.702351981] [main_controller_node]: 1 pending queues [0m
[delivery_robot_main_controller-20] [0m[INFO] [1773804955.703303945] [main_controller_node]: Queue action: Request[0m
[delivery_robot_main_controller-20] [0m[INFO] [1773804955.726007017] [main_controller_node]: AGV start_pos: x=-0.02, y=-0.01[0m
[delivery_robot_main_controller-20] [0m[INFO] [1773804955.726631161] [main_controller_node]: AGV goal_pos: x=3.40, y=-0.73[0m
[delivery_robot_main_controller-20] Graph before shortest_path: Graph with 11 nodes and 10 edges
[delivery_robot_main_controller-20] [0m[INFO] [1773804955.753482453] [main_controller_node]: Computed AGV path waypoints:[0m
[delivery_robot_main_controller-20] [0m[INFO] [1773804955.756492633] [main_controller_node]:   Waypoint 0: x=-0.02, y=-0.01[0m
[delivery_robot_main_controller-20] [0m[INFO] [1773804955.757168108] [main_controller_node]:   Waypoint 1: x=1.99, y=-1.51[0m
[delivery_robot_main_controller-20] [0m[INFO] [1773804955.757732754] [main_controller_node]:   Waypoint 2: x=3.40, y=-0.73[0m
[delivery_robot_main_controller-20] [0m[INFO] [1773804955.760732142] [main_controller_node]: Navigating with 3 goals....[0m
[bt_navigator-14] [INFO] [1773804955.762715985] [bt_navigator]: Begin navigating from current location through 3 poses to (3.40, -0.73)
[controller_server-10] [INFO] [1773804955.763247382] [local_costmap.local_costmap]: Received request to clear entirely the local_costmap
[controller_server-10] [INFO] [1773804955.768236738] [local_costmap.local_costmap]: KeepoutFilter: Subscribing to "/keepout_costmap_filter_info" topic for filter info...
[planner_server-12] [INFO] [1773804955.773829238] [global_costmap.global_costmap]: Received request to clear entirely the global_costmap
[controller_server-10] [INFO] [1773804955.774242514] [local_costmap.local_costmap]: KeepoutFilter: Received filter info from /keepout_costmap_filter_info topic.
[controller_server-10] [INFO] [1773804955.774337011] [local_costmap.local_costmap]: KeepoutFilter: Subscribing to "/keepout_filter_mask" topic for filter mask...
[planner_server-12] [INFO] [1773804955.782834403] [global_costmap.global_costmap]: KeepoutFilter: Subscribing to "/keepout_costmap_filter_info" topic for filter info...
[planner_server-12] [INFO] [1773804955.793657167] [global_costmap.global_costmap]: KeepoutFilter: Received filter info from /keepout_costmap_filter_info topic.
[planner_server-12] [INFO] [1773804955.793722206] [global_costmap.global_costmap]: KeepoutFilter: Subscribing to "/keepout_filter_mask" topic for filter mask...
[controller_server-10] [WARN] [1773804955.800867774] [local_costmap.local_costmap]: KeepoutFilter: New filter mask arrived from /keepout_filter_mask topic. Updating old filter mask.
[planner_server-12] [WARN] [1773804955.822317309] [global_costmap.global_costmap]: KeepoutFilter: New filter mask arrived from /keepout_filter_mask topic. Updating old filter mask.
[controller_server-10] [INFO] [1773804955.954467143] [controller_server]: Received a goal, begin computing control effort.
[controller_server-10] [INFO] [1773804955.959527371] [controller_server]: Optimizer reset
[controller_server-10] [INFO] [1773804955.960622831] [controller_server]: Optimizer reset
[controller_server-10] [WARN] [1773804955.960689620] [controller_server]: Optimizer fail to compute path
[controller_server-10] [INFO] [1773804956.059385948] [controller_server]: Optimizer reset
[controller_server-10] [INFO] [1773804956.060485491] [controller_server]: Optimizer reset
[controller_server-10] [WARN] [1773804956.060551113] [controller_server]: Optimizer fail to compute path
[controller_server-10] [INFO] [1773804956.154842272] [controller_server]: Passing new path to controller.
[controller_server-10] [INFO] [1773804956.162496779] [controller_server]: Optimizer reset
[controller_server-10] [INFO] [1773804956.166414300] [controller_server]: Optimizer reset
[controller_server-10] [WARN] [1773804956.166595418] [controller_server]: Optimizer fail to compute path
[controller_server-10] [INFO] [1773804956.254962756] [controller_server]: Passing new path to controller.
[controller_server-10] [INFO] [1773804956.259637999] [controller_server]: Optimizer reset
[controller_server-10] [INFO] [1773804956.260725875] [controller_server]: Optimizer reset
[controller_server-10] [WARN] [1773804956.260785373] [controller_server]: Optimizer fail to compute path
[controller_server-10] [INFO] [1773804956.354701462] [controller_server]: Passing new path to controller.
[controller_server-10] [INFO] [1773804956.359205503] [controller_server]: Optimizer reset
[controller_server-10] [INFO] [1773804956.360309712] [controller_server]: Optimizer reset
[controller_server-10] [WARN] [1773804956.360372709] [controller_server]: Optimizer fail to compute path
[delivery_robot_main_controller-20] [0m[INFO] [1773804956.381849077] [main_controller_node]: State change: STANDBY -> MOVE[0m
[delivery_robot_main_controller-20] [0m[INFO] [1773804956.401628591] [main_controller_node]: Robot is MOVING.[0m
[controller_server-10] [INFO] [1773804956.456413512] [controller_server]: Optimizer reset
[controller_server-10] [INFO] [1773804956.457522970] [controller_server]: Optimizer reset
[controller_server-10] [WARN] [1773804956.457599967] [controller_server]: Optimizer fail to compute path
[controller_server-10] [INFO] [1773804956.554717563] [controller_server]: Passing new path to controller.
[controller_server-10] [INFO] [1773804956.556295129] [controller_server]: Optimizer reset
[controller_server-10] [INFO] [1773804956.557397880] [controller_server]: Optimizer reset
[controller_server-10] [WARN] [1773804956.557460586] [controller_server]: Optimizer fail to compute path
[controller_server-10] [INFO] [1773804956.654826672] [controller_server]: Passing new path to controller.
[controller_server-10] [INFO] [1773804956.659186635] [controller_server]: Optimizer reset
[controller_server-10] [INFO] [1773804956.660316801] [controller_server]: Optimizer reset
[controller_server-10] [WARN] [1773804956.660389715] [controller_server]: Optimizer fail to compute path
[controller_server-10] [INFO] [1773804956.754723164] [controller_server]: Passing new path to controller.
[controller_server-10] [INFO] [1773804956.759347950] [controller_server]: Optimizer reset
[controller_server-10] [INFO] [1773804956.760445159] [controller_server]: Optimizer reset
[controller_server-10] [WARN] [1773804956.760516615] [controller_server]: Optimizer fail to compute path
[controller_server-10] [INFO] [1773804956.859231026] [controller_server]: Optimizer reset
[controller_server-10] [INFO] [1773804956.860336985] [controller_server]: Optimizer reset
[controller_server-10] [WARN] [1773804956.860402899] [controller_server]: Optimizer fail to compute path
[controller_server-10] [INFO] [1773804956.955059211] [controller_server]: Passing new path to controller.
[controller_server-10] [INFO] [1773804956.959460881] [controller_server]: Optimizer reset
[controller_server-10] [INFO] [1773804956.960566840] [controller_server]: Optimizer reset
[controller_server-10] [WARN] [1773804956.960626337] [controller_server]: Optimizer fail to compute path
[controller_server-10] [ERROR] [1773804956.960671544] [controller_server]: Controller patience exceeded
[controller_server-10] [INFO] [1773804956.961208482] [controller_server]: Optimizer reset
[controller_server-10] [WARN] [1773804956.961232106] [controller_server]: [follow_path] [ActionServer] Aborting handle.
[controller_server-10] [INFO] [1773804956.973527149] [local_costmap.local_costmap]: Received request to clear entirely the local_costmap
[controller_server-10] [INFO] [1773804956.976413958] [local_costmap.local_costmap]: KeepoutFilter: Subscribing to "/keepout_costmap_filter_info" topic for filter info...
[controller_server-10] [INFO] [1773804956.979840623] [controller_server]: Received a goal, begin computing control effort.
[controller_server-10] [INFO] [1773804956.980546430] [local_costmap.local_costmap]: KeepoutFilter: Received filter info from /keepout_costmap_filter_info topic.
[controller_server-10] [INFO] [1773804956.980615260] [local_costmap.local_costmap]: KeepoutFilter: Subscribing to "/keepout_filter_mask" topic for filter mask...
[controller_server-10] [WARN] [1773804956.995728573] [local_costmap.local_costmap]: KeepoutFilter: New filter mask arrived from /keepout_filter_mask topic. Updating old filter mask.
[controller_server-10] [INFO] [1773804957.061457878] [controller_server]: Optimizer reset
[controller_server-10] [INFO] [1773804957.062784037] [controller_server]: Optimizer reset
[controller_server-10] [WARN] [1773804957.062867742] [controller_server]: Optimizer fail to compute path
[controller_server-10] [INFO] [1773804957.081440676] [controller_server]: Optimizer reset
[controller_server-10] [INFO] [1773804957.082570551] [controller_server]: Optimizer reset
[controller_server-10] [WARN] [1773804957.082644631] [controller_server]: Optimizer fail to compute path
[controller_server-10] [INFO] [1773804957.180078965] [controller_server]: Passing new path to controller.
[controller_server-10] [INFO] [1773804957.181713987] [controller_server]: Optimizer reset
[controller_server-10] [INFO] [1773804957.184551507] [controller_server]: Optimizer reset
[controller_server-10] [WARN] [1773804957.184637254] [controller_server]: Optimizer fail to compute path
[controller_server-10] [INFO] [1773804957.280076078] [controller_server]: Passing new path to controller.
[controller_server-10] [INFO] [1773804957.281653061] [controller_server]: Optimizer reset
[controller_server-10] [INFO] [1773804957.282710605] [controller_server]: Optimizer reset
[controller_server-10] [WARN] [1773804957.282767770] [controller_server]: Optimizer fail to compute path
[controller_server-10] [INFO] [1773804957.380077858] [controller_server]: Passing new path to controller.
[controller_server-10] [INFO] [1773804957.381665341] [controller_server]: Optimizer reset
[controller_server-10] [INFO] [1773804957.383231241] [controller_server]: Optimizer reset
[controller_server-10] [WARN] [1773804957.383309113] [controller_server]: Optimizer fail to compute path
[controller_server-10] [INFO] [1773804957.480074680] [controller_server]: Passing new path to controller.
[controller_server-10] [INFO] [1773804957.481643788] [controller_server]: Optimizer reset
[controller_server-10] [INFO] [1773804957.482698707] [controller_server]: Optimizer reset
[controller_server-10] [WARN] [1773804957.482759955] [controller_server]: Optimizer fail to compute path
[controller_server-10] [INFO] [1773804957.581464158] [controller_server]: Optimizer reset
[controller_server-10] [INFO] [1773804957.582547367] [controller_server]: Optimizer reset
[controller_server-10] [WARN] [1773804957.582621156] [controller_server]: Optimizer fail to compute path
[controller_server-10] [INFO] [1773804957.680073864] [controller_server]: Passing new path to controller.
[controller_server-10] [INFO] [1773804957.681654056] [controller_server]: Optimizer reset
[controller_server-10] [INFO] [1773804957.682711600] [controller_server]: Optimizer reset
[controller_server-10] [WARN] [1773804957.682772264] [controller_server]: Optimizer fail to compute path
[controller_server-10] [INFO] [1773804957.780082061] [controller_server]: Passing new path to controller.
[controller_server-10] [INFO] [1773804957.781694626] [controller_server]: Optimizer reset
[controller_server-10] [INFO] [1773804957.782779877] [controller_server]: Optimizer reset
[controller_server-10] [WARN] [1773804957.782852791] [controller_server]: Optimizer fail to compute path
[controller_server-10] [INFO] [1773804957.881451123] [controller_server]: Optimizer reset
[controller_server-10] [INFO] [1773804957.882520916] [controller_server]: Optimizer reset
[controller_server-10] [WARN] [1773804957.882582164] [controller_server]: Optimizer fail to compute path
[controller_server-10] [INFO] [1773804957.980082995] [controller_server]: Passing new path to controller.
[controller_server-10] [INFO] [1773804957.981701102] [controller_server]: Optimizer reset
[controller_server-10] [INFO] [1773804957.982772353] [controller_server]: Optimizer reset
[controller_server-10] [WARN] [1773804957.982837684] [controller_server]: Optimizer fail to compute path
[controller_server-10] [ERROR] [1773804957.982884349] [controller_server]: Controller patience exceeded
[controller_server-10] [INFO] [1773804957.983429746] [controller_server]: Optimizer reset
[controller_server-10] [WARN] [1773804957.983462703] [controller_server]: [follow_path] [ActionServer] Aborting handle.
[controller_server-10] [INFO] [1773804958.013463587] [local_costmap.local_costmap]: Received request to clear entirely the local_costmap
[controller_server-10] [INFO] [1773804958.017722637] [local_costmap.local_costmap]: KeepoutFilter: Subscribing to "/keepout_costmap_filter_info" topic for filter info...
[planner_server-12] [INFO] [1773804958.020645903] [global_costmap.global_costmap]: Received request to clear entirely the global_costmap
[controller_server-10] [INFO] [1773804958.021029722] [local_costmap.local_costmap]: KeepoutFilter: Received filter info from /keepout_costmap_filter_info topic.
[controller_server-10] [INFO] [1773804958.021109344] [local_costmap.local_costmap]: KeepoutFilter: Subscribing to "/keepout_filter_mask" topic for filter mask...
[planner_server-12] [INFO] [1773804958.023925864] [global_costmap.global_costmap]: KeepoutFilter: Subscribing to "/keepout_costmap_filter_info" topic for filter info...
[controller_server-10] [INFO] [1773804958.028045794] [local_costmap.local_costmap]: Received request to clear entirely the local_costmap
[controller_server-10] [INFO] [1773804958.033780623] [local_costmap.local_costmap]: KeepoutFilter: Subscribing to "/keepout_costmap_filter_info" topic for filter info...
[planner_server-12] [INFO] [1773804958.035270692] [global_costmap.global_costmap]: KeepoutFilter: Received filter info from /keepout_costmap_filter_info topic.
[planner_server-12] [INFO] [1773804958.035631470] [global_costmap.global_costmap]: KeepoutFilter: Subscribing to "/keepout_filter_mask" topic for filter mask...
[planner_server-12] [INFO] [1773804958.039136590] [global_costmap.global_costmap]: Received request to clear entirely the global_costmap
[planner_server-12] [INFO] [1773804958.042979447] [global_costmap.global_costmap]: KeepoutFilter: Subscribing to "/keepout_costmap_filter_info" topic for filter info...
[controller_server-10] [INFO] [1773804958.046008293] [local_costmap.local_costmap]: KeepoutFilter: Received filter info from /keepout_costmap_filter_info topic.
[controller_server-10] [INFO] [1773804958.046055833] [local_costmap.local_costmap]: KeepoutFilter: Subscribing to "/keepout_filter_mask" topic for filter mask...
[planner_server-12] [INFO] [1773804958.054265069] [global_costmap.global_costmap]: KeepoutFilter: Received filter info from /keepout_costmap_filter_info topic.
[planner_server-12] [INFO] [1773804958.054317859] [global_costmap.global_costmap]: KeepoutFilter: Subscribing to "/keepout_filter_mask" topic for filter mask...
[planner_server-12] [WARN] [1773804958.069800991] [global_costmap.global_costmap]: KeepoutFilter: New filter mask arrived from /keepout_filter_mask topic. Updating old filter mask.
[controller_server-10] [WARN] [1773804958.070042482] [local_costmap.local_costmap]: KeepoutFilter: New filter mask arrived from /keepout_filter_mask topic. Updating old filter mask.
[planner_server-12] [WARN] [1773804958.446383481] [planner_server]: Planner loop missed its desired rate of 5.0000 Hz. Current loop rate is 2.5515 Hz
[controller_server-10] [INFO] [1773804958.464331397] [controller_server]: Received a goal, begin computing control effort.
[controller_server-10] [INFO] [1773804958.469300629] [controller_server]: Optimizer reset
[controller_server-10] [INFO] [1773804958.472959159] [controller_server]: Optimizer reset
[controller_server-10] [WARN] [1773804958.473143194] [controller_server]: Optimizer fail to compute path
[controller_server-10] [INFO] [1773804958.569791515] [controller_server]: Optimizer reset
[controller_server-10] [INFO] [1773804958.572230341] [controller_server]: Optimizer reset
[controller_server-10] [WARN] [1773804958.572329213] [controller_server]: Optimizer fail to compute path
[controller_server-10] [INFO] [1773804958.664672986] [controller_server]: Passing new path to controller.
[controller_server-10] [INFO] [1773804958.666784574] [controller_server]: Optimizer reset
[controller_server-10] [INFO] [1773804958.667857284] [controller_server]: Optimizer reset
[controller_server-10] [WARN] [1773804958.667909782] [controller_server]: Optimizer fail to compute path
[controller_server-10] [INFO] [1773804958.764591643] [controller_server]: Passing new path to controller.
[controller_server-10] [INFO] [1773804958.766209458] [controller_server]: Optimizer reset
[controller_server-10] [INFO] [1773804958.767313376] [controller_server]: Optimizer reset
[controller_server-10] [WARN] [1773804958.767391248] [controller_server]: Optimizer fail to compute path
[controller_server-10] [INFO] [1773804958.864600423] [controller_server]: Passing new path to controller.
[controller_server-10] [INFO] [1773804958.866206572] [controller_server]: Optimizer reset
[controller_server-10] [INFO] [1773804958.867282490] [controller_server]: Optimizer reset
[controller_server-10] [WARN] [1773804958.867339654] [controller_server]: Optimizer fail to compute path
[controller_server-10] [INFO] [1773804958.965955486] [controller_server]: Optimizer reset
[controller_server-10] [INFO] [1773804958.967050653] [controller_server]: Optimizer reset
[controller_server-10] [WARN] [1773804958.967111026] [controller_server]: Optimizer fail to compute path
[controller_server-10] [INFO] [1773804959.064584733] [controller_server]: Passing new path to controller.
[controller_server-10] [INFO] [1773804959.066183882] [controller_server]: Optimizer reset
[controller_server-10] [INFO] [1773804959.067256592] [controller_server]: Optimizer reset
[controller_server-10] [WARN] [1773804959.067312882] [controller_server]: Optimizer fail to compute path
[controller_server-10] [INFO] [1773804959.164603721] [controller_server]: Passing new path to controller.
[controller_server-10] [INFO] [1773804959.166347239] [controller_server]: Optimizer reset
[controller_server-10] [INFO] [1773804959.167469239] [controller_server]: Optimizer reset
[controller_server-10] [WARN] [1773804959.167540986] [controller_server]: Optimizer fail to compute path
[controller_server-10] [INFO] [1773804959.264593543] [controller_server]: Passing new path to controller.
[controller_server-10] [INFO] [1773804959.266328603] [controller_server]: Optimizer reset
[controller_server-10] [INFO] [1773804959.267419396] [controller_server]: Optimizer reset
[controller_server-10] [WARN] [1773804959.267486768] [controller_server]: Optimizer fail to compute path
[controller_server-10] [INFO] [1773804959.366062059] [controller_server]: Optimizer reset
[controller_server-10] [INFO] [1773804959.367179685] [controller_server]: Optimizer reset
[controller_server-10] [WARN] [1773804959.367257848] [controller_server]: Optimizer fail to compute path
[controller_server-10] [INFO] [1773804959.464581936] [controller_server]: Passing new path to controller.
[controller_server-10] [INFO] [1773804959.466255165] [controller_server]: Optimizer reset
[controller_server-10] [INFO] [1773804959.467422664] [controller_server]: Optimizer reset
[controller_server-10] [WARN] [1773804959.467476912] [controller_server]: Optimizer fail to compute path
[controller_server-10] [ERROR] [1773804959.467519493] [controller_server]: Controller patience exceeded
[controller_server-10] [INFO] [1773804959.468019975] [controller_server]: Optimizer reset
[controller_server-10] [WARN] [1773804959.468040391] [controller_server]: [follow_path] [ActionServer] Aborting handle.
[controller_server-10] [INFO] [1773804959.493749851] [local_costmap.local_costmap]: Received request to clear entirely the local_costmap
[controller_server-10] [INFO] [1773804959.496462250] [local_costmap.local_costmap]: KeepoutFilter: Subscribing to "/keepout_costmap_filter_info" topic for filter info...
[controller_server-10] [INFO] [1773804959.500097740] [local_costmap.local_costmap]: KeepoutFilter: Received filter info from /keepout_costmap_filter_info topic.
[controller_server-10] [INFO] [1773804959.500221402] [local_costmap.local_costmap]: KeepoutFilter: Subscribing to "/keepout_filter_mask" topic for filter mask...
[controller_server-10] [INFO] [1773804959.500756007] [controller_server]: Received a goal, begin computing control effort.
[controller_server-10] [WARN] [1773804959.507779371] [local_costmap.local_costmap]: KeepoutFilter: New filter mask arrived from /keepout_filter_mask topic. Updating old filter mask.
[controller_server-10] [INFO] [1773804959.562642163] [controller_server]: Optimizer reset
[controller_server-10] [INFO] [1773804959.563789537] [controller_server]: Optimizer reset
[controller_server-10] [WARN] [1773804959.563867117] [controller_server]: Optimizer fail to compute path
[controller_server-10] [INFO] [1773804959.600902740] [controller_server]: Passing new path to controller.
[controller_server-10] [INFO] [1773804959.602509472] [controller_server]: Optimizer reset
[controller_server-10] [INFO] [1773804959.603568474] [controller_server]: Optimizer reset
[controller_server-10] [WARN] [1773804959.603622430] [controller_server]: Optimizer fail to compute path
[controller_server-10] [INFO] [1773804959.702257511] [controller_server]: Optimizer reset
[controller_server-10] [INFO] [1773804959.703336637] [controller_server]: Optimizer reset
[controller_server-10] [WARN] [1773804959.703385635] [controller_server]: Optimizer fail to compute path
[controller_server-10] [INFO] [1773804959.800900466] [controller_server]: Passing new path to controller.
[controller_server-10] [INFO] [1773804959.802510406] [controller_server]: Optimizer reset
[controller_server-10] [INFO] [1773804959.803587783] [controller_server]: Optimizer reset
[controller_server-10] [WARN] [1773804959.803641156] [controller_server]: Optimizer fail to compute path
[controller_server-10] [INFO] [1773804959.900903121] [controller_server]: Passing new path to controller.
[controller_server-10] [INFO] [1773804959.902513353] [controller_server]: Optimizer reset
[controller_server-10] [INFO] [1773804959.903584604] [controller_server]: Optimizer reset
[controller_server-10] [WARN] [1773804959.903636519] [controller_server]: Optimizer fail to compute path
[controller_server-10] [INFO] [1773804960.000913650] [controller_server]: Passing new path to controller.
[controller_server-10] [INFO] [1773804960.002565006] [controller_server]: Optimizer reset
[controller_server-10] [INFO] [1773804960.003652882] [controller_server]: Optimizer reset
[controller_server-10] [WARN] [1773804960.003724921] [controller_server]: Optimizer fail to compute path
[controller_server-10] [INFO] [1773804960.102264922] [controller_server]: Optimizer reset
[controller_server-10] [INFO] [1773804960.103355714] [controller_server]: Optimizer reset
[controller_server-10] [WARN] [1773804960.103419587] [controller_server]: Optimizer fail to compute path
[controller_server-10] [INFO] [1773804960.200902044] [controller_server]: Passing new path to controller.
[controller_server-10] [INFO] [1773804960.202522775] [controller_server]: Optimizer reset
[controller_server-10] [INFO] [1773804960.203592860] [controller_server]: Optimizer reset
[controller_server-10] [WARN] [1773804960.203650025] [controller_server]: Optimizer fail to compute path
[controller_server-10] [INFO] [1773804960.300897990] [controller_server]: Passing new path to controller.
[controller_server-10] [INFO] [1773804960.302509972] [controller_server]: Optimizer reset
[controller_server-10] [INFO] [1773804960.303578891] [controller_server]: Optimizer reset
[controller_server-10] [WARN] [1773804960.303632264] [controller_server]: Optimizer fail to compute path
[controller_server-10] [INFO] [1773804960.400905020] [controller_server]: Passing new path to controller.
[controller_server-10] [INFO] [1773804960.402563083] [controller_server]: Optimizer reset
[controller_server-10] [INFO] [1773804960.403642793] [controller_server]: Optimizer reset
[controller_server-10] [WARN] [1773804960.403709582] [controller_server]: Optimizer fail to compute path
[controller_server-10] [INFO] [1773804960.500896883] [controller_server]: Passing new path to controller.
[controller_server-10] [INFO] [1773804960.502489324] [controller_server]: Optimizer reset
[controller_server-10] [INFO] [1773804960.503559118] [controller_server]: Optimizer reset
[controller_server-10] [WARN] [1773804960.503612199] [controller_server]: Optimizer fail to compute path
[controller_server-10] [ERROR] [1773804960.503653031] [controller_server]: Controller patience exceeded
[controller_server-10] [INFO] [1773804960.504180345] [controller_server]: Optimizer reset
[controller_server-10] [WARN] [1773804960.504202219] [controller_server]: [follow_path] [ActionServer] Aborting handle.
[behavior_server-13] [INFO] [1773804960.534314807] [behavior_server]: Running wait
[behavior_server-13] [INFO] [1773804965.534596288] [behavior_server]: wait completed successfully
[controller_server-10] [INFO] [1773804965.553649871] [local_costmap.local_costmap]: Received request to clear entirely the local_costmap
[controller_server-10] [INFO] [1773804965.557759010] [local_costmap.local_costmap]: KeepoutFilter: Subscribing to "/keepout_costmap_filter_info" topic for filter info...
[planner_server-12] [INFO] [1773804965.561066970] [global_costmap.global_costmap]: Received request to clear entirely the global_costmap
[controller_server-10] [INFO] [1773804965.563135685] [local_costmap.local_costmap]: KeepoutFilter: Received filter info from /keepout_costmap_filter_info topic.
[controller_server-10] [INFO] [1773804965.563203641] [local_costmap.local_costmap]: KeepoutFilter: Subscribing to "/keepout_filter_mask" topic for filter mask...
[planner_server-12] [INFO] [1773804965.570336084] [global_costmap.global_costmap]: KeepoutFilter: Subscribing to "/keepout_costmap_filter_info" topic for filter info...
[controller_server-10] [WARN] [1773804965.578350785] [local_costmap.local_costmap]: KeepoutFilter: New filter mask arrived from /keepout_filter_mask topic. Updating old filter mask.
[planner_server-12] [INFO] [1773804965.581325675] [global_costmap.global_costmap]: KeepoutFilter: Received filter info from /keepout_costmap_filter_info topic.
[planner_server-12] [INFO] [1773804965.581452545] [global_costmap.global_costmap]: KeepoutFilter: Subscribing to "/keepout_filter_mask" topic for filter mask...
[planner_server-12] [WARN] [1773804965.597950931] [global_costmap.global_costmap]: KeepoutFilter: New filter mask arrived from /keepout_filter_mask topic. Updating old filter mask.
[planner_server-12] [WARN] [1773804965.949926421] [planner_server]: Planner loop missed its desired rate of 5.0000 Hz. Current loop rate is 2.6734 Hz
[controller_server-10] [INFO] [1773804965.965284141] [controller_server]: Received a goal, begin computing control effort.
[controller_server-10] [INFO] [1773804965.966722587] [controller_server]: Optimizer reset
[controller_server-10] [INFO] [1773804965.967832629] [controller_server]: Optimizer reset
[controller_server-10] [WARN] [1773804965.967905543] [controller_server]: Optimizer fail to compute path
[controller_server-10] [INFO] [1773804966.066794073] [controller_server]: Optimizer reset
[controller_server-10] [INFO] [1773804966.067880199] [controller_server]: Optimizer reset
[controller_server-10] [WARN] [1773804966.067937655] [controller_server]: Optimizer fail to compute path
[controller_server-10] [INFO] [1773804966.165446653] [controller_server]: Passing new path to controller.
[controller_server-10] [INFO] [1773804966.167063009] [controller_server]: Optimizer reset
[controller_server-10] [INFO] [1773804966.168136594] [controller_server]: Optimizer reset
[controller_server-10] [WARN] [1773804966.168192009] [controller_server]: Optimizer fail to compute path
[controller_server-10] [INFO] [1773804966.265443766] [controller_server]: Passing new path to controller.
[controller_server-10] [INFO] [1773804966.267061581] [controller_server]: Optimizer reset
[controller_server-10] [INFO] [1773804966.268124666] [controller_server]: Optimizer reset
[controller_server-10] [WARN] [1773804966.268172498] [controller_server]: Optimizer fail to compute path
[controller_server-10] [INFO] [1773804966.366805537] [controller_server]: Optimizer reset
[controller_server-10] [INFO] [1773804966.367912954] [controller_server]: Optimizer reset
[controller_server-10] [WARN] [1773804966.367982077] [controller_server]: Optimizer fail to compute path
[controller_server-10] [INFO] [1773804966.465902017] [controller_server]: Passing new path to controller.
[controller_server-10] [INFO] [1773804966.467545498] [controller_server]: Optimizer reset
[controller_server-10] [INFO] [1773804966.468600708] [controller_server]: Optimizer reset
[controller_server-10] [WARN] [1773804966.468657581] [controller_server]: Optimizer fail to compute path
[controller_server-10] [INFO] [1773804966.566883177] [controller_server]: Optimizer reset
[controller_server-10] [INFO] [1773804966.567975428] [controller_server]: Optimizer reset
[controller_server-10] [WARN] [1773804966.568039592] [controller_server]: Optimizer fail to compute path
[controller_server-10] [INFO] [1773804966.665447094] [controller_server]: Passing new path to controller.
[controller_server-10] [INFO] [1773804966.667058200] [controller_server]: Optimizer reset
[controller_server-10] [INFO] [1773804966.668117203] [controller_server]: Optimizer reset
[controller_server-10] [WARN] [1773804966.668165618] [controller_server]: Optimizer fail to compute path
[controller_server-10] [INFO] [1773804966.765452665] [controller_server]: Passing new path to controller.
[controller_server-10] [INFO] [1773804966.767205225] [controller_server]: Optimizer reset
[controller_server-10] [INFO] [1773804966.768326350] [controller_server]: Optimizer reset
[controller_server-10] [WARN] [1773804966.768410638] [controller_server]: Optimizer fail to compute path
[controller_server-10] [INFO] [1773804966.865454153] [controller_server]: Passing new path to controller.
[controller_server-10] [INFO] [1773804966.867157423] [controller_server]: Optimizer reset
[controller_server-10] [INFO] [1773804966.868244133] [controller_server]: Optimizer reset
[controller_server-10] [WARN] [1773804966.868300422] [controller_server]: Optimizer fail to compute path
[controller_server-10] [INFO] [1773804966.965447475] [controller_server]: Passing new path to controller.
[controller_server-10] [INFO] [1773804966.967203243] [controller_server]: Optimizer reset
[controller_server-10] [INFO] [1773804966.968273328] [controller_server]: Optimizer reset
[controller_server-10] [WARN] [1773804966.968331659] [controller_server]: Optimizer fail to compute path
[controller_server-10] [ERROR] [1773804966.968376574] [controller_server]: Controller patience exceeded
[controller_server-10] [INFO] [1773804966.968939470] [controller_server]: Optimizer reset
[controller_server-10] [WARN] [1773804966.968976510] [controller_server]: [follow_path] [ActionServer] Aborting handle.
[controller_server-10] [INFO] [1773804966.994214946] [local_costmap.local_costmap]: Received request to clear entirely the local_costmap
[controller_server-10] [INFO] [1773804966.997343538] [local_costmap.local_costmap]: KeepoutFilter: Subscribing to "/keepout_costmap_filter_info" topic for filter info...
[controller_server-10] [INFO] [1773804966.999995856] [local_costmap.local_costmap]: KeepoutFilter: Received filter info from /keepout_costmap_filter_info topic.
[controller_server-10] [INFO] [1773804967.000049521] [local_costmap.local_costmap]: KeepoutFilter: Subscribing to "/keepout_filter_mask" topic for filter mask...
[controller_server-10] [INFO] [1773804967.002718755] [controller_server]: Received a goal, begin computing control effort.
[controller_server-10] [WARN] [1773804967.007572199] [local_costmap.local_costmap]: KeepoutFilter: New filter mask arrived from /keepout_filter_mask topic. Updating old filter mask.
[controller_server-10] [INFO] [1773804967.064424376] [controller_server]: Optimizer reset
[controller_server-10] [INFO] [1773804967.065523627] [controller_server]: Optimizer reset
[controller_server-10] [WARN] [1773804967.065586916] [controller_server]: Optimizer fail to compute path
[controller_server-10] [INFO] [1773804967.102982150] [controller_server]: Passing new path to controller.
[controller_server-10] [INFO] [1773804967.104611339] [controller_server]: Optimizer reset
[controller_server-10] [INFO] [1773804967.105673550] [controller_server]: Optimizer reset
[controller_server-10] [WARN] [1773804967.105722256] [controller_server]: Optimizer fail to compute path
[controller_server-10] [INFO] [1773804967.204347129] [controller_server]: Optimizer reset
[controller_server-10] [INFO] [1773804967.205437630] [controller_server]: Optimizer reset
[controller_server-10] [WARN] [1773804967.205500336] [controller_server]: Optimizer fail to compute path
[controller_server-10] [INFO] [1773804967.302979293] [controller_server]: Passing new path to controller.
[controller_server-10] [INFO] [1773804967.304623940] [controller_server]: Optimizer reset
[controller_server-10] [INFO] [1773804967.305706567] [controller_server]: Optimizer reset
[controller_server-10] [WARN] [1773804967.305760523] [controller_server]: Optimizer fail to compute path
[controller_server-10] [INFO] [1773804967.402987781] [controller_server]: Passing new path to controller.
[controller_server-10] [INFO] [1773804967.404774173] [controller_server]: Optimizer reset
[controller_server-10] [INFO] [1773804967.405865549] [controller_server]: Optimizer reset
[controller_server-10] [WARN] [1773804967.405931463] [controller_server]: Optimizer fail to compute path
[controller_server-10] [INFO] [1773804967.502977895] [controller_server]: Passing new path to controller.
[controller_server-10] [INFO] [1773804967.504596001] [controller_server]: Optimizer reset
[controller_server-10] [INFO] [1773804967.505656170] [controller_server]: Optimizer reset
[controller_server-10] [WARN] [1773804967.505704001] [controller_server]: Optimizer fail to compute path
[controller_server-10] [INFO] [1773804967.602977341] [controller_server]: Passing new path to controller.
[controller_server-10] [INFO] [1773804967.604600406] [controller_server]: Optimizer reset
[controller_server-10] [INFO] [1773804967.605659116] [controller_server]: Optimizer reset
[controller_server-10] [WARN] [1773804967.605707239] [controller_server]: Optimizer fail to compute path
[controller_server-10] [INFO] [1773804967.704330654] [controller_server]: Optimizer reset
[controller_server-10] [INFO] [1773804967.705421447] [controller_server]: Optimizer reset
[controller_server-10] [WARN] [1773804967.705480944] [controller_server]: Optimizer fail to compute path
[controller_server-10] [INFO] [1773804967.802998400] [controller_server]: Passing new path to controller.
[controller_server-10] [INFO] [1773804967.804799666] [controller_server]: Optimizer reset
[controller_server-10] [INFO] [1773804967.805899500] [controller_server]: Optimizer reset
[controller_server-10] [WARN] [1773804967.805964248] [controller_server]: Optimizer fail to compute path
[controller_server-10] [INFO] [1773804967.903013888] [controller_server]: Passing new path to controller.
[controller_server-10] [INFO] [1773804967.904993064] [controller_server]: Optimizer reset
[controller_server-10] [INFO] [1773804967.906149771] [controller_server]: Optimizer reset
[controller_server-10] [WARN] [1773804967.906248059] [controller_server]: Optimizer fail to compute path
[controller_server-10] [INFO] [1773804968.002989127] [controller_server]: Passing new path to controller.
[controller_server-10] [INFO] [1773804968.004642523] [controller_server]: Optimizer reset
[controller_server-10] [INFO] [1773804968.005700942] [controller_server]: Optimizer reset
[controller_server-10] [WARN] [1773804968.005748482] [controller_server]: Optimizer fail to compute path
[controller_server-10] [ERROR] [1773804968.005791064] [controller_server]: Controller patience exceeded
[controller_server-10] [INFO] [1773804968.006308170] [controller_server]: Optimizer reset
[controller_server-10] [WARN] [1773804968.006329461] [controller_server]: [follow_path] [ActionServer] Aborting handle.
[controller_server-10] [INFO] [1773804968.033845145] [local_costmap.local_costmap]: Received request to clear entirely the local_costmap
[controller_server-10] [INFO] [1773804968.036310512] [local_costmap.local_costmap]: KeepoutFilter: Subscribing to "/keepout_costmap_filter_info" topic for filter info...
[controller_server-10] [INFO] [1773804968.039248653] [local_costmap.local_costmap]: KeepoutFilter: Received filter info from /keepout_costmap_filter_info topic.
[controller_server-10] [INFO] [1773804968.039303484] [local_costmap.local_costmap]: KeepoutFilter: Subscribing to "/keepout_filter_mask" topic for filter mask...
[planner_server-12] [INFO] [1773804968.039432396] [global_costmap.global_costmap]: Received request to clear entirely the global_costmap
[planner_server-12] [INFO] [1773804968.045157891] [global_costmap.global_costmap]: KeepoutFilter: Subscribing to "/keepout_costmap_filter_info" topic for filter info...
[controller_server-10] [INFO] [1773804968.048131322] [local_costmap.local_costmap]: Received request to clear entirely the local_costmap
[controller_server-10] [INFO] [1773804968.052876562] [local_costmap.local_costmap]: KeepoutFilter: Subscribing to "/keepout_costmap_filter_info" topic for filter info...
[planner_server-12] [INFO] [1773804968.057168278] [global_costmap.global_costmap]: Received request to clear entirely the global_costmap
[planner_server-12] [INFO] [1773804968.059453693] [global_costmap.global_costmap]: KeepoutFilter: Subscribing to "/keepout_costmap_filter_info" topic for filter info...
[controller_server-10] [INFO] [1773804968.063419337] [local_costmap.local_costmap]: KeepoutFilter: Received filter info from /keepout_costmap_filter_info topic.
[controller_server-10] [INFO] [1773804968.063466002] [local_costmap.local_costmap]: KeepoutFilter: Subscribing to "/keepout_filter_mask" topic for filter mask...
[planner_server-12] [INFO] [1773804968.069957969] [global_costmap.global_costmap]: KeepoutFilter: Received filter info from /keepout_costmap_filter_info topic.
[planner_server-12] [INFO] [1773804968.070006092] [global_costmap.global_costmap]: KeepoutFilter: Subscribing to "/keepout_filter_mask" topic for filter mask...
[controller_server-10] [WARN] [1773804968.078582231] [local_costmap.local_costmap]: KeepoutFilter: New filter mask arrived from /keepout_filter_mask topic. Updating old filter mask.
[planner_server-12] [WARN] [1773804968.085047366] [global_costmap.global_costmap]: KeepoutFilter: New filter mask arrived from /keepout_filter_mask topic. Updating old filter mask.
[planner_server-12] [WARN] [1773804968.449797380] [planner_server]: Planner loop missed its desired rate of 5.0000 Hz. Current loop rate is 2.6034 Hz
[controller_server-10] [INFO] [1773804968.465227431] [controller_server]: Received a goal, begin computing control effort.
[controller_server-10] [INFO] [1773804968.470116457] [controller_server]: Optimizer reset
[controller_server-10] [INFO] [1773804968.473811153] [controller_server]: Optimizer reset
[controller_server-10] [WARN] [1773804968.473967772] [controller_server]: Optimizer fail to compute path
[controller_server-10] [INFO] [1773804968.570340479] [controller_server]: Optimizer reset
[controller_server-10] [INFO] [1773804968.574089422] [controller_server]: Optimizer reset
[controller_server-10] [WARN] [1773804968.574305831] [controller_server]: Optimizer fail to compute path
[controller_server-10] [INFO] [1773804968.665515646] [controller_server]: Passing new path to controller.
[controller_server-10] [INFO] [1773804968.670980985] [controller_server]: Optimizer reset
[controller_server-10] [INFO] [1773804968.674657598] [controller_server]: Optimizer reset
[controller_server-10] [WARN] [1773804968.674850382] [controller_server]: Optimizer fail to compute path
[controller_server-10] [INFO] [1773804968.765513051] [controller_server]: Passing new path to controller.
[controller_server-10] [INFO] [1773804968.771086594] [controller_server]: Optimizer reset
[controller_server-10] [INFO] [1773804968.774839038] [controller_server]: Optimizer reset
[controller_server-10] [WARN] [1773804968.775051363] [controller_server]: Optimizer fail to compute path
[controller_server-10] [INFO] [1773804968.870507978] [controller_server]: Optimizer reset
[controller_server-10] [INFO] [1773804968.874363085] [controller_server]: Optimizer reset
[controller_server-10] [WARN] [1773804968.874549745] [controller_server]: Optimizer fail to compute path
[controller_server-10] [INFO] [1773804968.965500570] [controller_server]: Passing new path to controller.
[controller_server-10] [INFO] [1773804968.971222565] [controller_server]: Optimizer reset
[controller_server-10] [INFO] [1773804968.975059881] [controller_server]: Optimizer reset
[controller_server-10] [WARN] [1773804968.975238082] [controller_server]: Optimizer fail to compute path
[controller_server-10] [INFO] [1773804969.070599910] [controller_server]: Optimizer reset
[controller_server-10] [INFO] [1773804969.074291981] [controller_server]: Optimizer reset
[controller_server-10] [WARN] [1773804969.074480099] [controller_server]: Optimizer fail to compute path
[controller_server-10] [INFO] [1773804969.165483130] [controller_server]: Passing new path to controller.
[controller_server-10] [INFO] [1773804969.167214982] [controller_server]: Optimizer reset
[controller_server-10] [INFO] [1773804969.168332899] [controller_server]: Optimizer reset
[controller_server-10] [WARN] [1773804969.168409021] [controller_server]: Optimizer fail to compute path
[controller_server-10] [INFO] [1773804969.265477618] [controller_server]: Passing new path to controller.
[controller_server-10] [INFO] [1773804969.267191971] [controller_server]: Optimizer reset
[controller_server-10] [INFO] [1773804969.268279847] [controller_server]: Optimizer reset
[controller_server-10] [WARN] [1773804969.268338470] [controller_server]: Optimizer fail to compute path
[controller_server-10] [INFO] [1773804969.365577978] [controller_server]: Passing new path to controller.
[controller_server-10] [INFO] [1773804969.371219185] [controller_server]: Optimizer reset
[controller_server-10] [INFO] [1773804969.375013043] [controller_server]: Optimizer reset
[controller_server-10] [WARN] [1773804969.375243451] [controller_server]: Optimizer fail to compute path
[controller_server-10] [INFO] [1773804969.470209502] [controller_server]: Optimizer reset
[controller_server-10] [INFO] [1773804969.473844117] [controller_server]: Optimizer reset
[controller_server-10] [WARN] [1773804969.473994903] [controller_server]: Optimizer fail to compute path
[controller_server-10] [ERROR] [1773804969.474102524] [controller_server]: Controller patience exceeded
[controller_server-10] [INFO] [1773804969.475568386] [controller_server]: Optimizer reset
[controller_server-10] [WARN] [1773804969.475624092] [controller_server]: [follow_path] [ActionServer] Aborting handle.
[controller_server-10] [INFO] [1773804969.476130407] [controller_server]: Received a goal, begin computing control effort.
[controller_server-10] [INFO] [1773804969.480875938] [controller_server]: Optimizer reset
[controller_server-10] [INFO] [1773804969.484507928] [controller_server]: Optimizer reset
[controller_server-10] [WARN] [1773804969.484664839] [controller_server]: Optimizer fail to compute path
[controller_server-10] [INFO] [1773804969.581688521] [controller_server]: Optimizer reset
[controller_server-10] [INFO] [1773804969.586264893] [controller_server]: Optimizer reset
[controller_server-10] [WARN] [1773804969.586355306] [controller_server]: Optimizer fail to compute path
[controller_server-10] [INFO] [1773804969.676284169] [controller_server]: Passing new path to controller.
[controller_server-10] [INFO] [1773804969.677902859] [controller_server]: Optimizer reset
[controller_server-10] [INFO] [1773804969.678977902] [controller_server]: Optimizer reset
[controller_server-10] [WARN] [1773804969.679032150] [controller_server]: Optimizer fail to compute path
[controller_server-10] [INFO] [1773804969.776290907] [controller_server]: Passing new path to controller.
[controller_server-10] [INFO] [1773804969.777957137] [controller_server]: Optimizer reset
[controller_server-10] [INFO] [1773804969.779035388] [controller_server]: Optimizer reset
[controller_server-10] [WARN] [1773804969.779098969] [controller_server]: Optimizer fail to compute path
[controller_server-10] [INFO] [1773804969.876286562] [controller_server]: Passing new path to controller.
[controller_server-10] [INFO] [1773804969.877903793] [controller_server]: Optimizer reset
[controller_server-10] [INFO] [1773804969.878994294] [controller_server]: Optimizer reset
[controller_server-10] [WARN] [1773804969.879054959] [controller_server]: Optimizer fail to compute path
[controller_server-10] [INFO] [1773804969.977707830] [controller_server]: Optimizer reset
[controller_server-10] [INFO] [1773804969.978841497] [controller_server]: Optimizer reset
[controller_server-10] [WARN] [1773804969.978921119] [controller_server]: Optimizer fail to compute path
[controller_server-10] [INFO] [1773804970.076285455] [controller_server]: Passing new path to controller.
[controller_server-10] [INFO] [1773804970.077907353] [controller_server]: Optimizer reset
[controller_server-10] [INFO] [1773804970.078979771] [controller_server]: Optimizer reset
[controller_server-10] [WARN] [1773804970.079032853] [controller_server]: Optimizer fail to compute path
[controller_server-10] [INFO] [1773804970.176289860] [controller_server]: Passing new path to controller.
[controller_server-10] [INFO] [1773804970.177965422] [controller_server]: Optimizer reset
[controller_server-10] [INFO] [1773804970.179048924] [controller_server]: Optimizer reset
[controller_server-10] [WARN] [1773804970.179109880] [controller_server]: Optimizer fail to compute path
[controller_server-10] [INFO] [1773804970.276286390] [controller_server]: Passing new path to controller.
[controller_server-10] [INFO] [1773804970.277914121] [controller_server]: Optimizer reset
[controller_server-10] [INFO] [1773804970.278987122] [controller_server]: Optimizer reset
[controller_server-10] [WARN] [1773804970.279040787] [controller_server]: Optimizer fail to compute path
[controller_server-10] [INFO] [1773804970.376297502] [controller_server]: Passing new path to controller.
[controller_server-10] [INFO] [1773804970.377973940] [controller_server]: Optimizer reset
[controller_server-10] [INFO] [1773804970.379072316] [controller_server]: Optimizer reset
[controller_server-10] [WARN] [1773804970.379142605] [controller_server]: Optimizer fail to compute path
[controller_server-10] [INFO] [1773804970.477643815] [controller_server]: Optimizer reset
[controller_server-10] [INFO] [1773804970.478743941] [controller_server]: Optimizer reset
[controller_server-10] [WARN] [1773804970.478800814] [controller_server]: Optimizer fail to compute path
[controller_server-10] [ERROR] [1773804970.478843687] [controller_server]: Controller patience exceeded
[controller_server-10] [INFO] [1773804970.479372459] [controller_server]: Optimizer reset
[controller_server-10] [WARN] [1773804970.479394625] [controller_server]: [follow_path] [ActionServer] Aborting handle.
[controller_server-10] [INFO] [1773804970.494329736] [local_costmap.local_costmap]: Received request to clear entirely the local_costmap
[controller_server-10] [INFO] [1773804970.496977679] [local_costmap.local_costmap]: KeepoutFilter: Subscribing to "/keepout_costmap_filter_info" topic for filter info...
[controller_server-10] [INFO] [1773804970.499923112] [local_costmap.local_costmap]: KeepoutFilter: Received filter info from /keepout_costmap_filter_info topic.
[controller_server-10] [INFO] [1773804970.500023733] [local_costmap.local_costmap]: KeepoutFilter: Subscribing to "/keepout_filter_mask" topic for filter mask...
[controller_server-10] [INFO] [1773804970.501246646] [controller_server]: Received a goal, begin computing control effort.
[controller_server-10] [WARN] [1773804970.507348377] [local_costmap.local_costmap]: KeepoutFilter: New filter mask arrived from /keepout_filter_mask topic. Updating old filter mask.
[controller_server-10] [INFO] [1773804970.561570985] [controller_server]: Passing new path to controller.
[controller_server-10] [INFO] [1773804970.567067822] [controller_server]: Optimizer reset
[controller_server-10] [INFO] [1773804970.570742977] [controller_server]: Optimizer reset
[controller_server-10] [WARN] [1773804970.570909804] [controller_server]: Optimizer fail to compute path
[controller_server-10] [INFO] [1773804970.606242740] [controller_server]: Optimizer reset
[controller_server-10] [INFO] [1773804970.610030182] [controller_server]: Optimizer reset
[controller_server-10] [WARN] [1773804970.610232591] [controller_server]: Optimizer fail to compute path
[controller_server-10] [INFO] [1773804970.701539236] [controller_server]: Passing new path to controller.
[controller_server-10] [INFO] [1773804970.706864871] [controller_server]: Optimizer reset
[controller_server-10] [INFO] [1773804970.710505903] [controller_server]: Optimizer reset
[controller_server-10] [WARN] [1773804970.710667772] [controller_server]: Optimizer fail to compute path
[controller_server-10] [INFO] [1773804970.801541599] [controller_server]: Passing new path to controller.
[controller_server-10] [INFO] [1773804970.806896692] [controller_server]: Optimizer reset
[controller_server-10] [INFO] [1773804970.810519932] [controller_server]: Optimizer reset
[controller_server-10] [WARN] [1773804970.810689092] [controller_server]: Optimizer fail to compute path
[controller_server-10] [INFO] [1773804970.901596169] [controller_server]: Passing new path to controller.
[controller_server-10] [INFO] [1773804970.906966719] [controller_server]: Optimizer reset
[controller_server-10] [INFO] [1773804970.910611250] [controller_server]: Optimizer reset
[controller_server-10] [WARN] [1773804970.910775744] [controller_server]: Optimizer fail to compute path
[controller_server-10] [INFO] [1773804971.006255400] [controller_server]: Optimizer reset
[controller_server-10] [INFO] [1773804971.009910139] [controller_server]: Optimizer reset
[controller_server-10] [WARN] [1773804971.010298333] [controller_server]: Optimizer fail to compute path
[controller_server-10] [INFO] [1773804971.101543439] [controller_server]: Passing new path to controller.
[controller_server-10] [INFO] [1773804971.106909614] [controller_server]: Optimizer reset
[controller_server-10] [INFO] [1773804971.110656225] [controller_server]: Optimizer reset
[controller_server-10] [WARN] [1773804971.110822177] [controller_server]: Optimizer fail to compute path
[controller_server-10] [INFO] [1773804971.201597133] [controller_server]: Passing new path to controller.
[controller_server-10] [INFO] [1773804971.206971767] [controller_server]: Optimizer reset
[controller_server-10] [INFO] [1773804971.210613964] [controller_server]: Optimizer reset
[controller_server-10] [WARN] [1773804971.210772625] [controller_server]: Optimizer fail to compute path
[controller_server-10] [INFO] [1773804971.301542623] [controller_server]: Passing new path to controller.
[controller_server-10] [INFO] [1773804971.306926590] [controller_server]: Optimizer reset
[controller_server-10] [INFO] [1773804971.310559455] [controller_server]: Optimizer reset
[controller_server-10] [WARN] [1773804971.310721615] [controller_server]: Optimizer fail to compute path
[controller_server-10] [INFO] [1773804971.401530987] [controller_server]: Passing new path to controller.
[controller_server-10] [INFO] [1773804971.406816665] [controller_server]: Optimizer reset
[controller_server-10] [INFO] [1773804971.410443697] [controller_server]: Optimizer reset
[controller_server-10] [WARN] [1773804971.410583400] [controller_server]: Optimizer fail to compute path
[controller_server-10] [INFO] [1773804971.506425876] [controller_server]: Optimizer reset
[controller_server-10] [INFO] [1773804971.510892585] [controller_server]: Optimizer reset
[controller_server-10] [WARN] [1773804971.511109285] [controller_server]: Optimizer fail to compute path
[controller_server-10] [ERROR] [1773804971.511234114] [controller_server]: Controller patience exceeded
[controller_server-10] [INFO] [1773804971.512801764] [controller_server]: Optimizer reset
[controller_server-10] [WARN] [1773804971.512872636] [controller_server]: [follow_path] [ActionServer] Aborting handle.
[bt_navigator-14] [WARN] [1773804971.533430872] [bt_navigator]: [navigate_through_poses] [ActionServer] Aborting handle.
[bt_navigator-14] [ERROR] [1773804971.533709986] [bt_navigator]: Goal failed
[delivery_robot_main_controller-20] [33m[WARN] [1773804971.799058740] [main_controller_node]: Goal failed![0m
[delivery_robot_main_controller-20] [33m[WARN] [1773804971.804057721] [main_controller_node]: Blocked lane encountered; stopping with FAILED per setting.[0m
[delivery_robot_main_controller-20] [0m[INFO] [1773804971.806653749] [main_controller_node]: State change: MOVE -> SAFE_STOP[0m
[delivery_robot_main_controller-20] [0m[INFO] [1773804971.818863045] [main_controller_node]: Robot is in SAFE_STOP. Awaiting user to switch to STANDBY.[0m
[delivery_robot_main_controller-20] [0m[INFO] [1773804971.819801885] [main_controller_node]: Robot is in SAFE_STOP. Awaiting user to switch to STANDBY.[0m
[delivery_robot_main_controller-20] [0m[INFO] [1773804971.835211812] [main_controller_node]: Current state: SAFE_STOP, dock_state IDLE, charge_state NOT_CHARGE[0m
[delivery_robot_main_controller-20] [0m[INFO] [1773804972.624639235] [main_controller_node]: Current state: SAFE_STOP, dock_state IDLE, charge_state NOT_CHARGE[0m
[delivery_robot_main_controller-20] [0m[INFO] [1773804972.822945650] [main_controller_node]: Published message: "safe_stop"[0m
[robot_sound-21] [0m[INFO] [1773804973.150682791] [robot_sound_node]: 🔔 Received sound command: safe_stop[0m
[robot_sound-21] Simple mixer control 'PCM',0
[robot_sound-21]   Capabilities: pvolume pswitch pswitch-joined
[robot_sound-21]   Playback channels: Front Left - Front Right
[robot_sound-21]   Limits: Playback 0 - 147
[robot_sound-21]   Mono:
[robot_sound-21]   Front Left: Playback 147 [100%] [-0.94dB] [on]
[robot_sound-21]   Front Right: Playback 147 [100%] [-0.94dB] [on]
[robot_sound-21] [0m[INFO] [1773804973.162630471] [robot_sound_node]: 🔊 Playing sound: /home/smr/workspaces/mini_amr/amrROS2_ws/sounds/robot_safestop.wav[0m
[robot_sound-21] Playing WAVE '/home/smr/workspaces/mini_amr/amrROS2_ws/sounds/robot_safestop.wav' : Signed 16 bit Little Endian, Rate 22050 Hz, Mono
[delivery_robot_main_controller-20] [0m[INFO] [1773804973.618142025] [main_controller_node]: Current state: SAFE_STOP, dock_state IDLE, charge_state NOT_CHARGE[0m
[delivery_robot_main_controller-20] [0m[INFO] [1773804974.563286531] [main_controller_node]: Current state: SAFE_STOP, dock_state IDLE, charge_state NOT_CHARGE[0m
[delivery_robot_main_controller-20] [0m[INFO] [1773804975.564893270] [main_controller_node]: Current state: SAFE_STOP, dock_state IDLE, charge_state NOT_CHARGE[0m
[delivery_robot_main_controller-20] [0m[INFO] [1773804976.612902740] [main_controller_node]: Current state: SAFE_STOP, dock_state IDLE, charge_state NOT_CHARGE[0m
[delivery_robot_main_controller-20] [0m[INFO] [1773804977.563698078] [main_controller_node]: Current state: SAFE_STOP, dock_state IDLE, charge_state NOT_CHARGE[0m
[delivery_robot_main_controller-20] [0m[INFO] [1773804978.586328826] [main_controller_node]: Current state: SAFE_STOP, dock_state IDLE, charge_state NOT_CHARGE[0m
[delivery_robot_main_controller-20] [0m[INFO] [1773804979.579637373] [main_controller_node]: Current state: SAFE_STOP, dock_state IDLE, charge_state NOT_CHARGE[0m
[delivery_robot_main_controller-20] [0m[INFO] [1773804980.557649448] [main_controller_node]: Current state: SAFE_STOP, dock_state IDLE, charge_state NOT_CHARGE[0m
[delivery_robot_main_controller-20] [0m[INFO] [1773804981.629376078] [main_controller_node]: Current state: SAFE_STOP, dock_state IDLE, charge_state NOT_CHARGE[0m
[delivery_robot_main_controller-20] [0m[INFO] [1773804982.607159202] [main_controller_node]: Current state: SAFE_STOP, dock_state IDLE, charge_state NOT_CHARGE[0m
[delivery_robot_main_controller-20] [0m[INFO] [1773804983.567318441] [main_controller_node]: Current state: SAFE_STOP, dock_state IDLE, charge_state NOT_CHARGE[0m
[delivery_robot_main_controller-20] [0m[INFO] [1773804983.829354568] [main_controller_node]: SAFE_STOP cleared to STANDBY via API/GUI.[0m
[delivery_robot_main_controller-20] [0m[INFO] [1773804983.831591568] [main_controller_node]: State change: SAFE_STOP -> STANDBY[0m
[delivery_robot_main_controller-20] [0m[INFO] [1773804983.842517287] [main_controller_node]: Robot is in STANDBY mode.[0m
[delivery_robot_main_controller-20] [0m[INFO] [1773804984.561888692] [main_controller_node]: Current state: STANDBY, dock_state IDLE, charge_state NOT_CHARGE[0m
[delivery_robot_main_controller-20] [0m[INFO] [1773804985.562607922] [main_controller_node]: Current state: STANDBY, dock_state IDLE, charge_state NOT_CHARGE[0m
[delivery_robot_main_controller-20] [0m[INFO] [1773804985.637385848] [main_controller_node]: 1 pending queues [0m
[delivery_robot_main_controller-20] [0m[INFO] [1773804985.638341896] [main_controller_node]: Queue action: Request[0m
[delivery_robot_main_controller-20] [0m[INFO] [1773804985.658801551] [main_controller_node]: AGV start_pos: x=-0.02, y=-0.01[0m
[delivery_robot_main_controller-20] [0m[INFO] [1773804985.661464952] [main_controller_node]: AGV goal_pos: x=3.40, y=-0.73[0m
[delivery_robot_main_controller-20] Graph before shortest_path: Graph with 11 nodes and 10 edges
[delivery_robot_main_controller-20] [0m[INFO] [1773804985.681061307] [main_controller_node]: Computed AGV path waypoints:[0m
[delivery_robot_main_controller-20] [0m[INFO] [1773804985.681652785] [main_controller_node]:   Waypoint 0: x=-0.02, y=-0.01[0m
[delivery_robot_main_controller-20] [0m[INFO] [1773804985.682197014] [main_controller_node]:   Waypoint 1: x=1.99, y=-1.51[0m
[delivery_robot_main_controller-20] [0m[INFO] [1773804985.686520520] [main_controller_node]:   Waypoint 2: x=3.40, y=-0.73[0m
[delivery_robot_main_controller-20] [0m[INFO] [1773804985.688411616] [main_controller_node]: Navigating with 3 goals....[0m
[bt_navigator-14] [INFO] [1773804985.689577365] [bt_navigator]: Begin navigating from current location through 3 poses to (3.40, -0.73)
[controller_server-10] [INFO] [1773804985.689998516] [local_costmap.local_costmap]: Received request to clear entirely the local_costmap
[controller_server-10] [INFO] [1773804985.693703420] [local_costmap.local_costmap]: KeepoutFilter: Subscribing to "/keepout_costmap_filter_info" topic for filter info...
[planner_server-12] [INFO] [1773804985.697420281] [global_costmap.global_costmap]: Received request to clear entirely the global_costmap
[controller_server-10] [INFO] [1773804985.698327623] [local_costmap.local_costmap]: KeepoutFilter: Received filter info from /keepout_costmap_filter_info topic.
[controller_server-10] [INFO] [1773804985.698379537] [local_costmap.local_costmap]: KeepoutFilter: Subscribing to "/keepout_filter_mask" topic for filter mask...
[planner_server-12] [INFO] [1773804985.702624588] [global_costmap.global_costmap]: KeepoutFilter: Subscribing to "/keepout_costmap_filter_info" topic for filter info...
[planner_server-12] [INFO] [1773804985.713450560] [global_costmap.global_costmap]: KeepoutFilter: Received filter info from /keepout_costmap_filter_info topic.
[planner_server-12] [INFO] [1773804985.713574805] [global_costmap.global_costmap]: KeepoutFilter: Subscribing to "/keepout_filter_mask" topic for filter mask...
[controller_server-10] [WARN] [1773804985.718977729] [local_costmap.local_costmap]: KeepoutFilter: New filter mask arrived from /keepout_filter_mask topic. Updating old filter mask.
[planner_server-12] [WARN] [1773804985.740960120] [global_costmap.global_costmap]: KeepoutFilter: New filter mask arrived from /keepout_filter_mask topic. Updating old filter mask.
[planner_server-12] [WARN] [1773804985.939087458] [planner_server]: Planner loop missed its desired rate of 5.0000 Hz. Current loop rate is 4.3130 Hz
[controller_server-10] [INFO] [1773804985.951636241] [controller_server]: Received a goal, begin computing control effort.
[controller_server-10] [INFO] [1773804985.956869421] [controller_server]: Optimizer reset
[controller_server-10] [INFO] [1773804985.961499749] [controller_server]: Optimizer reset
[controller_server-10] [WARN] [1773804985.961740365] [controller_server]: Optimizer fail to compute path
[controller_server-10] [INFO] [1773804986.052071421] [controller_server]: Passing new path to controller.
[controller_server-10] [INFO] [1773804986.058537139] [controller_server]: Optimizer reset
[controller_server-10] [INFO] [1773804986.065250764] [controller_server]: Optimizer reset
[controller_server-10] [WARN] [1773804986.067017032] [controller_server]: Optimizer fail to compute path
[controller_server-10] [INFO] [1773804986.151988912] [controller_server]: Passing new path to controller.
[controller_server-10] [INFO] [1773804986.153562687] [controller_server]: Optimizer reset
[controller_server-10] [INFO] [1773804986.154621106] [controller_server]: Optimizer reset
[controller_server-10] [WARN] [1773804986.154681187] [controller_server]: Optimizer fail to compute path
[controller_server-10] [INFO] [1773804986.252060981] [controller_server]: Passing new path to controller.
[controller_server-10] [INFO] [1773804986.254026158] [controller_server]: Optimizer reset
[controller_server-10] [INFO] [1773804986.255127742] [controller_server]: Optimizer reset
[controller_server-10] [WARN] [1773804986.255221364] [controller_server]: Optimizer fail to compute path
[controller_server-10] [INFO] [1773804986.352065094] [controller_server]: Passing new path to controller.
[controller_server-10] [INFO] [1773804986.357515558] [controller_server]: Optimizer reset
[controller_server-10] [INFO] [1773804986.361893895] [controller_server]: Optimizer reset
[controller_server-10] [WARN] [1773804986.362069180] [controller_server]: Optimizer fail to compute path
[delivery_robot_main_controller-20] [0m[INFO] [1773804986.390537413] [main_controller_node]: State change: STANDBY -> MOVE[0m
[delivery_robot_main_controller-20] [0m[INFO] [1773804986.408793609] [main_controller_node]: Robot is MOVING.[0m
[controller_server-10] [INFO] [1773804986.457041647] [controller_server]: Optimizer reset
[controller_server-10] [INFO] [1773804986.458709335] [controller_server]: Optimizer reset
[controller_server-10] [WARN] [1773804986.458795082] [controller_server]: Optimizer fail to compute path
[controller_server-10] [INFO] [1773804986.551987282] [controller_server]: Passing new path to controller.
[controller_server-10] [INFO] [1773804986.553548515] [controller_server]: Optimizer reset
[controller_server-10] [INFO] [1773804986.554613642] [controller_server]: Optimizer reset
[controller_server-10] [WARN] [1773804986.555777641] [controller_server]: Optimizer fail to compute path
[controller_server-10] [INFO] [1773804986.651987603] [controller_server]: Passing new path to controller.
[controller_server-10] [INFO] [1773804986.653566044] [controller_server]: Optimizer reset
[controller_server-10] [INFO] [1773804986.654629422] [controller_server]: Optimizer reset
[controller_server-10] [WARN] [1773804986.654686294] [controller_server]: Optimizer fail to compute path
[controller_server-10] [INFO] [1773804986.751989383] [controller_server]: Passing new path to controller.
[controller_server-10] [INFO] [1773804986.753567824] [controller_server]: Optimizer reset
[controller_server-10] [INFO] [1773804986.754640534] [controller_server]: Optimizer reset
[controller_server-10] [WARN] [1773804986.754717531] [controller_server]: Optimizer fail to compute path
[controller_server-10] [INFO] [1773804986.851989704] [controller_server]: Passing new path to controller.
[controller_server-10] [INFO] [1773804986.853575145] [controller_server]: Optimizer reset
[controller_server-10] [INFO] [1773804986.854637648] [controller_server]: Optimizer reset
[controller_server-10] [WARN] [1773804986.854704728] [controller_server]: Optimizer fail to compute path
[controller_server-10] [INFO] [1773804986.953351184] [controller_server]: Optimizer reset
[controller_server-10] [INFO] [1773804986.954445768] [controller_server]: Optimizer reset
[controller_server-10] [WARN] [1773804986.954516932] [controller_server]: Optimizer fail to compute path
[controller_server-10] [ERROR] [1773804986.954565055] [controller_server]: Controller patience exceeded
[controller_server-10] [INFO] [1773804986.955107535] [controller_server]: Optimizer reset
[controller_server-10] [WARN] [1773804986.955139034] [controller_server]: [follow_path] [ActionServer] Aborting handle.
[controller_server-10] [INFO] [1773804986.970364634] [local_costmap.local_costmap]: Received request to clear entirely the local_costmap
[controller_server-10] [INFO] [1773804986.973590639] [local_costmap.local_costmap]: KeepoutFilter: Subscribing to "/keepout_costmap_filter_info" topic for filter info...
[controller_server-10] [INFO] [1773804986.976168293] [local_costmap.local_costmap]: KeepoutFilter: Received filter info from /keepout_costmap_filter_info topic.
[controller_server-10] [INFO] [1773804986.976214958] [local_costmap.local_costmap]: KeepoutFilter: Subscribing to "/keepout_filter_mask" topic for filter mask...
[controller_server-10] [INFO] [1773804986.977808565] [controller_server]: Received a goal, begin computing control effort.
[controller_server-10] [WARN] [1773804986.994222372] [local_costmap.local_costmap]: KeepoutFilter: New filter mask arrived from /keepout_filter_mask topic. Updating old filter mask.
[controller_server-10] [INFO] [1773804987.058219241] [controller_server]: Passing new path to controller.
[controller_server-10] [INFO] [1773804987.063659205] [controller_server]: Optimizer reset
[controller_server-10] [INFO] [1773804987.067307236] [controller_server]: Optimizer reset
[controller_server-10] [WARN] [1773804987.067465313] [controller_server]: Optimizer fail to compute path
[controller_server-10] [INFO] [1773804987.082900323] [controller_server]: Optimizer reset
[controller_server-10] [INFO] [1773804987.086582769] [controller_server]: Optimizer reset
[controller_server-10] [WARN] [1773804987.086750763] [controller_server]: Optimizer fail to compute path
[controller_server-10] [INFO] [1773804987.178095614] [controller_server]: Passing new path to controller.
[controller_server-10] [INFO] [1773804987.183388584] [controller_server]: Optimizer reset
[controller_server-10] [INFO] [1773804987.186211813] [controller_server]: Optimizer reset
[controller_server-10] [WARN] [1773804987.186303976] [controller_server]: Optimizer fail to compute path
[controller_server-10] [INFO] [1773804987.278064437] [controller_server]: Passing new path to controller.
[controller_server-10] [INFO] [1773804987.279661253] [controller_server]: Optimizer reset
[controller_server-10] [INFO] [1773804987.280731921] [controller_server]: Optimizer reset
[controller_server-10] [WARN] [1773804987.280790252] [controller_server]: Optimizer fail to compute path
[controller_server-10] [INFO] [1773804987.378097424] [controller_server]: Passing new path to controller.
[controller_server-10] [INFO] [1773804987.384669888] [controller_server]: Optimizer reset
[controller_server-10] [INFO] [1773804987.386328535] [controller_server]: Optimizer reset
[controller_server-10] [WARN] [1773804987.386409032] [controller_server]: Optimizer fail to compute path
[controller_server-10] [INFO] [1773804987.478101537] [controller_server]: Passing new path to controller.
[controller_server-10] [INFO] [1773804987.479873638] [controller_server]: Optimizer reset
[controller_server-10] [INFO] [1773804987.481014595] [controller_server]: Optimizer reset
[controller_server-10] [WARN] [1773804987.481077885] [controller_server]: Optimizer fail to compute path
[controller_server-10] [INFO] [1773804987.579484599] [controller_server]: Optimizer reset
[controller_server-10] [INFO] [1773804987.580620307] [controller_server]: Optimizer reset
[controller_server-10] [WARN] [1773804987.580719761] [controller_server]: Optimizer fail to compute path
[controller_server-10] [INFO] [1773804987.678064848] [controller_server]: Passing new path to controller.
[controller_server-10] [INFO] [1773804987.679700162] [controller_server]: Optimizer reset
[controller_server-10] [INFO] [1773804987.680819537] [controller_server]: Optimizer reset
[controller_server-10] [WARN] [1773804987.680895076] [controller_server]: Optimizer fail to compute path
[controller_server-10] [INFO] [1773804987.778078877] [controller_server]: Passing new path to controller.
[controller_server-10] [INFO] [1773804987.779779231] [controller_server]: Optimizer reset
[controller_server-10] [INFO] [1773804987.780888106] [controller_server]: Optimizer reset
[controller_server-10] [WARN] [1773804987.780956062] [controller_server]: Optimizer fail to compute path
[controller_server-10] [INFO] [1773804987.878074241] [controller_server]: Passing new path to controller.
[controller_server-10] [INFO] [1773804987.879794718] [controller_server]: Optimizer reset
[controller_server-10] [INFO] [1773804987.881087920] [controller_server]: Optimizer reset
[controller_server-10] [WARN] [1773804987.881196708] [controller_server]: Optimizer fail to compute path
[controller_server-10] [INFO] [1773804987.978072229] [controller_server]: Passing new path to controller.
[controller_server-10] [INFO] [1773804987.979707835] [controller_server]: Optimizer reset
[controller_server-10] [INFO] [1773804987.980806211] [controller_server]: Optimizer reset
[controller_server-10] [WARN] [1773804987.980881458] [controller_server]: Optimizer fail to compute path
[controller_server-10] [ERROR] [1773804987.980930456] [controller_server]: Controller patience exceeded
[controller_server-10] [INFO] [1773804987.981478477] [controller_server]: Optimizer reset
[controller_server-10] [WARN] [1773804987.981510559] [controller_server]: [follow_path] [ActionServer] Aborting handle.
[controller_server-10] [INFO] [1773804988.010473732] [local_costmap.local_costmap]: Received request to clear entirely the local_costmap
[controller_server-10] [INFO] [1773804988.015767577] [local_costmap.local_costmap]: KeepoutFilter: Subscribing to "/keepout_costmap_filter_info" topic for filter info...
[planner_server-12] [INFO] [1773804988.019993669] [global_costmap.global_costmap]: Received request to clear entirely the global_costmap
[controller_server-10] [INFO] [1773804988.021866683] [local_costmap.local_costmap]: KeepoutFilter: Received filter info from /keepout_costmap_filter_info topic.
[controller_server-10] [INFO] [1773804988.021971971] [local_costmap.local_costmap]: KeepoutFilter: Subscribing to "/keepout_filter_mask" topic for filter mask...
[planner_server-12] [INFO] [1773804988.024532126] [global_costmap.global_costmap]: KeepoutFilter: Subscribing to "/keepout_costmap_filter_info" topic for filter info...
[controller_server-10] [INFO] [1773804988.028925921] [local_costmap.local_costmap]: Received request to clear entirely the local_costmap
[planner_server-12] [INFO] [1773804988.035291600] [global_costmap.global_costmap]: KeepoutFilter: Received filter info from /keepout_costmap_filter_info topic.
[planner_server-12] [INFO] [1773804988.035358973] [global_costmap.global_costmap]: KeepoutFilter: Subscribing to "/keepout_filter_mask" topic for filter mask...
[controller_server-10] [INFO] [1773804988.038393943] [local_costmap.local_costmap]: KeepoutFilter: Subscribing to "/keepout_costmap_filter_info" topic for filter info...
[planner_server-12] [INFO] [1773804988.045964745] [global_costmap.global_costmap]: Received request to clear entirely the global_costmap
[planner_server-12] [INFO] [1773804988.050222920] [global_costmap.global_costmap]: KeepoutFilter: Subscribing to "/keepout_costmap_filter_info" topic for filter info...
[controller_server-10] [INFO] [1773804988.054885913] [local_costmap.local_costmap]: KeepoutFilter: Received filter info from /keepout_costmap_filter_info topic.
[controller_server-10] [INFO] [1773804988.054939286] [local_costmap.local_costmap]: KeepoutFilter: Subscribing to "/keepout_filter_mask" topic for filter mask...
[planner_server-12] [INFO] [1773804988.060905981] [global_costmap.global_costmap]: KeepoutFilter: Received filter info from /keepout_costmap_filter_info topic.
[planner_server-12] [INFO] [1773804988.060966062] [global_costmap.global_costmap]: KeepoutFilter: Subscribing to "/keepout_filter_mask" topic for filter mask...
[controller_server-10] [WARN] [1773804988.071195306] [local_costmap.local_costmap]: KeepoutFilter: New filter mask arrived from /keepout_filter_mask topic. Updating old filter mask.
[planner_server-12] [WARN] [1773804988.076197204] [global_costmap.global_costmap]: KeepoutFilter: New filter mask arrived from /keepout_filter_mask topic. Updating old filter mask.
[planner_server-12] [WARN] [1773804988.446927620] [planner_server]: Planner loop missed its desired rate of 5.0000 Hz. Current loop rate is 2.6055 Hz
[controller_server-10] [INFO] [1773804988.464707542] [controller_server]: Received a goal, begin computing control effort.
[controller_server-10] [INFO] [1773804988.466180696] [controller_server]: Optimizer reset
[controller_server-10] [INFO] [1773804988.467297154] [controller_server]: Optimizer reset
[controller_server-10] [WARN] [1773804988.467373276] [controller_server]: Optimizer fail to compute path
[controller_server-10] [INFO] [1773804988.566406175] [controller_server]: Optimizer reset
[controller_server-10] [INFO] [1773804988.567510676] [controller_server]: Optimizer reset
[controller_server-10] [WARN] [1773804988.567578340] [controller_server]: Optimizer fail to compute path
[controller_server-10] [INFO] [1773804988.664872096] [controller_server]: Passing new path to controller.
[controller_server-10] [INFO] [1773804988.666485536] [controller_server]: Optimizer reset
[controller_server-10] [INFO] [1773804988.667572828] [controller_server]: Optimizer reset
[controller_server-10] [WARN] [1773804988.667622702] [controller_server]: Optimizer fail to compute path
[controller_server-10] [INFO] [1773804988.764895458] [controller_server]: Passing new path to controller.
[controller_server-10] [INFO] [1773804988.766620602] [controller_server]: Optimizer reset
[controller_server-10] [INFO] [1773804988.767728019] [controller_server]: Optimizer reset
[controller_server-10] [WARN] [1773804988.767799475] [controller_server]: Optimizer fail to compute path
[controller_server-10] [INFO] [1773804988.870159000] [controller_server]: Optimizer reset
[controller_server-10] [INFO] [1773804988.874005066] [controller_server]: Optimizer reset
[controller_server-10] [WARN] [1773804988.874203100] [controller_server]: Optimizer fail to compute path
[controller_server-10] [INFO] [1773804988.964934308] [controller_server]: Passing new path to controller.
[controller_server-10] [INFO] [1773804988.966538998] [controller_server]: Optimizer reset
[controller_server-10] [INFO] [1773804988.967637666] [controller_server]: Optimizer reset
[controller_server-10] [WARN] [1773804988.967705621] [controller_server]: Optimizer fail to compute path
[controller_server-10] [INFO] [1773804989.066238914] [controller_server]: Optimizer reset
[controller_server-10] [INFO] [1773804989.067335248] [controller_server]: Optimizer reset
[controller_server-10] [WARN] [1773804989.067393579] [controller_server]: Optimizer fail to compute path
[controller_server-10] [INFO] [1773804989.164878370] [controller_server]: Passing new path to controller.
[controller_server-10] [INFO] [1773804989.166502601] [controller_server]: Optimizer reset
[controller_server-10] [INFO] [1773804989.167592519] [controller_server]: Optimizer reset
[controller_server-10] [WARN] [1773804989.167653766] [controller_server]: Optimizer fail to compute path
[controller_server-10] [INFO] [1773804989.264873733] [controller_server]: Passing new path to controller.
[controller_server-10] [INFO] [1773804989.266483673] [controller_server]: Optimizer reset
[controller_server-10] [INFO] [1773804989.267553175] [controller_server]: Optimizer reset
[controller_server-10] [WARN] [1773804989.267605965] [controller_server]: Optimizer fail to compute path
[controller_server-10] [INFO] [1773804989.365008216] [controller_server]: Passing new path to controller.
[controller_server-10] [INFO] [1773804989.366644697] [controller_server]: Optimizer reset
[controller_server-10] [INFO] [1773804989.367744823] [controller_server]: Optimizer reset
[controller_server-10] [WARN] [1773804989.367817153] [controller_server]: Optimizer fail to compute path
[controller_server-10] [INFO] [1773804989.464889250] [controller_server]: Passing new path to controller.
[controller_server-10] [INFO] [1773804989.466477608] [controller_server]: Optimizer reset
[controller_server-10] [INFO] [1773804989.467551485] [controller_server]: Optimizer reset
[controller_server-10] [WARN] [1773804989.467606024] [controller_server]: Optimizer fail to compute path
[controller_server-10] [ERROR] [1773804989.467649481] [controller_server]: Controller patience exceeded
[controller_server-10] [INFO] [1773804989.468139754] [controller_server]: Optimizer reset
[controller_server-10] [WARN] [1773804989.468161629] [controller_server]: [follow_path] [ActionServer] Aborting handle.
[controller_server-10] [INFO] [1773804989.493927378] [local_costmap.local_costmap]: Received request to clear entirely the local_costmap
[controller_server-10] [INFO] [1773804989.497144050] [local_costmap.local_costmap]: KeepoutFilter: Subscribing to "/keepout_costmap_filter_info" topic for filter info...
[controller_server-10] [INFO] [1773804989.500504217] [controller_server]: Received a goal, begin computing control effort.
[controller_server-10] [INFO] [1773804989.501041155] [local_costmap.local_costmap]: KeepoutFilter: Received filter info from /keepout_costmap_filter_info topic.
[controller_server-10] [INFO] [1773804989.501074696] [local_costmap.local_costmap]: KeepoutFilter: Subscribing to "/keepout_filter_mask" topic for filter mask...
[controller_server-10] [WARN] [1773804989.507829736] [local_costmap.local_costmap]: KeepoutFilter: New filter mask arrived from /keepout_filter_mask topic. Updating old filter mask.
[controller_server-10] [INFO] [1773804989.562279252] [controller_server]: Optimizer reset
[controller_server-10] [INFO] [1773804989.563358962] [controller_server]: Optimizer reset
[controller_server-10] [WARN] [1773804989.563422251] [controller_server]: Optimizer fail to compute path
[controller_server-10] [INFO] [1773804989.600736405] [controller_server]: Passing new path to controller.
[controller_server-10] [INFO] [1773804989.602347512] [controller_server]: Optimizer reset
[controller_server-10] [INFO] [1773804989.603410305] [controller_server]: Optimizer reset
[controller_server-10] [WARN] [1773804989.603462220] [controller_server]: Optimizer fail to compute path
[controller_server-10] [INFO] [1773804989.702110717] [controller_server]: Optimizer reset
[controller_server-10] [INFO] [1773804989.703179927] [controller_server]: Optimizer reset
[controller_server-10] [WARN] [1773804989.703230384] [controller_server]: Optimizer fail to compute path
[controller_server-10] [INFO] [1773804989.800742006] [controller_server]: Passing new path to controller.
[controller_server-10] [INFO] [1773804989.802391028] [controller_server]: Optimizer reset
[controller_server-10] [INFO] [1773804989.803462280] [controller_server]: Optimizer reset
[controller_server-10] [WARN] [1773804989.803528194] [controller_server]: Optimizer fail to compute path
[controller_server-10] [INFO] [1773804989.900731245] [controller_server]: Passing new path to controller.
[controller_server-10] [INFO] [1773804989.902360434] [controller_server]: Optimizer reset
[controller_server-10] [INFO] [1773804989.903420311] [controller_server]: Optimizer reset
[controller_server-10] [WARN] [1773804989.903465810] [controller_server]: Optimizer fail to compute path
[controller_server-10] [INFO] [1773804990.000735649] [controller_server]: Passing new path to controller.
[controller_server-10] [INFO] [1773804990.002363380] [controller_server]: Optimizer reset
[controller_server-10] [INFO] [1773804990.003425591] [controller_server]: Optimizer reset
[controller_server-10] [WARN] [1773804990.003474589] [controller_server]: Optimizer fail to compute path
[controller_server-10] [INFO] [1773804990.100733638] [controller_server]: Passing new path to controller.
[controller_server-10] [INFO] [1773804990.102332786] [controller_server]: Optimizer reset
[controller_server-10] [INFO] [1773804990.103385372] [controller_server]: Optimizer reset
[controller_server-10] [WARN] [1773804990.103430287] [controller_server]: Optimizer fail to compute path
[controller_server-10] [INFO] [1773804990.202099200] [controller_server]: Optimizer reset
[controller_server-10] [INFO] [1773804990.203174535] [controller_server]: Optimizer reset
[controller_server-10] [WARN] [1773804990.203229366] [controller_server]: Optimizer fail to compute path
[controller_server-10] [INFO] [1773804990.300767238] [controller_server]: Passing new path to controller.
[controller_server-10] [INFO] [1773804990.302405177] [controller_server]: Optimizer reset
[controller_server-10] [INFO] [1773804990.303456304] [controller_server]: Optimizer reset
[controller_server-10] [WARN] [1773804990.303504427] [controller_server]: Optimizer fail to compute path
[controller_server-10] [INFO] [1773804990.400741602] [controller_server]: Passing new path to controller.
[controller_server-10] [INFO] [1773804990.402384207] [controller_server]: Optimizer reset
[controller_server-10] [INFO] [1773804990.403455167] [controller_server]: Optimizer reset
[controller_server-10] [WARN] [1773804990.403503874] [controller_server]: Optimizer fail to compute path
[controller_server-10] [INFO] [1773804990.500736673] [controller_server]: Passing new path to controller.
[controller_server-10] [INFO] [1773804990.502354197] [controller_server]: Optimizer reset
[controller_server-10] [INFO] [1773804990.503399783] [controller_server]: Optimizer reset
[controller_server-10] [WARN] [1773804990.503444114] [controller_server]: Optimizer fail to compute path
[controller_server-10] [ERROR] [1773804990.503485821] [controller_server]: Controller patience exceeded
[controller_server-10] [INFO] [1773804990.504026551] [controller_server]: Optimizer reset
[controller_server-10] [WARN] [1773804990.504051342] [controller_server]: [follow_path] [ActionServer] Aborting handle.
[behavior_server-13] [INFO] [1773804990.534248218] [behavior_server]: Running wait
[behavior_server-13] [INFO] [1773804995.534508409] [behavior_server]: wait completed successfully
[controller_server-10] [INFO] [1773804995.553596990] [local_costmap.local_costmap]: Received request to clear entirely the local_costmap
[controller_server-10] [INFO] [1773804995.557458513] [local_costmap.local_costmap]: KeepoutFilter: Subscribing to "/keepout_costmap_filter_info" topic for filter info...
[planner_server-12] [INFO] [1773804995.562117423] [global_costmap.global_costmap]: Received request to clear entirely the global_costmap
[controller_server-10] [INFO] [1773804995.562844813] [local_costmap.local_costmap]: KeepoutFilter: Received filter info from /keepout_costmap_filter_info topic.
[controller_server-10] [INFO] [1773804995.562909269] [local_costmap.local_costmap]: KeepoutFilter: Subscribing to "/keepout_filter_mask" topic for filter mask...
[planner_server-12] [INFO] [1773804995.570630565] [global_costmap.global_costmap]: KeepoutFilter: Subscribing to "/keepout_costmap_filter_info" topic for filter info...
[controller_server-10] [WARN] [1773804995.580069714] [local_costmap.local_costmap]: KeepoutFilter: New filter mask arrived from /keepout_filter_mask topic. Updating old filter mask.
[planner_server-12] [INFO] [1773804995.581411331] [global_costmap.global_costmap]: KeepoutFilter: Received filter info from /keepout_costmap_filter_info topic.
[planner_server-12] [INFO] [1773804995.581509327] [global_costmap.global_costmap]: KeepoutFilter: Subscribing to "/keepout_filter_mask" topic for filter mask...
[planner_server-12] [WARN] [1773804995.604313020] [global_costmap.global_costmap]: KeepoutFilter: New filter mask arrived from /keepout_filter_mask topic. Updating old filter mask.
[planner_server-12] [WARN] [1773804995.947992068] [planner_server]: Planner loop missed its desired rate of 5.0000 Hz. Current loop rate is 2.6934 Hz
[controller_server-10] [INFO] [1773804995.964233797] [controller_server]: Received a goal, begin computing control effort.
[controller_server-10] [INFO] [1773804995.965907610] [controller_server]: Optimizer reset
[controller_server-10] [INFO] [1773804995.966995778] [controller_server]: Optimizer reset
[controller_server-10] [WARN] [1773804995.967059942] [controller_server]: Optimizer fail to compute path
[controller_server-10] [INFO] [1773804996.065852809] [controller_server]: Optimizer reset
[controller_server-10] [INFO] [1773804996.066945643] [controller_server]: Optimizer reset
[controller_server-10] [WARN] [1773804996.067004266] [controller_server]: Optimizer fail to compute path
[controller_server-10] [INFO] [1773804996.164403017] [controller_server]: Passing new path to controller.
[controller_server-10] [INFO] [1773804996.166184451] [controller_server]: Optimizer reset
[controller_server-10] [INFO] [1773804996.167290118] [controller_server]: Optimizer reset
[controller_server-10] [WARN] [1773804996.167361282] [controller_server]: Optimizer fail to compute path
[controller_server-10] [INFO] [1773804996.264426088] [controller_server]: Passing new path to controller.
[controller_server-10] [INFO] [1773804996.266197605] [controller_server]: Optimizer reset
[controller_server-10] [INFO] [1773804996.267300939] [controller_server]: Optimizer reset
[controller_server-10] [WARN] [1773804996.267368020] [controller_server]: Optimizer fail to compute path
[controller_server-10] [INFO] [1773804996.364412410] [controller_server]: Passing new path to controller.
[controller_server-10] [INFO] [1773804996.366208427] [controller_server]: Optimizer reset
[controller_server-10] [INFO] [1773804996.367331885] [controller_server]: Optimizer reset
[controller_server-10] [WARN] [1773804996.367413257] [controller_server]: Optimizer fail to compute path
[controller_server-10] [INFO] [1773804996.464395524] [controller_server]: Passing new path to controller.
[controller_server-10] [INFO] [1773804996.466022963] [controller_server]: Optimizer reset
[controller_server-10] [INFO] [1773804996.467111423] [controller_server]: Optimizer reset
[controller_server-10] [WARN] [1773804996.467169171] [controller_server]: Optimizer fail to compute path
[controller_server-10] [INFO] [1773804996.569475906] [controller_server]: Optimizer reset
[controller_server-10] [INFO] [1773804996.573347054] [controller_server]: Optimizer reset
[controller_server-10] [WARN] [1773804996.573532839] [controller_server]: Optimizer fail to compute path
[controller_server-10] [INFO] [1773804996.664428541] [controller_server]: Passing new path to controller.
[controller_server-10] [INFO] [1773804996.669870547] [controller_server]: Optimizer reset
[controller_server-10] [INFO] [1773804996.673529077] [controller_server]: Optimizer reset
[controller_server-10] [WARN] [1773804996.673686863] [controller_server]: Optimizer fail to compute path
[controller_server-10] [INFO] [1773804996.764402321] [controller_server]: Passing new path to controller.
[controller_server-10] [INFO] [1773804996.766068843] [controller_server]: Optimizer reset
[controller_server-10] [INFO] [1773804996.767159927] [controller_server]: Optimizer reset
[controller_server-10] [WARN] [1773804996.767230508] [controller_server]: Optimizer fail to compute path
[controller_server-10] [INFO] [1773804996.865781008] [controller_server]: Optimizer reset
[controller_server-10] [INFO] [1773804996.866869759] [controller_server]: Optimizer reset
[controller_server-10] [WARN] [1773804996.866931882] [controller_server]: Optimizer fail to compute path
[controller_server-10] [INFO] [1773804996.964399756] [controller_server]: Passing new path to controller.
[controller_server-10] [INFO] [1773804996.966058694] [controller_server]: Optimizer reset
[controller_server-10] [INFO] [1773804996.967172820] [controller_server]: Optimizer reset
[controller_server-10] [WARN] [1773804996.967231734] [controller_server]: Optimizer fail to compute path
[controller_server-10] [ERROR] [1773804996.967276358] [controller_server]: Controller patience exceeded
[controller_server-10] [INFO] [1773804996.967798713] [controller_server]: Optimizer reset
[controller_server-10] [WARN] [1773804996.967822337] [controller_server]: [follow_path] [ActionServer] Aborting handle.
[controller_server-10] [INFO] [1773804996.993871285] [local_costmap.local_costmap]: Received request to clear entirely the local_costmap
[controller_server-10] [INFO] [1773804996.996506978] [local_costmap.local_costmap]: KeepoutFilter: Subscribing to "/keepout_costmap_filter_info" topic for filter info...
[controller_server-10] [INFO] [1773804997.000030181] [local_costmap.local_costmap]: KeepoutFilter: Received filter info from /keepout_costmap_filter_info topic.
[controller_server-10] [INFO] [1773804997.000082679] [local_costmap.local_costmap]: KeepoutFilter: Subscribing to "/keepout_filter_mask" topic for filter mask...
[controller_server-10] [INFO] [1773804997.002176768] [controller_server]: Received a goal, begin computing control effort.
[controller_server-10] [WARN] [1773804997.019870359] [local_costmap.local_costmap]: KeepoutFilter: New filter mask arrived from /keepout_filter_mask topic. Updating old filter mask.
[controller_server-10] [INFO] [1773804997.067887115] [controller_server]: Optimizer reset
[controller_server-10] [INFO] [1773804997.071636933] [controller_server]: Optimizer reset
[controller_server-10] [WARN] [1773804997.071796178] [controller_server]: Optimizer fail to compute path
[controller_server-10] [INFO] [1773804997.102464078] [controller_server]: Passing new path to controller.
[controller_server-10] [INFO] [1773804997.108064162] [controller_server]: Optimizer reset
[controller_server-10] [INFO] [1773804997.111855104] [controller_server]: Optimizer reset
[controller_server-10] [WARN] [1773804997.112019598] [controller_server]: Optimizer fail to compute path
[controller_server-10] [INFO] [1773804997.207466589] [controller_server]: Optimizer reset
[controller_server-10] [INFO] [1773804997.211544812] [controller_server]: Optimizer reset
[controller_server-10] [WARN] [1773804997.211724180] [controller_server]: Optimizer fail to compute path
[controller_server-10] [INFO] [1773804997.302464721] [controller_server]: Passing new path to controller.
[controller_server-10] [INFO] [1773804997.308696531] [controller_server]: Optimizer reset
[controller_server-10] [INFO] [1773804997.312501765] [controller_server]: Optimizer reset
[controller_server-10] [WARN] [1773804997.312683466] [controller_server]: Optimizer fail to compute path
[controller_server-10] [INFO] [1773804997.402485167] [controller_server]: Passing new path to controller.
[controller_server-10] [INFO] [1773804997.408426779] [controller_server]: Optimizer reset
[controller_server-10] [INFO] [1773804997.412516086] [controller_server]: Optimizer reset
[controller_server-10] [WARN] [1773804997.412706828] [controller_server]: Optimizer fail to compute path
[controller_server-10] [INFO] [1773804997.502461761] [controller_server]: Passing new path to controller.
[controller_server-10] [INFO] [1773804997.507986296] [controller_server]: Optimizer reset
[controller_server-10] [INFO] [1773804997.512033305] [controller_server]: Optimizer reset
[controller_server-10] [WARN] [1773804997.512190798] [controller_server]: Optimizer fail to compute path
[controller_server-10] [INFO] [1773804997.602464236] [controller_server]: Passing new path to controller.
[controller_server-10] [INFO] [1773804997.609068187] [controller_server]: Optimizer reset
[controller_server-10] [INFO] [1773804997.612716503] [controller_server]: Optimizer reset
[controller_server-10] [WARN] [1773804997.612871956] [controller_server]: Optimizer fail to compute path
[controller_server-10] [INFO] [1773804997.707279316] [controller_server]: Optimizer reset
[controller_server-10] [INFO] [1773804997.710939298] [controller_server]: Optimizer reset
[controller_server-10] [WARN] [1773804997.711099417] [controller_server]: Optimizer fail to compute path
[controller_server-10] [INFO] [1773804997.802463354] [controller_server]: Passing new path to controller.
[controller_server-10] [INFO] [1773804997.807883476] [controller_server]: Optimizer reset
[controller_server-10] [INFO] [1773804997.811519834] [controller_server]: Optimizer reset
[controller_server-10] [WARN] [1773804997.811679953] [controller_server]: Optimizer fail to compute path
[controller_server-10] [INFO] [1773804997.902557701] [controller_server]: Passing new path to controller.
[controller_server-10] [INFO] [1773804997.908184023] [controller_server]: Optimizer reset
[controller_server-10] [INFO] [1773804997.912208283] [controller_server]: Optimizer reset
[controller_server-10] [WARN] [1773804997.912426732] [controller_server]: Optimizer fail to compute path
[controller_server-10] [INFO] [1773804998.002469179] [controller_server]: Passing new path to controller.
[controller_server-10] [INFO] [1773804998.007885802] [controller_server]: Optimizer reset
[controller_server-10] [INFO] [1773804998.011553075] [controller_server]: Optimizer reset
[controller_server-10] [WARN] [1773804998.011719319] [controller_server]: Optimizer fail to compute path
[controller_server-10] [ERROR] [1773804998.011827231] [controller_server]: Controller patience exceeded
[controller_server-10] [INFO] [1773804998.013410628] [controller_server]: Optimizer reset
[controller_server-10] [WARN] [1773804998.013474500] [controller_server]: [follow_path] [ActionServer] Aborting handle.
[controller_server-10] [INFO] [1773804998.033729085] [local_costmap.local_costmap]: Received request to clear entirely the local_costmap
[controller_server-10] [INFO] [1773804998.037395484] [local_costmap.local_costmap]: KeepoutFilter: Subscribing to "/keepout_costmap_filter_info" topic for filter info...
[planner_server-12] [INFO] [1773804998.040112545] [global_costmap.global_costmap]: Received request to clear entirely the global_costmap
[controller_server-10] [INFO] [1773804998.041104756] [local_costmap.local_costmap]: KeepoutFilter: Received filter info from /keepout_costmap_filter_info topic.
[controller_server-10] [INFO] [1773804998.041149671] [local_costmap.local_costmap]: KeepoutFilter: Subscribing to "/keepout_filter_mask" topic for filter mask...
[planner_server-12] [INFO] [1773804998.044923399] [global_costmap.global_costmap]: KeepoutFilter: Subscribing to "/keepout_costmap_filter_info" topic for filter info...
[controller_server-10] [INFO] [1773804998.048746708] [local_costmap.local_costmap]: Received request to clear entirely the local_costmap
[controller_server-10] [INFO] [1773804998.051672302] [local_costmap.local_costmap]: KeepoutFilter: Subscribing to "/keepout_costmap_filter_info" topic for filter info...
[planner_server-12] [INFO] [1773804998.055610815] [global_costmap.global_costmap]: KeepoutFilter: Received filter info from /keepout_costmap_filter_info topic.
[planner_server-12] [INFO] [1773804998.055721061] [global_costmap.global_costmap]: KeepoutFilter: Subscribing to "/keepout_filter_mask" topic for filter mask...
[planner_server-12] [INFO] [1773804998.057766731] [global_costmap.global_costmap]: Received request to clear entirely the global_costmap
[controller_server-10] [INFO] [1773804998.062776786] [local_costmap.local_costmap]: KeepoutFilter: Received filter info from /keepout_costmap_filter_info topic.
[controller_server-10] [INFO] [1773804998.062883823] [local_costmap.local_costmap]: KeepoutFilter: Subscribing to "/keepout_filter_mask" topic for filter mask...
[planner_server-12] [INFO] [1773804998.066967581] [global_costmap.global_costmap]: KeepoutFilter: Subscribing to "/keepout_costmap_filter_info" topic for filter info...
[planner_server-12] [INFO] [1773804998.078714581] [global_costmap.global_costmap]: KeepoutFilter: Received filter info from /keepout_costmap_filter_info topic.
[planner_server-12] [INFO] [1773804998.078766204] [global_costmap.global_costmap]: KeepoutFilter: Subscribing to "/keepout_filter_mask" topic for filter mask...
[controller_server-10] [WARN] [1773804998.080965577] [local_costmap.local_costmap]: KeepoutFilter: New filter mask arrived from /keepout_filter_mask topic. Updating old filter mask.
[planner_server-12] [WARN] [1773804998.094126522] [global_costmap.global_costmap]: KeepoutFilter: New filter mask arrived from /keepout_filter_mask topic. Updating old filter mask.
[planner_server-12] [WARN] [1773804998.445363783] [planner_server]: Planner loop missed its desired rate of 5.0000 Hz. Current loop rate is 2.6949 Hz
[controller_server-10] [INFO] [1773804998.465009975] [controller_server]: Received a goal, begin computing control effort.
[controller_server-10] [INFO] [1773804998.469995531] [controller_server]: Optimizer reset
[controller_server-10] [INFO] [1773804998.473640639] [controller_server]: Optimizer reset
[controller_server-10] [WARN] [1773804998.473807174] [controller_server]: Optimizer fail to compute path
[controller_server-10] [INFO] [1773804998.566697927] [controller_server]: Optimizer reset
[controller_server-10] [INFO] [1773804998.567823133] [controller_server]: Optimizer reset
[controller_server-10] [WARN] [1773804998.567942420] [controller_server]: Optimizer fail to compute path
[controller_server-10] [INFO] [1773804998.665253208] [controller_server]: Passing new path to controller.
[controller_server-10] [INFO] [1773804998.666906311] [controller_server]: Optimizer reset
[controller_server-10] [INFO] [1773804998.667979310] [controller_server]: Optimizer reset
[controller_server-10] [WARN] [1773804998.668040850] [controller_server]: Optimizer fail to compute path
[controller_server-10] [INFO] [1773804998.765248684] [controller_server]: Passing new path to controller.
[controller_server-10] [INFO] [1773804998.766904119] [controller_server]: Optimizer reset
[controller_server-10] [INFO] [1773804998.767980619] [controller_server]: Optimizer reset
[controller_server-10] [WARN] [1773804998.768033992] [controller_server]: Optimizer fail to compute path
[controller_server-10] [INFO] [1773804998.866631564] [controller_server]: Optimizer reset
[controller_server-10] [INFO] [1773804998.867724979] [controller_server]: Optimizer reset
[controller_server-10] [WARN] [1773804998.867785935] [controller_server]: Optimizer fail to compute path
[controller_server-10] [INFO] [1773804998.965270842] [controller_server]: Passing new path to controller.
[controller_server-10] [INFO] [1773804998.970937704] [controller_server]: Optimizer reset
[controller_server-10] [INFO] [1773804998.974630644] [controller_server]: Optimizer reset
[controller_server-10] [WARN] [1773804998.974789888] [controller_server]: Optimizer fail to compute path
[controller_server-10] [INFO] [1773804999.070034007] [controller_server]: Optimizer reset
[controller_server-10] [INFO] [1773804999.073699822] [controller_server]: Optimizer reset
[controller_server-10] [WARN] [1773804999.073853524] [controller_server]: Optimizer fail to compute path
[controller_server-10] [INFO] [1773804999.165279876] [controller_server]: Passing new path to controller.
[controller_server-10] [INFO] [1773804999.170739955] [controller_server]: Optimizer reset
[controller_server-10] [INFO] [1773804999.174383021] [controller_server]: Optimizer reset
[controller_server-10] [WARN] [1773804999.174544015] [controller_server]: Optimizer fail to compute path
[controller_server-10] [INFO] [1773804999.265268643] [controller_server]: Passing new path to controller.
[controller_server-10] [INFO] [1773804999.270879216] [controller_server]: Optimizer reset
[controller_server-10] [INFO] [1773804999.274521116] [controller_server]: Optimizer reset
[controller_server-10] [WARN] [1773804999.274671902] [controller_server]: Optimizer fail to compute path
[controller_server-10] [INFO] [1773804999.365274035] [controller_server]: Passing new path to controller.
[controller_server-10] [INFO] [1773804999.370773196] [controller_server]: Optimizer reset
[controller_server-10] [INFO] [1773804999.374462927] [controller_server]: Optimizer reset
[controller_server-10] [WARN] [1773804999.374623046] [controller_server]: Optimizer fail to compute path
[controller_server-10] [INFO] [1773804999.465276802] [controller_server]: Passing new path to controller.
[controller_server-10] [INFO] [1773804999.470758755] [controller_server]: Optimizer reset
[controller_server-10] [INFO] [1773804999.474475318] [controller_server]: Optimizer reset
[controller_server-10] [WARN] [1773804999.474629896] [controller_server]: Optimizer fail to compute path
[controller_server-10] [ERROR] [1773804999.474736350] [controller_server]: Controller patience exceeded
[controller_server-10] [INFO] [1773804999.476207751] [controller_server]: Optimizer reset
[controller_server-10] [WARN] [1773804999.476264332] [controller_server]: [follow_path] [ActionServer] Aborting handle.
[controller_server-10] [INFO] [1773804999.503686638] [local_costmap.local_costmap]: Received request to clear entirely the local_costmap
[controller_server-10] [INFO] [1773804999.506490320] [local_costmap.local_costmap]: KeepoutFilter: Subscribing to "/keepout_costmap_filter_info" topic for filter info...
[controller_server-10] [INFO] [1773804999.510805652] [controller_server]: Received a goal, begin computing control effort.
[controller_server-10] [INFO] [1773804999.511320715] [local_costmap.local_costmap]: KeepoutFilter: Received filter info from /keepout_costmap_filter_info topic.
[controller_server-10] [INFO] [1773804999.511350464] [local_costmap.local_costmap]: KeepoutFilter: Subscribing to "/keepout_filter_mask" topic for filter mask...
[controller_server-10] [WARN] [1773804999.530103316] [local_costmap.local_costmap]: KeepoutFilter: New filter mask arrived from /keepout_filter_mask topic. Updating old filter mask.
[controller_server-10] [INFO] [1773804999.562338225] [controller_server]: Optimizer reset
[controller_server-10] [INFO] [1773804999.563425516] [controller_server]: Optimizer reset
[controller_server-10] [WARN] [1773804999.563494347] [controller_server]: Optimizer fail to compute path
[controller_server-10] [INFO] [1773804999.610965329] [controller_server]: Passing new path to controller.
[controller_server-10] [INFO] [1773804999.612594807] [controller_server]: Optimizer reset
[controller_server-10] [INFO] [1773804999.613673640] [controller_server]: Optimizer reset
[controller_server-10] [WARN] [1773804999.613739263] [controller_server]: Optimizer fail to compute path
[controller_server-10] [INFO] [1773804999.712341501] [controller_server]: Optimizer reset
[controller_server-10] [INFO] [1773804999.713420334] [controller_server]: Optimizer reset
[controller_server-10] [WARN] [1773804999.713481873] [controller_server]: Optimizer fail to compute path
[controller_server-10] [INFO] [1773804999.810967946] [controller_server]: Passing new path to controller.
[controller_server-10] [INFO] [1773804999.812616090] [controller_server]: Optimizer reset
[controller_server-10] [INFO] [1773804999.813700173] [controller_server]: Optimizer reset
[controller_server-10] [WARN] [1773804999.813753254] [controller_server]: Optimizer fail to compute path
[controller_server-10] [INFO] [1773804999.910964297] [controller_server]: Passing new path to controller.
[controller_server-10] [INFO] [1773804999.912601650] [controller_server]: Optimizer reset
[controller_server-10] [INFO] [1773804999.913695065] [controller_server]: Optimizer reset
[controller_server-10] [WARN] [1773804999.913753396] [controller_server]: Optimizer fail to compute path
[controller_server-10] [INFO] [1773805000.010979022] [controller_server]: Passing new path to controller.
[controller_server-10] [INFO] [1773805000.012793409] [controller_server]: Optimizer reset
[controller_server-10] [INFO] [1773805000.013960030] [controller_server]: Optimizer reset
[controller_server-10] [WARN] [1773805000.014055985] [controller_server]: Optimizer fail to compute path
[controller_server-10] [INFO] [1773805000.110968664] [controller_server]: Passing new path to controller.
[controller_server-10] [INFO] [1773805000.112698472] [controller_server]: Optimizer reset
[controller_server-10] [INFO] [1773805000.113776430] [controller_server]: Optimizer reset
[controller_server-10] [WARN] [1773805000.113835927] [controller_server]: Optimizer fail to compute path
[controller_server-10] [INFO] [1773805000.212402875] [controller_server]: Optimizer reset
[controller_server-10] [INFO] [1773805000.213538873] [controller_server]: Optimizer reset
[controller_server-10] [WARN] [1773805000.213631327] [controller_server]: Optimizer fail to compute path
[controller_server-10] [INFO] [1773805000.310974198] [controller_server]: Passing new path to controller.
[controller_server-10] [INFO] [1773805000.312761462] [controller_server]: Optimizer reset
[controller_server-10] [INFO] [1773805000.313886376] [controller_server]: Optimizer reset
[controller_server-10] [WARN] [1773805000.313970665] [controller_server]: Optimizer fail to compute path
[controller_server-10] [INFO] [1773805000.410972882] [controller_server]: Passing new path to controller.
[controller_server-10] [INFO] [1773805000.412736813] [controller_server]: Optimizer reset
[controller_server-10] [INFO] [1773805000.413834020] [controller_server]: Optimizer reset
[controller_server-10] [WARN] [1773805000.413903143] [controller_server]: Optimizer fail to compute path
[controller_server-10] [INFO] [1773805000.510961358] [controller_server]: Passing new path to controller.
[controller_server-10] [INFO] [1773805000.512606293] [controller_server]: Optimizer reset
[controller_server-10] [INFO] [1773805000.513699417] [controller_server]: Optimizer reset
[controller_server-10] [WARN] [1773805000.513777581] [controller_server]: Optimizer fail to compute path
[controller_server-10] [ERROR] [1773805000.513823079] [controller_server]: Controller patience exceeded
[controller_server-10] [INFO] [1773805000.514358267] [controller_server]: Optimizer reset
[controller_server-10] [WARN] [1773805000.514391807] [controller_server]: [follow_path] [ActionServer] Aborting handle.
[bt_navigator-14] [WARN] [1773805000.553395453] [bt_navigator]: [navigate_through_poses] [ActionServer] Aborting handle.
[bt_navigator-14] [ERROR] [1773805000.553592903] [bt_navigator]: Goal failed
[delivery_robot_main_controller-20] [33m[WARN] [1773805000.894266993] [main_controller_node]: Goal failed![0m
[delivery_robot_main_controller-20] [33m[WARN] [1773805000.898590783] [main_controller_node]: Blocked lane encountered; stopping with FAILED per setting.[0m
[delivery_robot_main_controller-20] [0m[INFO] [1773805000.900521833] [main_controller_node]: State change: MOVE -> SAFE_STOP[0m
[delivery_robot_main_controller-20] [0m[INFO] [1773805000.914912980] [main_controller_node]: Robot is in SAFE_STOP. Awaiting user to switch to STANDBY.[0m
[delivery_robot_main_controller-20] [0m[INFO] [1773805000.916479169] [main_controller_node]: Robot is in SAFE_STOP. Awaiting user to switch to STANDBY.[0m
[delivery_robot_main_controller-20] [0m[INFO] [1773805000.931274550] [main_controller_node]: Current state: SAFE_STOP, dock_state IDLE, charge_state NOT_CHARGE[0m
[delivery_robot_main_controller-20] [0m[INFO] [1773805001.561667634] [main_controller_node]: Current state: SAFE_STOP, dock_state IDLE, charge_state NOT_CHARGE[0m
[delivery_robot_main_controller-20] [0m[INFO] [1773805001.989190546] [main_controller_node]: Published message: "safe_stop"[0m
[robot_sound-21] [0m[INFO] [1773805002.268724645] [robot_sound_node]: 🔔 Received sound command: safe_stop[0m
[robot_sound-21] Simple mixer control 'PCM',0
[robot_sound-21]   Capabilities: pvolume pswitch pswitch-joined
[robot_sound-21]   Playback channels: Front Left - Front Right
[robot_sound-21]   Limits: Playback 0 - 147
[robot_sound-21]   Mono:
[robot_sound-21]   Front Left: Playback 147 [100%] [-0.94dB] [on]
[robot_sound-21]   Front Right: Playback 147 [100%] [-0.94dB] [on]
[robot_sound-21] [0m[INFO] [1773805002.301884393] [robot_sound_node]: 🔊 Playing sound: /home/smr/workspaces/mini_amr/amrROS2_ws/sounds/robot_safestop.wav[0m
[robot_sound-21] Playing WAVE '/home/smr/workspaces/mini_amr/amrROS2_ws/sounds/robot_safestop.wav' : Signed 16 bit Little Endian, Rate 22050 Hz, Mono
[delivery_robot_main_controller-20] [0m[INFO] [1773805002.624117702] [main_controller_node]: Current state: SAFE_STOP, dock_state IDLE, charge_state NOT_CHARGE[0m
[delivery_robot_main_controller-20] [0m[INFO] [1773805002.920102035] [main_controller_node]: SAFE_STOP cleared to STANDBY via API/GUI.[0m
[delivery_robot_main_controller-20] [0m[INFO] [1773805002.920926836] [main_controller_node]: State change: SAFE_STOP -> STANDBY[0m
[delivery_robot_main_controller-20] [0m[INFO] [1773805002.924456157] [main_controller_node]: Robot is in STANDBY mode.[0m
[delivery_robot_main_controller-20] [0m[INFO] [1773805003.567361253] [main_controller_node]: Current state: STANDBY, dock_state IDLE, charge_state NOT_CHARGE[0m
[delivery_robot_main_controller-20] [0m[INFO] [1773805003.645305547] [main_controller_node]: 1 pending queues [0m
[delivery_robot_main_controller-20] [0m[INFO] [1773805003.648563628] [main_controller_node]: Queue action: Request[0m
[delivery_robot_main_controller-20] [0m[INFO] [1773805003.677671118] [main_controller_node]: AGV start_pos: x=-0.02, y=-0.01[0m
[delivery_robot_main_controller-20] [0m[INFO] [1773805003.679601876] [main_controller_node]: AGV goal_pos: x=3.40, y=-0.73[0m
[delivery_robot_main_controller-20] Graph before shortest_path: Graph with 11 nodes and 10 edges
[delivery_robot_main_controller-20] [0m[INFO] [1773805003.726998778] [main_controller_node]: Computed AGV path waypoints:[0m
[delivery_robot_main_controller-20] [0m[INFO] [1773805003.727591421] [main_controller_node]:   Waypoint 0: x=-0.02, y=-0.01[0m
[delivery_robot_main_controller-20] [0m[INFO] [1773805003.728124567] [main_controller_node]:   Waypoint 1: x=1.99, y=-1.51[0m
[delivery_robot_main_controller-20] [0m[INFO] [1773805003.728729168] [main_controller_node]:   Waypoint 2: x=3.40, y=-0.73[0m
[delivery_robot_main_controller-20] [0m[INFO] [1773805003.729711172] [main_controller_node]: Navigating with 3 goals....[0m
[bt_navigator-14] [INFO] [1773805003.730657593] [bt_navigator]: Begin navigating from current location through 3 poses to (3.40, -0.73)
[controller_server-10] [INFO] [1773805003.731097993] [local_costmap.local_costmap]: Received request to clear entirely the local_costmap
[controller_server-10] [INFO] [1773805003.735308037] [local_costmap.local_costmap]: KeepoutFilter: Subscribing to "/keepout_costmap_filter_info" topic for filter info...
[planner_server-12] [INFO] [1773805003.738716321] [global_costmap.global_costmap]: Received request to clear entirely the global_costmap
[controller_server-10] [INFO] [1773805003.738927187] [local_costmap.local_costmap]: KeepoutFilter: Received filter info from /keepout_costmap_filter_info topic.
[controller_server-10] [INFO] [1773805003.738966852] [local_costmap.local_costmap]: KeepoutFilter: Subscribing to "/keepout_filter_mask" topic for filter mask...
[planner_server-12] [INFO] [1773805003.744109610] [global_costmap.global_costmap]: KeepoutFilter: Subscribing to "/keepout_costmap_filter_info" topic for filter info...
[controller_server-10] [WARN] [1773805003.750969926] [local_costmap.local_costmap]: KeepoutFilter: New filter mask arrived from /keepout_filter_mask topic. Updating old filter mask.
[planner_server-12] [INFO] [1773805003.755259300] [global_costmap.global_costmap]: KeepoutFilter: Received filter info from /keepout_costmap_filter_info topic.
[planner_server-12] [INFO] [1773805003.755360796] [global_costmap.global_costmap]: KeepoutFilter: Subscribing to "/keepout_filter_mask" topic for filter mask...
[planner_server-12] [WARN] [1773805003.771873153] [global_costmap.global_costmap]: KeepoutFilter: New filter mask arrived from /keepout_filter_mask topic. Updating old filter mask.
[controller_server-10] [INFO] [1773805003.963148277] [controller_server]: Received a goal, begin computing control effort.
[controller_server-10] [INFO] [1773805003.968824181] [controller_server]: Optimizer reset
[controller_server-10] [INFO] [1773805003.972607825] [controller_server]: Optimizer reset
[controller_server-10] [WARN] [1773805003.972794484] [controller_server]: Optimizer fail to compute path
[controller_server-10] [INFO] [1773805004.068856405] [controller_server]: Optimizer reset
[controller_server-10] [INFO] [1773805004.072595717] [controller_server]: Optimizer reset
[controller_server-10] [WARN] [1773805004.072828750] [controller_server]: Optimizer fail to compute path
[controller_server-10] [INFO] [1773805004.163972196] [controller_server]: Passing new path to controller.
[controller_server-10] [INFO] [1773805004.170155871] [controller_server]: Optimizer reset
[controller_server-10] [INFO] [1773805004.174050344] [controller_server]: Optimizer reset
[controller_server-10] [WARN] [1773805004.174234670] [controller_server]: Optimizer fail to compute path
[controller_server-10] [INFO] [1773805004.263974087] [controller_server]: Passing new path to controller.
[controller_server-10] [INFO] [1773805004.269870191] [controller_server]: Optimizer reset
[controller_server-10] [INFO] [1773805004.273604545] [controller_server]: Optimizer reset
[controller_server-10] [WARN] [1773805004.273762039] [controller_server]: Optimizer fail to compute path
[controller_server-10] [INFO] [1773805004.363984729] [controller_server]: Passing new path to controller.
[controller_server-10] [INFO] [1773805004.369830084] [controller_server]: Optimizer reset
[controller_server-10] [INFO] [1773805004.373691601] [controller_server]: Optimizer reset
[controller_server-10] [WARN] [1773805004.373896634] [controller_server]: Optimizer fail to compute path
[controller_server-10] [INFO] [1773805004.468903929] [controller_server]: Optimizer reset
[controller_server-10] [INFO] [1773805004.472593369] [controller_server]: Optimizer reset
[controller_server-10] [WARN] [1773805004.472772737] [controller_server]: Optimizer fail to compute path
[delivery_robot_main_controller-20] [0m[INFO] [1773805004.532351497] [main_controller_node]: State change: STANDBY -> MOVE[0m
[delivery_robot_main_controller-20] [0m[INFO] [1773805004.554628711] [main_controller_node]: Robot is MOVING.[0m
[controller_server-10] [INFO] [1773805004.563972764] [controller_server]: Passing new path to controller.
[controller_server-10] [INFO] [1773805004.569769704] [controller_server]: Optimizer reset
[controller_server-10] [INFO] [1773805004.573441644] [controller_server]: Optimizer reset
[controller_server-10] [WARN] [1773805004.573641720] [controller_server]: Optimizer fail to compute path
[controller_server-10] [INFO] [1773805004.663951907] [controller_server]: Passing new path to controller.
[controller_server-10] [INFO] [1773805004.665648465] [controller_server]: Optimizer reset
[controller_server-10] [INFO] [1773805004.666738381] [controller_server]: Optimizer reset
[controller_server-10] [WARN] [1773805004.666801379] [controller_server]: Optimizer fail to compute path
[controller_server-10] [INFO] [1773805004.763946507] [controller_server]: Passing new path to controller.
[controller_server-10] [INFO] [1773805004.765649191] [controller_server]: Optimizer reset
[controller_server-10] [INFO] [1773805004.766725982] [controller_server]: Optimizer reset
[controller_server-10] [WARN] [1773805004.766774688] [controller_server]: Optimizer fail to compute path
[controller_server-10] [INFO] [1773805004.865343095] [controller_server]: Optimizer reset
[controller_server-10] [INFO] [1773805004.866448760] [controller_server]: Optimizer reset
[controller_server-10] [WARN] [1773805004.866521090] [controller_server]: Optimizer fail to compute path
[bash-27] Queue empty: current state-> PAUSED : queue_action-> Request
[bash-27] Queue empty: current state-> PAUSED : queue_action-> Request
[bash-27] Queue empty: current state-> PAUSED : queue_action-> Request
[bash-27] Queue empty: current state-> PAUSED : queue_action-> Request
[bash-27] Queue empty: current state-> PAUSED : queue_action-> Request
[bash-27] Queue empty: current state-> PAUSED : queue_action-> Request
[bash-27] Queue empty: current state-> PAUSED : queue_action-> Request
[bash-27] Queue empty: current state-> PAUSED : queue_action-> Request
[bash-27] Queue empty: current state-> PAUSED : queue_action-> Request
[bash-27] Queue empty: current state-> PAUSED : queue_action-> Request
[bash-27] Queue empty: current state-> PAUSED : queue_action-> Request
[bash-27] Queue empty: current state-> PAUSED : queue_action-> Request
[bash-27] Queue empty: current state-> PAUSED : queue_action-> Request
[bash-27] Queue empty: current state-> PAUSED : queue_action-> Request
[bash-27] Queue empty: current state-> PAUSED : queue_action-> Request
[bash-27] Queue empty: current state-> PAUSED : queue_action-> Request
[bash-27] Queue empty: current state-> PAUSED : queue_action-> Request
[bash-27] Queue empty: current state-> PAUSED : queue_action-> Request
[bash-27] Queue empty: current state-> PAUSED : queue_action-> Request
[bash-27] Queue empty: current state-> PAUSED : queue_action-> Request
[bash-27] Queue empty: current state-> PAUSED : queue_action-> Request
[bash-27] Queue empty: current state-> PAUSED : queue_action-> Request
[bash-27] Queue empty: current state-> PAUSED : queue_action-> Request
[bash-27] Queue empty: current state-> PAUSED : queue_action-> Request
[bash-27] Queue empty: current state-> PAUSED : queue_action-> Request
[bash-27] Queue empty: current state-> PAUSED : queue_action-> Request
[bash-27] Queue empty: current state-> PAUSED : queue_action-> Request
[bash-27] Queue empty: current state-> PAUSED : queue_action-> Request
[bash-27] Queue empty: current state-> PAUSED : queue_action-> Request
[bash-27] Queue empty: current state-> PAUSED : queue_action-> Request
[bash-27] Queue empty: current state-> PAUSED : queue_action-> Request
[bash-27] Dialog rejected!
[bash-27] queue action->Request :  current state-> STANDBY : previous state-> PAUSED
[bash-27] queue action->Request :  current state-> MOVE : previous state-> STANDBY
[bash-27] queue action->Request :  current state-> PAUSED : previous state-> MOVE
[bash-27] Dialog rejected!
[bash-27] queue action->Request :  current state-> STANDBY : previous state-> PAUSED
[bash-27] queue action->Request :  current state-> MOVE : previous state-> STANDBY
[bash-27] queue action->Request :  current state-> SAFE_STOP : previous state-> MOVE
[bash-27] Dialog rejected!
[bash-27] queue action->Request :  current state-> STANDBY : previous state-> SAFE_STOP
[bash-27] queue action->Request :  current state-> MOVE : previous state-> STANDBY
[bash-27] queue action->Request :  current state-> SAFE_STOP : previous state-> MOVE
[bash-27] Dialog rejected!
[bash-27] queue action->Request :  current state-> STANDBY : previous state-> SAFE_STOP
[bash-27] queue action->Request :  current state-> PAUSED : previous state-> STANDBY
[bash-27] queue action->Request :  current state-> MOVE : previous state-> PAUSED
[bash-27] Dialog rejected!
[bash-27] queue action->Request :  current state-> STANDBY : previous state-> MOVE
[bash-27] queue action->Request :  current state-> LOAD_IN : previous state-> STANDBY
[bash-27] queue action->Request :  current state-> SAFE_STOP : previous state-> LOAD_IN
[bash-27] Dialog rejected!
[bash-27] queue action->Request :  current state-> STANDBY : previous state-> SAFE_STOP
[bash-27] queue action->Request :  current state-> MOVE : previous state-> STANDBY
[controller_server-10] [INFO] [1773805004.963950291] [controller_server]: Passing new path to controller.
[controller_server-10] [INFO] [1773805004.966417111] [controller_server]: Optimizer reset
[controller_server-10] [INFO] [1773805004.967576150] [controller_server]: Optimizer reset
[controller_server-10] [WARN] [1773805004.967663938] [controller_server]: Optimizer fail to compute path
[controller_server-10] [ERROR] [1773805004.967711769] [controller_server]: Controller patience exceeded
[controller_server-10] [INFO] [1773805004.968309079] [controller_server]: Optimizer reset
[controller_server-10] [WARN] [1773805004.968350494] [controller_server]: [follow_path] [ActionServer] Aborting handle.
[controller_server-10] [INFO] [1773805004.991475551] [local_costmap.local_costmap]: Received request to clear entirely the local_costmap
[controller_server-10] [INFO] [1773805004.995717969] [local_costmap.local_costmap]: KeepoutFilter: Subscribing to "/keepout_costmap_filter_info" topic for filter info...
[controller_server-10] [INFO] [1773805004.999973511] [local_costmap.local_costmap]: KeepoutFilter: Received filter info from /keepout_costmap_filter_info topic.
[controller_server-10] [INFO] [1773805005.000025426] [local_costmap.local_costmap]: KeepoutFilter: Subscribing to "/keepout_filter_mask" topic for filter mask...
[controller_server-10] [INFO] [1773805005.002591409] [controller_server]: Received a goal, begin computing control effort.
[controller_server-10] [WARN] [1773805005.022343764] [local_costmap.local_costmap]: KeepoutFilter: New filter mask arrived from /keepout_filter_mask topic. Updating old filter mask.
[controller_server-10] [INFO] [1773805005.064489995] [controller_server]: Optimizer reset
[controller_server-10] [INFO] [1773805005.065612285] [controller_server]: Optimizer reset
[controller_server-10] [WARN] [1773805005.065688990] [controller_server]: Optimizer fail to compute path
[controller_server-10] [INFO] [1773805005.103063158] [controller_server]: Passing new path to controller.
[controller_server-10] [INFO] [1773805005.104805215] [controller_server]: Optimizer reset
[controller_server-10] [INFO] [1773805005.105911463] [controller_server]: Optimizer reset
[controller_server-10] [WARN] [1773805005.105990794] [controller_server]: Optimizer fail to compute path
[controller_server-10] [INFO] [1773805005.204446038] [controller_server]: Optimizer reset
[controller_server-10] [INFO] [1773805005.205533037] [controller_server]: Optimizer reset
[controller_server-10] [WARN] [1773805005.205599243] [controller_server]: Optimizer fail to compute path
[INFO] [bash-27]: process has finished cleanly [pid 4661]
[INFO] [battery_manager_node-26]: sending signal 'SIGINT' to process[battery_manager_node-26]
[INFO] [autodock_action_server-25]: sending signal 'SIGINT' to process[autodock_action_server-25]
[INFO] [dock_coordinates-24]: sending signal 'SIGINT' to process[dock_coordinates-24]
[INFO] [rpc_run_node-23]: sending signal 'SIGINT' to process[rpc_run_node-23]
[INFO] [call_robot_button-22]: sending signal 'SIGINT' to process[call_robot_button-22]
[INFO] [robot_sound-21]: sending signal 'SIGINT' to process[robot_sound-21]
[INFO] [delivery_robot_main_controller-20]: sending signal 'SIGINT' to process[delivery_robot_main_controller-20]
[INFO] [dock_coordinates-24]: process has finished cleanly [pid 4547]
[INFO] [lifecycle_manager-19]: sending signal 'SIGINT' to process[lifecycle_manager-19]
[INFO] [collision_detector-18]: sending signal 'SIGINT' to process[collision_detector-18]
[INFO] [collision_monitor-17]: sending signal 'SIGINT' to process[collision_monitor-17]
[INFO] [velocity_smoother-16]: sending signal 'SIGINT' to process[velocity_smoother-16]
[INFO] [waypoint_follower-15]: sending signal 'SIGINT' to process[waypoint_follower-15]
[INFO] [bt_navigator-14]: sending signal 'SIGINT' to process[bt_navigator-14]
[INFO] [behavior_server-13]: sending signal 'SIGINT' to process[behavior_server-13]
[INFO] [planner_server-12]: sending signal 'SIGINT' to process[planner_server-12]
[INFO] [smoother_server-11]: sending signal 'SIGINT' to process[smoother_server-11]
[INFO] [controller_server-10]: sending signal 'SIGINT' to process[controller_server-10]
[INFO] [costmap_filter_info_server-9]: sending signal 'SIGINT' to process[costmap_filter_info_server-9]
[INFO] [map_server-8]: sending signal 'SIGINT' to process[map_server-8]
[INFO] [taskset-7]: sending signal 'SIGINT' to process[taskset-7]
[INFO] [robot_hardware-6]: sending signal 'SIGINT' to process[robot_hardware-6]
[INFO] [ekf_node-5]: sending signal 'SIGINT' to process[ekf_node-5]
[INFO] [scan_to_scan_filter_chain-4]: sending signal 'SIGINT' to process[scan_to_scan_filter_chain-4]
[INFO] [rplidar_node-3]: sending signal 'SIGINT' to process[rplidar_node-3]
[INFO] [joint_state_publisher-2]: sending signal 'SIGINT' to process[joint_state_publisher-2]
[INFO] [robot_state_publisher-1]: sending signal 'SIGINT' to process[robot_state_publisher-1]
[controller_server-10] [INFO] [1773805005.303051776] [controller_server]: Passing new path to controller.
[controller_server-10] [INFO] [1773805005.304715086] [controller_server]: Optimizer reset
[controller_server-10] [INFO] [1773805005.305783711] [controller_server]: Optimizer reset
[controller_server-10] [WARN] [1773805005.305828917] [controller_server]: Optimizer fail to compute path
[controller_server-10] [INFO] [1773805005.403055709] [controller_server]: Passing new path to controller.
[controller_server-10] [INFO] [1773805005.404732436] [controller_server]: Optimizer reset
[controller_server-10] [INFO] [1773805005.405785603] [controller_server]: Optimizer reset
[controller_server-10] [WARN] [1773805005.405835184] [controller_server]: Optimizer fail to compute path
[controller_server-10] [INFO] [1773805005.503053226] [controller_server]: Passing new path to controller.
[controller_server-10] [INFO] [1773805005.504727911] [controller_server]: Optimizer reset
[controller_server-10] [INFO] [1773805005.505776995] [controller_server]: Optimizer reset
[controller_server-10] [WARN] [1773805005.505820743] [controller_server]: Optimizer fail to compute path
[controller_server-10] [INFO] [1773805005.603046952] [controller_server]: Passing new path to controller.
[controller_server-10] [INFO] [1773805005.604734178] [controller_server]: Optimizer reset
[controller_server-10] [INFO] [1773805005.605827010] [controller_server]: Optimizer reset
[controller_server-10] [WARN] [1773805005.605900507] [controller_server]: Optimizer fail to compute path
[controller_server-10] [INFO] [1773805005.704433332] [controller_server]: Optimizer reset
[controller_server-10] [INFO] [1773805005.705505456] [controller_server]: Optimizer reset
[controller_server-10] [WARN] [1773805005.705555330] [controller_server]: Optimizer fail to compute path
[controller_server-10] [INFO] [1773805005.803052778] [controller_server]: Passing new path to controller.
[controller_server-10] [INFO] [1773805005.804730962] [controller_server]: Optimizer reset
[controller_server-10] [INFO] [1773805005.805786754] [controller_server]: Optimizer reset
[controller_server-10] [WARN] [1773805005.805834294] [controller_server]: Optimizer fail to compute path
[controller_server-10] [INFO] [1773805005.903051170] [controller_server]: Passing new path to controller.
[controller_server-10] [INFO] [1773805005.904740437] [controller_server]: Optimizer reset
[controller_server-10] [INFO] [1773805005.905793313] [controller_server]: Optimizer reset
[controller_server-10] [WARN] [1773805005.905836478] [controller_server]: Optimizer fail to compute path
[controller_server-10] [INFO] [1773805006.003053062] [controller_server]: Passing new path to controller.
[controller_server-10] [INFO] [1773805006.004724538] [controller_server]: Optimizer reset
[controller_server-10] [INFO] [1773805006.005778580] [controller_server]: Optimizer reset
[controller_server-10] [WARN] [1773805006.005822620] [controller_server]: Optimizer fail to compute path
[controller_server-10] [ERROR] [1773805006.005863452] [controller_server]: Controller patience exceeded
[controller_server-10] [INFO] [1773805006.006360141] [controller_server]: Optimizer reset
[controller_server-10] [WARN] [1773805006.006380265] [controller_server]: [follow_path] [ActionServer] Aborting handle.
[controller_server-10] [INFO] [1773805006.031485661] [local_costmap.local_costmap]: Received request to clear entirely the local_costmap
[controller_server-10] [INFO] [1773805006.034200097] [local_costmap.local_costmap]: KeepoutFilter: Subscribing to "/keepout_costmap_filter_info" topic for filter info...
[controller_server-10] [INFO] [1773805006.037551216] [local_costmap.local_costmap]: KeepoutFilter: Received filter info from /keepout_costmap_filter_info topic.
[controller_server-10] [INFO] [1773805006.037643088] [local_costmap.local_costmap]: KeepoutFilter: Subscribing to "/keepout_filter_mask" topic for filter mask...
[controller_server-10] [INFO] [1773805006.046290084] [local_costmap.local_costmap]: Received request to clear entirely the local_costmap
[controller_server-10] [INFO] [1773805006.051193976] [local_costmap.local_costmap]: KeepoutFilter: Subscribing to "/keepout_costmap_filter_info" topic for filter info...
[controller_server-10] [INFO] [1773805006.062517201] [local_costmap.local_costmap]: KeepoutFilter: Received filter info from /keepout_costmap_filter_info topic.
[controller_server-10] [INFO] [1773805006.062568241] [local_costmap.local_costmap]: KeepoutFilter: Subscribing to "/keepout_filter_mask" topic for filter mask...
[controller_server-10] [WARN] [1773805006.089066291] [local_costmap.local_costmap]: KeepoutFilter: New filter mask arrived from /keepout_filter_mask topic. Updating old filter mask.
[planner_server-12] [INFO] [1773805006.037374473] [global_costmap.global_costmap]: Received request to clear entirely the global_costmap
[planner_server-12] [INFO] [1773805006.041381234] [global_costmap.global_costmap]: KeepoutFilter: Subscribing to "/keepout_costmap_filter_info" topic for filter info...
[planner_server-12] [INFO] [1773805006.052945949] [global_costmap.global_costmap]: KeepoutFilter: Received filter info from /keepout_costmap_filter_info topic.
[planner_server-12] [INFO] [1773805006.053083611] [global_costmap.global_costmap]: KeepoutFilter: Subscribing to "/keepout_filter_mask" topic for filter mask...
[planner_server-12] [INFO] [1773805006.056232613] [global_costmap.global_costmap]: Received request to clear entirely the global_costmap
[planner_server-12] [INFO] [1773805006.060362160] [global_costmap.global_costmap]: KeepoutFilter: Subscribing to "/keepout_costmap_filter_info" topic for filter info...
[planner_server-12] [INFO] [1773805006.071247027] [global_costmap.global_costmap]: KeepoutFilter: Received filter info from /keepout_costmap_filter_info topic.
[planner_server-12] [INFO] [1773805006.071294275] [global_costmap.global_costmap]: KeepoutFilter: Subscribing to "/keepout_filter_mask" topic for filter mask...
[planner_server-12] [WARN] [1773805006.103938961] [global_costmap.global_costmap]: KeepoutFilter: New filter mask arrived from /keepout_filter_mask topic. Updating old filter mask.
[planner_server-12] [WARN] [1773805006.447026498] [planner_server]: Planner loop missed its desired rate of 5.0000 Hz. Current loop rate is 2.6236 Hz
[battery_manager_node-26] Traceback (most recent call last):
[battery_manager_node-26]   File "/home/smr/workspaces/mini_amr/amrROS2_ws/install/battery_management/lib/battery_management/battery_manager_node", line 33, in <module>
[battery_manager_node-26]     sys.exit(load_entry_point('battery-management==0.0.0', 'console_scripts', 'battery_manager_node')())
[battery_manager_node-26]              ^^^^^^^^^^^^^^^^^^^^^^^^^^^^^^^^^^^^^^^^^^^^^^^^^^^^^^^^^^^^^^^^^^^^^^^^^^^^^^^^^^^^^^^^^^
[battery_manager_node-26]   File "/home/smr/workspaces/mini_amr/amrROS2_ws/install/battery_management/lib/python3.12/site-packages/battery_management/battery_manager_node.py", line 311, in main
[battery_manager_node-26]     rclpy.spin(node)
[battery_manager_node-26]   File "/opt/ros/jazzy/lib/python3.12/site-packages/rclpy/__init__.py", line 247, in spin
[battery_manager_node-26]     executor.spin_once()
[battery_manager_node-26]   File "/opt/ros/jazzy/lib/python3.12/site-packages/rclpy/executors.py", line 845, in spin_once
[battery_manager_node-26]     self._spin_once_impl(timeout_sec)
[battery_manager_node-26]   File "/opt/ros/jazzy/lib/python3.12/site-packages/rclpy/executors.py", line 829, in _spin_once_impl
[battery_manager_node-26]     handler, entity, node = self.wait_for_ready_callbacks(
[battery_manager_node-26]                             ^^^^^^^^^^^^^^^^^^^^^^^^^^^^^^
[battery_manager_node-26]   File "/opt/ros/jazzy/lib/python3.12/site-packages/rclpy/executors.py", line 799, in wait_for_ready_callbacks
[battery_manager_node-26]     return next(self._cb_iter)
[battery_manager_node-26]            ^^^^^^^^^^^^^^^^^^^
[battery_manager_node-26]   File "/opt/ros/jazzy/lib/python3.12/site-packages/rclpy/executors.py", line 703, in _wait_for_ready_callbacks
[battery_manager_node-26]     wait_set.wait(timeout_nsec)
[battery_manager_node-26] KeyboardInterrupt
[controller_server-10] [INFO] [1773805006.463017666] [controller_server]: Received a goal, begin computing control effort.
[controller_server-10] [INFO] [1773805006.469138053] [controller_server]: Optimizer reset
[dock_coordinates-24] [INFO] [1773805006.463411109] [rclcpp]: signal_handler(signum=2)
[rpc_run_node-23] [0m[INFO] [1773805006.474034945] [rpc_run_node]: RPC run node stopped by user.[0m
[rpc_run_node-23] Failed to publish log message to rosout: publisher's context is invalid, at ./src/rcl/publisher.c:423
[controller_server-10] [INFO] [1773805006.473193520] [controller_server]: Optimizer reset
[controller_server-10] [WARN] [1773805006.473378429] [controller_server]: Optimizer fail to compute path
[rpc_run_node-23] 2026-03-18 10:36:46,477 [INFO] RPCServer stopped.
[call_robot_button-22] [0m[INFO] [1773805006.478760636] [call_robot_button_node]: CallRobotButton interrupted by user.[0m
[call_robot_button-22] Failed to publish log message to rosout: publisher's context is invalid, at ./src/rcl/publisher.c:423
[robot_sound-21] [0m[INFO] [1773805006.489187021] [robot_sound_node]: 🔚 robot_sound_node stopped by user.[0m
[robot_sound-21] Failed to publish log message to rosout: publisher's context is invalid, at ./src/rcl/publisher.c:423
[delivery_robot_main_controller-20] [0m[INFO] [1773805006.530210379] [main_controller_node]: Node stopped by user.[0m
[delivery_robot_main_controller-20] Failed to publish log message to rosout: publisher's context is invalid, at ./src/rcl/publisher.c:423
[lifecycle_manager-19] [INFO] [1773805006.524675054] [rclcpp]: signal_handler(signum=2)
[lifecycle_manager-19] [INFO] [1773805006.524865213] [lifecycle_manager_navigation]: Running Nav2 LifecycleManager rcl preshutdown (lifecycle_manager_navigation)
[lifecycle_manager-19] [INFO] [1773805006.524925002] [lifecycle_manager_navigation]: [34m[1mTerminating bond timer...[0m[0m
[collision_detector-18] [INFO] [1773805006.544928472] [rclcpp]: signal_handler(signum=2)
[collision_detector-18] [INFO] [1773805006.545425453] [collision_detector]: Running Nav2 LifecycleNode rcl preshutdown (collision_detector)
[collision_detector-18] [INFO] [1773805006.545723233] [collision_detector]: Deactivating
[collision_detector-18] [INFO] [1773805006.545793230] [collision_detector]: Destroying bond (collision_detector) to lifecycle manager.
[collision_monitor-17] [INFO] [1773805006.572849508] [rclcpp]: signal_handler(signum=2)
[collision_monitor-17] [INFO] [1773805006.572981628] [collision_monitor]: Running Nav2 LifecycleNode rcl preshutdown (collision_monitor)
[collision_monitor-17] [INFO] [1773805006.573068250] [collision_monitor]: Deactivating
[collision_monitor-17] [INFO] [1773805006.573089832] [collision_monitor]: Destroying bond (collision_monitor) to lifecycle manager.
[controller_server-10] [INFO] [1773805006.586655303] [controller_server]: Optimizer reset
[controller_server-10] [INFO] [1773805006.597653916] [controller_server]: Optimizer reset
[controller_server-10] [WARN] [1773805006.597807035] [controller_server]: Optimizer fail to compute path
[collision_detector-18] [INFO] [1773805006.586733467] [collision_detector]: Cleaning up
[collision_detector-18] [INFO] [1773805006.586816005] [collision_monitor]: [PolygonStop]: Destroying Circle
[collision_detector-18] [INFO] [1773805006.586834380] [collision_monitor]: [PolygonStop]: Destroying Polygon
[collision_detector-18] [INFO] [1773805006.586880461] [collision_monitor]: [PolygonSlow]: Destroying Polygon
[collision_detector-18] [INFO] [1773805006.586902335] [collision_monitor]: [scan]: Destroying Scan
[collision_monitor-17] [INFO] [1773805006.593519702] [collision_monitor]: Cleaning up
[collision_monitor-17] [INFO] [1773805006.593617990] [collision_monitor]: [PolygonStop]: Destroying Circle
[collision_monitor-17] [INFO] [1773805006.593636948] [collision_monitor]: [PolygonStop]: Destroying Polygon
[collision_monitor-17] [INFO] [1773805006.593650655] [collision_monitor]: [PolygonSlow]: Destroying Polygon
[collision_monitor-17] [INFO] [1773805006.593710153] [collision_monitor]: [FootprintApproach]: Destroying Polygon
[collision_monitor-17] [INFO] [1773805006.593727944] [collision_monitor]: [scan]: Destroying Scan
[collision_monitor-17] [INFO] [1773805006.600870291] [collision_monitor]: Destroying bond (collision_monitor) to lifecycle manager.
[velocity_smoother-16] [INFO] [1773805006.597221391] [rclcpp]: signal_handler(signum=2)
[velocity_smoother-16] [INFO] [1773805006.597405426] [velocity_smoother]: Running Nav2 LifecycleNode rcl preshutdown (velocity_smoother)
[velocity_smoother-16] [INFO] [1773805006.597484756] [velocity_smoother]: Deactivating
[velocity_smoother-16] [INFO] [1773805006.597510130] [velocity_smoother]: Destroying bond (velocity_smoother) to lifecycle manager.
[velocity_smoother-16] [INFO] [1773805006.607927182] [velocity_smoother]: Cleaning up
[velocity_smoother-16] [INFO] [1773805006.607991638] [velocity_smoother]: Destroying bond (velocity_smoother) to lifecycle manager.
[collision_detector-18] [INFO] [1773805006.606248706] [collision_detector]: Destroying bond (collision_detector) to lifecycle manager.
[waypoint_follower-15] [INFO] [1773805006.627579207] [rclcpp]: signal_handler(signum=2)
[waypoint_follower-15] [INFO] [1773805006.627814282] [waypoint_follower]: Running Nav2 LifecycleNode rcl preshutdown (waypoint_follower)
[waypoint_follower-15] [INFO] [1773805006.627904695] [waypoint_follower]: Deactivating
[waypoint_follower-15] [INFO] [1773805006.627938527] [waypoint_follower]: Destroying bond (waypoint_follower) to lifecycle manager.
[waypoint_follower-15] [INFO] [1773805006.638364037] [waypoint_follower]: Cleaning up
[bt_navigator-14] [INFO] [1773805006.652544026] [rclcpp]: signal_handler(signum=2)
[bt_navigator-14] [INFO] [1773805006.652686937] [bt_navigator]: Running Nav2 LifecycleNode rcl preshutdown (bt_navigator)
[bt_navigator-14] [INFO] [1773805006.652885262] [bt_navigator]: Deactivating
[bt_navigator-14] [WARN] [1773805006.652918219] [bt_navigator]: [navigate_through_poses] [ActionServer] Requested to deactivate server but goal is still executing. Should check if action server is running before deactivating.
[controller_server-10] [INFO] [1773805006.663383103] [controller_server]: Cancellation was successful. Stopping the robot.
[controller_server-10] [WARN] [1773805006.663494224] [controller_server]: [follow_path] [ActionServer] Aborting handle.
[controller_server-10] [INFO] [1773805006.664176989] [controller_server]: [follow_path] [ActionServer] Client requested to cancel the goal. Cancelling.
[controller_server-10] [INFO] [1773805006.666225284] [controller_server]: Optimizer reset
[bt_navigator-14] [WARN] [1773805006.665065371] [bt_navigator]: [navigate_through_poses] [ActionServer] Aborting handle.
[bt_navigator-14] [INFO] [1773805006.666052040] [bt_navigator]: Goal canceled
[bt_navigator-14] [WARN] [1773805006.666260574] [bt_navigator]: [navigate_through_poses] [ActionServer] Stopping the thread per request.
[bt_navigator-14] [INFO] [1773805006.666457150] [bt_navigator]: Destroying bond (bt_navigator) to lifecycle manager.
[behavior_server-13] [INFO] [1773805006.668270079] [rclcpp]: signal_handler(signum=2)
[behavior_server-13] [INFO] [1773805006.668346784] [behavior_server]: Running Nav2 LifecycleNode rcl preshutdown (behavior_server)
[behavior_server-13] [INFO] [1773805006.668455280] [behavior_server]: Deactivating
[behavior_server-13] [INFO] [1773805006.668481237] [behavior_server]: Destroying bond (behavior_server) to lifecycle manager.
[bt_navigator-14] [INFO] [1773805006.676906867] [bt_navigator]: Cleaning up
[planner_server-12] [INFO] [1773805006.677147774] [rclcpp]: signal_handler(signum=2)
[planner_server-12] [INFO] [1773805006.677241687] [planner_server]: Running Nav2 LifecycleNode rcl preshutdown (planner_server)
[planner_server-12] [INFO] [1773805006.677329767] [planner_server]: Deactivating
[planner_server-12] [INFO] [1773805006.677363891] [global_costmap.global_costmap]: Deactivating
[behavior_server-13] [INFO] [1773805006.678860083] [behavior_server]: Cleaning up
[behavior_server-13] [INFO] [1773805006.683627188] [behavior_server]: Destroying bond (behavior_server) to lifecycle manager.
[smoother_server-11] [INFO] [1773805006.695659136] [rclcpp]: signal_handler(signum=2)
[smoother_server-11] [INFO] [1773805006.695830046] [smoother_server]: Running Nav2 LifecycleNode rcl preshutdown (smoother_server)
[smoother_server-11] [INFO] [1773805006.695924542] [smoother_server]: Deactivating
[smoother_server-11] [INFO] [1773805006.695944375] [smoother_server]: Destroying bond (smoother_server) to lifecycle manager.
[controller_server-10] [INFO] [1773805006.706312720] [rclcpp]: signal_handler(signum=2)
[controller_server-10] [INFO] [1773805006.706392926] [controller_server]: Running Nav2 LifecycleNode rcl preshutdown (controller_server)
[controller_server-10] [INFO] [1773805006.706489755] [controller_server]: Deactivating
[controller_server-10] [INFO] [1773805006.706578710] [MPPIController]: Deactivated MPPI Controller: FollowPath
[controller_server-10] [INFO] [1773805006.706601751] [local_costmap.local_costmap]: Deactivating
[waypoint_follower-15] [INFO] [1773805006.711676261] [waypoint_follower]: Destroying bond (waypoint_follower) to lifecycle manager.
[costmap_filter_info_server-9] [INFO] [1773805006.715981968] [rclcpp]: signal_handler(signum=2)
[costmap_filter_info_server-9] [INFO] [1773805006.716164253] [keepout_costmap_filter_info_server]: Running Nav2 LifecycleNode rcl preshutdown (keepout_costmap_filter_info_server)
[costmap_filter_info_server-9] [INFO] [1773805006.716264874] [keepout_costmap_filter_info_server]: Deactivating
[costmap_filter_info_server-9] [INFO] [1773805006.716280915] [keepout_costmap_filter_info_server]: Destroying bond (keepout_costmap_filter_info_server) to lifecycle manager.
[smoother_server-11] [INFO] [1773805006.716809686] [smoother_server]: Cleaning up
[collision_detector-18] [INFO] [1773805006.729209119] [collision_detector]: Destroying
[collision_monitor-17] [INFO] [1773805006.742029703] [collision_monitor]: Destroying
[controller_server-10] [INFO] [1773805006.754394429] [controller_server]: Destroying bond (controller_server) to lifecycle manager.
[costmap_filter_info_server-9] [INFO] [1773805006.776664352] [keepout_costmap_filter_info_server]: Cleaning up
[costmap_filter_info_server-9] [INFO] [1773805006.776727641] [keepout_costmap_filter_info_server]: Destroying bond (keepout_costmap_filter_info_server) to lifecycle manager.
[velocity_smoother-16] [INFO] [1773805006.792173122] [velocity_smoother]: Destroying
[controller_server-10] [INFO] [1773805006.795313666] [controller_server]: Cleaning up
[controller_server-10] [INFO] [1773805006.795605322] [MPPIController]: Cleaned up MPPI Controller: FollowPath
[controller_server-10] [INFO] [1773805006.795966391] [local_costmap.local_costmap]: Cleaning up
[smoother_server-11] [INFO] [1773805006.815845907] [smoother_server]: Destroying bond (smoother_server) to lifecycle manager.
[map_server-8] [INFO] [1773805006.825917056] [rclcpp]: signal_handler(signum=2)
[map_server-8] [INFO] [1773805006.826090591] [keepout_filter_mask_server]: Running Nav2 LifecycleNode rcl preshutdown (keepout_filter_mask_server)
[map_server-8] [INFO] [1773805006.826177796] [keepout_filter_mask_server]: Deactivating
[map_server-8] [INFO] [1773805006.826194712] [keepout_filter_mask_server]: Destroying bond (keepout_filter_mask_server) to lifecycle manager.
[planner_server-12] [INFO] [1773805006.829772448] [planner_server]: Deactivating plugin GridBased of type SmacPlanner2D
[planner_server-12] [INFO] [1773805006.829832529] [planner_server]: Destroying bond (planner_server) to lifecycle manager.
[smoother_server-11] [INFO] [1773805006.844451750] [smoother_server]: Destroying
[map_server-8] [INFO] [1773805006.846882405] [keepout_filter_mask_server]: Cleaning up
[map_server-8] [INFO] [1773805006.847060315] [keepout_filter_mask_server]: Destroying bond (keepout_filter_mask_server) to lifecycle manager.
[map_server-8] [INFO] [1773805007.074230623] [keepout_filter_mask_server]: Destroying
[behavior_server-13] [INFO] [1773805006.854200037] [behavior_server]: Destroying
[planner_server-12] [INFO] [1773805006.870383406] [planner_server]: Cleaning up
[planner_server-12] [INFO] [1773805006.919115797] [global_costmap.global_costmap]: Cleaning up
[planner_server-12] [INFO] [1773805006.995203121] [planner_server]: Cleaning up plugin GridBased of type SmacPlanner2D
[planner_server-12] [INFO] [1773805006.998149423] [planner_server]: Destroying plugin GridBased of type SmacPlanner2D
[taskset-7] [INFO] [1773805006.943741128] [rclcpp]: signal_handler(signum=2)
[taskset-7] Unregistering sensor: Custom Described Lidar
[costmap_filter_info_server-9] [INFO] [1773805006.973287559] [keepout_costmap_filter_info_server]: Destroying
[waypoint_follower-15] [INFO] [1773805007.039543184] [waypoint_follower]: Destroying
[controller_server-10] [INFO] [1773805007.099027156] [controller_server]: Destroying bond (controller_server) to lifecycle manager.
[controller_server-10] [INFO] [1773805007.122134422] [local_costmap.local_costmap]: Destroying
[robot_hardware-6] [INFO] [1773805007.197207369] [rclcpp]: signal_handler(signum=2)
[lifecycle_manager-19] [INFO] [1773805007.267324801] [lifecycle_manager_navigation]: Destroying lifecycle_manager_navigation
[controller_server-10] [INFO] [1773805007.287660758] [controller_server]: Destroying
[planner_server-12] [INFO] [1773805007.307208371] [planner_server]: Destroying bond (planner_server) to lifecycle manager.
[ekf_node-5] [INFO] [1773805007.309923390] [rclcpp]: signal_handler(signum=2)
[planner_server-12] [INFO] [1773805007.317255021] [global_costmap.global_costmap]: Destroying
[scan_to_scan_filter_chain-4] [INFO] [1773805007.327891106] [rclcpp]: signal_handler(signum=2)
[robot_state_publisher-1] [INFO] [1773805007.422467626] [rclcpp]: signal_handler(signum=2)
[planner_server-12] [INFO] [1773805007.476300194] [planner_server]: Destroying
[rplidar_node-3] [INFO] [1773805007.535592840] [rplidar_node]: Stop motor
[autodock_action_server-25] Traceback (most recent call last):
[autodock_action_server-25]   File "/home/smr/workspaces/mini_amr/amrROS2_ws/install/action_autodock/lib/python3.12/site-packages/action_autodock/autodock_action_server.py", line 1409, in main
[autodock_action_server-25]     executor.spin()
[autodock_action_server-25]   File "/opt/ros/jazzy/lib/python3.12/site-packages/rclpy/executors.py", line 312, in spin
[autodock_action_server-25]     self.spin_once()
[autodock_action_server-25]   File "/opt/ros/jazzy/lib/python3.12/site-packages/rclpy/executors.py", line 917, in spin_once
[autodock_action_server-25]     self._spin_once_impl(timeout_sec)
[autodock_action_server-25]   File "/opt/ros/jazzy/lib/python3.12/site-packages/rclpy/executors.py", line 896, in _spin_once_impl
[autodock_action_server-25]     handler, entity, node = self.wait_for_ready_callbacks(
[autodock_action_server-25]                             ^^^^^^^^^^^^^^^^^^^^^^^^^^^^^^
[autodock_action_server-25]   File "/opt/ros/jazzy/lib/python3.12/site-packages/rclpy/executors.py", line 799, in wait_for_ready_callbacks
[autodock_action_server-25]     return next(self._cb_iter)
[autodock_action_server-25]            ^^^^^^^^^^^^^^^^^^^
[autodock_action_server-25]   File "/opt/ros/jazzy/lib/python3.12/site-packages/rclpy/executors.py", line 703, in _wait_for_ready_callbacks
[autodock_action_server-25]     wait_set.wait(timeout_nsec)
[autodock_action_server-25] KeyboardInterrupt
[autodock_action_server-25] 
[autodock_action_server-25] During handling of the above exception, another exception occurred:
[autodock_action_server-25] 
[autodock_action_server-25] Traceback (most recent call last):
[autodock_action_server-25]   File "/home/smr/workspaces/mini_amr/amrROS2_ws/install/action_autodock/lib/action_autodock/autodock_action_server", line 33, in <module>
[autodock_action_server-25]     sys.exit(load_entry_point('action-autodock==0.0.0', 'console_scripts', 'autodock_action_server')())
[autodock_action_server-25]              ^^^^^^^^^^^^^^^^^^^^^^^^^^^^^^^^^^^^^^^^^^^^^^^^^^^^^^^^^^^^^^^^^^^^^^^^^^^^^^^^^^^^^^^^^
[autodock_action_server-25]   File "/home/smr/workspaces/mini_amr/amrROS2_ws/install/action_autodock/lib/python3.12/site-packages/action_autodock/autodock_action_server.py", line 1420, in main
[autodock_action_server-25]     rclpy.shutdown()   
[autodock_action_server-25]     ^^^^^^^^^^^^^^^^
[autodock_action_server-25]   File "/opt/ros/jazzy/lib/python3.12/site-packages/rclpy/__init__.py", line 134, in shutdown
[autodock_action_server-25]     _shutdown(context=context)
[autodock_action_server-25]   File "/opt/ros/jazzy/lib/python3.12/site-packages/rclpy/utilities.py", line 82, in shutdown
[autodock_action_server-25]     context.shutdown()
[autodock_action_server-25]   File "/opt/ros/jazzy/lib/python3.12/site-packages/rclpy/context.py", line 129, in shutdown
[autodock_action_server-25]     self.__context.shutdown()
[autodock_action_server-25] rclpy._rclpy_pybind11.RCLError: failed to shutdown: rcl_shutdown already called on the given context, at ./src/rcl/init.c:333
[delivery_robot_main_controller-20] Traceback (most recent call last):
[delivery_robot_main_controller-20]   File "/home/smr/workspaces/mini_amr/amrROS2_ws/install/delivery_robot_main_controller/lib/delivery_robot_main_controller/delivery_robot_main_controller", line 33, in <module>
[delivery_robot_main_controller-20]     sys.exit(load_entry_point('delivery-robot-main-controller==0.0.1', 'console_scripts', 'delivery_robot_main_controller')())
[delivery_robot_main_controller-20]              ^^^^^^^^^^^^^^^^^^^^^^^^^^^^^^^^^^^^^^^^^^^^^^^^^^^^^^^^^^^^^^^^^^^^^^^^^^^^^^^^^^^^^^^^^^^^^^^^^^^^^^^^^^^^^^^^
[delivery_robot_main_controller-20]   File "/home/smr/workspaces/mini_amr/amrROS2_ws/install/delivery_robot_main_controller/lib/python3.12/site-packages/delivery_robot_main_controller/main_controller_node.py", line 1714, in main
[delivery_robot_main_controller-20]     rclpy.shutdown()
[delivery_robot_main_controller-20]   File "/opt/ros/jazzy/lib/python3.12/site-packages/rclpy/__init__.py", line 134, in shutdown
[delivery_robot_main_controller-20]     _shutdown(context=context)
[delivery_robot_main_controller-20]   File "/opt/ros/jazzy/lib/python3.12/site-packages/rclpy/utilities.py", line 82, in shutdown
[delivery_robot_main_controller-20]     context.shutdown()
[delivery_robot_main_controller-20]   File "/opt/ros/jazzy/lib/python3.12/site-packages/rclpy/context.py", line 129, in shutdown
[delivery_robot_main_controller-20]     self.__context.shutdown()
[delivery_robot_main_controller-20] rclpy._rclpy_pybind11.RCLError: failed to shutdown: rcl_shutdown already called on the given context, at ./src/rcl/init.c:333
[bt_navigator-14] [INFO] [1773805007.648629390] [bt_navigator]: Completed Cleaning up
[bt_navigator-14] [INFO] [1773805007.650097291] [bt_navigator]: Destroying bond (bt_navigator) to lifecycle manager.
[rpc_run_node-23] Traceback (most recent call last):
[rpc_run_node-23]   File "/home/smr/workspaces/mini_amr/amrROS2_ws/install/delivery_robot_main_controller/lib/delivery_robot_main_controller/rpc_run_node", line 33, in <module>
[rpc_run_node-23]     sys.exit(load_entry_point('delivery-robot-main-controller==0.0.1', 'console_scripts', 'rpc_run_node')())
[rpc_run_node-23]              ^^^^^^^^^^^^^^^^^^^^^^^^^^^^^^^^^^^^^^^^^^^^^^^^^^^^^^^^^^^^^^^^^^^^^^^^^^^^^^^^^^^^^^^^^^^^^^
[rpc_run_node-23]   File "/home/smr/workspaces/mini_amr/amrROS2_ws/install/delivery_robot_main_controller/lib/python3.12/site-packages/delivery_robot_main_controller/rpc_run_node.py", line 57, in main
[rpc_run_node-23]     rclpy.shutdown()
[rpc_run_node-23]   File "/opt/ros/jazzy/lib/python3.12/site-packages/rclpy/__init__.py", line 134, in shutdown
[rpc_run_node-23]     _shutdown(context=context)
[rpc_run_node-23]   File "/opt/ros/jazzy/lib/python3.12/site-packages/rclpy/utilities.py", line 82, in shutdown
[rpc_run_node-23]     context.shutdown()
[rpc_run_node-23]   File "/opt/ros/jazzy/lib/python3.12/site-packages/rclpy/context.py", line 129, in shutdown
[rpc_run_node-23]     self.__context.shutdown()
[rpc_run_node-23] rclpy._rclpy_pybind11.RCLError: failed to shutdown: rcl_shutdown already called on the given context, at ./src/rcl/init.c:333
[robot_sound-21] Traceback (most recent call last):
[robot_sound-21]   File "/home/smr/workspaces/mini_amr/amrROS2_ws/install/delivery_robot_main_controller/lib/delivery_robot_main_controller/robot_sound", line 33, in <module>
[robot_sound-21]     sys.exit(load_entry_point('delivery-robot-main-controller==0.0.1', 'console_scripts', 'robot_sound')())
[robot_sound-21]              ^^^^^^^^^^^^^^^^^^^^^^^^^^^^^^^^^^^^^^^^^^^^^^^^^^^^^^^^^^^^^^^^^^^^^^^^^^^^^^^^^^^^^^^^^^^^^
[robot_sound-21]   File "/home/smr/workspaces/mini_amr/amrROS2_ws/install/delivery_robot_main_controller/lib/python3.12/site-packages/delivery_robot_main_controller/robot_sound.py", line 369, in main
[robot_sound-21]     rclpy.shutdown()
[robot_sound-21]   File "/opt/ros/jazzy/lib/python3.12/site-packages/rclpy/__init__.py", line 134, in shutdown
[robot_sound-21]     _shutdown(context=context)
[robot_sound-21]   File "/opt/ros/jazzy/lib/python3.12/site-packages/rclpy/utilities.py", line 82, in shutdown
[robot_sound-21]     context.shutdown()
[robot_sound-21]   File "/opt/ros/jazzy/lib/python3.12/site-packages/rclpy/context.py", line 129, in shutdown
[robot_sound-21]     self.__context.shutdown()
[robot_sound-21] rclpy._rclpy_pybind11.RCLError: failed to shutdown: rcl_shutdown already called on the given context, at ./src/rcl/init.c:333
[bt_navigator-14] [INFO] [1773805007.719698785] [bt_navigator]: Destroying
[call_robot_button-22] Traceback (most recent call last):
[call_robot_button-22]   File "/home/smr/workspaces/mini_amr/amrROS2_ws/install/delivery_robot_main_controller/lib/delivery_robot_main_controller/call_robot_button", line 33, in <module>
[call_robot_button-22]     sys.exit(load_entry_point('delivery-robot-main-controller==0.0.1', 'console_scripts', 'call_robot_button')())
[call_robot_button-22]              ^^^^^^^^^^^^^^^^^^^^^^^^^^^^^^^^^^^^^^^^^^^^^^^^^^^^^^^^^^^^^^^^^^^^^^^^^^^^^^^^^^^^^^^^^^^^^^^^^^^
[call_robot_button-22]   File "/home/smr/workspaces/mini_amr/amrROS2_ws/install/delivery_robot_main_controller/lib/python3.12/site-packages/delivery_robot_main_controller/call_button.py", line 251, in main
[call_robot_button-22]     rclpy.shutdown()
[call_robot_button-22]   File "/opt/ros/jazzy/lib/python3.12/site-packages/rclpy/__init__.py", line 134, in shutdown
[call_robot_button-22]     _shutdown(context=context)
[call_robot_button-22]   File "/opt/ros/jazzy/lib/python3.12/site-packages/rclpy/utilities.py", line 82, in shutdown
[call_robot_button-22]     context.shutdown()
[call_robot_button-22]   File "/opt/ros/jazzy/lib/python3.12/site-packages/rclpy/context.py", line 129, in shutdown
[call_robot_button-22]     self.__context.shutdown()
[call_robot_button-22] rclpy._rclpy_pybind11.RCLError: failed to shutdown: rcl_shutdown already called on the given context, at ./src/rcl/init.c:333
[ERROR] [rpc_run_node-23]: process has died [pid 4546, exit code 1, cmd '/home/smr/workspaces/mini_amr/amrROS2_ws/install/delivery_robot_main_controller/lib/delivery_robot_main_controller/rpc_run_node --ros-args -r __node:=rpc_run_node -r __ns:=/ -r /tf:=tf -r /tf_static:=tf_static'].
[ERROR] [call_robot_button-22]: process has died [pid 4545, exit code 1, cmd '/home/smr/workspaces/mini_amr/amrROS2_ws/install/delivery_robot_main_controller/lib/delivery_robot_main_controller/call_robot_button --ros-args -r __node:=call_robot_button_node -r __ns:=/ -r /tf:=tf -r /tf_static:=tf_static'].
[ERROR] [robot_sound-21]: process has died [pid 4544, exit code 1, cmd '/home/smr/workspaces/mini_amr/amrROS2_ws/install/delivery_robot_main_controller/lib/delivery_robot_main_controller/robot_sound --ros-args -r __node:=robot_sound_node -r __ns:=/ -r /tf:=tf -r /tf_static:=tf_static'].
[ERROR] [battery_manager_node-26]: process has died [pid 4549, exit code -2, cmd '/home/smr/workspaces/mini_amr/amrROS2_ws/install/battery_management/lib/battery_management/battery_manager_node --ros-args -r __node:=battery_manager -r __ns:=/ --params-file /home/smr/workspaces/mini_amr/amrROS2_ws/install/battery_management/share/battery_management/config/battery_manager.yaml -r /tf:=tf -r /tf_static:=tf_static'].
[INFO] [smoother_server-11]: process has finished cleanly [pid 4288]
[INFO] [collision_detector-18]: process has finished cleanly [pid 4299]
[INFO] [velocity_smoother-16]: process has finished cleanly [pid 4297]
[INFO] [collision_monitor-17]: process has finished cleanly [pid 4298]
[INFO] [behavior_server-13]: process has finished cleanly [pid 4294]
[INFO] [map_server-8]: process has finished cleanly [pid 4281]
[INFO] [costmap_filter_info_server-9]: process has finished cleanly [pid 4282]
[INFO] [waypoint_follower-15]: process has finished cleanly [pid 4296]
[INFO] [controller_server-10]: process has finished cleanly [pid 4287]
[INFO] [robot_hardware-6]: process has finished cleanly [pid 4279]
[INFO] [lifecycle_manager-19]: process has finished cleanly [pid 4300]
[INFO] [joint_state_publisher-2]: process has finished cleanly [pid 4275]
[INFO] [planner_server-12]: process has finished cleanly [pid 4293]
[INFO] [bt_navigator-14]: process has finished cleanly [pid 4295]
[ERROR] [autodock_action_server-25]: process has died [pid 4548, exit code 1, cmd '/home/smr/workspaces/mini_amr/amrROS2_ws/install/action_autodock/lib/action_autodock/autodock_action_server --ros-args -r __ns:=/ --params-file /home/smr/workspaces/mini_amr/amrROS2_ws/install/action_autodock/share/action_autodock/config/auto_dock_config.yaml --params-file /tmp/launch_params_q3akdem0 -r /tf:=tf -r /tf_static:=tf_static'].
[INFO] [taskset-7]: process has finished cleanly [pid 4280]
[INFO] [ekf_node-5]: process has finished cleanly [pid 4278]
[INFO] [scan_to_scan_filter_chain-4]: process has finished cleanly [pid 4277]
[INFO] [robot_state_publisher-1]: process has finished cleanly [pid 4274]
[INFO] [rplidar_node-3]: process has finished cleanly [pid 4276]
[ERROR] [delivery_robot_main_controller-20]: process[delivery_robot_main_controller-20] failed to terminate '5' seconds after receiving 'SIGINT', escalating to 'SIGTERM'
[INFO] [delivery_robot_main_controller-20]: sending signal 'SIGTERM' to process[delivery_robot_main_controller-20]
[ERROR] [delivery_robot_main_controller-20]: process[delivery_robot_main_controller-20] failed to terminate '10.0' seconds after receiving 'SIGTERM', escalating to 'SIGKILL'
[INFO] [delivery_robot_main_controller-20]: sending signal 'SIGKILL' to process[delivery_robot_main_controller-20]
[ERROR] [delivery_robot_main_controller-20]: process has died [pid 4543, exit code -9, cmd '/home/smr/workspaces/mini_amr/amrROS2_ws/install/delivery_robot_main_controller/lib/delivery_robot_main_controller/delivery_robot_main_controller --ros-args -r __node:=main_controller_node -r __ns:=/ --params-file /tmp/launch_params_n00ec4x0 -r /tf:=tf -r /tf_static:=tf_static'].
