[INFO] [launch]: All log files can be found below /home/smr/.ros/log/2026-03-18-15-44-06-450887-two-28623
[INFO] [launch]: Default logging verbosity is set to INFO
[INFO] [robot_state_publisher-1]: process started with pid [28640]
[INFO] [joint_state_publisher-2]: process started with pid [28641]
[INFO] [rplidar_node-3]: process started with pid [28642]
[INFO] [scan_to_scan_filter_chain-4]: process started with pid [28643]
[INFO] [ekf_node-5]: process started with pid [28644]
[INFO] [robot_hardware-6]: process started with pid [28645]
[INFO] [taskset-7]: process started with pid [28646]
[INFO] [map_server-8]: process started with pid [28647]
[INFO] [costmap_filter_info_server-9]: process started with pid [28652]
[INFO] [controller_server-10]: process started with pid [28653]
[INFO] [smoother_server-11]: process started with pid [28656]
[INFO] [planner_server-12]: process started with pid [28666]
[INFO] [behavior_server-13]: process started with pid [28668]
[INFO] [bt_navigator-14]: process started with pid [28681]
[INFO] [waypoint_follower-15]: process started with pid [28682]
[INFO] [velocity_smoother-16]: process started with pid [28686]
[INFO] [collision_monitor-17]: process started with pid [28719]
[INFO] [collision_detector-18]: process started with pid [28721]
[INFO] [lifecycle_manager-19]: process started with pid [28733]
[robot_hardware-6] Serial port opened at port /dev/teensy with baudrate 460800
[robot_hardware-6] Created receive data thread
[rplidar_node-3] [INFO] [1773823447.563826211] [rplidar_node]: RPLidar running on ROS2 package rplidar_ros. RPLIDAR SDK Version:2.1.0
[rplidar_node-3] [INFO] [1773823447.569712996] [rplidar_node]: RPLidar S/N: CEDCEDF9C7E29BCEA7E39EF25E0F4304
[rplidar_node-3] [INFO] [1773823447.569809534] [rplidar_node]: Firmware Ver: 1.02
[rplidar_node-3] [INFO] [1773823447.569842199] [rplidar_node]: Hardware Rev: 18
[rplidar_node-3] [INFO] [1773823447.570294849] [rplidar_node]: RPLidar health status : 0
[rplidar_node-3] [INFO] [1773823447.570816622] [rplidar_node]: RPLidar health status : OK.
[rplidar_node-3] [INFO] [1773823447.571282397] [rplidar_node]: Start
[planner_server-12] [INFO] [1773823447.653980000] [planner_server]: 
[planner_server-12] 	planner_server lifecycle node launched. 
[planner_server-12] 	Waiting on external lifecycle transitions to activate
[planner_server-12] 	See https://design.ros2.org/articles/node_lifecycle.html for more information.
[taskset-7] [INFO] [1773823447.662903799] [slam_toolbox]: Node using stack size 40000000
[rplidar_node-3] [INFO] [1773823447.712468405] [rplidar_node]: current scan mode: Sensitivity, sample rate: 32 Khz, max_distance: 30.0 m, scan frequency:10.0 Hz, 
[planner_server-12] [INFO] [1773823447.750054407] [planner_server]: Creating
[costmap_filter_info_server-9] [INFO] [1773823447.765111440] [costmap_filter_info_server]: This is costmap filter info publisher
[robot_state_publisher-1] [INFO] [1773823447.816595143] [robot_state_publisher]: Robot initialized
[costmap_filter_info_server-9] [INFO] [1773823447.817685644] [keepout_costmap_filter_info_server]: 
[costmap_filter_info_server-9] 	keepout_costmap_filter_info_server lifecycle node launched. 
[costmap_filter_info_server-9] 	Waiting on external lifecycle transitions to activate
[costmap_filter_info_server-9] 	See https://design.ros2.org/articles/node_lifecycle.html for more information.
[lifecycle_manager-19] [INFO] [1773823447.877023935] [lifecycle_manager_navigation]: Creating
[collision_monitor-17] [INFO] [1773823447.880527890] [collision_monitor]: 
[taskset-7] [INFO] [1773823447.884420331] [slam_toolbox]: Configuring
[collision_monitor-17] 	collision_monitor lifecycle node launched. 
[collision_monitor-17] 	Waiting on external lifecycle transitions to activate
[collision_monitor-17] 	See https://design.ros2.org/articles/node_lifecycle.html for more information.
[lifecycle_manager-19] [INFO] [1773823447.906453193] [lifecycle_manager_navigation]: [34m[1mCreating and initializing lifecycle service clients[0m[0m
[taskset-7] [INFO] [1773823447.940740565] [slam_toolbox]: Using solver plugin solver_plugins::CeresSolver
[robot_state_publisher-1] [WARN] [1773823447.953585679] [robot_state_publisher.rclcpp]: failed to send response to /robot_state_publisher/list_parameters (timeout): error not set, at ./src/rcl/service.c:400
[taskset-7] [INFO] [1773823447.963451527] [slam_toolbox]: CeresSolver: Using SCHUR_JACOBI preconditioner.
[behavior_server-13] [INFO] [1773823447.991760826] [behavior_server]: 
[bt_navigator-14] [INFO] [1773823447.992403928] [bt_navigator]: 
[bt_navigator-14] 	bt_navigator lifecycle node launched. 
[bt_navigator-14] 	Waiting on external lifecycle transitions to activate
[bt_navigator-14] 	See https://design.ros2.org/articles/node_lifecycle.html for more information.
[planner_server-12] [INFO] [1773823447.994296484] [global_costmap.global_costmap]: 
[planner_server-12] 	global_costmap lifecycle node launched. 
[planner_server-12] 	Waiting on external lifecycle transitions to activate
[planner_server-12] 	See https://design.ros2.org/articles/node_lifecycle.html for more information.
[planner_server-12] [INFO] [1773823447.997210711] [global_costmap.global_costmap]: Creating Costmap
[behavior_server-13] 	behavior_server lifecycle node launched. 
[behavior_server-13] 	Waiting on external lifecycle transitions to activate
[behavior_server-13] 	See https://design.ros2.org/articles/node_lifecycle.html for more information.
[controller_server-10] [INFO] [1773823448.020136623] [controller_server]: 
[controller_server-10] 	controller_server lifecycle node launched. 
[controller_server-10] 	Waiting on external lifecycle transitions to activate
[controller_server-10] 	See https://design.ros2.org/articles/node_lifecycle.html for more information.
[controller_server-10] [INFO] [1773823448.075159863] [controller_server]: Creating controller server
[smoother_server-11] [INFO] [1773823448.090563092] [smoother_server]: 
[smoother_server-11] 	smoother_server lifecycle node launched. 
[smoother_server-11] 	Waiting on external lifecycle transitions to activate
[smoother_server-11] 	See https://design.ros2.org/articles/node_lifecycle.html for more information.
[scan_to_scan_filter_chain-4] [WARN] [1773823448.108329026] [scan_to_scan_filter_chain.rclcpp]: failed to send response to /scan_to_scan_filter_chain/list_parameters (timeout): error not set, at ./src/rcl/service.c:400
[bt_navigator-14] [INFO] [1773823448.123327728] [bt_navigator]: Creating
[collision_detector-18] [INFO] [1773823448.155402306] [collision_detector]: 
[collision_detector-18] 	collision_detector lifecycle node launched. 
[collision_detector-18] 	Waiting on external lifecycle transitions to activate
[collision_detector-18] 	See https://design.ros2.org/articles/node_lifecycle.html for more information.
[velocity_smoother-16] [INFO] [1773823448.182983049] [velocity_smoother]: 
[velocity_smoother-16] 	velocity_smoother lifecycle node launched. 
[velocity_smoother-16] 	Waiting on external lifecycle transitions to activate
[velocity_smoother-16] 	See https://design.ros2.org/articles/node_lifecycle.html for more information.
[controller_server-10] [INFO] [1773823448.225101385] [local_costmap.local_costmap]: 
[controller_server-10] 	local_costmap lifecycle node launched. 
[controller_server-10] 	Waiting on external lifecycle transitions to activate
[controller_server-10] 	See https://design.ros2.org/articles/node_lifecycle.html for more information.
[smoother_server-11] [INFO] [1773823448.228400598] [smoother_server]: Creating smoother server
[controller_server-10] [INFO] [1773823448.244324724] [local_costmap.local_costmap]: Creating Costmap
[waypoint_follower-15] [INFO] [1773823448.243266013] [waypoint_follower]: 
[waypoint_follower-15] 	waypoint_follower lifecycle node launched. 
[waypoint_follower-15] 	Waiting on external lifecycle transitions to activate
[waypoint_follower-15] 	See https://design.ros2.org/articles/node_lifecycle.html for more information.
[waypoint_follower-15] [INFO] [1773823448.269856583] [waypoint_follower]: Creating
[map_server-8] [INFO] [1773823448.320306948] [keepout_filter_mask_server]: 
[map_server-8] 	keepout_filter_mask_server lifecycle node launched. 
[map_server-8] 	Waiting on external lifecycle transitions to activate
[map_server-8] 	See https://design.ros2.org/articles/node_lifecycle.html for more information.
[map_server-8] [INFO] [1773823448.326119069] [keepout_filter_mask_server]: Creating
[scan_to_scan_filter_chain-4] [WARN] [1773823448.518758448] [scan_to_scan_filter_chain]: diagnostic_updater: No HW_ID was set. This is probably a bug. Please report it. For devices that do not have a HW_ID, set this value to 'none'. This warning only occurs once all diagnostics are OK. It is okay to wait until the device is open before calling setHardwareID.
[rplidar_node-3] [INFO] [1773823448.543716620] [rplidar_node]: set lidar scan frequency to 10.0 Hz(600.0 Rpm) 
[lifecycle_manager-19] [INFO] [1773823448.608181056] [lifecycle_manager_navigation]: [34m[1mStarting managed nodes bringup...[0m[0m
[lifecycle_manager-19] [INFO] [1773823448.613489487] [lifecycle_manager_navigation]: [34m[1mConfiguring controller_server[0m[0m
[controller_server-10] [INFO] [1773823448.689078559] [controller_server]: Configuring controller interface
[controller_server-10] [INFO] [1773823448.689133099] [controller_server]: getting progress checker plugins..
[controller_server-10] [INFO] [1773823448.690932033] [controller_server]: getting goal checker plugins..
[controller_server-10] [INFO] [1773823448.691730879] [controller_server]: Controller frequency set to 10.0000Hz
[controller_server-10] [INFO] [1773823448.691814001] [local_costmap.local_costmap]: Configuring
[controller_server-10] [INFO] [1773823448.709526853] [local_costmap.local_costmap]: Using plugin "obstacle_layer"
[controller_server-10] [INFO] [1773823448.793934145] [local_costmap.local_costmap]: Subscribed to Topics: scan
[controller_server-10] [INFO] [1773823448.878405017] [local_costmap.local_costmap]: Initialized plugin "obstacle_layer"
[controller_server-10] [INFO] [1773823448.880586604] [local_costmap.local_costmap]: Using plugin "denoise_layer"
[controller_server-10] [INFO] [1773823448.904690807] [local_costmap.local_costmap]: Initialized plugin "denoise_layer"
[controller_server-10] [INFO] [1773823448.905170581] [local_costmap.local_costmap]: Using plugin "inflation_layer"
[controller_server-10] [INFO] [1773823448.917564211] [local_costmap.local_costmap]: Initialized plugin "inflation_layer"
[controller_server-10] [INFO] [1773823448.917653750] [local_costmap.local_costmap]: Using costmap filter "keepout_filter"
[controller_server-10] [INFO] [1773823448.930970180] [local_costmap.local_costmap]: Initialized costmap filter "keepout_filter"
[controller_server-10] [INFO] [1773823448.931030553] [local_costmap.local_costmap]: Using costmap filter "inflation_layer"
[controller_server-10] [INFO] [1773823448.931143132] [local_costmap.local_costmap]: Initialized costmap filter "inflation_layer"
[controller_server-10] [INFO] [1773823449.013736614] [controller_server]: Created progress_checker : progress_checker of type nav2_controller::SimpleProgressChecker
[controller_server-10] [INFO] [1773823449.017104075] [controller_server]: Controller Server has progress_checker  progress checkers available.
[controller_server-10] [INFO] [1773823449.017937919] [controller_server]: Created goal checker : goal_checker of type nav2_controller::SimpleGoalChecker
[controller_server-10] [INFO] [1773823449.023734874] [controller_server]: Controller Server has goal_checker  goal checkers available.
[controller_server-10] [INFO] [1773823449.026408193] [controller_server]: Created controller : FollowPath of type nav2_mppi_controller::MPPIController
[controller_server-10] [INFO] [1773823449.057794172] [controller_server]: Controller period is equal to model dt. Control sequence shifting is ON
[controller_server-10] [INFO] [1773823449.064261935] [controller_server]: ConstraintCritic instantiated with 1 power and 4.000000 weight.
[controller_server-10] [INFO] [1773823449.064356432] [controller_server]: Critic loaded : mppi::critics::ConstraintCritic
[controller_server-10] [INFO] [1773823449.071858699] [controller_server]: InflationCostCritic instantiated with 1 power and 300.000000 / 0.015000 weights. Critic will collision check based on footprint cost.
[controller_server-10] [INFO] [1773823449.071942405] [controller_server]: Critic loaded : mppi::critics::CostCritic
[controller_server-10] [INFO] [1773823449.074434605] [controller_server]: GoalCritic instantiated with 1 power and 5.000000 weight.
[controller_server-10] [INFO] [1773823449.074540768] [controller_server]: Critic loaded : mppi::critics::GoalCritic
[controller_server-10] [INFO] [1773823449.077207087] [controller_server]: GoalAngleCritic instantiated with 1 power, 3.000000 weight, and 0.500000 angular threshold.
[controller_server-10] [INFO] [1773823449.077284668] [controller_server]: Critic loaded : mppi::critics::GoalAngleCritic
[controller_server-10] [INFO] [1773823449.083344113] [controller_server]: ReferenceTrajectoryCritic instantiated with 1 power and 2.000000 weight
[controller_server-10] [INFO] [1773823449.083421694] [controller_server]: Critic loaded : mppi::critics::PathAlignCritic
[controller_server-10] [INFO] [1773823449.086985147] [controller_server]: Critic loaded : mppi::critics::PathFollowCritic
[controller_server-10] [INFO] [1773823449.093911394] [controller_server]: PathAngleCritic instantiated with 1 power and 1.500000 weight. Mode set to: Forward Preference
[controller_server-10] [INFO] [1773823449.093999765] [controller_server]: Critic loaded : mppi::critics::PathAngleCritic
[controller_server-10] [INFO] [1773823449.096253100] [controller_server]: PreferForwardCritic instantiated with 1 power and 10.000000 weight.
[controller_server-10] [INFO] [1773823449.096348471] [controller_server]: Critic loaded : mppi::critics::PreferForwardCritic
[controller_server-10] [INFO] [1773823449.098567682] [controller_server]: Optimizer reset
[controller_server-10] [INFO] [1773823449.109546781] [MPPIController]: Configured MPPI Controller: FollowPath
[controller_server-10] [INFO] [1773823449.109588779] [controller_server]: Controller Server has FollowPath  controllers available.
[lifecycle_manager-19] [INFO] [1773823449.134137174] [lifecycle_manager_navigation]: [34m[1mConfiguring smoother_server[0m[0m
[smoother_server-11] [INFO] [1773823449.134677904] [smoother_server]: Configuring smoother server
[smoother_server-11] [INFO] [1773823449.164224408] [smoother_server]: Created smoother : simple_smoother of type nav2_smoother::SimpleSmoother
[smoother_server-11] [INFO] [1773823449.170982953] [smoother_server]: Smoother Server has simple_smoother  smoothers available.
[lifecycle_manager-19] [INFO] [1773823449.198326871] [lifecycle_manager_navigation]: [34m[1mConfiguring planner_server[0m[0m
[planner_server-12] [INFO] [1773823449.199070302] [planner_server]: Configuring
[planner_server-12] [INFO] [1773823449.199312668] [global_costmap.global_costmap]: Configuring
[planner_server-12] [INFO] [1773823449.239280333] [global_costmap.global_costmap]: Using plugin "static_layer"
[planner_server-12] [INFO] [1773823449.273854695] [global_costmap.global_costmap]: Subscribing to the map topic (/map) with transient local durability
[planner_server-12] [INFO] [1773823449.279209499] [global_costmap.global_costmap]: Initialized plugin "static_layer"
[planner_server-12] [INFO] [1773823449.280283376] [global_costmap.global_costmap]: Using plugin "obstacle_layer"
[planner_server-12] [INFO] [1773823449.287796727] [global_costmap.global_costmap]: Subscribed to Topics: scan
[planner_server-12] [INFO] [1773823449.308408641] [global_costmap.global_costmap]: Initialized plugin "obstacle_layer"
[planner_server-12] [INFO] [1773823449.308530553] [global_costmap.global_costmap]: Using plugin "inflation_layer"
[planner_server-12] [INFO] [1773823449.317399229] [global_costmap.global_costmap]: Initialized plugin "inflation_layer"
[planner_server-12] [INFO] [1773823449.317514433] [global_costmap.global_costmap]: Using costmap filter "keepout_filter"
[planner_server-12] [INFO] [1773823449.326541186] [global_costmap.global_costmap]: Initialized costmap filter "keepout_filter"
[planner_server-12] [INFO] [1773823449.326631016] [global_costmap.global_costmap]: Using costmap filter "inflation_layer2"
[planner_server-12] [INFO] [1773823449.334536353] [global_costmap.global_costmap]: Initialized costmap filter "inflation_layer2"
[planner_server-12] [INFO] [1773823449.414516014] [planner_server]: Created global planner plugin GridBased of type nav2_smac_planner::SmacPlanner2D
[planner_server-12] [INFO] [1773823449.414619260] [planner_server]: Configuring GridBased of type SmacPlanner2D
[planner_server-12] [ERROR] [1773823449.423718053] [planner_server]: Inflation layer either not found or inflation is not set sufficiently for optimized non-circular collision checking capabilities. It is HIGHLY recommended to set the inflation radius to be at MINIMUM half of the robot's largest cross-section. See github.com/ros-planning/navigation2/tree/main/nav2_smac_planner#potential-fields for full instructions. This will substantially impact run-time performance.
[planner_server-12] [INFO] [1773823449.428952695] [planner_server]: Configured plugin GridBased of type SmacPlanner2D with tolerance 0.12, maximum iterations 1000000, max on approach iterations 1000, and not allowing unknown traversal.
[planner_server-12] [INFO] [1773823449.429056524] [planner_server]: Planner Server has GridBased  planners available.
[taskset-7] Load From File /home/smr/workspaces/mini_amr/amrROS2_ws/maps/latest_map.posegraph 
[taskset-7] Mapper <- Module
[taskset-7] Mapper <- m_pSequentialScanMatcher
[taskset-7] Mapper <- m_pGraph
[taskset-7] MapperGraph <- Graph; Graph <- m_Edges; Graph <- m_Vertices
[taskset-7] MapperGraph <- m_pMapper; MapperGraph <- m_pLoopScanMatcher; MapperGraph <- m_pTraversal
[taskset-7] Mapper <- m_pMapperSensorManager
[taskset-7] MapperSensorManager <- m_ScanManagers; MapperSensorManager <- m_Scans
[taskset-7] Mapper <- m_Listeners
[taskset-7] **Finished serializing Mapper**
[taskset-7] Load From File
[taskset-7] **Serializing Dataset**
[taskset-7] Dataset <- m_SensorNameLookup
[taskset-7] Dataset <- m_Data
[taskset-7] Dataset <- m_Lasers
[taskset-7] Dataset <- m_pDatasetInfo
[taskset-7] **Finished serializing Dataset**
[taskset-7] Registering sensor: [Custom Described Lidar]
[INFO] [launch.user]: [LifecycleLaunch] Slamtoolbox node is activating.
[taskset-7] WARNING: Logging before InitGoogleLogging() is written to STDERR
[taskset-7] W20260318 15:44:09.433482 28646 preprocessor.cc:67] Specified options.num_threads: 50 exceeds maximum available from the threading model Ceres was compiled with: 8.  Bounding to maximum number available.
[taskset-7] [INFO] [1773823449.461711206] [slam_toolbox]: Activating
[lifecycle_manager-19] [INFO] [1773823449.467372250] [lifecycle_manager_navigation]: [34m[1mConfiguring behavior_server[0m[0m
[behavior_server-13] [INFO] [1773823449.469601668] [behavior_server]: Configuring
[behavior_server-13] [INFO] [1773823449.500065722] [behavior_server]: Creating behavior plugin wait of type nav2_behaviors::Wait
[taskset-7] Registering sensor: [Custom Described Lidar]
[behavior_server-13] [INFO] [1773823449.536293482] [behavior_server]: Configuring wait
[lifecycle_manager-19] [INFO] [1773823449.563371701] [lifecycle_manager_navigation]: [34m[1mConfiguring velocity_smoother[0m[0m
[velocity_smoother-16] [INFO] [1773823449.563847975] [velocity_smoother]: Configuring velocity smoother
[lifecycle_manager-19] [INFO] [1773823449.594865592] [lifecycle_manager_navigation]: [34m[1mConfiguring collision_monitor[0m[0m
[collision_monitor-17] [INFO] [1773823449.596508490] [collision_monitor]: Configuring
[joint_state_publisher-2] [INFO] [1773823449.622051432] [joint_state_publisher]: Waiting for robot_description to be published on the robot_description topic...
[collision_monitor-17] [INFO] [1773823449.640576255] [collision_monitor]: [scan]: Creating Scan
[collision_monitor-17] [INFO] [1773823449.657289020] [collision_monitor]: [PolygonStop]: Creating Polygon
[collision_monitor-17] [INFO] [1773823449.657558218] [collision_monitor]: [PolygonStop]: Creating Circle
[collision_monitor-17] [INFO] [1773823449.681381264] [collision_monitor]: [PolygonSlow]: Creating Polygon
[collision_monitor-17] [INFO] [1773823449.704299010] [collision_monitor]: [FootprintApproach]: Creating Polygon
[collision_monitor-17] [INFO] [1773823449.705298807] [collision_monitor]: [FootprintApproach]: Polygon points are not defined. Using dynamic subscription instead.
[collision_monitor-17] [INFO] [1773823449.716745139] [collision_monitor]: [FootprintApproach]: Making footprint subscriber on /local_costmap/published_footprint topic
[lifecycle_manager-19] [INFO] [1773823449.741920011] [lifecycle_manager_navigation]: [34m[1mConfiguring collision_detector[0m[0m
[collision_detector-18] [INFO] [1773823449.742488740] [collision_detector]: Configuring
[collision_detector-18] [INFO] [1773823449.774073920] [collision_monitor]: [scan]: Creating Scan
[collision_detector-18] [INFO] [1773823449.780731843] [collision_monitor]: [PolygonStop]: Creating Polygon
[collision_detector-18] [INFO] [1773823449.781383111] [collision_monitor]: [PolygonStop]: Creating Circle
[collision_detector-18] [INFO] [1773823449.790411323] [collision_monitor]: [PolygonSlow]: Creating Polygon
[lifecycle_manager-19] [INFO] [1773823449.801729909] [lifecycle_manager_navigation]: [34m[1mConfiguring bt_navigator[0m[0m
[bt_navigator-14] [INFO] [1773823449.803635006] [bt_navigator]: Configuring
[bt_navigator-14] [INFO] [1773823449.831567194] [bt_navigator]: Creating navigator id navigate_to_pose of type nav2_bt_navigator::NavigateToPoseNavigator
[planner_server-12] [INFO] [1773823449.861554973] [global_costmap.global_costmap]: StaticLayer: Resizing costmap to 787 X 922 at 0.050000 m/pix
[bt_navigator-14] [INFO] [1773823449.976365946] [bt_navigator]: Creating navigator id navigate_through_poses of type nav2_bt_navigator::NavigateThroughPosesNavigator
[lifecycle_manager-19] [INFO] [1773823450.026122461] [lifecycle_manager_navigation]: [34m[1mConfiguring waypoint_follower[0m[0m
[waypoint_follower-15] [INFO] [1773823450.027569075] [waypoint_follower]: Configuring
[waypoint_follower-15] [INFO] [1773823450.082695561] [waypoint_follower]: Created waypoint_task_executor : wait_at_waypoint of type nav2_waypoint_follower::WaitAtWaypoint
[lifecycle_manager-19] [INFO] [1773823450.087359724] [lifecycle_manager_navigation]: [34m[1mConfiguring keepout_filter_mask_server[0m[0m
[map_server-8] [INFO] [1773823450.088212818] [keepout_filter_mask_server]: Configuring
[map_server-8] [INFO] [1773823450.088341730] [map_io]: Loading yaml file: /home/smr/workspaces/mini_amr/amrROS2_ws/maps/latest_map_keepout.yaml
[map_server-8] [INFO] [1773823450.088643302] [map_io]: resolution: 0.05
[map_server-8] [INFO] [1773823450.088656135] [map_io]: origin[0]: -26.12
[map_server-8] [INFO] [1773823450.088661676] [map_io]: origin[1]: -29.258
[map_server-8] [INFO] [1773823450.088685592] [map_io]: origin[2]: 0
[map_server-8] [INFO] [1773823450.088691134] [map_io]: free_thresh: 0.196
[map_server-8] [INFO] [1773823450.088695800] [map_io]: occupied_thresh: 0.65
[map_server-8] [INFO] [1773823450.088701925] [map_io]: mode: trinary
[map_server-8] [INFO] [1773823450.088707466] [map_io]: negate: 0
[map_server-8] [INFO] [1773823450.088925042] [map_io]: Loading image_file: /home/smr/workspaces/mini_amr/amrROS2_ws/maps/latest_map_keepout.pgm
[map_server-8] [INFO] [1773823450.101459250] [map_io]: Read map /home/smr/workspaces/mini_amr/amrROS2_ws/maps/latest_map_keepout.pgm: 787 X 922 map @ 0.05 m/cell
[lifecycle_manager-19] [INFO] [1773823450.121989792] [lifecycle_manager_navigation]: [34m[1mConfiguring keepout_costmap_filter_info_server[0m[0m
[costmap_filter_info_server-9] [INFO] [1773823450.123316535] [keepout_costmap_filter_info_server]: Configuring
[lifecycle_manager-19] [INFO] [1773823450.154695514] [lifecycle_manager_navigation]: [34m[1mActivating controller_server[0m[0m
[controller_server-10] [INFO] [1773823450.156014674] [controller_server]: Activating
[controller_server-10] [INFO] [1773823450.156106254] [local_costmap.local_costmap]: Activating
[controller_server-10] [INFO] [1773823450.156160794] [local_costmap.local_costmap]: Checking transform
[controller_server-10] [INFO] [1773823450.156336371] [local_costmap.local_costmap]: start
[controller_server-10] [INFO] [1773823450.157123550] [local_costmap.local_costmap]: KeepoutFilter: Subscribing to "/keepout_costmap_filter_info" topic for filter info...
[controller_server-10] [WARN] [1773823450.259186530] [local_costmap.local_costmap]: KeepoutFilter: Filter mask was not received
[controller_server-10] [WARN] [1773823450.262499159] [controller_server]: Parameter controller_server.verbose not found
[controller_server-10] [INFO] [1773823450.263046014] [controller_server]: Optimizer reset
[controller_server-10] [INFO] [1773823450.263376460] [MPPIController]: Activated MPPI Controller: FollowPath
[controller_server-10] [INFO] [1773823450.263408834] [controller_server]: Creating bond (controller_server) to lifecycle manager.
[lifecycle_manager-19] [INFO] [1773823450.376207671] [lifecycle_manager_navigation]: Server controller_server connected with bond.
[lifecycle_manager-19] [INFO] [1773823450.376356999] [lifecycle_manager_navigation]: [34m[1mActivating smoother_server[0m[0m
[smoother_server-11] [INFO] [1773823450.377534998] [smoother_server]: Activating
[smoother_server-11] [INFO] [1773823450.377615495] [smoother_server]: Creating bond (smoother_server) to lifecycle manager.
[lifecycle_manager-19] [INFO] [1773823450.486522766] [lifecycle_manager_navigation]: Server smoother_server connected with bond.
[lifecycle_manager-19] [INFO] [1773823450.486708259] [lifecycle_manager_navigation]: [34m[1mActivating planner_server[0m[0m
[planner_server-12] [INFO] [1773823450.488248786] [planner_server]: Activating
[planner_server-12] [INFO] [1773823450.488349116] [global_costmap.global_costmap]: Activating
[planner_server-12] [INFO] [1773823450.488391406] [global_costmap.global_costmap]: Checking transform
[planner_server-12] [INFO] [1773823450.488626189] [global_costmap.global_costmap]: start
[planner_server-12] [INFO] [1773823450.489493282] [global_costmap.global_costmap]: KeepoutFilter: Subscribing to "/keepout_costmap_filter_info" topic for filter info...
[planner_server-12] [WARN] [1773823451.033933683] [global_costmap.global_costmap]: KeepoutFilter: Filter mask was not received
[planner_server-12] [INFO] [1773823451.091977021] [planner_server]: Activating plugin GridBased of type SmacPlanner2D
[planner_server-12] [INFO] [1773823451.095123698] [planner_server]: Creating bond (planner_server) to lifecycle manager.
[lifecycle_manager-19] [INFO] [1773823451.207042901] [lifecycle_manager_navigation]: Server planner_server connected with bond.
[lifecycle_manager-19] [INFO] [1773823451.207233352] [lifecycle_manager_navigation]: [34m[1mActivating behavior_server[0m[0m
[behavior_server-13] [INFO] [1773823451.208856709] [behavior_server]: Activating
[behavior_server-13] [INFO] [1773823451.208937498] [behavior_server]: Activating wait
[behavior_server-13] [INFO] [1773823451.208983288] [behavior_server]: Creating bond (behavior_server) to lifecycle manager.
[lifecycle_manager-19] [INFO] [1773823451.320735080] [lifecycle_manager_navigation]: Server behavior_server connected with bond.
[lifecycle_manager-19] [INFO] [1773823451.321036361] [lifecycle_manager_navigation]: [34m[1mActivating velocity_smoother[0m[0m
[velocity_smoother-16] [INFO] [1773823451.322532556] [velocity_smoother]: Activating
[velocity_smoother-16] [INFO] [1773823451.322675759] [velocity_smoother]: Creating bond (velocity_smoother) to lifecycle manager.
[lifecycle_manager-19] [INFO] [1773823451.434522632] [lifecycle_manager_navigation]: Server velocity_smoother connected with bond.
[lifecycle_manager-19] [INFO] [1773823451.434649502] [lifecycle_manager_navigation]: [34m[1mActivating collision_monitor[0m[0m
[collision_monitor-17] [INFO] [1773823451.435587176] [collision_monitor]: Activating
[collision_monitor-17] [INFO] [1773823451.435779377] [collision_monitor]: Creating bond (collision_monitor) to lifecycle manager.
[lifecycle_manager-19] [INFO] [1773823451.548870162] [lifecycle_manager_navigation]: Server collision_monitor connected with bond.
[lifecycle_manager-19] [INFO] [1773823451.548967575] [lifecycle_manager_navigation]: [34m[1mActivating collision_detector[0m[0m
[collision_detector-18] [INFO] [1773823451.549629635] [collision_detector]: Activating
[collision_detector-18] [INFO] [1773823451.549778379] [collision_detector]: Creating bond (collision_detector) to lifecycle manager.
[lifecycle_manager-19] [INFO] [1773823451.689781139] [lifecycle_manager_navigation]: Server collision_detector connected with bond.
[lifecycle_manager-19] [INFO] [1773823451.689879136] [lifecycle_manager_navigation]: [34m[1mActivating bt_navigator[0m[0m
[bt_navigator-14] [INFO] [1773823451.690459239] [bt_navigator]: Activating
[bt_navigator-14] [INFO] [1773823451.822226800] [bt_navigator]: Creating bond (bt_navigator) to lifecycle manager.
[lifecycle_manager-19] [INFO] [1773823451.932237406] [lifecycle_manager_navigation]: Server bt_navigator connected with bond.
[lifecycle_manager-19] [INFO] [1773823451.932625017] [lifecycle_manager_navigation]: [34m[1mActivating waypoint_follower[0m[0m
[waypoint_follower-15] [INFO] [1773823451.935086886] [waypoint_follower]: Activating
[waypoint_follower-15] [INFO] [1773823451.935310586] [waypoint_follower]: Creating bond (waypoint_follower) to lifecycle manager.
[lifecycle_manager-19] [INFO] [1773823452.051815788] [lifecycle_manager_navigation]: Server waypoint_follower connected with bond.
[lifecycle_manager-19] [INFO] [1773823452.052068070] [lifecycle_manager_navigation]: [34m[1mActivating keepout_filter_mask_server[0m[0m
[map_server-8] [INFO] [1773823452.053319858] [keepout_filter_mask_server]: Activating
[map_server-8] [INFO] [1773823452.053695219] [keepout_filter_mask_server]: Creating bond (keepout_filter_mask_server) to lifecycle manager.
[lifecycle_manager-19] [INFO] [1773823452.167574933] [lifecycle_manager_navigation]: Server keepout_filter_mask_server connected with bond.
[lifecycle_manager-19] [INFO] [1773823452.167674097] [lifecycle_manager_navigation]: [34m[1mActivating keepout_costmap_filter_info_server[0m[0m
[costmap_filter_info_server-9] [INFO] [1773823452.168574730] [keepout_costmap_filter_info_server]: Activating
[costmap_filter_info_server-9] [INFO] [1773823452.168759640] [keepout_costmap_filter_info_server]: Creating bond (keepout_costmap_filter_info_server) to lifecycle manager.
[planner_server-12] [INFO] [1773823452.168884761] [global_costmap.global_costmap]: KeepoutFilter: Received filter info from /keepout_costmap_filter_info topic.
[planner_server-12] [INFO] [1773823452.169061213] [global_costmap.global_costmap]: KeepoutFilter: Subscribing to "/keepout_filter_mask" topic for filter mask...
[controller_server-10] [INFO] [1773823452.169084253] [local_costmap.local_costmap]: KeepoutFilter: Received filter info from /keepout_costmap_filter_info topic.
[controller_server-10] [INFO] [1773823452.169272663] [local_costmap.local_costmap]: KeepoutFilter: Subscribing to "/keepout_filter_mask" topic for filter mask...
[planner_server-12] [INFO] [1773823452.213891075] [global_costmap.global_costmap]: KeepoutFilter: Received filter mask from /keepout_filter_mask topic.
[controller_server-10] [INFO] [1773823452.214854706] [local_costmap.local_costmap]: KeepoutFilter: Received filter mask from /keepout_filter_mask topic.
[lifecycle_manager-19] [INFO] [1773823452.284315502] [lifecycle_manager_navigation]: Server keepout_costmap_filter_info_server connected with bond.
[lifecycle_manager-19] [INFO] [1773823452.284423998] [lifecycle_manager_navigation]: [34m[1mManaged nodes are active[0m[0m
[lifecycle_manager-19] [INFO] [1773823452.284463371] [lifecycle_manager_navigation]: [34m[1mCreating bond timer...[0m[0m
[INFO] [delivery_robot_main_controller-20]: process started with pid [28916]
[INFO] [robot_sound-21]: process started with pid [28917]
[INFO] [call_robot_button-22]: process started with pid [28918]
[INFO] [rpc_run_node-23]: process started with pid [28919]
[INFO] [dock_coordinates-24]: process started with pid [28920]
[INFO] [autodock_action_server-25]: process started with pid [28921]
[INFO] [battery_manager_node-26]: process started with pid [28922]
[dock_coordinates-24] [INFO] [1773823452.840686384] [dock_coordinates]: begin dock_coordinates
[dock_coordinates-24] [INFO] [1773823452.840936041] [dock coordinates]: max_alignment_error: 0.010000
[dock_coordinates-24] [INFO] [1773823452.840950624] [dock coordinates]: minimum_point_cloud: 5
[dock_coordinates-24] [INFO] [1773823452.840954999] [dock coordinates]: point_cloud_split_dist: 0.050000
[dock_coordinates-24] [INFO] [1773823452.840959374] [dock coordinates]: max_dock_width: 0.380000
[dock_coordinates-24] [INFO] [1773823452.840963748] [dock coordinates]: min_dock_width: 0.310000
[dock_coordinates-24] [INFO] [1773823452.840968123] [dock coordinates]: range_limit: 1.200000
[robot_sound-21] [0m[INFO] [1773823454.325853333] [robot_sound_node]: Obstacle sound alarm is enabled.[0m
[robot_sound-21] [0m[INFO] [1773823454.338059137] [robot_sound_node]: Obstacle sound alarm disabled (API).[0m
[robot_sound-21] [0m[INFO] [1773823454.345113712] [robot_sound_node]: ✅ robot_sound_node started using .wav files[0m
[robot_sound-21] [0m[INFO] [1773823454.351991253] [robot_sound_node]: Sound volume set to 100% (API).[0m
[robot_sound-21] [33m[WARN] [1773823454.359174449] [robot_sound_node]: Map not available yet; skipping obstacle classification.[0m
[robot_sound-21] [0m[INFO] [1773823454.366607302] [robot_sound_node]: Obstacle detected but sound alarm disabled.[0m
[battery_manager_node-26] [INFO] [1773823454.496967915] [battery_manager]: SOC limits from API: target=1.00, resume=0.95
[rpc_run_node-23] [0m[INFO] [1773823454.700945712] [rpc_run_node]: RPC run node started; RPC bridge configured.[0m
[rpc_run_node-23] 2026-03-18 15:44:14,701 [INFO] RPCServer listening on localhost:6000
[robot_sound-21] [0m[INFO] [1773823454.878706551] [robot_sound_node]: Received map (width=892, height=922, resolution=0.050 m/cell)[0m
[battery_manager_node-26] [INFO] [1773823454.958995076] [battery_manager]: State change: IDLE_ON_DOCK -> UNKNOWN
[planner_server-12] [INFO] [1773823454.988925691] [global_costmap.global_costmap]: StaticLayer: Resizing costmap to 892 X 922 at 0.050000 m/pix
[autodock_action_server-25] [INFO] [1773823455.172789724] [autodock_action_server]: auto_dock_init_start
[autodock_action_server-25] [INFO] [1773823455.367230662] [autodock_action_server]: auto_dock_init_complete
[delivery_robot_main_controller-20] [0m[INFO] [1773823455.373156820] [main_controller_node]: Delivery Robot Main Controller Node started.[0m
[delivery_robot_main_controller-20] [0m[INFO] [1773823455.382482230] [main_controller_node]: Initial state: STANDBY[0m
[delivery_robot_main_controller-20] [0m[INFO] [1773823455.389151236] [main_controller_node]: setting_batteryLowToCharge: 40[0m
[delivery_robot_main_controller-20] [33m[WARN] [1773823455.429851832] [rcl.logging_rosout]: Publisher already registered for node name: 'main_controller_node'. If this is due to multiple nodes with the same name then all logs for the logger named 'main_controller_node' will go out over the existing publisher. As soon as any node with that name is destructed it will unregister the publisher, preventing any further logs for that name from being published on the rosout topic.[0m
[delivery_robot_main_controller-20] [33m[WARN] [1773823455.474116465] [main_controller_node]: slam_toolbox_msgs not available; initial pose service calls will be skipped.[0m
[call_robot_button-22] 2026-03-18 15:44:16 mosquitto_pub -u smr -P smrbot25 -m "Office1,blink" -t "Rsp" -r
[call_robot_button-22] [0m[INFO] [1773823456.489774984] [call_robot_button_node]: call_switch notified: station=Office1 status=blink.[0m
[call_robot_button-22] 2026-03-18 15:44:16 mosquitto_pub -u smr -P smrbot25 -m "Production1,true" -t "Rsp" -r
[call_robot_button-22] [0m[INFO] [1773823456.605070980] [call_robot_button_node]: call_switch notified: station=Production1 status=true.[0m
[delivery_robot_main_controller-20] [0m[INFO] [1773823456.679186897] [main_controller_node]: Waiting for Nav2 system...[0m
[INFO] [bash-27]: process started with pid [29030]
[delivery_robot_main_controller-20] [0m[INFO] [1773823458.697408289] [main_controller_node]: Waiting for localization pose to be received from slam_toolbox/pose[0m
[delivery_robot_main_controller-20] [0m[INFO] [1773823458.699852074] [main_controller_node]: Acquired localization pose from TF map->base_link[0m
[delivery_robot_main_controller-20] [0m[INFO] [1773823460.718946100] [main_controller_node]: Nav2 is ready for use![0m
[delivery_robot_main_controller-20] [0m[INFO] [1773823460.774517362] [main_controller_node]: Robot is in STANDBY mode.[0m
[delivery_robot_main_controller-20] [33m[WARN] [1773823460.825016142] [main_controller_node]: Robot status id missing; refreshing before battery status.[0m
[delivery_robot_main_controller-20] [0m[INFO] [1773823461.729912165] [main_controller_node]: Current state: STANDBY, dock_state IDLE, charge_state NOT_CHARGE[0m
[delivery_robot_main_controller-20] [0m[INFO] [1773823462.762543023] [main_controller_node]: Current state: STANDBY, dock_state IDLE, charge_state NOT_CHARGE[0m
[delivery_robot_main_controller-20] [0m[INFO] [1773823462.883412565] [main_controller_node]: 3 pending queues [0m
[delivery_robot_main_controller-20] [0m[INFO] [1773823462.884781015] [main_controller_node]: Queue action: Request[0m
[delivery_robot_main_controller-20] [0m[INFO] [1773823462.928326716] [main_controller_node]: AGV start_pos: x=0.48, y=0.11[0m
[delivery_robot_main_controller-20] [0m[INFO] [1773823462.932432066] [main_controller_node]: AGV goal_pos: x=11.42, y=-11.96[0m
[delivery_robot_main_controller-20] Graph before shortest_path: Graph with 11 nodes and 10 edges
[delivery_robot_main_controller-20] [0m[INFO] [1773823462.962107482] [main_controller_node]: Computed AGV path waypoints:[0m
[delivery_robot_main_controller-20] [0m[INFO] [1773823462.966889182] [main_controller_node]:   Waypoint 0: x=0.48, y=0.11[0m
[delivery_robot_main_controller-20] [0m[INFO] [1773823462.968166635] [main_controller_node]:   Waypoint 1: x=1.99, y=-1.51[0m
[delivery_robot_main_controller-20] [0m[INFO] [1773823462.969663997] [main_controller_node]:   Waypoint 2: x=2.11, y=-6.76[0m
[delivery_robot_main_controller-20] [0m[INFO] [1773823462.970356680] [main_controller_node]:   Waypoint 3: x=5.13, y=-6.87[0m
[delivery_robot_main_controller-20] [0m[INFO] [1773823462.971014365] [main_controller_node]:   Waypoint 4: x=7.32, y=-11.82[0m
[delivery_robot_main_controller-20] [0m[INFO] [1773823462.971708798] [main_controller_node]:   Waypoint 5: x=9.69, y=-12.00[0m
[delivery_robot_main_controller-20] [0m[INFO] [1773823462.972364732] [main_controller_node]:   Waypoint 6: x=11.42, y=-11.96[0m
[delivery_robot_main_controller-20] [0m[INFO] [1773823462.974060420] [main_controller_node]: Navigating with 7 goals....[0m
[bt_navigator-14] [INFO] [1773823462.976129719] [bt_navigator]: Begin navigating from current location through 7 poses to (11.42, -11.96)
[controller_server-10] [INFO] [1773823462.978591588] [local_costmap.local_costmap]: Received request to clear entirely the local_costmap
[controller_server-10] [INFO] [1773823462.990627065] [local_costmap.local_costmap]: KeepoutFilter: Subscribing to "/keepout_costmap_filter_info" topic for filter info...
[delivery_robot_main_controller-20] [0m[INFO] [1773823462.992212507] [main_controller_node]: State change: STANDBY -> MOVE[0m
[controller_server-10] [INFO] [1773823462.998715853] [local_costmap.local_costmap]: KeepoutFilter: Received filter info from /keepout_costmap_filter_info topic.
[controller_server-10] [INFO] [1773823462.999096464] [local_costmap.local_costmap]: KeepoutFilter: Subscribing to "/keepout_filter_mask" topic for filter mask...
[planner_server-12] [INFO] [1773823463.001737117] [global_costmap.global_costmap]: Received request to clear entirely the global_costmap
[planner_server-12] [INFO] [1773823463.012060865] [global_costmap.global_costmap]: KeepoutFilter: Subscribing to "/keepout_costmap_filter_info" topic for filter info...
[delivery_robot_main_controller-20] [0m[INFO] [1773823463.021455397] [main_controller_node]: Robot is MOVING.[0m
[planner_server-12] [INFO] [1773823463.024157298] [global_costmap.global_costmap]: KeepoutFilter: Received filter info from /keepout_costmap_filter_info topic.
[planner_server-12] [INFO] [1773823463.024242170] [global_costmap.global_costmap]: KeepoutFilter: Subscribing to "/keepout_filter_mask" topic for filter mask...
[controller_server-10] [WARN] [1773823463.028644717] [local_costmap.local_costmap]: KeepoutFilter: New filter mask arrived from /keepout_filter_mask topic. Updating old filter mask.
[planner_server-12] [WARN] [1773823463.039783935] [global_costmap.global_costmap]: KeepoutFilter: New filter mask arrived from /keepout_filter_mask topic. Updating old filter mask.
[planner_server-12] [WARN] [1773823463.661013281] [planner_server]: Planner loop missed its desired rate of 5.0000 Hz. Current loop rate is 1.5579 Hz
[controller_server-10] [INFO] [1773823463.682344418] [controller_server]: Received a goal, begin computing control effort.
[controller_server-10] [WARN] [1773823463.682574243] [controller_server]: No goal checker was specified in parameter 'current_goal_checker'. Server will use only plugin loaded goal_checker . This warning will appear once.
[controller_server-10] [WARN] [1773823463.682685364] [controller_server]: No progress checker was specified in parameter 'current_progress_checker'. Server will use only plugin loaded progress_checker . This warning will appear once.
[controller_server-10] [INFO] [1773823463.883256328] [controller_server]: Passing new path to controller.
[controller_server-10] [INFO] [1773823463.983314464] [controller_server]: Passing new path to controller.
[controller_server-10] [INFO] [1773823464.183221036] [controller_server]: Passing new path to controller.
[controller_server-10] [INFO] [1773823464.383302601] [controller_server]: Passing new path to controller.
[robot_sound-21] [0m[INFO] [1773823464.466949254] [robot_sound_node]: Obstacle detected but sound alarm disabled.[0m
[controller_server-10] [INFO] [1773823464.483220159] [controller_server]: Passing new path to controller.
[controller_server-10] [INFO] [1773823464.683221227] [controller_server]: Passing new path to controller.
[controller_server-10] [INFO] [1773823464.883221420] [controller_server]: Passing new path to controller.
[controller_server-10] [INFO] [1773823464.983249808] [controller_server]: Passing new path to controller.
[controller_server-10] [INFO] [1773823465.183229002] [controller_server]: Passing new path to controller.
[controller_server-10] [INFO] [1773823465.383222195] [controller_server]: Passing new path to controller.
[controller_server-10] [INFO] [1773823465.483258457] [controller_server]: Passing new path to controller.
[controller_server-10] [INFO] [1773823465.683222193] [controller_server]: Passing new path to controller.
[controller_server-10] [INFO] [1773823465.883221220] [controller_server]: Passing new path to controller.
[controller_server-10] [INFO] [1773823465.983222483] [controller_server]: Passing new path to controller.
[controller_server-10] [INFO] [1773823466.183228509] [controller_server]: Passing new path to controller.
[controller_server-10] [INFO] [1773823466.383221119] [controller_server]: Passing new path to controller.
[controller_server-10] [INFO] [1773823466.483257673] [controller_server]: Passing new path to controller.
[controller_server-10] [INFO] [1773823466.583257186] [controller_server]: Passing new path to controller.
[controller_server-10] [INFO] [1773823466.783252130] [controller_server]: Passing new path to controller.
[controller_server-10] [INFO] [1773823466.983249989] [controller_server]: Passing new path to controller.
[controller_server-10] [INFO] [1773823467.083229962] [controller_server]: Passing new path to controller.
[controller_server-10] [INFO] [1773823467.183221017] [controller_server]: Passing new path to controller.
[controller_server-10] [INFO] [1773823467.383248626] [controller_server]: Passing new path to controller.
[controller_server-10] [INFO] [1773823467.483253097] [controller_server]: Passing new path to controller.
[controller_server-10] [INFO] [1773823467.683223250] [controller_server]: Passing new path to controller.
[controller_server-10] [INFO] [1773823467.883221110] [controller_server]: Passing new path to controller.
[controller_server-10] [INFO] [1773823467.983219457] [controller_server]: Passing new path to controller.
[controller_server-10] [INFO] [1773823468.083225095] [controller_server]: Passing new path to controller.
[controller_server-10] [INFO] [1773823468.283257370] [controller_server]: Passing new path to controller.
[controller_server-10] [INFO] [1773823468.383257466] [controller_server]: Passing new path to controller.
[controller_server-10] [INFO] [1773823468.583250368] [controller_server]: Passing new path to controller.
[controller_server-10] [INFO] [1773823468.783220521] [controller_server]: Passing new path to controller.
[controller_server-10] [INFO] [1773823468.883220909] [controller_server]: Passing new path to controller.
[controller_server-10] [INFO] [1773823468.983221006] [controller_server]: Passing new path to controller.
[controller_server-10] [INFO] [1773823469.083248226] [controller_server]: Passing new path to controller.
[controller_server-10] [INFO] [1773823469.283251044] [controller_server]: Passing new path to controller.
[controller_server-10] [INFO] [1773823469.383249391] [controller_server]: Passing new path to controller.
[controller_server-10] [INFO] [1773823469.583252501] [controller_server]: Passing new path to controller.
[controller_server-10] [INFO] [1773823469.683257847] [controller_server]: Passing new path to controller.
[controller_server-10] [INFO] [1773823469.883225666] [controller_server]: Passing new path to controller.
[controller_server-10] [INFO] [1773823469.983222263] [controller_server]: Passing new path to controller.
[planner_server-12] [INFO] [1773823469.988914805] [global_costmap.global_costmap]: StaticLayer: Resizing costmap to 900 X 922 at 0.050000 m/pix
[controller_server-10] [INFO] [1773823470.183220706] [controller_server]: Passing new path to controller.
[controller_server-10] [INFO] [1773823470.383222066] [controller_server]: Passing new path to controller.
[controller_server-10] [INFO] [1773823470.483222746] [controller_server]: Passing new path to controller.
[controller_server-10] [INFO] [1773823470.683292645] [controller_server]: Passing new path to controller.
[controller_server-10] [INFO] [1773823470.883249965] [controller_server]: Passing new path to controller.
[controller_server-10] [INFO] [1773823470.983255020] [controller_server]: Passing new path to controller.
[controller_server-10] [INFO] [1773823471.183314419] [controller_server]: Passing new path to controller.
[controller_server-10] [INFO] [1773823471.283252976] [controller_server]: Passing new path to controller.
[controller_server-10] [INFO] [1773823471.483230712] [controller_server]: Passing new path to controller.
[controller_server-10] [INFO] [1773823471.583258807] [controller_server]: Passing new path to controller.
[controller_server-10] [INFO] [1773823471.783256376] [controller_server]: Passing new path to controller.
[controller_server-10] [INFO] [1773823471.883257639] [controller_server]: Passing new path to controller.
[controller_server-10] [INFO] [1773823472.083258124] [controller_server]: Passing new path to controller.
[controller_server-10] [INFO] [1773823472.183262595] [controller_server]: Passing new path to controller.
[controller_server-10] [INFO] [1773823472.283255692] [controller_server]: Passing new path to controller.
[controller_server-10] [INFO] [1773823472.483252094] [controller_server]: Passing new path to controller.
[controller_server-10] [INFO] [1773823472.583223899] [controller_server]: Passing new path to controller.
[controller_server-10] [INFO] [1773823472.783249758] [controller_server]: Passing new path to controller.
[controller_server-10] [INFO] [1773823472.883255105] [controller_server]: Passing new path to controller.
[controller_server-10] [INFO] [1773823473.083291172] [controller_server]: Passing new path to controller.
[controller_server-10] [INFO] [1773823473.183223021] [controller_server]: Passing new path to controller.
[controller_server-10] [INFO] [1773823473.283220784] [controller_server]: Passing new path to controller.
[controller_server-10] [INFO] [1773823473.483228560] [controller_server]: Passing new path to controller.
[controller_server-10] [INFO] [1773823473.583218741] [controller_server]: Passing new path to controller.
[controller_server-10] [INFO] [1773823473.783256557] [controller_server]: Passing new path to controller.
[controller_server-10] [INFO] [1773823473.883257529] [controller_server]: Passing new path to controller.
[controller_server-10] [INFO] [1773823474.083227390] [controller_server]: Passing new path to controller.
[controller_server-10] [INFO] [1773823474.183309150] [controller_server]: Passing new path to controller.
[controller_server-10] [INFO] [1773823474.283244791] [controller_server]: Passing new path to controller.
[controller_server-10] [INFO] [1773823474.483256942] [controller_server]: Passing new path to controller.
[controller_server-10] [INFO] [1773823474.583257622] [controller_server]: Passing new path to controller.
[robot_sound-21] [0m[INFO] [1773823474.775935207] [robot_sound_node]: Obstacle detected but sound alarm disabled.[0m
[controller_server-10] [INFO] [1773823474.783181984] [controller_server]: Passing new path to controller.
[controller_server-10] [INFO] [1773823474.883267828] [controller_server]: Passing new path to controller.
[controller_server-10] [INFO] [1773823474.983252467] [controller_server]: Passing new path to controller.
[planner_server-12] [INFO] [1773823474.988920510] [global_costmap.global_costmap]: StaticLayer: Resizing costmap to 908 X 922 at 0.050000 m/pix
[controller_server-10] [INFO] [1773823475.183250910] [controller_server]: Passing new path to controller.
[controller_server-10] [INFO] [1773823475.383255770] [controller_server]: Passing new path to controller.
[controller_server-10] [INFO] [1773823475.483221159] [controller_server]: Passing new path to controller.
[controller_server-10] [INFO] [1773823475.683251393] [controller_server]: Passing new path to controller.
[controller_server-10] [INFO] [1773823475.783250323] [controller_server]: Passing new path to controller.
[controller_server-10] [INFO] [1773823475.983250224] [controller_server]: Passing new path to controller.
[controller_server-10] [INFO] [1773823476.183317790] [controller_server]: Passing new path to controller.
[controller_server-10] [INFO] [1773823476.283222515] [controller_server]: Passing new path to controller.
[controller_server-10] [INFO] [1773823476.483219208] [controller_server]: Passing new path to controller.
[controller_server-10] [INFO] [1773823476.583223680] [controller_server]: Passing new path to controller.
[controller_server-10] [INFO] [1773823476.783223290] [controller_server]: Passing new path to controller.
[controller_server-10] [INFO] [1773823476.983224066] [controller_server]: Passing new path to controller.
[controller_server-10] [INFO] [1773823477.083218621] [controller_server]: Passing new path to controller.
[controller_server-10] [INFO] [1773823477.183220759] [controller_server]: Passing new path to controller.
[controller_server-10] [INFO] [1773823477.383304950] [controller_server]: Passing new path to controller.
[controller_server-10] [INFO] [1773823477.483250215] [controller_server]: Passing new path to controller.
[controller_server-10] [INFO] [1773823477.583224354] [controller_server]: Passing new path to controller.
[controller_server-10] [INFO] [1773823477.783222797] [controller_server]: Passing new path to controller.
[controller_server-10] [INFO] [1773823477.883255268] [controller_server]: Passing new path to controller.
[controller_server-10] [INFO] [1773823478.083283168] [controller_server]: Passing new path to controller.
[controller_server-10] [INFO] [1773823478.183257891] [controller_server]: Passing new path to controller.
[controller_server-10] [INFO] [1773823478.383250209] [controller_server]: Passing new path to controller.
[controller_server-10] [INFO] [1773823478.483254972] [controller_server]: Passing new path to controller.
[controller_server-10] [INFO] [1773823478.683225708] [controller_server]: Passing new path to controller.
[controller_server-10] [INFO] [1773823478.783222596] [controller_server]: Passing new path to controller.
[controller_server-10] [INFO] [1773823478.883323898] [controller_server]: Passing new path to controller.
[controller_server-10] [INFO] [1773823478.983219581] [controller_server]: Passing new path to controller.
[controller_server-10] [INFO] [1773823479.183233774] [controller_server]: Passing new path to controller.
[controller_server-10] [INFO] [1773823479.283221329] [controller_server]: Passing new path to controller.
[controller_server-10] [INFO] [1773823479.483225314] [controller_server]: Passing new path to controller.
[controller_server-10] [INFO] [1773823479.583223952] [controller_server]: Passing new path to controller.
[controller_server-10] [INFO] [1773823479.683220258] [controller_server]: Passing new path to controller.
[controller_server-10] [INFO] [1773823479.883223659] [controller_server]: Passing new path to controller.
[controller_server-10] [INFO] [1773823479.983219672] [controller_server]: Passing new path to controller.
[planner_server-12] [INFO] [1773823479.988913673] [global_costmap.global_costmap]: StaticLayer: Resizing costmap to 890 X 922 at 0.050000 m/pix
[controller_server-10] [INFO] [1773823480.183225115] [controller_server]: Passing new path to controller.
[controller_server-10] [INFO] [1773823480.383224142] [controller_server]: Passing new path to controller.
[controller_server-10] [INFO] [1773823480.483219572] [controller_server]: Passing new path to controller.
[controller_server-10] [INFO] [1773823480.683226473] [controller_server]: Passing new path to controller.
[controller_server-10] [INFO] [1773823480.783222195] [controller_server]: Passing new path to controller.
[controller_server-10] [INFO] [1773823480.983224138] [controller_server]: Passing new path to controller.
[controller_server-10] [INFO] [1773823481.183253205] [controller_server]: Passing new path to controller.
[controller_server-10] [INFO] [1773823481.283225303] [controller_server]: Passing new path to controller.
[controller_server-10] [INFO] [1773823481.483223746] [controller_server]: Passing new path to controller.
[controller_server-10] [INFO] [1773823481.583250383] [controller_server]: Passing new path to controller.
[controller_server-10] [INFO] [1773823481.683250188] [controller_server]: Passing new path to controller.
[controller_server-10] [INFO] [1773823481.783232202] [controller_server]: Passing new path to controller.
[controller_server-10] [INFO] [1773823481.983250186] [controller_server]: Passing new path to controller.
[controller_server-10] [INFO] [1773823482.083248533] [controller_server]: Passing new path to controller.
[controller_server-10] [INFO] [1773823482.183256213] [controller_server]: Passing new path to controller.
[controller_server-10] [INFO] [1773823482.383251448] [controller_server]: Passing new path to controller.
[controller_server-10] [INFO] [1773823482.483255627] [controller_server]: Passing new path to controller.
[controller_server-10] [INFO] [1773823482.683221114] [controller_server]: Passing new path to controller.
[controller_server-10] [INFO] [1773823482.783272542] [controller_server]: Passing new path to controller.
[controller_server-10] [INFO] [1773823482.883248722] [controller_server]: Passing new path to controller.
[planner_server-12] [WARN] [1773823482.980503169] [planner_server]: GridBased plugin failed to plan from (3.43, -4.69) to (2.11, -6.76): "Start occupied"
[planner_server-12] [WARN] [1773823482.981070440] [planner_server]: [compute_path_through_poses] [ActionServer] Aborting handle.
[controller_server-10] [INFO] [1773823483.083227625] [controller_server]: Cancellation was successful. Stopping the robot.
[controller_server-10] [INFO] [1773823483.083313080] [controller_server]: [follow_path] [ActionServer] Client requested to cancel the goal. Cancelling.
[bt_navigator-14] [WARN] [1773823483.084241713] [bt_navigator]: [navigate_through_poses] [ActionServer] Aborting handle.
[bt_navigator-14] [ERROR] [1773823483.084695529] [bt_navigator]: Goal failed
[controller_server-10] [INFO] [1773823483.084959770] [controller_server]: Optimizer reset
[delivery_robot_main_controller-20] [33m[WARN] [1773823483.120925914] [main_controller_node]: Goal failed![0m
[delivery_robot_main_controller-20] [33m[WARN] [1773823483.121972959] [main_controller_node]: Blocked lane encountered; stopping with FAILED per setting.[0m
[delivery_robot_main_controller-20] [0m[INFO] [1773823483.122615186] [main_controller_node]: State change: MOVE -> SAFE_STOP[0m
[delivery_robot_main_controller-20] [0m[INFO] [1773823483.138894549] [main_controller_node]: Robot is in SAFE_STOP. Awaiting user to switch to STANDBY.[0m
[delivery_robot_main_controller-20] [0m[INFO] [1773823483.139733644] [main_controller_node]: Robot is in SAFE_STOP. Awaiting user to switch to STANDBY.[0m
[delivery_robot_main_controller-20] [0m[INFO] [1773823483.155513984] [main_controller_node]: Current state: SAFE_STOP, dock_state IDLE, charge_state NOT_CHARGE[0m
[delivery_robot_main_controller-20] [0m[INFO] [1773823483.739917966] [main_controller_node]: Current state: SAFE_STOP, dock_state IDLE, charge_state NOT_CHARGE[0m
[delivery_robot_main_controller-20] [0m[INFO] [1773823484.159758836] [main_controller_node]: Published message: "safe_stop"[0m
[robot_sound-21] [0m[INFO] [1773823484.162770476] [robot_sound_node]: 🔔 Received sound command: safe_stop[0m
[robot_sound-21] Simple mixer control 'PCM',0
[robot_sound-21]   Capabilities: pvolume pswitch pswitch-joined
[robot_sound-21]   Playback channels: Front Left - Front Right
[robot_sound-21]   Limits: Playback 0 - 147
[robot_sound-21]   Mono:
[robot_sound-21]   Front Left: Playback 147 [100%] [-0.94dB] [on]
[robot_sound-21]   Front Right: Playback 147 [100%] [-0.94dB] [on]
[robot_sound-21] [0m[INFO] [1773823484.189166804] [robot_sound_node]: 🔊 Playing sound: /home/smr/workspaces/mini_amr/amrROS2_ws/sounds/robot_safestop.wav[0m
[robot_sound-21] Playing WAVE '/home/smr/workspaces/mini_amr/amrROS2_ws/sounds/robot_safestop.wav' : Signed 16 bit Little Endian, Rate 22050 Hz, Mono
[delivery_robot_main_controller-20] [0m[INFO] [1773823484.734901282] [main_controller_node]: Current state: SAFE_STOP, dock_state IDLE, charge_state NOT_CHARGE[0m
[robot_sound-21] [0m[INFO] [1773823484.876284159] [robot_sound_node]: Obstacle detected but sound alarm disabled.[0m
[planner_server-12] [INFO] [1773823484.988915294] [global_costmap.global_costmap]: StaticLayer: Resizing costmap to 787 X 922 at 0.050000 m/pix
[delivery_robot_main_controller-20] [0m[INFO] [1773823485.771837565] [main_controller_node]: Current state: SAFE_STOP, dock_state IDLE, charge_state NOT_CHARGE[0m
[delivery_robot_main_controller-20] [0m[INFO] [1773823486.726360318] [main_controller_node]: Current state: SAFE_STOP, dock_state IDLE, charge_state NOT_CHARGE[0m
[delivery_robot_main_controller-20] [0m[INFO] [1773823487.726056211] [main_controller_node]: Current state: SAFE_STOP, dock_state IDLE, charge_state NOT_CHARGE[0m
[delivery_robot_main_controller-20] [0m[INFO] [1773823488.767954438] [main_controller_node]: Current state: SAFE_STOP, dock_state IDLE, charge_state NOT_CHARGE[0m
[delivery_robot_main_controller-20] [0m[INFO] [1773823489.726272510] [main_controller_node]: Current state: SAFE_STOP, dock_state IDLE, charge_state NOT_CHARGE[0m
[delivery_robot_main_controller-20] [0m[INFO] [1773823490.737376237] [main_controller_node]: Current state: SAFE_STOP, dock_state IDLE, charge_state NOT_CHARGE[0m
[delivery_robot_main_controller-20] [0m[INFO] [1773823491.769963638] [main_controller_node]: Current state: SAFE_STOP, dock_state IDLE, charge_state NOT_CHARGE[0m
[delivery_robot_main_controller-20] [0m[INFO] [1773823492.738657956] [main_controller_node]: Current state: SAFE_STOP, dock_state IDLE, charge_state NOT_CHARGE[0m
[delivery_robot_main_controller-20] [0m[INFO] [1773823493.758573777] [main_controller_node]: Current state: SAFE_STOP, dock_state IDLE, charge_state NOT_CHARGE[0m
[delivery_robot_main_controller-20] [0m[INFO] [1773823494.777567383] [main_controller_node]: Current state: SAFE_STOP, dock_state IDLE, charge_state NOT_CHARGE[0m
[robot_sound-21] [0m[INFO] [1773823494.963269140] [robot_sound_node]: Obstacle detected but sound alarm disabled.[0m
[delivery_robot_main_controller-20] [0m[INFO] [1773823495.724804859] [main_controller_node]: Current state: SAFE_STOP, dock_state IDLE, charge_state NOT_CHARGE[0m
[delivery_robot_main_controller-20] [0m[INFO] [1773823496.754829770] [main_controller_node]: Current state: SAFE_STOP, dock_state IDLE, charge_state NOT_CHARGE[0m
[delivery_robot_main_controller-20] [0m[INFO] [1773823497.740804707] [main_controller_node]: Current state: SAFE_STOP, dock_state IDLE, charge_state NOT_CHARGE[0m
[delivery_robot_main_controller-20] [0m[INFO] [1773823498.780397684] [main_controller_node]: Current state: SAFE_STOP, dock_state IDLE, charge_state NOT_CHARGE[0m
[delivery_robot_main_controller-20] [0m[INFO] [1773823499.730444684] [main_controller_node]: Current state: SAFE_STOP, dock_state IDLE, charge_state NOT_CHARGE[0m
[delivery_robot_main_controller-20] [0m[INFO] [1773823500.729109865] [main_controller_node]: Current state: SAFE_STOP, dock_state IDLE, charge_state NOT_CHARGE[0m
[delivery_robot_main_controller-20] [0m[INFO] [1773823501.724185344] [main_controller_node]: Current state: SAFE_STOP, dock_state IDLE, charge_state NOT_CHARGE[0m
[delivery_robot_main_controller-20] [0m[INFO] [1773823502.783827048] [main_controller_node]: Current state: SAFE_STOP, dock_state IDLE, charge_state NOT_CHARGE[0m
[delivery_robot_main_controller-20] [0m[INFO] [1773823503.148985332] [main_controller_node]: Published message: "safe_stop"[0m
[robot_sound-21] [0m[INFO] [1773823503.151806812] [robot_sound_node]: 🔔 Received sound command: safe_stop[0m
[robot_sound-21] Simple mixer control 'PCM',0
[robot_sound-21]   Capabilities: pvolume pswitch pswitch-joined
[robot_sound-21]   Playback channels: Front Left - Front Right
[robot_sound-21]   Limits: Playback 0 - 147
[robot_sound-21]   Mono:
[robot_sound-21]   Front Left: Playback 147 [100%] [-0.94dB] [on]
[robot_sound-21]   Front Right: Playback 147 [100%] [-0.94dB] [on]
[robot_sound-21] [0m[INFO] [1773823503.178784118] [robot_sound_node]: 🔊 Playing sound: /home/smr/workspaces/mini_amr/amrROS2_ws/sounds/robot_safestop.wav[0m
[robot_sound-21] Playing WAVE '/home/smr/workspaces/mini_amr/amrROS2_ws/sounds/robot_safestop.wav' : Signed 16 bit Little Endian, Rate 22050 Hz, Mono
[delivery_robot_main_controller-20] [0m[INFO] [1773823503.764851999] [main_controller_node]: Current state: SAFE_STOP, dock_state IDLE, charge_state NOT_CHARGE[0m
[delivery_robot_main_controller-20] [0m[INFO] [1773823504.739075531] [main_controller_node]: Current state: SAFE_STOP, dock_state IDLE, charge_state NOT_CHARGE[0m
[robot_sound-21] [0m[INFO] [1773823505.064560723] [robot_sound_node]: Obstacle detected but sound alarm disabled.[0m
[delivery_robot_main_controller-20] [0m[INFO] [1773823505.738942044] [main_controller_node]: Current state: SAFE_STOP, dock_state IDLE, charge_state NOT_CHARGE[0m
[delivery_robot_main_controller-20] [0m[INFO] [1773823506.730664645] [main_controller_node]: Current state: SAFE_STOP, dock_state IDLE, charge_state NOT_CHARGE[0m
[delivery_robot_main_controller-20] [0m[INFO] [1773823507.744888508] [main_controller_node]: Current state: SAFE_STOP, dock_state IDLE, charge_state NOT_CHARGE[0m
[delivery_robot_main_controller-20] [0m[INFO] [1773823508.755157807] [main_controller_node]: Current state: SAFE_STOP, dock_state IDLE, charge_state NOT_CHARGE[0m
[delivery_robot_main_controller-20] [0m[INFO] [1773823509.765092285] [main_controller_node]: Current state: SAFE_STOP, dock_state IDLE, charge_state NOT_CHARGE[0m
[delivery_robot_main_controller-20] [0m[INFO] [1773823510.198290709] [main_controller_node]: SAFE_STOP cleared to STANDBY via API/GUI.[0m
[delivery_robot_main_controller-20] [0m[INFO] [1773823510.200637956] [main_controller_node]: State change: SAFE_STOP -> STANDBY[0m
[delivery_robot_main_controller-20] [0m[INFO] [1773823510.207941314] [main_controller_node]: Robot is in STANDBY mode.[0m
[delivery_robot_main_controller-20] [0m[INFO] [1773823510.726679529] [main_controller_node]: Current state: STANDBY, dock_state IDLE, charge_state NOT_CHARGE[0m
[delivery_robot_main_controller-20] [0m[INFO] [1773823510.794996450] [main_controller_node]: 3 pending queues [0m
[delivery_robot_main_controller-20] [0m[INFO] [1773823510.796021913] [main_controller_node]: Queue action: Request[0m
[delivery_robot_main_controller-20] [0m[INFO] [1773823510.823319457] [main_controller_node]: AGV start_pos: x=2.92, y=-5.11[0m
[delivery_robot_main_controller-20] [0m[INFO] [1773823510.823897519] [main_controller_node]: AGV goal_pos: x=11.42, y=-11.96[0m
[delivery_robot_main_controller-20] Graph before shortest_path: Graph with 11 nodes and 10 edges
[delivery_robot_main_controller-20] [0m[INFO] [1773823510.848292211] [main_controller_node]: Computed AGV path waypoints:[0m
[delivery_robot_main_controller-20] [0m[INFO] [1773823510.848977311] [main_controller_node]:   Waypoint 0: x=2.92, y=-5.11[0m
[delivery_robot_main_controller-20] [0m[INFO] [1773823510.849588914] [main_controller_node]:   Waypoint 1: x=5.13, y=-6.87[0m
[delivery_robot_main_controller-20] [0m[INFO] [1773823510.850259723] [main_controller_node]:   Waypoint 2: x=7.32, y=-11.82[0m
[delivery_robot_main_controller-20] [0m[INFO] [1773823510.850862284] [main_controller_node]:   Waypoint 3: x=9.69, y=-12.00[0m
[delivery_robot_main_controller-20] [0m[INFO] [1773823510.851454929] [main_controller_node]:   Waypoint 4: x=11.42, y=-11.96[0m
[delivery_robot_main_controller-20] [0m[INFO] [1773823510.854350198] [main_controller_node]: Navigating with 5 goals....[0m
[bt_navigator-14] [INFO] [1773823510.855520322] [bt_navigator]: Begin navigating from current location through 5 poses to (11.42, -11.96)
[controller_server-10] [INFO] [1773823510.855925433] [local_costmap.local_costmap]: Received request to clear entirely the local_costmap
[controller_server-10] [INFO] [1773823510.859747293] [local_costmap.local_costmap]: KeepoutFilter: Subscribing to "/keepout_costmap_filter_info" topic for filter info...
[planner_server-12] [INFO] [1773823510.867486968] [global_costmap.global_costmap]: Received request to clear entirely the global_costmap
[controller_server-10] [INFO] [1773823510.873895234] [local_costmap.local_costmap]: KeepoutFilter: Received filter info from /keepout_costmap_filter_info topic.
[controller_server-10] [INFO] [1773823510.874156558] [local_costmap.local_costmap]: KeepoutFilter: Subscribing to "/keepout_filter_mask" topic for filter mask...
[planner_server-12] [INFO] [1773823510.879425324] [global_costmap.global_costmap]: KeepoutFilter: Subscribing to "/keepout_costmap_filter_info" topic for filter info...
[planner_server-12] [INFO] [1773823510.891087481] [global_costmap.global_costmap]: KeepoutFilter: Received filter info from /keepout_costmap_filter_info topic.
[planner_server-12] [INFO] [1773823510.891214352] [global_costmap.global_costmap]: KeepoutFilter: Subscribing to "/keepout_filter_mask" topic for filter mask...
[controller_server-10] [WARN] [1773823510.896580822] [local_costmap.local_costmap]: KeepoutFilter: New filter mask arrived from /keepout_filter_mask topic. Updating old filter mask.
[planner_server-12] [WARN] [1773823510.906872196] [global_costmap.global_costmap]: KeepoutFilter: New filter mask arrived from /keepout_filter_mask topic. Updating old filter mask.
[delivery_robot_main_controller-20] [0m[INFO] [1773823511.004630333] [main_controller_node]: State change: STANDBY -> MOVE[0m
[delivery_robot_main_controller-20] [0m[INFO] [1773823511.016545064] [main_controller_node]: Robot is MOVING.[0m
[planner_server-12] [WARN] [1773823511.124562493] [planner_server]: Planner loop missed its desired rate of 5.0000 Hz. Current loop rate is 4.1885 Hz
[controller_server-10] [INFO] [1773823511.144050948] [controller_server]: Received a goal, begin computing control effort.
[controller_server-10] [INFO] [1773823511.344367296] [controller_server]: Passing new path to controller.
[controller_server-10] [INFO] [1773823511.444369143] [controller_server]: Passing new path to controller.
[controller_server-10] [INFO] [1773823511.644375169] [controller_server]: Passing new path to controller.
[controller_server-10] [INFO] [1773823511.844393736] [controller_server]: Passing new path to controller.
[controller_server-10] [INFO] [1773823511.944374000] [controller_server]: Passing new path to controller.
[controller_server-10] [INFO] [1773823512.044397138] [controller_server]: Passing new path to controller.
[controller_server-10] [INFO] [1773823512.244399373] [controller_server]: Passing new path to controller.
[controller_server-10] [INFO] [1773823512.344405011] [controller_server]: Passing new path to controller.
[controller_server-10] [INFO] [1773823512.444398982] [controller_server]: Passing new path to controller.
[controller_server-10] [INFO] [1773823512.544391788] [controller_server]: Passing new path to controller.
[controller_server-10] [INFO] [1773823512.744410355] [controller_server]: Passing new path to controller.
[controller_server-10] [INFO] [1773823512.844401119] [controller_server]: Passing new path to controller.
[controller_server-10] [INFO] [1773823513.044397520] [controller_server]: Passing new path to controller.
[controller_server-10] [INFO] [1773823513.144397617] [controller_server]: Passing new path to controller.
[controller_server-10] [INFO] [1773823513.244398005] [controller_server]: Passing new path to controller.
[controller_server-10] [INFO] [1773823513.444397323] [controller_server]: Passing new path to controller.
[controller_server-10] [INFO] [1773823513.544403836] [controller_server]: Passing new path to controller.
[controller_server-10] [INFO] [1773823513.644405975] [controller_server]: Passing new path to controller.
[controller_server-10] [INFO] [1773823513.744397030] [controller_server]: Passing new path to controller.
[controller_server-10] [INFO] [1773823513.944410056] [controller_server]: Passing new path to controller.
[controller_server-10] [INFO] [1773823514.044397611] [controller_server]: Passing new path to controller.
[controller_server-10] [INFO] [1773823514.244365722] [controller_server]: Passing new path to controller.
[controller_server-10] [INFO] [1773823514.344371069] [controller_server]: Passing new path to controller.
[controller_server-10] [INFO] [1773823514.444448162] [controller_server]: Passing new path to controller.
[planner_server-12] [WARN] [1773823514.586438850] [planner_server]: GridBased plugin failed to plan from (2.84, -5.29) to (5.13, -6.87): "no valid path found"
[planner_server-12] [WARN] [1773823514.586626385] [planner_server]: [compute_path_through_poses] [ActionServer] Aborting handle.
[planner_server-12] [INFO] [1773823514.602973413] [global_costmap.global_costmap]: Received request to clear entirely the global_costmap
[planner_server-12] [INFO] [1773823514.608729827] [global_costmap.global_costmap]: KeepoutFilter: Subscribing to "/keepout_costmap_filter_info" topic for filter info...
[planner_server-12] [INFO] [1773823514.613487028] [global_costmap.global_costmap]: KeepoutFilter: Received filter info from /keepout_costmap_filter_info topic.
[planner_server-12] [INFO] [1773823514.613578317] [global_costmap.global_costmap]: KeepoutFilter: Subscribing to "/keepout_filter_mask" topic for filter mask...
[planner_server-12] [WARN] [1773823514.625312805] [global_costmap.global_costmap]: KeepoutFilter: New filter mask arrived from /keepout_filter_mask topic. Updating old filter mask.
[planner_server-12] [WARN] [1773823515.206685606] [planner_server]: GridBased plugin failed to plan from (2.82, -5.44) to (5.13, -6.87): "no valid path found"
[planner_server-12] [WARN] [1773823515.206876349] [planner_server]: [compute_path_through_poses] [ActionServer] Aborting handle.
[controller_server-10] [INFO] [1773823515.244393812] [controller_server]: Cancellation was successful. Stopping the robot.
[controller_server-10] [INFO] [1773823515.244549265] [controller_server]: [follow_path] [ActionServer] Client requested to cancel the goal. Cancelling.
[controller_server-10] [INFO] [1773823515.245478773] [local_costmap.local_costmap]: Received request to clear entirely the local_costmap
[controller_server-10] [INFO] [1773823515.246935886] [controller_server]: Optimizer reset
[controller_server-10] [INFO] [1773823515.250210891] [local_costmap.local_costmap]: KeepoutFilter: Subscribing to "/keepout_costmap_filter_info" topic for filter info...
[planner_server-12] [INFO] [1773823515.257333714] [global_costmap.global_costmap]: Received request to clear entirely the global_costmap
[controller_server-10] [INFO] [1773823515.257648703] [local_costmap.local_costmap]: KeepoutFilter: Received filter info from /keepout_costmap_filter_info topic.
[controller_server-10] [INFO] [1773823515.258094937] [local_costmap.local_costmap]: KeepoutFilter: Subscribing to "/keepout_filter_mask" topic for filter mask...
[planner_server-12] [INFO] [1773823515.264497078] [global_costmap.global_costmap]: KeepoutFilter: Subscribing to "/keepout_costmap_filter_info" topic for filter info...
[controller_server-10] [INFO] [1773823515.273378003] [local_costmap.local_costmap]: Received request to clear entirely the local_costmap
[planner_server-12] [INFO] [1773823515.276303313] [global_costmap.global_costmap]: KeepoutFilter: Received filter info from /keepout_costmap_filter_info topic.
[planner_server-12] [INFO] [1773823515.276604885] [global_costmap.global_costmap]: KeepoutFilter: Subscribing to "/keepout_filter_mask" topic for filter mask...
[controller_server-10] [INFO] [1773823515.280088425] [local_costmap.local_costmap]: KeepoutFilter: Subscribing to "/keepout_costmap_filter_info" topic for filter info...
[planner_server-12] [INFO] [1773823515.286930091] [global_costmap.global_costmap]: Received request to clear entirely the global_costmap
[controller_server-10] [INFO] [1773823515.290674955] [local_costmap.local_costmap]: KeepoutFilter: Received filter info from /keepout_costmap_filter_info topic.
[controller_server-10] [INFO] [1773823515.290806200] [local_costmap.local_costmap]: KeepoutFilter: Subscribing to "/keepout_filter_mask" topic for filter mask...
[planner_server-12] [INFO] [1773823515.292178441] [global_costmap.global_costmap]: KeepoutFilter: Subscribing to "/keepout_costmap_filter_info" topic for filter info...
[planner_server-12] [INFO] [1773823515.303320284] [global_costmap.global_costmap]: KeepoutFilter: Received filter info from /keepout_costmap_filter_info topic.
[planner_server-12] [INFO] [1773823515.303399323] [global_costmap.global_costmap]: KeepoutFilter: Subscribing to "/keepout_filter_mask" topic for filter mask...
[controller_server-10] [WARN] [1773823515.319477444] [local_costmap.local_costmap]: KeepoutFilter: New filter mask arrived from /keepout_filter_mask topic. Updating old filter mask.
[planner_server-12] [WARN] [1773823515.336497906] [global_costmap.global_costmap]: KeepoutFilter: New filter mask arrived from /keepout_filter_mask topic. Updating old filter mask.
[robot_sound-21] [0m[INFO] [1773823515.471007033] [robot_sound_node]: Obstacle detected but sound alarm disabled.[0m
[planner_server-12] [WARN] [1773823515.665169439] [planner_server]: GridBased plugin failed to plan from (2.81, -5.59) to (5.13, -6.87): "no valid path found"
[planner_server-12] [WARN] [1773823515.665279685] [planner_server]: [compute_path_through_poses] [ActionServer] Aborting handle.
[planner_server-12] [INFO] [1773823515.678010470] [global_costmap.global_costmap]: Received request to clear entirely the global_costmap
[planner_server-12] [INFO] [1773823515.684675685] [global_costmap.global_costmap]: KeepoutFilter: Subscribing to "/keepout_costmap_filter_info" topic for filter info...
[planner_server-12] [INFO] [1773823515.693393575] [global_costmap.global_costmap]: KeepoutFilter: Received filter info from /keepout_costmap_filter_info topic.
[planner_server-12] [INFO] [1773823515.693550194] [global_costmap.global_costmap]: KeepoutFilter: Subscribing to "/keepout_filter_mask" topic for filter mask...
[planner_server-12] [WARN] [1773823515.702646070] [global_costmap.global_costmap]: KeepoutFilter: New filter mask arrived from /keepout_filter_mask topic. Updating old filter mask.
[planner_server-12] [WARN] [1773823516.123480321] [planner_server]: GridBased plugin failed to plan from (2.87, -5.69) to (5.13, -6.87): "no valid path found"
[planner_server-12] [WARN] [1773823516.123588233] [planner_server]: [compute_path_through_poses] [ActionServer] Aborting handle.
[behavior_server-13] [INFO] [1773823516.138014415] [behavior_server]: Running wait
[behavior_server-13] [INFO] [1773823521.138437187] [behavior_server]: wait completed successfully
[controller_server-10] [INFO] [1773823521.156775059] [local_costmap.local_costmap]: Received request to clear entirely the local_costmap
[controller_server-10] [INFO] [1773823521.161868248] [local_costmap.local_costmap]: KeepoutFilter: Subscribing to "/keepout_costmap_filter_info" topic for filter info...
[planner_server-12] [INFO] [1773823521.164933552] [global_costmap.global_costmap]: Received request to clear entirely the global_costmap
[controller_server-10] [INFO] [1773823521.164976426] [local_costmap.local_costmap]: KeepoutFilter: Received filter info from /keepout_costmap_filter_info topic.
[controller_server-10] [INFO] [1773823521.165037382] [local_costmap.local_costmap]: KeepoutFilter: Subscribing to "/keepout_filter_mask" topic for filter mask...
[planner_server-12] [INFO] [1773823521.171284362] [global_costmap.global_costmap]: KeepoutFilter: Subscribing to "/keepout_costmap_filter_info" topic for filter info...
[planner_server-12] [INFO] [1773823521.182048510] [global_costmap.global_costmap]: KeepoutFilter: Received filter info from /keepout_costmap_filter_info topic.
[planner_server-12] [INFO] [1773823521.182211546] [global_costmap.global_costmap]: KeepoutFilter: Subscribing to "/keepout_filter_mask" topic for filter mask...
[controller_server-10] [WARN] [1773823521.189112127] [local_costmap.local_costmap]: KeepoutFilter: New filter mask arrived from /keepout_filter_mask topic. Updating old filter mask.
[planner_server-12] [WARN] [1773823521.200209638] [global_costmap.global_costmap]: KeepoutFilter: New filter mask arrived from /keepout_filter_mask topic. Updating old filter mask.
[planner_server-12] [WARN] [1773823521.622974068] [planner_server]: GridBased plugin failed to plan from (2.94, -5.76) to (5.13, -6.87): "no valid path found"
[planner_server-12] [WARN] [1773823521.623144104] [planner_server]: [compute_path_through_poses] [ActionServer] Aborting handle.
[planner_server-12] [INFO] [1773823521.637099260] [global_costmap.global_costmap]: Received request to clear entirely the global_costmap
[planner_server-12] [INFO] [1773823521.641393312] [global_costmap.global_costmap]: KeepoutFilter: Subscribing to "/keepout_costmap_filter_info" topic for filter info...
[planner_server-12] [INFO] [1773823521.646904152] [global_costmap.global_costmap]: KeepoutFilter: Received filter info from /keepout_costmap_filter_info topic.
[planner_server-12] [INFO] [1773823521.647025189] [global_costmap.global_costmap]: KeepoutFilter: Subscribing to "/keepout_filter_mask" topic for filter mask...
[planner_server-12] [WARN] [1773823521.667164912] [global_costmap.global_costmap]: KeepoutFilter: New filter mask arrived from /keepout_filter_mask topic. Updating old filter mask.
[planner_server-12] [WARN] [1773823522.126472090] [planner_server]: GridBased plugin failed to plan from (2.94, -5.76) to (5.13, -6.87): "no valid path found"
[planner_server-12] [WARN] [1773823522.126582336] [planner_server]: [compute_path_through_poses] [ActionServer] Aborting handle.
[controller_server-10] [INFO] [1773823522.137081077] [local_costmap.local_costmap]: Received request to clear entirely the local_costmap
[controller_server-10] [INFO] [1773823522.141036225] [local_costmap.local_costmap]: KeepoutFilter: Subscribing to "/keepout_costmap_filter_info" topic for filter info...
[planner_server-12] [INFO] [1773823522.145318901] [global_costmap.global_costmap]: Received request to clear entirely the global_costmap
[controller_server-10] [INFO] [1773823522.145389482] [local_costmap.local_costmap]: KeepoutFilter: Received filter info from /keepout_costmap_filter_info topic.
[controller_server-10] [INFO] [1773823522.145449563] [local_costmap.local_costmap]: KeepoutFilter: Subscribing to "/keepout_filter_mask" topic for filter mask...
[planner_server-12] [INFO] [1773823522.150770536] [global_costmap.global_costmap]: KeepoutFilter: Subscribing to "/keepout_costmap_filter_info" topic for filter info...
[controller_server-10] [INFO] [1773823522.156076050] [local_costmap.local_costmap]: Received request to clear entirely the local_costmap
[controller_server-10] [INFO] [1773823522.161810007] [local_costmap.local_costmap]: KeepoutFilter: Subscribing to "/keepout_costmap_filter_info" topic for filter info...
[planner_server-12] [INFO] [1773823522.164164838] [global_costmap.global_costmap]: KeepoutFilter: Received filter info from /keepout_costmap_filter_info topic.
[planner_server-12] [INFO] [1773823522.165091137] [global_costmap.global_costmap]: KeepoutFilter: Subscribing to "/keepout_filter_mask" topic for filter mask...
[planner_server-12] [INFO] [1773823522.169269110] [global_costmap.global_costmap]: Received request to clear entirely the global_costmap
[planner_server-12] [INFO] [1773823522.173588535] [global_costmap.global_costmap]: KeepoutFilter: Subscribing to "/keepout_costmap_filter_info" topic for filter info...
[controller_server-10] [INFO] [1773823522.176227147] [local_costmap.local_costmap]: KeepoutFilter: Received filter info from /keepout_costmap_filter_info topic.
[controller_server-10] [INFO] [1773823522.176312311] [local_costmap.local_costmap]: KeepoutFilter: Subscribing to "/keepout_filter_mask" topic for filter mask...
[planner_server-12] [INFO] [1773823522.184740295] [global_costmap.global_costmap]: KeepoutFilter: Received filter info from /keepout_costmap_filter_info topic.
[planner_server-12] [INFO] [1773823522.184873290] [global_costmap.global_costmap]: KeepoutFilter: Subscribing to "/keepout_filter_mask" topic for filter mask...
[controller_server-10] [WARN] [1773823522.192908121] [local_costmap.local_costmap]: KeepoutFilter: New filter mask arrived from /keepout_filter_mask topic. Updating old filter mask.
[planner_server-12] [WARN] [1773823522.200612798] [global_costmap.global_costmap]: KeepoutFilter: New filter mask arrived from /keepout_filter_mask topic. Updating old filter mask.
[planner_server-12] [WARN] [1773823522.620618162] [planner_server]: GridBased plugin failed to plan from (2.94, -5.76) to (5.13, -6.87): "no valid path found"
[planner_server-12] [WARN] [1773823522.620751449] [planner_server]: [compute_path_through_poses] [ActionServer] Aborting handle.
[planner_server-12] [INFO] [1773823522.637015646] [global_costmap.global_costmap]: Received request to clear entirely the global_costmap
[planner_server-12] [INFO] [1773823522.639790461] [global_costmap.global_costmap]: KeepoutFilter: Subscribing to "/keepout_costmap_filter_info" topic for filter info...
[planner_server-12] [INFO] [1773823522.644317546] [global_costmap.global_costmap]: KeepoutFilter: Received filter info from /keepout_costmap_filter_info topic.
[planner_server-12] [INFO] [1773823522.644419917] [global_costmap.global_costmap]: KeepoutFilter: Subscribing to "/keepout_filter_mask" topic for filter mask...
[planner_server-12] [WARN] [1773823522.653214221] [global_costmap.global_costmap]: KeepoutFilter: New filter mask arrived from /keepout_filter_mask topic. Updating old filter mask.
[planner_server-12] [WARN] [1773823523.161920344] [planner_server]: GridBased plugin failed to plan from (2.94, -5.76) to (5.13, -6.87): "no valid path found"
[planner_server-12] [WARN] [1773823523.162035840] [planner_server]: [compute_path_through_poses] [ActionServer] Aborting handle.
[bt_navigator-14] [WARN] [1773823523.186606401] [bt_navigator]: [navigate_through_poses] [ActionServer] Aborting handle.
[bt_navigator-14] [ERROR] [1773823523.187061967] [bt_navigator]: Goal failed
[delivery_robot_main_controller-20] [33m[WARN] [1773823523.243950931] [main_controller_node]: Goal failed![0m
[delivery_robot_main_controller-20] [33m[WARN] [1773823523.250013292] [main_controller_node]: Blocked lane encountered; stopping with FAILED per setting.[0m
[delivery_robot_main_controller-20] [0m[INFO] [1773823523.250662227] [main_controller_node]: State change: MOVE -> SAFE_STOP[0m
[delivery_robot_main_controller-20] [0m[INFO] [1773823523.262479254] [main_controller_node]: Robot is in SAFE_STOP. Awaiting user to switch to STANDBY.[0m
[delivery_robot_main_controller-20] [0m[INFO] [1773823523.264029405] [main_controller_node]: Robot is in SAFE_STOP. Awaiting user to switch to STANDBY.[0m
[delivery_robot_main_controller-20] [0m[INFO] [1773823523.291843764] [main_controller_node]: Current state: SAFE_STOP, dock_state IDLE, charge_state NOT_CHARGE[0m
[delivery_robot_main_controller-20] [0m[INFO] [1773823523.765795865] [main_controller_node]: Current state: SAFE_STOP, dock_state IDLE, charge_state NOT_CHARGE[0m
[delivery_robot_main_controller-20] [0m[INFO] [1773823524.290380909] [main_controller_node]: Published message: "safe_stop"[0m
[robot_sound-21] [0m[INFO] [1773823524.661259442] [robot_sound_node]: 🔔 Received sound command: safe_stop[0m
[robot_sound-21] Simple mixer control 'PCM',0
[robot_sound-21]   Capabilities: pvolume pswitch pswitch-joined
[robot_sound-21]   Playback channels: Front Left - Front Right
[robot_sound-21]   Limits: Playback 0 - 147
[robot_sound-21]   Mono:
[robot_sound-21]   Front Left: Playback 147 [100%] [-0.94dB] [on]
[robot_sound-21]   Front Right: Playback 147 [100%] [-0.94dB] [on]
[robot_sound-21] [0m[INFO] [1773823524.690853778] [robot_sound_node]: 🔊 Playing sound: /home/smr/workspaces/mini_amr/amrROS2_ws/sounds/robot_safestop.wav[0m
[robot_sound-21] Playing WAVE '/home/smr/workspaces/mini_amr/amrROS2_ws/sounds/robot_safestop.wav' : Signed 16 bit Little Endian, Rate 22050 Hz, Mono
[delivery_robot_main_controller-20] [0m[INFO] [1773823524.770842480] [main_controller_node]: Current state: SAFE_STOP, dock_state IDLE, charge_state NOT_CHARGE[0m
[delivery_robot_main_controller-20] [0m[INFO] [1773823525.736772191] [main_controller_node]: Current state: SAFE_STOP, dock_state IDLE, charge_state NOT_CHARGE[0m
[delivery_robot_main_controller-20] [0m[INFO] [1773823526.726146670] [main_controller_node]: Current state: SAFE_STOP, dock_state IDLE, charge_state NOT_CHARGE[0m
[delivery_robot_main_controller-20] [0m[INFO] [1773823527.726434334] [main_controller_node]: Current state: SAFE_STOP, dock_state IDLE, charge_state NOT_CHARGE[0m
[delivery_robot_main_controller-20] [0m[INFO] [1773823528.740884813] [main_controller_node]: Current state: SAFE_STOP, dock_state IDLE, charge_state NOT_CHARGE[0m
[delivery_robot_main_controller-20] [0m[INFO] [1773823529.745423947] [main_controller_node]: Current state: SAFE_STOP, dock_state IDLE, charge_state NOT_CHARGE[0m
[delivery_robot_main_controller-20] [0m[INFO] [1773823530.725080448] [main_controller_node]: Current state: SAFE_STOP, dock_state IDLE, charge_state NOT_CHARGE[0m
[delivery_robot_main_controller-20] [0m[INFO] [1773823531.724221612] [main_controller_node]: Current state: SAFE_STOP, dock_state IDLE, charge_state NOT_CHARGE[0m
[delivery_robot_main_controller-20] [0m[INFO] [1773823532.737804706] [main_controller_node]: Current state: SAFE_STOP, dock_state IDLE, charge_state NOT_CHARGE[0m
[delivery_robot_main_controller-20] [0m[INFO] [1773823533.727066314] [main_controller_node]: Current state: SAFE_STOP, dock_state IDLE, charge_state NOT_CHARGE[0m
[delivery_robot_main_controller-20] [0m[INFO] [1773823534.741138808] [main_controller_node]: Current state: SAFE_STOP, dock_state IDLE, charge_state NOT_CHARGE[0m
[delivery_robot_main_controller-20] [0m[INFO] [1773823535.281290991] [main_controller_node]: SAFE_STOP cleared to STANDBY via API/GUI.[0m
[delivery_robot_main_controller-20] [0m[INFO] [1773823535.283806815] [main_controller_node]: State change: SAFE_STOP -> STANDBY[0m
[delivery_robot_main_controller-20] [0m[INFO] [1773823535.290370242] [main_controller_node]: Robot is in STANDBY mode.[0m
[delivery_robot_main_controller-20] [0m[INFO] [1773823535.773461385] [main_controller_node]: Current state: STANDBY, dock_state IDLE, charge_state NOT_CHARGE[0m
[delivery_robot_main_controller-20] [0m[INFO] [1773823536.740871833] [main_controller_node]: Current state: STANDBY, dock_state IDLE, charge_state NOT_CHARGE[0m
[delivery_robot_main_controller-20] [0m[INFO] [1773823536.806610223] [main_controller_node]: 3 pending queues [0m
[delivery_robot_main_controller-20] [0m[INFO] [1773823536.810380752] [main_controller_node]: Queue action: Request[0m
[delivery_robot_main_controller-20] [0m[INFO] [1773823536.847418148] [main_controller_node]: AGV start_pos: x=2.94, y=-5.76[0m
[delivery_robot_main_controller-20] [0m[INFO] [1773823536.847992128] [main_controller_node]: AGV goal_pos: x=11.42, y=-11.96[0m
[delivery_robot_main_controller-20] Graph before shortest_path: Graph with 11 nodes and 10 edges
[delivery_robot_main_controller-20] [0m[INFO] [1773823536.870517013] [main_controller_node]: Computed AGV path waypoints:[0m
[delivery_robot_main_controller-20] [0m[INFO] [1773823536.871171489] [main_controller_node]:   Waypoint 0: x=2.94, y=-5.76[0m
[delivery_robot_main_controller-20] [0m[INFO] [1773823536.871831215] [main_controller_node]:   Waypoint 1: x=5.13, y=-6.87[0m
[delivery_robot_main_controller-20] [0m[INFO] [1773823536.872450692] [main_controller_node]:   Waypoint 2: x=7.32, y=-11.82[0m
[delivery_robot_main_controller-20] [0m[INFO] [1773823536.873059087] [main_controller_node]:   Waypoint 3: x=9.69, y=-12.00[0m
[delivery_robot_main_controller-20] [0m[INFO] [1773823536.873654065] [main_controller_node]:   Waypoint 4: x=11.42, y=-11.96[0m
[delivery_robot_main_controller-20] [0m[INFO] [1773823536.874956892] [main_controller_node]: Navigating with 5 goals....[0m
[bt_navigator-14] [INFO] [1773823536.875804445] [bt_navigator]: Begin navigating from current location through 5 poses to (11.42, -11.96)
[controller_server-10] [INFO] [1773823536.876079185] [local_costmap.local_costmap]: Received request to clear entirely the local_costmap
[controller_server-10] [INFO] [1773823536.878203315] [local_costmap.local_costmap]: KeepoutFilter: Subscribing to "/keepout_costmap_filter_info" topic for filter info...
[controller_server-10] [INFO] [1773823536.888644601] [local_costmap.local_costmap]: KeepoutFilter: Received filter info from /keepout_costmap_filter_info topic.
[controller_server-10] [INFO] [1773823536.888793054] [local_costmap.local_costmap]: KeepoutFilter: Subscribing to "/keepout_filter_mask" topic for filter mask...
[planner_server-12] [INFO] [1773823536.888648975] [global_costmap.global_costmap]: Received request to clear entirely the global_costmap
[planner_server-12] [INFO] [1773823536.896070454] [global_costmap.global_costmap]: KeepoutFilter: Subscribing to "/keepout_costmap_filter_info" topic for filter info...
[controller_server-10] [WARN] [1773823536.904698806] [local_costmap.local_costmap]: KeepoutFilter: New filter mask arrived from /keepout_filter_mask topic. Updating old filter mask.
[planner_server-12] [INFO] [1773823536.907283753] [global_costmap.global_costmap]: KeepoutFilter: Received filter info from /keepout_costmap_filter_info topic.
[planner_server-12] [INFO] [1773823536.907447080] [global_costmap.global_costmap]: KeepoutFilter: Subscribing to "/keepout_filter_mask" topic for filter mask...
[planner_server-12] [WARN] [1773823536.929540023] [global_costmap.global_costmap]: KeepoutFilter: New filter mask arrived from /keepout_filter_mask topic. Updating old filter mask.
[delivery_robot_main_controller-20] [0m[INFO] [1773823537.105023320] [main_controller_node]: State change: STANDBY -> MOVE[0m
[delivery_robot_main_controller-20] [0m[INFO] [1773823537.122301606] [main_controller_node]: Robot is MOVING.[0m
[planner_server-12] [WARN] [1773823537.124548524] [planner_server]: GridBased plugin failed to plan from (2.94, -5.76) to (5.13, -6.87): "no valid path found"
[planner_server-12] [WARN] [1773823537.124677436] [planner_server]: [compute_path_through_poses] [ActionServer] Aborting handle.
[planner_server-12] [INFO] [1773823537.138443016] [global_costmap.global_costmap]: Received request to clear entirely the global_costmap
[planner_server-12] [INFO] [1773823537.142854313] [global_costmap.global_costmap]: KeepoutFilter: Subscribing to "/keepout_costmap_filter_info" topic for filter info...
[planner_server-12] [INFO] [1773823537.148237117] [global_costmap.global_costmap]: KeepoutFilter: Received filter info from /keepout_costmap_filter_info topic.
[planner_server-12] [INFO] [1773823537.148358737] [global_costmap.global_costmap]: KeepoutFilter: Subscribing to "/keepout_filter_mask" topic for filter mask...
[planner_server-12] [WARN] [1773823537.162720463] [global_costmap.global_costmap]: KeepoutFilter: New filter mask arrived from /keepout_filter_mask topic. Updating old filter mask.
[planner_server-12] [WARN] [1773823537.633192816] [planner_server]: GridBased plugin failed to plan from (2.94, -5.76) to (5.13, -6.87): "no valid path found"
[planner_server-12] [WARN] [1773823537.633319686] [planner_server]: [compute_path_through_poses] [ActionServer] Aborting handle.
[controller_server-10] [INFO] [1773823537.648825286] [local_costmap.local_costmap]: Received request to clear entirely the local_costmap
[controller_server-10] [INFO] [1773823537.653445409] [local_costmap.local_costmap]: KeepoutFilter: Subscribing to "/keepout_costmap_filter_info" topic for filter info...
[planner_server-12] [INFO] [1773823537.657234896] [global_costmap.global_costmap]: Received request to clear entirely the global_costmap
[controller_server-10] [INFO] [1773823537.664258848] [local_costmap.local_costmap]: KeepoutFilter: Received filter info from /keepout_costmap_filter_info topic.
[controller_server-10] [INFO] [1773823537.664388051] [local_costmap.local_costmap]: KeepoutFilter: Subscribing to "/keepout_filter_mask" topic for filter mask...
[planner_server-12] [INFO] [1773823537.666352938] [global_costmap.global_costmap]: KeepoutFilter: Subscribing to "/keepout_costmap_filter_info" topic for filter info...
[controller_server-10] [INFO] [1773823537.673409555] [local_costmap.local_costmap]: Received request to clear entirely the local_costmap
[controller_server-10] [INFO] [1773823537.676922260] [local_costmap.local_costmap]: KeepoutFilter: Subscribing to "/keepout_costmap_filter_info" topic for filter info...
[planner_server-12] [INFO] [1773823537.678330667] [global_costmap.global_costmap]: KeepoutFilter: Received filter info from /keepout_costmap_filter_info topic.
[planner_server-12] [INFO] [1773823537.679214385] [global_costmap.global_costmap]: KeepoutFilter: Subscribing to "/keepout_filter_mask" topic for filter mask...
[planner_server-12] [INFO] [1773823537.683651639] [global_costmap.global_costmap]: Received request to clear entirely the global_costmap
[controller_server-10] [INFO] [1773823537.687626327] [local_costmap.local_costmap]: KeepoutFilter: Received filter info from /keepout_costmap_filter_info topic.
[controller_server-10] [INFO] [1773823537.687712949] [local_costmap.local_costmap]: KeepoutFilter: Subscribing to "/keepout_filter_mask" topic for filter mask...
[planner_server-12] [INFO] [1773823537.690158776] [global_costmap.global_costmap]: KeepoutFilter: Subscribing to "/keepout_costmap_filter_info" topic for filter info...
[planner_server-12] [INFO] [1773823537.702242960] [global_costmap.global_costmap]: KeepoutFilter: Received filter info from /keepout_costmap_filter_info topic.
[planner_server-12] [INFO] [1773823537.702342415] [global_costmap.global_costmap]: KeepoutFilter: Subscribing to "/keepout_filter_mask" topic for filter mask...
[controller_server-10] [WARN] [1773823537.717976052] [local_costmap.local_costmap]: KeepoutFilter: New filter mask arrived from /keepout_filter_mask topic. Updating old filter mask.
[planner_server-12] [WARN] [1773823537.733874221] [global_costmap.global_costmap]: KeepoutFilter: New filter mask arrived from /keepout_filter_mask topic. Updating old filter mask.
[planner_server-12] [WARN] [1773823538.163446777] [planner_server]: GridBased plugin failed to plan from (2.94, -5.76) to (5.13, -6.87): "no valid path found"
[planner_server-12] [WARN] [1773823538.163581522] [planner_server]: [compute_path_through_poses] [ActionServer] Aborting handle.
[planner_server-12] [INFO] [1773823538.178356232] [global_costmap.global_costmap]: Received request to clear entirely the global_costmap
[planner_server-12] [INFO] [1773823538.182620243] [global_costmap.global_costmap]: KeepoutFilter: Subscribing to "/keepout_costmap_filter_info" topic for filter info...
[planner_server-12] [INFO] [1773823538.186537475] [global_costmap.global_costmap]: KeepoutFilter: Received filter info from /keepout_costmap_filter_info topic.
[planner_server-12] [INFO] [1773823538.186622930] [global_costmap.global_costmap]: KeepoutFilter: Subscribing to "/keepout_filter_mask" topic for filter mask...
[planner_server-12] [WARN] [1773823538.194757508] [global_costmap.global_costmap]: KeepoutFilter: New filter mask arrived from /keepout_filter_mask topic. Updating old filter mask.
[planner_server-12] [WARN] [1773823538.664531054] [planner_server]: GridBased plugin failed to plan from (2.94, -5.76) to (5.13, -6.87): "no valid path found"
[planner_server-12] [WARN] [1773823538.664645966] [planner_server]: [compute_path_through_poses] [ActionServer] Aborting handle.
[behavior_server-13] [INFO] [1773823538.678633205] [behavior_server]: Running wait
[behavior_server-13] [INFO] [1773823543.678949815] [behavior_server]: wait completed successfully
[controller_server-10] [INFO] [1773823543.698257443] [local_costmap.local_costmap]: Received request to clear entirely the local_costmap
[controller_server-10] [INFO] [1773823543.703236594] [local_costmap.local_costmap]: KeepoutFilter: Subscribing to "/keepout_costmap_filter_info" topic for filter info...
[planner_server-12] [INFO] [1773823543.707463565] [global_costmap.global_costmap]: Received request to clear entirely the global_costmap
[planner_server-12] [INFO] [1773823543.712273847] [global_costmap.global_costmap]: KeepoutFilter: Subscribing to "/keepout_costmap_filter_info" topic for filter info...
[controller_server-10] [INFO] [1773823543.712541587] [local_costmap.local_costmap]: KeepoutFilter: Received filter info from /keepout_costmap_filter_info topic.
[controller_server-10] [INFO] [1773823543.712750121] [local_costmap.local_costmap]: KeepoutFilter: Subscribing to "/keepout_filter_mask" topic for filter mask...
[planner_server-12] [INFO] [1773823543.723316819] [global_costmap.global_costmap]: KeepoutFilter: Received filter info from /keepout_costmap_filter_info topic.
[planner_server-12] [INFO] [1773823543.723405190] [global_costmap.global_costmap]: KeepoutFilter: Subscribing to "/keepout_filter_mask" topic for filter mask...
[controller_server-10] [WARN] [1773823543.732433986] [local_costmap.local_costmap]: KeepoutFilter: New filter mask arrived from /keepout_filter_mask topic. Updating old filter mask.
[planner_server-12] [WARN] [1773823543.740855845] [global_costmap.global_costmap]: KeepoutFilter: New filter mask arrived from /keepout_filter_mask topic. Updating old filter mask.
[planner_server-12] [WARN] [1773823544.163899097] [planner_server]: GridBased plugin failed to plan from (2.94, -5.76) to (5.13, -6.87): "no valid path found"
[planner_server-12] [WARN] [1773823544.164032093] [planner_server]: [compute_path_through_poses] [ActionServer] Aborting handle.
[planner_server-12] [INFO] [1773823544.178456232] [global_costmap.global_costmap]: Received request to clear entirely the global_costmap
[planner_server-12] [INFO] [1773823544.182581415] [global_costmap.global_costmap]: KeepoutFilter: Subscribing to "/keepout_costmap_filter_info" topic for filter info...
[planner_server-12] [INFO] [1773823544.188854936] [global_costmap.global_costmap]: KeepoutFilter: Received filter info from /keepout_costmap_filter_info topic.
[planner_server-12] [INFO] [1773823544.189008347] [global_costmap.global_costmap]: KeepoutFilter: Subscribing to "/keepout_filter_mask" topic for filter mask...
[planner_server-12] [WARN] [1773823544.205962602] [global_costmap.global_costmap]: KeepoutFilter: New filter mask arrived from /keepout_filter_mask topic. Updating old filter mask.
[planner_server-12] [WARN] [1773823544.628272049] [planner_server]: GridBased plugin failed to plan from (2.94, -5.76) to (5.13, -6.87): "no valid path found"
[planner_server-12] [WARN] [1773823544.628383753] [planner_server]: [compute_path_through_poses] [ActionServer] Aborting handle.
[controller_server-10] [INFO] [1773823544.648808132] [local_costmap.local_costmap]: Received request to clear entirely the local_costmap
[controller_server-10] [INFO] [1773823544.654618211] [local_costmap.local_costmap]: KeepoutFilter: Subscribing to "/keepout_costmap_filter_info" topic for filter info...
[controller_server-10] [INFO] [1773823544.662202434] [local_costmap.local_costmap]: KeepoutFilter: Received filter info from /keepout_costmap_filter_info topic.
[controller_server-10] [INFO] [1773823544.662364595] [local_costmap.local_costmap]: KeepoutFilter: Subscribing to "/keepout_filter_mask" topic for filter mask...
[planner_server-12] [INFO] [1773823544.662474549] [global_costmap.global_costmap]: Received request to clear entirely the global_costmap
[planner_server-12] [INFO] [1773823544.669693619] [global_costmap.global_costmap]: KeepoutFilter: Subscribing to "/keepout_costmap_filter_info" topic for filter info...
[controller_server-10] [INFO] [1773823544.673376942] [local_costmap.local_costmap]: Received request to clear entirely the local_costmap
[planner_server-12] [INFO] [1773823544.681629058] [global_costmap.global_costmap]: KeepoutFilter: Received filter info from /keepout_costmap_filter_info topic.
[planner_server-12] [INFO] [1773823544.681790343] [global_costmap.global_costmap]: KeepoutFilter: Subscribing to "/keepout_filter_mask" topic for filter mask...
[controller_server-10] [INFO] [1773823544.682583648] [local_costmap.local_costmap]: KeepoutFilter: Subscribing to "/keepout_costmap_filter_info" topic for filter info...
[planner_server-12] [INFO] [1773823544.689928421] [global_costmap.global_costmap]: Received request to clear entirely the global_costmap
[controller_server-10] [INFO] [1773823544.694556127] [local_costmap.local_costmap]: KeepoutFilter: Received filter info from /keepout_costmap_filter_info topic.
[controller_server-10] [INFO] [1773823544.694794410] [local_costmap.local_costmap]: KeepoutFilter: Subscribing to "/keepout_filter_mask" topic for filter mask...
[planner_server-12] [INFO] [1773823544.696794004] [global_costmap.global_costmap]: KeepoutFilter: Subscribing to "/keepout_costmap_filter_info" topic for filter info...
[planner_server-12] [INFO] [1773823544.708699694] [global_costmap.global_costmap]: KeepoutFilter: Received filter info from /keepout_costmap_filter_info topic.
[planner_server-12] [INFO] [1773823544.708781941] [global_costmap.global_costmap]: KeepoutFilter: Subscribing to "/keepout_filter_mask" topic for filter mask...
[controller_server-10] [WARN] [1773823544.720025280] [local_costmap.local_costmap]: KeepoutFilter: New filter mask arrived from /keepout_filter_mask topic. Updating old filter mask.
[planner_server-12] [WARN] [1773823544.736109234] [global_costmap.global_costmap]: KeepoutFilter: New filter mask arrived from /keepout_filter_mask topic. Updating old filter mask.
[planner_server-12] [WARN] [1773823545.158516385] [planner_server]: GridBased plugin failed to plan from (2.94, -5.76) to (5.13, -6.87): "no valid path found"
[planner_server-12] [WARN] [1773823545.158629548] [planner_server]: [compute_path_through_poses] [ActionServer] Aborting handle.
[planner_server-12] [INFO] [1773823545.172695825] [global_costmap.global_costmap]: Received request to clear entirely the global_costmap
[planner_server-12] [INFO] [1773823545.175661384] [global_costmap.global_costmap]: KeepoutFilter: Subscribing to "/keepout_costmap_filter_info" topic for filter info...
[planner_server-12] [INFO] [1773823545.182570131] [global_costmap.global_costmap]: KeepoutFilter: Received filter info from /keepout_costmap_filter_info topic.
[planner_server-12] [INFO] [1773823545.182714501] [global_costmap.global_costmap]: KeepoutFilter: Subscribing to "/keepout_filter_mask" topic for filter mask...
[planner_server-12] [WARN] [1773823545.203614279] [global_costmap.global_costmap]: KeepoutFilter: New filter mask arrived from /keepout_filter_mask topic. Updating old filter mask.
[planner_server-12] [WARN] [1773823545.662266689] [planner_server]: GridBased plugin failed to plan from (2.94, -5.76) to (5.13, -6.87): "no valid path found"
[planner_server-12] [WARN] [1773823545.662383060] [planner_server]: [compute_path_through_poses] [ActionServer] Aborting handle.
[bt_navigator-14] [WARN] [1773823545.672314531] [bt_navigator]: [navigate_through_poses] [ActionServer] Aborting handle.
[bt_navigator-14] [ERROR] [1773823545.672962299] [bt_navigator]: Goal failed
[delivery_robot_main_controller-20] [33m[WARN] [1773823545.743707839] [main_controller_node]: Goal failed![0m
[delivery_robot_main_controller-20] [33m[WARN] [1773823545.748460374] [main_controller_node]: Blocked lane encountered; stopping with FAILED per setting.[0m
[delivery_robot_main_controller-20] [0m[INFO] [1773823545.749100267] [main_controller_node]: State change: MOVE -> SAFE_STOP[0m
[delivery_robot_main_controller-20] [0m[INFO] [1773823545.759835250] [main_controller_node]: Robot is in SAFE_STOP. Awaiting user to switch to STANDBY.[0m
[delivery_robot_main_controller-20] [0m[INFO] [1773823545.760961917] [main_controller_node]: Robot is in SAFE_STOP. Awaiting user to switch to STANDBY.[0m
[delivery_robot_main_controller-20] [0m[INFO] [1773823545.792746006] [main_controller_node]: Current state: SAFE_STOP, dock_state IDLE, charge_state NOT_CHARGE[0m
[delivery_robot_main_controller-20] [0m[INFO] [1773823546.760700101] [main_controller_node]: Current state: SAFE_STOP, dock_state IDLE, charge_state NOT_CHARGE[0m
[delivery_robot_main_controller-20] [0m[INFO] [1773823546.845545168] [main_controller_node]: Published message: "safe_stop"[0m
[robot_sound-21] [0m[INFO] [1773823547.221952624] [robot_sound_node]: 🔔 Received sound command: safe_stop[0m
[robot_sound-21] Simple mixer control 'PCM',0
[robot_sound-21]   Capabilities: pvolume pswitch pswitch-joined
[robot_sound-21]   Playback channels: Front Left - Front Right
[robot_sound-21]   Limits: Playback 0 - 147
[robot_sound-21]   Mono:
[robot_sound-21]   Front Left: Playback 147 [100%] [-0.94dB] [on]
[robot_sound-21]   Front Right: Playback 147 [100%] [-0.94dB] [on]
[robot_sound-21] [0m[INFO] [1773823547.247028333] [robot_sound_node]: 🔊 Playing sound: /home/smr/workspaces/mini_amr/amrROS2_ws/sounds/robot_safestop.wav[0m
[robot_sound-21] Playing WAVE '/home/smr/workspaces/mini_amr/amrROS2_ws/sounds/robot_safestop.wav' : Signed 16 bit Little Endian, Rate 22050 Hz, Mono
[delivery_robot_main_controller-20] [0m[INFO] [1773823547.788737376] [main_controller_node]: Current state: SAFE_STOP, dock_state IDLE, charge_state NOT_CHARGE[0m
[delivery_robot_main_controller-20] [0m[INFO] [1773823548.731043533] [main_controller_node]: Current state: SAFE_STOP, dock_state IDLE, charge_state NOT_CHARGE[0m
[delivery_robot_main_controller-20] [0m[INFO] [1773823549.729907915] [main_controller_node]: Current state: SAFE_STOP, dock_state IDLE, charge_state NOT_CHARGE[0m
[delivery_robot_main_controller-20] [0m[INFO] [1773823550.727064943] [main_controller_node]: Current state: SAFE_STOP, dock_state IDLE, charge_state NOT_CHARGE[0m
[delivery_robot_main_controller-20] [0m[INFO] [1773823551.770496406] [main_controller_node]: Current state: SAFE_STOP, dock_state IDLE, charge_state NOT_CHARGE[0m
[delivery_robot_main_controller-20] [0m[INFO] [1773823552.777257958] [main_controller_node]: Current state: SAFE_STOP, dock_state IDLE, charge_state NOT_CHARGE[0m
[delivery_robot_main_controller-20] [0m[INFO] [1773823553.729667371] [main_controller_node]: Current state: SAFE_STOP, dock_state IDLE, charge_state NOT_CHARGE[0m
[delivery_robot_main_controller-20] [0m[INFO] [1773823554.727916067] [main_controller_node]: Current state: SAFE_STOP, dock_state IDLE, charge_state NOT_CHARGE[0m
[delivery_robot_main_controller-20] [0m[INFO] [1773823555.827645306] [main_controller_node]: Current state: SAFE_STOP, dock_state IDLE, charge_state NOT_CHARGE[0m
[delivery_robot_main_controller-20] [0m[INFO] [1773823555.873819119] [main_controller_node]: SAFE_STOP cleared to STANDBY via API/GUI.[0m
[delivery_robot_main_controller-20] [0m[INFO] [1773823555.874510053] [main_controller_node]: State change: SAFE_STOP -> STANDBY[0m
[delivery_robot_main_controller-20] [0m[INFO] [1773823555.883042157] [main_controller_node]: Robot is in STANDBY mode.[0m
[delivery_robot_main_controller-20] [0m[INFO] [1773823556.737010958] [main_controller_node]: Current state: STANDBY, dock_state IDLE, charge_state NOT_CHARGE[0m
[delivery_robot_main_controller-20] [0m[INFO] [1773823556.822272510] [main_controller_node]: 3 pending queues [0m
[delivery_robot_main_controller-20] [0m[INFO] [1773823556.826049164] [main_controller_node]: Queue action: Request[0m
[delivery_robot_main_controller-20] [0m[INFO] [1773823556.870133553] [main_controller_node]: AGV start_pos: x=2.94, y=-5.76[0m
[delivery_robot_main_controller-20] [0m[INFO] [1773823556.870726490] [main_controller_node]: AGV goal_pos: x=11.42, y=-11.96[0m
[delivery_robot_main_controller-20] Graph before shortest_path: Graph with 11 nodes and 10 edges
[delivery_robot_main_controller-20] [0m[INFO] [1773823556.897687172] [main_controller_node]: Computed AGV path waypoints:[0m
[delivery_robot_main_controller-20] [0m[INFO] [1773823556.898382480] [main_controller_node]:   Waypoint 0: x=2.94, y=-5.76[0m
[delivery_robot_main_controller-20] [0m[INFO] [1773823556.899025581] [main_controller_node]:   Waypoint 1: x=5.13, y=-6.87[0m
[delivery_robot_main_controller-20] [0m[INFO] [1773823556.899629892] [main_controller_node]:   Waypoint 2: x=7.32, y=-11.82[0m
[delivery_robot_main_controller-20] [0m[INFO] [1773823556.900212038] [main_controller_node]:   Waypoint 3: x=9.69, y=-12.00[0m
[delivery_robot_main_controller-20] [0m[INFO] [1773823556.900808766] [main_controller_node]:   Waypoint 4: x=11.42, y=-11.96[0m
[delivery_robot_main_controller-20] [0m[INFO] [1773823556.905717337] [main_controller_node]: Navigating with 5 goals....[0m
[bt_navigator-14] [INFO] [1773823556.906865295] [bt_navigator]: Begin navigating from current location through 5 poses to (11.42, -11.96)
[controller_server-10] [INFO] [1773823556.907324653] [local_costmap.local_costmap]: Received request to clear entirely the local_costmap
[controller_server-10] [INFO] [1773823556.911396754] [local_costmap.local_costmap]: KeepoutFilter: Subscribing to "/keepout_costmap_filter_info" topic for filter info...
[controller_server-10] [INFO] [1773823556.917665317] [local_costmap.local_costmap]: KeepoutFilter: Received filter info from /keepout_costmap_filter_info topic.
[planner_server-12] [INFO] [1773823556.917686899] [global_costmap.global_costmap]: Received request to clear entirely the global_costmap
[controller_server-10] [INFO] [1773823556.917865101] [local_costmap.local_costmap]: KeepoutFilter: Subscribing to "/keepout_filter_mask" topic for filter mask...
[planner_server-12] [INFO] [1773823556.926968269] [global_costmap.global_costmap]: KeepoutFilter: Subscribing to "/keepout_costmap_filter_info" topic for filter info...
[controller_server-10] [WARN] [1773823556.936011938] [local_costmap.local_costmap]: KeepoutFilter: New filter mask arrived from /keepout_filter_mask topic. Updating old filter mask.
[planner_server-12] [INFO] [1773823556.940133621] [global_costmap.global_costmap]: KeepoutFilter: Received filter info from /keepout_costmap_filter_info topic.
[planner_server-12] [INFO] [1773823556.940308615] [global_costmap.global_costmap]: KeepoutFilter: Subscribing to "/keepout_filter_mask" topic for filter mask...
[planner_server-12] [WARN] [1773823556.966087798] [global_costmap.global_costmap]: KeepoutFilter: New filter mask arrived from /keepout_filter_mask topic. Updating old filter mask.
[planner_server-12] [WARN] [1773823557.130720325] [planner_server]: GridBased plugin failed to plan from (2.94, -5.76) to (5.13, -6.87): "no valid path found"
[planner_server-12] [WARN] [1773823557.132099858] [planner_server]: [compute_path_through_poses] [ActionServer] Aborting handle.
[planner_server-12] [INFO] [1773823557.148185853] [global_costmap.global_costmap]: Received request to clear entirely the global_costmap
[planner_server-12] [INFO] [1773823557.157636091] [global_costmap.global_costmap]: KeepoutFilter: Subscribing to "/keepout_costmap_filter_info" topic for filter info...
[planner_server-12] [INFO] [1773823557.167216116] [global_costmap.global_costmap]: KeepoutFilter: Received filter info from /keepout_costmap_filter_info topic.
[planner_server-12] [INFO] [1773823557.167411818] [global_costmap.global_costmap]: KeepoutFilter: Subscribing to "/keepout_filter_mask" topic for filter mask...
[planner_server-12] [WARN] [1773823557.177262791] [global_costmap.global_costmap]: KeepoutFilter: New filter mask arrived from /keepout_filter_mask topic. Updating old filter mask.
[delivery_robot_main_controller-20] [0m[INFO] [1773823557.188336678] [main_controller_node]: State change: STANDBY -> MOVE[0m
[delivery_robot_main_controller-20] [0m[INFO] [1773823557.212595167] [main_controller_node]: Robot is MOVING.[0m
[planner_server-12] [WARN] [1773823557.662455023] [planner_server]: GridBased plugin failed to plan from (2.94, -5.76) to (5.13, -6.87): "no valid path found"
[planner_server-12] [WARN] [1773823557.662616601] [planner_server]: [compute_path_through_poses] [ActionServer] Aborting handle.
[controller_server-10] [INFO] [1773823557.678840841] [local_costmap.local_costmap]: Received request to clear entirely the local_costmap
[controller_server-10] [INFO] [1773823557.682762740] [local_costmap.local_costmap]: KeepoutFilter: Subscribing to "/keepout_costmap_filter_info" topic for filter info...
[planner_server-12] [INFO] [1773823557.688372743] [global_costmap.global_costmap]: Received request to clear entirely the global_costmap
[controller_server-10] [INFO] [1773823557.688797977] [local_costmap.local_costmap]: KeepoutFilter: Received filter info from /keepout_costmap_filter_info topic.
[controller_server-10] [INFO] [1773823557.688942347] [local_costmap.local_costmap]: KeepoutFilter: Subscribing to "/keepout_filter_mask" topic for filter mask...
[planner_server-12] [INFO] [1773823557.692965159] [global_costmap.global_costmap]: KeepoutFilter: Subscribing to "/keepout_costmap_filter_info" topic for filter info...
[controller_server-10] [INFO] [1773823557.698790112] [local_costmap.local_costmap]: Received request to clear entirely the local_costmap
[controller_server-10] [INFO] [1773823557.704033504] [local_costmap.local_costmap]: KeepoutFilter: Subscribing to "/keepout_costmap_filter_info" topic for filter info...
[planner_server-12] [INFO] [1773823557.705925477] [global_costmap.global_costmap]: KeepoutFilter: Received filter info from /keepout_costmap_filter_info topic.
[planner_server-12] [INFO] [1773823557.706055847] [global_costmap.global_costmap]: KeepoutFilter: Subscribing to "/keepout_filter_mask" topic for filter mask...
[planner_server-12] [INFO] [1773823557.711074664] [global_costmap.global_costmap]: Received request to clear entirely the global_costmap
[planner_server-12] [INFO] [1773823557.715221429] [global_costmap.global_costmap]: KeepoutFilter: Subscribing to "/keepout_costmap_filter_info" topic for filter info...
[controller_server-10] [INFO] [1773823557.716264099] [local_costmap.local_costmap]: KeepoutFilter: Received filter info from /keepout_costmap_filter_info topic.
[controller_server-10] [INFO] [1773823557.716395344] [local_costmap.local_costmap]: KeepoutFilter: Subscribing to "/keepout_filter_mask" topic for filter mask...
[planner_server-12] [INFO] [1773823557.725804459] [global_costmap.global_costmap]: KeepoutFilter: Received filter info from /keepout_costmap_filter_info topic.
[planner_server-12] [INFO] [1773823557.725889622] [global_costmap.global_costmap]: KeepoutFilter: Subscribing to "/keepout_filter_mask" topic for filter mask...
[controller_server-10] [WARN] [1773823557.735244489] [local_costmap.local_costmap]: KeepoutFilter: New filter mask arrived from /keepout_filter_mask topic. Updating old filter mask.
[planner_server-12] [WARN] [1773823557.749209270] [global_costmap.global_costmap]: KeepoutFilter: New filter mask arrived from /keepout_filter_mask topic. Updating old filter mask.
[planner_server-12] [WARN] [1773823558.165574767] [planner_server]: GridBased plugin failed to plan from (2.94, -5.76) to (5.13, -6.87): "no valid path found"
[planner_server-12] [WARN] [1773823558.165687638] [planner_server]: [compute_path_through_poses] [ActionServer] Aborting handle.
[planner_server-12] [INFO] [1773823558.179393137] [global_costmap.global_costmap]: Received request to clear entirely the global_costmap
[planner_server-12] [INFO] [1773823558.184421870] [global_costmap.global_costmap]: KeepoutFilter: Subscribing to "/keepout_costmap_filter_info" topic for filter info...
[planner_server-12] [INFO] [1773823558.189581848] [global_costmap.global_costmap]: KeepoutFilter: Received filter info from /keepout_costmap_filter_info topic.
[planner_server-12] [INFO] [1773823558.189665262] [global_costmap.global_costmap]: KeepoutFilter: Subscribing to "/keepout_filter_mask" topic for filter mask...
[planner_server-12] [WARN] [1773823558.199079335] [global_costmap.global_costmap]: KeepoutFilter: New filter mask arrived from /keepout_filter_mask topic. Updating old filter mask.
[planner_server-12] [WARN] [1773823558.665172182] [planner_server]: GridBased plugin failed to plan from (2.94, -5.76) to (5.13, -6.87): "no valid path found"
[planner_server-12] [WARN] [1773823558.665284177] [planner_server]: [compute_path_through_poses] [ActionServer] Aborting handle.
[behavior_server-13] [INFO] [1773823558.677867968] [behavior_server]: Running wait
[behavior_server-13] [INFO] [1773823563.678152203] [behavior_server]: wait completed successfully
[controller_server-10] [INFO] [1773823563.697515538] [local_costmap.local_costmap]: Received request to clear entirely the local_costmap
[controller_server-10] [INFO] [1773823563.702649267] [local_costmap.local_costmap]: KeepoutFilter: Subscribing to "/keepout_costmap_filter_info" topic for filter info...
[planner_server-12] [INFO] [1773823563.707157102] [global_costmap.global_costmap]: Received request to clear entirely the global_costmap
[controller_server-10] [INFO] [1773823563.710445232] [local_costmap.local_costmap]: KeepoutFilter: Received filter info from /keepout_costmap_filter_info topic.
[controller_server-10] [INFO] [1773823563.710570644] [local_costmap.local_costmap]: KeepoutFilter: Subscribing to "/keepout_filter_mask" topic for filter mask...
[planner_server-12] [INFO] [1773823563.715297513] [global_costmap.global_costmap]: KeepoutFilter: Subscribing to "/keepout_costmap_filter_info" topic for filter info...
[planner_server-12] [INFO] [1773823563.726967253] [global_costmap.global_costmap]: KeepoutFilter: Received filter info from /keepout_costmap_filter_info topic.
[planner_server-12] [INFO] [1773823563.727064958] [global_costmap.global_costmap]: KeepoutFilter: Subscribing to "/keepout_filter_mask" topic for filter mask...
[controller_server-10] [WARN] [1773823563.736120877] [local_costmap.local_costmap]: KeepoutFilter: New filter mask arrived from /keepout_filter_mask topic. Updating old filter mask.
[planner_server-12] [WARN] [1773823563.743147454] [global_costmap.global_costmap]: KeepoutFilter: New filter mask arrived from /keepout_filter_mask topic. Updating old filter mask.
[planner_server-12] [WARN] [1773823564.131039741] [planner_server]: GridBased plugin failed to plan from (2.94, -5.76) to (5.13, -6.87): "no valid path found"
[planner_server-12] [WARN] [1773823564.131163403] [planner_server]: [compute_path_through_poses] [ActionServer] Aborting handle.
[planner_server-12] [INFO] [1773823564.147669967] [global_costmap.global_costmap]: Received request to clear entirely the global_costmap
[planner_server-12] [INFO] [1773823564.151772400] [global_costmap.global_costmap]: KeepoutFilter: Subscribing to "/keepout_costmap_filter_info" topic for filter info...
[planner_server-12] [INFO] [1773823564.156340025] [global_costmap.global_costmap]: KeepoutFilter: Received filter info from /keepout_costmap_filter_info topic.
[planner_server-12] [INFO] [1773823564.156418772] [global_costmap.global_costmap]: KeepoutFilter: Subscribing to "/keepout_filter_mask" topic for filter mask...
[planner_server-12] [WARN] [1773823564.164651055] [global_costmap.global_costmap]: KeepoutFilter: New filter mask arrived from /keepout_filter_mask topic. Updating old filter mask.
[planner_server-12] [WARN] [1773823564.671090136] [planner_server]: GridBased plugin failed to plan from (2.94, -5.76) to (5.13, -6.87): "no valid path found"
[planner_server-12] [WARN] [1773823564.671206798] [planner_server]: [compute_path_through_poses] [ActionServer] Aborting handle.
[controller_server-10] [INFO] [1773823564.687679238] [local_costmap.local_costmap]: Received request to clear entirely the local_costmap
[controller_server-10] [INFO] [1773823564.691232775] [local_costmap.local_costmap]: KeepoutFilter: Subscribing to "/keepout_costmap_filter_info" topic for filter info...
[planner_server-12] [INFO] [1773823564.695825482] [global_costmap.global_costmap]: Received request to clear entirely the global_costmap
[controller_server-10] [INFO] [1773823564.696775114] [local_costmap.local_costmap]: KeepoutFilter: Received filter info from /keepout_costmap_filter_info topic.
[controller_server-10] [INFO] [1773823564.696915401] [local_costmap.local_costmap]: KeepoutFilter: Subscribing to "/keepout_filter_mask" topic for filter mask...
[planner_server-12] [INFO] [1773823564.703468911] [global_costmap.global_costmap]: KeepoutFilter: Subscribing to "/keepout_costmap_filter_info" topic for filter info...
[controller_server-10] [INFO] [1773823564.707525263] [local_costmap.local_costmap]: Received request to clear entirely the local_costmap
[controller_server-10] [INFO] [1773823564.712879776] [local_costmap.local_costmap]: KeepoutFilter: Subscribing to "/keepout_costmap_filter_info" topic for filter info...
[planner_server-12] [INFO] [1773823564.716080992] [global_costmap.global_costmap]: KeepoutFilter: Received filter info from /keepout_costmap_filter_info topic.
[planner_server-12] [INFO] [1773823564.716215737] [global_costmap.global_costmap]: KeepoutFilter: Subscribing to "/keepout_filter_mask" topic for filter mask...
[controller_server-10] [INFO] [1773823564.724057784] [local_costmap.local_costmap]: KeepoutFilter: Received filter info from /keepout_costmap_filter_info topic.
[controller_server-10] [INFO] [1773823564.724215861] [local_costmap.local_costmap]: KeepoutFilter: Subscribing to "/keepout_filter_mask" topic for filter mask...
[planner_server-12] [INFO] [1773823564.729225928] [global_costmap.global_costmap]: Received request to clear entirely the global_costmap
[planner_server-12] [INFO] [1773823564.732862296] [global_costmap.global_costmap]: KeepoutFilter: Subscribing to "/keepout_costmap_filter_info" topic for filter info...
[planner_server-12] [INFO] [1773823564.745122639] [global_costmap.global_costmap]: KeepoutFilter: Received filter info from /keepout_costmap_filter_info topic.
[planner_server-12] [INFO] [1773823564.745288300] [global_costmap.global_costmap]: KeepoutFilter: Subscribing to "/keepout_filter_mask" topic for filter mask...
[controller_server-10] [WARN] [1773823564.745775366] [local_costmap.local_costmap]: KeepoutFilter: New filter mask arrived from /keepout_filter_mask topic. Updating old filter mask.
[planner_server-12] [WARN] [1773823564.769874318] [global_costmap.global_costmap]: KeepoutFilter: New filter mask arrived from /keepout_filter_mask topic. Updating old filter mask.
[planner_server-12] [WARN] [1773823565.163811468] [planner_server]: GridBased plugin failed to plan from (2.94, -5.76) to (5.13, -6.87): "no valid path found"
[planner_server-12] [WARN] [1773823565.163985587] [planner_server]: [compute_path_through_poses] [ActionServer] Aborting handle.
[planner_server-12] [INFO] [1773823565.183484541] [global_costmap.global_costmap]: Received request to clear entirely the global_costmap
[planner_server-12] [INFO] [1773823565.188674851] [global_costmap.global_costmap]: KeepoutFilter: Subscribing to "/keepout_costmap_filter_info" topic for filter info...
[planner_server-12] [INFO] [1773823565.192977652] [global_costmap.global_costmap]: KeepoutFilter: Received filter info from /keepout_costmap_filter_info topic.
[planner_server-12] [INFO] [1773823565.193060774] [global_costmap.global_costmap]: KeepoutFilter: Subscribing to "/keepout_filter_mask" topic for filter mask...
[planner_server-12] [WARN] [1773823565.214387829] [global_costmap.global_costmap]: KeepoutFilter: New filter mask arrived from /keepout_filter_mask topic. Updating old filter mask.
[planner_server-12] [WARN] [1773823565.658152658] [planner_server]: GridBased plugin failed to plan from (2.94, -5.76) to (5.13, -6.87): "no valid path found"
[planner_server-12] [WARN] [1773823565.658274278] [planner_server]: [compute_path_through_poses] [ActionServer] Aborting handle.
[bt_navigator-14] [WARN] [1773823565.683006125] [bt_navigator]: [navigate_through_poses] [ActionServer] Aborting handle.
[bt_navigator-14] [ERROR] [1773823565.683226908] [bt_navigator]: Goal failed
[delivery_robot_main_controller-20] [33m[WARN] [1773823565.823380163] [main_controller_node]: Goal failed![0m
[delivery_robot_main_controller-20] [33m[WARN] [1773823565.828446811] [main_controller_node]: Blocked lane encountered; stopping with FAILED per setting.[0m
[delivery_robot_main_controller-20] [0m[INFO] [1773823565.835316185] [main_controller_node]: State change: MOVE -> SAFE_STOP[0m
[delivery_robot_main_controller-20] [0m[INFO] [1773823565.849949151] [main_controller_node]: Robot is in SAFE_STOP. Awaiting user to switch to STANDBY.[0m
[delivery_robot_main_controller-20] [0m[INFO] [1773823565.853757011] [main_controller_node]: Robot is in SAFE_STOP. Awaiting user to switch to STANDBY.[0m
[delivery_robot_main_controller-20] [0m[INFO] [1773823565.875623921] [main_controller_node]: Current state: SAFE_STOP, dock_state IDLE, charge_state NOT_CHARGE[0m
[delivery_robot_main_controller-20] [0m[INFO] [1773823566.742851987] [main_controller_node]: Current state: SAFE_STOP, dock_state IDLE, charge_state NOT_CHARGE[0m
[delivery_robot_main_controller-20] [0m[INFO] [1773823566.858119693] [main_controller_node]: Published message: "safe_stop"[0m
[robot_sound-21] [0m[INFO] [1773823567.174922285] [robot_sound_node]: 🔔 Received sound command: safe_stop[0m
[robot_sound-21] Simple mixer control 'PCM',0
[robot_sound-21]   Capabilities: pvolume pswitch pswitch-joined
[robot_sound-21]   Playback channels: Front Left - Front Right
[robot_sound-21]   Limits: Playback 0 - 147
[robot_sound-21]   Mono:
[robot_sound-21]   Front Left: Playback 147 [100%] [-0.94dB] [on]
[robot_sound-21]   Front Right: Playback 147 [100%] [-0.94dB] [on]
[robot_sound-21] [0m[INFO] [1773823567.203496992] [robot_sound_node]: 🔊 Playing sound: /home/smr/workspaces/mini_amr/amrROS2_ws/sounds/robot_safestop.wav[0m
[robot_sound-21] Playing WAVE '/home/smr/workspaces/mini_amr/amrROS2_ws/sounds/robot_safestop.wav' : Signed 16 bit Little Endian, Rate 22050 Hz, Mono
[delivery_robot_main_controller-20] [0m[INFO] [1773823567.740368627] [main_controller_node]: Current state: SAFE_STOP, dock_state IDLE, charge_state NOT_CHARGE[0m
[delivery_robot_main_controller-20] [0m[INFO] [1773823568.753455615] [main_controller_node]: Current state: SAFE_STOP, dock_state IDLE, charge_state NOT_CHARGE[0m
[delivery_robot_main_controller-20] [0m[INFO] [1773823569.751498403] [main_controller_node]: Current state: SAFE_STOP, dock_state IDLE, charge_state NOT_CHARGE[0m
[delivery_robot_main_controller-20] [0m[INFO] [1773823570.737208516] [main_controller_node]: Current state: SAFE_STOP, dock_state IDLE, charge_state NOT_CHARGE[0m
[delivery_robot_main_controller-20] [0m[INFO] [1773823571.755775428] [main_controller_node]: Current state: SAFE_STOP, dock_state IDLE, charge_state NOT_CHARGE[0m
[delivery_robot_main_controller-20] [0m[INFO] [1773823572.762798304] [main_controller_node]: Current state: SAFE_STOP, dock_state IDLE, charge_state NOT_CHARGE[0m
[delivery_robot_main_controller-20] [0m[INFO] [1773823573.764762115] [main_controller_node]: Current state: SAFE_STOP, dock_state IDLE, charge_state NOT_CHARGE[0m
[delivery_robot_main_controller-20] [0m[INFO] [1773823574.726186032] [main_controller_node]: Current state: SAFE_STOP, dock_state IDLE, charge_state NOT_CHARGE[0m
[delivery_robot_main_controller-20] [0m[INFO] [1773823575.729365465] [main_controller_node]: Current state: SAFE_STOP, dock_state IDLE, charge_state NOT_CHARGE[0m
[delivery_robot_main_controller-20] [0m[INFO] [1773823576.728764744] [main_controller_node]: Current state: SAFE_STOP, dock_state IDLE, charge_state NOT_CHARGE[0m
[delivery_robot_main_controller-20] [0m[INFO] [1773823577.756610985] [main_controller_node]: Current state: SAFE_STOP, dock_state IDLE, charge_state NOT_CHARGE[0m
[delivery_robot_main_controller-20] [0m[INFO] [1773823578.766856660] [main_controller_node]: Current state: SAFE_STOP, dock_state IDLE, charge_state NOT_CHARGE[0m
[delivery_robot_main_controller-20] [0m[INFO] [1773823579.729359704] [main_controller_node]: Current state: SAFE_STOP, dock_state IDLE, charge_state NOT_CHARGE[0m
[delivery_robot_main_controller-20] [0m[INFO] [1773823580.739552297] [main_controller_node]: Current state: SAFE_STOP, dock_state IDLE, charge_state NOT_CHARGE[0m
[delivery_robot_main_controller-20] [0m[INFO] [1773823581.770015275] [main_controller_node]: Current state: SAFE_STOP, dock_state IDLE, charge_state NOT_CHARGE[0m
[delivery_robot_main_controller-20] [0m[INFO] [1773823582.738635513] [main_controller_node]: Current state: SAFE_STOP, dock_state IDLE, charge_state NOT_CHARGE[0m
[delivery_robot_main_controller-20] [0m[INFO] [1773823583.765997604] [main_controller_node]: Current state: SAFE_STOP, dock_state IDLE, charge_state NOT_CHARGE[0m
[delivery_robot_main_controller-20] [0m[INFO] [1773823583.861802520] [main_controller_node]: SAFE_STOP cleared to STANDBY via API/GUI.[0m
[delivery_robot_main_controller-20] [0m[INFO] [1773823583.864336719] [main_controller_node]: State change: SAFE_STOP -> STANDBY[0m
[delivery_robot_main_controller-20] [0m[INFO] [1773823583.872205015] [main_controller_node]: Robot is in STANDBY mode.[0m
[delivery_robot_main_controller-20] [0m[INFO] [1773823584.724880322] [main_controller_node]: Current state: STANDBY, dock_state IDLE, charge_state NOT_CHARGE[0m
[delivery_robot_main_controller-20] [0m[INFO] [1773823584.816624512] [main_controller_node]: State will be changed to PAUSED[0m
[delivery_robot_main_controller-20] [0m[INFO] [1773823584.817291529] [main_controller_node]: State change: STANDBY -> PAUSED[0m
[delivery_robot_main_controller-20] [0m[INFO] [1773823584.823908621] [main_controller_node]: Robot is PAUSED. Awaiting user to switch to STANDBY.[0m
[delivery_robot_main_controller-20] [0m[INFO] [1773823584.825760053] [main_controller_node]: Robot is PAUSED. Awaiting user to switch to STANDBY.[0m
[delivery_robot_main_controller-20] [0m[INFO] [1773823585.731090936] [main_controller_node]: Current state: PAUSED, dock_state IDLE, charge_state NOT_CHARGE[0m
[delivery_robot_main_controller-20] [0m[INFO] [1773823585.837785705] [main_controller_node]: Pause cleared to STANDBY via API/GUI.[0m
[delivery_robot_main_controller-20] [0m[INFO] [1773823585.840097370] [main_controller_node]: State change: PAUSED -> STANDBY[0m
[delivery_robot_main_controller-20] [0m[INFO] [1773823585.845741206] [main_controller_node]: Robot is in STANDBY mode.[0m
[delivery_robot_main_controller-20] [0m[INFO] [1773823586.731441306] [main_controller_node]: Current state: STANDBY, dock_state IDLE, charge_state NOT_CHARGE[0m
[delivery_robot_main_controller-20] [0m[INFO] [1773823586.803897409] [main_controller_node]: State will be changed to PAUSED[0m
[delivery_robot_main_controller-20] [0m[INFO] [1773823586.804566467] [main_controller_node]: State change: STANDBY -> PAUSED[0m
[delivery_robot_main_controller-20] [0m[INFO] [1773823586.811588086] [main_controller_node]: Robot is PAUSED. Awaiting user to switch to STANDBY.[0m
[delivery_robot_main_controller-20] [0m[INFO] [1773823586.812634839] [main_controller_node]: Robot is PAUSED. Awaiting user to switch to STANDBY.[0m
[delivery_robot_main_controller-20] [0m[INFO] [1773823587.761977781] [main_controller_node]: Current state: PAUSED, dock_state IDLE, charge_state NOT_CHARGE[0m
[delivery_robot_main_controller-20] [0m[INFO] [1773823587.823894894] [main_controller_node]: Pause cleared to STANDBY via API/GUI.[0m
[delivery_robot_main_controller-20] [0m[INFO] [1773823587.824561620] [main_controller_node]: State change: PAUSED -> STANDBY[0m
[delivery_robot_main_controller-20] [0m[INFO] [1773823587.830376657] [main_controller_node]: Robot is in STANDBY mode.[0m
[delivery_robot_main_controller-20] [0m[INFO] [1773823588.765796524] [main_controller_node]: Current state: STANDBY, dock_state IDLE, charge_state NOT_CHARGE[0m
[delivery_robot_main_controller-20] [0m[INFO] [1773823588.825924619] [main_controller_node]: 3 pending queues [0m
[delivery_robot_main_controller-20] [0m[INFO] [1773823588.829610568] [main_controller_node]: Queue action: Request[0m
[delivery_robot_main_controller-20] [0m[INFO] [1773823588.851111740] [main_controller_node]: AGV start_pos: x=2.94, y=-5.76[0m
[delivery_robot_main_controller-20] [0m[INFO] [1773823588.851688053] [main_controller_node]: AGV goal_pos: x=11.42, y=-11.96[0m
[delivery_robot_main_controller-20] Graph before shortest_path: Graph with 11 nodes and 10 edges
[delivery_robot_main_controller-20] [0m[INFO] [1773823588.872087932] [main_controller_node]: Computed AGV path waypoints:[0m
[delivery_robot_main_controller-20] [0m[INFO] [1773823588.872752908] [main_controller_node]:   Waypoint 0: x=2.94, y=-5.76[0m
[delivery_robot_main_controller-20] [0m[INFO] [1773823588.873370927] [main_controller_node]:   Waypoint 1: x=5.13, y=-6.87[0m
[delivery_robot_main_controller-20] [0m[INFO] [1773823588.873956573] [main_controller_node]:   Waypoint 2: x=7.32, y=-11.82[0m
[delivery_robot_main_controller-20] [0m[INFO] [1773823588.874538426] [main_controller_node]:   Waypoint 3: x=9.69, y=-12.00[0m
[delivery_robot_main_controller-20] [0m[INFO] [1773823588.875130780] [main_controller_node]:   Waypoint 4: x=11.42, y=-11.96[0m
[delivery_robot_main_controller-20] [0m[INFO] [1773823588.876563394] [main_controller_node]: Navigating with 5 goals....[0m
[bt_navigator-14] [INFO] [1773823588.878165752] [bt_navigator]: Begin navigating from current location through 5 poses to (11.42, -11.96)
[controller_server-10] [INFO] [1773823588.878457116] [local_costmap.local_costmap]: Received request to clear entirely the local_costmap
[controller_server-10] [INFO] [1773823588.882976910] [local_costmap.local_costmap]: KeepoutFilter: Subscribing to "/keepout_costmap_filter_info" topic for filter info...
[planner_server-12] [INFO] [1773823588.888737408] [global_costmap.global_costmap]: Received request to clear entirely the global_costmap
[controller_server-10] [INFO] [1773823588.889977529] [local_costmap.local_costmap]: KeepoutFilter: Received filter info from /keepout_costmap_filter_info topic.
[controller_server-10] [INFO] [1773823588.890060068] [local_costmap.local_costmap]: KeepoutFilter: Subscribing to "/keepout_filter_mask" topic for filter mask...
[planner_server-12] [INFO] [1773823588.897352634] [global_costmap.global_costmap]: KeepoutFilter: Subscribing to "/keepout_costmap_filter_info" topic for filter info...
[controller_server-10] [WARN] [1773823588.903037010] [local_costmap.local_costmap]: KeepoutFilter: New filter mask arrived from /keepout_filter_mask topic. Updating old filter mask.
[planner_server-12] [INFO] [1773823588.908304026] [global_costmap.global_costmap]: KeepoutFilter: Received filter info from /keepout_costmap_filter_info topic.
[planner_server-12] [INFO] [1773823588.908467062] [global_costmap.global_costmap]: KeepoutFilter: Subscribing to "/keepout_filter_mask" topic for filter mask...
[planner_server-12] [WARN] [1773823588.924713468] [global_costmap.global_costmap]: KeepoutFilter: New filter mask arrived from /keepout_filter_mask topic. Updating old filter mask.
[delivery_robot_main_controller-20] [0m[INFO] [1773823589.105858975] [main_controller_node]: State change: STANDBY -> MOVE[0m
[delivery_robot_main_controller-20] [0m[INFO] [1773823589.118455890] [main_controller_node]: Robot is MOVING.[0m
[planner_server-12] [WARN] [1773823589.130014801] [planner_server]: Planner loop missed its desired rate of 5.0000 Hz. Current loop rate is 4.3939 Hz
[controller_server-10] [INFO] [1773823589.149829327] [controller_server]: Received a goal, begin computing control effort.
[controller_server-10] [INFO] [1773823589.350341085] [controller_server]: Passing new path to controller.
[controller_server-10] [INFO] [1773823589.450342056] [controller_server]: Passing new path to controller.
[controller_server-10] [INFO] [1773823589.650340500] [controller_server]: Passing new path to controller.
[controller_server-10] [INFO] [1773823589.850309777] [controller_server]: Passing new path to controller.
[controller_server-10] [INFO] [1773823589.950393288] [controller_server]: Passing new path to controller.
[controller_server-10] [INFO] [1773823590.150317942] [controller_server]: Passing new path to controller.
[controller_server-10] [INFO] [1773823590.350307635] [controller_server]: Passing new path to controller.
[controller_server-10] [INFO] [1773823590.450318523] [controller_server]: Passing new path to controller.
[controller_server-10] [INFO] [1773823590.650342049] [controller_server]: Passing new path to controller.
[controller_server-10] [INFO] [1773823590.850341367] [controller_server]: Passing new path to controller.
[controller_server-10] [INFO] [1773823590.950346130] [controller_server]: Passing new path to controller.
[controller_server-10] [INFO] [1773823591.150312491] [controller_server]: Passing new path to controller.
[controller_server-10] [INFO] [1773823591.350315309] [controller_server]: Passing new path to controller.
[controller_server-10] [INFO] [1773823591.450309573] [controller_server]: Passing new path to controller.
[controller_server-10] [INFO] [1773823591.650314141] [controller_server]: Passing new path to controller.
[controller_server-10] [INFO] [1773823591.750312196] [controller_server]: Passing new path to controller.
[controller_server-10] [INFO] [1773823591.850312292] [controller_server]: Passing new path to controller.
[controller_server-10] [INFO] [1773823592.050311319] [controller_server]: Passing new path to controller.
[controller_server-10] [INFO] [1773823592.150322207] [controller_server]: Passing new path to controller.
[controller_server-10] [INFO] [1773823592.250312095] [controller_server]: Passing new path to controller.
[controller_server-10] [INFO] [1773823592.350307526] [controller_server]: Passing new path to controller.
[controller_server-10] [INFO] [1773823592.550312677] [controller_server]: Passing new path to controller.
[controller_server-10] [INFO] [1773823592.650310732] [controller_server]: Passing new path to controller.
[controller_server-10] [INFO] [1773823592.750311120] [controller_server]: Passing new path to controller.
[controller_server-10] [INFO] [1773823592.950313355] [controller_server]: Passing new path to controller.
[controller_server-10] [INFO] [1773823593.050271453] [controller_server]: Passing new path to controller.
[controller_server-10] [INFO] [1773823593.150310923] [controller_server]: Passing new path to controller.
[controller_server-10] [INFO] [1773823593.250304603] [controller_server]: Passing new path to controller.
[controller_server-10] [INFO] [1773823593.450315296] [controller_server]: Passing new path to controller.
[controller_server-10] [INFO] [1773823593.550312768] [controller_server]: Passing new path to controller.
[controller_server-10] [INFO] [1773823593.650310823] [controller_server]: Passing new path to controller.
[controller_server-10] [INFO] [1773823593.850339890] [controller_server]: Passing new path to controller.
[controller_server-10] [INFO] [1773823593.950301779] [controller_server]: Passing new path to controller.
[controller_server-10] [INFO] [1773823594.050321125] [controller_server]: Passing new path to controller.
[controller_server-10] [INFO] [1773823594.250312569] [controller_server]: Passing new path to controller.
[controller_server-10] [INFO] [1773823594.350311207] [controller_server]: Passing new path to controller.
[controller_server-10] [INFO] [1773823594.450307804] [controller_server]: Passing new path to controller.
[controller_server-10] [INFO] [1773823594.650344162] [controller_server]: Passing new path to controller.
[controller_server-10] [INFO] [1773823594.750341051] [controller_server]: Passing new path to controller.
[controller_server-10] [INFO] [1773823594.850313732] [controller_server]: Passing new path to controller.
[controller_server-10] [INFO] [1773823595.050337841] [controller_server]: Passing new path to controller.
[planner_server-12] [WARN] [1773823595.130825275] [planner_server]: GridBased plugin failed to plan from (3.01, -6.06) to (5.13, -6.87): "no valid path found"
[planner_server-12] [WARN] [1773823595.130975478] [planner_server]: [compute_path_through_poses] [ActionServer] Aborting handle.
[planner_server-12] [INFO] [1773823595.149087608] [global_costmap.global_costmap]: Received request to clear entirely the global_costmap
[planner_server-12] [INFO] [1773823595.155051973] [global_costmap.global_costmap]: KeepoutFilter: Subscribing to "/keepout_costmap_filter_info" topic for filter info...
[planner_server-12] [INFO] [1773823595.165816413] [global_costmap.global_costmap]: KeepoutFilter: Received filter info from /keepout_costmap_filter_info topic.
[planner_server-12] [INFO] [1773823595.165939492] [global_costmap.global_costmap]: KeepoutFilter: Subscribing to "/keepout_filter_mask" topic for filter mask...
[planner_server-12] [WARN] [1773823595.177385532] [global_costmap.global_costmap]: KeepoutFilter: New filter mask arrived from /keepout_filter_mask topic. Updating old filter mask.
[planner_server-12] [WARN] [1773823595.608142212] [planner_server]: Planner loop missed its desired rate of 5.0000 Hz. Current loop rate is 2.2391 Hz
[controller_server-10] [INFO] [1773823595.650342212] [controller_server]: Passing new path to controller.
[controller_server-10] [INFO] [1773823595.750363891] [controller_server]: Passing new path to controller.
[controller_server-10] [INFO] [1773823595.950401999] [controller_server]: Passing new path to controller.
[controller_server-10] [INFO] [1773823596.150343570] [controller_server]: Passing new path to controller.
[controller_server-10] [INFO] [1773823596.350312847] [controller_server]: Passing new path to controller.
[controller_server-10] [INFO] [1773823596.450311486] [controller_server]: Passing new path to controller.
[planner_server-12] [WARN] [1773823596.621824469] [planner_server]: GridBased plugin failed to plan from (3.69, -6.39) to (5.13, -6.87): "no valid path found"
[planner_server-12] [WARN] [1773823596.621952798] [planner_server]: [compute_path_through_poses] [ActionServer] Aborting handle.
[planner_server-12] [INFO] [1773823596.639260832] [global_costmap.global_costmap]: Received request to clear entirely the global_costmap
[planner_server-12] [INFO] [1773823596.645098911] [global_costmap.global_costmap]: KeepoutFilter: Subscribing to "/keepout_costmap_filter_info" topic for filter info...
[planner_server-12] [INFO] [1773823596.655643734] [global_costmap.global_costmap]: KeepoutFilter: Received filter info from /keepout_costmap_filter_info topic.
[planner_server-12] [INFO] [1773823596.655726273] [global_costmap.global_costmap]: KeepoutFilter: Subscribing to "/keepout_filter_mask" topic for filter mask...
[planner_server-12] [WARN] [1773823596.670488150] [global_costmap.global_costmap]: KeepoutFilter: New filter mask arrived from /keepout_filter_mask topic. Updating old filter mask.
[planner_server-12] [WARN] [1773823597.110088131] [planner_server]: Planner loop missed its desired rate of 5.0000 Hz. Current loop rate is 2.1970 Hz
[controller_server-10] [INFO] [1773823597.150311578] [controller_server]: Passing new path to controller.
[controller_server-10] [INFO] [1773823597.350315271] [controller_server]: Passing new path to controller.
[controller_server-10] [INFO] [1773823597.450315368] [controller_server]: Passing new path to controller.
[controller_server-10] [INFO] [1773823597.650310311] [controller_server]: Passing new path to controller.
[controller_server-10] [INFO] [1773823597.850309630] [controller_server]: Passing new path to controller.
[controller_server-10] [INFO] [1773823597.950313809] [controller_server]: Passing new path to controller.
[planner_server-12] [WARN] [1773823598.159229052] [planner_server]: GridBased plugin failed to plan from (4.13, -6.55) to (5.13, -6.87): "no valid path found"
[planner_server-12] [WARN] [1773823598.159403754] [planner_server]: [compute_path_through_poses] [ActionServer] Aborting handle.
[planner_server-12] [INFO] [1773823598.178872084] [global_costmap.global_costmap]: Received request to clear entirely the global_costmap
[planner_server-12] [INFO] [1773823598.183130554] [global_costmap.global_costmap]: KeepoutFilter: Subscribing to "/keepout_costmap_filter_info" topic for filter info...
[planner_server-12] [INFO] [1773823598.188540189] [global_costmap.global_costmap]: KeepoutFilter: Received filter info from /keepout_costmap_filter_info topic.
[planner_server-12] [INFO] [1773823598.188625644] [global_costmap.global_costmap]: KeepoutFilter: Subscribing to "/keepout_filter_mask" topic for filter mask...
[planner_server-12] [WARN] [1773823598.205844432] [global_costmap.global_costmap]: KeepoutFilter: New filter mask arrived from /keepout_filter_mask topic. Updating old filter mask.
[planner_server-12] [WARN] [1773823598.621652283] [planner_server]: GridBased plugin failed to plan from (4.21, -6.64) to (5.13, -6.87): "no valid path found"
[planner_server-12] [WARN] [1773823598.621768070] [planner_server]: [compute_path_through_poses] [ActionServer] Aborting handle.
[controller_server-10] [INFO] [1773823598.650308361] [controller_server]: Cancellation was successful. Stopping the robot.
[controller_server-10] [INFO] [1773823598.650392066] [controller_server]: [follow_path] [ActionServer] Client requested to cancel the goal. Cancelling.
[controller_server-10] [INFO] [1773823598.650839466] [local_costmap.local_costmap]: Received request to clear entirely the local_costmap
[controller_server-10] [INFO] [1773823598.651141622] [controller_server]: Optimizer reset
[controller_server-10] [INFO] [1773823598.658242571] [local_costmap.local_costmap]: KeepoutFilter: Subscribing to "/keepout_costmap_filter_info" topic for filter info...
[planner_server-12] [INFO] [1773823598.664057608] [global_costmap.global_costmap]: Received request to clear entirely the global_costmap
[controller_server-10] [INFO] [1773823598.665406517] [local_costmap.local_costmap]: KeepoutFilter: Received filter info from /keepout_costmap_filter_info topic.
[controller_server-10] [INFO] [1773823598.665530180] [local_costmap.local_costmap]: KeepoutFilter: Subscribing to "/keepout_filter_mask" topic for filter mask...
[planner_server-12] [INFO] [1773823598.676770311] [global_costmap.global_costmap]: KeepoutFilter: Subscribing to "/keepout_costmap_filter_info" topic for filter info...
[controller_server-10] [WARN] [1773823598.679596749] [local_costmap.local_costmap]: KeepoutFilter: New filter mask arrived from /keepout_filter_mask topic. Updating old filter mask.
[controller_server-10] [INFO] [1773823598.682946418] [local_costmap.local_costmap]: Received request to clear entirely the local_costmap
[planner_server-12] [INFO] [1773823598.688384636] [global_costmap.global_costmap]: KeepoutFilter: Received filter info from /keepout_costmap_filter_info topic.
[planner_server-12] [INFO] [1773823598.688703125] [global_costmap.global_costmap]: KeepoutFilter: Subscribing to "/keepout_filter_mask" topic for filter mask...
[controller_server-10] [INFO] [1773823598.688549422] [local_costmap.local_costmap]: KeepoutFilter: Subscribing to "/keepout_costmap_filter_info" topic for filter info...
[planner_server-12] [INFO] [1773823598.695646288] [global_costmap.global_costmap]: Received request to clear entirely the global_costmap
[planner_server-12] [INFO] [1773823598.699423816] [global_costmap.global_costmap]: KeepoutFilter: Subscribing to "/keepout_costmap_filter_info" topic for filter info...
[controller_server-10] [INFO] [1773823598.704456341] [local_costmap.local_costmap]: KeepoutFilter: Received filter info from /keepout_costmap_filter_info topic.
[controller_server-10] [INFO] [1773823598.704761705] [local_costmap.local_costmap]: KeepoutFilter: Subscribing to "/keepout_filter_mask" topic for filter mask...
[planner_server-12] [INFO] [1773823598.710488370] [global_costmap.global_costmap]: KeepoutFilter: Received filter info from /keepout_costmap_filter_info topic.
[planner_server-12] [INFO] [1773823598.710654906] [global_costmap.global_costmap]: KeepoutFilter: Subscribing to "/keepout_filter_mask" topic for filter mask...
[controller_server-10] [WARN] [1773823598.721849539] [local_costmap.local_costmap]: KeepoutFilter: New filter mask arrived from /keepout_filter_mask topic. Updating old filter mask.
[planner_server-12] [WARN] [1773823598.725824810] [global_costmap.global_costmap]: KeepoutFilter: New filter mask arrived from /keepout_filter_mask topic. Updating old filter mask.
[planner_server-12] [WARN] [1773823599.134021605] [planner_server]: GridBased plugin failed to plan from (4.29, -6.73) to (7.32, -11.82): "no valid path found"
[planner_server-12] [WARN] [1773823599.134236264] [planner_server]: [compute_path_through_poses] [ActionServer] Aborting handle.
[planner_server-12] [INFO] [1773823599.144725964] [global_costmap.global_costmap]: Received request to clear entirely the global_costmap
[planner_server-12] [INFO] [1773823599.148630363] [global_costmap.global_costmap]: KeepoutFilter: Subscribing to "/keepout_costmap_filter_info" topic for filter info...
[planner_server-12] [INFO] [1773823599.157035889] [global_costmap.global_costmap]: KeepoutFilter: Received filter info from /keepout_costmap_filter_info topic.
[planner_server-12] [INFO] [1773823599.157193092] [global_costmap.global_costmap]: KeepoutFilter: Subscribing to "/keepout_filter_mask" topic for filter mask...
[planner_server-12] [WARN] [1773823599.166042519] [global_costmap.global_costmap]: KeepoutFilter: New filter mask arrived from /keepout_filter_mask topic. Updating old filter mask.
[planner_server-12] [WARN] [1773823599.648784257] [planner_server]: GridBased plugin failed to plan from (4.32, -6.79) to (7.32, -11.82): "no valid path found"
[planner_server-12] [WARN] [1773823599.648917836] [planner_server]: [compute_path_through_poses] [ActionServer] Aborting handle.
[behavior_server-13] [INFO] [1773823599.664540682] [behavior_server]: Running wait
[behavior_server-13] [INFO] [1773823604.664861666] [behavior_server]: wait completed successfully
[controller_server-10] [INFO] [1773823604.683742310] [local_costmap.local_costmap]: Received request to clear entirely the local_costmap
[controller_server-10] [INFO] [1773823604.691424237] [local_costmap.local_costmap]: KeepoutFilter: Subscribing to "/keepout_costmap_filter_info" topic for filter info...
[planner_server-12] [INFO] [1773823604.699344156] [global_costmap.global_costmap]: Received request to clear entirely the global_costmap
[controller_server-10] [INFO] [1773823604.699852221] [local_costmap.local_costmap]: KeepoutFilter: Received filter info from /keepout_costmap_filter_info topic.
[controller_server-10] [INFO] [1773823604.700025756] [local_costmap.local_costmap]: KeepoutFilter: Subscribing to "/keepout_filter_mask" topic for filter mask...
[planner_server-12] [INFO] [1773823604.714624015] [global_costmap.global_costmap]: KeepoutFilter: Subscribing to "/keepout_costmap_filter_info" topic for filter info...
[planner_server-12] [INFO] [1773823604.730229653] [global_costmap.global_costmap]: KeepoutFilter: Received filter info from /keepout_costmap_filter_info topic.
[planner_server-12] [INFO] [1773823604.732846391] [global_costmap.global_costmap]: KeepoutFilter: Subscribing to "/keepout_filter_mask" topic for filter mask...
[controller_server-10] [WARN] [1773823604.745591467] [local_costmap.local_costmap]: KeepoutFilter: New filter mask arrived from /keepout_filter_mask topic. Updating old filter mask.
[planner_server-12] [WARN] [1773823604.751287217] [global_costmap.global_costmap]: KeepoutFilter: New filter mask arrived from /keepout_filter_mask topic. Updating old filter mask.
[planner_server-12] [WARN] [1773823605.168902168] [planner_server]: GridBased plugin failed to plan from (4.32, -6.79) to (7.32, -11.82): "no valid path found"
[planner_server-12] [WARN] [1773823605.169012122] [planner_server]: [compute_path_through_poses] [ActionServer] Aborting handle.
[planner_server-12] [INFO] [1773823605.186232368] [global_costmap.global_costmap]: Received request to clear entirely the global_costmap
[planner_server-12] [INFO] [1773823605.191240685] [global_costmap.global_costmap]: KeepoutFilter: Subscribing to "/keepout_costmap_filter_info" topic for filter info...
[planner_server-12] [INFO] [1773823605.196036093] [global_costmap.global_costmap]: KeepoutFilter: Received filter info from /keepout_costmap_filter_info topic.
[planner_server-12] [INFO] [1773823605.196173755] [global_costmap.global_costmap]: KeepoutFilter: Subscribing to "/keepout_filter_mask" topic for filter mask...
[planner_server-12] [WARN] [1773823605.206817450] [global_costmap.global_costmap]: KeepoutFilter: New filter mask arrived from /keepout_filter_mask topic. Updating old filter mask.
[planner_server-12] [WARN] [1773823605.630533261] [planner_server]: GridBased plugin failed to plan from (4.32, -6.79) to (7.32, -11.82): "no valid path found"
[planner_server-12] [WARN] [1773823605.630763378] [planner_server]: [compute_path_through_poses] [ActionServer] Aborting handle.
[controller_server-10] [INFO] [1773823605.646271019] [local_costmap.local_costmap]: Received request to clear entirely the local_costmap
[controller_server-10] [INFO] [1773823605.650395619] [local_costmap.local_costmap]: KeepoutFilter: Subscribing to "/keepout_costmap_filter_info" topic for filter info...
[planner_server-12] [INFO] [1773823605.656290862] [global_costmap.global_costmap]: Received request to clear entirely the global_costmap
[controller_server-10] [INFO] [1773823605.656428523] [local_costmap.local_costmap]: KeepoutFilter: Received filter info from /keepout_costmap_filter_info topic.
[controller_server-10] [INFO] [1773823605.656661848] [local_costmap.local_costmap]: KeepoutFilter: Subscribing to "/keepout_filter_mask" topic for filter mask...
[planner_server-12] [INFO] [1773823605.665656520] [global_costmap.global_costmap]: KeepoutFilter: Subscribing to "/keepout_costmap_filter_info" topic for filter info...
[controller_server-10] [INFO] [1773823605.669491796] [local_costmap.local_costmap]: Received request to clear entirely the local_costmap
[controller_server-10] [INFO] [1773823605.673744724] [local_costmap.local_costmap]: KeepoutFilter: Subscribing to "/keepout_costmap_filter_info" topic for filter info...
[planner_server-12] [INFO] [1773823605.676640868] [global_costmap.global_costmap]: KeepoutFilter: Received filter info from /keepout_costmap_filter_info topic.
[planner_server-12] [INFO] [1773823605.678917535] [global_costmap.global_costmap]: KeepoutFilter: Subscribing to "/keepout_filter_mask" topic for filter mask...
[planner_server-12] [INFO] [1773823605.682194874] [global_costmap.global_costmap]: Received request to clear entirely the global_costmap
[controller_server-10] [INFO] [1773823605.684803445] [local_costmap.local_costmap]: KeepoutFilter: Received filter info from /keepout_costmap_filter_info topic.
[controller_server-10] [INFO] [1773823605.685642831] [local_costmap.local_costmap]: KeepoutFilter: Subscribing to "/keepout_filter_mask" topic for filter mask...
[planner_server-12] [INFO] [1773823605.687001073] [global_costmap.global_costmap]: KeepoutFilter: Subscribing to "/keepout_costmap_filter_info" topic for filter info...
[planner_server-12] [INFO] [1773823605.699496492] [global_costmap.global_costmap]: KeepoutFilter: Received filter info from /keepout_costmap_filter_info topic.
[planner_server-12] [INFO] [1773823605.699573197] [global_costmap.global_costmap]: KeepoutFilter: Subscribing to "/keepout_filter_mask" topic for filter mask...
[controller_server-10] [WARN] [1773823605.715876768] [local_costmap.local_costmap]: KeepoutFilter: New filter mask arrived from /keepout_filter_mask topic. Updating old filter mask.
[planner_server-12] [WARN] [1773823605.732137466] [global_costmap.global_costmap]: KeepoutFilter: New filter mask arrived from /keepout_filter_mask topic. Updating old filter mask.
[planner_server-12] [WARN] [1773823606.124170685] [planner_server]: GridBased plugin failed to plan from (4.32, -6.79) to (7.32, -11.82): "no valid path found"
[planner_server-12] [WARN] [1773823606.124283264] [planner_server]: [compute_path_through_poses] [ActionServer] Aborting handle.
[planner_server-12] [INFO] [1773823606.136288117] [global_costmap.global_costmap]: Received request to clear entirely the global_costmap
[planner_server-12] [INFO] [1773823606.140303637] [global_costmap.global_costmap]: KeepoutFilter: Subscribing to "/keepout_costmap_filter_info" topic for filter info...
[planner_server-12] [INFO] [1773823606.145839268] [global_costmap.global_costmap]: KeepoutFilter: Received filter info from /keepout_costmap_filter_info topic.
[planner_server-12] [INFO] [1773823606.145977513] [global_costmap.global_costmap]: KeepoutFilter: Subscribing to "/keepout_filter_mask" topic for filter mask...
[planner_server-12] [WARN] [1773823606.162221295] [global_costmap.global_costmap]: KeepoutFilter: New filter mask arrived from /keepout_filter_mask topic. Updating old filter mask.
[planner_server-12] [WARN] [1773823606.662871296] [planner_server]: GridBased plugin failed to plan from (4.32, -6.79) to (7.32, -11.82): "no valid path found"
[planner_server-12] [WARN] [1773823606.662985333] [planner_server]: [compute_path_through_poses] [ActionServer] Aborting handle.
[bt_navigator-14] [WARN] [1773823606.685789625] [bt_navigator]: [navigate_through_poses] [ActionServer] Aborting handle.
[bt_navigator-14] [ERROR] [1773823606.686179569] [bt_navigator]: Goal failed
[delivery_robot_main_controller-20] [33m[WARN] [1773823606.839961909] [main_controller_node]: Goal failed![0m
[delivery_robot_main_controller-20] [33m[WARN] [1773823606.844247211] [main_controller_node]: Blocked lane encountered; stopping with FAILED per setting.[0m
[delivery_robot_main_controller-20] [0m[INFO] [1773823606.844894979] [main_controller_node]: State change: MOVE -> SAFE_STOP[0m
[delivery_robot_main_controller-20] [0m[INFO] [1773823606.856555969] [main_controller_node]: Robot is in SAFE_STOP. Awaiting user to switch to STANDBY.[0m
[delivery_robot_main_controller-20] [0m[INFO] [1773823606.858189535] [main_controller_node]: Robot is in SAFE_STOP. Awaiting user to switch to STANDBY.[0m
[delivery_robot_main_controller-20] [0m[INFO] [1773823606.880484595] [main_controller_node]: Current state: SAFE_STOP, dock_state IDLE, charge_state NOT_CHARGE[0m
[delivery_robot_main_controller-20] [0m[INFO] [1773823607.725111363] [main_controller_node]: Current state: SAFE_STOP, dock_state IDLE, charge_state NOT_CHARGE[0m
[delivery_robot_main_controller-20] [0m[INFO] [1773823607.871880542] [main_controller_node]: Published message: "safe_stop"[0m
[robot_sound-21] [0m[INFO] [1773823608.205174824] [robot_sound_node]: 🔔 Received sound command: safe_stop[0m
[robot_sound-21] Simple mixer control 'PCM',0
[robot_sound-21]   Capabilities: pvolume pswitch pswitch-joined
[robot_sound-21]   Playback channels: Front Left - Front Right
[robot_sound-21]   Limits: Playback 0 - 147
[robot_sound-21]   Mono:
[robot_sound-21]   Front Left: Playback 147 [100%] [-0.94dB] [on]
[robot_sound-21]   Front Right: Playback 147 [100%] [-0.94dB] [on]
[robot_sound-21] [0m[INFO] [1773823608.232320707] [robot_sound_node]: 🔊 Playing sound: /home/smr/workspaces/mini_amr/amrROS2_ws/sounds/robot_safestop.wav[0m
[robot_sound-21] Playing WAVE '/home/smr/workspaces/mini_amr/amrROS2_ws/sounds/robot_safestop.wav' : Signed 16 bit Little Endian, Rate 22050 Hz, Mono
[delivery_robot_main_controller-20] [0m[INFO] [1773823608.724425187] [main_controller_node]: Current state: SAFE_STOP, dock_state IDLE, charge_state NOT_CHARGE[0m
[delivery_robot_main_controller-20] [0m[INFO] [1773823609.736741036] [main_controller_node]: Current state: SAFE_STOP, dock_state IDLE, charge_state NOT_CHARGE[0m
[delivery_robot_main_controller-20] [0m[INFO] [1773823609.883483383] [main_controller_node]: SAFE_STOP cleared to STANDBY via API/GUI.[0m
[delivery_robot_main_controller-20] [0m[INFO] [1773823609.887983636] [main_controller_node]: State change: SAFE_STOP -> STANDBY[0m
[delivery_robot_main_controller-20] [0m[INFO] [1773823609.891781289] [main_controller_node]: Robot is in STANDBY mode.[0m
[delivery_robot_main_controller-20] [0m[INFO] [1773823610.748062047] [main_controller_node]: Current state: STANDBY, dock_state IDLE, charge_state NOT_CHARGE[0m
[delivery_robot_main_controller-20] [0m[INFO] [1773823610.848982318] [main_controller_node]: 3 pending queues [0m
[delivery_robot_main_controller-20] [0m[INFO] [1773823610.855156384] [main_controller_node]: Queue action: Request[0m
[delivery_robot_main_controller-20] [0m[INFO] [1773823610.882800124] [main_controller_node]: AGV start_pos: x=4.32, y=-6.79[0m
[delivery_robot_main_controller-20] [0m[INFO] [1773823610.883365645] [main_controller_node]: AGV goal_pos: x=11.42, y=-11.96[0m
[delivery_robot_main_controller-20] Graph before shortest_path: Graph with 11 nodes and 10 edges
[delivery_robot_main_controller-20] [0m[INFO] [1773823610.905273678] [main_controller_node]: Computed AGV path waypoints:[0m
[delivery_robot_main_controller-20] [0m[INFO] [1773823610.905936029] [main_controller_node]:   Waypoint 0: x=4.32, y=-6.79[0m
[delivery_robot_main_controller-20] [0m[INFO] [1773823610.906854745] [main_controller_node]:   Waypoint 1: x=7.32, y=-11.82[0m
[delivery_robot_main_controller-20] [0m[INFO] [1773823610.907496097] [main_controller_node]:   Waypoint 2: x=9.69, y=-12.00[0m
[delivery_robot_main_controller-20] [0m[INFO] [1773823610.908164864] [main_controller_node]:   Waypoint 3: x=11.42, y=-11.96[0m
[delivery_robot_main_controller-20] [0m[INFO] [1773823610.909503274] [main_controller_node]: Navigating with 4 goals....[0m
[bt_navigator-14] [INFO] [1773823610.910356368] [bt_navigator]: Begin navigating from current location through 4 poses to (11.42, -11.96)
[controller_server-10] [INFO] [1773823610.910633149] [local_costmap.local_costmap]: Received request to clear entirely the local_costmap
[controller_server-10] [INFO] [1773823610.917632602] [local_costmap.local_costmap]: KeepoutFilter: Subscribing to "/keepout_costmap_filter_info" topic for filter info...
[planner_server-12] [INFO] [1773823610.920443874] [global_costmap.global_costmap]: Received request to clear entirely the global_costmap
[planner_server-12] [INFO] [1773823610.924912919] [global_costmap.global_costmap]: KeepoutFilter: Subscribing to "/keepout_costmap_filter_info" topic for filter info...
[controller_server-10] [INFO] [1773823610.926573317] [local_costmap.local_costmap]: KeepoutFilter: Received filter info from /keepout_costmap_filter_info topic.
[controller_server-10] [INFO] [1773823610.926721186] [local_costmap.local_costmap]: KeepoutFilter: Subscribing to "/keepout_filter_mask" topic for filter mask...
[planner_server-12] [INFO] [1773823610.940835587] [global_costmap.global_costmap]: KeepoutFilter: Received filter info from /keepout_costmap_filter_info topic.
[planner_server-12] [INFO] [1773823610.940925126] [global_costmap.global_costmap]: KeepoutFilter: Subscribing to "/keepout_filter_mask" topic for filter mask...
[controller_server-10] [WARN] [1773823610.944913522] [local_costmap.local_costmap]: KeepoutFilter: New filter mask arrived from /keepout_filter_mask topic. Updating old filter mask.
[planner_server-12] [WARN] [1773823610.961084389] [global_costmap.global_costmap]: KeepoutFilter: New filter mask arrived from /keepout_filter_mask topic. Updating old filter mask.
[planner_server-12] [WARN] [1773823611.158700878] [planner_server]: GridBased plugin failed to plan from (4.32, -6.79) to (7.32, -11.82): "no valid path found"
[planner_server-12] [WARN] [1773823611.158832415] [planner_server]: [compute_path_through_poses] [ActionServer] Aborting handle.
[planner_server-12] [INFO] [1773823611.171039094] [global_costmap.global_costmap]: Received request to clear entirely the global_costmap
[planner_server-12] [INFO] [1773823611.176031661] [global_costmap.global_costmap]: KeepoutFilter: Subscribing to "/keepout_costmap_filter_info" topic for filter info...
[planner_server-12] [INFO] [1773823611.181585375] [global_costmap.global_costmap]: KeepoutFilter: Received filter info from /keepout_costmap_filter_info topic.
[planner_server-12] [INFO] [1773823611.181753077] [global_costmap.global_costmap]: KeepoutFilter: Subscribing to "/keepout_filter_mask" topic for filter mask...
[planner_server-12] [WARN] [1773823611.190633128] [global_costmap.global_costmap]: KeepoutFilter: New filter mask arrived from /keepout_filter_mask topic. Updating old filter mask.
[delivery_robot_main_controller-20] [0m[INFO] [1773823611.284049673] [main_controller_node]: State change: STANDBY -> MOVE[0m
[delivery_robot_main_controller-20] [0m[INFO] [1773823611.302380254] [main_controller_node]: Robot is MOVING.[0m
[planner_server-12] [WARN] [1773823611.633028632] [planner_server]: GridBased plugin failed to plan from (4.32, -6.79) to (7.32, -11.82): "no valid path found"
[planner_server-12] [WARN] [1773823611.633150544] [planner_server]: [compute_path_through_poses] [ActionServer] Aborting handle.
[controller_server-10] [INFO] [1773823611.651072514] [local_costmap.local_costmap]: Received request to clear entirely the local_costmap
[controller_server-10] [INFO] [1773823611.655670471] [local_costmap.local_costmap]: KeepoutFilter: Subscribing to "/keepout_costmap_filter_info" topic for filter info...
[planner_server-12] [INFO] [1773823611.660164016] [global_costmap.global_costmap]: Received request to clear entirely the global_costmap
[controller_server-10] [INFO] [1773823611.661085065] [local_costmap.local_costmap]: KeepoutFilter: Received filter info from /keepout_costmap_filter_info topic.
[controller_server-10] [INFO] [1773823611.661239060] [local_costmap.local_costmap]: KeepoutFilter: Subscribing to "/keepout_filter_mask" topic for filter mask...
[planner_server-12] [INFO] [1773823611.666671736] [global_costmap.global_costmap]: KeepoutFilter: Subscribing to "/keepout_costmap_filter_info" topic for filter info...
[controller_server-10] [INFO] [1773823611.671894420] [local_costmap.local_costmap]: Received request to clear entirely the local_costmap
[controller_server-10] [INFO] [1773823611.675173217] [local_costmap.local_costmap]: KeepoutFilter: Subscribing to "/keepout_costmap_filter_info" topic for filter info...
[planner_server-12] [INFO] [1773823611.682048716] [global_costmap.global_costmap]: KeepoutFilter: Received filter info from /keepout_costmap_filter_info topic.
[planner_server-12] [INFO] [1773823611.682128047] [global_costmap.global_costmap]: KeepoutFilter: Subscribing to "/keepout_filter_mask" topic for filter mask...
[controller_server-10] [INFO] [1773823611.686312727] [local_costmap.local_costmap]: KeepoutFilter: Received filter info from /keepout_costmap_filter_info topic.
[controller_server-10] [INFO] [1773823611.686454763] [local_costmap.local_costmap]: KeepoutFilter: Subscribing to "/keepout_filter_mask" topic for filter mask...
[planner_server-12] [INFO] [1773823611.686560635] [global_costmap.global_costmap]: Received request to clear entirely the global_costmap
[planner_server-12] [INFO] [1773823611.692628538] [global_costmap.global_costmap]: KeepoutFilter: Subscribing to "/keepout_costmap_filter_info" topic for filter info...
[planner_server-12] [INFO] [1773823611.703944500] [global_costmap.global_costmap]: KeepoutFilter: Received filter info from /keepout_costmap_filter_info topic.
[planner_server-12] [INFO] [1773823611.704021205] [global_costmap.global_costmap]: KeepoutFilter: Subscribing to "/keepout_filter_mask" topic for filter mask...
[controller_server-10] [WARN] [1773823611.714907557] [local_costmap.local_costmap]: KeepoutFilter: New filter mask arrived from /keepout_filter_mask topic. Updating old filter mask.
[planner_server-12] [WARN] [1773823611.729329072] [global_costmap.global_costmap]: KeepoutFilter: New filter mask arrived from /keepout_filter_mask topic. Updating old filter mask.
[planner_server-12] [WARN] [1773823612.133649759] [planner_server]: GridBased plugin failed to plan from (4.32, -6.79) to (7.32, -11.82): "no valid path found"
[planner_server-12] [WARN] [1773823612.133769921] [planner_server]: [compute_path_through_poses] [ActionServer] Aborting handle.
[planner_server-12] [INFO] [1773823612.146765238] [global_costmap.global_costmap]: Received request to clear entirely the global_costmap
[planner_server-12] [INFO] [1773823612.153095340] [global_costmap.global_costmap]: KeepoutFilter: Subscribing to "/keepout_costmap_filter_info" topic for filter info...
[planner_server-12] [INFO] [1773823612.156311431] [global_costmap.global_costmap]: KeepoutFilter: Received filter info from /keepout_costmap_filter_info topic.
[planner_server-12] [INFO] [1773823612.156388428] [global_costmap.global_costmap]: KeepoutFilter: Subscribing to "/keepout_filter_mask" topic for filter mask...
[planner_server-12] [WARN] [1773823612.178288003] [global_costmap.global_costmap]: KeepoutFilter: New filter mask arrived from /keepout_filter_mask topic. Updating old filter mask.
[planner_server-12] [WARN] [1773823612.633452791] [planner_server]: GridBased plugin failed to plan from (4.32, -6.79) to (7.32, -11.82): "no valid path found"
[planner_server-12] [WARN] [1773823612.633646450] [planner_server]: [compute_path_through_poses] [ActionServer] Aborting handle.
[behavior_server-13] [INFO] [1773823612.647216913] [behavior_server]: Running wait
[delivery_robot_main_controller-20] [0m[INFO] [1773823614.475369581] [main_controller_node]: Canceling current goal.[0m
[behavior_server-13] [INFO] [1773823614.547489113] [behavior_server]: Canceling wait
[behavior_server-13] [INFO] [1773823614.547862433] [behavior_server]: [wait] [ActionServer] Client requested to cancel the goal. Cancelling.
[bt_navigator-14] [INFO] [1773823614.548524784] [bt_navigator]: [navigate_through_poses] [ActionServer] Client requested to cancel the goal. Cancelling.
[bt_navigator-14] [INFO] [1773823614.548756359] [bt_navigator]: Goal canceled
[delivery_robot_main_controller-20] [0m[INFO] [1773823614.784133843] [main_controller_node]: Goal was canceled![0m
[delivery_robot_main_controller-20] [0m[INFO] [1773823614.784850733] [main_controller_node]: State change: MOVE -> PAUSED[0m
[delivery_robot_main_controller-20] [0m[INFO] [1773823614.796432393] [main_controller_node]: Robot is PAUSED. Awaiting user to switch to STANDBY.[0m
[delivery_robot_main_controller-20] [0m[INFO] [1773823614.800729361] [main_controller_node]: Robot is PAUSED. Awaiting user to switch to STANDBY.[0m
[delivery_robot_main_controller-20] [0m[INFO] [1773823614.819401762] [main_controller_node]: Current state: PAUSED, dock_state IDLE, charge_state NOT_CHARGE[0m
[delivery_robot_main_controller-20] [0m[INFO] [1773823615.733983682] [main_controller_node]: Current state: PAUSED, dock_state IDLE, charge_state NOT_CHARGE[0m
[delivery_robot_main_controller-20] [0m[INFO] [1773823615.840951441] [main_controller_node]: Pause cleared to STANDBY via API/GUI.[0m
[delivery_robot_main_controller-20] [0m[INFO] [1773823615.843449183] [main_controller_node]: State change: PAUSED -> STANDBY[0m
[delivery_robot_main_controller-20] [0m[INFO] [1773823615.851425100] [main_controller_node]: Robot is in STANDBY mode.[0m
[delivery_robot_main_controller-20] [0m[INFO] [1773823616.730312991] [main_controller_node]: Current state: STANDBY, dock_state IDLE, charge_state NOT_CHARGE[0m
[delivery_robot_main_controller-20] [0m[INFO] [1773823616.792489094] [main_controller_node]: 3 pending queues [0m
[delivery_robot_main_controller-20] [0m[INFO] [1773823616.793502890] [main_controller_node]: Queue action: Request[0m
[delivery_robot_main_controller-20] [0m[INFO] [1773823616.824822080] [main_controller_node]: AGV start_pos: x=4.32, y=-6.79[0m
[delivery_robot_main_controller-20] [0m[INFO] [1773823616.825425807] [main_controller_node]: AGV goal_pos: x=11.42, y=-11.96[0m
[delivery_robot_main_controller-20] Graph before shortest_path: Graph with 11 nodes and 10 edges
[delivery_robot_main_controller-20] [0m[INFO] [1773823616.849827208] [main_controller_node]: Computed AGV path waypoints:[0m
[delivery_robot_main_controller-20] [0m[INFO] [1773823616.854818025] [main_controller_node]:   Waypoint 0: x=4.32, y=-6.79[0m
[delivery_robot_main_controller-20] [0m[INFO] [1773823616.856802161] [main_controller_node]:   Waypoint 1: x=7.32, y=-11.82[0m
[delivery_robot_main_controller-20] [0m[INFO] [1773823616.857462470] [main_controller_node]:   Waypoint 2: x=9.69, y=-12.00[0m
[delivery_robot_main_controller-20] [0m[INFO] [1773823616.858084573] [main_controller_node]:   Waypoint 3: x=11.42, y=-11.96[0m
[delivery_robot_main_controller-20] [0m[INFO] [1773823616.859483355] [main_controller_node]: Navigating with 4 goals....[0m
[bt_navigator-14] [INFO] [1773823616.861935890] [bt_navigator]: Begin navigating from current location through 4 poses to (11.42, -11.96)
[controller_server-10] [INFO] [1773823616.862356750] [local_costmap.local_costmap]: Received request to clear entirely the local_costmap
[controller_server-10] [INFO] [1773823616.865534925] [local_costmap.local_costmap]: KeepoutFilter: Subscribing to "/keepout_costmap_filter_info" topic for filter info...
[controller_server-10] [INFO] [1773823616.869911807] [local_costmap.local_costmap]: KeepoutFilter: Received filter info from /keepout_costmap_filter_info topic.
[controller_server-10] [INFO] [1773823616.869997846] [local_costmap.local_costmap]: KeepoutFilter: Subscribing to "/keepout_filter_mask" topic for filter mask...
[planner_server-12] [INFO] [1773823616.870803983] [global_costmap.global_costmap]: Received request to clear entirely the global_costmap
[planner_server-12] [INFO] [1773823616.876998173] [global_costmap.global_costmap]: KeepoutFilter: Subscribing to "/keepout_costmap_filter_info" topic for filter info...
[controller_server-10] [WARN] [1773823616.885143251] [local_costmap.local_costmap]: KeepoutFilter: New filter mask arrived from /keepout_filter_mask topic. Updating old filter mask.
[planner_server-12] [INFO] [1773823616.888116975] [global_costmap.global_costmap]: KeepoutFilter: Received filter info from /keepout_costmap_filter_info topic.
[planner_server-12] [INFO] [1773823616.888275053] [global_costmap.global_costmap]: KeepoutFilter: Subscribing to "/keepout_filter_mask" topic for filter mask...
[planner_server-12] [WARN] [1773823616.904738160] [global_costmap.global_costmap]: KeepoutFilter: New filter mask arrived from /keepout_filter_mask topic. Updating old filter mask.
[planner_server-12] [WARN] [1773823617.169285912] [planner_server]: GridBased plugin failed to plan from (4.32, -6.79) to (7.32, -11.82): "no valid path found"
[planner_server-12] [WARN] [1773823617.169405199] [planner_server]: [compute_path_through_poses] [ActionServer] Aborting handle.
[planner_server-12] [INFO] [1773823617.183115656] [global_costmap.global_costmap]: Received request to clear entirely the global_costmap
[planner_server-12] [INFO] [1773823617.187615325] [global_costmap.global_costmap]: KeepoutFilter: Subscribing to "/keepout_costmap_filter_info" topic for filter info...
[planner_server-12] [INFO] [1773823617.193342283] [global_costmap.global_costmap]: KeepoutFilter: Received filter info from /keepout_costmap_filter_info topic.
[planner_server-12] [INFO] [1773823617.193463320] [global_costmap.global_costmap]: KeepoutFilter: Subscribing to "/keepout_filter_mask" topic for filter mask...
[planner_server-12] [WARN] [1773823617.203357167] [global_costmap.global_costmap]: KeepoutFilter: New filter mask arrived from /keepout_filter_mask topic. Updating old filter mask.
[delivery_robot_main_controller-20] [0m[INFO] [1773823617.278762495] [main_controller_node]: State change: STANDBY -> MOVE[0m
[delivery_robot_main_controller-20] [0m[INFO] [1773823617.293151053] [main_controller_node]: Robot is MOVING.[0m
[planner_server-12] [WARN] [1773823617.628458928] [planner_server]: GridBased plugin failed to plan from (4.32, -6.79) to (7.32, -11.82): "no valid path found"
[planner_server-12] [WARN] [1773823617.628634505] [planner_server]: [compute_path_through_poses] [ActionServer] Aborting handle.
[controller_server-10] [INFO] [1773823617.642795571] [local_costmap.local_costmap]: Received request to clear entirely the local_costmap
[controller_server-10] [INFO] [1773823617.648236997] [local_costmap.local_costmap]: KeepoutFilter: Subscribing to "/keepout_costmap_filter_info" topic for filter info...
[planner_server-12] [INFO] [1773823617.654312192] [global_costmap.global_costmap]: Received request to clear entirely the global_costmap
[controller_server-10] [INFO] [1773823617.655039290] [local_costmap.local_costmap]: KeepoutFilter: Received filter info from /keepout_costmap_filter_info topic.
[controller_server-10] [INFO] [1773823617.655834053] [local_costmap.local_costmap]: KeepoutFilter: Subscribing to "/keepout_filter_mask" topic for filter mask...
[planner_server-12] [INFO] [1773823617.664038628] [global_costmap.global_costmap]: KeepoutFilter: Subscribing to "/keepout_costmap_filter_info" topic for filter info...
[controller_server-10] [INFO] [1773823617.672790933] [local_costmap.local_costmap]: Received request to clear entirely the local_costmap
[planner_server-12] [INFO] [1773823617.677698629] [global_costmap.global_costmap]: KeepoutFilter: Received filter info from /keepout_costmap_filter_info topic.
[planner_server-12] [INFO] [1773823617.677966661] [global_costmap.global_costmap]: KeepoutFilter: Subscribing to "/keepout_filter_mask" topic for filter mask...
[controller_server-10] [INFO] [1773823617.679116952] [local_costmap.local_costmap]: KeepoutFilter: Subscribing to "/keepout_costmap_filter_info" topic for filter info...
[planner_server-12] [INFO] [1773823617.686096572] [global_costmap.global_costmap]: Received request to clear entirely the global_costmap
[controller_server-10] [INFO] [1773823617.690110634] [local_costmap.local_costmap]: KeepoutFilter: Received filter info from /keepout_costmap_filter_info topic.
[controller_server-10] [INFO] [1773823617.690237504] [local_costmap.local_costmap]: KeepoutFilter: Subscribing to "/keepout_filter_mask" topic for filter mask...
[planner_server-12] [INFO] [1773823617.694176610] [global_costmap.global_costmap]: KeepoutFilter: Subscribing to "/keepout_costmap_filter_info" topic for filter info...
[controller_server-10] [WARN] [1773823617.705347910] [local_costmap.local_costmap]: KeepoutFilter: New filter mask arrived from /keepout_filter_mask topic. Updating old filter mask.
[planner_server-12] [INFO] [1773823617.705396034] [global_costmap.global_costmap]: KeepoutFilter: Received filter info from /keepout_costmap_filter_info topic.
[planner_server-12] [INFO] [1773823617.705620025] [global_costmap.global_costmap]: KeepoutFilter: Subscribing to "/keepout_filter_mask" topic for filter mask...
[planner_server-12] [WARN] [1773823617.720627185] [global_costmap.global_costmap]: KeepoutFilter: New filter mask arrived from /keepout_filter_mask topic. Updating old filter mask.
[planner_server-12] [WARN] [1773823618.165882960] [planner_server]: GridBased plugin failed to plan from (4.32, -6.79) to (7.32, -11.82): "no valid path found"
[planner_server-12] [WARN] [1773823618.166018872] [planner_server]: [compute_path_through_poses] [ActionServer] Aborting handle.
[planner_server-12] [INFO] [1773823618.182754677] [global_costmap.global_costmap]: Received request to clear entirely the global_costmap
[planner_server-12] [INFO] [1773823618.188866620] [global_costmap.global_costmap]: KeepoutFilter: Subscribing to "/keepout_costmap_filter_info" topic for filter info...
[planner_server-12] [INFO] [1773823618.191757806] [global_costmap.global_costmap]: KeepoutFilter: Received filter info from /keepout_costmap_filter_info topic.
[planner_server-12] [INFO] [1773823618.191906843] [global_costmap.global_costmap]: KeepoutFilter: Subscribing to "/keepout_filter_mask" topic for filter mask...
[planner_server-12] [WARN] [1773823618.214996666] [global_costmap.global_costmap]: KeepoutFilter: New filter mask arrived from /keepout_filter_mask topic. Updating old filter mask.
[planner_server-12] [WARN] [1773823618.623461201] [planner_server]: GridBased plugin failed to plan from (4.32, -6.79) to (7.32, -11.82): "no valid path found"
[planner_server-12] [WARN] [1773823618.623576405] [planner_server]: [compute_path_through_poses] [ActionServer] Aborting handle.
[behavior_server-13] [INFO] [1773823618.643305768] [behavior_server]: Running wait
[behavior_server-13] [INFO] [1773823623.643735248] [behavior_server]: wait completed successfully
[controller_server-10] [INFO] [1773823623.662445565] [local_costmap.local_costmap]: Received request to clear entirely the local_costmap
[controller_server-10] [INFO] [1773823623.667630917] [local_costmap.local_costmap]: KeepoutFilter: Subscribing to "/keepout_costmap_filter_info" topic for filter info...
[planner_server-12] [INFO] [1773823623.673941478] [global_costmap.global_costmap]: Received request to clear entirely the global_costmap
[controller_server-10] [INFO] [1773823623.674702409] [local_costmap.local_costmap]: KeepoutFilter: Received filter info from /keepout_costmap_filter_info topic.
[controller_server-10] [INFO] [1773823623.674859028] [local_costmap.local_costmap]: KeepoutFilter: Subscribing to "/keepout_filter_mask" topic for filter mask...
[planner_server-12] [INFO] [1773823623.686349983] [global_costmap.global_costmap]: KeepoutFilter: Subscribing to "/keepout_costmap_filter_info" topic for filter info...
[controller_server-10] [WARN] [1773823623.695963840] [local_costmap.local_costmap]: KeepoutFilter: New filter mask arrived from /keepout_filter_mask topic. Updating old filter mask.
[planner_server-12] [INFO] [1773823623.697662736] [global_costmap.global_costmap]: KeepoutFilter: Received filter info from /keepout_costmap_filter_info topic.
[planner_server-12] [INFO] [1773823623.697809731] [global_costmap.global_costmap]: KeepoutFilter: Subscribing to "/keepout_filter_mask" topic for filter mask...
[planner_server-12] [WARN] [1773823623.725671338] [global_costmap.global_costmap]: KeepoutFilter: New filter mask arrived from /keepout_filter_mask topic. Updating old filter mask.
[bash-27] 4
[bash-27] queue action->Request :  current state-> STANDBY : previous state-> 
[bash-27] queue action->Request :  current state-> MOVE : previous state-> STANDBY
[bash-27] queue action->Request :  current state-> SAFE_STOP : previous state-> MOVE
[bash-27] Dialog rejected!
[bash-27] queue action->Request :  current state-> STANDBY : previous state-> SAFE_STOP
[bash-27] queue action->Request :  current state-> MOVE : previous state-> STANDBY
[bash-27] queue action->Request :  current state-> SAFE_STOP : previous state-> MOVE
[bash-27] Dialog rejected!
[bash-27] queue action->Request :  current state-> STANDBY : previous state-> SAFE_STOP
[bash-27] queue action->Request :  current state-> MOVE : previous state-> STANDBY
[bash-27] queue action->Request :  current state-> SAFE_STOP : previous state-> MOVE
[bash-27] Dialog rejected!
[bash-27] queue action->Request :  current state-> STANDBY : previous state-> SAFE_STOP
[bash-27] queue action->Request :  current state-> MOVE : previous state-> STANDBY
[bash-27] queue action->Request :  current state-> SAFE_STOP : previous state-> MOVE
[bash-27] Dialog rejected!
[bash-27] queue action->Request :  current state-> STANDBY : previous state-> SAFE_STOP
[bash-27] queue action->Request :  current state-> PAUSED : previous state-> STANDBY
[bash-27] Dialog rejected!
[bash-27] queue action->Request :  current state-> STANDBY : previous state-> PAUSED
[bash-27] queue action->Request :  current state-> PAUSED : previous state-> STANDBY
[bash-27] Dialog rejected!
[bash-27] queue action->Request :  current state-> STANDBY : previous state-> PAUSED
[bash-27] queue action->Request :  current state-> MOVE : previous state-> STANDBY
[bash-27] queue action->Request :  current state-> SAFE_STOP : previous state-> MOVE
[bash-27] Dialog rejected!
[bash-27] queue action->Request :  current state-> STANDBY : previous state-> SAFE_STOP
[bash-27] queue action->Request :  current state-> MOVE : previous state-> STANDBY
[bash-27] queue action->Request :  current state-> PAUSED : previous state-> MOVE
[bash-27] Dialog rejected!
[bash-27] queue action->Request :  current state-> STANDBY : previous state-> PAUSED
[bash-27] queue action->Request :  current state-> MOVE : previous state-> STANDBY
[planner_server-12] [WARN] [1773823624.160368582] [planner_server]: GridBased plugin failed to plan from (4.32, -6.79) to (7.32, -11.82): "no valid path found"
[planner_server-12] [WARN] [1773823624.161219634] [planner_server]: [compute_path_through_poses] [ActionServer] Aborting handle.
[planner_server-12] [INFO] [1773823624.162870407] [global_costmap.global_costmap]: Received request to clear entirely the global_costmap
[planner_server-12] [INFO] [1773823624.168691570] [global_costmap.global_costmap]: KeepoutFilter: Subscribing to "/keepout_costmap_filter_info" topic for filter info...
[planner_server-12] [INFO] [1773823624.173953627] [global_costmap.global_costmap]: KeepoutFilter: Received filter info from /keepout_costmap_filter_info topic.
[planner_server-12] [INFO] [1773823624.174078164] [global_costmap.global_costmap]: KeepoutFilter: Subscribing to "/keepout_filter_mask" topic for filter mask...
[planner_server-12] [WARN] [1773823624.190377361] [global_costmap.global_costmap]: KeepoutFilter: New filter mask arrived from /keepout_filter_mask topic. Updating old filter mask.
[INFO] [bash-27]: process has finished cleanly [pid 29030]
[INFO] [battery_manager_node-26]: sending signal 'SIGINT' to process[battery_manager_node-26]
[INFO] [autodock_action_server-25]: sending signal 'SIGINT' to process[autodock_action_server-25]
[INFO] [dock_coordinates-24]: sending signal 'SIGINT' to process[dock_coordinates-24]
[INFO] [rpc_run_node-23]: sending signal 'SIGINT' to process[rpc_run_node-23]
[INFO] [call_robot_button-22]: sending signal 'SIGINT' to process[call_robot_button-22]
[INFO] [robot_sound-21]: sending signal 'SIGINT' to process[robot_sound-21]
[INFO] [delivery_robot_main_controller-20]: sending signal 'SIGINT' to process[delivery_robot_main_controller-20]
[INFO] [lifecycle_manager-19]: sending signal 'SIGINT' to process[lifecycle_manager-19]
[INFO] [collision_detector-18]: sending signal 'SIGINT' to process[collision_detector-18]
[INFO] [dock_coordinates-24]: process has finished cleanly [pid 28920]
[INFO] [collision_monitor-17]: sending signal 'SIGINT' to process[collision_monitor-17]
[INFO] [velocity_smoother-16]: sending signal 'SIGINT' to process[velocity_smoother-16]
[INFO] [waypoint_follower-15]: sending signal 'SIGINT' to process[waypoint_follower-15]
[INFO] [bt_navigator-14]: sending signal 'SIGINT' to process[bt_navigator-14]
[INFO] [behavior_server-13]: sending signal 'SIGINT' to process[behavior_server-13]
[INFO] [planner_server-12]: sending signal 'SIGINT' to process[planner_server-12]
[INFO] [smoother_server-11]: sending signal 'SIGINT' to process[smoother_server-11]
[INFO] [controller_server-10]: sending signal 'SIGINT' to process[controller_server-10]
[INFO] [costmap_filter_info_server-9]: sending signal 'SIGINT' to process[costmap_filter_info_server-9]
[INFO] [map_server-8]: sending signal 'SIGINT' to process[map_server-8]
[INFO] [taskset-7]: sending signal 'SIGINT' to process[taskset-7]
[INFO] [robot_hardware-6]: sending signal 'SIGINT' to process[robot_hardware-6]
[INFO] [ekf_node-5]: sending signal 'SIGINT' to process[ekf_node-5]
[INFO] [scan_to_scan_filter_chain-4]: sending signal 'SIGINT' to process[scan_to_scan_filter_chain-4]
[INFO] [rplidar_node-3]: sending signal 'SIGINT' to process[rplidar_node-3]
[INFO] [joint_state_publisher-2]: sending signal 'SIGINT' to process[joint_state_publisher-2]
[INFO] [robot_state_publisher-1]: sending signal 'SIGINT' to process[robot_state_publisher-1]
[planner_server-12] [WARN] [1773823624.624936068] [planner_server]: GridBased plugin failed to plan from (4.32, -6.79) to (7.32, -11.82): "no valid path found"
[planner_server-12] [WARN] [1773823624.625047189] [planner_server]: [compute_path_through_poses] [ActionServer] Aborting handle.
[planner_server-12] [INFO] [1773823624.656282089] [global_costmap.global_costmap]: Received request to clear entirely the global_costmap
[planner_server-12] [INFO] [1773823624.661372070] [global_costmap.global_costmap]: KeepoutFilter: Subscribing to "/keepout_costmap_filter_info" topic for filter info...
[planner_server-12] [INFO] [1773823624.680467372] [global_costmap.global_costmap]: KeepoutFilter: Received filter info from /keepout_costmap_filter_info topic.
[planner_server-12] [INFO] [1773823624.680575285] [global_costmap.global_costmap]: KeepoutFilter: Subscribing to "/keepout_filter_mask" topic for filter mask...
[planner_server-12] [INFO] [1773823624.688089219] [global_costmap.global_costmap]: Received request to clear entirely the global_costmap
[planner_server-12] [INFO] [1773823624.698143185] [global_costmap.global_costmap]: KeepoutFilter: Subscribing to "/keepout_costmap_filter_info" topic for filter info...
[planner_server-12] [INFO] [1773823624.709056953] [global_costmap.global_costmap]: KeepoutFilter: Received filter info from /keepout_costmap_filter_info topic.
[planner_server-12] [INFO] [1773823624.709135117] [global_costmap.global_costmap]: KeepoutFilter: Subscribing to "/keepout_filter_mask" topic for filter mask...
[planner_server-12] [WARN] [1773823624.744580947] [global_costmap.global_costmap]: KeepoutFilter: New filter mask arrived from /keepout_filter_mask topic. Updating old filter mask.
[planner_server-12] [WARN] [1773823625.129019735] [planner_server]: GridBased plugin failed to plan from (4.32, -6.79) to (7.32, -11.82): "no valid path found"
[planner_server-12] [WARN] [1773823625.129165854] [planner_server]: [compute_path_through_poses] [ActionServer] Aborting handle.
[planner_server-12] [INFO] [1773823625.142780940] [global_costmap.global_costmap]: Received request to clear entirely the global_costmap
[planner_server-12] [INFO] [1773823625.156676016] [global_costmap.global_costmap]: KeepoutFilter: Subscribing to "/keepout_costmap_filter_info" topic for filter info...
[planner_server-12] [INFO] [1773823625.164235740] [global_costmap.global_costmap]: KeepoutFilter: Received filter info from /keepout_costmap_filter_info topic.
[planner_server-12] [INFO] [1773823625.164318862] [global_costmap.global_costmap]: KeepoutFilter: Subscribing to "/keepout_filter_mask" topic for filter mask...
[controller_server-10] [INFO] [1773823624.642813415] [local_costmap.local_costmap]: Received request to clear entirely the local_costmap
[controller_server-10] [INFO] [1773823624.647605323] [local_costmap.local_costmap]: KeepoutFilter: Subscribing to "/keepout_costmap_filter_info" topic for filter info...
[controller_server-10] [INFO] [1773823624.654584943] [local_costmap.local_costmap]: KeepoutFilter: Received filter info from /keepout_costmap_filter_info topic.
[controller_server-10] [INFO] [1773823624.654724646] [local_costmap.local_costmap]: KeepoutFilter: Subscribing to "/keepout_filter_mask" topic for filter mask...
[controller_server-10] [INFO] [1773823624.668702260] [local_costmap.local_costmap]: Received request to clear entirely the local_costmap
[controller_server-10] [INFO] [1773823624.675298061] [local_costmap.local_costmap]: KeepoutFilter: Subscribing to "/keepout_costmap_filter_info" topic for filter info...
[controller_server-10] [INFO] [1773823624.689491501] [local_costmap.local_costmap]: KeepoutFilter: Received filter info from /keepout_costmap_filter_info topic.
[controller_server-10] [INFO] [1773823624.689649578] [local_costmap.local_costmap]: KeepoutFilter: Subscribing to "/keepout_filter_mask" topic for filter mask...
[controller_server-10] [WARN] [1773823624.718100914] [local_costmap.local_costmap]: KeepoutFilter: New filter mask arrived from /keepout_filter_mask topic. Updating old filter mask.
[battery_manager_node-26] Traceback (most recent call last):
[battery_manager_node-26]   File "/home/smr/workspaces/mini_amr/amrROS2_ws/install/battery_management/lib/battery_management/battery_manager_node", line 33, in <module>
[battery_manager_node-26]     sys.exit(load_entry_point('battery-management==0.0.0', 'console_scripts', 'battery_manager_node')())
[battery_manager_node-26]              ^^^^^^^^^^^^^^^^^^^^^^^^^^^^^^^^^^^^^^^^^^^^^^^^^^^^^^^^^^^^^^^^^^^^^^^^^^^^^^^^^^^^^^^^^^
[battery_manager_node-26]   File "/home/smr/workspaces/mini_amr/amrROS2_ws/install/battery_management/lib/python3.12/site-packages/battery_management/battery_manager_node.py", line 311, in main
[battery_manager_node-26]     rclpy.spin(node)
[battery_manager_node-26]   File "/opt/ros/jazzy/lib/python3.12/site-packages/rclpy/__init__.py", line 247, in spin
[battery_manager_node-26]     executor.spin_once()
[battery_manager_node-26]   File "/opt/ros/jazzy/lib/python3.12/site-packages/rclpy/executors.py", line 845, in spin_once
[battery_manager_node-26]     self._spin_once_impl(timeout_sec)
[battery_manager_node-26]   File "/opt/ros/jazzy/lib/python3.12/site-packages/rclpy/executors.py", line 829, in _spin_once_impl
[battery_manager_node-26]     handler, entity, node = self.wait_for_ready_callbacks(
[battery_manager_node-26]                             ^^^^^^^^^^^^^^^^^^^^^^^^^^^^^^
[battery_manager_node-26]   File "/opt/ros/jazzy/lib/python3.12/site-packages/rclpy/executors.py", line 799, in wait_for_ready_callbacks
[battery_manager_node-26]     return next(self._cb_iter)
[battery_manager_node-26]            ^^^^^^^^^^^^^^^^^^^
[battery_manager_node-26]   File "/opt/ros/jazzy/lib/python3.12/site-packages/rclpy/executors.py", line 703, in _wait_for_ready_callbacks
[battery_manager_node-26]     wait_set.wait(timeout_nsec)
[battery_manager_node-26] KeyboardInterrupt
[dock_coordinates-24] [INFO] [1773823625.178185064] [rclcpp]: signal_handler(signum=2)
[rpc_run_node-23] [0m[INFO] [1773823625.191602990] [rpc_run_node]: RPC run node stopped by user.[0m
[rpc_run_node-23] Failed to publish log message to rosout: publisher's context is invalid, at ./src/rcl/publisher.c:423
[rpc_run_node-23] 2026-03-18 15:47:05,195 [INFO] RPCServer stopped.
[call_robot_button-22] [0m[INFO] [1773823625.196160990] [call_robot_button_node]: CallRobotButton interrupted by user.[0m
[call_robot_button-22] Failed to publish log message to rosout: publisher's context is invalid, at ./src/rcl/publisher.c:423
[planner_server-12] [WARN] [1773823625.196592933] [global_costmap.global_costmap]: KeepoutFilter: New filter mask arrived from /keepout_filter_mask topic. Updating old filter mask.
[robot_sound-21] [0m[INFO] [1773823625.214447822] [robot_sound_node]: 🔚 robot_sound_node stopped by user.[0m
[robot_sound-21] Failed to publish log message to rosout: publisher's context is invalid, at ./src/rcl/publisher.c:423
[delivery_robot_main_controller-20] [0m[INFO] [1773823625.253965462] [main_controller_node]: Node stopped by user.[0m
[delivery_robot_main_controller-20] Failed to publish log message to rosout: publisher's context is invalid, at ./src/rcl/publisher.c:423
[collision_detector-18] [INFO] [1773823625.275650669] [rclcpp]: signal_handler(signum=2)
[collision_detector-18] [INFO] [1773823625.275781040] [collision_detector]: Running Nav2 LifecycleNode rcl preshutdown (collision_detector)
[collision_detector-18] [INFO] [1773823625.275977033] [collision_detector]: Deactivating
[collision_detector-18] [INFO] [1773823625.276055780] [collision_detector]: Destroying bond (collision_detector) to lifecycle manager.
[collision_detector-18] [WARN] [1773823625.280775357] [LifecyclePublisher]: Trying to publish message on the topic '/collision_detector_state', but the publisher is not activated
[collision_detector-18] [WARN] [1773823625.280812106] [LifecyclePublisher]: Trying to publish message on the topic '/polygon_stop_detector', but the publisher is not activated
[collision_detector-18] [WARN] [1773823625.280817939] [LifecyclePublisher]: Trying to publish message on the topic '/polygon_slowdown_detector', but the publisher is not activated
[lifecycle_manager-19] [INFO] [1773823625.270686976] [rclcpp]: signal_handler(signum=2)
[lifecycle_manager-19] [INFO] [1773823625.278215201] [lifecycle_manager_navigation]: Running Nav2 LifecycleManager rcl preshutdown (lifecycle_manager_navigation)
[lifecycle_manager-19] [INFO] [1773823625.278345279] [lifecycle_manager_navigation]: [34m[1mTerminating bond timer...[0m[0m
[collision_monitor-17] [INFO] [1773823625.307105479] [rclcpp]: signal_handler(signum=2)
[collision_monitor-17] [INFO] [1773823625.307244890] [collision_monitor]: Running Nav2 LifecycleNode rcl preshutdown (collision_monitor)
[collision_monitor-17] [INFO] [1773823625.307553171] [collision_monitor]: Deactivating
[collision_monitor-17] [INFO] [1773823625.307643584] [collision_monitor]: Destroying bond (collision_monitor) to lifecycle manager.
[velocity_smoother-16] [INFO] [1773823625.330094680] [rclcpp]: signal_handler(signum=2)
[velocity_smoother-16] [INFO] [1773823625.330318672] [velocity_smoother]: Running Nav2 LifecycleNode rcl preshutdown (velocity_smoother)
[velocity_smoother-16] [INFO] [1773823625.330556664] [velocity_smoother]: Deactivating
[velocity_smoother-16] [INFO] [1773823625.330740407] [velocity_smoother]: Destroying bond (velocity_smoother) to lifecycle manager.
[waypoint_follower-15] [INFO] [1773823625.346523664] [rclcpp]: signal_handler(signum=2)
[waypoint_follower-15] [INFO] [1773823625.346701574] [waypoint_follower]: Running Nav2 LifecycleNode rcl preshutdown (waypoint_follower)
[waypoint_follower-15] [INFO] [1773823625.346919149] [waypoint_follower]: Deactivating
[waypoint_follower-15] [INFO] [1773823625.347016854] [waypoint_follower]: Destroying bond (waypoint_follower) to lifecycle manager.
[bt_navigator-14] [INFO] [1773823625.363274052] [rclcpp]: signal_handler(signum=2)
[bt_navigator-14] [INFO] [1773823625.363395672] [bt_navigator]: Running Nav2 LifecycleNode rcl preshutdown (bt_navigator)
[bt_navigator-14] [INFO] [1773823625.363615581] [bt_navigator]: Deactivating
[bt_navigator-14] [WARN] [1773823625.363701911] [bt_navigator]: [navigate_through_poses] [ActionServer] Requested to deactivate server but goal is still executing. Should check if action server is running before deactivating.
[behavior_server-13] [INFO] [1773823625.376913637] [rclcpp]: signal_handler(signum=2)
[behavior_server-13] [INFO] [1773823625.376986842] [behavior_server]: Running Nav2 LifecycleNode rcl preshutdown (behavior_server)
[behavior_server-13] [INFO] [1773823625.377231542] [behavior_server]: Deactivating
[behavior_server-13] [INFO] [1773823625.377325747] [behavior_server]: Destroying bond (behavior_server) to lifecycle manager.
[planner_server-12] [INFO] [1773823625.395628036] [rclcpp]: signal_handler(signum=2)
[planner_server-12] [INFO] [1773823625.395857278] [planner_server]: Running Nav2 LifecycleNode rcl preshutdown (planner_server)
[planner_server-12] [INFO] [1773823625.396128518] [planner_server]: Deactivating
[planner_server-12] [WARN] [1773823625.396730788] [planner_server]: [compute_path_through_poses] [ActionServer] Requested to deactivate server but goal is still executing. Should check if action server is running before deactivating.
[collision_monitor-17] [INFO] [1773823625.410890104] [collision_monitor]: Cleaning up
[collision_monitor-17] [INFO] [1773823625.410993933] [collision_monitor]: [PolygonStop]: Destroying Circle
[collision_monitor-17] [INFO] [1773823625.411027765] [collision_monitor]: [PolygonStop]: Destroying Polygon
[collision_monitor-17] [INFO] [1773823625.411054598] [collision_monitor]: [PolygonSlow]: Destroying Polygon
[collision_monitor-17] [INFO] [1773823625.411084055] [collision_monitor]: [FootprintApproach]: Destroying Polygon
[collision_monitor-17] [INFO] [1773823625.411117595] [collision_monitor]: [scan]: Destroying Scan
[collision_monitor-17] [INFO] [1773823625.423372981] [collision_monitor]: Destroying bond (collision_monitor) to lifecycle manager.
[smoother_server-11] [INFO] [1773823625.424522397] [rclcpp]: signal_handler(signum=2)
[smoother_server-11] [INFO] [1773823625.424785763] [smoother_server]: Running Nav2 LifecycleNode rcl preshutdown (smoother_server)
[smoother_server-11] [INFO] [1773823625.425100751] [smoother_server]: Deactivating
[smoother_server-11] [INFO] [1773823625.425217122] [smoother_server]: Destroying bond (smoother_server) to lifecycle manager.
[velocity_smoother-16] [INFO] [1773823625.431293192] [velocity_smoother]: Cleaning up
[velocity_smoother-16] [INFO] [1773823625.431448936] [velocity_smoother]: Destroying bond (velocity_smoother) to lifecycle manager.
[controller_server-10] [INFO] [1773823625.436706619] [rclcpp]: signal_handler(signum=2)
[controller_server-10] [INFO] [1773823625.436848655] [controller_server]: Running Nav2 LifecycleNode rcl preshutdown (controller_server)
[controller_server-10] [INFO] [1773823625.437009066] [controller_server]: Deactivating
[controller_server-10] [INFO] [1773823625.437168602] [MPPIController]: Deactivated MPPI Controller: FollowPath
[controller_server-10] [INFO] [1773823625.437196018] [local_costmap.local_costmap]: Deactivating
[costmap_filter_info_server-9] [INFO] [1773823625.442801646] [rclcpp]: signal_handler(signum=2)
[costmap_filter_info_server-9] [INFO] [1773823625.442973431] [keepout_costmap_filter_info_server]: Running Nav2 LifecycleNode rcl preshutdown (keepout_costmap_filter_info_server)
[costmap_filter_info_server-9] [INFO] [1773823625.443157175] [keepout_costmap_filter_info_server]: Deactivating
[costmap_filter_info_server-9] [INFO] [1773823625.443233880] [keepout_costmap_filter_info_server]: Destroying bond (keepout_costmap_filter_info_server) to lifecycle manager.
[waypoint_follower-15] [INFO] [1773823625.448467064] [waypoint_follower]: Cleaning up
[controller_server-10] [INFO] [1773823625.456720638] [controller_server]: Destroying bond (controller_server) to lifecycle manager.
[bt_navigator-14] [INFO] [1773823625.464081744] [bt_navigator]: [navigate_through_poses] [ActionServer] Waiting for async process to finish.
[behavior_server-13] [INFO] [1773823625.482239955] [behavior_server]: Cleaning up
[planner_server-12] [INFO] [1773823625.496920169] [planner_server]: [compute_path_through_poses] [ActionServer] Waiting for async process to finish.
[behavior_server-13] [INFO] [1773823625.500890191] [behavior_server]: Destroying bond (behavior_server) to lifecycle manager.
[collision_detector-18] [INFO] [1773823625.514833389] [collision_detector]: Cleaning up
[collision_detector-18] [INFO] [1773823625.515900559] [collision_monitor]: [PolygonStop]: Destroying Circle
[collision_detector-18] [INFO] [1773823625.515942266] [collision_monitor]: [PolygonStop]: Destroying Polygon
[collision_detector-18] [INFO] [1773823625.515967056] [collision_monitor]: [PolygonSlow]: Destroying Polygon
[collision_detector-18] [INFO] [1773823625.515987764] [collision_monitor]: [scan]: Destroying Scan
[collision_detector-18] [INFO] [1773823625.530484234] [collision_detector]: Destroying bond (collision_detector) to lifecycle manager.
[smoother_server-11] [INFO] [1773823625.526997487] [smoother_server]: Cleaning up
[costmap_filter_info_server-9] [INFO] [1773823625.549343587] [keepout_costmap_filter_info_server]: Cleaning up
[costmap_filter_info_server-9] [INFO] [1773823625.549450041] [keepout_costmap_filter_info_server]: Destroying bond (keepout_costmap_filter_info_server) to lifecycle manager.
[controller_server-10] [INFO] [1773823625.557752030] [controller_server]: Cleaning up
[bt_navigator-14] [INFO] [1773823625.564275208] [bt_navigator]: [navigate_through_poses] [ActionServer] Waiting for async process to finish.
[map_server-8] [INFO] [1773823625.589319418] [rclcpp]: signal_handler(signum=2)
[map_server-8] [INFO] [1773823625.589632657] [keepout_filter_mask_server]: Running Nav2 LifecycleNode rcl preshutdown (keepout_filter_mask_server)
[map_server-8] [INFO] [1773823625.589918771] [keepout_filter_mask_server]: Deactivating
[map_server-8] [INFO] [1773823625.590015601] [keepout_filter_mask_server]: Destroying bond (keepout_filter_mask_server) to lifecycle manager.
[planner_server-12] [INFO] [1773823625.599089311] [planner_server]: [compute_path_through_poses] [ActionServer] Waiting for async process to finish.
[taskset-7] [INFO] [1773823625.622682241] [rclcpp]: signal_handler(signum=2)
[controller_server-10] [INFO] [1773823625.627460733] [MPPIController]: Cleaned up MPPI Controller: FollowPath
[velocity_smoother-16] [INFO] [1773823625.632284140] [velocity_smoother]: Destroying
[controller_server-10] [INFO] [1773823625.639824323] [local_costmap.local_costmap]: Cleaning up
[taskset-7] Unregistering sensor: Custom Described Lidar
[collision_monitor-17] [INFO] [1773823625.647951609] [collision_monitor]: Destroying
[robot_hardware-6] [INFO] [1773823625.650213110] [rclcpp]: signal_handler(signum=2)
[bt_navigator-14] [INFO] [1773823625.664448840] [bt_navigator]: [navigate_through_poses] [ActionServer] Waiting for async process to finish.
[smoother_server-11] [INFO] [1773823625.667886881] [smoother_server]: Destroying bond (smoother_server) to lifecycle manager.
[ekf_node-5] [INFO] [1773823625.671207676] [rclcpp]: signal_handler(signum=2)
[scan_to_scan_filter_chain-4] [INFO] [1773823625.680585292] [rclcpp]: signal_handler(signum=2)
[planner_server-12] [INFO] [1773823625.699844797] [planner_server]: [compute_path_through_poses] [ActionServer] Waiting for async process to finish.
[collision_detector-18] [INFO] [1773823625.717964218] [collision_detector]: Destroying
[bt_navigator-14] [INFO] [1773823625.764640555] [bt_navigator]: [navigate_through_poses] [ActionServer] Waiting for async process to finish.
[bt_navigator-14] [INFO] [1773823625.864829061] [bt_navigator]: [navigate_through_poses] [ActionServer] Waiting for async process to finish.
[bt_navigator-14] [WARN] [1773823625.864917141] [bt_navigator]: [navigate_through_poses] [ActionServer] Aborting handle.
[bt_navigator-14] [ERROR] [1773823625.865251962] [bt_navigator]: [navigate_through_poses] [ActionServer] Action callback is still running and missed deadline to stop
[bt_navigator-14] [INFO] [1773823625.900728124] [bt_navigator]: Goal canceled
[bt_navigator-14] [WARN] [1773823625.900801622] [bt_navigator]: [navigate_through_poses] [ActionServer] Stopping the thread per request.
[bt_navigator-14] [INFO] [1773823625.900955616] [bt_navigator]: Destroying bond (bt_navigator) to lifecycle manager.
[bt_navigator-14] [INFO] [1773823625.911321362] [bt_navigator]: Cleaning up
[smoother_server-11] [INFO] [1773823625.764854922] [smoother_server]: Destroying
[planner_server-12] [INFO] [1773823625.800019304] [planner_server]: [compute_path_through_poses] [ActionServer] Waiting for async process to finish.
[planner_server-12] [INFO] [1773823625.900183894] [planner_server]: [compute_path_through_poses] [ActionServer] Waiting for async process to finish.
[planner_server-12] [INFO] [1773823625.900283349] [planner_server]: [compute_path_through_poses] [ActionServer] Client requested to cancel the goal. Cancelling.
[planner_server-12] [ERROR] [1773823625.900894952] [planner_server]: [compute_path_through_poses] [ActionServer] Action callback is still running and missed deadline to stop
[planner_server-12] [INFO] [1773823626.001093666] [planner_server]: [compute_path_through_poses] [ActionServer] Waiting for async process to finish.
[planner_server-12] [ERROR] [1773823626.001478360] [planner_server]: [compute_path_through_poses] [ActionServer] Action callback is still running and missed deadline to stop
[planner_server-12] [INFO] [1773823626.101624577] [planner_server]: [compute_path_through_poses] [ActionServer] Waiting for async process to finish.
[planner_server-12] [ERROR] [1773823626.101727240] [planner_server]: [compute_path_through_poses] [ActionServer] Action callback is still running and missed deadline to stop
[waypoint_follower-15] [INFO] [1773823625.850722243] [waypoint_follower]: Destroying bond (waypoint_follower) to lifecycle manager.
[waypoint_follower-15] [INFO] [1773823625.859817827] [waypoint_follower]: Destroying
[autodock_action_server-25] Traceback (most recent call last):
[autodock_action_server-25]   File "/home/smr/workspaces/mini_amr/amrROS2_ws/install/action_autodock/lib/python3.12/site-packages/action_autodock/autodock_action_server.py", line 1409, in main
[autodock_action_server-25]     executor.spin()
[autodock_action_server-25]   File "/opt/ros/jazzy/lib/python3.12/site-packages/rclpy/executors.py", line 312, in spin
[autodock_action_server-25]     self.spin_once()
[autodock_action_server-25]   File "/opt/ros/jazzy/lib/python3.12/site-packages/rclpy/executors.py", line 917, in spin_once
[autodock_action_server-25]     self._spin_once_impl(timeout_sec)
[autodock_action_server-25]   File "/opt/ros/jazzy/lib/python3.12/site-packages/rclpy/executors.py", line 896, in _spin_once_impl
[autodock_action_server-25]     handler, entity, node = self.wait_for_ready_callbacks(
[autodock_action_server-25]                             ^^^^^^^^^^^^^^^^^^^^^^^^^^^^^^
[autodock_action_server-25]   File "/opt/ros/jazzy/lib/python3.12/site-packages/rclpy/executors.py", line 799, in wait_for_ready_callbacks
[autodock_action_server-25]     return next(self._cb_iter)
[autodock_action_server-25]            ^^^^^^^^^^^^^^^^^^^
[autodock_action_server-25]   File "/opt/ros/jazzy/lib/python3.12/site-packages/rclpy/executors.py", line 703, in _wait_for_ready_callbacks
[autodock_action_server-25]     wait_set.wait(timeout_nsec)
[autodock_action_server-25] KeyboardInterrupt
[autodock_action_server-25] 
[autodock_action_server-25] During handling of the above exception, another exception occurred:
[autodock_action_server-25] 
[autodock_action_server-25] Traceback (most recent call last):
[autodock_action_server-25]   File "/home/smr/workspaces/mini_amr/amrROS2_ws/install/action_autodock/lib/action_autodock/autodock_action_server", line 33, in <module>
[autodock_action_server-25]     sys.exit(load_entry_point('action-autodock==0.0.0', 'console_scripts', 'autodock_action_server')())
[autodock_action_server-25]              ^^^^^^^^^^^^^^^^^^^^^^^^^^^^^^^^^^^^^^^^^^^^^^^^^^^^^^^^^^^^^^^^^^^^^^^^^^^^^^^^^^^^^^^^^
[autodock_action_server-25]   File "/home/smr/workspaces/mini_amr/amrROS2_ws/install/action_autodock/lib/python3.12/site-packages/action_autodock/autodock_action_server.py", line 1420, in main
[autodock_action_server-25]     rclpy.shutdown()   
[autodock_action_server-25]     ^^^^^^^^^^^^^^^^
[autodock_action_server-25]   File "/opt/ros/jazzy/lib/python3.12/site-packages/rclpy/__init__.py", line 134, in shutdown
[autodock_action_server-25]     _shutdown(context=context)
[autodock_action_server-25]   File "/opt/ros/jazzy/lib/python3.12/site-packages/rclpy/utilities.py", line 82, in shutdown
[autodock_action_server-25]     context.shutdown()
[autodock_action_server-25]   File "/opt/ros/jazzy/lib/python3.12/site-packages/rclpy/context.py", line 129, in shutdown
[autodock_action_server-25]     self.__context.shutdown()
[autodock_action_server-25] rclpy._rclpy_pybind11.RCLError: failed to shutdown: rcl_shutdown already called on the given context, at ./src/rcl/init.c:333
[behavior_server-13] [INFO] [1773823625.929200751] [behavior_server]: Destroying
[map_server-8] [INFO] [1773823625.933614673] [keepout_filter_mask_server]: Cleaning up
[map_server-8] [INFO] [1773823625.933844790] [keepout_filter_mask_server]: Destroying bond (keepout_filter_mask_server) to lifecycle manager.
[map_server-8] [INFO] [1773823625.995445747] [keepout_filter_mask_server]: Destroying
[costmap_filter_info_server-9] [INFO] [1773823625.937955681] [keepout_costmap_filter_info_server]: Destroying
[controller_server-10] [INFO] [1773823626.069941109] [controller_server]: Destroying bond (controller_server) to lifecycle manager.
[controller_server-10] [INFO] [1773823626.095495134] [local_costmap.local_costmap]: Destroying
[planner_server-12] [WARN] [1773823626.164201707] [planner_server]: GridBased plugin failed to plan from (0.00, 0.00) to (0.00, 0.00): "Costmap timed out waiting for update"
[planner_server-12] [WARN] [1773823626.164329161] [planner_server]: [compute_path_through_poses] [ActionServer] Stopping the thread per request.
[planner_server-12] [INFO] [1773823626.164553736] [global_costmap.global_costmap]: Deactivating
[robot_state_publisher-1] [INFO] [1773823626.197840145] [rclcpp]: signal_handler(signum=2)
[delivery_robot_main_controller-20] Traceback (most recent call last):
[delivery_robot_main_controller-20]   File "/home/smr/workspaces/mini_amr/amrROS2_ws/install/delivery_robot_main_controller/lib/delivery_robot_main_controller/delivery_robot_main_controller", line 33, in <module>
[delivery_robot_main_controller-20]     sys.exit(load_entry_point('delivery-robot-main-controller==0.0.1', 'console_scripts', 'delivery_robot_main_controller')())
[delivery_robot_main_controller-20]              ^^^^^^^^^^^^^^^^^^^^^^^^^^^^^^^^^^^^^^^^^^^^^^^^^^^^^^^^^^^^^^^^^^^^^^^^^^^^^^^^^^^^^^^^^^^^^^^^^^^^^^^^^^^^^^^^
[delivery_robot_main_controller-20]   File "/home/smr/workspaces/mini_amr/amrROS2_ws/install/delivery_robot_main_controller/lib/python3.12/site-packages/delivery_robot_main_controller/main_controller_node.py", line 1714, in main
[delivery_robot_main_controller-20]     rclpy.shutdown()
[delivery_robot_main_controller-20]   File "/opt/ros/jazzy/lib/python3.12/site-packages/rclpy/__init__.py", line 134, in shutdown
[delivery_robot_main_controller-20]     _shutdown(context=context)
[delivery_robot_main_controller-20]   File "/opt/ros/jazzy/lib/python3.12/site-packages/rclpy/utilities.py", line 82, in shutdown
[delivery_robot_main_controller-20]     context.shutdown()
[delivery_robot_main_controller-20]   File "/opt/ros/jazzy/lib/python3.12/site-packages/rclpy/context.py", line 129, in shutdown
[delivery_robot_main_controller-20]     self.__context.shutdown()
[delivery_robot_main_controller-20] rclpy._rclpy_pybind11.RCLError: failed to shutdown: rcl_shutdown already called on the given context, at ./src/rcl/init.c:333
[lifecycle_manager-19] [INFO] [1773823626.253263537] [lifecycle_manager_navigation]: Destroying lifecycle_manager_navigation
[rplidar_node-3] [INFO] [1773823626.269726352] [rplidar_node]: Stop motor
[planner_server-12] [INFO] [1773823626.313451421] [planner_server]: Deactivating plugin GridBased of type SmacPlanner2D
[planner_server-12] [INFO] [1773823626.313552042] [planner_server]: Destroying bond (planner_server) to lifecycle manager.
[planner_server-12] [INFO] [1773823626.328891399] [planner_server]: Cleaning up
[controller_server-10] [INFO] [1773823626.492528795] [controller_server]: Destroying
[planner_server-12] [INFO] [1773823626.537803725] [global_costmap.global_costmap]: Cleaning up
[call_robot_button-22] Traceback (most recent call last):
[call_robot_button-22]   File "/home/smr/workspaces/mini_amr/amrROS2_ws/install/delivery_robot_main_controller/lib/delivery_robot_main_controller/call_robot_button", line 33, in <module>
[call_robot_button-22]     sys.exit(load_entry_point('delivery-robot-main-controller==0.0.1', 'console_scripts', 'call_robot_button')())
[call_robot_button-22]              ^^^^^^^^^^^^^^^^^^^^^^^^^^^^^^^^^^^^^^^^^^^^^^^^^^^^^^^^^^^^^^^^^^^^^^^^^^^^^^^^^^^^^^^^^^^^^^^^^^^
[call_robot_button-22]   File "/home/smr/workspaces/mini_amr/amrROS2_ws/install/delivery_robot_main_controller/lib/python3.12/site-packages/delivery_robot_main_controller/call_button.py", line 251, in main
[call_robot_button-22]     rclpy.shutdown()
[call_robot_button-22]   File "/opt/ros/jazzy/lib/python3.12/site-packages/rclpy/__init__.py", line 134, in shutdown
[call_robot_button-22]     _shutdown(context=context)
[call_robot_button-22]   File "/opt/ros/jazzy/lib/python3.12/site-packages/rclpy/utilities.py", line 82, in shutdown
[call_robot_button-22]     context.shutdown()
[call_robot_button-22]   File "/opt/ros/jazzy/lib/python3.12/site-packages/rclpy/context.py", line 129, in shutdown
[call_robot_button-22]     self.__context.shutdown()
[call_robot_button-22] rclpy._rclpy_pybind11.RCLError: failed to shutdown: rcl_shutdown already called on the given context, at ./src/rcl/init.c:333
[delivery_robot_main_controller-20] The following exception was never retrieved: 
[planner_server-12] [INFO] [1773823626.620310877] [planner_server]: Cleaning up plugin GridBased of type SmacPlanner2D
[planner_server-12] [INFO] [1773823626.621709367] [planner_server]: Destroying plugin GridBased of type SmacPlanner2D
[rpc_run_node-23] Traceback (most recent call last):
[rpc_run_node-23]   File "/home/smr/workspaces/mini_amr/amrROS2_ws/install/delivery_robot_main_controller/lib/delivery_robot_main_controller/rpc_run_node", line 33, in <module>
[rpc_run_node-23]     sys.exit(load_entry_point('delivery-robot-main-controller==0.0.1', 'console_scripts', 'rpc_run_node')())
[rpc_run_node-23]              ^^^^^^^^^^^^^^^^^^^^^^^^^^^^^^^^^^^^^^^^^^^^^^^^^^^^^^^^^^^^^^^^^^^^^^^^^^^^^^^^^^^^^^^^^^^^^^
[rpc_run_node-23]   File "/home/smr/workspaces/mini_amr/amrROS2_ws/install/delivery_robot_main_controller/lib/python3.12/site-packages/delivery_robot_main_controller/rpc_run_node.py", line 57, in main
[rpc_run_node-23]     rclpy.shutdown()
[rpc_run_node-23]   File "/opt/ros/jazzy/lib/python3.12/site-packages/rclpy/__init__.py", line 134, in shutdown
[rpc_run_node-23]     _shutdown(context=context)
[rpc_run_node-23]   File "/opt/ros/jazzy/lib/python3.12/site-packages/rclpy/utilities.py", line 82, in shutdown
[rpc_run_node-23]     context.shutdown()
[rpc_run_node-23]   File "/opt/ros/jazzy/lib/python3.12/site-packages/rclpy/context.py", line 129, in shutdown
[rpc_run_node-23]     self.__context.shutdown()
[rpc_run_node-23] rclpy._rclpy_pybind11.RCLError: failed to shutdown: rcl_shutdown already called on the given context, at ./src/rcl/init.c:333
[robot_sound-21] Traceback (most recent call last):
[robot_sound-21]   File "/home/smr/workspaces/mini_amr/amrROS2_ws/install/delivery_robot_main_controller/lib/delivery_robot_main_controller/robot_sound", line 33, in <module>
[robot_sound-21]     sys.exit(load_entry_point('delivery-robot-main-controller==0.0.1', 'console_scripts', 'robot_sound')())
[robot_sound-21]              ^^^^^^^^^^^^^^^^^^^^^^^^^^^^^^^^^^^^^^^^^^^^^^^^^^^^^^^^^^^^^^^^^^^^^^^^^^^^^^^^^^^^^^^^^^^^^
[robot_sound-21]   File "/home/smr/workspaces/mini_amr/amrROS2_ws/install/delivery_robot_main_controller/lib/python3.12/site-packages/delivery_robot_main_controller/robot_sound.py", line 369, in main
[robot_sound-21]     rclpy.shutdown()
[robot_sound-21]   File "/opt/ros/jazzy/lib/python3.12/site-packages/rclpy/__init__.py", line 134, in shutdown
[robot_sound-21]     _shutdown(context=context)
[robot_sound-21]   File "/opt/ros/jazzy/lib/python3.12/site-packages/rclpy/utilities.py", line 82, in shutdown
[robot_sound-21]     context.shutdown()
[robot_sound-21]   File "/opt/ros/jazzy/lib/python3.12/site-packages/rclpy/context.py", line 129, in shutdown
[robot_sound-21]     self.__context.shutdown()
[robot_sound-21] rclpy._rclpy_pybind11.RCLError: failed to shutdown: rcl_shutdown already called on the given context, at ./src/rcl/init.c:333
[bt_navigator-14] [INFO] [1773823626.742989853] [bt_navigator]: Completed Cleaning up
[bt_navigator-14] [INFO] [1773823626.743192554] [bt_navigator]: Destroying bond (bt_navigator) to lifecycle manager.
[planner_server-12] [INFO] [1773823626.856326213] [planner_server]: Destroying bond (planner_server) to lifecycle manager.
[bt_navigator-14] [INFO] [1773823626.869217992] [bt_navigator]: Destroying
[ERROR] [call_robot_button-22]: process has died [pid 28918, exit code 1, cmd '/home/smr/workspaces/mini_amr/amrROS2_ws/install/delivery_robot_main_controller/lib/delivery_robot_main_controller/call_robot_button --ros-args -r __node:=call_robot_button_node -r __ns:=/ -r /tf:=tf -r /tf_static:=tf_static'].
[INFO] [collision_detector-18]: process has finished cleanly [pid 28721]
[ERROR] [robot_sound-21]: process has died [pid 28917, exit code 1, cmd '/home/smr/workspaces/mini_amr/amrROS2_ws/install/delivery_robot_main_controller/lib/delivery_robot_main_controller/robot_sound --ros-args -r __node:=robot_sound_node -r __ns:=/ -r /tf:=tf -r /tf_static:=tf_static'].
[planner_server-12] [INFO] [1773823627.079737634] [global_costmap.global_costmap]: Destroying
[INFO] [velocity_smoother-16]: process has finished cleanly [pid 28686]
[INFO] [waypoint_follower-15]: process has finished cleanly [pid 28682]
[INFO] [collision_monitor-17]: process has finished cleanly [pid 28719]
[ERROR] [rpc_run_node-23]: process has died [pid 28919, exit code 1, cmd '/home/smr/workspaces/mini_amr/amrROS2_ws/install/delivery_robot_main_controller/lib/delivery_robot_main_controller/rpc_run_node --ros-args -r __node:=rpc_run_node -r __ns:=/ -r /tf:=tf -r /tf_static:=tf_static'].
[planner_server-12] [INFO] [1773823627.194997465] [planner_server]: Destroying
[INFO] [costmap_filter_info_server-9]: process has finished cleanly [pid 28652]
[ERROR] [battery_manager_node-26]: process has died [pid 28922, exit code -2, cmd '/home/smr/workspaces/mini_amr/amrROS2_ws/install/battery_management/lib/battery_management/battery_manager_node --ros-args -r __node:=battery_manager -r __ns:=/ --params-file /home/smr/workspaces/mini_amr/amrROS2_ws/install/battery_management/share/battery_management/config/battery_manager.yaml -r /tf:=tf -r /tf_static:=tf_static'].
[INFO] [robot_hardware-6]: process has finished cleanly [pid 28645]
[INFO] [smoother_server-11]: process has finished cleanly [pid 28656]
[INFO] [joint_state_publisher-2]: process has finished cleanly [pid 28641]
[INFO] [map_server-8]: process has finished cleanly [pid 28647]
[INFO] [behavior_server-13]: process has finished cleanly [pid 28668]
[INFO] [lifecycle_manager-19]: process has finished cleanly [pid 28733]
[ERROR] [autodock_action_server-25]: process has died [pid 28921, exit code 1, cmd '/home/smr/workspaces/mini_amr/amrROS2_ws/install/action_autodock/lib/action_autodock/autodock_action_server --ros-args -r __ns:=/ --params-file /home/smr/workspaces/mini_amr/amrROS2_ws/install/action_autodock/share/action_autodock/config/auto_dock_config.yaml --params-file /tmp/launch_params_ghey0hde -r /tf:=tf -r /tf_static:=tf_static'].
[INFO] [controller_server-10]: process has finished cleanly [pid 28653]
[INFO] [taskset-7]: process has finished cleanly [pid 28646]
[INFO] [ekf_node-5]: process has finished cleanly [pid 28644]
[INFO] [bt_navigator-14]: process has finished cleanly [pid 28681]
[INFO] [scan_to_scan_filter_chain-4]: process has finished cleanly [pid 28643]
[ERROR] [delivery_robot_main_controller-20]: process has died [pid 28916, exit code 1, cmd '/home/smr/workspaces/mini_amr/amrROS2_ws/install/delivery_robot_main_controller/lib/delivery_robot_main_controller/delivery_robot_main_controller --ros-args -r __node:=main_controller_node -r __ns:=/ --params-file /tmp/launch_params_39cdjl8i -r /tf:=tf -r /tf_static:=tf_static'].
[INFO] [rplidar_node-3]: process has finished cleanly [pid 28642]
[INFO] [planner_server-12]: process has finished cleanly [pid 28666]
[INFO] [robot_state_publisher-1]: process has finished cleanly [pid 28640]
