[INFO] [launch]: All log files can be found below /home/smr/.ros/log/2026-04-01-13-21-24-985433-one-74316
[INFO] [launch]: Default logging verbosity is set to INFO
[INFO] [robot_state_publisher-1]: process started with pid [74345]
[INFO] [joint_state_publisher-2]: process started with pid [74346]
[INFO] [sllidar_node-3]: process started with pid [74347]
[INFO] [scan_to_scan_filter_chain-4]: process started with pid [74348]
[INFO] [ekf_node-5]: process started with pid [74349]
[INFO] [robot_hardware-6]: process started with pid [74350]
[INFO] [taskset-7]: process started with pid [74351]
[INFO] [map_server-8]: process started with pid [74352]
[INFO] [costmap_filter_info_server-9]: process started with pid [74353]
[INFO] [controller_server-10]: process started with pid [74354]
[INFO] [smoother_server-11]: process started with pid [74356]
[INFO] [planner_server-12]: process started with pid [74358]
[INFO] [behavior_server-13]: process started with pid [74359]
[INFO] [bt_navigator-14]: process started with pid [74360]
[INFO] [waypoint_follower-15]: process started with pid [74363]
[INFO] [velocity_smoother-16]: process started with pid [74366]
[INFO] [collision_monitor-17]: process started with pid [74367]
[INFO] [collision_detector-18]: process started with pid [74370]
[INFO] [lifecycle_manager-19]: process started with pid [74373]
[robot_hardware-6] Serial port opened at port /dev/teensy with baudrate 460800
[robot_hardware-6] Created receive data thread
[sllidar_node-3] [INFO] [1775024486.229356404] [sllidar_node]: SLLidar running on ROS2 package SLLidar.ROS2 SDK Version:1.0.1, SLLIDAR SDK Version:2.1.0
[sllidar_node-3] [INFO] [1775024486.258351579] [sllidar_node]: SLLidar S/N: 6E42ED93C5E19FD9B5E192F9EE904B72
[sllidar_node-3] [INFO] [1775024486.258421577] [sllidar_node]: Firmware Ver: 1.00
[sllidar_node-3] [INFO] [1775024486.258432951] [sllidar_node]: Hardware Rev: 18
[taskset-7] [INFO] [1775024486.261286212] [slam_toolbox]: Node using stack size 40000000
[sllidar_node-3] [INFO] [1775024486.276016249] [sllidar_node]: SLLidar health status : 0
[sllidar_node-3] [INFO] [1775024486.276148952] [sllidar_node]: SLLidar health status : OK.
[robot_state_publisher-1] [INFO] [1775024486.330548155] [robot_state_publisher]: Robot initialized
[taskset-7] [INFO] [1775024486.330769229] [slam_toolbox]: Configuring
[bt_navigator-14] [INFO] [1775024486.370916709] [bt_navigator]: 
[bt_navigator-14] 	bt_navigator lifecycle node launched. 
[bt_navigator-14] 	Waiting on external lifecycle transitions to activate
[bt_navigator-14] 	See https://design.ros2.org/articles/node_lifecycle.html for more information.
[controller_server-10] [INFO] [1775024486.377602026] [controller_server]: 
[collision_monitor-17] [INFO] [1775024486.378041258] [collision_monitor]: 
[collision_monitor-17] 	collision_monitor lifecycle node launched. 
[collision_monitor-17] 	Waiting on external lifecycle transitions to activate
[collision_monitor-17] 	See https://design.ros2.org/articles/node_lifecycle.html for more information.
[controller_server-10] 	controller_server lifecycle node launched. 
[controller_server-10] 	Waiting on external lifecycle transitions to activate
[controller_server-10] 	See https://design.ros2.org/articles/node_lifecycle.html for more information.
[waypoint_follower-15] [INFO] [1775024486.411791868] [waypoint_follower]: 
[waypoint_follower-15] 	waypoint_follower lifecycle node launched. 
[waypoint_follower-15] 	Waiting on external lifecycle transitions to activate
[waypoint_follower-15] 	See https://design.ros2.org/articles/node_lifecycle.html for more information.
[waypoint_follower-15] [INFO] [1775024486.421321113] [waypoint_follower]: Creating
[lifecycle_manager-19] [INFO] [1775024486.423496568] [lifecycle_manager_navigation]: Creating
[taskset-7] [INFO] [1775024486.452193380] [slam_toolbox]: Using solver plugin solver_plugins::CeresSolver
[taskset-7] [INFO] [1775024486.454545869] [slam_toolbox]: CeresSolver: Using SCHUR_JACOBI preconditioner.
[velocity_smoother-16] [INFO] [1775024486.481380464] [velocity_smoother]: 
[velocity_smoother-16] 	velocity_smoother lifecycle node launched. 
[velocity_smoother-16] 	Waiting on external lifecycle transitions to activate
[velocity_smoother-16] 	See https://design.ros2.org/articles/node_lifecycle.html for more information.
[costmap_filter_info_server-9] [INFO] [1775024486.515988832] [costmap_filter_info_server]: This is costmap filter info publisher
[bt_navigator-14] [INFO] [1775024486.541620934] [bt_navigator]: Creating
[controller_server-10] [INFO] [1775024486.572814021] [controller_server]: Creating controller server
[sllidar_node-3] [INFO] [1775024486.584766919] [sllidar_node]: current scan mode: Standard, sample rate: 11 Khz, max_distance: 30.0 m, scan frequency:10.0 Hz, 
[map_server-8] [INFO] [1775024486.586037368] [keepout_filter_mask_server]: 
[map_server-8] 	keepout_filter_mask_server lifecycle node launched. 
[map_server-8] 	Waiting on external lifecycle transitions to activate
[map_server-8] 	See https://design.ros2.org/articles/node_lifecycle.html for more information.
[map_server-8] [INFO] [1775024486.586142656] [keepout_filter_mask_server]: Creating
[smoother_server-11] [INFO] [1775024486.606654462] [smoother_server]: 
[smoother_server-11] 	smoother_server lifecycle node launched. 
[smoother_server-11] 	Waiting on external lifecycle transitions to activate
[smoother_server-11] 	See https://design.ros2.org/articles/node_lifecycle.html for more information.
[smoother_server-11] [INFO] [1775024486.637886923] [smoother_server]: Creating smoother server
[collision_detector-18] [INFO] [1775024486.699911737] [collision_detector]: 
[collision_detector-18] 	collision_detector lifecycle node launched. 
[collision_detector-18] 	Waiting on external lifecycle transitions to activate
[collision_detector-18] 	See https://design.ros2.org/articles/node_lifecycle.html for more information.
[behavior_server-13] [INFO] [1775024486.728857332] [behavior_server]: 
[behavior_server-13] 	behavior_server lifecycle node launched. 
[behavior_server-13] 	Waiting on external lifecycle transitions to activate
[behavior_server-13] 	See https://design.ros2.org/articles/node_lifecycle.html for more information.
[planner_server-12] [INFO] [1775024486.744788112] [planner_server]: 
[planner_server-12] 	planner_server lifecycle node launched. 
[planner_server-12] 	Waiting on external lifecycle transitions to activate
[planner_server-12] 	See https://design.ros2.org/articles/node_lifecycle.html for more information.
[controller_server-10] [INFO] [1775024486.806156703] [local_costmap.local_costmap]: 
[controller_server-10] 	local_costmap lifecycle node launched. 
[planner_server-12] [INFO] [1775024486.807354822] [planner_server]: Creating
[controller_server-10] 	Waiting on external lifecycle transitions to activate
[controller_server-10] 	See https://design.ros2.org/articles/node_lifecycle.html for more information.
[controller_server-10] [INFO] [1775024486.842404755] [local_costmap.local_costmap]: Creating Costmap
[lifecycle_manager-19] [INFO] [1775024486.856850429] [lifecycle_manager_navigation]: [34m[1mCreating and initializing lifecycle service clients[0m[0m
[costmap_filter_info_server-9] [INFO] [1775024486.966141439] [keepout_costmap_filter_info_server]: 
[costmap_filter_info_server-9] 	keepout_costmap_filter_info_server lifecycle node launched. 
[costmap_filter_info_server-9] 	Waiting on external lifecycle transitions to activate
[costmap_filter_info_server-9] 	See https://design.ros2.org/articles/node_lifecycle.html for more information.
[planner_server-12] [INFO] [1775024486.999811844] [global_costmap.global_costmap]: 
[planner_server-12] 	global_costmap lifecycle node launched. 
[planner_server-12] 	Waiting on external lifecycle transitions to activate
[planner_server-12] 	See https://design.ros2.org/articles/node_lifecycle.html for more information.
[planner_server-12] [INFO] [1775024487.001134500] [global_costmap.global_costmap]: Creating Costmap
[lifecycle_manager-19] [INFO] [1775024487.121307159] [lifecycle_manager_navigation]: [34m[1mStarting managed nodes bringup...[0m[0m
[lifecycle_manager-19] [INFO] [1775024487.121468153] [lifecycle_manager_navigation]: [34m[1mConfiguring controller_server[0m[0m
[controller_server-10] [INFO] [1775024487.122279245] [controller_server]: Configuring controller interface
[controller_server-10] [INFO] [1775024487.122335243] [controller_server]: getting progress checker plugins..
[controller_server-10] [INFO] [1775024487.122653730] [controller_server]: getting goal checker plugins..
[controller_server-10] [INFO] [1775024487.122992634] [controller_server]: Controller frequency set to 10.0000Hz
[controller_server-10] [INFO] [1775024487.123051256] [local_costmap.local_costmap]: Configuring
[controller_server-10] [INFO] [1775024487.149389746] [local_costmap.local_costmap]: Using plugin "obstacle_layer"
[scan_to_scan_filter_chain-4] [WARN] [1775024487.189028288] [scan_to_scan_filter_chain]: diagnostic_updater: No HW_ID was set. This is probably a bug. Please report it. For devices that do not have a HW_ID, set this value to 'none'. This warning only occurs once all diagnostics are OK. It is okay to wait until the device is open before calling setHardwareID.
[controller_server-10] [INFO] [1775024487.206996571] [local_costmap.local_costmap]: Subscribed to Topics: scan
[controller_server-10] [INFO] [1775024487.241538441] [local_costmap.local_costmap]: Initialized plugin "obstacle_layer"
[controller_server-10] [INFO] [1775024487.241602605] [local_costmap.local_costmap]: Using plugin "denoise_layer"
[controller_server-10] [INFO] [1775024487.249562454] [local_costmap.local_costmap]: Initialized plugin "denoise_layer"
[controller_server-10] [INFO] [1775024487.249688449] [local_costmap.local_costmap]: Using plugin "inflation_layer"
[controller_server-10] [INFO] [1775024487.259165487] [local_costmap.local_costmap]: Initialized plugin "inflation_layer"
[controller_server-10] [INFO] [1775024487.259276024] [local_costmap.local_costmap]: Using costmap filter "keepout_filter"
[controller_server-10] [INFO] [1775024487.283613761] [local_costmap.local_costmap]: Initialized costmap filter "keepout_filter"
[controller_server-10] [INFO] [1775024487.284400354] [local_costmap.local_costmap]: Using costmap filter "inflation_layer2"
[taskset-7] Load From File /home/smr/workspaces/mini_amr/amrROS2_ws/maps/latest_map.posegraph 
[taskset-7] Mapper <- Module
[taskset-7] Mapper <- m_pSequentialScanMatcher
[taskset-7] Mapper <- m_pGraph
[taskset-7] MapperGraph <- Graph; Graph <- m_Edges; Graph <- m_Vertices
[taskset-7] MapperGraph <- m_pMapper; MapperGraph <- m_pLoopScanMatcher; MapperGraph <- m_pTraversal
[taskset-7] Mapper <- m_pMapperSensorManager
[taskset-7] MapperSensorManager <- m_ScanManagers; MapperSensorManager <- m_Scans
[taskset-7] Mapper <- m_Listeners
[taskset-7] **Finished serializing Mapper**
[taskset-7] Load From File
[taskset-7] **Serializing Dataset**
[taskset-7] Dataset <- m_SensorNameLookup
[taskset-7] Dataset <- m_Data
[taskset-7] Dataset <- m_Lasers
[taskset-7] Dataset <- m_pDatasetInfo
[taskset-7] **Finished serializing Dataset**
[taskset-7] Registering sensor: [Custom Described Lidar]
[controller_server-10] [INFO] [1775024487.292352037] [local_costmap.local_costmap]: Initialized costmap filter "inflation_layer2"
[taskset-7] WARNING: Logging before InitGoogleLogging() is written to STDERR
[taskset-7] W20260401 13:21:27.293638 74351 preprocessor.cc:67] Specified options.num_threads: 50 exceeds maximum available from the threading model Ceres was compiled with: 8.  Bounding to maximum number available.
[INFO] [launch.user]: [LifecycleLaunch] Slamtoolbox node is activating.
[taskset-7] [INFO] [1775024487.324467338] [slam_toolbox]: Activating
[controller_server-10] [INFO] [1775024487.368094554] [controller_server]: Created progress_checker : progress_checker of type nav2_controller::SimpleProgressChecker
[controller_server-10] [INFO] [1775024487.369459208] [controller_server]: Controller Server has progress_checker  progress checkers available.
[controller_server-10] [INFO] [1775024487.371944692] [controller_server]: Created goal checker : goal_checker of type nav2_controller::SimpleGoalChecker
[controller_server-10] [INFO] [1775024487.372892571] [controller_server]: Controller Server has goal_checker  goal checkers available.
[controller_server-10] [INFO] [1775024487.380575639] [controller_server]: Created controller : FollowPath of type nav2_mppi_controller::MPPIController
[controller_server-10] [INFO] [1775024487.390283668] [controller_server]: Controller period is equal to model dt. Control sequence shifting is ON
[controller_server-10] [INFO] [1775024487.399631211] [controller_server]: ConstraintCritic instantiated with 1 power and 4.000000 weight.
[controller_server-10] [INFO] [1775024487.399707333] [controller_server]: Critic loaded : mppi::critics::ConstraintCritic
[controller_server-10] [INFO] [1775024487.403202235] [controller_server]: InflationCostCritic instantiated with 1 power and 300.000000 / 0.015000 weights. Critic will collision check based on footprint cost.
[controller_server-10] [INFO] [1775024487.403260274] [controller_server]: Critic loaded : mppi::critics::CostCritic
[controller_server-10] [INFO] [1775024487.404778922] [controller_server]: GoalCritic instantiated with 1 power and 5.000000 weight.
[controller_server-10] [INFO] [1775024487.404826170] [controller_server]: Critic loaded : mppi::critics::GoalCritic
[controller_server-10] [INFO] [1775024487.406179741] [controller_server]: GoalAngleCritic instantiated with 1 power, 3.000000 weight, and 0.500000 angular threshold.
[controller_server-10] [INFO] [1775024487.406227281] [controller_server]: Critic loaded : mppi::critics::GoalAngleCritic
[controller_server-10] [INFO] [1775024487.408449692] [controller_server]: ReferenceTrajectoryCritic instantiated with 1 power and 2.000000 weight
[controller_server-10] [INFO] [1775024487.408498690] [controller_server]: Critic loaded : mppi::critics::PathAlignCritic
[controller_server-10] [INFO] [1775024487.410087044] [controller_server]: Critic loaded : mppi::critics::PathFollowCritic
[controller_server-10] [INFO] [1775024487.413283874] [controller_server]: PathAngleCritic instantiated with 1 power and 1.500000 weight. Mode set to: Forward Preference
[controller_server-10] [INFO] [1775024487.413334914] [controller_server]: Critic loaded : mppi::critics::PathAngleCritic
[controller_server-10] [INFO] [1775024487.414878352] [controller_server]: PreferForwardCritic instantiated with 1 power and 10.000000 weight.
[controller_server-10] [INFO] [1775024487.414929100] [controller_server]: Critic loaded : mppi::critics::PreferForwardCritic
[controller_server-10] [INFO] [1775024487.416518620] [controller_server]: Optimizer reset
[controller_server-10] [INFO] [1775024487.425484970] [MPPIController]: Configured MPPI Controller: FollowPath
[controller_server-10] [INFO] [1775024487.425529885] [controller_server]: Controller Server has FollowPath  controllers available.
[lifecycle_manager-19] [INFO] [1775024487.442367129] [lifecycle_manager_navigation]: [34m[1mConfiguring smoother_server[0m[0m
[smoother_server-11] [INFO] [1775024487.444523043] [smoother_server]: Configuring smoother server
[smoother_server-11] [INFO] [1775024487.503448149] [smoother_server]: Created smoother : simple_smoother of type nav2_smoother::SimpleSmoother
[smoother_server-11] [INFO] [1775024487.511767316] [smoother_server]: Smoother Server has simple_smoother  smoothers available.
[lifecycle_manager-19] [INFO] [1775024487.534848311] [lifecycle_manager_navigation]: [34m[1mConfiguring planner_server[0m[0m
[planner_server-12] [INFO] [1775024487.535368624] [planner_server]: Configuring
[planner_server-12] [INFO] [1775024487.535478869] [global_costmap.global_costmap]: Configuring
[planner_server-12] [INFO] [1775024487.578288285] [global_costmap.global_costmap]: Using plugin "static_layer"
[planner_server-12] [INFO] [1775024487.590672832] [global_costmap.global_costmap]: Subscribing to the map topic (/map) with transient local durability
[planner_server-12] [INFO] [1775024487.593454346] [global_costmap.global_costmap]: Initialized plugin "static_layer"
[planner_server-12] [INFO] [1775024487.593505094] [global_costmap.global_costmap]: Using plugin "obstacle_layer"
[planner_server-12] [INFO] [1775024487.600768179] [global_costmap.global_costmap]: Subscribed to Topics: scan
[planner_server-12] [INFO] [1775024487.616872202] [global_costmap.global_costmap]: Initialized plugin "obstacle_layer"
[planner_server-12] [INFO] [1775024487.618061571] [global_costmap.global_costmap]: Using plugin "inflation_layer"
[planner_server-12] [INFO] [1775024487.621914043] [global_costmap.global_costmap]: Initialized plugin "inflation_layer"
[planner_server-12] [INFO] [1775024487.621968874] [global_costmap.global_costmap]: Using costmap filter "keepout_filter"
[planner_server-12] [INFO] [1775024487.630568322] [global_costmap.global_costmap]: Initialized costmap filter "keepout_filter"
[planner_server-12] [INFO] [1775024487.630637736] [global_costmap.global_costmap]: Using costmap filter "inflation_layer2"
[planner_server-12] [INFO] [1775024487.636157890] [global_costmap.global_costmap]: Initialized costmap filter "inflation_layer2"
[joint_state_publisher-2] [INFO] [1775024487.751771982] [joint_state_publisher]: Waiting for robot_description to be published on the robot_description topic...
[planner_server-12] [INFO] [1775024487.755107932] [planner_server]: Created global planner plugin GridBased of type nav2_smac_planner::SmacPlanner2D
[planner_server-12] [INFO] [1775024487.756056686] [planner_server]: Configuring GridBased of type SmacPlanner2D
[planner_server-12] [ERROR] [1775024487.763317729] [planner_server]: Inflation layer either not found or inflation is not set sufficiently for optimized non-circular collision checking capabilities. It is HIGHLY recommended to set the inflation radius to be at MINIMUM half of the robot's largest cross-section. See github.com/ros-planning/navigation2/tree/main/nav2_smac_planner#potential-fields for full instructions. This will substantially impact run-time performance.
[planner_server-12] [INFO] [1775024487.770291492] [planner_server]: Configured plugin GridBased of type SmacPlanner2D with tolerance 0.12, maximum iterations 1000000, max on approach iterations 1000, and not allowing unknown traversal.
[planner_server-12] [INFO] [1775024487.771008964] [planner_server]: Planner Server has GridBased  planners available.
[lifecycle_manager-19] [INFO] [1775024487.800770900] [lifecycle_manager_navigation]: [34m[1mConfiguring behavior_server[0m[0m
[behavior_server-13] [INFO] [1775024487.801198175] [behavior_server]: Configuring
[behavior_server-13] [INFO] [1775024487.821480156] [behavior_server]: Creating behavior plugin wait of type nav2_behaviors::Wait
[behavior_server-13] [INFO] [1775024487.853321593] [behavior_server]: Configuring wait
[lifecycle_manager-19] [INFO] [1775024487.871884852] [lifecycle_manager_navigation]: [34m[1mConfiguring velocity_smoother[0m[0m
[velocity_smoother-16] [INFO] [1775024487.872280919] [velocity_smoother]: Configuring velocity smoother
[lifecycle_manager-19] [INFO] [1775024487.893386243] [lifecycle_manager_navigation]: [34m[1mConfiguring collision_monitor[0m[0m
[collision_monitor-17] [INFO] [1775024487.893724855] [collision_monitor]: Configuring
[collision_monitor-17] [INFO] [1775024487.910160782] [collision_monitor]: [scan]: Creating Scan
[collision_monitor-17] [INFO] [1775024487.917462073] [collision_monitor]: [PolygonStop]: Creating Polygon
[collision_monitor-17] [INFO] [1775024487.917519238] [collision_monitor]: [PolygonStop]: Creating Circle
[collision_monitor-17] [INFO] [1775024487.924985606] [collision_monitor]: [PolygonSlow]: Creating Polygon
[collision_monitor-17] [INFO] [1775024487.929852162] [collision_monitor]: [FootprintApproach]: Creating Polygon
[collision_monitor-17] [INFO] [1775024487.930426431] [collision_monitor]: [FootprintApproach]: Polygon points are not defined. Using dynamic subscription instead.
[collision_monitor-17] [INFO] [1775024487.936811634] [collision_monitor]: [FootprintApproach]: Making footprint subscriber on /local_costmap/published_footprint topic
[lifecycle_manager-19] [INFO] [1775024487.953788581] [lifecycle_manager_navigation]: [34m[1mConfiguring collision_detector[0m[0m
[collision_detector-18] [INFO] [1775024487.954559134] [collision_detector]: Configuring
[collision_detector-18] [INFO] [1775024487.991730274] [collision_monitor]: [scan]: Creating Scan
[collision_detector-18] [INFO] [1775024488.001188646] [collision_monitor]: [PolygonStop]: Creating Polygon
[collision_detector-18] [INFO] [1775024488.001244644] [collision_monitor]: [PolygonStop]: Creating Circle
[collision_detector-18] [INFO] [1775024488.015812812] [collision_monitor]: [PolygonSlow]: Creating Polygon
[lifecycle_manager-19] [INFO] [1775024488.025668419] [lifecycle_manager_navigation]: [34m[1mConfiguring bt_navigator[0m[0m
[bt_navigator-14] [INFO] [1775024488.026140608] [bt_navigator]: Configuring
[bt_navigator-14] [INFO] [1775024488.050000322] [bt_navigator]: Creating navigator id navigate_to_pose of type nav2_bt_navigator::NavigateToPoseNavigator
[bt_navigator-14] [INFO] [1775024488.327220460] [bt_navigator]: Creating navigator id navigate_through_poses of type nav2_bt_navigator::NavigateThroughPosesNavigator
[lifecycle_manager-19] [INFO] [1775024488.381426587] [lifecycle_manager_navigation]: [34m[1mConfiguring waypoint_follower[0m[0m
[waypoint_follower-15] [INFO] [1775024488.381857361] [waypoint_follower]: Configuring
[waypoint_follower-15] [INFO] [1775024488.466001876] [waypoint_follower]: Created waypoint_task_executor : wait_at_waypoint of type nav2_waypoint_follower::WaitAtWaypoint
[lifecycle_manager-19] [INFO] [1775024488.470215708] [lifecycle_manager_navigation]: [34m[1mConfiguring keepout_filter_mask_server[0m[0m
[map_server-8] [INFO] [1775024488.470857349] [keepout_filter_mask_server]: Configuring
[map_server-8] [INFO] [1775024488.471074048] [map_io]: Loading yaml file: /home/smr/workspaces/mini_amr/amrROS2_ws/maps/latest_map_keepout.yaml
[map_server-8] [INFO] [1775024488.472542240] [map_io]: resolution: 0.05
[map_server-8] [INFO] [1775024488.472595904] [map_io]: origin[0]: -7.999
[map_server-8] [INFO] [1775024488.472615737] [map_io]: origin[1]: -4.602
[map_server-8] [INFO] [1775024488.472633236] [map_io]: origin[2]: 0
[map_server-8] [INFO] [1775024488.472651027] [map_io]: free_thresh: 0.196
[map_server-8] [INFO] [1775024488.472668818] [map_io]: occupied_thresh: 0.65
[map_server-8] [INFO] [1775024488.472690692] [map_io]: mode: trinary
[map_server-8] [INFO] [1775024488.472709650] [map_io]: negate: 0
[map_server-8] [INFO] [1775024488.481477675] [map_io]: Loading image_file: /home/smr/workspaces/mini_amr/amrROS2_ws/maps/map_000.pgm
[map_server-8] [INFO] [1775024488.490230825] [map_io]: Read map /home/smr/workspaces/mini_amr/amrROS2_ws/maps/map_000.pgm: 276 X 287 map @ 0.05 m/cell
[lifecycle_manager-19] [INFO] [1775024488.527083187] [lifecycle_manager_navigation]: [34m[1mConfiguring keepout_costmap_filter_info_server[0m[0m
[costmap_filter_info_server-9] [INFO] [1775024488.527511628] [keepout_costmap_filter_info_server]: Configuring
[lifecycle_manager-19] [INFO] [1775024488.559065784] [lifecycle_manager_navigation]: [34m[1mActivating controller_server[0m[0m
[controller_server-10] [INFO] [1775024488.559572972] [controller_server]: Activating
[controller_server-10] [INFO] [1775024488.559625470] [local_costmap.local_costmap]: Activating
[controller_server-10] [INFO] [1775024488.559647345] [local_costmap.local_costmap]: Checking transform
[controller_server-10] [INFO] [1775024488.559808630] [local_costmap.local_costmap]: start
[controller_server-10] [INFO] [1775024488.560498394] [local_costmap.local_costmap]: KeepoutFilter: Subscribing to "/keepout_costmap_filter_info" topic for filter info...
[controller_server-10] [WARN] [1775024488.661293202] [local_costmap.local_costmap]: KeepoutFilter: Filter mask was not received
[controller_server-10] [WARN] [1775024488.666202339] [controller_server]: Parameter controller_server.verbose not found
[controller_server-10] [INFO] [1775024488.666697569] [controller_server]: Optimizer reset
[controller_server-10] [INFO] [1775024488.667812275] [MPPIController]: Activated MPPI Controller: FollowPath
[controller_server-10] [INFO] [1775024488.667861273] [controller_server]: Creating bond (controller_server) to lifecycle manager.
[taskset-7] Registering sensor: [Custom Described Lidar]
[lifecycle_manager-19] [INFO] [1775024488.781017879] [lifecycle_manager_navigation]: Server controller_server connected with bond.
[lifecycle_manager-19] [INFO] [1775024488.781114417] [lifecycle_manager_navigation]: [34m[1mActivating smoother_server[0m[0m
[smoother_server-11] [INFO] [1775024488.781860179] [smoother_server]: Activating
[smoother_server-11] [INFO] [1775024488.781910927] [smoother_server]: Creating bond (smoother_server) to lifecycle manager.
[lifecycle_manager-19] [INFO] [1775024488.888139268] [lifecycle_manager_navigation]: Server smoother_server connected with bond.
[lifecycle_manager-19] [INFO] [1775024488.888289762] [lifecycle_manager_navigation]: [34m[1mActivating planner_server[0m[0m
[planner_server-12] [INFO] [1775024488.889080439] [planner_server]: Activating
[planner_server-12] [INFO] [1775024488.889137020] [global_costmap.global_costmap]: Activating
[planner_server-12] [INFO] [1775024488.889153352] [global_costmap.global_costmap]: Checking transform
[planner_server-12] [INFO] [1775024488.889326012] [global_costmap.global_costmap]: start
[planner_server-12] [INFO] [1775024488.890053400] [global_costmap.global_costmap]: KeepoutFilter: Subscribing to "/keepout_costmap_filter_info" topic for filter info...
[planner_server-12] [WARN] [1775024489.391449502] [global_costmap.global_costmap]: KeepoutFilter: Filter mask was not received
[planner_server-12] [INFO] [1775024489.395066899] [planner_server]: Activating plugin GridBased of type SmacPlanner2D
[planner_server-12] [INFO] [1775024489.397519426] [planner_server]: Creating bond (planner_server) to lifecycle manager.
[lifecycle_manager-19] [INFO] [1775024489.509687030] [lifecycle_manager_navigation]: Server planner_server connected with bond.
[lifecycle_manager-19] [INFO] [1775024489.509805734] [lifecycle_manager_navigation]: [34m[1mActivating behavior_server[0m[0m
[behavior_server-13] [INFO] [1775024489.511407211] [behavior_server]: Activating
[behavior_server-13] [INFO] [1775024489.511450376] [behavior_server]: Activating wait
[behavior_server-13] [INFO] [1775024489.511474000] [behavior_server]: Creating bond (behavior_server) to lifecycle manager.
[lifecycle_manager-19] [INFO] [1775024489.629189466] [lifecycle_manager_navigation]: Server behavior_server connected with bond.
[lifecycle_manager-19] [INFO] [1775024489.629248380] [lifecycle_manager_navigation]: [34m[1mActivating velocity_smoother[0m[0m
[velocity_smoother-16] [INFO] [1775024489.629635115] [velocity_smoother]: Activating
[velocity_smoother-16] [INFO] [1775024489.629722320] [velocity_smoother]: Creating bond (velocity_smoother) to lifecycle manager.
[lifecycle_manager-19] [INFO] [1775024489.738219154] [lifecycle_manager_navigation]: Server velocity_smoother connected with bond.
[lifecycle_manager-19] [INFO] [1775024489.738330566] [lifecycle_manager_navigation]: [34m[1mActivating collision_monitor[0m[0m
[collision_monitor-17] [INFO] [1775024489.739147783] [collision_monitor]: Activating
[collision_monitor-17] [INFO] [1775024489.739200573] [collision_monitor]: Creating bond (collision_monitor) to lifecycle manager.
[lifecycle_manager-19] [INFO] [1775024489.846715987] [lifecycle_manager_navigation]: Server collision_monitor connected with bond.
[lifecycle_manager-19] [INFO] [1775024489.846777527] [lifecycle_manager_navigation]: [34m[1mActivating collision_detector[0m[0m
[collision_detector-18] [INFO] [1775024489.847133637] [collision_detector]: Activating
[collision_detector-18] [INFO] [1775024489.847225800] [collision_detector]: Creating bond (collision_detector) to lifecycle manager.
[lifecycle_manager-19] [INFO] [1775024489.975063445] [lifecycle_manager_navigation]: Server collision_detector connected with bond.
[lifecycle_manager-19] [INFO] [1775024489.975116818] [lifecycle_manager_navigation]: [34m[1mActivating bt_navigator[0m[0m
[bt_navigator-14] [INFO] [1775024489.975484887] [bt_navigator]: Activating
[bt_navigator-14] [INFO] [1775024490.121430225] [bt_navigator]: Creating bond (bt_navigator) to lifecycle manager.
[lifecycle_manager-19] [INFO] [1775024490.227179085] [lifecycle_manager_navigation]: Server bt_navigator connected with bond.
[lifecycle_manager-19] [INFO] [1775024490.227264249] [lifecycle_manager_navigation]: [34m[1mActivating waypoint_follower[0m[0m
[waypoint_follower-15] [INFO] [1775024490.227794769] [waypoint_follower]: Activating
[waypoint_follower-15] [INFO] [1775024490.227850184] [waypoint_follower]: Creating bond (waypoint_follower) to lifecycle manager.
[lifecycle_manager-19] [INFO] [1775024490.333135604] [lifecycle_manager_navigation]: Server waypoint_follower connected with bond.
[lifecycle_manager-19] [INFO] [1775024490.333200643] [lifecycle_manager_navigation]: [34m[1mActivating keepout_filter_mask_server[0m[0m
[map_server-8] [INFO] [1775024490.334191687] [keepout_filter_mask_server]: Activating
[map_server-8] [INFO] [1775024490.334307182] [keepout_filter_mask_server]: Creating bond (keepout_filter_mask_server) to lifecycle manager.
[lifecycle_manager-19] [INFO] [1775024490.444443409] [lifecycle_manager_navigation]: Server keepout_filter_mask_server connected with bond.
[lifecycle_manager-19] [INFO] [1775024490.444502615] [lifecycle_manager_navigation]: [34m[1mActivating keepout_costmap_filter_info_server[0m[0m
[costmap_filter_info_server-9] [INFO] [1775024490.444929306] [keepout_costmap_filter_info_server]: Activating
[costmap_filter_info_server-9] [INFO] [1775024490.445045093] [keepout_costmap_filter_info_server]: Creating bond (keepout_costmap_filter_info_server) to lifecycle manager.
[planner_server-12] [INFO] [1775024490.445320416] [global_costmap.global_costmap]: KeepoutFilter: Received filter info from /keepout_costmap_filter_info topic.
[planner_server-12] [INFO] [1775024490.445370580] [global_costmap.global_costmap]: KeepoutFilter: Subscribing to "/keepout_filter_mask" topic for filter mask...
[controller_server-10] [INFO] [1775024490.446294252] [local_costmap.local_costmap]: KeepoutFilter: Received filter info from /keepout_costmap_filter_info topic.
[controller_server-10] [INFO] [1775024490.446357833] [local_costmap.local_costmap]: KeepoutFilter: Subscribing to "/keepout_filter_mask" topic for filter mask...
[planner_server-12] [INFO] [1775024490.451704452] [global_costmap.global_costmap]: KeepoutFilter: Received filter mask from /keepout_filter_mask topic.
[controller_server-10] [INFO] [1775024490.459602179] [local_costmap.local_costmap]: KeepoutFilter: Received filter mask from /keepout_filter_mask topic.
[lifecycle_manager-19] [INFO] [1775024490.548421923] [lifecycle_manager_navigation]: Server keepout_costmap_filter_info_server connected with bond.
[lifecycle_manager-19] [INFO] [1775024490.548526044] [lifecycle_manager_navigation]: [34m[1mManaged nodes are active[0m[0m
[lifecycle_manager-19] [INFO] [1775024490.548566293] [lifecycle_manager_navigation]: [34m[1mCreating bond timer...[0m[0m
[INFO] [delivery_robot_main_controller-20]: process started with pid [74653]
[INFO] [robot_sound-21]: process started with pid [74654]
[INFO] [call_robot_button-22]: process started with pid [74655]
[INFO] [rpc_run_node-23]: process started with pid [74656]
[INFO] [dock_coordinates-24]: process started with pid [74657]
[INFO] [autodock_action_server-25]: process started with pid [74658]
[INFO] [battery_manager_node-26]: process started with pid [74659]
[dock_coordinates-24] [INFO] [1775024491.549009799] [dock_coordinates]: begin dock_coordinates
[dock_coordinates-24] [INFO] [1775024491.554876439] [dock coordinates]: max_alignment_error: 0.010000
[dock_coordinates-24] [INFO] [1775024491.554913479] [dock coordinates]: minimum_point_cloud: 5
[dock_coordinates-24] [INFO] [1775024491.554918438] [dock coordinates]: point_cloud_split_dist: 0.050000
[dock_coordinates-24] [INFO] [1775024491.554922812] [dock coordinates]: max_dock_width: 0.380000
[dock_coordinates-24] [INFO] [1775024491.554927479] [dock coordinates]: min_dock_width: 0.310000
[dock_coordinates-24] [INFO] [1775024491.554931562] [dock coordinates]: range_limit: 1.200000
[planner_server-12] [INFO] [1775024492.414767308] [global_costmap.global_costmap]: StaticLayer: Resizing costmap to 276 X 287 at 0.050000 m/pix
[robot_sound-21] [0m[INFO] [1775024492.952890068] [robot_sound_node]: ✅ robot_sound_node started using .wav files[0m
[robot_sound-21] [0m[INFO] [1775024492.953908236] [robot_sound_node]: Sound volume set to 100% (API).[0m
[rpc_run_node-23] [0m[INFO] [1775024492.954728370] [rpc_run_node]: RPC run node started; RPC bridge configured.[0m
[rpc_run_node-23] 2026-04-01 13:21:32,955 [INFO] RPCServer listening on localhost:6000
[battery_manager_node-26] [INFO] [1775024493.062692350] [battery_manager]: SOC limits from API: target=1.00, resume=0.95
[battery_manager_node-26] [INFO] [1775024493.492008830] [battery_manager]: State change: IDLE_ON_DOCK -> UNKNOWN
[autodock_action_server-25] [INFO] [1775024494.011839280] [autodock_action_server]: auto_dock_init_start
[autodock_action_server-25] [INFO] [1775024494.074996591] [autodock_action_server]: auto_dock_init_complete
[delivery_robot_main_controller-20] [0m[INFO] [1775024494.370439042] [main_controller_node]: Delivery Robot Main Controller Node started.[0m
[delivery_robot_main_controller-20] [0m[INFO] [1775024494.472199520] [main_controller_node]: Initial state: STANDBY[0m
[delivery_robot_main_controller-20] [0m[INFO] [1775024494.492503084] [main_controller_node]: setting_batteryLowToCharge: 30[0m
[delivery_robot_main_controller-20] [33m[WARN] [1775024494.516768199] [rcl.logging_rosout]: Publisher already registered for node name: 'main_controller_node'. If this is due to multiple nodes with the same name then all logs for the logger named 'main_controller_node' will go out over the existing publisher. As soon as any node with that name is destructed it will unregister the publisher, preventing any further logs for that name from being published on the rosout topic.[0m
[delivery_robot_main_controller-20] [33m[WARN] [1775024494.572886708] [main_controller_node]: slam_toolbox_msgs not available; initial pose service calls will be skipped.[0m
[call_robot_button-22] Error: Connection refused
[call_robot_button-22] 2026-04-01 13:21:35 mosquitto_pub -u smr -P smrbot25 -m "Auu,blink" -t "Rsp" -r
[call_robot_button-22] [0m[INFO] [1775024495.252131999] [call_robot_button_node]: call_switch notified: station=Auu status=blink.[0m
[delivery_robot_main_controller-20] [0m[INFO] [1775024495.790773322] [main_controller_node]: Waiting for Nav2 system...[0m
[delivery_robot_main_controller-20] [0m[INFO] [1775024497.811245260] [main_controller_node]: Waiting for localization pose to be received from slam_toolbox/pose[0m
[delivery_robot_main_controller-20] [0m[INFO] [1775024497.818121902] [main_controller_node]: Acquired localization pose from TF map->base_link[0m
[INFO] [bash-27]: process started with pid [74822]
[delivery_robot_main_controller-20] [0m[INFO] [1775024499.823669269] [main_controller_node]: Nav2 is ready for use![0m
[delivery_robot_main_controller-20] [0m[INFO] [1775024499.879005851] [main_controller_node]: 1 pending queues [0m
[delivery_robot_main_controller-20] [0m[INFO] [1775024499.921834224] [main_controller_node]: Startup cleanup: removed 1 Request queue(s).[0m
[delivery_robot_main_controller-20] [0m[INFO] [1775024499.922330329] [main_controller_node]: Robot is in STANDBY mode.[0m
[delivery_robot_main_controller-20] [33m[WARN] [1775024500.014022876] [main_controller_node]: Robot status id missing; refreshing before battery status.[0m
[delivery_robot_main_controller-20] [0m[INFO] [1775024500.845423424] [main_controller_node]: Current state: STANDBY, dock_state IDLE, charge_state NOT_CHARGE[0m
[call_robot_button-22] Error: Connection refused
[call_robot_button-22] 2026-04-01 13:21:41 mosquitto_pub -u smr -P smrbot25 -m "Auu,false" -t "Rsp" -r
[call_robot_button-22] [0m[INFO] [1775024501.235238440] [call_robot_button_node]: call_switch notified: station=Auu status=false.[0m
[delivery_robot_main_controller-20] [0m[INFO] [1775024501.848690734] [main_controller_node]: Current state: STANDBY, dock_state IDLE, charge_state NOT_CHARGE[0m
[delivery_robot_main_controller-20] [0m[INFO] [1775024501.946957768] [main_controller_node]: No pending queue found or unexpected format.[0m
[delivery_robot_main_controller-20] [0m[INFO] [1775024502.845493219] [main_controller_node]: Current state: STANDBY, dock_state IDLE, charge_state NOT_CHARGE[0m
[delivery_robot_main_controller-20] [0m[INFO] [1775024503.843575485] [main_controller_node]: Current state: STANDBY, dock_state IDLE, charge_state NOT_CHARGE[0m
[delivery_robot_main_controller-20] [0m[INFO] [1775024503.932747258] [main_controller_node]: No pending queue found or unexpected format.[0m
[delivery_robot_main_controller-20] [0m[INFO] [1775024504.844478348] [main_controller_node]: Current state: STANDBY, dock_state IDLE, charge_state NOT_CHARGE[0m
[delivery_robot_main_controller-20] [0m[INFO] [1775024505.886157207] [main_controller_node]: Current state: STANDBY, dock_state IDLE, charge_state NOT_CHARGE[0m
[delivery_robot_main_controller-20] [0m[INFO] [1775024505.963276627] [main_controller_node]: No pending queue found or unexpected format.[0m
[delivery_robot_main_controller-20] [0m[INFO] [1775024506.836603168] [main_controller_node]: Current state: STANDBY, dock_state IDLE, charge_state NOT_CHARGE[0m
[delivery_robot_main_controller-20] [0m[INFO] [1775024507.847152229] [main_controller_node]: Current state: STANDBY, dock_state IDLE, charge_state NOT_CHARGE[0m
[delivery_robot_main_controller-20] [0m[INFO] [1775024508.004257163] [main_controller_node]: No pending queue found or unexpected format.[0m
[delivery_robot_main_controller-20] [0m[INFO] [1775024508.868712725] [main_controller_node]: Current state: STANDBY, dock_state IDLE, charge_state NOT_CHARGE[0m
[delivery_robot_main_controller-20] [0m[INFO] [1775024509.864565581] [main_controller_node]: Current state: STANDBY, dock_state IDLE, charge_state NOT_CHARGE[0m
[delivery_robot_main_controller-20] [0m[INFO] [1775024509.935218134] [main_controller_node]: No pending queue found or unexpected format.[0m
[delivery_robot_main_controller-20] [0m[INFO] [1775024510.835479016] [main_controller_node]: Current state: STANDBY, dock_state IDLE, charge_state NOT_CHARGE[0m
[delivery_robot_main_controller-20] [0m[INFO] [1775024511.842457344] [main_controller_node]: Current state: STANDBY, dock_state IDLE, charge_state NOT_CHARGE[0m
[delivery_robot_main_controller-20] [0m[INFO] [1775024511.943155323] [main_controller_node]: No pending queue found or unexpected format.[0m
[delivery_robot_main_controller-20] [0m[INFO] [1775024512.895194012] [main_controller_node]: Current state: STANDBY, dock_state IDLE, charge_state NOT_CHARGE[0m
[delivery_robot_main_controller-20] [0m[INFO] [1775024513.846445524] [main_controller_node]: Current state: STANDBY, dock_state IDLE, charge_state NOT_CHARGE[0m
[delivery_robot_main_controller-20] [0m[INFO] [1775024513.928955895] [main_controller_node]: No pending queue found or unexpected format.[0m
[delivery_robot_main_controller-20] [0m[INFO] [1775024514.836202206] [main_controller_node]: Current state: STANDBY, dock_state IDLE, charge_state NOT_CHARGE[0m
[delivery_robot_main_controller-20] [0m[INFO] [1775024515.860316434] [main_controller_node]: Current state: STANDBY, dock_state IDLE, charge_state NOT_CHARGE[0m
[delivery_robot_main_controller-20] [0m[INFO] [1775024515.954427967] [main_controller_node]: No pending queue found or unexpected format.[0m
[delivery_robot_main_controller-20] [0m[INFO] [1775024516.842910652] [main_controller_node]: Current state: STANDBY, dock_state IDLE, charge_state NOT_CHARGE[0m
[delivery_robot_main_controller-20] [0m[INFO] [1775024517.898285923] [main_controller_node]: Current state: STANDBY, dock_state IDLE, charge_state NOT_CHARGE[0m
[delivery_robot_main_controller-20] [0m[INFO] [1775024518.004861042] [main_controller_node]: 1 pending queues [0m
[delivery_robot_main_controller-20] [0m[INFO] [1775024518.007008206] [main_controller_node]: Queue action: Request[0m
[delivery_robot_main_controller-20] [0m[INFO] [1775024518.065903271] [main_controller_node]: AGV start_pos: x=0.15, y=0.05[0m
[delivery_robot_main_controller-20] [0m[INFO] [1775024518.068119266] [main_controller_node]: AGV goal_pos: x=-0.53, y=5.87[0m
[delivery_robot_main_controller-20] [0m[INFO] [1775024518.070512295] [main_controller_node]: Path source: building YAML (/home/smr/workspaces/mini_amr/amrROS2_ws/maps/map_000.building.yaml)[0m
[delivery_robot_main_controller-20] Graph before shortest_path: Graph with 19 nodes and 21 edges
[delivery_robot_main_controller-20] [0m[INFO] [1775024518.126974082] [main_controller_node]: Computed AGV path waypoints:[0m
[delivery_robot_main_controller-20] [0m[INFO] [1775024518.127705845] [main_controller_node]:   Waypoint 0: x=0.15, y=0.05[0m
[delivery_robot_main_controller-20] [0m[INFO] [1775024518.128374901] [main_controller_node]:   Waypoint 1: x=0.29, y=0.02[0m
[delivery_robot_main_controller-20] [0m[INFO] [1775024518.129015376] [main_controller_node]:   Waypoint 2: x=0.46, y=0.32[0m
[delivery_robot_main_controller-20] [0m[INFO] [1775024518.129640101] [main_controller_node]:   Waypoint 3: x=0.63, y=0.63[0m
[delivery_robot_main_controller-20] [0m[INFO] [1775024518.130298949] [main_controller_node]:   Waypoint 4: x=0.79, y=0.93[0m
[delivery_robot_main_controller-20] [0m[INFO] [1775024518.130979964] [main_controller_node]:   Waypoint 5: x=0.77, y=1.41[0m
[delivery_robot_main_controller-20] [0m[INFO] [1775024518.131636188] [main_controller_node]:   Waypoint 6: x=0.75, y=1.88[0m
[delivery_robot_main_controller-20] [0m[INFO] [1775024518.132280162] [main_controller_node]:   Waypoint 7: x=0.72, y=2.36[0m
[delivery_robot_main_controller-20] [0m[INFO] [1775024518.132915095] [main_controller_node]:   Waypoint 8: x=0.70, y=2.83[0m
[delivery_robot_main_controller-20] [0m[INFO] [1775024518.133551194] [main_controller_node]:   Waypoint 9: x=0.68, y=3.31[0m
[delivery_robot_main_controller-20] [0m[INFO] [1775024518.134180003] [main_controller_node]:   Waypoint 10: x=0.66, y=3.78[0m
[delivery_robot_main_controller-20] [0m[INFO] [1775024518.134842060] [main_controller_node]:   Waypoint 11: x=0.63, y=4.26[0m
[delivery_robot_main_controller-20] [0m[INFO] [1775024518.135484576] [main_controller_node]:   Waypoint 12: x=0.61, y=4.73[0m
[delivery_robot_main_controller-20] [0m[INFO] [1775024518.136158590] [main_controller_node]:   Waypoint 13: x=0.59, y=5.21[0m
[delivery_robot_main_controller-20] [0m[INFO] [1775024518.136841355] [main_controller_node]:   Waypoint 14: x=0.22, y=5.43[0m
[delivery_robot_main_controller-20] [0m[INFO] [1775024518.137466371] [main_controller_node]:   Waypoint 15: x=-0.16, y=5.65[0m
[delivery_robot_main_controller-20] [0m[INFO] [1775024518.138115887] [main_controller_node]:   Waypoint 16: x=-0.53, y=5.87[0m
[delivery_robot_main_controller-20] [0m[INFO] [1775024518.141435796] [main_controller_node]: Navigating with 17 goals....[0m
[delivery_robot_main_controller-20] [0m[INFO] [1775024518.147405100] [main_controller_node]: State change: STANDBY -> MOVE[0m
[bt_navigator-14] [INFO] [1775024518.148389727] [bt_navigator]: Begin navigating from current location through 17 poses to (-0.53, 5.87)
[controller_server-10] [INFO] [1775024518.151706428] [local_costmap.local_costmap]: Received request to clear entirely the local_costmap
[controller_server-10] [INFO] [1775024518.158195752] [local_costmap.local_costmap]: KeepoutFilter: Subscribing to "/keepout_costmap_filter_info" topic for filter info...
[delivery_robot_main_controller-20] [0m[INFO] [1775024518.164743990] [main_controller_node]: Robot is MOVING.[0m
[planner_server-12] [INFO] [1775024518.166672122] [global_costmap.global_costmap]: Received request to clear entirely the global_costmap
[planner_server-12] [INFO] [1775024518.176522770] [global_costmap.global_costmap]: KeepoutFilter: Subscribing to "/keepout_costmap_filter_info" topic for filter info...
[controller_server-10] [INFO] [1775024518.180194707] [local_costmap.local_costmap]: KeepoutFilter: Received filter info from /keepout_costmap_filter_info topic.
[controller_server-10] [INFO] [1775024518.180253329] [local_costmap.local_costmap]: KeepoutFilter: Subscribing to "/keepout_filter_mask" topic for filter mask...
[controller_server-10] [WARN] [1775024518.185879646] [local_costmap.local_costmap]: KeepoutFilter: New filter mask arrived from /keepout_filter_mask topic. Updating old filter mask.
[planner_server-12] [INFO] [1775024518.189668245] [global_costmap.global_costmap]: KeepoutFilter: Received filter info from /keepout_costmap_filter_info topic.
[planner_server-12] [INFO] [1775024518.189812614] [global_costmap.global_costmap]: KeepoutFilter: Subscribing to "/keepout_filter_mask" topic for filter mask...
[planner_server-12] [WARN] [1775024518.205210541] [global_costmap.global_costmap]: KeepoutFilter: New filter mask arrived from /keepout_filter_mask topic. Updating old filter mask.
[planner_server-12] [WARN] [1775024518.425121634] [planner_server]: Planner loop missed its desired rate of 5.0000 Hz. Current loop rate is 4.2646 Hz
[controller_server-10] [INFO] [1775024518.443479568] [controller_server]: Received a goal, begin computing control effort.
[controller_server-10] [WARN] [1775024518.444237579] [controller_server]: No goal checker was specified in parameter 'current_goal_checker'. Server will use only plugin loaded goal_checker . This warning will appear once.
[controller_server-10] [WARN] [1775024518.444795807] [controller_server]: No progress checker was specified in parameter 'current_progress_checker'. Server will use only plugin loaded progress_checker . This warning will appear once.
[controller_server-10] [INFO] [1775024518.647676580] [controller_server]: Passing new path to controller.
[controller_server-10] [INFO] [1775024518.747674878] [controller_server]: Passing new path to controller.
[controller_server-10] [INFO] [1775024518.845372893] [controller_server]: Passing new path to controller.
[controller_server-10] [INFO] [1775024519.045389905] [controller_server]: Passing new path to controller.
[controller_server-10] [INFO] [1775024519.145375079] [controller_server]: Passing new path to controller.
[call_robot_button-22] Error: Connection refused
[call_robot_button-22] 2026-04-01 13:21:59 mosquitto_pub -u smr -P smrbot25 -m "Auu,blink" -t "Rsp" -r
[call_robot_button-22] [0m[INFO] [1775024519.230471848] [call_robot_button_node]: call_switch notified: station=Auu status=blink.[0m
[controller_server-10] [INFO] [1775024519.245378336] [controller_server]: Passing new path to controller.
[controller_server-10] [INFO] [1775024519.445382515] [controller_server]: Passing new path to controller.
[controller_server-10] [INFO] [1775024519.545434770] [controller_server]: Passing new path to controller.
[controller_server-10] [INFO] [1775024519.645644226] [controller_server]: Passing new path to controller.
[controller_server-10] [INFO] [1775024519.745380618] [controller_server]: Passing new path to controller.
[controller_server-10] [INFO] [1775024519.945370215] [controller_server]: Passing new path to controller.
[controller_server-10] [INFO] [1775024520.045367055] [controller_server]: Passing new path to controller.
[controller_server-10] [INFO] [1775024520.145367103] [controller_server]: Passing new path to controller.
[controller_server-10] [INFO] [1775024520.345809057] [controller_server]: Passing new path to controller.
[controller_server-10] [INFO] [1775024520.445373664] [controller_server]: Passing new path to controller.
[controller_server-10] [INFO] [1775024520.545368754] [controller_server]: Passing new path to controller.
[controller_server-10] [INFO] [1775024520.745370892] [controller_server]: Passing new path to controller.
[controller_server-10] [INFO] [1775024520.845399523] [controller_server]: Passing new path to controller.
[controller_server-10] [INFO] [1775024520.945410362] [controller_server]: Passing new path to controller.
[controller_server-10] [INFO] [1775024521.045399327] [controller_server]: Passing new path to controller.
[controller_server-10] [INFO] [1775024521.245409923] [controller_server]: Passing new path to controller.
[controller_server-10] [INFO] [1775024521.345401222] [controller_server]: Passing new path to controller.
[planner_server-12] [WARN] [1775024521.423162283] [planner_server]: GridBased plugin failed to plan from (0.75, 1.40) to (0.75, 1.88): "no valid path found"
[planner_server-12] [WARN] [1775024521.423256196] [planner_server]: [compute_path_through_poses] [ActionServer] Aborting handle.
[planner_server-12] [INFO] [1775024521.440932240] [global_costmap.global_costmap]: Received request to clear entirely the global_costmap
[planner_server-12] [INFO] [1775024521.452130335] [global_costmap.global_costmap]: KeepoutFilter: Subscribing to "/keepout_costmap_filter_info" topic for filter info...
[planner_server-12] [INFO] [1775024521.458063181] [global_costmap.global_costmap]: KeepoutFilter: Received filter info from /keepout_costmap_filter_info topic.
[planner_server-12] [INFO] [1775024521.458114512] [global_costmap.global_costmap]: KeepoutFilter: Subscribing to "/keepout_filter_mask" topic for filter mask...
[planner_server-12] [WARN] [1775024521.467775877] [global_costmap.global_costmap]: KeepoutFilter: New filter mask arrived from /keepout_filter_mask topic. Updating old filter mask.
[planner_server-12] [WARN] [1775024521.970896826] [planner_server]: GridBased plugin failed to plan from (0.70, 1.85) to (0.72, 2.36): "no valid path found"
[planner_server-12] [WARN] [1775024521.971076777] [planner_server]: [compute_path_through_poses] [ActionServer] Aborting handle.
[controller_server-10] [INFO] [1775024522.045441224] [controller_server]: Cancellation was successful. Stopping the robot.
[controller_server-10] [INFO] [1775024522.045558761] [controller_server]: [follow_path] [ActionServer] Client requested to cancel the goal. Cancelling.
[bt_navigator-14] [WARN] [1775024522.046255525] [bt_navigator]: [navigate_through_poses] [ActionServer] Aborting handle.
[bt_navigator-14] [ERROR] [1775024522.046624177] [bt_navigator]: Goal failed
[delivery_robot_main_controller-20] [33m[WARN] [1775024522.049175867] [main_controller_node]: Goal failed! (obstacle retry 1/3)[0m
[controller_server-10] [INFO] [1775024522.050159911] [controller_server]: Optimizer reset
[delivery_robot_main_controller-20] [0m[INFO] [1775024522.055481740] [main_controller_node]: Pre-resume: waiting 3 seconds before wiggle...[0m
[delivery_robot_main_controller-20] [0m[INFO] [1775024522.077543984] [main_controller_node]: Current state: MOVE, dock_state IDLE, charge_state NOT_CHARGE[0m
[delivery_robot_main_controller-20] [0m[INFO] [1775024522.372975061] [main_controller_node]: Pre-resume: clearing local/global costmaps.[0m
[controller_server-10] [INFO] [1775024522.374295675] [local_costmap.local_costmap]: Received request to clear entirely the local_costmap
[controller_server-10] [INFO] [1775024522.382792169] [local_costmap.local_costmap]: KeepoutFilter: Subscribing to "/keepout_costmap_filter_info" topic for filter info...
[controller_server-10] [INFO] [1775024522.390457738] [local_costmap.local_costmap]: KeepoutFilter: Received filter info from /keepout_costmap_filter_info topic.
[controller_server-10] [INFO] [1775024522.390569442] [local_costmap.local_costmap]: KeepoutFilter: Subscribing to "/keepout_filter_mask" topic for filter mask...
[planner_server-12] [INFO] [1775024522.390979509] [global_costmap.global_costmap]: Received request to clear entirely the global_costmap
[controller_server-10] [WARN] [1775024522.403690418] [local_costmap.local_costmap]: KeepoutFilter: New filter mask arrived from /keepout_filter_mask topic. Updating old filter mask.
[planner_server-12] [INFO] [1775024522.442970224] [global_costmap.global_costmap]: KeepoutFilter: Subscribing to "/keepout_costmap_filter_info" topic for filter info...
[planner_server-12] [INFO] [1775024522.454202151] [global_costmap.global_costmap]: KeepoutFilter: Received filter info from /keepout_costmap_filter_info topic.
[planner_server-12] [INFO] [1775024522.454258148] [global_costmap.global_costmap]: KeepoutFilter: Subscribing to "/keepout_filter_mask" topic for filter mask...
[planner_server-12] [WARN] [1775024522.465898683] [global_costmap.global_costmap]: KeepoutFilter: New filter mask arrived from /keepout_filter_mask topic. Updating old filter mask.
[delivery_robot_main_controller-20] [0m[INFO] [1775024522.851759149] [main_controller_node]: Current state: MOVE, dock_state IDLE, charge_state NOT_CHARGE[0m
[delivery_robot_main_controller-20] [0m[INFO] [1775024523.451222502] [main_controller_node]: Pre-resume wiggle complete. Switching to STANDBY.[0m
[delivery_robot_main_controller-20] [0m[INFO] [1775024523.452209170] [main_controller_node]: State change: MOVE -> STANDBY[0m
[delivery_robot_main_controller-20] [0m[INFO] [1775024523.473786392] [main_controller_node]: Robot is in STANDBY mode.[0m
[delivery_robot_main_controller-20] [0m[INFO] [1775024523.919465302] [main_controller_node]: Current state: STANDBY, dock_state IDLE, charge_state NOT_CHARGE[0m
[delivery_robot_main_controller-20] [0m[INFO] [1775024524.065212024] [main_controller_node]: 1 pending queues [0m
[delivery_robot_main_controller-20] [0m[INFO] [1775024524.066242149] [main_controller_node]: Queue action: Request[0m
[delivery_robot_main_controller-20] [0m[INFO] [1775024524.140547682] [main_controller_node]: AGV start_pos: x=0.73, y=0.86[0m
[delivery_robot_main_controller-20] [0m[INFO] [1775024524.141245904] [main_controller_node]: AGV goal_pos: x=-0.53, y=5.87[0m
[delivery_robot_main_controller-20] [0m[INFO] [1775024524.142427107] [main_controller_node]: Path source: building YAML (/home/smr/workspaces/mini_amr/amrROS2_ws/maps/map_000.building.yaml)[0m
[delivery_robot_main_controller-20] Graph before shortest_path: Graph with 19 nodes and 21 edges
[delivery_robot_main_controller-20] [0m[INFO] [1775024524.196497323] [main_controller_node]: Computed AGV path waypoints:[0m
[delivery_robot_main_controller-20] [0m[INFO] [1775024524.197398537] [main_controller_node]:   Waypoint 0: x=0.73, y=0.86[0m
[delivery_robot_main_controller-20] [0m[INFO] [1775024524.198141965] [main_controller_node]:   Waypoint 1: x=0.79, y=0.93[0m
[delivery_robot_main_controller-20] [0m[INFO] [1775024524.198801980] [main_controller_node]:   Waypoint 2: x=0.77, y=1.41[0m
[delivery_robot_main_controller-20] [0m[INFO] [1775024524.199486495] [main_controller_node]:   Waypoint 3: x=0.75, y=1.88[0m
[delivery_robot_main_controller-20] [0m[INFO] [1775024524.200210674] [main_controller_node]:   Waypoint 4: x=0.72, y=2.36[0m
[delivery_robot_main_controller-20] [0m[INFO] [1775024524.200906563] [main_controller_node]:   Waypoint 5: x=0.70, y=2.83[0m
[delivery_robot_main_controller-20] [0m[INFO] [1775024524.201587578] [main_controller_node]:   Waypoint 6: x=0.68, y=3.31[0m
[delivery_robot_main_controller-20] [0m[INFO] [1775024524.202235052] [main_controller_node]:   Waypoint 7: x=0.66, y=3.78[0m
[delivery_robot_main_controller-20] [0m[INFO] [1775024524.202881943] [main_controller_node]:   Waypoint 8: x=0.63, y=4.26[0m
[delivery_robot_main_controller-20] [0m[INFO] [1775024524.203522125] [main_controller_node]:   Waypoint 9: x=0.61, y=4.73[0m
[delivery_robot_main_controller-20] [0m[INFO] [1775024524.206709040] [main_controller_node]:   Waypoint 10: x=0.59, y=5.21[0m
[delivery_robot_main_controller-20] [0m[INFO] [1775024524.207628045] [main_controller_node]:   Waypoint 11: x=0.22, y=5.43[0m
[delivery_robot_main_controller-20] [0m[INFO] [1775024524.209325477] [main_controller_node]:   Waypoint 12: x=-0.16, y=5.65[0m
[delivery_robot_main_controller-20] [0m[INFO] [1775024524.211369687] [main_controller_node]:   Waypoint 13: x=-0.53, y=5.87[0m
[delivery_robot_main_controller-20] [0m[INFO] [1775024524.212509475] [main_controller_node]: Navigating with 14 goals....[0m
[bt_navigator-14] [INFO] [1775024524.215748304] [bt_navigator]: Begin navigating from current location through 14 poses to (-0.53, 5.87)
[controller_server-10] [INFO] [1775024524.216676933] [local_costmap.local_costmap]: Received request to clear entirely the local_costmap
[delivery_robot_main_controller-20] [0m[INFO] [1775024524.224580201] [main_controller_node]: State change: STANDBY -> MOVE[0m
[controller_server-10] [INFO] [1775024524.232381098] [local_costmap.local_costmap]: KeepoutFilter: Subscribing to "/keepout_costmap_filter_info" topic for filter info...
[planner_server-12] [INFO] [1775024524.237856629] [global_costmap.global_costmap]: Received request to clear entirely the global_costmap
[controller_server-10] [INFO] [1775024524.240928923] [local_costmap.local_costmap]: KeepoutFilter: Received filter info from /keepout_costmap_filter_info topic.
[controller_server-10] [INFO] [1775024524.240999212] [local_costmap.local_costmap]: KeepoutFilter: Subscribing to "/keepout_filter_mask" topic for filter mask...
[controller_server-10] [WARN] [1775024524.248915021] [local_costmap.local_costmap]: KeepoutFilter: New filter mask arrived from /keepout_filter_mask topic. Updating old filter mask.
[planner_server-12] [INFO] [1775024524.251361132] [global_costmap.global_costmap]: KeepoutFilter: Subscribing to "/keepout_costmap_filter_info" topic for filter info...
[delivery_robot_main_controller-20] [0m[INFO] [1775024524.252241638] [main_controller_node]: Robot is MOVING.[0m
[planner_server-12] [INFO] [1775024524.264063291] [global_costmap.global_costmap]: KeepoutFilter: Received filter info from /keepout_costmap_filter_info topic.
[planner_server-12] [INFO] [1775024524.264128913] [global_costmap.global_costmap]: KeepoutFilter: Subscribing to "/keepout_filter_mask" topic for filter mask...
[planner_server-12] [WARN] [1775024524.280384889] [global_costmap.global_costmap]: KeepoutFilter: New filter mask arrived from /keepout_filter_mask topic. Updating old filter mask.
[controller_server-10] [INFO] [1775024524.457787555] [controller_server]: Received a goal, begin computing control effort.
[controller_server-10] [INFO] [1775024524.658076973] [controller_server]: Passing new path to controller.
[controller_server-10] [INFO] [1775024524.758126311] [controller_server]: Passing new path to controller.
[controller_server-10] [INFO] [1775024524.958581097] [controller_server]: Passing new path to controller.
[controller_server-10] [INFO] [1775024525.058131413] [controller_server]: Passing new path to controller.
[controller_server-10] [INFO] [1775024525.158109296] [controller_server]: Passing new path to controller.
[controller_server-10] [INFO] [1775024525.258132385] [controller_server]: Passing new path to controller.
[controller_server-10] [INFO] [1775024525.458103899] [controller_server]: Passing new path to controller.
[controller_server-10] [INFO] [1775024525.558098406] [controller_server]: Passing new path to controller.
[controller_server-10] [INFO] [1775024525.658106329] [controller_server]: Passing new path to controller.
[controller_server-10] [INFO] [1775024525.758098502] [controller_server]: Passing new path to controller.
[controller_server-10] [INFO] [1775024525.958075266] [controller_server]: Passing new path to controller.
[controller_server-10] [INFO] [1775024526.058107688] [controller_server]: Passing new path to controller.
[controller_server-10] [INFO] [1775024526.158100736] [controller_server]: Passing new path to controller.
[controller_server-10] [INFO] [1775024526.258096993] [controller_server]: Passing new path to controller.
[controller_server-10] [INFO] [1775024526.458105256] [controller_server]: Passing new path to controller.
[controller_server-10] [INFO] [1775024526.558103554] [controller_server]: Passing new path to controller.
[controller_server-10] [INFO] [1775024526.658099519] [controller_server]: Passing new path to controller.
[controller_server-10] [INFO] [1775024526.763974666] [controller_server]: Optimizer reset
[controller_server-10] [INFO] [1775024526.769058796] [controller_server]: Optimizer reset
[controller_server-10] [WARN] [1775024526.771236876] [controller_server]: Optimizer fail to compute path
[controller_server-10] [INFO] [1775024526.858107490] [controller_server]: Passing new path to controller.
[controller_server-10] [INFO] [1775024526.864977133] [controller_server]: Optimizer reset
[controller_server-10] [INFO] [1775024526.869956559] [controller_server]: Optimizer reset
[controller_server-10] [WARN] [1775024526.870133302] [controller_server]: Optimizer fail to compute path
[controller_server-10] [INFO] [1775024526.958093247] [controller_server]: Passing new path to controller.
[controller_server-10] [INFO] [1775024526.965057678] [controller_server]: Optimizer reset
[controller_server-10] [INFO] [1775024526.970026896] [controller_server]: Optimizer reset
[controller_server-10] [WARN] [1775024526.970205389] [controller_server]: Optimizer fail to compute path
[controller_server-10] [INFO] [1775024527.058104378] [controller_server]: Passing new path to controller.
[controller_server-10] [INFO] [1775024527.067296178] [controller_server]: Optimizer reset
[controller_server-10] [INFO] [1775024527.075723550] [controller_server]: Optimizer reset
[controller_server-10] [WARN] [1775024527.076449771] [controller_server]: Optimizer fail to compute path
[controller_server-10] [INFO] [1775024527.163964359] [controller_server]: Optimizer reset
[controller_server-10] [INFO] [1775024527.168781625] [controller_server]: Optimizer reset
[controller_server-10] [WARN] [1775024527.168947869] [controller_server]: Optimizer fail to compute path
[controller_server-10] [INFO] [1775024527.258099517] [controller_server]: Passing new path to controller.
[controller_server-10] [INFO] [1775024527.264745751] [controller_server]: Optimizer reset
[controller_server-10] [INFO] [1775024527.269512269] [controller_server]: Optimizer reset
[controller_server-10] [WARN] [1775024527.269687554] [controller_server]: Optimizer fail to compute path
[controller_server-10] [INFO] [1775024527.358101023] [controller_server]: Passing new path to controller.
[controller_server-10] [INFO] [1775024527.368995213] [controller_server]: Optimizer reset
[controller_server-10] [INFO] [1775024527.374080218] [controller_server]: Optimizer reset
[controller_server-10] [WARN] [1775024527.374290210] [controller_server]: Optimizer fail to compute path
[controller_server-10] [INFO] [1775024527.458097863] [controller_server]: Passing new path to controller.
[controller_server-10] [INFO] [1775024527.464632394] [controller_server]: Optimizer reset
[controller_server-10] [INFO] [1775024527.469251334] [controller_server]: Optimizer reset
[controller_server-10] [WARN] [1775024527.469425744] [controller_server]: Optimizer fail to compute path
[controller_server-10] [INFO] [1775024527.560776179] [controller_server]: Optimizer reset
[controller_server-10] [INFO] [1775024527.562453196] [controller_server]: Optimizer reset
[controller_server-10] [WARN] [1775024527.562552942] [controller_server]: Optimizer fail to compute path
[controller_server-10] [INFO] [1775024527.658111667] [controller_server]: Passing new path to controller.
[controller_server-10] [INFO] [1775024527.664996184] [controller_server]: Optimizer reset
[controller_server-10] [INFO] [1775024527.669753369] [controller_server]: Optimizer reset
[controller_server-10] [WARN] [1775024527.669940903] [controller_server]: Optimizer fail to compute path
[controller_server-10] [ERROR] [1775024527.670082356] [controller_server]: Controller patience exceeded
[controller_server-10] [INFO] [1775024527.672015445] [controller_server]: Optimizer reset
[controller_server-10] [WARN] [1775024527.672128899] [controller_server]: [follow_path] [ActionServer] Aborting handle.
[bt_navigator-14] [WARN] [1775024527.696064735] [bt_navigator]: [navigate_through_poses] [ActionServer] Aborting handle.
[bt_navigator-14] [ERROR] [1775024527.696295142] [bt_navigator]: Goal failed
[delivery_robot_main_controller-20] [33m[WARN] [1775024527.702818007] [main_controller_node]: Goal failed! (obstacle retry 2/3)[0m
[delivery_robot_main_controller-20] [0m[INFO] [1775024527.715708867] [main_controller_node]: Pre-resume: waiting 3 seconds before wiggle...[0m
[delivery_robot_main_controller-20] [0m[INFO] [1775024527.732042423] [main_controller_node]: Current state: MOVE, dock_state IDLE, charge_state NOT_CHARGE[0m
[delivery_robot_main_controller-20] [0m[INFO] [1775024527.892153154] [main_controller_node]: Current state: MOVE, dock_state IDLE, charge_state NOT_CHARGE[0m
[delivery_robot_main_controller-20] [0m[INFO] [1775024528.028411171] [main_controller_node]: Pre-resume: clearing local/global costmaps.[0m
[controller_server-10] [INFO] [1775024528.029985817] [local_costmap.local_costmap]: Received request to clear entirely the local_costmap
[controller_server-10] [INFO] [1775024528.034717628] [local_costmap.local_costmap]: KeepoutFilter: Subscribing to "/keepout_costmap_filter_info" topic for filter info...
[controller_server-10] [INFO] [1775024528.042381738] [local_costmap.local_costmap]: KeepoutFilter: Received filter info from /keepout_costmap_filter_info topic.
[controller_server-10] [INFO] [1775024528.042432778] [local_costmap.local_costmap]: KeepoutFilter: Subscribing to "/keepout_filter_mask" topic for filter mask...
[controller_server-10] [WARN] [1775024528.048069011] [local_costmap.local_costmap]: KeepoutFilter: New filter mask arrived from /keepout_filter_mask topic. Updating old filter mask.
[planner_server-12] [INFO] [1775024528.053100644] [global_costmap.global_costmap]: Received request to clear entirely the global_costmap
[planner_server-12] [INFO] [1775024528.062480561] [global_costmap.global_costmap]: KeepoutFilter: Subscribing to "/keepout_costmap_filter_info" topic for filter info...
[planner_server-12] [INFO] [1775024528.073643656] [global_costmap.global_costmap]: KeepoutFilter: Received filter info from /keepout_costmap_filter_info topic.
[planner_server-12] [INFO] [1775024528.073702279] [global_costmap.global_costmap]: KeepoutFilter: Subscribing to "/keepout_filter_mask" topic for filter mask...
[planner_server-12] [WARN] [1775024528.086724967] [global_costmap.global_costmap]: KeepoutFilter: New filter mask arrived from /keepout_filter_mask topic. Updating old filter mask.
[delivery_robot_main_controller-20] [0m[INFO] [1775024528.881241364] [main_controller_node]: Current state: MOVE, dock_state IDLE, charge_state NOT_CHARGE[0m
[delivery_robot_main_controller-20] [0m[INFO] [1775024529.069658964] [main_controller_node]: Pre-resume wiggle complete. Switching to STANDBY.[0m
[delivery_robot_main_controller-20] [0m[INFO] [1775024529.070302939] [main_controller_node]: State change: MOVE -> STANDBY[0m
[delivery_robot_main_controller-20] [0m[INFO] [1775024529.101141957] [main_controller_node]: Robot is in STANDBY mode.[0m
[delivery_robot_main_controller-20] [0m[INFO] [1775024529.848760226] [main_controller_node]: Current state: STANDBY, dock_state IDLE, charge_state NOT_CHARGE[0m
[delivery_robot_main_controller-20] [0m[INFO] [1775024530.020710984] [main_controller_node]: 1 pending queues [0m
[delivery_robot_main_controller-20] [0m[INFO] [1775024530.028564962] [main_controller_node]: Queue action: Request[0m
[delivery_robot_main_controller-20] [0m[INFO] [1775024530.094238965] [main_controller_node]: AGV start_pos: x=0.37, y=1.76[0m
[delivery_robot_main_controller-20] [0m[INFO] [1775024530.094981518] [main_controller_node]: AGV goal_pos: x=-0.53, y=5.87[0m
[delivery_robot_main_controller-20] [0m[INFO] [1775024530.095600702] [main_controller_node]: Path source: building YAML (/home/smr/workspaces/mini_amr/amrROS2_ws/maps/map_000.building.yaml)[0m
[delivery_robot_main_controller-20] Graph before shortest_path: Graph with 19 nodes and 21 edges
[delivery_robot_main_controller-20] [0m[INFO] [1775024530.151842873] [main_controller_node]: Computed AGV path waypoints:[0m
[delivery_robot_main_controller-20] [0m[INFO] [1775024530.153392144] [main_controller_node]:   Waypoint 0: x=0.37, y=1.76[0m
[delivery_robot_main_controller-20] [0m[INFO] [1775024530.154146364] [main_controller_node]:   Waypoint 1: x=0.58, y=1.35[0m
[delivery_robot_main_controller-20] [0m[INFO] [1775024530.154842544] [main_controller_node]:   Waypoint 2: x=0.79, y=0.93[0m
[delivery_robot_main_controller-20] [0m[INFO] [1775024530.155484769] [main_controller_node]:   Waypoint 3: x=0.77, y=1.41[0m
[delivery_robot_main_controller-20] [0m[INFO] [1775024530.156179491] [main_controller_node]:   Waypoint 4: x=0.75, y=1.88[0m
[delivery_robot_main_controller-20] [0m[INFO] [1775024530.156894337] [main_controller_node]:   Waypoint 5: x=0.72, y=2.36[0m
[delivery_robot_main_controller-20] [0m[INFO] [1775024530.157536853] [main_controller_node]:   Waypoint 6: x=0.70, y=2.83[0m
[delivery_robot_main_controller-20] [0m[INFO] [1775024530.158197160] [main_controller_node]:   Waypoint 7: x=0.68, y=3.31[0m
[delivery_robot_main_controller-20] [0m[INFO] [1775024530.158828885] [main_controller_node]:   Waypoint 8: x=0.66, y=3.78[0m
[delivery_robot_main_controller-20] [0m[INFO] [1775024530.160513193] [main_controller_node]:   Waypoint 9: x=0.63, y=4.26[0m
[delivery_robot_main_controller-20] [0m[INFO] [1775024530.165186381] [main_controller_node]:   Waypoint 10: x=0.61, y=4.73[0m
[delivery_robot_main_controller-20] [0m[INFO] [1775024530.165969475] [main_controller_node]:   Waypoint 11: x=0.59, y=5.21[0m
[delivery_robot_main_controller-20] [0m[INFO] [1775024530.166684613] [main_controller_node]:   Waypoint 12: x=0.22, y=5.43[0m
[delivery_robot_main_controller-20] [0m[INFO] [1775024530.167349295] [main_controller_node]:   Waypoint 13: x=-0.16, y=5.65[0m
[delivery_robot_main_controller-20] [0m[INFO] [1775024530.168033226] [main_controller_node]:   Waypoint 14: x=-0.53, y=5.87[0m
[delivery_robot_main_controller-20] [0m[INFO] [1775024530.169215012] [main_controller_node]: Navigating with 15 goals....[0m
[bt_navigator-14] [INFO] [1775024530.170763117] [bt_navigator]: Begin navigating from current location through 15 poses to (-0.53, 5.87)
[controller_server-10] [INFO] [1775024530.171331261] [local_costmap.local_costmap]: Received request to clear entirely the local_costmap
[delivery_robot_main_controller-20] [0m[INFO] [1775024530.172363720] [main_controller_node]: State change: STANDBY -> MOVE[0m
[controller_server-10] [INFO] [1775024530.181736929] [local_costmap.local_costmap]: KeepoutFilter: Subscribing to "/keepout_costmap_filter_info" topic for filter info...
[planner_server-12] [INFO] [1775024530.193803864] [global_costmap.global_costmap]: Received request to clear entirely the global_costmap
[planner_server-12] [INFO] [1775024530.196508964] [global_costmap.global_costmap]: KeepoutFilter: Subscribing to "/keepout_costmap_filter_info" topic for filter info...
[controller_server-10] [INFO] [1775024530.198089151] [local_costmap.local_costmap]: KeepoutFilter: Received filter info from /keepout_costmap_filter_info topic.
[controller_server-10] [INFO] [1775024530.198136399] [local_costmap.local_costmap]: KeepoutFilter: Subscribing to "/keepout_filter_mask" topic for filter mask...
[delivery_robot_main_controller-20] [0m[INFO] [1775024530.200905080] [main_controller_node]: Robot is MOVING.[0m
[controller_server-10] [WARN] [1775024530.206521481] [local_costmap.local_costmap]: KeepoutFilter: New filter mask arrived from /keepout_filter_mask topic. Updating old filter mask.
[planner_server-12] [INFO] [1775024530.207535273] [global_costmap.global_costmap]: KeepoutFilter: Received filter info from /keepout_costmap_filter_info topic.
[planner_server-12] [INFO] [1775024530.207689267] [global_costmap.global_costmap]: KeepoutFilter: Subscribing to "/keepout_filter_mask" topic for filter mask...
[planner_server-12] [WARN] [1775024530.224478097] [global_costmap.global_costmap]: KeepoutFilter: New filter mask arrived from /keepout_filter_mask topic. Updating old filter mask.
[planner_server-12] [WARN] [1775024530.422637850] [planner_server]: Planner loop missed its desired rate of 5.0000 Hz. Current loop rate is 4.6168 Hz
[controller_server-10] [INFO] [1775024530.443321441] [controller_server]: Received a goal, begin computing control effort.
[controller_server-10] [INFO] [1775024530.449309702] [controller_server]: Optimizer reset
[controller_server-10] [INFO] [1775024530.454006806] [controller_server]: Optimizer reset
[controller_server-10] [WARN] [1775024530.454259087] [controller_server]: Optimizer fail to compute path
[controller_server-10] [INFO] [1775024530.543642309] [controller_server]: Passing new path to controller.
[controller_server-10] [INFO] [1775024530.551705987] [controller_server]: Optimizer reset
[controller_server-10] [INFO] [1775024530.556434299] [controller_server]: Optimizer reset
[controller_server-10] [WARN] [1775024530.564393272] [controller_server]: Optimizer fail to compute path
[controller_server-10] [INFO] [1775024530.643699230] [controller_server]: Passing new path to controller.
[controller_server-10] [INFO] [1775024530.652381800] [controller_server]: Optimizer reset
[controller_server-10] [INFO] [1775024530.657127319] [controller_server]: Optimizer reset
[controller_server-10] [WARN] [1775024530.657332061] [controller_server]: Optimizer fail to compute path
[controller_server-10] [INFO] [1775024530.743666030] [controller_server]: Passing new path to controller.
[controller_server-10] [INFO] [1775024530.750144855] [controller_server]: Optimizer reset
[controller_server-10] [INFO] [1775024530.754932372] [controller_server]: Optimizer reset
[controller_server-10] [WARN] [1775024530.755890750] [controller_server]: Optimizer fail to compute path
[controller_server-10] [INFO] [1775024530.843666661] [controller_server]: Passing new path to controller.
[controller_server-10] [INFO] [1775024530.848798332] [controller_server]: Optimizer reset
[controller_server-10] [INFO] [1775024530.850174360] [controller_server]: Optimizer reset
[controller_server-10] [WARN] [1775024530.850267106] [controller_server]: Optimizer fail to compute path
[controller_server-10] [INFO] [1775024530.946063822] [controller_server]: Optimizer reset
[controller_server-10] [INFO] [1775024530.955161126] [controller_server]: Optimizer reset
[controller_server-10] [WARN] [1775024530.955304620] [controller_server]: Optimizer fail to compute path
[controller_server-10] [INFO] [1775024531.043606969] [controller_server]: Passing new path to controller.
[controller_server-10] [INFO] [1775024531.045486685] [controller_server]: Optimizer reset
[controller_server-10] [INFO] [1775024531.046778134] [controller_server]: Optimizer reset
[controller_server-10] [WARN] [1775024531.046879630] [controller_server]: Optimizer fail to compute path
[controller_server-10] [INFO] [1775024531.143601475] [controller_server]: Passing new path to controller.
[controller_server-10] [INFO] [1775024531.145495483] [controller_server]: Optimizer reset
[controller_server-10] [INFO] [1775024531.146759808] [controller_server]: Optimizer reset
[controller_server-10] [WARN] [1775024531.146829221] [controller_server]: Optimizer fail to compute path
[controller_server-10] [INFO] [1775024531.243611440] [controller_server]: Passing new path to controller.
[controller_server-10] [INFO] [1775024531.245500489] [controller_server]: Optimizer reset
[controller_server-10] [INFO] [1775024531.246798937] [controller_server]: Optimizer reset
[controller_server-10] [WARN] [1775024531.246956140] [controller_server]: Optimizer fail to compute path
[controller_server-10] [INFO] [1775024531.345169509] [controller_server]: Optimizer reset
[controller_server-10] [INFO] [1775024531.346525413] [controller_server]: Optimizer reset
[controller_server-10] [WARN] [1775024531.346609118] [controller_server]: Optimizer fail to compute path
[controller_server-10] [INFO] [1775024531.443603661] [controller_server]: Passing new path to controller.
[controller_server-10] [INFO] [1775024531.445577291] [controller_server]: Optimizer reset
[controller_server-10] [INFO] [1775024531.446947195] [controller_server]: Optimizer reset
[controller_server-10] [WARN] [1775024531.447037608] [controller_server]: Optimizer fail to compute path
[controller_server-10] [ERROR] [1775024531.447084856] [controller_server]: Controller patience exceeded
[controller_server-10] [INFO] [1775024531.447761204] [controller_server]: Optimizer reset
[controller_server-10] [WARN] [1775024531.447810202] [controller_server]: [follow_path] [ActionServer] Aborting handle.
[bt_navigator-14] [WARN] [1775024531.481090956] [bt_navigator]: [navigate_through_poses] [ActionServer] Aborting handle.
[bt_navigator-14] [ERROR] [1775024531.481564021] [bt_navigator]: Goal failed
[delivery_robot_main_controller-20] [33m[WARN] [1775024531.488165924] [main_controller_node]: Goal failed! (obstacle retry 3/3)[0m
[delivery_robot_main_controller-20] [0m[INFO] [1775024531.491613869] [main_controller_node]: Pre-resume: waiting 3 seconds before wiggle...[0m
[delivery_robot_main_controller-20] [0m[INFO] [1775024531.500471724] [main_controller_node]: Current state: MOVE, dock_state IDLE, charge_state NOT_CHARGE[0m
[delivery_robot_main_controller-20] [0m[INFO] [1775024531.792343735] [main_controller_node]: Pre-resume: clearing local/global costmaps.[0m
[controller_server-10] [INFO] [1775024531.793003167] [local_costmap.local_costmap]: Received request to clear entirely the local_costmap
[controller_server-10] [INFO] [1775024531.799097298] [local_costmap.local_costmap]: KeepoutFilter: Subscribing to "/keepout_costmap_filter_info" topic for filter info...
[controller_server-10] [INFO] [1775024531.807737578] [local_costmap.local_costmap]: KeepoutFilter: Received filter info from /keepout_costmap_filter_info topic.
[controller_server-10] [INFO] [1775024531.807815158] [local_costmap.local_costmap]: KeepoutFilter: Subscribing to "/keepout_filter_mask" topic for filter mask...
[planner_server-12] [INFO] [1775024531.811503719] [global_costmap.global_costmap]: Received request to clear entirely the global_costmap
[planner_server-12] [INFO] [1775024531.829171597] [global_costmap.global_costmap]: KeepoutFilter: Subscribing to "/keepout_costmap_filter_info" topic for filter info...
[planner_server-12] [INFO] [1775024531.842683683] [global_costmap.global_costmap]: KeepoutFilter: Received filter info from /keepout_costmap_filter_info topic.
[planner_server-12] [INFO] [1775024531.842739680] [global_costmap.global_costmap]: KeepoutFilter: Subscribing to "/keepout_filter_mask" topic for filter mask...
[planner_server-12] [WARN] [1775024531.854171974] [global_costmap.global_costmap]: KeepoutFilter: New filter mask arrived from /keepout_filter_mask topic. Updating old filter mask.
[delivery_robot_main_controller-20] [0m[INFO] [1775024531.861814502] [main_controller_node]: Current state: MOVE, dock_state IDLE, charge_state NOT_CHARGE[0m
[controller_server-10] [WARN] [1775024531.947480873] [local_costmap.local_costmap]: KeepoutFilter: New filter mask arrived from /keepout_filter_mask topic. Updating old filter mask.
[delivery_robot_main_controller-20] [0m[INFO] [1775024532.845306435] [main_controller_node]: Pre-resume wiggle complete. Switching to STANDBY.[0m
[delivery_robot_main_controller-20] [0m[INFO] [1775024532.845971700] [main_controller_node]: State change: MOVE -> STANDBY[0m
[delivery_robot_main_controller-20] [0m[INFO] [1775024532.867480966] [main_controller_node]: Robot is in STANDBY mode.[0m
[delivery_robot_main_controller-20] [0m[INFO] [1775024532.890258640] [main_controller_node]: Current state: STANDBY, dock_state IDLE, charge_state NOT_CHARGE[0m
[delivery_robot_main_controller-20] [0m[INFO] [1775024533.845245961] [main_controller_node]: Current state: STANDBY, dock_state IDLE, charge_state NOT_CHARGE[0m
[delivery_robot_main_controller-20] [0m[INFO] [1775024533.954349437] [main_controller_node]: 1 pending queues [0m
[delivery_robot_main_controller-20] [0m[INFO] [1775024533.958130453] [main_controller_node]: Queue action: Request[0m
[delivery_robot_main_controller-20] [0m[INFO] [1775024533.998641918] [main_controller_node]: AGV start_pos: x=0.37, y=1.76[0m
[delivery_robot_main_controller-20] [0m[INFO] [1775024534.001061197] [main_controller_node]: AGV goal_pos: x=-0.53, y=5.87[0m
[delivery_robot_main_controller-20] [0m[INFO] [1775024534.003363230] [main_controller_node]: Path source: building YAML (/home/smr/workspaces/mini_amr/amrROS2_ws/maps/map_000.building.yaml)[0m
[delivery_robot_main_controller-20] Graph before shortest_path: Graph with 19 nodes and 21 edges
[delivery_robot_main_controller-20] [0m[INFO] [1775024534.053403940] [main_controller_node]: Computed AGV path waypoints:[0m
[delivery_robot_main_controller-20] [0m[INFO] [1775024534.054121120] [main_controller_node]:   Waypoint 0: x=0.37, y=1.76[0m
[delivery_robot_main_controller-20] [0m[INFO] [1775024534.054811759] [main_controller_node]:   Waypoint 1: x=0.58, y=1.35[0m
[delivery_robot_main_controller-20] [0m[INFO] [1775024534.055440567] [main_controller_node]:   Waypoint 2: x=0.79, y=0.93[0m
[delivery_robot_main_controller-20] [0m[INFO] [1775024534.056043418] [main_controller_node]:   Waypoint 3: x=0.77, y=1.41[0m
[delivery_robot_main_controller-20] [0m[INFO] [1775024534.056653560] [main_controller_node]:   Waypoint 4: x=0.75, y=1.88[0m
[delivery_robot_main_controller-20] [0m[INFO] [1775024534.057345074] [main_controller_node]:   Waypoint 5: x=0.72, y=2.36[0m
[delivery_robot_main_controller-20] [0m[INFO] [1775024534.057988173] [main_controller_node]:   Waypoint 6: x=0.70, y=2.83[0m
[delivery_robot_main_controller-20] [0m[INFO] [1775024534.058952677] [main_controller_node]:   Waypoint 7: x=0.68, y=3.31[0m
[delivery_robot_main_controller-20] [0m[INFO] [1775024534.059644482] [main_controller_node]:   Waypoint 8: x=0.66, y=3.78[0m
[delivery_robot_main_controller-20] [0m[INFO] [1775024534.061336665] [main_controller_node]:   Waypoint 9: x=0.63, y=4.26[0m
[delivery_robot_main_controller-20] [0m[INFO] [1775024534.062818272] [main_controller_node]:   Waypoint 10: x=0.61, y=4.73[0m
[delivery_robot_main_controller-20] [0m[INFO] [1775024534.065338463] [main_controller_node]:   Waypoint 11: x=0.59, y=5.21[0m
[delivery_robot_main_controller-20] [0m[INFO] [1775024534.066027936] [main_controller_node]:   Waypoint 12: x=0.22, y=5.43[0m
[delivery_robot_main_controller-20] [0m[INFO] [1775024534.066665202] [main_controller_node]:   Waypoint 13: x=-0.16, y=5.65[0m
[delivery_robot_main_controller-20] [0m[INFO] [1775024534.067277969] [main_controller_node]:   Waypoint 14: x=-0.53, y=5.87[0m
[delivery_robot_main_controller-20] [0m[INFO] [1775024534.068254138] [main_controller_node]: Navigating with 15 goals....[0m
[bt_navigator-14] [INFO] [1775024534.069523713] [bt_navigator]: Begin navigating from current location through 15 poses to (-0.53, 5.87)
[controller_server-10] [INFO] [1775024534.069826159] [local_costmap.local_costmap]: Received request to clear entirely the local_costmap
[delivery_robot_main_controller-20] [0m[INFO] [1775024534.071292892] [main_controller_node]: State change: STANDBY -> MOVE[0m
[controller_server-10] [INFO] [1775024534.075166946] [local_costmap.local_costmap]: KeepoutFilter: Subscribing to "/keepout_costmap_filter_info" topic for filter info...
[planner_server-12] [INFO] [1775024534.082505861] [global_costmap.global_costmap]: Received request to clear entirely the global_costmap
[delivery_robot_main_controller-20] [0m[INFO] [1775024534.090067892] [main_controller_node]: Robot is MOVING.[0m
[controller_server-10] [INFO] [1775024534.089817069] [local_costmap.local_costmap]: KeepoutFilter: Received filter info from /keepout_costmap_filter_info topic.
[controller_server-10] [INFO] [1775024534.089918857] [local_costmap.local_costmap]: KeepoutFilter: Subscribing to "/keepout_filter_mask" topic for filter mask...
[planner_server-12] [INFO] [1775024534.100469185] [global_costmap.global_costmap]: KeepoutFilter: Subscribing to "/keepout_costmap_filter_info" topic for filter info...
[controller_server-10] [WARN] [1775024534.105856929] [local_costmap.local_costmap]: KeepoutFilter: New filter mask arrived from /keepout_filter_mask topic. Updating old filter mask.
[planner_server-12] [INFO] [1775024534.111164175] [global_costmap.global_costmap]: KeepoutFilter: Received filter info from /keepout_costmap_filter_info topic.
[planner_server-12] [INFO] [1775024534.111217256] [global_costmap.global_costmap]: KeepoutFilter: Subscribing to "/keepout_filter_mask" topic for filter mask...
[planner_server-12] [WARN] [1775024534.123704174] [global_costmap.global_costmap]: KeepoutFilter: New filter mask arrived from /keepout_filter_mask topic. Updating old filter mask.
[planner_server-12] [WARN] [1775024534.419947802] [planner_server]: Planner loop missed its desired rate of 5.0000 Hz. Current loop rate is 3.1817 Hz
[controller_server-10] [INFO] [1775024534.426184261] [controller_server]: Received a goal, begin computing control effort.
[controller_server-10] [INFO] [1775024534.427878194] [controller_server]: Optimizer reset
[controller_server-10] [INFO] [1775024534.429174892] [controller_server]: Optimizer reset
[controller_server-10] [WARN] [1775024534.429264138] [controller_server]: Optimizer fail to compute path
[controller_server-10] [INFO] [1775024534.528107483] [controller_server]: Optimizer reset
[controller_server-10] [INFO] [1775024534.530440140] [controller_server]: Optimizer reset
[controller_server-10] [WARN] [1775024534.530546010] [controller_server]: Optimizer fail to compute path
[controller_server-10] [INFO] [1775024534.626853706] [controller_server]: Passing new path to controller.
[controller_server-10] [INFO] [1775024534.628881583] [controller_server]: Optimizer reset
[controller_server-10] [INFO] [1775024534.631065204] [controller_server]: Optimizer reset
[controller_server-10] [WARN] [1775024534.631158534] [controller_server]: Optimizer fail to compute path
[controller_server-10] [INFO] [1775024534.726387689] [controller_server]: Passing new path to controller.
[controller_server-10] [INFO] [1775024534.728328362] [controller_server]: Optimizer reset
[controller_server-10] [INFO] [1775024534.729615727] [controller_server]: Optimizer reset
[controller_server-10] [WARN] [1775024534.729702349] [controller_server]: Optimizer fail to compute path
[controller_server-10] [INFO] [1775024534.826451027] [controller_server]: Passing new path to controller.
[controller_server-10] [INFO] [1775024534.828418240] [controller_server]: Optimizer reset
[controller_server-10] [INFO] [1775024534.829706480] [controller_server]: Optimizer reset
[controller_server-10] [WARN] [1775024534.829788144] [controller_server]: Optimizer fail to compute path
[controller_server-10] [INFO] [1775024534.933623747] [controller_server]: Optimizer reset
[controller_server-10] [INFO] [1775024534.945165119] [controller_server]: Optimizer reset
[controller_server-10] [WARN] [1775024534.945411859] [controller_server]: Optimizer fail to compute path
[controller_server-10] [INFO] [1775024535.026386084] [controller_server]: Passing new path to controller.
[controller_server-10] [INFO] [1775024535.032379011] [controller_server]: Optimizer reset
[controller_server-10] [INFO] [1775024535.036038699] [controller_server]: Optimizer reset
[controller_server-10] [WARN] [1775024535.038147364] [controller_server]: Optimizer fail to compute path
[controller_server-10] [INFO] [1775024535.127520087] [controller_server]: Passing new path to controller.
[controller_server-10] [INFO] [1775024535.129928283] [controller_server]: Optimizer reset
[controller_server-10] [INFO] [1775024535.131255021] [controller_server]: Optimizer reset
[controller_server-10] [WARN] [1775024535.131334643] [controller_server]: Optimizer fail to compute path
[controller_server-10] [INFO] [1775024535.226413596] [controller_server]: Passing new path to controller.
[controller_server-10] [INFO] [1775024535.233077038] [controller_server]: Optimizer reset
[controller_server-10] [INFO] [1775024535.237820807] [controller_server]: Optimizer reset
[controller_server-10] [WARN] [1775024535.238001342] [controller_server]: Optimizer fail to compute path
[controller_server-10] [INFO] [1775024535.328069370] [controller_server]: Optimizer reset
[controller_server-10] [INFO] [1775024535.330147703] [controller_server]: Optimizer reset
[controller_server-10] [WARN] [1775024535.331244618] [controller_server]: Optimizer fail to compute path
[controller_server-10] [INFO] [1775024535.426373444] [controller_server]: Passing new path to controller.
[controller_server-10] [INFO] [1775024535.429799807] [controller_server]: Optimizer reset
[controller_server-10] [INFO] [1775024535.431923931] [controller_server]: Optimizer reset
[controller_server-10] [WARN] [1775024535.432679901] [controller_server]: Optimizer fail to compute path
[controller_server-10] [ERROR] [1775024535.432738523] [controller_server]: Controller patience exceeded
[controller_server-10] [INFO] [1775024535.433325333] [controller_server]: Optimizer reset
[controller_server-10] [WARN] [1775024535.433358873] [controller_server]: [follow_path] [ActionServer] Aborting handle.
[bt_navigator-14] [WARN] [1775024535.469724171] [bt_navigator]: [navigate_through_poses] [ActionServer] Aborting handle.
[bt_navigator-14] [ERROR] [1775024535.469920747] [bt_navigator]: Goal failed
[delivery_robot_main_controller-20] [33m[WARN] [1775024535.479098255] [main_controller_node]: Goal failed! (obstacle retry 4/3)[0m
[delivery_robot_main_controller-20] [33m[WARN] [1775024535.483539286] [main_controller_node]: 3 obstacle retries exhausted; switching to SAFE_STOP.[0m
[delivery_robot_main_controller-20] [0m[INFO] [1775024535.486140849] [main_controller_node]: State change: MOVE -> SAFE_STOP[0m
[delivery_robot_main_controller-20] [0m[INFO] [1775024535.504762439] [main_controller_node]: Robot is in SAFE_STOP. Awaiting user to switch to STANDBY.[0m
[delivery_robot_main_controller-20] [0m[INFO] [1775024535.507543661] [main_controller_node]: Robot is in SAFE_STOP. Awaiting user to switch to STANDBY.[0m
[delivery_robot_main_controller-20] [0m[INFO] [1775024535.535967192] [main_controller_node]: Current state: SAFE_STOP, dock_state IDLE, charge_state NOT_CHARGE[0m
[delivery_robot_main_controller-20] [0m[INFO] [1775024535.858045622] [main_controller_node]: Current state: SAFE_STOP, dock_state IDLE, charge_state NOT_CHARGE[0m
[delivery_robot_main_controller-20] [0m[INFO] [1775024536.856680284] [main_controller_node]: Current state: SAFE_STOP, dock_state IDLE, charge_state NOT_CHARGE[0m
[delivery_robot_main_controller-20] [0m[INFO] [1775024537.840550785] [main_controller_node]: Current state: SAFE_STOP, dock_state IDLE, charge_state NOT_CHARGE[0m
[delivery_robot_main_controller-20] [0m[INFO] [1775024538.893021463] [main_controller_node]: Current state: SAFE_STOP, dock_state IDLE, charge_state NOT_CHARGE[0m
[delivery_robot_main_controller-20] [0m[INFO] [1775024539.842426215] [main_controller_node]: Current state: SAFE_STOP, dock_state IDLE, charge_state NOT_CHARGE[0m
[delivery_robot_main_controller-20] [0m[INFO] [1775024540.850922316] [main_controller_node]: Current state: SAFE_STOP, dock_state IDLE, charge_state NOT_CHARGE[0m
[delivery_robot_main_controller-20] [0m[INFO] [1775024541.847357607] [main_controller_node]: Current state: SAFE_STOP, dock_state IDLE, charge_state NOT_CHARGE[0m
[delivery_robot_main_controller-20] [0m[INFO] [1775024542.841372453] [main_controller_node]: Current state: SAFE_STOP, dock_state IDLE, charge_state NOT_CHARGE[0m
[delivery_robot_main_controller-20] [0m[INFO] [1775024543.846293155] [main_controller_node]: Current state: SAFE_STOP, dock_state IDLE, charge_state NOT_CHARGE[0m
[delivery_robot_main_controller-20] [0m[INFO] [1775024544.849818580] [main_controller_node]: Current state: SAFE_STOP, dock_state IDLE, charge_state NOT_CHARGE[0m
[delivery_robot_main_controller-20] [0m[INFO] [1775024545.869389697] [main_controller_node]: Current state: SAFE_STOP, dock_state IDLE, charge_state NOT_CHARGE[0m
[delivery_robot_main_controller-20] [0m[INFO] [1775024546.839247341] [main_controller_node]: Current state: SAFE_STOP, dock_state IDLE, charge_state NOT_CHARGE[0m
[delivery_robot_main_controller-20] [0m[INFO] [1775024547.856732541] [main_controller_node]: Current state: SAFE_STOP, dock_state IDLE, charge_state NOT_CHARGE[0m
[delivery_robot_main_controller-20] [0m[INFO] [1775024548.852457944] [main_controller_node]: Current state: SAFE_STOP, dock_state IDLE, charge_state NOT_CHARGE[0m
[delivery_robot_main_controller-20] [0m[INFO] [1775024549.858436771] [main_controller_node]: Current state: SAFE_STOP, dock_state IDLE, charge_state NOT_CHARGE[0m
[delivery_robot_main_controller-20] [0m[INFO] [1775024550.879907145] [main_controller_node]: Current state: SAFE_STOP, dock_state IDLE, charge_state NOT_CHARGE[0m
[delivery_robot_main_controller-20] [0m[INFO] [1775024551.853616969] [main_controller_node]: Current state: SAFE_STOP, dock_state IDLE, charge_state NOT_CHARGE[0m
[delivery_robot_main_controller-20] [0m[INFO] [1775024552.837829972] [main_controller_node]: Current state: SAFE_STOP, dock_state IDLE, charge_state NOT_CHARGE[0m
[delivery_robot_main_controller-20] [0m[INFO] [1775024553.845364426] [main_controller_node]: Current state: SAFE_STOP, dock_state IDLE, charge_state NOT_CHARGE[0m
[delivery_robot_main_controller-20] [0m[INFO] [1775024554.838391077] [main_controller_node]: Current state: SAFE_STOP, dock_state IDLE, charge_state NOT_CHARGE[0m
[delivery_robot_main_controller-20] [0m[INFO] [1775024555.854871470] [main_controller_node]: Current state: SAFE_STOP, dock_state IDLE, charge_state NOT_CHARGE[0m
[delivery_robot_main_controller-20] [0m[INFO] [1775024556.852851008] [main_controller_node]: Current state: SAFE_STOP, dock_state IDLE, charge_state NOT_CHARGE[0m
[delivery_robot_main_controller-20] [0m[INFO] [1775024557.866729546] [main_controller_node]: Current state: SAFE_STOP, dock_state IDLE, charge_state NOT_CHARGE[0m
[delivery_robot_main_controller-20] [0m[INFO] [1775024558.860648661] [main_controller_node]: Current state: SAFE_STOP, dock_state IDLE, charge_state NOT_CHARGE[0m
[delivery_robot_main_controller-20] [0m[INFO] [1775024559.844942281] [main_controller_node]: Current state: SAFE_STOP, dock_state IDLE, charge_state NOT_CHARGE[0m
[delivery_robot_main_controller-20] [0m[INFO] [1775024560.844144730] [main_controller_node]: Current state: SAFE_STOP, dock_state IDLE, charge_state NOT_CHARGE[0m
[delivery_robot_main_controller-20] [0m[INFO] [1775024561.847587554] [main_controller_node]: Current state: SAFE_STOP, dock_state IDLE, charge_state NOT_CHARGE[0m
[delivery_robot_main_controller-20] [0m[INFO] [1775024562.850777220] [main_controller_node]: Current state: SAFE_STOP, dock_state IDLE, charge_state NOT_CHARGE[0m
[delivery_robot_main_controller-20] [0m[INFO] [1775024563.846587428] [main_controller_node]: Current state: SAFE_STOP, dock_state IDLE, charge_state NOT_CHARGE[0m
[delivery_robot_main_controller-20] [0m[INFO] [1775024564.891857395] [main_controller_node]: Current state: SAFE_STOP, dock_state IDLE, charge_state NOT_CHARGE[0m
[delivery_robot_main_controller-20] [0m[INFO] [1775024565.848022040] [main_controller_node]: Current state: SAFE_STOP, dock_state IDLE, charge_state NOT_CHARGE[0m
[delivery_robot_main_controller-20] [0m[INFO] [1775024566.894190596] [main_controller_node]: Current state: SAFE_STOP, dock_state IDLE, charge_state NOT_CHARGE[0m
[delivery_robot_main_controller-20] [0m[INFO] [1775024567.847162492] [main_controller_node]: Current state: SAFE_STOP, dock_state IDLE, charge_state NOT_CHARGE[0m
[delivery_robot_main_controller-20] [0m[INFO] [1775024568.837227676] [main_controller_node]: Current state: SAFE_STOP, dock_state IDLE, charge_state NOT_CHARGE[0m
[delivery_robot_main_controller-20] [0m[INFO] [1775024569.842025238] [main_controller_node]: Current state: SAFE_STOP, dock_state IDLE, charge_state NOT_CHARGE[0m
[delivery_robot_main_controller-20] [0m[INFO] [1775024570.833828396] [main_controller_node]: Current state: SAFE_STOP, dock_state IDLE, charge_state NOT_CHARGE[0m
[delivery_robot_main_controller-20] [0m[INFO] [1775024571.873095807] [main_controller_node]: Current state: SAFE_STOP, dock_state IDLE, charge_state NOT_CHARGE[0m
[delivery_robot_main_controller-20] [0m[INFO] [1775024572.926246588] [main_controller_node]: Current state: SAFE_STOP, dock_state IDLE, charge_state NOT_CHARGE[0m
[delivery_robot_main_controller-20] [0m[INFO] [1775024574.062270602] [main_controller_node]: Current state: SAFE_STOP, dock_state IDLE, charge_state NOT_CHARGE[0m
[ekf_node-5] [ERROR] [1775024574.541763369] [ekf_filter_node]: Failed to meet update rate! Took 0.055028622999999998733seconds. Try decreasing the rate, limiting sensor output frequency, or limiting the number of sensors.
[delivery_robot_main_controller-20] [0m[INFO] [1775024574.903290953] [main_controller_node]: Current state: SAFE_STOP, dock_state IDLE, charge_state NOT_CHARGE[0m
[delivery_robot_main_controller-20] [0m[INFO] [1775024575.903098878] [main_controller_node]: Current state: SAFE_STOP, dock_state IDLE, charge_state NOT_CHARGE[0m
[delivery_robot_main_controller-20] [0m[INFO] [1775024576.890805155] [main_controller_node]: Current state: SAFE_STOP, dock_state IDLE, charge_state NOT_CHARGE[0m
[delivery_robot_main_controller-20] [0m[INFO] [1775024577.852944065] [main_controller_node]: Current state: SAFE_STOP, dock_state IDLE, charge_state NOT_CHARGE[0m
[delivery_robot_main_controller-20] [0m[INFO] [1775024578.919023628] [main_controller_node]: Current state: SAFE_STOP, dock_state IDLE, charge_state NOT_CHARGE[0m
[delivery_robot_main_controller-20] [0m[INFO] [1775024579.915562099] [main_controller_node]: Current state: SAFE_STOP, dock_state IDLE, charge_state NOT_CHARGE[0m
[delivery_robot_main_controller-20] [0m[INFO] [1775024580.913477182] [main_controller_node]: Current state: SAFE_STOP, dock_state IDLE, charge_state NOT_CHARGE[0m
[delivery_robot_main_controller-20] [0m[INFO] [1775024581.897934420] [main_controller_node]: Current state: SAFE_STOP, dock_state IDLE, charge_state NOT_CHARGE[0m
[delivery_robot_main_controller-20] [0m[INFO] [1775024582.864285997] [main_controller_node]: Current state: SAFE_STOP, dock_state IDLE, charge_state NOT_CHARGE[0m
[delivery_robot_main_controller-20] [0m[INFO] [1775024583.866236713] [main_controller_node]: Current state: SAFE_STOP, dock_state IDLE, charge_state NOT_CHARGE[0m
[delivery_robot_main_controller-20] [0m[INFO] [1775024584.856696507] [main_controller_node]: Current state: SAFE_STOP, dock_state IDLE, charge_state NOT_CHARGE[0m
[delivery_robot_main_controller-20] [0m[INFO] [1775024585.853775706] [main_controller_node]: Current state: SAFE_STOP, dock_state IDLE, charge_state NOT_CHARGE[0m
[delivery_robot_main_controller-20] [0m[INFO] [1775024586.847771527] [main_controller_node]: Current state: SAFE_STOP, dock_state IDLE, charge_state NOT_CHARGE[0m
[delivery_robot_main_controller-20] [0m[INFO] [1775024587.870144812] [main_controller_node]: Current state: SAFE_STOP, dock_state IDLE, charge_state NOT_CHARGE[0m
[delivery_robot_main_controller-20] [0m[INFO] [1775024588.862202001] [main_controller_node]: Current state: SAFE_STOP, dock_state IDLE, charge_state NOT_CHARGE[0m
[delivery_robot_main_controller-20] [0m[INFO] [1775024589.926719459] [main_controller_node]: Current state: SAFE_STOP, dock_state IDLE, charge_state NOT_CHARGE[0m
[delivery_robot_main_controller-20] [0m[INFO] [1775024590.895595020] [main_controller_node]: Current state: SAFE_STOP, dock_state IDLE, charge_state NOT_CHARGE[0m
[delivery_robot_main_controller-20] [0m[INFO] [1775024591.848731702] [main_controller_node]: Current state: SAFE_STOP, dock_state IDLE, charge_state NOT_CHARGE[0m
[delivery_robot_main_controller-20] [0m[INFO] [1775024592.965296191] [main_controller_node]: Current state: SAFE_STOP, dock_state IDLE, charge_state NOT_CHARGE[0m
[delivery_robot_main_controller-20] [0m[INFO] [1775024593.912653142] [main_controller_node]: Current state: SAFE_STOP, dock_state IDLE, charge_state NOT_CHARGE[0m
[delivery_robot_main_controller-20] [0m[INFO] [1775024594.849515465] [main_controller_node]: Current state: SAFE_STOP, dock_state IDLE, charge_state NOT_CHARGE[0m
[delivery_robot_main_controller-20] [0m[INFO] [1775024595.895308369] [main_controller_node]: Current state: SAFE_STOP, dock_state IDLE, charge_state NOT_CHARGE[0m
[delivery_robot_main_controller-20] [0m[INFO] [1775024596.882605454] [main_controller_node]: Current state: SAFE_STOP, dock_state IDLE, charge_state NOT_CHARGE[0m
[delivery_robot_main_controller-20] [0m[INFO] [1775024597.881019268] [main_controller_node]: Current state: SAFE_STOP, dock_state IDLE, charge_state NOT_CHARGE[0m
[delivery_robot_main_controller-20] [0m[INFO] [1775024598.841193588] [main_controller_node]: Current state: SAFE_STOP, dock_state IDLE, charge_state NOT_CHARGE[0m
[delivery_robot_main_controller-20] [0m[INFO] [1775024599.841150841] [main_controller_node]: Current state: SAFE_STOP, dock_state IDLE, charge_state NOT_CHARGE[0m
[delivery_robot_main_controller-20] [0m[INFO] [1775024600.862785656] [main_controller_node]: Current state: SAFE_STOP, dock_state IDLE, charge_state NOT_CHARGE[0m
[delivery_robot_main_controller-20] [0m[INFO] [1775024601.861450292] [main_controller_node]: Current state: SAFE_STOP, dock_state IDLE, charge_state NOT_CHARGE[0m
[delivery_robot_main_controller-20] [0m[INFO] [1775024602.856128878] [main_controller_node]: Current state: SAFE_STOP, dock_state IDLE, charge_state NOT_CHARGE[0m
[delivery_robot_main_controller-20] [0m[INFO] [1775024603.841195093] [main_controller_node]: Current state: SAFE_STOP, dock_state IDLE, charge_state NOT_CHARGE[0m
[delivery_robot_main_controller-20] [0m[INFO] [1775024604.928123917] [main_controller_node]: Current state: SAFE_STOP, dock_state IDLE, charge_state NOT_CHARGE[0m
[delivery_robot_main_controller-20] [0m[INFO] [1775024605.844800494] [main_controller_node]: Current state: SAFE_STOP, dock_state IDLE, charge_state NOT_CHARGE[0m
[ekf_node-5] [ERROR] [1775024606.551524138] [ekf_filter_node]: Failed to meet update rate! Took 0.064809570999999996377seconds. Try decreasing the rate, limiting sensor output frequency, or limiting the number of sensors.
[delivery_robot_main_controller-20] [0m[INFO] [1775024606.879113559] [main_controller_node]: Current state: SAFE_STOP, dock_state IDLE, charge_state NOT_CHARGE[0m
[delivery_robot_main_controller-20] [0m[INFO] [1775024607.859330131] [main_controller_node]: Current state: SAFE_STOP, dock_state IDLE, charge_state NOT_CHARGE[0m
[delivery_robot_main_controller-20] [0m[INFO] [1775024608.867299443] [main_controller_node]: Current state: SAFE_STOP, dock_state IDLE, charge_state NOT_CHARGE[0m
[delivery_robot_main_controller-20] [0m[INFO] [1775024609.900111651] [main_controller_node]: Current state: SAFE_STOP, dock_state IDLE, charge_state NOT_CHARGE[0m
[delivery_robot_main_controller-20] [0m[INFO] [1775024610.880771539] [main_controller_node]: Current state: SAFE_STOP, dock_state IDLE, charge_state NOT_CHARGE[0m
[delivery_robot_main_controller-20] [0m[INFO] [1775024611.872766314] [main_controller_node]: Current state: SAFE_STOP, dock_state IDLE, charge_state NOT_CHARGE[0m
[delivery_robot_main_controller-20] [0m[INFO] [1775024612.922332652] [main_controller_node]: Current state: SAFE_STOP, dock_state IDLE, charge_state NOT_CHARGE[0m
[delivery_robot_main_controller-20] [0m[INFO] [1775024613.879365847] [main_controller_node]: Current state: SAFE_STOP, dock_state IDLE, charge_state NOT_CHARGE[0m
[delivery_robot_main_controller-20] [0m[INFO] [1775024614.895174850] [main_controller_node]: Current state: SAFE_STOP, dock_state IDLE, charge_state NOT_CHARGE[0m
[delivery_robot_main_controller-20] [0m[INFO] [1775024615.879366390] [main_controller_node]: Current state: SAFE_STOP, dock_state IDLE, charge_state NOT_CHARGE[0m
[delivery_robot_main_controller-20] [0m[INFO] [1775024616.865811550] [main_controller_node]: Current state: SAFE_STOP, dock_state IDLE, charge_state NOT_CHARGE[0m
[delivery_robot_main_controller-20] [0m[INFO] [1775024617.861795876] [main_controller_node]: Current state: SAFE_STOP, dock_state IDLE, charge_state NOT_CHARGE[0m
[delivery_robot_main_controller-20] [0m[INFO] [1775024618.892458877] [main_controller_node]: Current state: SAFE_STOP, dock_state IDLE, charge_state NOT_CHARGE[0m
[delivery_robot_main_controller-20] [0m[INFO] [1775024619.904047629] [main_controller_node]: Current state: SAFE_STOP, dock_state IDLE, charge_state NOT_CHARGE[0m
[delivery_robot_main_controller-20] [0m[INFO] [1775024620.895809372] [main_controller_node]: Current state: SAFE_STOP, dock_state IDLE, charge_state NOT_CHARGE[0m
[delivery_robot_main_controller-20] [0m[INFO] [1775024621.838786828] [main_controller_node]: Current state: SAFE_STOP, dock_state IDLE, charge_state NOT_CHARGE[0m
[delivery_robot_main_controller-20] [0m[INFO] [1775024622.880816798] [main_controller_node]: Current state: SAFE_STOP, dock_state IDLE, charge_state NOT_CHARGE[0m
[delivery_robot_main_controller-20] [0m[INFO] [1775024623.844490397] [main_controller_node]: Current state: SAFE_STOP, dock_state IDLE, charge_state NOT_CHARGE[0m
[delivery_robot_main_controller-20] [0m[INFO] [1775024624.883909177] [main_controller_node]: Current state: SAFE_STOP, dock_state IDLE, charge_state NOT_CHARGE[0m
[delivery_robot_main_controller-20] [0m[INFO] [1775024625.917521103] [main_controller_node]: Current state: SAFE_STOP, dock_state IDLE, charge_state NOT_CHARGE[0m
[delivery_robot_main_controller-20] [0m[INFO] [1775024626.926667827] [main_controller_node]: Current state: SAFE_STOP, dock_state IDLE, charge_state NOT_CHARGE[0m
[delivery_robot_main_controller-20] [0m[INFO] [1775024627.877843711] [main_controller_node]: Current state: SAFE_STOP, dock_state IDLE, charge_state NOT_CHARGE[0m
[delivery_robot_main_controller-20] [0m[INFO] [1775024628.869129764] [main_controller_node]: Current state: SAFE_STOP, dock_state IDLE, charge_state NOT_CHARGE[0m
[delivery_robot_main_controller-20] [0m[INFO] [1775024629.851502834] [main_controller_node]: Current state: SAFE_STOP, dock_state IDLE, charge_state NOT_CHARGE[0m
[delivery_robot_main_controller-20] [0m[INFO] [1775024630.896485520] [main_controller_node]: Current state: SAFE_STOP, dock_state IDLE, charge_state NOT_CHARGE[0m
[delivery_robot_main_controller-20] [0m[INFO] [1775024631.857433019] [main_controller_node]: Current state: SAFE_STOP, dock_state IDLE, charge_state NOT_CHARGE[0m
[delivery_robot_main_controller-20] [0m[INFO] [1775024632.912231068] [main_controller_node]: Current state: SAFE_STOP, dock_state IDLE, charge_state NOT_CHARGE[0m
[delivery_robot_main_controller-20] [0m[INFO] [1775024633.905532458] [main_controller_node]: Current state: SAFE_STOP, dock_state IDLE, charge_state NOT_CHARGE[0m
[delivery_robot_main_controller-20] [0m[INFO] [1775024634.930472893] [main_controller_node]: Current state: SAFE_STOP, dock_state IDLE, charge_state NOT_CHARGE[0m
[delivery_robot_main_controller-20] [0m[INFO] [1775024635.849621539] [main_controller_node]: Current state: SAFE_STOP, dock_state IDLE, charge_state NOT_CHARGE[0m
[delivery_robot_main_controller-20] [0m[INFO] [1775024636.849195556] [main_controller_node]: Current state: SAFE_STOP, dock_state IDLE, charge_state NOT_CHARGE[0m
[delivery_robot_main_controller-20] [0m[INFO] [1775024637.907444178] [main_controller_node]: Current state: SAFE_STOP, dock_state IDLE, charge_state NOT_CHARGE[0m
[delivery_robot_main_controller-20] [0m[INFO] [1775024638.861122171] [main_controller_node]: Current state: SAFE_STOP, dock_state IDLE, charge_state NOT_CHARGE[0m
[delivery_robot_main_controller-20] [0m[INFO] [1775024639.886956821] [main_controller_node]: Current state: SAFE_STOP, dock_state IDLE, charge_state NOT_CHARGE[0m
[delivery_robot_main_controller-20] [0m[INFO] [1775024640.920189887] [main_controller_node]: Current state: SAFE_STOP, dock_state IDLE, charge_state NOT_CHARGE[0m
[delivery_robot_main_controller-20] [0m[INFO] [1775024641.904158603] [main_controller_node]: Current state: SAFE_STOP, dock_state IDLE, charge_state NOT_CHARGE[0m
[delivery_robot_main_controller-20] [0m[INFO] [1775024642.893512440] [main_controller_node]: Current state: SAFE_STOP, dock_state IDLE, charge_state NOT_CHARGE[0m
[delivery_robot_main_controller-20] [0m[INFO] [1775024643.869373434] [main_controller_node]: Current state: SAFE_STOP, dock_state IDLE, charge_state NOT_CHARGE[0m
[delivery_robot_main_controller-20] [0m[INFO] [1775024644.893951341] [main_controller_node]: Current state: SAFE_STOP, dock_state IDLE, charge_state NOT_CHARGE[0m
[delivery_robot_main_controller-20] [0m[INFO] [1775024645.842260254] [main_controller_node]: Current state: SAFE_STOP, dock_state IDLE, charge_state NOT_CHARGE[0m
[delivery_robot_main_controller-20] [0m[INFO] [1775024646.892274867] [main_controller_node]: Current state: SAFE_STOP, dock_state IDLE, charge_state NOT_CHARGE[0m
[delivery_robot_main_controller-20] [0m[INFO] [1775024647.886166567] [main_controller_node]: Current state: SAFE_STOP, dock_state IDLE, charge_state NOT_CHARGE[0m
[delivery_robot_main_controller-20] [0m[INFO] [1775024648.849230607] [main_controller_node]: Current state: SAFE_STOP, dock_state IDLE, charge_state NOT_CHARGE[0m
[delivery_robot_main_controller-20] [0m[INFO] [1775024649.911837724] [main_controller_node]: Current state: SAFE_STOP, dock_state IDLE, charge_state NOT_CHARGE[0m
[delivery_robot_main_controller-20] [0m[INFO] [1775024650.851636139] [main_controller_node]: Current state: SAFE_STOP, dock_state IDLE, charge_state NOT_CHARGE[0m
[delivery_robot_main_controller-20] [0m[INFO] [1775024651.847364392] [main_controller_node]: Current state: SAFE_STOP, dock_state IDLE, charge_state NOT_CHARGE[0m
[delivery_robot_main_controller-20] [0m[INFO] [1775024652.870675932] [main_controller_node]: Current state: SAFE_STOP, dock_state IDLE, charge_state NOT_CHARGE[0m
[delivery_robot_main_controller-20] [0m[INFO] [1775024653.915058975] [main_controller_node]: Current state: SAFE_STOP, dock_state IDLE, charge_state NOT_CHARGE[0m
[ekf_node-5] [ERROR] [1775024654.551782462] [ekf_filter_node]: Failed to meet update rate! Took 0.065006437999999999722seconds. Try decreasing the rate, limiting sensor output frequency, or limiting the number of sensors.
[delivery_robot_main_controller-20] [0m[INFO] [1775024654.842903903] [main_controller_node]: Current state: SAFE_STOP, dock_state IDLE, charge_state NOT_CHARGE[0m
[delivery_robot_main_controller-20] [0m[INFO] [1775024655.850986669] [main_controller_node]: Current state: SAFE_STOP, dock_state IDLE, charge_state NOT_CHARGE[0m
[delivery_robot_main_controller-20] [0m[INFO] [1775024656.875734611] [main_controller_node]: Current state: SAFE_STOP, dock_state IDLE, charge_state NOT_CHARGE[0m
[delivery_robot_main_controller-20] [0m[INFO] [1775024657.881872037] [main_controller_node]: Current state: SAFE_STOP, dock_state IDLE, charge_state NOT_CHARGE[0m
[delivery_robot_main_controller-20] [0m[INFO] [1775024658.868060249] [main_controller_node]: Current state: SAFE_STOP, dock_state IDLE, charge_state NOT_CHARGE[0m
[delivery_robot_main_controller-20] [0m[INFO] [1775024659.916417969] [main_controller_node]: Current state: SAFE_STOP, dock_state IDLE, charge_state NOT_CHARGE[0m
[delivery_robot_main_controller-20] [0m[INFO] [1775024660.894144389] [main_controller_node]: Current state: SAFE_STOP, dock_state IDLE, charge_state NOT_CHARGE[0m
[delivery_robot_main_controller-20] [0m[INFO] [1775024661.891544701] [main_controller_node]: Current state: SAFE_STOP, dock_state IDLE, charge_state NOT_CHARGE[0m
[delivery_robot_main_controller-20] [0m[INFO] [1775024662.838284801] [main_controller_node]: Current state: SAFE_STOP, dock_state IDLE, charge_state NOT_CHARGE[0m
[delivery_robot_main_controller-20] [0m[INFO] [1775024663.885323948] [main_controller_node]: Current state: SAFE_STOP, dock_state IDLE, charge_state NOT_CHARGE[0m
[delivery_robot_main_controller-20] [0m[INFO] [1775024664.926214712] [main_controller_node]: Current state: SAFE_STOP, dock_state IDLE, charge_state NOT_CHARGE[0m
[delivery_robot_main_controller-20] [0m[INFO] [1775024665.838934403] [main_controller_node]: Current state: SAFE_STOP, dock_state IDLE, charge_state NOT_CHARGE[0m
[delivery_robot_main_controller-20] [0m[INFO] [1775024666.843540347] [main_controller_node]: Current state: SAFE_STOP, dock_state IDLE, charge_state NOT_CHARGE[0m
[delivery_robot_main_controller-20] [0m[INFO] [1775024667.934687672] [main_controller_node]: Current state: SAFE_STOP, dock_state IDLE, charge_state NOT_CHARGE[0m
[delivery_robot_main_controller-20] [0m[INFO] [1775024668.867646191] [main_controller_node]: Current state: SAFE_STOP, dock_state IDLE, charge_state NOT_CHARGE[0m
[delivery_robot_main_controller-20] [0m[INFO] [1775024669.839270310] [main_controller_node]: Current state: SAFE_STOP, dock_state IDLE, charge_state NOT_CHARGE[0m
[ekf_node-5] [ERROR] [1775024670.511898881] [ekf_filter_node]: Failed to meet update rate! Took 0.02516867399999999852seconds. Try decreasing the rate, limiting sensor output frequency, or limiting the number of sensors.
[delivery_robot_main_controller-20] [0m[INFO] [1775024670.849121381] [main_controller_node]: Current state: SAFE_STOP, dock_state IDLE, charge_state NOT_CHARGE[0m
[delivery_robot_main_controller-20] [0m[INFO] [1775024671.848672358] [main_controller_node]: Current state: SAFE_STOP, dock_state IDLE, charge_state NOT_CHARGE[0m
[delivery_robot_main_controller-20] [0m[INFO] [1775024672.926368546] [main_controller_node]: Current state: SAFE_STOP, dock_state IDLE, charge_state NOT_CHARGE[0m
[delivery_robot_main_controller-20] [0m[INFO] [1775024673.838021071] [main_controller_node]: Current state: SAFE_STOP, dock_state IDLE, charge_state NOT_CHARGE[0m
[delivery_robot_main_controller-20] [0m[INFO] [1775024674.836632918] [main_controller_node]: Current state: SAFE_STOP, dock_state IDLE, charge_state NOT_CHARGE[0m
[delivery_robot_main_controller-20] [0m[INFO] [1775024675.880652267] [main_controller_node]: Current state: SAFE_STOP, dock_state IDLE, charge_state NOT_CHARGE[0m
[delivery_robot_main_controller-20] [0m[INFO] [1775024676.900559025] [main_controller_node]: Current state: SAFE_STOP, dock_state IDLE, charge_state NOT_CHARGE[0m
[delivery_robot_main_controller-20] [0m[INFO] [1775024677.842089581] [main_controller_node]: Current state: SAFE_STOP, dock_state IDLE, charge_state NOT_CHARGE[0m
[delivery_robot_main_controller-20] [0m[INFO] [1775024678.879852343] [main_controller_node]: Current state: SAFE_STOP, dock_state IDLE, charge_state NOT_CHARGE[0m
[delivery_robot_main_controller-20] [0m[INFO] [1775024679.947829123] [main_controller_node]: Current state: SAFE_STOP, dock_state IDLE, charge_state NOT_CHARGE[0m
[delivery_robot_main_controller-20] [0m[INFO] [1775024680.893499724] [main_controller_node]: Current state: SAFE_STOP, dock_state IDLE, charge_state NOT_CHARGE[0m
[delivery_robot_main_controller-20] [0m[INFO] [1775024681.919958223] [main_controller_node]: Current state: SAFE_STOP, dock_state IDLE, charge_state NOT_CHARGE[0m
[delivery_robot_main_controller-20] [0m[INFO] [1775024682.938115925] [main_controller_node]: Current state: SAFE_STOP, dock_state IDLE, charge_state NOT_CHARGE[0m
[delivery_robot_main_controller-20] [0m[INFO] [1775024683.855154154] [main_controller_node]: Current state: SAFE_STOP, dock_state IDLE, charge_state NOT_CHARGE[0m
[delivery_robot_main_controller-20] [0m[INFO] [1775024684.836534139] [main_controller_node]: Current state: SAFE_STOP, dock_state IDLE, charge_state NOT_CHARGE[0m
[delivery_robot_main_controller-20] [0m[INFO] [1775024685.862669193] [main_controller_node]: Current state: SAFE_STOP, dock_state IDLE, charge_state NOT_CHARGE[0m
[ekf_node-5] [ERROR] [1775024686.526094877] [ekf_filter_node]: Failed to meet update rate! Took 0.03931278299999999698seconds. Try decreasing the rate, limiting sensor output frequency, or limiting the number of sensors.
[delivery_robot_main_controller-20] [0m[INFO] [1775024686.946763713] [main_controller_node]: Current state: SAFE_STOP, dock_state IDLE, charge_state NOT_CHARGE[0m
[delivery_robot_main_controller-20] [0m[INFO] [1775024687.924513466] [main_controller_node]: Current state: SAFE_STOP, dock_state IDLE, charge_state NOT_CHARGE[0m
[delivery_robot_main_controller-20] [0m[INFO] [1775024688.846433419] [main_controller_node]: Current state: SAFE_STOP, dock_state IDLE, charge_state NOT_CHARGE[0m
[delivery_robot_main_controller-20] [0m[INFO] [1775024689.842465285] [main_controller_node]: Current state: SAFE_STOP, dock_state IDLE, charge_state NOT_CHARGE[0m
[delivery_robot_main_controller-20] [0m[INFO] [1775024690.852183653] [main_controller_node]: Current state: SAFE_STOP, dock_state IDLE, charge_state NOT_CHARGE[0m
[delivery_robot_main_controller-20] [0m[INFO] [1775024691.839153501] [main_controller_node]: Current state: SAFE_STOP, dock_state IDLE, charge_state NOT_CHARGE[0m
[delivery_robot_main_controller-20] [0m[INFO] [1775024692.895919056] [main_controller_node]: Current state: SAFE_STOP, dock_state IDLE, charge_state NOT_CHARGE[0m
[delivery_robot_main_controller-20] [0m[INFO] [1775024693.870908001] [main_controller_node]: Current state: SAFE_STOP, dock_state IDLE, charge_state NOT_CHARGE[0m
[delivery_robot_main_controller-20] [0m[INFO] [1775024694.849979826] [main_controller_node]: Current state: SAFE_STOP, dock_state IDLE, charge_state NOT_CHARGE[0m
[delivery_robot_main_controller-20] [0m[INFO] [1775024695.846267474] [main_controller_node]: Current state: SAFE_STOP, dock_state IDLE, charge_state NOT_CHARGE[0m
[delivery_robot_main_controller-20] [0m[INFO] [1775024696.888413230] [main_controller_node]: Current state: SAFE_STOP, dock_state IDLE, charge_state NOT_CHARGE[0m
[delivery_robot_main_controller-20] [0m[INFO] [1775024697.842925065] [main_controller_node]: Current state: SAFE_STOP, dock_state IDLE, charge_state NOT_CHARGE[0m
[delivery_robot_main_controller-20] [0m[INFO] [1775024698.857895268] [main_controller_node]: Current state: SAFE_STOP, dock_state IDLE, charge_state NOT_CHARGE[0m
[delivery_robot_main_controller-20] [0m[INFO] [1775024699.935742242] [main_controller_node]: Current state: SAFE_STOP, dock_state IDLE, charge_state NOT_CHARGE[0m
[delivery_robot_main_controller-20] [0m[INFO] [1775024700.848056824] [main_controller_node]: Current state: SAFE_STOP, dock_state IDLE, charge_state NOT_CHARGE[0m
[delivery_robot_main_controller-20] [0m[INFO] [1775024701.839897605] [main_controller_node]: Current state: SAFE_STOP, dock_state IDLE, charge_state NOT_CHARGE[0m
[ekf_node-5] [ERROR] [1775024702.514181611] [ekf_filter_node]: Failed to meet update rate! Took 0.027380879999999999802seconds. Try decreasing the rate, limiting sensor output frequency, or limiting the number of sensors.
[delivery_robot_main_controller-20] [0m[INFO] [1775024702.956871870] [main_controller_node]: Current state: SAFE_STOP, dock_state IDLE, charge_state NOT_CHARGE[0m
[delivery_robot_main_controller-20] [0m[INFO] [1775024703.926965675] [main_controller_node]: Current state: SAFE_STOP, dock_state IDLE, charge_state NOT_CHARGE[0m
[delivery_robot_main_controller-20] [0m[INFO] [1775024704.842204392] [main_controller_node]: Current state: SAFE_STOP, dock_state IDLE, charge_state NOT_CHARGE[0m
[delivery_robot_main_controller-20] [0m[INFO] [1775024705.845458223] [main_controller_node]: Current state: SAFE_STOP, dock_state IDLE, charge_state NOT_CHARGE[0m
[delivery_robot_main_controller-20] [0m[INFO] [1775024706.833329285] [main_controller_node]: Current state: SAFE_STOP, dock_state IDLE, charge_state NOT_CHARGE[0m
[delivery_robot_main_controller-20] [0m[INFO] [1775024707.928871562] [main_controller_node]: Current state: SAFE_STOP, dock_state IDLE, charge_state NOT_CHARGE[0m
[delivery_robot_main_controller-20] [0m[INFO] [1775024708.568264276] [main_controller_node]: SAFE_STOP cleared to STANDBY via API/GUI.[0m
[delivery_robot_main_controller-20] [0m[INFO] [1775024708.585648383] [main_controller_node]: Pre-resume: waiting 3 seconds before wiggle...[0m
[delivery_robot_main_controller-20] [0m[INFO] [1775024708.872735650] [main_controller_node]: Current state: SAFE_STOP, dock_state IDLE, charge_state NOT_CHARGE[0m
[delivery_robot_main_controller-20] [0m[INFO] [1775024708.891631114] [main_controller_node]: Pre-resume: clearing local/global costmaps.[0m
[controller_server-10] [INFO] [1775024708.893672117] [local_costmap.local_costmap]: Received request to clear entirely the local_costmap
[controller_server-10] [INFO] [1775024708.897401511] [local_costmap.local_costmap]: KeepoutFilter: Subscribing to "/keepout_costmap_filter_info" topic for filter info...
[controller_server-10] [INFO] [1775024708.903288863] [local_costmap.local_costmap]: KeepoutFilter: Received filter info from /keepout_costmap_filter_info topic.
[controller_server-10] [INFO] [1775024708.903338152] [local_costmap.local_costmap]: KeepoutFilter: Subscribing to "/keepout_filter_mask" topic for filter mask...
[planner_server-12] [INFO] [1775024708.903712929] [global_costmap.global_costmap]: Received request to clear entirely the global_costmap
[controller_server-10] [WARN] [1775024708.909515409] [local_costmap.local_costmap]: KeepoutFilter: New filter mask arrived from /keepout_filter_mask topic. Updating old filter mask.
[planner_server-12] [INFO] [1775024708.919473100] [global_costmap.global_costmap]: KeepoutFilter: Subscribing to "/keepout_costmap_filter_info" topic for filter info...
[planner_server-12] [INFO] [1775024708.930194635] [global_costmap.global_costmap]: KeepoutFilter: Received filter info from /keepout_costmap_filter_info topic.
[planner_server-12] [INFO] [1775024708.930260258] [global_costmap.global_costmap]: KeepoutFilter: Subscribing to "/keepout_filter_mask" topic for filter mask...
[planner_server-12] [WARN] [1775024708.941633060] [global_costmap.global_costmap]: KeepoutFilter: New filter mask arrived from /keepout_filter_mask topic. Updating old filter mask.
[delivery_robot_main_controller-20] [0m[INFO] [1775024709.836399042] [main_controller_node]: Current state: SAFE_STOP, dock_state IDLE, charge_state NOT_CHARGE[0m
[delivery_robot_main_controller-20] [0m[INFO] [1775024709.929470290] [main_controller_node]: Pre-resume wiggle complete. Switching to STANDBY.[0m
[delivery_robot_main_controller-20] [0m[INFO] [1775024709.930313465] [main_controller_node]: State change: SAFE_STOP -> STANDBY[0m
[delivery_robot_main_controller-20] [0m[INFO] [1775024709.940824134] [main_controller_node]: Robot is in STANDBY mode.[0m
[delivery_robot_main_controller-20] [0m[INFO] [1775024710.849025795] [main_controller_node]: Current state: STANDBY, dock_state IDLE, charge_state NOT_CHARGE[0m
[delivery_robot_main_controller-20] [0m[INFO] [1775024711.843819584] [main_controller_node]: Current state: STANDBY, dock_state IDLE, charge_state NOT_CHARGE[0m
[delivery_robot_main_controller-20] [0m[INFO] [1775024711.907252251] [main_controller_node]: 1 pending queues [0m
[delivery_robot_main_controller-20] [0m[INFO] [1775024711.908253211] [main_controller_node]: Queue action: Request[0m
[delivery_robot_main_controller-20] [0m[INFO] [1775024711.953043571] [main_controller_node]: AGV start_pos: x=0.37, y=1.76[0m
[delivery_robot_main_controller-20] [0m[INFO] [1775024711.955209694] [main_controller_node]: AGV goal_pos: x=-0.53, y=5.87[0m
[delivery_robot_main_controller-20] [0m[INFO] [1775024711.957510853] [main_controller_node]: Path source: building YAML (/home/smr/workspaces/mini_amr/amrROS2_ws/maps/map_000.building.yaml)[0m
[delivery_robot_main_controller-20] Graph before shortest_path: Graph with 19 nodes and 21 edges
[delivery_robot_main_controller-20] [0m[INFO] [1775024712.026874327] [main_controller_node]: Computed AGV path waypoints:[0m
[delivery_robot_main_controller-20] [0m[INFO] [1775024712.029413477] [main_controller_node]:   Waypoint 0: x=0.37, y=1.76[0m
[delivery_robot_main_controller-20] [0m[INFO] [1775024712.030172072] [main_controller_node]:   Waypoint 1: x=0.58, y=1.35[0m
[delivery_robot_main_controller-20] [0m[INFO] [1775024712.030836754] [main_controller_node]:   Waypoint 2: x=0.79, y=0.93[0m
[delivery_robot_main_controller-20] [0m[INFO] [1775024712.032400901] [main_controller_node]:   Waypoint 3: x=0.77, y=1.41[0m
[delivery_robot_main_controller-20] [0m[INFO] [1775024712.033106998] [main_controller_node]:   Waypoint 4: x=0.75, y=1.88[0m
[delivery_robot_main_controller-20] [0m[INFO] [1775024712.033757098] [main_controller_node]:   Waypoint 5: x=0.72, y=2.36[0m
[delivery_robot_main_controller-20] [0m[INFO] [1775024712.034404572] [main_controller_node]:   Waypoint 6: x=0.70, y=2.83[0m
[delivery_robot_main_controller-20] [0m[INFO] [1775024712.035017923] [main_controller_node]:   Waypoint 7: x=0.68, y=3.31[0m
[delivery_robot_main_controller-20] [0m[INFO] [1775024712.035655773] [main_controller_node]:   Waypoint 8: x=0.66, y=3.78[0m
[delivery_robot_main_controller-20] [0m[INFO] [1775024712.036290706] [main_controller_node]:   Waypoint 9: x=0.63, y=4.26[0m
[delivery_robot_main_controller-20] [0m[INFO] [1775024712.036938181] [main_controller_node]:   Waypoint 10: x=0.61, y=4.73[0m
[delivery_robot_main_controller-20] [0m[INFO] [1775024712.037751024] [main_controller_node]:   Waypoint 11: x=0.59, y=5.21[0m
[delivery_robot_main_controller-20] [0m[INFO] [1775024712.038608781] [main_controller_node]:   Waypoint 12: x=0.22, y=5.43[0m
[delivery_robot_main_controller-20] [0m[INFO] [1775024712.044671709] [main_controller_node]:   Waypoint 13: x=-0.16, y=5.65[0m
[delivery_robot_main_controller-20] [0m[INFO] [1775024712.045427971] [main_controller_node]:   Waypoint 14: x=-0.53, y=5.87[0m
[delivery_robot_main_controller-20] [0m[INFO] [1775024712.046520803] [main_controller_node]: Navigating with 15 goals....[0m
[bt_navigator-14] [INFO] [1775024712.049598057] [bt_navigator]: Begin navigating from current location through 15 poses to (-0.53, 5.87)
[controller_server-10] [INFO] [1775024712.049970792] [local_costmap.local_costmap]: Received request to clear entirely the local_costmap
[delivery_robot_main_controller-20] [0m[INFO] [1775024712.053816557] [main_controller_node]: State change: STANDBY -> MOVE[0m
[controller_server-10] [INFO] [1775024712.052726058] [local_costmap.local_costmap]: KeepoutFilter: Subscribing to "/keepout_costmap_filter_info" topic for filter info...
[planner_server-12] [INFO] [1775024712.054728854] [global_costmap.global_costmap]: Received request to clear entirely the global_costmap
[planner_server-12] [INFO] [1775024712.062182102] [global_costmap.global_costmap]: KeepoutFilter: Subscribing to "/keepout_costmap_filter_info" topic for filter info...
[controller_server-10] [INFO] [1775024712.067421396] [local_costmap.local_costmap]: KeepoutFilter: Received filter info from /keepout_costmap_filter_info topic.
[controller_server-10] [INFO] [1775024712.067468061] [local_costmap.local_costmap]: KeepoutFilter: Subscribing to "/keepout_filter_mask" topic for filter mask...
[controller_server-10] [WARN] [1775024712.074089800] [local_costmap.local_costmap]: KeepoutFilter: New filter mask arrived from /keepout_filter_mask topic. Updating old filter mask.
[delivery_robot_main_controller-20] [0m[INFO] [1775024712.074485284] [main_controller_node]: Robot is MOVING.[0m
[planner_server-12] [INFO] [1775024712.075182923] [global_costmap.global_costmap]: KeepoutFilter: Received filter info from /keepout_costmap_filter_info topic.
[planner_server-12] [INFO] [1775024712.075616614] [global_costmap.global_costmap]: KeepoutFilter: Subscribing to "/keepout_filter_mask" topic for filter mask...
[planner_server-12] [WARN] [1775024712.088605769] [global_costmap.global_costmap]: KeepoutFilter: New filter mask arrived from /keepout_filter_mask topic. Updating old filter mask.
[planner_server-12] [WARN] [1775024712.426106216] [planner_server]: Planner loop missed its desired rate of 5.0000 Hz. Current loop rate is 2.8091 Hz
[controller_server-10] [INFO] [1775024712.443070339] [controller_server]: Received a goal, begin computing control effort.
[controller_server-10] [INFO] [1775024712.444756106] [controller_server]: Optimizer reset
[controller_server-10] [INFO] [1775024712.446032098] [controller_server]: Optimizer reset
[controller_server-10] [WARN] [1775024712.446095387] [controller_server]: Optimizer fail to compute path
[controller_server-10] [INFO] [1775024712.544872577] [controller_server]: Optimizer reset
[controller_server-10] [INFO] [1775024712.546245398] [controller_server]: Optimizer reset
[controller_server-10] [WARN] [1775024712.546333769] [controller_server]: Optimizer fail to compute path
[controller_server-10] [INFO] [1775024712.643260115] [controller_server]: Passing new path to controller.
[controller_server-10] [INFO] [1775024712.645255912] [controller_server]: Optimizer reset
[controller_server-10] [INFO] [1775024712.646670148] [controller_server]: Optimizer reset
[controller_server-10] [WARN] [1775024712.646750936] [controller_server]: Optimizer fail to compute path
[controller_server-10] [INFO] [1775024712.743265757] [controller_server]: Passing new path to controller.
[controller_server-10] [INFO] [1775024712.745576249] [controller_server]: Optimizer reset
[controller_server-10] [INFO] [1775024712.746858657] [controller_server]: Optimizer reset
[controller_server-10] [WARN] [1775024712.748094692] [controller_server]: Optimizer fail to compute path
[controller_server-10] [INFO] [1775024712.843262065] [controller_server]: Passing new path to controller.
[controller_server-10] [INFO] [1775024712.845114659] [controller_server]: Optimizer reset
[controller_server-10] [INFO] [1775024712.846446940] [controller_server]: Optimizer reset
[controller_server-10] [WARN] [1775024712.846524520] [controller_server]: Optimizer fail to compute path
[controller_server-10] [INFO] [1775024712.945034554] [controller_server]: Optimizer reset
[controller_server-10] [INFO] [1775024712.946308212] [controller_server]: Optimizer reset
[controller_server-10] [WARN] [1775024712.946378209] [controller_server]: Optimizer fail to compute path
[controller_server-10] [INFO] [1775024713.043259057] [controller_server]: Passing new path to controller.
[controller_server-10] [INFO] [1775024713.045305602] [controller_server]: Optimizer reset
[controller_server-10] [INFO] [1775024713.046680464] [controller_server]: Optimizer reset
[controller_server-10] [WARN] [1775024713.046768544] [controller_server]: Optimizer fail to compute path
[controller_server-10] [INFO] [1775024713.143262949] [controller_server]: Passing new path to controller.
[controller_server-10] [INFO] [1775024713.145161916] [controller_server]: Optimizer reset
[controller_server-10] [INFO] [1775024713.146568277] [controller_server]: Optimizer reset
[controller_server-10] [WARN] [1775024713.146648191] [controller_server]: Optimizer fail to compute path
[controller_server-10] [INFO] [1775024713.243266841] [controller_server]: Passing new path to controller.
[controller_server-10] [INFO] [1775024713.245231430] [controller_server]: Optimizer reset
[controller_server-10] [INFO] [1775024713.246496047] [controller_server]: Optimizer reset
[controller_server-10] [WARN] [1775024713.246557294] [controller_server]: Optimizer fail to compute path
[controller_server-10] [INFO] [1775024713.343259649] [controller_server]: Passing new path to controller.
[controller_server-10] [INFO] [1775024713.345043996] [controller_server]: Optimizer reset
[controller_server-10] [INFO] [1775024713.346349736] [controller_server]: Optimizer reset
[controller_server-10] [WARN] [1775024713.346427024] [controller_server]: Optimizer fail to compute path
[controller_server-10] [INFO] [1775024713.444958932] [controller_server]: Optimizer reset
[controller_server-10] [INFO] [1775024713.446237840] [controller_server]: Optimizer reset
[controller_server-10] [WARN] [1775024713.446309004] [controller_server]: Optimizer fail to compute path
[controller_server-10] [ERROR] [1775024713.446354211] [controller_server]: Controller patience exceeded
[controller_server-10] [INFO] [1775024713.446910980] [controller_server]: Optimizer reset
[controller_server-10] [WARN] [1775024713.446944229] [controller_server]: [follow_path] [ActionServer] Aborting handle.
[bt_navigator-14] [WARN] [1775024713.469936865] [bt_navigator]: [navigate_through_poses] [ActionServer] Aborting handle.
[bt_navigator-14] [ERROR] [1775024713.470516967] [bt_navigator]: Goal failed
[delivery_robot_main_controller-20] [33m[WARN] [1775024713.471844289] [main_controller_node]: Goal failed! (obstacle retry 1/3)[0m
[delivery_robot_main_controller-20] [0m[INFO] [1775024713.480514614] [main_controller_node]: Pre-resume: waiting 3 seconds before wiggle...[0m
[delivery_robot_main_controller-20] [0m[INFO] [1775024713.495486149] [main_controller_node]: Current state: MOVE, dock_state IDLE, charge_state NOT_CHARGE[0m
[delivery_robot_main_controller-20] [0m[INFO] [1775024713.785340933] [main_controller_node]: Pre-resume: clearing local/global costmaps.[0m
[controller_server-10] [INFO] [1775024713.786566176] [local_costmap.local_costmap]: Received request to clear entirely the local_costmap
[controller_server-10] [INFO] [1775024713.789592390] [local_costmap.local_costmap]: KeepoutFilter: Subscribing to "/keepout_costmap_filter_info" topic for filter info...
[controller_server-10] [INFO] [1775024713.795112547] [local_costmap.local_costmap]: KeepoutFilter: Received filter info from /keepout_costmap_filter_info topic.
[controller_server-10] [INFO] [1775024713.795861226] [local_costmap.local_costmap]: KeepoutFilter: Subscribing to "/keepout_filter_mask" topic for filter mask...
[planner_server-12] [INFO] [1775024713.798561953] [global_costmap.global_costmap]: Received request to clear entirely the global_costmap
[controller_server-10] [WARN] [1775024713.802986945] [local_costmap.local_costmap]: KeepoutFilter: New filter mask arrived from /keepout_filter_mask topic. Updating old filter mask.
[planner_server-12] [INFO] [1775024713.807259402] [global_costmap.global_costmap]: KeepoutFilter: Subscribing to "/keepout_costmap_filter_info" topic for filter info...
[planner_server-12] [INFO] [1775024713.818418421] [global_costmap.global_costmap]: KeepoutFilter: Received filter info from /keepout_costmap_filter_info topic.
[planner_server-12] [INFO] [1775024713.818473252] [global_costmap.global_costmap]: KeepoutFilter: Subscribing to "/keepout_filter_mask" topic for filter mask...
[planner_server-12] [WARN] [1775024713.831448407] [global_costmap.global_costmap]: KeepoutFilter: New filter mask arrived from /keepout_filter_mask topic. Updating old filter mask.
[delivery_robot_main_controller-20] [0m[INFO] [1775024713.850244708] [main_controller_node]: Current state: MOVE, dock_state IDLE, charge_state NOT_CHARGE[0m
[delivery_robot_main_controller-20] [0m[INFO] [1775024714.822746417] [main_controller_node]: Pre-resume wiggle complete. Switching to STANDBY.[0m
[delivery_robot_main_controller-20] [0m[INFO] [1775024714.829261702] [main_controller_node]: State change: MOVE -> STANDBY[0m
[delivery_robot_main_controller-20] [0m[INFO] [1775024714.853373710] [main_controller_node]: Robot is in STANDBY mode.[0m
[delivery_robot_main_controller-20] [0m[INFO] [1775024714.900552726] [main_controller_node]: Current state: STANDBY, dock_state IDLE, charge_state NOT_CHARGE[0m
[delivery_robot_main_controller-20] [0m[INFO] [1775024715.934047698] [main_controller_node]: Current state: STANDBY, dock_state IDLE, charge_state NOT_CHARGE[0m
[delivery_robot_main_controller-20] [0m[INFO] [1775024716.066708511] [main_controller_node]: 1 pending queues [0m
[delivery_robot_main_controller-20] [0m[INFO] [1775024716.067865507] [main_controller_node]: Queue action: Request[0m
[delivery_robot_main_controller-20] [0m[INFO] [1775024716.117737374] [main_controller_node]: AGV start_pos: x=0.37, y=1.76[0m
[delivery_robot_main_controller-20] [0m[INFO] [1775024716.119886581] [main_controller_node]: AGV goal_pos: x=-0.53, y=5.87[0m
[delivery_robot_main_controller-20] [0m[INFO] [1775024716.122288945] [main_controller_node]: Path source: building YAML (/home/smr/workspaces/mini_amr/amrROS2_ws/maps/map_000.building.yaml)[0m
[delivery_robot_main_controller-20] Graph before shortest_path: Graph with 19 nodes and 21 edges
[delivery_robot_main_controller-20] [0m[INFO] [1775024716.195403980] [main_controller_node]: Computed AGV path waypoints:[0m
[delivery_robot_main_controller-20] [0m[INFO] [1775024716.197890923] [main_controller_node]:   Waypoint 0: x=0.37, y=1.76[0m
[delivery_robot_main_controller-20] [0m[INFO] [1775024716.198599062] [main_controller_node]:   Waypoint 1: x=0.58, y=1.35[0m
[delivery_robot_main_controller-20] [0m[INFO] [1775024716.199242745] [main_controller_node]:   Waypoint 2: x=0.79, y=0.93[0m
[delivery_robot_main_controller-20] [0m[INFO] [1775024716.199878845] [main_controller_node]:   Waypoint 3: x=0.77, y=1.41[0m
[delivery_robot_main_controller-20] [0m[INFO] [1775024716.200516112] [main_controller_node]:   Waypoint 4: x=0.75, y=1.88[0m
[delivery_robot_main_controller-20] [0m[INFO] [1775024716.201158920] [main_controller_node]:   Waypoint 5: x=0.72, y=2.36[0m
[delivery_robot_main_controller-20] [0m[INFO] [1775024716.201783353] [main_controller_node]:   Waypoint 6: x=0.70, y=2.83[0m
[delivery_robot_main_controller-20] [0m[INFO] [1775024716.202393788] [main_controller_node]:   Waypoint 7: x=0.68, y=3.31[0m
[delivery_robot_main_controller-20] [0m[INFO] [1775024716.202995764] [main_controller_node]:   Waypoint 8: x=0.66, y=3.78[0m
[delivery_robot_main_controller-20] [0m[INFO] [1775024716.205012268] [main_controller_node]:   Waypoint 9: x=0.63, y=4.26[0m
[delivery_robot_main_controller-20] [0m[INFO] [1775024716.207912487] [main_controller_node]:   Waypoint 10: x=0.61, y=4.73[0m
[delivery_robot_main_controller-20] [0m[INFO] [1775024716.211382017] [main_controller_node]:   Waypoint 11: x=0.59, y=5.21[0m
[delivery_robot_main_controller-20] [0m[INFO] [1775024716.214232654] [main_controller_node]:   Waypoint 12: x=0.22, y=5.43[0m
[delivery_robot_main_controller-20] [0m[INFO] [1775024716.217059960] [main_controller_node]:   Waypoint 13: x=-0.16, y=5.65[0m
[delivery_robot_main_controller-20] [0m[INFO] [1775024716.224047726] [main_controller_node]:   Waypoint 14: x=-0.53, y=5.87[0m
[delivery_robot_main_controller-20] [0m[INFO] [1775024716.226173309] [main_controller_node]: Navigating with 15 goals....[0m
[bt_navigator-14] [INFO] [1775024716.228074900] [bt_navigator]: Begin navigating from current location through 15 poses to (-0.53, 5.87)
[delivery_robot_main_controller-20] [0m[INFO] [1775024716.230541720] [main_controller_node]: State change: STANDBY -> MOVE[0m
[controller_server-10] [INFO] [1775024716.228600171] [local_costmap.local_costmap]: Received request to clear entirely the local_costmap
[controller_server-10] [INFO] [1775024716.236502860] [local_costmap.local_costmap]: KeepoutFilter: Subscribing to "/keepout_costmap_filter_info" topic for filter info...
[planner_server-12] [INFO] [1775024716.244770409] [global_costmap.global_costmap]: Received request to clear entirely the global_costmap
[planner_server-12] [INFO] [1775024716.248834624] [global_costmap.global_costmap]: KeepoutFilter: Subscribing to "/keepout_costmap_filter_info" topic for filter info...
[controller_server-10] [INFO] [1775024716.253040291] [local_costmap.local_costmap]: KeepoutFilter: Received filter info from /keepout_costmap_filter_info topic.
[controller_server-10] [INFO] [1775024716.253398152] [local_costmap.local_costmap]: KeepoutFilter: Subscribing to "/keepout_filter_mask" topic for filter mask...
[delivery_robot_main_controller-20] [0m[INFO] [1775024716.259020389] [main_controller_node]: Robot is MOVING.[0m
[controller_server-10] [WARN] [1775024716.261255926] [local_costmap.local_costmap]: KeepoutFilter: New filter mask arrived from /keepout_filter_mask topic. Updating old filter mask.
[planner_server-12] [INFO] [1775024716.262179306] [global_costmap.global_costmap]: KeepoutFilter: Received filter info from /keepout_costmap_filter_info topic.
[planner_server-12] [INFO] [1775024716.262233846] [global_costmap.global_costmap]: KeepoutFilter: Subscribing to "/keepout_filter_mask" topic for filter mask...
[planner_server-12] [WARN] [1775024716.276724733] [global_costmap.global_costmap]: KeepoutFilter: New filter mask arrived from /keepout_filter_mask topic. Updating old filter mask.
[controller_server-10] [INFO] [1775024716.461343331] [controller_server]: Received a goal, begin computing control effort.
[controller_server-10] [INFO] [1775024716.466054437] [controller_server]: Optimizer reset
[controller_server-10] [INFO] [1775024716.468510173] [controller_server]: Optimizer reset
[controller_server-10] [WARN] [1775024716.470290437] [controller_server]: Optimizer fail to compute path
[controller_server-10] [INFO] [1775024716.561665710] [controller_server]: Passing new path to controller.
[controller_server-10] [INFO] [1775024716.563499638] [controller_server]: Optimizer reset
[controller_server-10] [INFO] [1775024716.569167664] [controller_server]: Optimizer reset
[controller_server-10] [WARN] [1775024716.569260994] [controller_server]: Optimizer fail to compute path
[controller_server-10] [INFO] [1775024716.661663768] [controller_server]: Passing new path to controller.
[controller_server-10] [INFO] [1775024716.668787446] [controller_server]: Optimizer reset
[controller_server-10] [INFO] [1775024716.670078020] [controller_server]: Optimizer reset
[controller_server-10] [WARN] [1775024716.670148601] [controller_server]: Optimizer fail to compute path
[controller_server-10] [INFO] [1775024716.765137773] [controller_server]: Passing new path to controller.
[controller_server-10] [INFO] [1775024716.766953035] [controller_server]: Optimizer reset
[controller_server-10] [INFO] [1775024716.768236026] [controller_server]: Optimizer reset
[controller_server-10] [WARN] [1775024716.768330814] [controller_server]: Optimizer fail to compute path
[controller_server-10] [INFO] [1775024716.861860836] [controller_server]: Passing new path to controller.
[controller_server-10] [INFO] [1775024716.870748444] [controller_server]: Optimizer reset
[controller_server-10] [INFO] [1775024716.875850076] [controller_server]: Optimizer reset
[controller_server-10] [WARN] [1775024716.877709961] [controller_server]: Optimizer fail to compute path
[controller_server-10] [INFO] [1775024716.968101190] [controller_server]: Optimizer reset
[controller_server-10] [INFO] [1775024716.978097379] [controller_server]: Optimizer reset
[controller_server-10] [WARN] [1775024716.979143546] [controller_server]: Optimizer fail to compute path
[controller_server-10] [INFO] [1775024717.061751082] [controller_server]: Passing new path to controller.
[controller_server-10] [INFO] [1775024717.063551761] [controller_server]: Optimizer reset
[controller_server-10] [INFO] [1775024717.065105408] [controller_server]: Optimizer reset
[controller_server-10] [WARN] [1775024717.065203113] [controller_server]: Optimizer fail to compute path
[controller_server-10] [INFO] [1775024717.161810096] [controller_server]: Passing new path to controller.
[controller_server-10] [INFO] [1775024717.163872973] [controller_server]: Optimizer reset
[controller_server-10] [INFO] [1775024717.167056098] [controller_server]: Optimizer reset
[controller_server-10] [WARN] [1775024717.168669534] [controller_server]: Optimizer fail to compute path
[controller_server-10] [INFO] [1775024717.261712200] [controller_server]: Passing new path to controller.
[controller_server-10] [INFO] [1775024717.268902375] [controller_server]: Optimizer reset
[controller_server-10] [INFO] [1775024717.270274905] [controller_server]: Optimizer reset
[controller_server-10] [WARN] [1775024717.270385734] [controller_server]: Optimizer fail to compute path
[controller_server-10] [INFO] [1775024717.367083130] [controller_server]: Optimizer reset
[controller_server-10] [INFO] [1775024717.374411258] [controller_server]: Optimizer reset
[controller_server-10] [WARN] [1775024717.377282895] [controller_server]: Optimizer fail to compute path
[controller_server-10] [INFO] [1775024717.461689651] [controller_server]: Passing new path to controller.
[controller_server-10] [INFO] [1775024717.465698160] [controller_server]: Optimizer reset
[controller_server-10] [INFO] [1775024717.466992234] [controller_server]: Optimizer reset
[controller_server-10] [WARN] [1775024717.467082064] [controller_server]: Optimizer fail to compute path
[controller_server-10] [ERROR] [1775024717.467131645] [controller_server]: Controller patience exceeded
[controller_server-10] [INFO] [1775024717.467729538] [controller_server]: Optimizer reset
[controller_server-10] [WARN] [1775024717.467768912] [controller_server]: [follow_path] [ActionServer] Aborting handle.
[bt_navigator-14] [WARN] [1775024717.499596074] [bt_navigator]: [navigate_through_poses] [ActionServer] Aborting handle.
[bt_navigator-14] [ERROR] [1775024717.499840773] [bt_navigator]: Goal failed
[delivery_robot_main_controller-20] [33m[WARN] [1775024717.505117106] [main_controller_node]: Goal failed! (obstacle retry 2/3)[0m
[delivery_robot_main_controller-20] [0m[INFO] [1775024717.514863931] [main_controller_node]: Pre-resume: waiting 3 seconds before wiggle...[0m
[delivery_robot_main_controller-20] [0m[INFO] [1775024717.522516962] [main_controller_node]: Current state: MOVE, dock_state IDLE, charge_state NOT_CHARGE[0m
[delivery_robot_main_controller-20] [0m[INFO] [1775024717.825097827] [main_controller_node]: Pre-resume: clearing local/global costmaps.[0m
[controller_server-10] [INFO] [1775024717.827243243] [local_costmap.local_costmap]: Received request to clear entirely the local_costmap
[controller_server-10] [INFO] [1775024717.837715997] [local_costmap.local_costmap]: KeepoutFilter: Subscribing to "/keepout_costmap_filter_info" topic for filter info...
[controller_server-10] [INFO] [1775024717.846048002] [local_costmap.local_costmap]: KeepoutFilter: Received filter info from /keepout_costmap_filter_info topic.
[controller_server-10] [INFO] [1775024717.846143081] [local_costmap.local_costmap]: KeepoutFilter: Subscribing to "/keepout_filter_mask" topic for filter mask...
[planner_server-12] [INFO] [1775024717.850138465] [global_costmap.global_costmap]: Received request to clear entirely the global_costmap
[controller_server-10] [WARN] [1775024717.855398466] [local_costmap.local_costmap]: KeepoutFilter: New filter mask arrived from /keepout_filter_mask topic. Updating old filter mask.
[planner_server-12] [INFO] [1775024717.857044860] [global_costmap.global_costmap]: KeepoutFilter: Subscribing to "/keepout_costmap_filter_info" topic for filter info...
[planner_server-12] [INFO] [1775024717.867754438] [global_costmap.global_costmap]: KeepoutFilter: Received filter info from /keepout_costmap_filter_info topic.
[planner_server-12] [INFO] [1775024717.867810144] [global_costmap.global_costmap]: KeepoutFilter: Subscribing to "/keepout_filter_mask" topic for filter mask...
[planner_server-12] [WARN] [1775024717.879140364] [global_costmap.global_costmap]: KeepoutFilter: New filter mask arrived from /keepout_filter_mask topic. Updating old filter mask.
[delivery_robot_main_controller-20] [0m[INFO] [1775024717.893584878] [main_controller_node]: Current state: MOVE, dock_state IDLE, charge_state NOT_CHARGE[0m
[delivery_robot_main_controller-20] [0m[INFO] [1775024718.836758910] [main_controller_node]: Current state: MOVE, dock_state IDLE, charge_state NOT_CHARGE[0m
[delivery_robot_main_controller-20] [0m[INFO] [1775024718.872924735] [main_controller_node]: Pre-resume wiggle complete. Switching to STANDBY.[0m
[delivery_robot_main_controller-20] [0m[INFO] [1775024718.876700503] [main_controller_node]: State change: MOVE -> STANDBY[0m
[delivery_robot_main_controller-20] [0m[INFO] [1775024718.911873533] [main_controller_node]: Robot is in STANDBY mode.[0m
[delivery_robot_main_controller-20] [0m[INFO] [1775024719.856933408] [main_controller_node]: Current state: STANDBY, dock_state IDLE, charge_state NOT_CHARGE[0m
[delivery_robot_main_controller-20] [0m[INFO] [1775024719.985676417] [main_controller_node]: 1 pending queues [0m
[delivery_robot_main_controller-20] [0m[INFO] [1775024719.986748249] [main_controller_node]: Queue action: Request[0m
[delivery_robot_main_controller-20] [0m[INFO] [1775024720.043888455] [main_controller_node]: AGV start_pos: x=0.37, y=1.76[0m
[delivery_robot_main_controller-20] [0m[INFO] [1775024720.044476432] [main_controller_node]: AGV goal_pos: x=-0.53, y=5.87[0m
[delivery_robot_main_controller-20] [0m[INFO] [1775024720.045030285] [main_controller_node]: Path source: building YAML (/home/smr/workspaces/mini_amr/amrROS2_ws/maps/map_000.building.yaml)[0m
[delivery_robot_main_controller-20] Graph before shortest_path: Graph with 19 nodes and 21 edges
[delivery_robot_main_controller-20] [0m[INFO] [1775024720.086767307] [main_controller_node]: Computed AGV path waypoints:[0m
[delivery_robot_main_controller-20] [0m[INFO] [1775024720.087660355] [main_controller_node]:   Waypoint 0: x=0.37, y=1.76[0m
[delivery_robot_main_controller-20] [0m[INFO] [1775024720.088349536] [main_controller_node]:   Waypoint 1: x=0.58, y=1.35[0m
[delivery_robot_main_controller-20] [0m[INFO] [1775024720.091714362] [main_controller_node]:   Waypoint 2: x=0.79, y=0.93[0m
[delivery_robot_main_controller-20] [0m[INFO] [1775024720.092398293] [main_controller_node]:   Waypoint 3: x=0.77, y=1.41[0m
[delivery_robot_main_controller-20] [0m[INFO] [1775024720.093011644] [main_controller_node]:   Waypoint 4: x=0.75, y=1.88[0m
[delivery_robot_main_controller-20] [0m[INFO] [1775024720.093617120] [main_controller_node]:   Waypoint 5: x=0.72, y=2.36[0m
[delivery_robot_main_controller-20] [0m[INFO] [1775024720.094238637] [main_controller_node]:   Waypoint 6: x=0.70, y=2.83[0m
[delivery_robot_main_controller-20] [0m[INFO] [1775024720.094883779] [main_controller_node]:   Waypoint 7: x=0.68, y=3.31[0m
[delivery_robot_main_controller-20] [0m[INFO] [1775024720.095490421] [main_controller_node]:   Waypoint 8: x=0.66, y=3.78[0m
[delivery_robot_main_controller-20] [0m[INFO] [1775024720.096087440] [main_controller_node]:   Waypoint 9: x=0.63, y=4.26[0m
[delivery_robot_main_controller-20] [0m[INFO] [1775024720.096706332] [main_controller_node]:   Waypoint 10: x=0.61, y=4.73[0m
[delivery_robot_main_controller-20] [0m[INFO] [1775024720.097322308] [main_controller_node]:   Waypoint 11: x=0.59, y=5.21[0m
[delivery_robot_main_controller-20] [0m[INFO] [1775024720.097955199] [main_controller_node]:   Waypoint 12: x=0.22, y=5.43[0m
[delivery_robot_main_controller-20] [0m[INFO] [1775024720.098555426] [main_controller_node]:   Waypoint 13: x=-0.16, y=5.65[0m
[delivery_robot_main_controller-20] [0m[INFO] [1775024720.099152444] [main_controller_node]:   Waypoint 14: x=-0.53, y=5.87[0m
[delivery_robot_main_controller-20] [0m[INFO] [1775024720.100094198] [main_controller_node]: Navigating with 15 goals....[0m
[bt_navigator-14] [INFO] [1775024720.101395272] [bt_navigator]: Begin navigating from current location through 15 poses to (-0.53, 5.87)
[controller_server-10] [INFO] [1775024720.101784048] [local_costmap.local_costmap]: Received request to clear entirely the local_costmap
[delivery_robot_main_controller-20] [0m[INFO] [1775024720.102628390] [main_controller_node]: State change: STANDBY -> MOVE[0m
[controller_server-10] [INFO] [1775024720.107249083] [local_costmap.local_costmap]: KeepoutFilter: Subscribing to "/keepout_costmap_filter_info" topic for filter info...
[planner_server-12] [INFO] [1775024720.111543705] [global_costmap.global_costmap]: Received request to clear entirely the global_costmap
[planner_server-12] [INFO] [1775024720.120601057] [global_costmap.global_costmap]: KeepoutFilter: Subscribing to "/keepout_costmap_filter_info" topic for filter info...
[controller_server-10] [INFO] [1775024720.127840813] [local_costmap.local_costmap]: KeepoutFilter: Received filter info from /keepout_costmap_filter_info topic.
[controller_server-10] [INFO] [1775024720.127891269] [local_costmap.local_costmap]: KeepoutFilter: Subscribing to "/keepout_filter_mask" topic for filter mask...
[delivery_robot_main_controller-20] [0m[INFO] [1775024720.130061767] [main_controller_node]: Robot is MOVING.[0m
[planner_server-12] [INFO] [1775024720.134419679] [global_costmap.global_costmap]: KeepoutFilter: Received filter info from /keepout_costmap_filter_info topic.
[planner_server-12] [INFO] [1775024720.134467510] [global_costmap.global_costmap]: KeepoutFilter: Subscribing to "/keepout_filter_mask" topic for filter mask...
[controller_server-10] [WARN] [1775024720.137555555] [local_costmap.local_costmap]: KeepoutFilter: New filter mask arrived from /keepout_filter_mask topic. Updating old filter mask.
[planner_server-12] [WARN] [1775024720.146278961] [global_costmap.global_costmap]: KeepoutFilter: New filter mask arrived from /keepout_filter_mask topic. Updating old filter mask.
[planner_server-12] [WARN] [1775024720.428605833] [planner_server]: Planner loop missed its desired rate of 5.0000 Hz. Current loop rate is 3.3816 Hz
[controller_server-10] [INFO] [1775024720.445460877] [controller_server]: Received a goal, begin computing control effort.
[controller_server-10] [INFO] [1775024720.447286638] [controller_server]: Optimizer reset
[controller_server-10] [INFO] [1775024720.448691541] [controller_server]: Optimizer reset
[controller_server-10] [WARN] [1775024720.448795662] [controller_server]: Optimizer fail to compute path
[controller_server-10] [INFO] [1775024720.548411069] [controller_server]: Optimizer reset
[controller_server-10] [INFO] [1775024720.550927470] [controller_server]: Optimizer reset
[controller_server-10] [WARN] [1775024720.554487996] [controller_server]: Optimizer fail to compute path
[controller_server-10] [INFO] [1775024720.646386499] [controller_server]: Passing new path to controller.
[controller_server-10] [INFO] [1775024720.654236981] [controller_server]: Optimizer reset
[controller_server-10] [INFO] [1775024720.655562262] [controller_server]: Optimizer reset
[controller_server-10] [WARN] [1775024720.655639843] [controller_server]: Optimizer fail to compute path
[controller_server-10] [INFO] [1775024720.745760416] [controller_server]: Passing new path to controller.
[controller_server-10] [INFO] [1775024720.752494442] [controller_server]: Optimizer reset
[controller_server-10] [INFO] [1775024720.756959391] [controller_server]: Optimizer reset
[controller_server-10] [WARN] [1775024720.760361548] [controller_server]: Optimizer fail to compute path
[controller_server-10] [INFO] [1775024720.845745058] [controller_server]: Passing new path to controller.
[controller_server-10] [INFO] [1775024720.847564695] [controller_server]: Optimizer reset
[controller_server-10] [INFO] [1775024720.848858477] [controller_server]: Optimizer reset
[controller_server-10] [WARN] [1775024720.848931974] [controller_server]: Optimizer fail to compute path
[controller_server-10] [INFO] [1775024720.957349826] [controller_server]: Optimizer reset
[controller_server-10] [INFO] [1775024720.962854817] [controller_server]: Optimizer reset
[controller_server-10] [WARN] [1775024720.966097147] [controller_server]: Optimizer fail to compute path
[controller_server-10] [INFO] [1775024721.046428606] [controller_server]: Passing new path to controller.
[controller_server-10] [INFO] [1775024721.052263751] [controller_server]: Optimizer reset
[controller_server-10] [INFO] [1775024721.054697614] [controller_server]: Optimizer reset
[controller_server-10] [WARN] [1775024721.054808734] [controller_server]: Optimizer fail to compute path
[controller_server-10] [INFO] [1775024721.145706568] [controller_server]: Passing new path to controller.
[controller_server-10] [INFO] [1775024721.147604077] [controller_server]: Optimizer reset
[controller_server-10] [INFO] [1775024721.148906900] [controller_server]: Optimizer reset
[controller_server-10] [WARN] [1775024721.148995855] [controller_server]: Optimizer fail to compute path
[controller_server-10] [INFO] [1775024721.245722709] [controller_server]: Passing new path to controller.
[controller_server-10] [INFO] [1775024721.247561887] [controller_server]: Optimizer reset
[controller_server-10] [INFO] [1775024721.248849836] [controller_server]: Optimizer reset
[controller_server-10] [WARN] [1775024721.248922458] [controller_server]: Optimizer fail to compute path
[controller_server-10] [INFO] [1775024721.347263623] [controller_server]: Optimizer reset
[controller_server-10] [INFO] [1775024721.348593863] [controller_server]: Optimizer reset
[controller_server-10] [WARN] [1775024721.348670568] [controller_server]: Optimizer fail to compute path
[controller_server-10] [INFO] [1775024721.445682953] [controller_server]: Passing new path to controller.
[controller_server-10] [INFO] [1775024721.448190312] [controller_server]: Optimizer reset
[controller_server-10] [INFO] [1775024721.449525218] [controller_server]: Optimizer reset
[controller_server-10] [WARN] [1775024721.449605715] [controller_server]: Optimizer fail to compute path
[controller_server-10] [ERROR] [1775024721.449657921] [controller_server]: Controller patience exceeded
[controller_server-10] [INFO] [1775024721.450367226] [controller_server]: Optimizer reset
[controller_server-10] [WARN] [1775024721.450410100] [controller_server]: [follow_path] [ActionServer] Aborting handle.
[bt_navigator-14] [WARN] [1775024721.489094950] [bt_navigator]: [navigate_through_poses] [ActionServer] Aborting handle.
[bt_navigator-14] [ERROR] [1775024721.489384563] [bt_navigator]: Goal failed
[delivery_robot_main_controller-20] [33m[WARN] [1775024721.492791387] [main_controller_node]: Goal failed! (obstacle retry 3/3)[0m
[delivery_robot_main_controller-20] [0m[INFO] [1775024721.504909368] [main_controller_node]: Pre-resume: waiting 3 seconds before wiggle...[0m
[delivery_robot_main_controller-20] [0m[INFO] [1775024721.507419644] [main_controller_node]: Current state: MOVE, dock_state IDLE, charge_state NOT_CHARGE[0m
[delivery_robot_main_controller-20] [0m[INFO] [1775024721.810268249] [main_controller_node]: Pre-resume: clearing local/global costmaps.[0m
[controller_server-10] [INFO] [1775024721.815681077] [local_costmap.local_costmap]: Received request to clear entirely the local_costmap
[controller_server-10] [INFO] [1775024721.820868748] [local_costmap.local_costmap]: KeepoutFilter: Subscribing to "/keepout_costmap_filter_info" topic for filter info...
[controller_server-10] [INFO] [1775024721.826908343] [local_costmap.local_costmap]: KeepoutFilter: Received filter info from /keepout_costmap_filter_info topic.
[controller_server-10] [INFO] [1775024721.827011006] [local_costmap.local_costmap]: KeepoutFilter: Subscribing to "/keepout_filter_mask" topic for filter mask...
[controller_server-10] [WARN] [1775024721.832525038] [local_costmap.local_costmap]: KeepoutFilter: New filter mask arrived from /keepout_filter_mask topic. Updating old filter mask.
[planner_server-12] [INFO] [1775024721.833507333] [global_costmap.global_costmap]: Received request to clear entirely the global_costmap
[planner_server-12] [INFO] [1775024721.839961662] [global_costmap.global_costmap]: KeepoutFilter: Subscribing to "/keepout_costmap_filter_info" topic for filter info...
[planner_server-12] [INFO] [1775024721.851180470] [global_costmap.global_costmap]: KeepoutFilter: Received filter info from /keepout_costmap_filter_info topic.
[planner_server-12] [INFO] [1775024721.851241134] [global_costmap.global_costmap]: KeepoutFilter: Subscribing to "/keepout_filter_mask" topic for filter mask...
[delivery_robot_main_controller-20] [0m[INFO] [1775024721.854478215] [main_controller_node]: Current state: MOVE, dock_state IDLE, charge_state NOT_CHARGE[0m
[planner_server-12] [WARN] [1775024721.862747514] [global_costmap.global_costmap]: KeepoutFilter: New filter mask arrived from /keepout_filter_mask topic. Updating old filter mask.
[delivery_robot_main_controller-20] [0m[INFO] [1775024722.839663716] [main_controller_node]: Current state: MOVE, dock_state IDLE, charge_state NOT_CHARGE[0m
[delivery_robot_main_controller-20] [0m[INFO] [1775024722.847416202] [main_controller_node]: Pre-resume wiggle complete. Switching to STANDBY.[0m
[delivery_robot_main_controller-20] [0m[INFO] [1775024722.848156131] [main_controller_node]: State change: MOVE -> STANDBY[0m
[delivery_robot_main_controller-20] [0m[INFO] [1775024722.872115604] [main_controller_node]: Robot is in STANDBY mode.[0m
[delivery_robot_main_controller-20] [0m[INFO] [1775024723.843821095] [main_controller_node]: Current state: STANDBY, dock_state IDLE, charge_state NOT_CHARGE[0m
[delivery_robot_main_controller-20] [0m[INFO] [1775024723.960054430] [main_controller_node]: 1 pending queues [0m
[delivery_robot_main_controller-20] [0m[INFO] [1775024723.961218717] [main_controller_node]: Queue action: Request[0m
[delivery_robot_main_controller-20] [0m[INFO] [1775024724.008345235] [main_controller_node]: AGV start_pos: x=0.37, y=1.76[0m
[delivery_robot_main_controller-20] [0m[INFO] [1775024724.010742640] [main_controller_node]: AGV goal_pos: x=-0.53, y=5.87[0m
[delivery_robot_main_controller-20] [0m[INFO] [1775024724.013317372] [main_controller_node]: Path source: building YAML (/home/smr/workspaces/mini_amr/amrROS2_ws/maps/map_000.building.yaml)[0m
[delivery_robot_main_controller-20] Graph before shortest_path: Graph with 19 nodes and 21 edges
[delivery_robot_main_controller-20] [0m[INFO] [1775024724.071997226] [main_controller_node]: Computed AGV path waypoints:[0m
[delivery_robot_main_controller-20] [0m[INFO] [1775024724.072689324] [main_controller_node]:   Waypoint 0: x=0.37, y=1.76[0m
[delivery_robot_main_controller-20] [0m[INFO] [1775024724.073396587] [main_controller_node]:   Waypoint 1: x=0.58, y=1.35[0m
[delivery_robot_main_controller-20] [0m[INFO] [1775024724.074098018] [main_controller_node]:   Waypoint 2: x=0.79, y=0.93[0m
[delivery_robot_main_controller-20] [0m[INFO] [1775024724.078154650] [main_controller_node]:   Waypoint 3: x=0.77, y=1.41[0m
[delivery_robot_main_controller-20] [0m[INFO] [1775024724.078827790] [main_controller_node]:   Waypoint 4: x=0.75, y=1.88[0m
[delivery_robot_main_controller-20] [0m[INFO] [1775024724.079539429] [main_controller_node]:   Waypoint 5: x=0.72, y=2.36[0m
[delivery_robot_main_controller-20] [0m[INFO] [1775024724.080155988] [main_controller_node]:   Waypoint 6: x=0.70, y=2.83[0m
[delivery_robot_main_controller-20] [0m[INFO] [1775024724.080781005] [main_controller_node]:   Waypoint 7: x=0.68, y=3.31[0m
[delivery_robot_main_controller-20] [0m[INFO] [1775024724.081424979] [main_controller_node]:   Waypoint 8: x=0.66, y=3.78[0m
[delivery_robot_main_controller-20] [0m[INFO] [1775024724.082064288] [main_controller_node]:   Waypoint 9: x=0.63, y=4.26[0m
[delivery_robot_main_controller-20] [0m[INFO] [1775024724.082707096] [main_controller_node]:   Waypoint 10: x=0.61, y=4.73[0m
[delivery_robot_main_controller-20] [0m[INFO] [1775024724.083339404] [main_controller_node]:   Waypoint 11: x=0.59, y=5.21[0m
[delivery_robot_main_controller-20] [0m[INFO] [1775024724.083967921] [main_controller_node]:   Waypoint 12: x=0.22, y=5.43[0m
[delivery_robot_main_controller-20] [0m[INFO] [1775024724.084629686] [main_controller_node]:   Waypoint 13: x=-0.16, y=5.65[0m
[delivery_robot_main_controller-20] [0m[INFO] [1775024724.085268411] [main_controller_node]:   Waypoint 14: x=-0.53, y=5.87[0m
[delivery_robot_main_controller-20] [0m[INFO] [1775024724.086229998] [main_controller_node]: Navigating with 15 goals....[0m
[bt_navigator-14] [INFO] [1775024724.087218709] [bt_navigator]: Begin navigating from current location through 15 poses to (-0.53, 5.87)
[controller_server-10] [INFO] [1775024724.087628777] [local_costmap.local_costmap]: Received request to clear entirely the local_costmap
[controller_server-10] [INFO] [1775024724.090514121] [local_costmap.local_costmap]: KeepoutFilter: Subscribing to "/keepout_costmap_filter_info" topic for filter info...
[planner_server-12] [INFO] [1775024724.092234887] [global_costmap.global_costmap]: Received request to clear entirely the global_costmap
[delivery_robot_main_controller-20] [0m[INFO] [1775024724.092547541] [main_controller_node]: State change: STANDBY -> MOVE[0m
[controller_server-10] [INFO] [1775024724.098696507] [local_costmap.local_costmap]: KeepoutFilter: Received filter info from /keepout_costmap_filter_info topic.
[controller_server-10] [INFO] [1775024724.098755130] [local_costmap.local_costmap]: KeepoutFilter: Subscribing to "/keepout_filter_mask" topic for filter mask...
[planner_server-12] [INFO] [1775024724.100125909] [global_costmap.global_costmap]: KeepoutFilter: Subscribing to "/keepout_costmap_filter_info" topic for filter info...
[controller_server-10] [WARN] [1775024724.107816272] [local_costmap.local_costmap]: KeepoutFilter: New filter mask arrived from /keepout_filter_mask topic. Updating old filter mask.
[delivery_robot_main_controller-20] [0m[INFO] [1775024724.108288171] [main_controller_node]: Robot is MOVING.[0m
[planner_server-12] [INFO] [1775024724.111613331] [global_costmap.global_costmap]: KeepoutFilter: Received filter info from /keepout_costmap_filter_info topic.
[planner_server-12] [INFO] [1775024724.111671079] [global_costmap.global_costmap]: KeepoutFilter: Subscribing to "/keepout_filter_mask" topic for filter mask...
[planner_server-12] [WARN] [1775024724.125669360] [global_costmap.global_costmap]: KeepoutFilter: New filter mask arrived from /keepout_filter_mask topic. Updating old filter mask.
[planner_server-12] [WARN] [1775024724.414603680] [planner_server]: Planner loop missed its desired rate of 5.0000 Hz. Current loop rate is 3.2411 Hz
[controller_server-10] [INFO] [1775024724.420037799] [controller_server]: Received a goal, begin computing control effort.
[controller_server-10] [INFO] [1775024724.422401665] [controller_server]: Optimizer reset
[controller_server-10] [INFO] [1775024724.423707696] [controller_server]: Optimizer reset
[controller_server-10] [WARN] [1775024724.423784110] [controller_server]: Optimizer fail to compute path
[controller_server-10] [INFO] [1775024724.521128106] [controller_server]: Passing new path to controller.
[controller_server-10] [INFO] [1775024724.525145365] [controller_server]: Optimizer reset
[controller_server-10] [INFO] [1775024724.526460146] [controller_server]: Optimizer reset
[controller_server-10] [WARN] [1775024724.526595766] [controller_server]: Optimizer fail to compute path
[controller_server-10] [INFO] [1775024724.621415487] [controller_server]: Passing new path to controller.
[controller_server-10] [INFO] [1775024724.625018012] [controller_server]: Optimizer reset
[controller_server-10] [INFO] [1775024724.626425831] [controller_server]: Optimizer reset
[controller_server-10] [WARN] [1775024724.626505161] [controller_server]: Optimizer fail to compute path
[controller_server-10] [INFO] [1775024724.720897024] [controller_server]: Passing new path to controller.
[controller_server-10] [INFO] [1775024724.723011524] [controller_server]: Optimizer reset
[controller_server-10] [INFO] [1775024724.724319306] [controller_server]: Optimizer reset
[controller_server-10] [WARN] [1775024724.724397469] [controller_server]: Optimizer fail to compute path
[controller_server-10] [INFO] [1775024724.820877000] [controller_server]: Passing new path to controller.
[controller_server-10] [INFO] [1775024724.822937544] [controller_server]: Optimizer reset
[controller_server-10] [INFO] [1775024724.824235118] [controller_server]: Optimizer reset
[controller_server-10] [WARN] [1775024724.824331364] [controller_server]: Optimizer fail to compute path
[controller_server-10] [INFO] [1775024724.927705331] [controller_server]: Optimizer reset
[controller_server-10] [INFO] [1775024724.936181122] [controller_server]: Optimizer reset
[controller_server-10] [WARN] [1775024724.936835596] [controller_server]: Optimizer fail to compute path
[controller_server-10] [INFO] [1775024725.020911324] [controller_server]: Passing new path to controller.
[controller_server-10] [INFO] [1775024725.030713854] [controller_server]: Optimizer reset
[controller_server-10] [INFO] [1775024725.040113317] [controller_server]: Optimizer reset
[controller_server-10] [WARN] [1775024725.040226771] [controller_server]: Optimizer fail to compute path
[controller_server-10] [INFO] [1775024725.120901508] [controller_server]: Passing new path to controller.
[controller_server-10] [INFO] [1775024725.124166587] [controller_server]: Optimizer reset
[controller_server-10] [INFO] [1775024725.132033110] [controller_server]: Optimizer reset
[controller_server-10] [WARN] [1775024725.135056116] [controller_server]: Optimizer fail to compute path
[controller_server-10] [INFO] [1775024725.220913274] [controller_server]: Passing new path to controller.
[controller_server-10] [INFO] [1775024725.224901658] [controller_server]: Optimizer reset
[controller_server-10] [INFO] [1775024725.227478723] [controller_server]: Optimizer reset
[controller_server-10] [WARN] [1775024725.227634759] [controller_server]: Optimizer fail to compute path
[controller_server-10] [INFO] [1775024725.322447772] [controller_server]: Optimizer reset
[controller_server-10] [INFO] [1775024725.323760803] [controller_server]: Optimizer reset
[controller_server-10] [WARN] [1775024725.323840425] [controller_server]: Optimizer fail to compute path
[controller_server-10] [INFO] [1775024725.420869434] [controller_server]: Passing new path to controller.
[controller_server-10] [INFO] [1775024725.423127720] [controller_server]: Optimizer reset
[controller_server-10] [INFO] [1775024725.424422669] [controller_server]: Optimizer reset
[controller_server-10] [WARN] [1775024725.424497333] [controller_server]: Optimizer fail to compute path
[controller_server-10] [ERROR] [1775024725.424544581] [controller_server]: Controller patience exceeded
[controller_server-10] [INFO] [1775024725.425185347] [controller_server]: Optimizer reset
[controller_server-10] [WARN] [1775024725.425226179] [controller_server]: [follow_path] [ActionServer] Aborting handle.
[bt_navigator-14] [WARN] [1775024725.457420827] [bt_navigator]: [navigate_through_poses] [ActionServer] Aborting handle.
[bt_navigator-14] [ERROR] [1775024725.457770230] [bt_navigator]: Goal failed
[delivery_robot_main_controller-20] [33m[WARN] [1775024725.470213698] [main_controller_node]: Goal failed! (obstacle retry 4/3)[0m
[delivery_robot_main_controller-20] [33m[WARN] [1775024725.474840515] [main_controller_node]: 3 obstacle retries exhausted; switching to SAFE_STOP.[0m
[delivery_robot_main_controller-20] [0m[INFO] [1775024725.479178594] [main_controller_node]: State change: MOVE -> SAFE_STOP[0m
[delivery_robot_main_controller-20] [0m[INFO] [1775024725.499036228] [main_controller_node]: Robot is in SAFE_STOP. Awaiting user to switch to STANDBY.[0m
[delivery_robot_main_controller-20] [0m[INFO] [1775024725.502203312] [main_controller_node]: Robot is in SAFE_STOP. Awaiting user to switch to STANDBY.[0m
[delivery_robot_main_controller-20] [0m[INFO] [1775024725.531095548] [main_controller_node]: Current state: SAFE_STOP, dock_state IDLE, charge_state NOT_CHARGE[0m
[delivery_robot_main_controller-20] [0m[INFO] [1775024725.835625545] [main_controller_node]: Current state: SAFE_STOP, dock_state IDLE, charge_state NOT_CHARGE[0m
[delivery_robot_main_controller-20] [0m[INFO] [1775024726.849481333] [main_controller_node]: Current state: SAFE_STOP, dock_state IDLE, charge_state NOT_CHARGE[0m
[delivery_robot_main_controller-20] [0m[INFO] [1775024727.903473247] [main_controller_node]: Current state: SAFE_STOP, dock_state IDLE, charge_state NOT_CHARGE[0m
[delivery_robot_main_controller-20] [0m[INFO] [1775024728.848719489] [main_controller_node]: Current state: SAFE_STOP, dock_state IDLE, charge_state NOT_CHARGE[0m
[delivery_robot_main_controller-20] [0m[INFO] [1775024729.858324695] [main_controller_node]: Current state: SAFE_STOP, dock_state IDLE, charge_state NOT_CHARGE[0m
[delivery_robot_main_controller-20] [0m[INFO] [1775024730.845560532] [main_controller_node]: Current state: SAFE_STOP, dock_state IDLE, charge_state NOT_CHARGE[0m
[delivery_robot_main_controller-20] [0m[INFO] [1775024731.846354544] [main_controller_node]: Current state: SAFE_STOP, dock_state IDLE, charge_state NOT_CHARGE[0m
[delivery_robot_main_controller-20] [0m[INFO] [1775024732.841816807] [main_controller_node]: Current state: SAFE_STOP, dock_state IDLE, charge_state NOT_CHARGE[0m
[delivery_robot_main_controller-20] [0m[INFO] [1775024733.883784362] [main_controller_node]: Current state: SAFE_STOP, dock_state IDLE, charge_state NOT_CHARGE[0m
[delivery_robot_main_controller-20] [0m[INFO] [1775024734.834656632] [main_controller_node]: Current state: SAFE_STOP, dock_state IDLE, charge_state NOT_CHARGE[0m
[delivery_robot_main_controller-20] [0m[INFO] [1775024735.836538809] [main_controller_node]: Current state: SAFE_STOP, dock_state IDLE, charge_state NOT_CHARGE[0m
[delivery_robot_main_controller-20] [0m[INFO] [1775024736.837553312] [main_controller_node]: Current state: SAFE_STOP, dock_state IDLE, charge_state NOT_CHARGE[0m
[delivery_robot_main_controller-20] [0m[INFO] [1775024737.898093760] [main_controller_node]: Current state: SAFE_STOP, dock_state IDLE, charge_state NOT_CHARGE[0m
[delivery_robot_main_controller-20] [0m[INFO] [1775024738.837492607] [main_controller_node]: Current state: SAFE_STOP, dock_state IDLE, charge_state NOT_CHARGE[0m
[delivery_robot_main_controller-20] [0m[INFO] [1775024739.841034010] [main_controller_node]: Current state: SAFE_STOP, dock_state IDLE, charge_state NOT_CHARGE[0m
[delivery_robot_main_controller-20] [0m[INFO] [1775024740.831575467] [main_controller_node]: Current state: SAFE_STOP, dock_state IDLE, charge_state NOT_CHARGE[0m
[delivery_robot_main_controller-20] [0m[INFO] [1775024741.835554353] [main_controller_node]: Current state: SAFE_STOP, dock_state IDLE, charge_state NOT_CHARGE[0m
[delivery_robot_main_controller-20] [0m[INFO] [1775024742.888091200] [main_controller_node]: Current state: SAFE_STOP, dock_state IDLE, charge_state NOT_CHARGE[0m
[delivery_robot_main_controller-20] [0m[INFO] [1775024743.840781065] [main_controller_node]: Current state: SAFE_STOP, dock_state IDLE, charge_state NOT_CHARGE[0m
[delivery_robot_main_controller-20] [0m[INFO] [1775024744.847810081] [main_controller_node]: Current state: SAFE_STOP, dock_state IDLE, charge_state NOT_CHARGE[0m
[delivery_robot_main_controller-20] [0m[INFO] [1775024745.883542923] [main_controller_node]: Current state: SAFE_STOP, dock_state IDLE, charge_state NOT_CHARGE[0m
[delivery_robot_main_controller-20] [0m[INFO] [1775024746.842832071] [main_controller_node]: Current state: SAFE_STOP, dock_state IDLE, charge_state NOT_CHARGE[0m
[delivery_robot_main_controller-20] [0m[INFO] [1775024747.830542431] [main_controller_node]: Current state: SAFE_STOP, dock_state IDLE, charge_state NOT_CHARGE[0m
[delivery_robot_main_controller-20] [0m[INFO] [1775024748.833842052] [main_controller_node]: Current state: SAFE_STOP, dock_state IDLE, charge_state NOT_CHARGE[0m
[delivery_robot_main_controller-20] [0m[INFO] [1775024749.519427696] [main_controller_node]: SAFE_STOP cleared to STANDBY via API/GUI.[0m
[delivery_robot_main_controller-20] [0m[INFO] [1775024749.522414244] [main_controller_node]: Pre-resume: waiting 3 seconds before wiggle...[0m
[delivery_robot_main_controller-20] [0m[INFO] [1775024749.832412776] [main_controller_node]: Pre-resume: clearing local/global costmaps.[0m
[controller_server-10] [INFO] [1775024749.833624311] [local_costmap.local_costmap]: Received request to clear entirely the local_costmap
[controller_server-10] [INFO] [1775024749.837747149] [local_costmap.local_costmap]: KeepoutFilter: Subscribing to "/keepout_costmap_filter_info" topic for filter info...
[controller_server-10] [INFO] [1775024749.844400678] [local_costmap.local_costmap]: KeepoutFilter: Received filter info from /keepout_costmap_filter_info topic.
[controller_server-10] [INFO] [1775024749.844499841] [local_costmap.local_costmap]: KeepoutFilter: Subscribing to "/keepout_filter_mask" topic for filter mask...
[planner_server-12] [INFO] [1775024749.849254695] [global_costmap.global_costmap]: Received request to clear entirely the global_costmap
[controller_server-10] [WARN] [1775024749.850848299] [local_costmap.local_costmap]: KeepoutFilter: New filter mask arrived from /keepout_filter_mask topic. Updating old filter mask.
[planner_server-12] [INFO] [1775024749.852983506] [global_costmap.global_costmap]: KeepoutFilter: Subscribing to "/keepout_costmap_filter_info" topic for filter info...
[delivery_robot_main_controller-20] [0m[INFO] [1775024749.859574913] [main_controller_node]: Current state: SAFE_STOP, dock_state IDLE, charge_state NOT_CHARGE[0m
[planner_server-12] [INFO] [1775024749.864682379] [global_costmap.global_costmap]: KeepoutFilter: Received filter info from /keepout_costmap_filter_info topic.
[planner_server-12] [INFO] [1775024749.864785041] [global_costmap.global_costmap]: KeepoutFilter: Subscribing to "/keepout_filter_mask" topic for filter mask...
[planner_server-12] [WARN] [1775024749.877891150] [global_costmap.global_costmap]: KeepoutFilter: New filter mask arrived from /keepout_filter_mask topic. Updating old filter mask.
[delivery_robot_main_controller-20] [0m[INFO] [1775024750.837978557] [main_controller_node]: Current state: SAFE_STOP, dock_state IDLE, charge_state NOT_CHARGE[0m
[delivery_robot_main_controller-20] [0m[INFO] [1775024750.857545411] [main_controller_node]: Pre-resume wiggle complete. Switching to STANDBY.[0m
[delivery_robot_main_controller-20] [0m[INFO] [1775024750.858188802] [main_controller_node]: State change: SAFE_STOP -> STANDBY[0m
[delivery_robot_main_controller-20] [0m[INFO] [1775024750.876513205] [main_controller_node]: Robot is in STANDBY mode.[0m
[delivery_robot_main_controller-20] [0m[INFO] [1775024751.836787272] [main_controller_node]: Current state: STANDBY, dock_state IDLE, charge_state NOT_CHARGE[0m
[delivery_robot_main_controller-20] [0m[INFO] [1775024751.935388010] [main_controller_node]: 1 pending queues [0m
[delivery_robot_main_controller-20] [0m[INFO] [1775024751.941825131] [main_controller_node]: Queue action: Request[0m
[delivery_robot_main_controller-20] [0m[INFO] [1775024751.978932127] [main_controller_node]: AGV start_pos: x=0.48, y=1.96[0m
[delivery_robot_main_controller-20] [0m[INFO] [1775024751.979482189] [main_controller_node]: AGV goal_pos: x=-0.53, y=5.87[0m
[delivery_robot_main_controller-20] [0m[INFO] [1775024751.980013585] [main_controller_node]: Path source: building YAML (/home/smr/workspaces/mini_amr/amrROS2_ws/maps/map_000.building.yaml)[0m
[delivery_robot_main_controller-20] Graph before shortest_path: Graph with 19 nodes and 21 edges
[delivery_robot_main_controller-20] [0m[INFO] [1775024752.021373204] [main_controller_node]: Computed AGV path waypoints:[0m
[delivery_robot_main_controller-20] [0m[INFO] [1775024752.022106425] [main_controller_node]:   Waypoint 0: x=0.48, y=1.96[0m
[delivery_robot_main_controller-20] [0m[INFO] [1775024752.022792107] [main_controller_node]:   Waypoint 1: x=0.58, y=1.62[0m
[delivery_robot_main_controller-20] [0m[INFO] [1775024752.023468455] [main_controller_node]:   Waypoint 2: x=0.69, y=1.28[0m
[delivery_robot_main_controller-20] [0m[INFO] [1775024752.024116221] [main_controller_node]:   Waypoint 3: x=0.79, y=0.93[0m
[delivery_robot_main_controller-20] [0m[INFO] [1775024752.024766029] [main_controller_node]:   Waypoint 4: x=0.77, y=1.41[0m
[delivery_robot_main_controller-20] [0m[INFO] [1775024752.025401546] [main_controller_node]:   Waypoint 5: x=0.75, y=1.88[0m
[delivery_robot_main_controller-20] [0m[INFO] [1775024752.026029479] [main_controller_node]:   Waypoint 6: x=0.72, y=2.36[0m
[delivery_robot_main_controller-20] [0m[INFO] [1775024752.026661788] [main_controller_node]:   Waypoint 7: x=0.70, y=2.83[0m
[delivery_robot_main_controller-20] [0m[INFO] [1775024752.027284180] [main_controller_node]:   Waypoint 8: x=0.68, y=3.31[0m
[delivery_robot_main_controller-20] [0m[INFO] [1775024752.027926696] [main_controller_node]:   Waypoint 9: x=0.66, y=3.78[0m
[delivery_robot_main_controller-20] [0m[INFO] [1775024752.028600419] [main_controller_node]:   Waypoint 10: x=0.63, y=4.26[0m
[delivery_robot_main_controller-20] [0m[INFO] [1775024752.029215229] [main_controller_node]:   Waypoint 11: x=0.61, y=4.73[0m
[delivery_robot_main_controller-20] [0m[INFO] [1775024752.029939700] [main_controller_node]:   Waypoint 12: x=0.59, y=5.21[0m
[delivery_robot_main_controller-20] [0m[INFO] [1775024752.030636173] [main_controller_node]:   Waypoint 13: x=0.22, y=5.43[0m
[delivery_robot_main_controller-20] [0m[INFO] [1775024752.031290355] [main_controller_node]:   Waypoint 14: x=-0.16, y=5.65[0m
[delivery_robot_main_controller-20] [0m[INFO] [1775024752.031922955] [main_controller_node]:   Waypoint 15: x=-0.53, y=5.87[0m
[delivery_robot_main_controller-20] [0m[INFO] [1775024752.033060994] [main_controller_node]: Navigating with 16 goals....[0m
[bt_navigator-14] [INFO] [1775024752.037004172] [bt_navigator]: Begin navigating from current location through 16 poses to (-0.53, 5.87)
[controller_server-10] [INFO] [1775024752.039724439] [local_costmap.local_costmap]: Received request to clear entirely the local_costmap
[delivery_robot_main_controller-20] [0m[INFO] [1775024752.041148592] [main_controller_node]: State change: STANDBY -> MOVE[0m
[controller_server-10] [INFO] [1775024752.049470097] [local_costmap.local_costmap]: KeepoutFilter: Subscribing to "/keepout_costmap_filter_info" topic for filter info...
[controller_server-10] [INFO] [1775024752.055381364] [local_costmap.local_costmap]: KeepoutFilter: Received filter info from /keepout_costmap_filter_info topic.
[controller_server-10] [INFO] [1775024752.055438820] [local_costmap.local_costmap]: KeepoutFilter: Subscribing to "/keepout_filter_mask" topic for filter mask...
[delivery_robot_main_controller-20] [0m[INFO] [1775024752.058101923] [main_controller_node]: Robot is MOVING.[0m
[planner_server-12] [INFO] [1775024752.062394796] [global_costmap.global_costmap]: Received request to clear entirely the global_costmap
[planner_server-12] [INFO] [1775024752.068932830] [global_costmap.global_costmap]: KeepoutFilter: Subscribing to "/keepout_costmap_filter_info" topic for filter info...
[controller_server-10] [WARN] [1775024752.072034874] [local_costmap.local_costmap]: KeepoutFilter: New filter mask arrived from /keepout_filter_mask topic. Updating old filter mask.
[planner_server-12] [INFO] [1775024752.079707738] [global_costmap.global_costmap]: KeepoutFilter: Received filter info from /keepout_costmap_filter_info topic.
[planner_server-12] [INFO] [1775024752.079757611] [global_costmap.global_costmap]: KeepoutFilter: Subscribing to "/keepout_filter_mask" topic for filter mask...
[planner_server-12] [WARN] [1775024752.092440528] [global_costmap.global_costmap]: KeepoutFilter: New filter mask arrived from /keepout_filter_mask topic. Updating old filter mask.
[planner_server-12] [WARN] [1775024752.410210795] [planner_server]: Planner loop missed its desired rate of 5.0000 Hz. Current loop rate is 2.9800 Hz
[controller_server-10] [INFO] [1775024752.429559490] [controller_server]: Received a goal, begin computing control effort.
[controller_server-10] [INFO] [1775024752.630003590] [controller_server]: Passing new path to controller.
[controller_server-10] [INFO] [1775024752.729914152] [controller_server]: Passing new path to controller.
[controller_server-10] [INFO] [1775024752.829905210] [controller_server]: Passing new path to controller.
[controller_server-10] [INFO] [1775024753.029908910] [controller_server]: Passing new path to controller.
[controller_server-10] [INFO] [1775024753.129912219] [controller_server]: Passing new path to controller.
[controller_server-10] [INFO] [1775024753.229923402] [controller_server]: Passing new path to controller.
[controller_server-10] [INFO] [1775024753.329915335] [controller_server]: Passing new path to controller.
[controller_server-10] [INFO] [1775024753.529933327] [controller_server]: Passing new path to controller.
[controller_server-10] [INFO] [1775024753.629956176] [controller_server]: Passing new path to controller.
[controller_server-10] [INFO] [1775024753.730094520] [controller_server]: Passing new path to controller.
[controller_server-10] [INFO] [1775024753.830105412] [controller_server]: Passing new path to controller.
[controller_server-10] [INFO] [1775024754.029997700] [controller_server]: Passing new path to controller.
[controller_server-10] [INFO] [1775024754.129915261] [controller_server]: Passing new path to controller.
[controller_server-10] [INFO] [1775024754.330130411] [controller_server]: Passing new path to controller.
[controller_server-10] [INFO] [1775024754.430943354] [controller_server]: Passing new path to controller.
[controller_server-10] [INFO] [1775024754.529973409] [controller_server]: Passing new path to controller.
[controller_server-10] [INFO] [1775024754.729934236] [controller_server]: Passing new path to controller.
[controller_server-10] [INFO] [1775024754.830034665] [controller_server]: Passing new path to controller.
[controller_server-10] [INFO] [1775024754.930012308] [controller_server]: Passing new path to controller.
[controller_server-10] [INFO] [1775024755.130169127] [controller_server]: Passing new path to controller.
[controller_server-10] [INFO] [1775024755.229942028] [controller_server]: Passing new path to controller.
[controller_server-10] [INFO] [1775024755.329981501] [controller_server]: Passing new path to controller.
[planner_server-12] [WARN] [1775024755.419599844] [planner_server]: GridBased plugin failed to plan from (-24.54, -65.02) to (0.79, 0.93): "Start Coordinates of(-24.544548, -65.022154) was outside bounds"
[planner_server-12] [WARN] [1775024755.419730797] [planner_server]: [compute_path_through_poses] [ActionServer] Aborting handle.
[controller_server-10] [INFO] [1775024755.431827195] [controller_server]: Optimizer reset
[controller_server-10] [INFO] [1775024755.433179600] [controller_server]: Optimizer reset
[controller_server-10] [WARN] [1775024755.433252222] [controller_server]: Optimizer fail to compute path
[controller_server-10] [WARN] [1775024755.460114247] [local_costmap.local_costmap]: Sensor origin at (0.29, 1.42) is out of map bounds (-32.40, -65.30) to (-28.42, -61.32). The costmap cannot raytrace for it.
[controller_server-10] [INFO] [1775024755.529908204] [controller_server]: Cancellation was successful. Stopping the robot.
[controller_server-10] [INFO] [1775024755.529971494] [controller_server]: [follow_path] [ActionServer] Client requested to cancel the goal. Cancelling.
[controller_server-10] [INFO] [1775024755.530645217] [controller_server]: Optimizer reset
[bt_navigator-14] [WARN] [1775024755.532011038] [bt_navigator]: [navigate_through_poses] [ActionServer] Aborting handle.
[bt_navigator-14] [ERROR] [1775024755.532220447] [bt_navigator]: Goal failed
[delivery_robot_main_controller-20] [33m[WARN] [1775024755.542467751] [main_controller_node]: Goal failed! (obstacle retry 1/3)[0m
[delivery_robot_main_controller-20] [0m[INFO] [1775024755.552731388] [main_controller_node]: Pre-resume: waiting 3 seconds before wiggle...[0m
[controller_server-10] [WARN] [1775024755.560298090] [local_costmap.local_costmap]: Sensor origin at (-30.48, -63.42) is out of map bounds (-1.20, 0.80) to (2.78, 4.78). The costmap cannot raytrace for it.
[delivery_robot_main_controller-20] [0m[INFO] [1775024755.570972377] [main_controller_node]: Current state: MOVE, dock_state IDLE, charge_state NOT_CHARGE[0m
[delivery_robot_main_controller-20] [0m[INFO] [1775024755.841764871] [main_controller_node]: Current state: MOVE, dock_state IDLE, charge_state NOT_CHARGE[0m
[delivery_robot_main_controller-20] [0m[INFO] [1775024755.856750113] [main_controller_node]: Pre-resume: clearing local/global costmaps.[0m
[controller_server-10] [INFO] [1775024755.857304550] [local_costmap.local_costmap]: Received request to clear entirely the local_costmap
[controller_server-10] [INFO] [1775024755.862897038] [local_costmap.local_costmap]: KeepoutFilter: Subscribing to "/keepout_costmap_filter_info" topic for filter info...
[controller_server-10] [INFO] [1775024755.869250746] [local_costmap.local_costmap]: KeepoutFilter: Received filter info from /keepout_costmap_filter_info topic.
[controller_server-10] [INFO] [1775024755.869353700] [local_costmap.local_costmap]: KeepoutFilter: Subscribing to "/keepout_filter_mask" topic for filter mask...
[planner_server-12] [INFO] [1775024755.871939515] [global_costmap.global_costmap]: Received request to clear entirely the global_costmap
[planner_server-12] [INFO] [1775024755.878525672] [global_costmap.global_costmap]: KeepoutFilter: Subscribing to "/keepout_costmap_filter_info" topic for filter info...
[controller_server-10] [WARN] [1775024755.883429562] [local_costmap.local_costmap]: KeepoutFilter: New filter mask arrived from /keepout_filter_mask topic. Updating old filter mask.
[planner_server-12] [INFO] [1775024755.889296789] [global_costmap.global_costmap]: KeepoutFilter: Received filter info from /keepout_costmap_filter_info topic.
[planner_server-12] [INFO] [1775024755.889350162] [global_costmap.global_costmap]: KeepoutFilter: Subscribing to "/keepout_filter_mask" topic for filter mask...
[planner_server-12] [WARN] [1775024755.900466307] [global_costmap.global_costmap]: KeepoutFilter: New filter mask arrived from /keepout_filter_mask topic. Updating old filter mask.
[delivery_robot_main_controller-20] [0m[INFO] [1775024756.867810095] [main_controller_node]: Current state: MOVE, dock_state IDLE, charge_state NOT_CHARGE[0m
[delivery_robot_main_controller-20] [0m[INFO] [1775024756.884947753] [main_controller_node]: Pre-resume wiggle complete. Switching to STANDBY.[0m
[delivery_robot_main_controller-20] [0m[INFO] [1775024756.886214703] [main_controller_node]: State change: MOVE -> STANDBY[0m
[delivery_robot_main_controller-20] [0m[INFO] [1775024756.899735837] [main_controller_node]: Robot is in STANDBY mode.[0m
[planner_server-12] [INFO] [1775024757.890763191] [global_costmap.global_costmap]: StaticLayer: Resizing costmap to 276 X 312 at 0.050000 m/pix
[delivery_robot_main_controller-20] [0m[INFO] [1775024757.946662988] [main_controller_node]: Current state: STANDBY, dock_state IDLE, charge_state NOT_CHARGE[0m
[delivery_robot_main_controller-20] [0m[INFO] [1775024758.067299441] [main_controller_node]: 1 pending queues [0m
[delivery_robot_main_controller-20] [0m[INFO] [1775024758.071172038] [main_controller_node]: Queue action: Request[0m
[delivery_robot_main_controller-20] [0m[INFO] [1775024758.105286069] [main_controller_node]: AGV start_pos: x=0.92, y=3.82[0m
[delivery_robot_main_controller-20] [0m[INFO] [1775024758.105843422] [main_controller_node]: AGV goal_pos: x=-0.53, y=5.87[0m
[delivery_robot_main_controller-20] [0m[INFO] [1775024758.106377734] [main_controller_node]: Path source: building YAML (/home/smr/workspaces/mini_amr/amrROS2_ws/maps/map_000.building.yaml)[0m
[delivery_robot_main_controller-20] Graph before shortest_path: Graph with 19 nodes and 21 edges
[delivery_robot_main_controller-20] [0m[INFO] [1775024758.150474538] [main_controller_node]: Computed AGV path waypoints:[0m
[delivery_robot_main_controller-20] [0m[INFO] [1775024758.151198717] [main_controller_node]:   Waypoint 0: x=0.92, y=3.82[0m
[delivery_robot_main_controller-20] [0m[INFO] [1775024758.151831901] [main_controller_node]:   Waypoint 1: x=0.81, y=4.28[0m
[delivery_robot_main_controller-20] [0m[INFO] [1775024758.152439710] [main_controller_node]:   Waypoint 2: x=0.70, y=4.74[0m
[delivery_robot_main_controller-20] [0m[INFO] [1775024758.153053353] [main_controller_node]:   Waypoint 3: x=0.59, y=5.21[0m
[delivery_robot_main_controller-20] [0m[INFO] [1775024758.153664370] [main_controller_node]:   Waypoint 4: x=0.22, y=5.43[0m
[delivery_robot_main_controller-20] [0m[INFO] [1775024758.154308053] [main_controller_node]:   Waypoint 5: x=-0.16, y=5.65[0m
[delivery_robot_main_controller-20] [0m[INFO] [1775024758.154916738] [main_controller_node]:   Waypoint 6: x=-0.53, y=5.87[0m
[delivery_robot_main_controller-20] [0m[INFO] [1775024758.155928198] [main_controller_node]: Navigating with 7 goals....[0m
[bt_navigator-14] [INFO] [1775024758.156881618] [bt_navigator]: Begin navigating from current location through 7 poses to (-0.53, 5.87)
[delivery_robot_main_controller-20] [0m[INFO] [1775024758.158400850] [main_controller_node]: State change: STANDBY -> MOVE[0m
[controller_server-10] [INFO] [1775024758.157317935] [local_costmap.local_costmap]: Received request to clear entirely the local_costmap
[controller_server-10] [INFO] [1775024758.163225702] [local_costmap.local_costmap]: KeepoutFilter: Subscribing to "/keepout_costmap_filter_info" topic for filter info...
[controller_server-10] [INFO] [1775024758.169662823] [local_costmap.local_costmap]: KeepoutFilter: Received filter info from /keepout_costmap_filter_info topic.
[controller_server-10] [INFO] [1775024758.169810109] [local_costmap.local_costmap]: KeepoutFilter: Subscribing to "/keepout_filter_mask" topic for filter mask...
[planner_server-12] [INFO] [1775024758.171939483] [global_costmap.global_costmap]: Received request to clear entirely the global_costmap
[planner_server-12] [INFO] [1775024758.175357974] [global_costmap.global_costmap]: KeepoutFilter: Subscribing to "/keepout_costmap_filter_info" topic for filter info...
[controller_server-10] [WARN] [1775024758.176256855] [local_costmap.local_costmap]: KeepoutFilter: New filter mask arrived from /keepout_filter_mask topic. Updating old filter mask.
[delivery_robot_main_controller-20] [0m[INFO] [1775024758.188178260] [main_controller_node]: Robot is MOVING.[0m
[planner_server-12] [INFO] [1775024758.188926939] [global_costmap.global_costmap]: KeepoutFilter: Received filter info from /keepout_costmap_filter_info topic.
[planner_server-12] [INFO] [1775024758.189006561] [global_costmap.global_costmap]: KeepoutFilter: Subscribing to "/keepout_filter_mask" topic for filter mask...
[planner_server-12] [WARN] [1775024758.202011465] [global_costmap.global_costmap]: KeepoutFilter: New filter mask arrived from /keepout_filter_mask topic. Updating old filter mask.
[planner_server-12] [WARN] [1775024758.480003757] [planner_server]: GridBased plugin failed to plan from (0.55, 5.20) to (0.22, 5.43): "no valid path found"
[planner_server-12] [WARN] [1775024758.480109628] [planner_server]: [compute_path_through_poses] [ActionServer] Aborting handle.
[planner_server-12] [INFO] [1775024758.497768182] [global_costmap.global_costmap]: Received request to clear entirely the global_costmap
[planner_server-12] [INFO] [1775024758.502480746] [global_costmap.global_costmap]: KeepoutFilter: Subscribing to "/keepout_costmap_filter_info" topic for filter info...
[planner_server-12] [INFO] [1775024758.510435933] [global_costmap.global_costmap]: KeepoutFilter: Received filter info from /keepout_costmap_filter_info topic.
[planner_server-12] [INFO] [1775024758.510621717] [global_costmap.global_costmap]: KeepoutFilter: Subscribing to "/keepout_filter_mask" topic for filter mask...
[planner_server-12] [WARN] [1775024758.520496286] [global_costmap.global_costmap]: KeepoutFilter: New filter mask arrived from /keepout_filter_mask topic. Updating old filter mask.
[planner_server-12] [WARN] [1775024758.963791730] [planner_server]: GridBased plugin failed to plan from (0.55, 5.20) to (0.22, 5.43): "no valid path found"
[planner_server-12] [WARN] [1775024758.963970223] [planner_server]: [compute_path_through_poses] [ActionServer] Aborting handle.
[bt_navigator-14] [WARN] [1775024758.987314886] [bt_navigator]: [navigate_through_poses] [ActionServer] Aborting handle.
[bt_navigator-14] [ERROR] [1775024758.988044899] [bt_navigator]: Goal failed
[delivery_robot_main_controller-20] [33m[WARN] [1775024758.998544777] [main_controller_node]: Goal failed! (obstacle retry 2/3)[0m
[delivery_robot_main_controller-20] [0m[INFO] [1775024759.001738109] [main_controller_node]: Pre-resume: waiting 3 seconds before wiggle...[0m
[delivery_robot_main_controller-20] [0m[INFO] [1775024759.017523946] [main_controller_node]: Current state: MOVE, dock_state IDLE, charge_state NOT_CHARGE[0m
[delivery_robot_main_controller-20] [0m[INFO] [1775024759.306216483] [main_controller_node]: Pre-resume: clearing local/global costmaps.[0m
[controller_server-10] [INFO] [1775024759.306759545] [local_costmap.local_costmap]: Received request to clear entirely the local_costmap
[controller_server-10] [INFO] [1775024759.312972675] [local_costmap.local_costmap]: KeepoutFilter: Subscribing to "/keepout_costmap_filter_info" topic for filter info...
[controller_server-10] [INFO] [1775024759.316801233] [local_costmap.local_costmap]: KeepoutFilter: Received filter info from /keepout_costmap_filter_info topic.
[controller_server-10] [INFO] [1775024759.316852564] [local_costmap.local_costmap]: KeepoutFilter: Subscribing to "/keepout_filter_mask" topic for filter mask...
[planner_server-12] [INFO] [1775024759.323448054] [global_costmap.global_costmap]: Received request to clear entirely the global_costmap
[controller_server-10] [WARN] [1775024759.324803376] [local_costmap.local_costmap]: KeepoutFilter: New filter mask arrived from /keepout_filter_mask topic. Updating old filter mask.
[planner_server-12] [INFO] [1775024759.326419145] [global_costmap.global_costmap]: KeepoutFilter: Subscribing to "/keepout_costmap_filter_info" topic for filter info...
[planner_server-12] [INFO] [1775024759.337406379] [global_costmap.global_costmap]: KeepoutFilter: Received filter info from /keepout_costmap_filter_info topic.
[planner_server-12] [INFO] [1775024759.337459168] [global_costmap.global_costmap]: KeepoutFilter: Subscribing to "/keepout_filter_mask" topic for filter mask...
[planner_server-12] [WARN] [1775024759.348609146] [global_costmap.global_costmap]: KeepoutFilter: New filter mask arrived from /keepout_filter_mask topic. Updating old filter mask.
[delivery_robot_main_controller-20] [0m[INFO] [1775024759.896285933] [main_controller_node]: Current state: MOVE, dock_state IDLE, charge_state NOT_CHARGE[0m
[delivery_robot_main_controller-20] [0m[INFO] [1775024760.342920246] [main_controller_node]: Pre-resume wiggle complete. Switching to STANDBY.[0m
[delivery_robot_main_controller-20] [0m[INFO] [1775024760.349523319] [main_controller_node]: State change: MOVE -> STANDBY[0m
[delivery_robot_main_controller-20] [0m[INFO] [1775024760.378132941] [main_controller_node]: Robot is in STANDBY mode.[0m
[delivery_robot_main_controller-20] [0m[INFO] [1775024760.837990607] [main_controller_node]: Current state: STANDBY, dock_state IDLE, charge_state NOT_CHARGE[0m
[delivery_robot_main_controller-20] [0m[INFO] [1775024761.883253282] [main_controller_node]: Current state: STANDBY, dock_state IDLE, charge_state NOT_CHARGE[0m
[delivery_robot_main_controller-20] [0m[INFO] [1775024761.980026801] [main_controller_node]: 1 pending queues [0m
[delivery_robot_main_controller-20] [0m[INFO] [1775024761.985257345] [main_controller_node]: Queue action: Request[0m
[delivery_robot_main_controller-20] [0m[INFO] [1775024762.030632765] [main_controller_node]: AGV start_pos: x=0.94, y=3.81[0m
[delivery_robot_main_controller-20] [0m[INFO] [1775024762.032942965] [main_controller_node]: AGV goal_pos: x=-0.53, y=5.87[0m
[delivery_robot_main_controller-20] [0m[INFO] [1775024762.035317330] [main_controller_node]: Path source: building YAML (/home/smr/workspaces/mini_amr/amrROS2_ws/maps/map_000.building.yaml)[0m
[delivery_robot_main_controller-20] Graph before shortest_path: Graph with 19 nodes and 21 edges
[delivery_robot_main_controller-20] [0m[INFO] [1775024762.099683585] [main_controller_node]: Computed AGV path waypoints:[0m
[delivery_robot_main_controller-20] [0m[INFO] [1775024762.100387057] [main_controller_node]:   Waypoint 0: x=0.94, y=3.81[0m
[delivery_robot_main_controller-20] [0m[INFO] [1775024762.101031323] [main_controller_node]:   Waypoint 1: x=0.82, y=4.28[0m
[delivery_robot_main_controller-20] [0m[INFO] [1775024762.101640591] [main_controller_node]:   Waypoint 2: x=0.70, y=4.74[0m
[delivery_robot_main_controller-20] [0m[INFO] [1775024762.102239067] [main_controller_node]:   Waypoint 3: x=0.59, y=5.21[0m
[delivery_robot_main_controller-20] [0m[INFO] [1775024762.102857960] [main_controller_node]:   Waypoint 4: x=0.22, y=5.43[0m
[delivery_robot_main_controller-20] [0m[INFO] [1775024762.103478602] [main_controller_node]:   Waypoint 5: x=-0.16, y=5.65[0m
[delivery_robot_main_controller-20] [0m[INFO] [1775024762.104094578] [main_controller_node]:   Waypoint 6: x=-0.53, y=5.87[0m
[delivery_robot_main_controller-20] [0m[INFO] [1775024762.105135787] [main_controller_node]: Navigating with 7 goals....[0m
[bt_navigator-14] [INFO] [1775024762.106375904] [bt_navigator]: Begin navigating from current location through 7 poses to (-0.53, 5.87)
[controller_server-10] [INFO] [1775024762.106763222] [local_costmap.local_costmap]: Received request to clear entirely the local_costmap
[delivery_robot_main_controller-20] [0m[INFO] [1775024762.107387365] [main_controller_node]: State change: STANDBY -> MOVE[0m
[controller_server-10] [INFO] [1775024762.114968066] [local_costmap.local_costmap]: KeepoutFilter: Subscribing to "/keepout_costmap_filter_info" topic for filter info...
[planner_server-12] [INFO] [1775024762.120167986] [global_costmap.global_costmap]: Received request to clear entirely the global_costmap
[controller_server-10] [INFO] [1775024762.120438058] [local_costmap.local_costmap]: KeepoutFilter: Received filter info from /keepout_costmap_filter_info topic.
[controller_server-10] [INFO] [1775024762.120478307] [local_costmap.local_costmap]: KeepoutFilter: Subscribing to "/keepout_filter_mask" topic for filter mask...
[delivery_robot_main_controller-20] [0m[INFO] [1775024762.126526943] [main_controller_node]: Robot is MOVING.[0m
[controller_server-10] [WARN] [1775024762.128561530] [local_costmap.local_costmap]: KeepoutFilter: New filter mask arrived from /keepout_filter_mask topic. Updating old filter mask.
[planner_server-12] [INFO] [1775024762.130292503] [global_costmap.global_costmap]: KeepoutFilter: Subscribing to "/keepout_costmap_filter_info" topic for filter info...
[planner_server-12] [INFO] [1775024762.142103079] [global_costmap.global_costmap]: KeepoutFilter: Received filter info from /keepout_costmap_filter_info topic.
[planner_server-12] [INFO] [1775024762.142202534] [global_costmap.global_costmap]: KeepoutFilter: Subscribing to "/keepout_filter_mask" topic for filter mask...
[planner_server-12] [WARN] [1775024762.153896448] [global_costmap.global_costmap]: KeepoutFilter: New filter mask arrived from /keepout_filter_mask topic. Updating old filter mask.
[planner_server-12] [WARN] [1775024762.462599155] [planner_server]: GridBased plugin failed to plan from (0.55, 5.20) to (0.22, 5.43): "no valid path found"
[planner_server-12] [WARN] [1775024762.462678194] [planner_server]: [compute_path_through_poses] [ActionServer] Aborting handle.
[planner_server-12] [INFO] [1775024762.477541233] [global_costmap.global_costmap]: Received request to clear entirely the global_costmap
[planner_server-12] [INFO] [1775024762.481140258] [global_costmap.global_costmap]: KeepoutFilter: Subscribing to "/keepout_costmap_filter_info" topic for filter info...
[planner_server-12] [INFO] [1775024762.486313346] [global_costmap.global_costmap]: KeepoutFilter: Received filter info from /keepout_costmap_filter_info topic.
[planner_server-12] [INFO] [1775024762.486368177] [global_costmap.global_costmap]: KeepoutFilter: Subscribing to "/keepout_filter_mask" topic for filter mask...
[planner_server-12] [WARN] [1775024762.492826589] [global_costmap.global_costmap]: KeepoutFilter: New filter mask arrived from /keepout_filter_mask topic. Updating old filter mask.
[planner_server-12] [WARN] [1775024763.007485970] [planner_server]: GridBased plugin failed to plan from (0.55, 5.20) to (0.22, 5.43): "no valid path found"
[planner_server-12] [WARN] [1775024763.007691003] [planner_server]: [compute_path_through_poses] [ActionServer] Aborting handle.
[bt_navigator-14] [WARN] [1775024763.036866145] [bt_navigator]: [navigate_through_poses] [ActionServer] Aborting handle.
[bt_navigator-14] [ERROR] [1775024763.037137093] [bt_navigator]: Goal failed
[delivery_robot_main_controller-20] [33m[WARN] [1775024763.041630332] [main_controller_node]: Goal failed! (obstacle retry 3/3)[0m
[delivery_robot_main_controller-20] [0m[INFO] [1775024763.043125357] [main_controller_node]: Pre-resume: waiting 3 seconds before wiggle...[0m
[delivery_robot_main_controller-20] [0m[INFO] [1775024763.056409375] [main_controller_node]: Current state: MOVE, dock_state IDLE, charge_state NOT_CHARGE[0m
[delivery_robot_main_controller-20] [0m[INFO] [1775024763.347642521] [main_controller_node]: Pre-resume: clearing local/global costmaps.[0m
[controller_server-10] [INFO] [1775024763.349111588] [local_costmap.local_costmap]: Received request to clear entirely the local_costmap
[controller_server-10] [INFO] [1775024763.354376547] [local_costmap.local_costmap]: KeepoutFilter: Subscribing to "/keepout_costmap_filter_info" topic for filter info...
[controller_server-10] [INFO] [1775024763.358064235] [local_costmap.local_costmap]: KeepoutFilter: Received filter info from /keepout_costmap_filter_info topic.
[controller_server-10] [INFO] [1775024763.358119649] [local_costmap.local_costmap]: KeepoutFilter: Subscribing to "/keepout_filter_mask" topic for filter mask...
[planner_server-12] [INFO] [1775024763.361849044] [global_costmap.global_costmap]: Received request to clear entirely the global_costmap
[planner_server-12] [INFO] [1775024763.369047385] [global_costmap.global_costmap]: KeepoutFilter: Subscribing to "/keepout_costmap_filter_info" topic for filter info...
[controller_server-10] [WARN] [1775024763.370151008] [local_costmap.local_costmap]: KeepoutFilter: New filter mask arrived from /keepout_filter_mask topic. Updating old filter mask.
[planner_server-12] [INFO] [1775024763.379942456] [global_costmap.global_costmap]: KeepoutFilter: Received filter info from /keepout_costmap_filter_info topic.
[planner_server-12] [INFO] [1775024763.379994370] [global_costmap.global_costmap]: KeepoutFilter: Subscribing to "/keepout_filter_mask" topic for filter mask...
[planner_server-12] [WARN] [1775024763.393000149] [global_costmap.global_costmap]: KeepoutFilter: New filter mask arrived from /keepout_filter_mask topic. Updating old filter mask.
[delivery_robot_main_controller-20] [0m[INFO] [1775024763.898698425] [main_controller_node]: Current state: MOVE, dock_state IDLE, charge_state NOT_CHARGE[0m
[delivery_robot_main_controller-20] [0m[INFO] [1775024764.380268944] [main_controller_node]: Pre-resume wiggle complete. Switching to STANDBY.[0m
[delivery_robot_main_controller-20] [0m[INFO] [1775024764.380952875] [main_controller_node]: State change: MOVE -> STANDBY[0m
[delivery_robot_main_controller-20] [0m[INFO] [1775024764.400254323] [main_controller_node]: Robot is in STANDBY mode.[0m
[delivery_robot_main_controller-20] [0m[INFO] [1775024764.847501694] [main_controller_node]: Current state: STANDBY, dock_state IDLE, charge_state NOT_CHARGE[0m
[delivery_robot_main_controller-20] [0m[INFO] [1775024765.866394075] [main_controller_node]: Current state: STANDBY, dock_state IDLE, charge_state NOT_CHARGE[0m
[delivery_robot_main_controller-20] [0m[INFO] [1775024765.979683735] [main_controller_node]: 1 pending queues [0m
[delivery_robot_main_controller-20] [0m[INFO] [1775024765.983533000] [main_controller_node]: Queue action: Request[0m
[delivery_robot_main_controller-20] [0m[INFO] [1775024766.036691530] [main_controller_node]: AGV start_pos: x=0.94, y=3.81[0m
[delivery_robot_main_controller-20] [0m[INFO] [1775024766.041035150] [main_controller_node]: AGV goal_pos: x=-0.53, y=5.87[0m
[delivery_robot_main_controller-20] [0m[INFO] [1775024766.041684374] [main_controller_node]: Path source: building YAML (/home/smr/workspaces/mini_amr/amrROS2_ws/maps/map_000.building.yaml)[0m
[delivery_robot_main_controller-20] Graph before shortest_path: Graph with 19 nodes and 21 edges
[delivery_robot_main_controller-20] [0m[INFO] [1775024766.085497106] [main_controller_node]: Computed AGV path waypoints:[0m
[delivery_robot_main_controller-20] [0m[INFO] [1775024766.086181912] [main_controller_node]:   Waypoint 0: x=0.94, y=3.81[0m
[delivery_robot_main_controller-20] [0m[INFO] [1775024766.086802554] [main_controller_node]:   Waypoint 1: x=0.82, y=4.28[0m
[delivery_robot_main_controller-20] [0m[INFO] [1775024766.088331411] [main_controller_node]:   Waypoint 2: x=0.70, y=4.74[0m
[delivery_robot_main_controller-20] [0m[INFO] [1775024766.089587278] [main_controller_node]:   Waypoint 3: x=0.59, y=5.21[0m
[delivery_robot_main_controller-20] [0m[INFO] [1775024766.090257502] [main_controller_node]:   Waypoint 4: x=0.22, y=5.43[0m
[delivery_robot_main_controller-20] [0m[INFO] [1775024766.090868519] [main_controller_node]:   Waypoint 5: x=-0.16, y=5.65[0m
[delivery_robot_main_controller-20] [0m[INFO] [1775024766.091558575] [main_controller_node]:   Waypoint 6: x=-0.53, y=5.87[0m
[delivery_robot_main_controller-20] [0m[INFO] [1775024766.092524537] [main_controller_node]: Navigating with 7 goals....[0m
[delivery_robot_main_controller-20] [0m[INFO] [1775024766.095047354] [main_controller_node]: State change: STANDBY -> MOVE[0m
[bt_navigator-14] [INFO] [1775024766.093421085] [bt_navigator]: Begin navigating from current location through 7 poses to (-0.53, 5.87)
[controller_server-10] [INFO] [1775024766.093672784] [local_costmap.local_costmap]: Received request to clear entirely the local_costmap
[controller_server-10] [INFO] [1775024766.097032068] [local_costmap.local_costmap]: KeepoutFilter: Subscribing to "/keepout_costmap_filter_info" topic for filter info...
[controller_server-10] [INFO] [1775024766.102814132] [local_costmap.local_costmap]: KeepoutFilter: Received filter info from /keepout_costmap_filter_info topic.
[controller_server-10] [INFO] [1775024766.102865171] [local_costmap.local_costmap]: KeepoutFilter: Subscribing to "/keepout_filter_mask" topic for filter mask...
[planner_server-12] [INFO] [1775024766.103577977] [global_costmap.global_costmap]: Received request to clear entirely the global_costmap
[controller_server-10] [WARN] [1775024766.111270090] [local_costmap.local_costmap]: KeepoutFilter: New filter mask arrived from /keepout_filter_mask topic. Updating old filter mask.
[delivery_robot_main_controller-20] [0m[INFO] [1775024766.114395758] [main_controller_node]: Robot is MOVING.[0m
[planner_server-12] [INFO] [1775024766.118105904] [global_costmap.global_costmap]: KeepoutFilter: Subscribing to "/keepout_costmap_filter_info" topic for filter info...
[planner_server-12] [INFO] [1775024766.129015849] [global_costmap.global_costmap]: KeepoutFilter: Received filter info from /keepout_costmap_filter_info topic.
[planner_server-12] [INFO] [1775024766.129123470] [global_costmap.global_costmap]: KeepoutFilter: Subscribing to "/keepout_filter_mask" topic for filter mask...
[planner_server-12] [WARN] [1775024766.141796178] [global_costmap.global_costmap]: KeepoutFilter: New filter mask arrived from /keepout_filter_mask topic. Updating old filter mask.
[planner_server-12] [WARN] [1775024766.447445839] [planner_server]: GridBased plugin failed to plan from (0.55, 5.20) to (0.22, 5.43): "no valid path found"
[planner_server-12] [WARN] [1775024766.447530711] [planner_server]: [compute_path_through_poses] [ActionServer] Aborting handle.
[planner_server-12] [INFO] [1775024766.465415589] [global_costmap.global_costmap]: Received request to clear entirely the global_costmap
[planner_server-12] [INFO] [1775024766.472692386] [global_costmap.global_costmap]: KeepoutFilter: Subscribing to "/keepout_costmap_filter_info" topic for filter info...
[planner_server-12] [INFO] [1775024766.479698235] [global_costmap.global_costmap]: KeepoutFilter: Received filter info from /keepout_costmap_filter_info topic.
[planner_server-12] [INFO] [1775024766.479774065] [global_costmap.global_costmap]: KeepoutFilter: Subscribing to "/keepout_filter_mask" topic for filter mask...
[planner_server-12] [WARN] [1775024766.484555460] [global_costmap.global_costmap]: KeepoutFilter: New filter mask arrived from /keepout_filter_mask topic. Updating old filter mask.
[planner_server-12] [WARN] [1775024766.975866970] [planner_server]: GridBased plugin failed to plan from (0.55, 5.20) to (0.22, 5.43): "no valid path found"
[planner_server-12] [WARN] [1775024766.977762728] [planner_server]: [compute_path_through_poses] [ActionServer] Aborting handle.
[bt_navigator-14] [WARN] [1775024767.006081862] [bt_navigator]: [navigate_through_poses] [ActionServer] Aborting handle.
[bt_navigator-14] [ERROR] [1775024767.007899749] [bt_navigator]: Goal failed
[delivery_robot_main_controller-20] [33m[WARN] [1775024767.020058853] [main_controller_node]: Goal failed! (obstacle retry 4/3)[0m
[delivery_robot_main_controller-20] [33m[WARN] [1775024767.028899213] [main_controller_node]: 3 obstacle retries exhausted; switching to SAFE_STOP.[0m
[delivery_robot_main_controller-20] [0m[INFO] [1775024767.029578186] [main_controller_node]: State change: MOVE -> SAFE_STOP[0m
[delivery_robot_main_controller-20] [0m[INFO] [1775024767.058154559] [main_controller_node]: Robot is in SAFE_STOP. Awaiting user to switch to STANDBY.[0m
[delivery_robot_main_controller-20] [0m[INFO] [1775024767.070136046] [main_controller_node]: Robot is in SAFE_STOP. Awaiting user to switch to STANDBY.[0m
[delivery_robot_main_controller-20] [0m[INFO] [1775024767.082757423] [main_controller_node]: Current state: SAFE_STOP, dock_state IDLE, charge_state NOT_CHARGE[0m
[delivery_robot_main_controller-20] [0m[INFO] [1775024767.850194632] [main_controller_node]: Current state: SAFE_STOP, dock_state IDLE, charge_state NOT_CHARGE[0m
[delivery_robot_main_controller-20] [0m[INFO] [1775024768.883254163] [main_controller_node]: Current state: SAFE_STOP, dock_state IDLE, charge_state NOT_CHARGE[0m
[delivery_robot_main_controller-20] [0m[INFO] [1775024769.928588877] [main_controller_node]: Current state: SAFE_STOP, dock_state IDLE, charge_state NOT_CHARGE[0m
[delivery_robot_main_controller-20] [0m[INFO] [1775024770.841373316] [main_controller_node]: Current state: SAFE_STOP, dock_state IDLE, charge_state NOT_CHARGE[0m
[delivery_robot_main_controller-20] [0m[INFO] [1775024771.870003772] [main_controller_node]: Current state: SAFE_STOP, dock_state IDLE, charge_state NOT_CHARGE[0m
[delivery_robot_main_controller-20] [0m[INFO] [1775024772.843274284] [main_controller_node]: Current state: SAFE_STOP, dock_state IDLE, charge_state NOT_CHARGE[0m
[delivery_robot_main_controller-20] [0m[INFO] [1775024773.892814374] [main_controller_node]: Current state: SAFE_STOP, dock_state IDLE, charge_state NOT_CHARGE[0m
[delivery_robot_main_controller-20] [0m[INFO] [1775024774.831800530] [main_controller_node]: Current state: SAFE_STOP, dock_state IDLE, charge_state NOT_CHARGE[0m
[delivery_robot_main_controller-20] [0m[INFO] [1775024775.837232150] [main_controller_node]: Current state: SAFE_STOP, dock_state IDLE, charge_state NOT_CHARGE[0m
[delivery_robot_main_controller-20] [0m[INFO] [1775024776.832043439] [main_controller_node]: Current state: SAFE_STOP, dock_state IDLE, charge_state NOT_CHARGE[0m
[planner_server-12] [INFO] [1775024777.390497469] [global_costmap.global_costmap]: StaticLayer: Resizing costmap to 276 X 313 at 0.050000 m/pix
[delivery_robot_main_controller-20] [0m[INFO] [1775024777.834614213] [main_controller_node]: Current state: SAFE_STOP, dock_state IDLE, charge_state NOT_CHARGE[0m
[delivery_robot_main_controller-20] [0m[INFO] [1775024778.070472834] [main_controller_node]: SAFE_STOP cleared to STANDBY via API/GUI.[0m
[delivery_robot_main_controller-20] [0m[INFO] [1775024778.072441506] [main_controller_node]: Pre-resume: waiting 3 seconds before wiggle...[0m
[delivery_robot_main_controller-20] [0m[INFO] [1775024778.377665934] [main_controller_node]: Pre-resume: clearing local/global costmaps.[0m
[controller_server-10] [INFO] [1775024778.378813305] [local_costmap.local_costmap]: Received request to clear entirely the local_costmap
[controller_server-10] [INFO] [1775024778.381881809] [local_costmap.local_costmap]: KeepoutFilter: Subscribing to "/keepout_costmap_filter_info" topic for filter info...
[planner_server-12] [INFO] [1775024778.385997064] [global_costmap.global_costmap]: Received request to clear entirely the global_costmap
[controller_server-10] [INFO] [1775024778.386697036] [local_costmap.local_costmap]: KeepoutFilter: Received filter info from /keepout_costmap_filter_info topic.
[controller_server-10] [INFO] [1775024778.386745451] [local_costmap.local_costmap]: KeepoutFilter: Subscribing to "/keepout_filter_mask" topic for filter mask...
[planner_server-12] [INFO] [1775024778.391425641] [global_costmap.global_costmap]: KeepoutFilter: Subscribing to "/keepout_costmap_filter_info" topic for filter info...
[controller_server-10] [WARN] [1775024778.395057623] [local_costmap.local_costmap]: KeepoutFilter: New filter mask arrived from /keepout_filter_mask topic. Updating old filter mask.
[planner_server-12] [INFO] [1775024778.405148309] [global_costmap.global_costmap]: KeepoutFilter: Received filter info from /keepout_costmap_filter_info topic.
[planner_server-12] [INFO] [1775024778.405209265] [global_costmap.global_costmap]: KeepoutFilter: Subscribing to "/keepout_filter_mask" topic for filter mask...
[planner_server-12] [WARN] [1775024778.417662941] [global_costmap.global_costmap]: KeepoutFilter: New filter mask arrived from /keepout_filter_mask topic. Updating old filter mask.
[delivery_robot_main_controller-20] [0m[INFO] [1775024778.834226146] [main_controller_node]: Current state: SAFE_STOP, dock_state IDLE, charge_state NOT_CHARGE[0m
[delivery_robot_main_controller-20] [0m[INFO] [1775024779.402259007] [main_controller_node]: Pre-resume wiggle complete. Switching to STANDBY.[0m
[delivery_robot_main_controller-20] [0m[INFO] [1775024779.405038772] [main_controller_node]: State change: SAFE_STOP -> STANDBY[0m
[delivery_robot_main_controller-20] [0m[INFO] [1775024779.416066838] [main_controller_node]: Robot is in STANDBY mode.[0m
[delivery_robot_main_controller-20] [0m[INFO] [1775024779.836164321] [main_controller_node]: Current state: STANDBY, dock_state IDLE, charge_state NOT_CHARGE[0m
[delivery_robot_main_controller-20] [0m[INFO] [1775024779.946267356] [main_controller_node]: 1 pending queues [0m
[delivery_robot_main_controller-20] [0m[INFO] [1775024779.950203826] [main_controller_node]: Queue action: Request[0m
[delivery_robot_main_controller-20] [0m[INFO] [1775024780.009602026] [main_controller_node]: AGV start_pos: x=1.22, y=4.26[0m
[delivery_robot_main_controller-20] [0m[INFO] [1775024780.012773485] [main_controller_node]: AGV goal_pos: x=-0.53, y=5.87[0m
[delivery_robot_main_controller-20] [0m[INFO] [1775024780.022160406] [main_controller_node]: Path source: building YAML (/home/smr/workspaces/mini_amr/amrROS2_ws/maps/map_000.building.yaml)[0m
[delivery_robot_main_controller-20] Graph before shortest_path: Graph with 19 nodes and 21 edges
[delivery_robot_main_controller-20] [0m[INFO] [1775024780.081750516] [main_controller_node]: Computed AGV path waypoints:[0m
[delivery_robot_main_controller-20] [0m[INFO] [1775024780.084358788] [main_controller_node]:   Waypoint 0: x=1.22, y=4.26[0m
[delivery_robot_main_controller-20] [0m[INFO] [1775024780.085076260] [main_controller_node]:   Waypoint 1: x=1.01, y=4.58[0m
[delivery_robot_main_controller-20] [0m[INFO] [1775024780.085710026] [main_controller_node]:   Waypoint 2: x=0.80, y=4.89[0m
[delivery_robot_main_controller-20] [0m[INFO] [1775024780.086313169] [main_controller_node]:   Waypoint 3: x=0.59, y=5.21[0m
[delivery_robot_main_controller-20] [0m[INFO] [1775024780.086905229] [main_controller_node]:   Waypoint 4: x=0.22, y=5.43[0m
[delivery_robot_main_controller-20] [0m[INFO] [1775024780.088956149] [main_controller_node]:   Waypoint 5: x=-0.16, y=5.65[0m
[delivery_robot_main_controller-20] [0m[INFO] [1775024780.089715619] [main_controller_node]:   Waypoint 6: x=-0.53, y=5.87[0m
[delivery_robot_main_controller-20] [0m[INFO] [1775024780.090690330] [main_controller_node]: Navigating with 7 goals....[0m
[bt_navigator-14] [INFO] [1775024780.091595336] [bt_navigator]: Begin navigating from current location through 7 poses to (-0.53, 5.87)
[delivery_robot_main_controller-20] [0m[INFO] [1775024780.093027071] [main_controller_node]: State change: STANDBY -> MOVE[0m
[controller_server-10] [INFO] [1775024780.091839452] [local_costmap.local_costmap]: Received request to clear entirely the local_costmap
[controller_server-10] [INFO] [1775024780.096131449] [local_costmap.local_costmap]: KeepoutFilter: Subscribing to "/keepout_costmap_filter_info" topic for filter info...
[planner_server-12] [INFO] [1775024780.100449404] [global_costmap.global_costmap]: Received request to clear entirely the global_costmap
[controller_server-10] [INFO] [1775024780.102504698] [local_costmap.local_costmap]: KeepoutFilter: Received filter info from /keepout_costmap_filter_info topic.
[controller_server-10] [INFO] [1775024780.102558654] [local_costmap.local_costmap]: KeepoutFilter: Subscribing to "/keepout_filter_mask" topic for filter mask...
[planner_server-12] [INFO] [1775024780.109437633] [global_costmap.global_costmap]: KeepoutFilter: Subscribing to "/keepout_costmap_filter_info" topic for filter info...
[controller_server-10] [WARN] [1775024780.117083956] [local_costmap.local_costmap]: KeepoutFilter: New filter mask arrived from /keepout_filter_mask topic. Updating old filter mask.
[delivery_robot_main_controller-20] [0m[INFO] [1775024780.117340030] [main_controller_node]: Robot is MOVING.[0m
[planner_server-12] [INFO] [1775024780.120515280] [global_costmap.global_costmap]: KeepoutFilter: Received filter info from /keepout_costmap_filter_info topic.
[planner_server-12] [INFO] [1775024780.120566319] [global_costmap.global_costmap]: KeepoutFilter: Subscribing to "/keepout_filter_mask" topic for filter mask...
[planner_server-12] [WARN] [1775024780.132996371] [global_costmap.global_costmap]: KeepoutFilter: New filter mask arrived from /keepout_filter_mask topic. Updating old filter mask.
[planner_server-12] [WARN] [1775024780.447274650] [planner_server]: GridBased plugin failed to plan from (0.55, 5.20) to (0.22, 5.43): "no valid path found"
[planner_server-12] [WARN] [1775024780.447365938] [planner_server]: [compute_path_through_poses] [ActionServer] Aborting handle.
[planner_server-12] [INFO] [1775024780.462638461] [global_costmap.global_costmap]: Received request to clear entirely the global_costmap
[planner_server-12] [INFO] [1775024780.464277855] [global_costmap.global_costmap]: KeepoutFilter: Subscribing to "/keepout_costmap_filter_info" topic for filter info...
[planner_server-12] [INFO] [1775024780.469819303] [global_costmap.global_costmap]: KeepoutFilter: Received filter info from /keepout_costmap_filter_info topic.
[planner_server-12] [INFO] [1775024780.469910591] [global_costmap.global_costmap]: KeepoutFilter: Subscribing to "/keepout_filter_mask" topic for filter mask...
[planner_server-12] [WARN] [1775024780.475654740] [global_costmap.global_costmap]: KeepoutFilter: New filter mask arrived from /keepout_filter_mask topic. Updating old filter mask.
[planner_server-12] [WARN] [1775024780.929849337] [planner_server]: GridBased plugin failed to plan from (1.20, 4.04) to (0.59, 5.21): "Start occupied"
[planner_server-12] [WARN] [1775024780.929923709] [planner_server]: [compute_path_through_poses] [ActionServer] Aborting handle.
[bt_navigator-14] [WARN] [1775024780.951796972] [bt_navigator]: [navigate_through_poses] [ActionServer] Aborting handle.
[bt_navigator-14] [ERROR] [1775024780.952090669] [bt_navigator]: Goal failed
[delivery_robot_main_controller-20] [33m[WARN] [1775024780.953969220] [main_controller_node]: Goal failed! (obstacle retry 1/3)[0m
[delivery_robot_main_controller-20] [0m[INFO] [1775024780.964962287] [main_controller_node]: Pre-resume: waiting 3 seconds before wiggle...[0m
[delivery_robot_main_controller-20] [0m[INFO] [1775024780.966455561] [main_controller_node]: Current state: MOVE, dock_state IDLE, charge_state NOT_CHARGE[0m
[delivery_robot_main_controller-20] [0m[INFO] [1775024781.265780680] [main_controller_node]: Pre-resume: clearing local/global costmaps.[0m
[controller_server-10] [INFO] [1775024781.266320242] [local_costmap.local_costmap]: Received request to clear entirely the local_costmap
[controller_server-10] [INFO] [1775024781.271346044] [local_costmap.local_costmap]: KeepoutFilter: Subscribing to "/keepout_costmap_filter_info" topic for filter info...
[controller_server-10] [INFO] [1775024781.275162935] [local_costmap.local_costmap]: KeepoutFilter: Received filter info from /keepout_costmap_filter_info topic.
[controller_server-10] [INFO] [1775024781.275220099] [local_costmap.local_costmap]: KeepoutFilter: Subscribing to "/keepout_filter_mask" topic for filter mask...
[planner_server-12] [INFO] [1775024781.275654082] [global_costmap.global_costmap]: Received request to clear entirely the global_costmap
[controller_server-10] [WARN] [1775024781.281976291] [local_costmap.local_costmap]: KeepoutFilter: New filter mask arrived from /keepout_filter_mask topic. Updating old filter mask.
[planner_server-12] [INFO] [1775024781.285226497] [global_costmap.global_costmap]: KeepoutFilter: Subscribing to "/keepout_costmap_filter_info" topic for filter info...
[planner_server-12] [INFO] [1775024781.297260481] [global_costmap.global_costmap]: KeepoutFilter: Received filter info from /keepout_costmap_filter_info topic.
[planner_server-12] [INFO] [1775024781.297316478] [global_costmap.global_costmap]: KeepoutFilter: Subscribing to "/keepout_filter_mask" topic for filter mask...
[planner_server-12] [WARN] [1775024781.309000768] [global_costmap.global_costmap]: KeepoutFilter: New filter mask arrived from /keepout_filter_mask topic. Updating old filter mask.
[delivery_robot_main_controller-20] [0m[INFO] [1775024781.835847252] [main_controller_node]: Current state: MOVE, dock_state IDLE, charge_state NOT_CHARGE[0m
[delivery_robot_main_controller-20] [0m[INFO] [1775024782.291489626] [main_controller_node]: Pre-resume wiggle complete. Switching to STANDBY.[0m
[delivery_robot_main_controller-20] [0m[INFO] [1775024782.292143808] [main_controller_node]: State change: MOVE -> STANDBY[0m
[delivery_robot_main_controller-20] [0m[INFO] [1775024782.306559448] [main_controller_node]: Robot is in STANDBY mode.[0m
[delivery_robot_main_controller-20] [0m[INFO] [1775024782.996690830] [main_controller_node]: Current state: STANDBY, dock_state IDLE, charge_state NOT_CHARGE[0m
[delivery_robot_main_controller-20] [0m[INFO] [1775024783.879790896] [main_controller_node]: Current state: STANDBY, dock_state IDLE, charge_state NOT_CHARGE[0m
[delivery_robot_main_controller-20] [0m[INFO] [1775024783.985578602] [main_controller_node]: 1 pending queues [0m
[delivery_robot_main_controller-20] [0m[INFO] [1775024783.993142387] [main_controller_node]: Queue action: Request[0m
[delivery_robot_main_controller-20] [0m[INFO] [1775024784.042355406] [main_controller_node]: AGV start_pos: x=1.68, y=6.22[0m
[delivery_robot_main_controller-20] [0m[INFO] [1775024784.042950674] [main_controller_node]: AGV goal_pos: x=-0.53, y=5.87[0m
[delivery_robot_main_controller-20] [0m[INFO] [1775024784.043525234] [main_controller_node]: Path source: building YAML (/home/smr/workspaces/mini_amr/amrROS2_ws/maps/map_000.building.yaml)[0m
[delivery_robot_main_controller-20] Graph before shortest_path: Graph with 19 nodes and 21 edges
[delivery_robot_main_controller-20] [0m[INFO] [1775024784.084184882] [main_controller_node]: Computed AGV path waypoints:[0m
[delivery_robot_main_controller-20] [0m[INFO] [1775024784.084917228] [main_controller_node]:   Waypoint 0: x=1.68, y=6.22[0m
[delivery_robot_main_controller-20] [0m[INFO] [1775024784.085568494] [main_controller_node]:   Waypoint 1: x=1.32, y=5.89[0m
[delivery_robot_main_controller-20] [0m[INFO] [1775024784.086185053] [main_controller_node]:   Waypoint 2: x=0.95, y=5.55[0m
[delivery_robot_main_controller-20] [0m[INFO] [1775024784.086812695] [main_controller_node]:   Waypoint 3: x=0.59, y=5.21[0m
[delivery_robot_main_controller-20] [0m[INFO] [1775024784.087526375] [main_controller_node]:   Waypoint 4: x=0.22, y=5.43[0m
[delivery_robot_main_controller-20] [0m[INFO] [1775024784.088832699] [main_controller_node]:   Waypoint 5: x=-0.16, y=5.65[0m
[delivery_robot_main_controller-20] [0m[INFO] [1775024784.089677624] [main_controller_node]:   Waypoint 6: x=-0.53, y=5.87[0m
[delivery_robot_main_controller-20] [0m[INFO] [1775024784.090676251] [main_controller_node]: Navigating with 7 goals....[0m
[bt_navigator-14] [INFO] [1775024784.092079696] [bt_navigator]: Begin navigating from current location through 7 poses to (-0.53, 5.87)
[controller_server-10] [INFO] [1775024784.092439015] [local_costmap.local_costmap]: Received request to clear entirely the local_costmap
[controller_server-10] [INFO] [1775024784.095756301] [local_costmap.local_costmap]: KeepoutFilter: Subscribing to "/keepout_costmap_filter_info" topic for filter info...
[delivery_robot_main_controller-20] [0m[INFO] [1775024784.098100625] [main_controller_node]: State change: STANDBY -> MOVE[0m
[planner_server-12] [INFO] [1775024784.099478987] [global_costmap.global_costmap]: Received request to clear entirely the global_costmap
[controller_server-10] [INFO] [1775024784.102807939] [local_costmap.local_costmap]: KeepoutFilter: Received filter info from /keepout_costmap_filter_info topic.
[controller_server-10] [INFO] [1775024784.102902727] [local_costmap.local_costmap]: KeepoutFilter: Subscribing to "/keepout_filter_mask" topic for filter mask...
[planner_server-12] [INFO] [1775024784.105860402] [global_costmap.global_costmap]: KeepoutFilter: Subscribing to "/keepout_costmap_filter_info" topic for filter info...
[controller_server-10] [WARN] [1775024784.111722380] [local_costmap.local_costmap]: KeepoutFilter: New filter mask arrived from /keepout_filter_mask topic. Updating old filter mask.
[planner_server-12] [INFO] [1775024784.117156207] [global_costmap.global_costmap]: KeepoutFilter: Received filter info from /keepout_costmap_filter_info topic.
[planner_server-12] [INFO] [1775024784.117255078] [global_costmap.global_costmap]: KeepoutFilter: Subscribing to "/keepout_filter_mask" topic for filter mask...
[planner_server-12] [WARN] [1775024784.129212357] [global_costmap.global_costmap]: KeepoutFilter: New filter mask arrived from /keepout_filter_mask topic. Updating old filter mask.
[delivery_robot_main_controller-20] [0m[INFO] [1775024784.131596055] [main_controller_node]: Robot is MOVING.[0m
[planner_server-12] [WARN] [1775024784.421606582] [planner_server]: GridBased plugin failed to plan from (1.32, 6.08) to (0.59, 5.21): "Start occupied"
[planner_server-12] [WARN] [1775024784.421697578] [planner_server]: [compute_path_through_poses] [ActionServer] Aborting handle.
[bt_navigator-14] [WARN] [1775024784.442895076] [bt_navigator]: [navigate_through_poses] [ActionServer] Aborting handle.
[bt_navigator-14] [ERROR] [1775024784.443158441] [bt_navigator]: Goal failed
[delivery_robot_main_controller-20] [33m[WARN] [1775024784.464605596] [main_controller_node]: Goal failed! (obstacle retry 2/3)[0m
[delivery_robot_main_controller-20] [0m[INFO] [1775024784.480159566] [main_controller_node]: Pre-resume: waiting 3 seconds before wiggle...[0m
[delivery_robot_main_controller-20] [0m[INFO] [1775024784.781035123] [main_controller_node]: Pre-resume: clearing local/global costmaps.[0m
[controller_server-10] [INFO] [1775024784.787657154] [local_costmap.local_costmap]: Received request to clear entirely the local_costmap
[controller_server-10] [INFO] [1775024784.792811867] [local_costmap.local_costmap]: KeepoutFilter: Subscribing to "/keepout_costmap_filter_info" topic for filter info...
[controller_server-10] [INFO] [1775024784.799494854] [local_costmap.local_costmap]: KeepoutFilter: Received filter info from /keepout_costmap_filter_info topic.
[controller_server-10] [INFO] [1775024784.799725845] [local_costmap.local_costmap]: KeepoutFilter: Subscribing to "/keepout_filter_mask" topic for filter mask...
[planner_server-12] [INFO] [1775024784.801198120] [global_costmap.global_costmap]: Received request to clear entirely the global_costmap
[planner_server-12] [INFO] [1775024784.811602335] [global_costmap.global_costmap]: KeepoutFilter: Subscribing to "/keepout_costmap_filter_info" topic for filter info...
[controller_server-10] [WARN] [1775024784.815699215] [local_costmap.local_costmap]: KeepoutFilter: New filter mask arrived from /keepout_filter_mask topic. Updating old filter mask.
[planner_server-12] [INFO] [1775024784.822246582] [global_costmap.global_costmap]: KeepoutFilter: Received filter info from /keepout_costmap_filter_info topic.
[planner_server-12] [INFO] [1775024784.822298205] [global_costmap.global_costmap]: KeepoutFilter: Subscribing to "/keepout_filter_mask" topic for filter mask...
[planner_server-12] [WARN] [1775024784.836106328] [global_costmap.global_costmap]: KeepoutFilter: New filter mask arrived from /keepout_filter_mask topic. Updating old filter mask.
[delivery_robot_main_controller-20] [0m[INFO] [1775024785.016393555] [main_controller_node]: Current state: MOVE, dock_state IDLE, charge_state NOT_CHARGE[0m
[delivery_robot_main_controller-20] [0m[INFO] [1775024785.824207797] [main_controller_node]: Pre-resume wiggle complete. Switching to STANDBY.[0m
[delivery_robot_main_controller-20] [0m[INFO] [1775024785.831051778] [main_controller_node]: State change: MOVE -> STANDBY[0m
[delivery_robot_main_controller-20] [0m[INFO] [1775024785.845183637] [main_controller_node]: Current state: STANDBY, dock_state IDLE, charge_state NOT_CHARGE[0m
[delivery_robot_main_controller-20] [0m[INFO] [1775024785.864589206] [main_controller_node]: Robot is in STANDBY mode.[0m
[delivery_robot_main_controller-20] [0m[INFO] [1775024785.925469014] [main_controller_node]: 1 pending queues [0m
[delivery_robot_main_controller-20] [0m[INFO] [1775024785.929409567] [main_controller_node]: Queue action: Request[0m
[delivery_robot_main_controller-20] [0m[INFO] [1775024785.978319848] [main_controller_node]: AGV start_pos: x=1.32, y=6.09[0m
[delivery_robot_main_controller-20] [0m[INFO] [1775024785.980545177] [main_controller_node]: AGV goal_pos: x=-0.53, y=5.87[0m
[delivery_robot_main_controller-20] [0m[INFO] [1775024785.982919250] [main_controller_node]: Path source: building YAML (/home/smr/workspaces/mini_amr/amrROS2_ws/maps/map_000.building.yaml)[0m
[delivery_robot_main_controller-20] Graph before shortest_path: Graph with 19 nodes and 21 edges
[delivery_robot_main_controller-20] [0m[INFO] [1775024786.051713122] [main_controller_node]: Computed AGV path waypoints:[0m
[delivery_robot_main_controller-20] [0m[INFO] [1775024786.052509049] [main_controller_node]:   Waypoint 0: x=1.32, y=6.09[0m
[delivery_robot_main_controller-20] [0m[INFO] [1775024786.053164690] [main_controller_node]:   Waypoint 1: x=1.08, y=5.79[0m
[delivery_robot_main_controller-20] [0m[INFO] [1775024786.053775124] [main_controller_node]:   Waypoint 2: x=0.83, y=5.50[0m
[delivery_robot_main_controller-20] [0m[INFO] [1775024786.054404807] [main_controller_node]:   Waypoint 3: x=0.59, y=5.21[0m
[delivery_robot_main_controller-20] [0m[INFO] [1775024786.055005325] [main_controller_node]:   Waypoint 4: x=0.22, y=5.43[0m
[delivery_robot_main_controller-20] [0m[INFO] [1775024786.055640842] [main_controller_node]:   Waypoint 5: x=-0.16, y=5.65[0m
[delivery_robot_main_controller-20] [0m[INFO] [1775024786.056360064] [main_controller_node]:   Waypoint 6: x=-0.53, y=5.87[0m
[delivery_robot_main_controller-20] [0m[INFO] [1775024786.057346150] [main_controller_node]: Navigating with 7 goals....[0m
[bt_navigator-14] [INFO] [1775024786.059956172] [bt_navigator]: Begin navigating from current location through 7 poses to (-0.53, 5.87)
[controller_server-10] [INFO] [1775024786.060549982] [local_costmap.local_costmap]: Received request to clear entirely the local_costmap
[controller_server-10] [INFO] [1775024786.067212261] [local_costmap.local_costmap]: KeepoutFilter: Subscribing to "/keepout_costmap_filter_info" topic for filter info...
[delivery_robot_main_controller-20] [0m[INFO] [1775024786.067932941] [main_controller_node]: State change: STANDBY -> MOVE[0m
[controller_server-10] [INFO] [1775024786.072492678] [local_costmap.local_costmap]: KeepoutFilter: Received filter info from /keepout_costmap_filter_info topic.
[controller_server-10] [INFO] [1775024786.072582508] [local_costmap.local_costmap]: KeepoutFilter: Subscribing to "/keepout_filter_mask" topic for filter mask...
[planner_server-12] [INFO] [1775024786.074201194] [global_costmap.global_costmap]: Received request to clear entirely the global_costmap
[controller_server-10] [WARN] [1775024786.083847105] [local_costmap.local_costmap]: KeepoutFilter: New filter mask arrived from /keepout_filter_mask topic. Updating old filter mask.
[planner_server-12] [INFO] [1775024786.086225261] [global_costmap.global_costmap]: KeepoutFilter: Subscribing to "/keepout_costmap_filter_info" topic for filter info...
[delivery_robot_main_controller-20] [0m[INFO] [1775024786.090591923] [main_controller_node]: Robot is MOVING.[0m
[planner_server-12] [INFO] [1775024786.096873883] [global_costmap.global_costmap]: KeepoutFilter: Received filter info from /keepout_costmap_filter_info topic.
[planner_server-12] [INFO] [1775024786.096925506] [global_costmap.global_costmap]: KeepoutFilter: Subscribing to "/keepout_filter_mask" topic for filter mask...
[planner_server-12] [WARN] [1775024786.111265316] [global_costmap.global_costmap]: KeepoutFilter: New filter mask arrived from /keepout_filter_mask topic. Updating old filter mask.
[planner_server-12] [WARN] [1775024786.416639363] [planner_server]: GridBased plugin failed to plan from (1.32, 6.09) to (0.59, 5.21): "Start occupied"
[planner_server-12] [WARN] [1775024786.416720151] [planner_server]: [compute_path_through_poses] [ActionServer] Aborting handle.
[bt_navigator-14] [WARN] [1775024786.430257618] [bt_navigator]: [navigate_through_poses] [ActionServer] Aborting handle.
[bt_navigator-14] [ERROR] [1775024786.430810013] [bt_navigator]: Goal failed
[delivery_robot_main_controller-20] [33m[WARN] [1775024786.442962117] [main_controller_node]: Goal failed! (obstacle retry 3/3)[0m
[delivery_robot_main_controller-20] [0m[INFO] [1775024786.445039285] [main_controller_node]: Pre-resume: waiting 3 seconds before wiggle...[0m
[delivery_robot_main_controller-20] [0m[INFO] [1775024786.753553583] [main_controller_node]: Pre-resume: clearing local/global costmaps.[0m
[controller_server-10] [INFO] [1775024786.755834327] [local_costmap.local_costmap]: Received request to clear entirely the local_costmap
[controller_server-10] [INFO] [1775024786.762604518] [local_costmap.local_costmap]: KeepoutFilter: Subscribing to "/keepout_costmap_filter_info" topic for filter info...
[controller_server-10] [INFO] [1775024786.768365583] [local_costmap.local_costmap]: KeepoutFilter: Received filter info from /keepout_costmap_filter_info topic.
[controller_server-10] [INFO] [1775024786.768487203] [local_costmap.local_costmap]: KeepoutFilter: Subscribing to "/keepout_filter_mask" topic for filter mask...
[controller_server-10] [WARN] [1775024786.777178527] [local_costmap.local_costmap]: KeepoutFilter: New filter mask arrived from /keepout_filter_mask topic. Updating old filter mask.
[planner_server-12] [INFO] [1775024786.785635360] [global_costmap.global_costmap]: Received request to clear entirely the global_costmap
[planner_server-12] [INFO] [1775024786.788634742] [global_costmap.global_costmap]: KeepoutFilter: Subscribing to "/keepout_costmap_filter_info" topic for filter info...
[planner_server-12] [INFO] [1775024786.800892717] [global_costmap.global_costmap]: KeepoutFilter: Received filter info from /keepout_costmap_filter_info topic.
[planner_server-12] [INFO] [1775024786.800974964] [global_costmap.global_costmap]: KeepoutFilter: Subscribing to "/keepout_filter_mask" topic for filter mask...
[planner_server-12] [WARN] [1775024786.815956998] [global_costmap.global_costmap]: KeepoutFilter: New filter mask arrived from /keepout_filter_mask topic. Updating old filter mask.
[delivery_robot_main_controller-20] [0m[INFO] [1775024786.839736520] [main_controller_node]: Current state: MOVE, dock_state IDLE, charge_state NOT_CHARGE[0m
[delivery_robot_main_controller-20] [0m[INFO] [1775024787.801720560] [main_controller_node]: Pre-resume wiggle complete. Switching to STANDBY.[0m
[delivery_robot_main_controller-20] [0m[INFO] [1775024787.808716785] [main_controller_node]: State change: MOVE -> STANDBY[0m
[delivery_robot_main_controller-20] [0m[INFO] [1775024787.829251934] [main_controller_node]: Robot is in STANDBY mode.[0m
[planner_server-12] [INFO] [1775024787.890466854] [global_costmap.global_costmap]: StaticLayer: Resizing costmap to 276 X 347 at 0.050000 m/pix
[delivery_robot_main_controller-20] [0m[INFO] [1775024787.919832155] [main_controller_node]: Current state: STANDBY, dock_state IDLE, charge_state NOT_CHARGE[0m
[delivery_robot_main_controller-20] [0m[INFO] [1775024788.031809075] [main_controller_node]: 1 pending queues [0m
[delivery_robot_main_controller-20] [0m[INFO] [1775024788.032822576] [main_controller_node]: Queue action: Request[0m
[delivery_robot_main_controller-20] [0m[INFO] [1775024788.083931937] [main_controller_node]: AGV start_pos: x=1.32, y=6.09[0m
[delivery_robot_main_controller-20] [0m[INFO] [1775024788.094203740] [main_controller_node]: AGV goal_pos: x=-0.53, y=5.87[0m
[delivery_robot_main_controller-20] [0m[INFO] [1775024788.100284167] [main_controller_node]: Path source: building YAML (/home/smr/workspaces/mini_amr/amrROS2_ws/maps/map_000.building.yaml)[0m
[delivery_robot_main_controller-20] Graph before shortest_path: Graph with 19 nodes and 21 edges
[delivery_robot_main_controller-20] [0m[INFO] [1775024788.165740337] [main_controller_node]: Computed AGV path waypoints:[0m
[delivery_robot_main_controller-20] [0m[INFO] [1775024788.166693466] [main_controller_node]:   Waypoint 0: x=1.32, y=6.09[0m
[delivery_robot_main_controller-20] [0m[INFO] [1775024788.169789094] [main_controller_node]:   Waypoint 1: x=1.08, y=5.79[0m
[delivery_robot_main_controller-20] [0m[INFO] [1775024788.173731106] [main_controller_node]:   Waypoint 2: x=0.83, y=5.50[0m
[delivery_robot_main_controller-20] [0m[INFO] [1775024788.183260938] [main_controller_node]:   Waypoint 3: x=0.59, y=5.21[0m
[delivery_robot_main_controller-20] [0m[INFO] [1775024788.185973623] [main_controller_node]:   Waypoint 4: x=0.22, y=5.43[0m
[delivery_robot_main_controller-20] [0m[INFO] [1775024788.187435691] [main_controller_node]:   Waypoint 5: x=-0.16, y=5.65[0m
[delivery_robot_main_controller-20] [0m[INFO] [1775024788.189518692] [main_controller_node]:   Waypoint 6: x=-0.53, y=5.87[0m
[delivery_robot_main_controller-20] [0m[INFO] [1775024788.192558030] [main_controller_node]: Navigating with 7 goals....[0m
[delivery_robot_main_controller-20] [0m[INFO] [1775024788.195673783] [main_controller_node]: State change: STANDBY -> MOVE[0m
[bt_navigator-14] [INFO] [1775024788.194982851] [bt_navigator]: Begin navigating from current location through 7 poses to (-0.53, 5.87)
[controller_server-10] [INFO] [1775024788.195461166] [local_costmap.local_costmap]: Received request to clear entirely the local_costmap
[controller_server-10] [INFO] [1775024788.202652799] [local_costmap.local_costmap]: KeepoutFilter: Subscribing to "/keepout_costmap_filter_info" topic for filter info...
[controller_server-10] [INFO] [1775024788.207892384] [local_costmap.local_costmap]: KeepoutFilter: Received filter info from /keepout_costmap_filter_info topic.
[controller_server-10] [INFO] [1775024788.207950132] [local_costmap.local_costmap]: KeepoutFilter: Subscribing to "/keepout_filter_mask" topic for filter mask...
[controller_server-10] [WARN] [1775024788.214054475] [local_costmap.local_costmap]: KeepoutFilter: New filter mask arrived from /keepout_filter_mask topic. Updating old filter mask.
[planner_server-12] [INFO] [1775024788.215436045] [global_costmap.global_costmap]: Received request to clear entirely the global_costmap
[planner_server-12] [INFO] [1775024788.218614795] [global_costmap.global_costmap]: KeepoutFilter: Subscribing to "/keepout_costmap_filter_info" topic for filter info...
[delivery_robot_main_controller-20] [0m[INFO] [1775024788.221207901] [main_controller_node]: Robot is MOVING.[0m
[planner_server-12] [INFO] [1775024788.230068385] [global_costmap.global_costmap]: KeepoutFilter: Received filter info from /keepout_costmap_filter_info topic.
[planner_server-12] [INFO] [1775024788.230123800] [global_costmap.global_costmap]: KeepoutFilter: Subscribing to "/keepout_filter_mask" topic for filter mask...
[planner_server-12] [WARN] [1775024788.243994045] [global_costmap.global_costmap]: KeepoutFilter: New filter mask arrived from /keepout_filter_mask topic. Updating old filter mask.
[planner_server-12] [WARN] [1775024788.414367621] [planner_server]: GridBased plugin failed to plan from (1.32, 6.09) to (0.59, 5.21): "Start occupied"
[planner_server-12] [WARN] [1775024788.414551072] [planner_server]: [compute_path_through_poses] [ActionServer] Aborting handle.
[delivery_robot_main_controller-20] [33m[WARN] [1775024788.438643539] [main_controller_node]: Goal failed! (obstacle retry 4/3)[0m
[delivery_robot_main_controller-20] [33m[WARN] [1775024788.439774286] [main_controller_node]: 3 obstacle retries exhausted; switching to SAFE_STOP.[0m
[delivery_robot_main_controller-20] [0m[INFO] [1775024788.440437802] [main_controller_node]: State change: MOVE -> SAFE_STOP[0m
[bt_navigator-14] [WARN] [1775024788.434159341] [bt_navigator]: [navigate_through_poses] [ActionServer] Aborting handle.
[bt_navigator-14] [ERROR] [1775024788.434523910] [bt_navigator]: Goal failed
[delivery_robot_main_controller-20] [0m[INFO] [1775024788.465649350] [main_controller_node]: Robot is in SAFE_STOP. Awaiting user to switch to STANDBY.[0m
[delivery_robot_main_controller-20] [0m[INFO] [1775024788.466643019] [main_controller_node]: Robot is in SAFE_STOP. Awaiting user to switch to STANDBY.[0m
[delivery_robot_main_controller-20] [0m[INFO] [1775024788.972683114] [main_controller_node]: Current state: SAFE_STOP, dock_state IDLE, charge_state NOT_CHARGE[0m
[delivery_robot_main_controller-20] [0m[INFO] [1775024789.871373025] [main_controller_node]: Current state: SAFE_STOP, dock_state IDLE, charge_state NOT_CHARGE[0m
[delivery_robot_main_controller-20] [0m[INFO] [1775024790.882609458] [main_controller_node]: Current state: SAFE_STOP, dock_state IDLE, charge_state NOT_CHARGE[0m
[delivery_robot_main_controller-20] [0m[INFO] [1775024791.886813793] [main_controller_node]: Current state: SAFE_STOP, dock_state IDLE, charge_state NOT_CHARGE[0m
[delivery_robot_main_controller-20] [0m[INFO] [1775024792.846102066] [main_controller_node]: Current state: SAFE_STOP, dock_state IDLE, charge_state NOT_CHARGE[0m
[delivery_robot_main_controller-20] [0m[INFO] [1775024793.863351553] [main_controller_node]: Current state: SAFE_STOP, dock_state IDLE, charge_state NOT_CHARGE[0m
[delivery_robot_main_controller-20] [0m[INFO] [1775024794.842088559] [main_controller_node]: Current state: SAFE_STOP, dock_state IDLE, charge_state NOT_CHARGE[0m
[delivery_robot_main_controller-20] [0m[INFO] [1775024795.891776518] [main_controller_node]: Current state: SAFE_STOP, dock_state IDLE, charge_state NOT_CHARGE[0m
[delivery_robot_main_controller-20] [0m[INFO] [1775024796.885668510] [main_controller_node]: Current state: SAFE_STOP, dock_state IDLE, charge_state NOT_CHARGE[0m
[delivery_robot_main_controller-20] [0m[INFO] [1775024797.870377155] [main_controller_node]: Current state: SAFE_STOP, dock_state IDLE, charge_state NOT_CHARGE[0m
[delivery_robot_main_controller-20] [0m[INFO] [1775024798.904287152] [main_controller_node]: Current state: SAFE_STOP, dock_state IDLE, charge_state NOT_CHARGE[0m
[delivery_robot_main_controller-20] [0m[INFO] [1775024799.531871916] [main_controller_node]: SAFE_STOP cleared to STANDBY via API/GUI.[0m
[delivery_robot_main_controller-20] [0m[INFO] [1775024799.537281827] [main_controller_node]: Pre-resume: waiting 3 seconds before wiggle...[0m
[delivery_robot_main_controller-20] [0m[INFO] [1775024799.838129969] [main_controller_node]: Pre-resume: clearing local/global costmaps.[0m
[controller_server-10] [INFO] [1775024799.841247471] [local_costmap.local_costmap]: Received request to clear entirely the local_costmap
[controller_server-10] [INFO] [1775024799.848470895] [local_costmap.local_costmap]: KeepoutFilter: Subscribing to "/keepout_costmap_filter_info" topic for filter info...
[controller_server-10] [INFO] [1775024799.852796433] [local_costmap.local_costmap]: KeepoutFilter: Received filter info from /keepout_costmap_filter_info topic.
[controller_server-10] [INFO] [1775024799.852849806] [local_costmap.local_costmap]: KeepoutFilter: Subscribing to "/keepout_filter_mask" topic for filter mask...
[planner_server-12] [INFO] [1775024799.853784561] [global_costmap.global_costmap]: Received request to clear entirely the global_costmap
[planner_server-12] [INFO] [1775024799.865034575] [global_costmap.global_costmap]: KeepoutFilter: Subscribing to "/keepout_costmap_filter_info" topic for filter info...
[controller_server-10] [WARN] [1775024799.865141613] [local_costmap.local_costmap]: KeepoutFilter: New filter mask arrived from /keepout_filter_mask topic. Updating old filter mask.
[planner_server-12] [INFO] [1775024799.878019939] [global_costmap.global_costmap]: KeepoutFilter: Received filter info from /keepout_costmap_filter_info topic.
[planner_server-12] [INFO] [1775024799.878123768] [global_costmap.global_costmap]: KeepoutFilter: Subscribing to "/keepout_filter_mask" topic for filter mask...
[planner_server-12] [WARN] [1775024799.890096504] [global_costmap.global_costmap]: KeepoutFilter: New filter mask arrived from /keepout_filter_mask topic. Updating old filter mask.
[delivery_robot_main_controller-20] [0m[INFO] [1775024799.902416310] [main_controller_node]: Current state: SAFE_STOP, dock_state IDLE, charge_state NOT_CHARGE[0m
[delivery_robot_main_controller-20] [0m[INFO] [1775024800.873795731] [main_controller_node]: Pre-resume wiggle complete. Switching to STANDBY.[0m
[delivery_robot_main_controller-20] [0m[INFO] [1775024800.874578534] [main_controller_node]: State change: SAFE_STOP -> STANDBY[0m
[delivery_robot_main_controller-20] [0m[INFO] [1775024800.879242391] [main_controller_node]: Robot is in STANDBY mode.[0m
[delivery_robot_main_controller-20] [0m[INFO] [1775024800.894031933] [main_controller_node]: Current state: STANDBY, dock_state IDLE, charge_state NOT_CHARGE[0m
[delivery_robot_main_controller-20] [0m[INFO] [1775024801.872370830] [main_controller_node]: Current state: STANDBY, dock_state IDLE, charge_state NOT_CHARGE[0m
[delivery_robot_main_controller-20] [0m[INFO] [1775024801.953812620] [main_controller_node]: 1 pending queues [0m
[delivery_robot_main_controller-20] [0m[INFO] [1775024801.957896959] [main_controller_node]: Queue action: Request[0m
[delivery_robot_main_controller-20] [0m[INFO] [1775024802.004849650] [main_controller_node]: AGV start_pos: x=1.32, y=6.09[0m
[delivery_robot_main_controller-20] [0m[INFO] [1775024802.007886363] [main_controller_node]: AGV goal_pos: x=-0.53, y=5.87[0m
[delivery_robot_main_controller-20] [0m[INFO] [1775024802.014180865] [main_controller_node]: Path source: building YAML (/home/smr/workspaces/mini_amr/amrROS2_ws/maps/map_000.building.yaml)[0m
[delivery_robot_main_controller-20] Graph before shortest_path: Graph with 19 nodes and 21 edges
[delivery_robot_main_controller-20] [0m[INFO] [1775024802.069082910] [main_controller_node]: Computed AGV path waypoints:[0m
[delivery_robot_main_controller-20] [0m[INFO] [1775024802.073019088] [main_controller_node]:   Waypoint 0: x=1.32, y=6.09[0m
[delivery_robot_main_controller-20] [0m[INFO] [1775024802.073777683] [main_controller_node]:   Waypoint 1: x=1.08, y=5.80[0m
[delivery_robot_main_controller-20] [0m[INFO] [1775024802.074512071] [main_controller_node]:   Waypoint 2: x=0.83, y=5.50[0m
[delivery_robot_main_controller-20] [0m[INFO] [1775024802.075183169] [main_controller_node]:   Waypoint 3: x=0.59, y=5.21[0m
[delivery_robot_main_controller-20] [0m[INFO] [1775024802.078511830] [main_controller_node]:   Waypoint 4: x=0.22, y=5.43[0m
[delivery_robot_main_controller-20] [0m[INFO] [1775024802.079181761] [main_controller_node]:   Waypoint 5: x=-0.16, y=5.65[0m
[delivery_robot_main_controller-20] [0m[INFO] [1775024802.079817278] [main_controller_node]:   Waypoint 6: x=-0.53, y=5.87[0m
[delivery_robot_main_controller-20] [0m[INFO] [1775024802.080774490] [main_controller_node]: Navigating with 7 goals....[0m
[bt_navigator-14] [INFO] [1775024802.082347970] [bt_navigator]: Begin navigating from current location through 7 poses to (-0.53, 5.87)
[controller_server-10] [INFO] [1775024802.082599960] [local_costmap.local_costmap]: Received request to clear entirely the local_costmap
[delivery_robot_main_controller-20] [0m[INFO] [1775024802.084714460] [main_controller_node]: State change: STANDBY -> MOVE[0m
[controller_server-10] [INFO] [1775024802.087013286] [local_costmap.local_costmap]: KeepoutFilter: Subscribing to "/keepout_costmap_filter_info" topic for filter info...
[planner_server-12] [INFO] [1775024802.093401993] [global_costmap.global_costmap]: Received request to clear entirely the global_costmap
[controller_server-10] [INFO] [1775024802.097381044] [local_costmap.local_costmap]: KeepoutFilter: Received filter info from /keepout_costmap_filter_info topic.
[controller_server-10] [INFO] [1775024802.097436750] [local_costmap.local_costmap]: KeepoutFilter: Subscribing to "/keepout_filter_mask" topic for filter mask...
[planner_server-12] [INFO] [1775024802.103637339] [global_costmap.global_costmap]: KeepoutFilter: Subscribing to "/keepout_costmap_filter_info" topic for filter info...
[controller_server-10] [WARN] [1775024802.105055950] [local_costmap.local_costmap]: KeepoutFilter: New filter mask arrived from /keepout_filter_mask topic. Updating old filter mask.
[delivery_robot_main_controller-20] [0m[INFO] [1775024802.106089868] [main_controller_node]: Robot is MOVING.[0m
[planner_server-12] [INFO] [1775024802.114610865] [global_costmap.global_costmap]: KeepoutFilter: Received filter info from /keepout_costmap_filter_info topic.
[planner_server-12] [INFO] [1775024802.114714694] [global_costmap.global_costmap]: KeepoutFilter: Subscribing to "/keepout_filter_mask" topic for filter mask...
[planner_server-12] [WARN] [1775024802.126145535] [global_costmap.global_costmap]: KeepoutFilter: New filter mask arrived from /keepout_filter_mask topic. Updating old filter mask.
[planner_server-12] [WARN] [1775024802.439947833] [planner_server]: GridBased plugin failed to plan from (1.32, 6.09) to (0.59, 5.21): "Start occupied"
[planner_server-12] [WARN] [1775024802.440032997] [planner_server]: [compute_path_through_poses] [ActionServer] Aborting handle.
[bt_navigator-14] [WARN] [1775024802.472648794] [bt_navigator]: [navigate_through_poses] [ActionServer] Aborting handle.
[bt_navigator-14] [ERROR] [1775024802.473332142] [bt_navigator]: Goal failed
[delivery_robot_main_controller-20] [33m[WARN] [1775024802.491652462] [main_controller_node]: Goal failed! (obstacle retry 1/3)[0m
[delivery_robot_main_controller-20] [0m[INFO] [1775024802.506149766] [main_controller_node]: Pre-resume: waiting 3 seconds before wiggle...[0m
[delivery_robot_main_controller-20] [0m[INFO] [1775024802.808852834] [main_controller_node]: Pre-resume: clearing local/global costmaps.[0m
[controller_server-10] [INFO] [1775024802.812369029] [local_costmap.local_costmap]: Received request to clear entirely the local_costmap
[controller_server-10] [INFO] [1775024802.816482242] [local_costmap.local_costmap]: KeepoutFilter: Subscribing to "/keepout_costmap_filter_info" topic for filter info...
[controller_server-10] [INFO] [1775024802.820932025] [local_costmap.local_costmap]: KeepoutFilter: Received filter info from /keepout_costmap_filter_info topic.
[controller_server-10] [INFO] [1775024802.820988314] [local_costmap.local_costmap]: KeepoutFilter: Subscribing to "/keepout_filter_mask" topic for filter mask...
[planner_server-12] [INFO] [1775024802.825630298] [global_costmap.global_costmap]: Received request to clear entirely the global_costmap
[planner_server-12] [INFO] [1775024802.830902840] [global_costmap.global_costmap]: KeepoutFilter: Subscribing to "/keepout_costmap_filter_info" topic for filter info...
[controller_server-10] [WARN] [1775024802.840596291] [local_costmap.local_costmap]: KeepoutFilter: New filter mask arrived from /keepout_filter_mask topic. Updating old filter mask.
[planner_server-12] [INFO] [1775024802.842843494] [global_costmap.global_costmap]: KeepoutFilter: Received filter info from /keepout_costmap_filter_info topic.
[planner_server-12] [INFO] [1775024802.842897451] [global_costmap.global_costmap]: KeepoutFilter: Subscribing to "/keepout_filter_mask" topic for filter mask...
[planner_server-12] [WARN] [1775024802.855074054] [global_costmap.global_costmap]: KeepoutFilter: New filter mask arrived from /keepout_filter_mask topic. Updating old filter mask.
[delivery_robot_main_controller-20] [0m[INFO] [1775024802.956595719] [main_controller_node]: Current state: MOVE, dock_state IDLE, charge_state NOT_CHARGE[0m
[delivery_robot_main_controller-20] [0m[INFO] [1775024803.842472343] [main_controller_node]: Current state: MOVE, dock_state IDLE, charge_state NOT_CHARGE[0m
[delivery_robot_main_controller-20] [0m[INFO] [1775024803.850655021] [main_controller_node]: Pre-resume wiggle complete. Switching to STANDBY.[0m
[delivery_robot_main_controller-20] [0m[INFO] [1775024803.851338369] [main_controller_node]: State change: MOVE -> STANDBY[0m
[delivery_robot_main_controller-20] [0m[INFO] [1775024803.872101884] [main_controller_node]: Robot is in STANDBY mode.[0m
[delivery_robot_main_controller-20] [0m[INFO] [1775024803.968895819] [main_controller_node]: 1 pending queues [0m
[delivery_robot_main_controller-20] [0m[INFO] [1775024803.973758585] [main_controller_node]: Queue action: Request[0m
[delivery_robot_main_controller-20] [0m[INFO] [1775024804.029795460] [main_controller_node]: AGV start_pos: x=1.32, y=6.09[0m
[delivery_robot_main_controller-20] [0m[INFO] [1775024804.031764132] [main_controller_node]: AGV goal_pos: x=-0.53, y=5.87[0m
[delivery_robot_main_controller-20] [0m[INFO] [1775024804.032435814] [main_controller_node]: Path source: building YAML (/home/smr/workspaces/mini_amr/amrROS2_ws/maps/map_000.building.yaml)[0m
[delivery_robot_main_controller-20] Graph before shortest_path: Graph with 19 nodes and 21 edges
[delivery_robot_main_controller-20] [0m[INFO] [1775024804.090092833] [main_controller_node]: Computed AGV path waypoints:[0m
[delivery_robot_main_controller-20] [0m[INFO] [1775024804.090846762] [main_controller_node]:   Waypoint 0: x=1.32, y=6.09[0m
[delivery_robot_main_controller-20] [0m[INFO] [1775024804.093410411] [main_controller_node]:   Waypoint 1: x=1.08, y=5.80[0m
[delivery_robot_main_controller-20] [0m[INFO] [1775024804.094146548] [main_controller_node]:   Waypoint 2: x=0.83, y=5.50[0m
[delivery_robot_main_controller-20] [0m[INFO] [1775024804.094889977] [main_controller_node]:   Waypoint 3: x=0.59, y=5.21[0m
[delivery_robot_main_controller-20] [0m[INFO] [1775024804.095603366] [main_controller_node]:   Waypoint 4: x=0.22, y=5.43[0m
[delivery_robot_main_controller-20] [0m[INFO] [1775024804.096282339] [main_controller_node]:   Waypoint 5: x=-0.16, y=5.65[0m
[delivery_robot_main_controller-20] [0m[INFO] [1775024804.097000978] [main_controller_node]:   Waypoint 6: x=-0.53, y=5.87[0m
[delivery_robot_main_controller-20] [0m[INFO] [1775024804.098002521] [main_controller_node]: Navigating with 7 goals....[0m
[bt_navigator-14] [INFO] [1775024804.099131519] [bt_navigator]: Begin navigating from current location through 7 poses to (-0.53, 5.87)
[controller_server-10] [INFO] [1775024804.099634915] [local_costmap.local_costmap]: Received request to clear entirely the local_costmap
[delivery_robot_main_controller-20] [0m[INFO] [1775024804.100984404] [main_controller_node]: State change: STANDBY -> MOVE[0m
[controller_server-10] [INFO] [1775024804.106675763] [local_costmap.local_costmap]: KeepoutFilter: Subscribing to "/keepout_costmap_filter_info" topic for filter info...
[planner_server-12] [INFO] [1775024804.108312240] [global_costmap.global_costmap]: Received request to clear entirely the global_costmap
[planner_server-12] [INFO] [1775024804.115595161] [global_costmap.global_costmap]: KeepoutFilter: Subscribing to "/keepout_costmap_filter_info" topic for filter info...
[controller_server-10] [INFO] [1775024804.117554209] [local_costmap.local_costmap]: KeepoutFilter: Received filter info from /keepout_costmap_filter_info topic.
[controller_server-10] [INFO] [1775024804.117692162] [local_costmap.local_costmap]: KeepoutFilter: Subscribing to "/keepout_filter_mask" topic for filter mask...
[delivery_robot_main_controller-20] [0m[INFO] [1775024804.129619984] [main_controller_node]: Robot is MOVING.[0m
[controller_server-10] [WARN] [1775024804.128961718] [local_costmap.local_costmap]: KeepoutFilter: New filter mask arrived from /keepout_filter_mask topic. Updating old filter mask.
[planner_server-12] [INFO] [1775024804.134619536] [global_costmap.global_costmap]: KeepoutFilter: Received filter info from /keepout_costmap_filter_info topic.
[planner_server-12] [INFO] [1775024804.134673493] [global_costmap.global_costmap]: KeepoutFilter: Subscribing to "/keepout_filter_mask" topic for filter mask...
[planner_server-12] [WARN] [1775024804.147021589] [global_costmap.global_costmap]: KeepoutFilter: New filter mask arrived from /keepout_filter_mask topic. Updating old filter mask.
[planner_server-12] [WARN] [1775024804.412300925] [planner_server]: GridBased plugin failed to plan from (1.32, 6.09) to (0.59, 5.21): "Start occupied"
[planner_server-12] [WARN] [1775024804.416683627] [planner_server]: [compute_path_through_poses] [ActionServer] Aborting handle.
[bt_navigator-14] [WARN] [1775024804.446059136] [bt_navigator]: [navigate_through_poses] [ActionServer] Aborting handle.
[bt_navigator-14] [ERROR] [1775024804.446679778] [bt_navigator]: Goal failed
[delivery_robot_main_controller-20] [33m[WARN] [1775024804.455214192] [main_controller_node]: Goal failed! (obstacle retry 2/3)[0m
[delivery_robot_main_controller-20] [0m[INFO] [1775024804.478459984] [main_controller_node]: Pre-resume: waiting 3 seconds before wiggle...[0m
[delivery_robot_main_controller-20] [0m[INFO] [1775024804.782045893] [main_controller_node]: Pre-resume: clearing local/global costmaps.[0m
[controller_server-10] [INFO] [1775024804.783943984] [local_costmap.local_costmap]: Received request to clear entirely the local_costmap
[controller_server-10] [INFO] [1775024804.786390971] [local_costmap.local_costmap]: KeepoutFilter: Subscribing to "/keepout_costmap_filter_info" topic for filter info...
[planner_server-12] [INFO] [1775024804.793726974] [global_costmap.global_costmap]: Received request to clear entirely the global_costmap
[planner_server-12] [INFO] [1775024804.798277670] [global_costmap.global_costmap]: KeepoutFilter: Subscribing to "/keepout_costmap_filter_info" topic for filter info...
[controller_server-10] [INFO] [1775024804.803467090] [local_costmap.local_costmap]: KeepoutFilter: Received filter info from /keepout_costmap_filter_info topic.
[controller_server-10] [INFO] [1775024804.803733371] [local_costmap.local_costmap]: KeepoutFilter: Subscribing to "/keepout_filter_mask" topic for filter mask...
[planner_server-12] [INFO] [1775024804.812261660] [global_costmap.global_costmap]: KeepoutFilter: Received filter info from /keepout_costmap_filter_info topic.
[planner_server-12] [INFO] [1775024804.812343907] [global_costmap.global_costmap]: KeepoutFilter: Subscribing to "/keepout_filter_mask" topic for filter mask...
[controller_server-10] [WARN] [1775024804.819010561] [local_costmap.local_costmap]: KeepoutFilter: New filter mask arrived from /keepout_filter_mask topic. Updating old filter mask.
[planner_server-12] [WARN] [1775024804.824206981] [global_costmap.global_costmap]: KeepoutFilter: New filter mask arrived from /keepout_filter_mask topic. Updating old filter mask.
[delivery_robot_main_controller-20] [0m[INFO] [1775024804.845748923] [main_controller_node]: Current state: MOVE, dock_state IDLE, charge_state NOT_CHARGE[0m
[delivery_robot_main_controller-20] [0m[INFO] [1775024805.801781157] [main_controller_node]: Pre-resume wiggle complete. Switching to STANDBY.[0m
[delivery_robot_main_controller-20] [0m[INFO] [1775024805.804209187] [main_controller_node]: State change: MOVE -> STANDBY[0m
[delivery_robot_main_controller-20] [0m[INFO] [1775024805.829271407] [main_controller_node]: Robot is in STANDBY mode.[0m
[delivery_robot_main_controller-20] [0m[INFO] [1775024805.913103019] [main_controller_node]: Current state: STANDBY, dock_state IDLE, charge_state NOT_CHARGE[0m
[delivery_robot_main_controller-20] [0m[INFO] [1775024806.024673080] [main_controller_node]: 1 pending queues [0m
[delivery_robot_main_controller-20] [0m[INFO] [1775024806.030757299] [main_controller_node]: Queue action: Request[0m
[delivery_robot_main_controller-20] [0m[INFO] [1775024806.109412615] [main_controller_node]: AGV start_pos: x=1.32, y=6.09[0m
[delivery_robot_main_controller-20] [0m[INFO] [1775024806.113612741] [main_controller_node]: AGV goal_pos: x=-0.53, y=5.87[0m
[delivery_robot_main_controller-20] [0m[INFO] [1775024806.114350045] [main_controller_node]: Path source: building YAML (/home/smr/workspaces/mini_amr/amrROS2_ws/maps/map_000.building.yaml)[0m
[delivery_robot_main_controller-20] Graph before shortest_path: Graph with 19 nodes and 21 edges
[delivery_robot_main_controller-20] [0m[INFO] [1775024806.186652821] [main_controller_node]: Computed AGV path waypoints:[0m
[delivery_robot_main_controller-20] [0m[INFO] [1775024806.187487246] [main_controller_node]:   Waypoint 0: x=1.32, y=6.09[0m
[delivery_robot_main_controller-20] [0m[INFO] [1775024806.188741947] [main_controller_node]:   Waypoint 1: x=1.08, y=5.80[0m
[delivery_robot_main_controller-20] [0m[INFO] [1775024806.189681076] [main_controller_node]:   Waypoint 2: x=0.83, y=5.50[0m
[delivery_robot_main_controller-20] [0m[INFO] [1775024806.191339136] [main_controller_node]:   Waypoint 3: x=0.59, y=5.21[0m
[delivery_robot_main_controller-20] [0m[INFO] [1775024806.192079065] [main_controller_node]:   Waypoint 4: x=0.22, y=5.43[0m
[delivery_robot_main_controller-20] [0m[INFO] [1775024806.192765621] [main_controller_node]:   Waypoint 5: x=-0.16, y=5.65[0m
[delivery_robot_main_controller-20] [0m[INFO] [1775024806.193468510] [main_controller_node]:   Waypoint 6: x=-0.53, y=5.87[0m
[delivery_robot_main_controller-20] [0m[INFO] [1775024806.194507969] [main_controller_node]: Navigating with 7 goals....[0m
[bt_navigator-14] [INFO] [1775024806.201141375] [bt_navigator]: Begin navigating from current location through 7 poses to (-0.53, 5.87)
[controller_server-10] [INFO] [1775024806.201723518] [local_costmap.local_costmap]: Received request to clear entirely the local_costmap
[delivery_robot_main_controller-20] [0m[INFO] [1775024806.202664398] [main_controller_node]: State change: STANDBY -> MOVE[0m
[controller_server-10] [INFO] [1775024806.211889451] [local_costmap.local_costmap]: KeepoutFilter: Subscribing to "/keepout_costmap_filter_info" topic for filter info...
[planner_server-12] [INFO] [1775024806.214402060] [global_costmap.global_costmap]: Received request to clear entirely the global_costmap
[delivery_robot_main_controller-20] [0m[INFO] [1775024806.228807784] [main_controller_node]: Robot is MOVING.[0m
[planner_server-12] [INFO] [1775024806.228587001] [global_costmap.global_costmap]: KeepoutFilter: Subscribing to "/keepout_costmap_filter_info" topic for filter info...
[controller_server-10] [INFO] [1775024806.233895708] [local_costmap.local_costmap]: KeepoutFilter: Received filter info from /keepout_costmap_filter_info topic.
[controller_server-10] [INFO] [1775024806.233953456] [local_costmap.local_costmap]: KeepoutFilter: Subscribing to "/keepout_filter_mask" topic for filter mask...
[planner_server-12] [INFO] [1775024806.243053973] [global_costmap.global_costmap]: KeepoutFilter: Received filter info from /keepout_costmap_filter_info topic.
[planner_server-12] [INFO] [1775024806.243117262] [global_costmap.global_costmap]: KeepoutFilter: Subscribing to "/keepout_filter_mask" topic for filter mask...
[planner_server-12] [WARN] [1775024806.249633130] [global_costmap.global_costmap]: KeepoutFilter: New filter mask arrived from /keepout_filter_mask topic. Updating old filter mask.
[controller_server-10] [WARN] [1775024806.372157759] [local_costmap.local_costmap]: KeepoutFilter: New filter mask arrived from /keepout_filter_mask topic. Updating old filter mask.
[planner_server-12] [WARN] [1775024806.421442816] [planner_server]: GridBased plugin failed to plan from (1.32, 6.09) to (0.59, 5.21): "Start occupied"
[planner_server-12] [WARN] [1775024806.421761304] [planner_server]: [compute_path_through_poses] [ActionServer] Aborting handle.
[bt_navigator-14] [WARN] [1775024806.451390552] [bt_navigator]: [navigate_through_poses] [ActionServer] Aborting handle.
[bt_navigator-14] [ERROR] [1775024806.451659750] [bt_navigator]: Goal failed
[delivery_robot_main_controller-20] [33m[WARN] [1775024806.453682379] [main_controller_node]: Goal failed! (obstacle retry 3/3)[0m
[delivery_robot_main_controller-20] [0m[INFO] [1775024806.468938861] [main_controller_node]: Pre-resume: waiting 3 seconds before wiggle...[0m
[delivery_robot_main_controller-20] [0m[INFO] [1775024806.773878341] [main_controller_node]: Pre-resume: clearing local/global costmaps.[0m
[controller_server-10] [INFO] [1775024806.776543195] [local_costmap.local_costmap]: Received request to clear entirely the local_costmap
[controller_server-10] [INFO] [1775024806.783538252] [local_costmap.local_costmap]: KeepoutFilter: Subscribing to "/keepout_costmap_filter_info" topic for filter info...
[controller_server-10] [INFO] [1775024806.793926718] [local_costmap.local_costmap]: KeepoutFilter: Received filter info from /keepout_costmap_filter_info topic.
[controller_server-10] [INFO] [1775024806.794050088] [local_costmap.local_costmap]: KeepoutFilter: Subscribing to "/keepout_filter_mask" topic for filter mask...
[controller_server-10] [WARN] [1775024806.803039192] [local_costmap.local_costmap]: KeepoutFilter: New filter mask arrived from /keepout_filter_mask topic. Updating old filter mask.
[planner_server-12] [INFO] [1775024806.808177281] [global_costmap.global_costmap]: Received request to clear entirely the global_costmap
[planner_server-12] [INFO] [1775024806.823920536] [global_costmap.global_costmap]: KeepoutFilter: Subscribing to "/keepout_costmap_filter_info" topic for filter info...
[planner_server-12] [INFO] [1775024806.837756657] [global_costmap.global_costmap]: KeepoutFilter: Received filter info from /keepout_costmap_filter_info topic.
[planner_server-12] [INFO] [1775024806.837880027] [global_costmap.global_costmap]: KeepoutFilter: Subscribing to "/keepout_filter_mask" topic for filter mask...
[planner_server-12] [WARN] [1775024806.853240047] [global_costmap.global_costmap]: KeepoutFilter: New filter mask arrived from /keepout_filter_mask topic. Updating old filter mask.
[delivery_robot_main_controller-20] [0m[INFO] [1775024806.854761612] [main_controller_node]: Current state: MOVE, dock_state IDLE, charge_state NOT_CHARGE[0m
[delivery_robot_main_controller-20] [0m[INFO] [1775024807.839383344] [main_controller_node]: Pre-resume wiggle complete. Switching to STANDBY.[0m
[delivery_robot_main_controller-20] [0m[INFO] [1775024807.840051817] [main_controller_node]: State change: MOVE -> STANDBY[0m
[delivery_robot_main_controller-20] [0m[INFO] [1775024807.864579725] [main_controller_node]: Robot is in STANDBY mode.[0m
[delivery_robot_main_controller-20] [0m[INFO] [1775024807.897288270] [main_controller_node]: Current state: STANDBY, dock_state IDLE, charge_state NOT_CHARGE[0m
[delivery_robot_main_controller-20] [0m[INFO] [1775024807.973904333] [main_controller_node]: 1 pending queues [0m
[delivery_robot_main_controller-20] [0m[INFO] [1775024807.976178952] [main_controller_node]: Queue action: Request[0m
[delivery_robot_main_controller-20] [0m[INFO] [1775024808.017594569] [main_controller_node]: AGV start_pos: x=1.32, y=6.09[0m
[delivery_robot_main_controller-20] [0m[INFO] [1775024808.018262168] [main_controller_node]: AGV goal_pos: x=-0.53, y=5.87[0m
[delivery_robot_main_controller-20] [0m[INFO] [1775024808.018845770] [main_controller_node]: Path source: building YAML (/home/smr/workspaces/mini_amr/amrROS2_ws/maps/map_000.building.yaml)[0m
[delivery_robot_main_controller-20] Graph before shortest_path: Graph with 19 nodes and 21 edges
[delivery_robot_main_controller-20] [0m[INFO] [1775024808.077016394] [main_controller_node]: Computed AGV path waypoints:[0m
[delivery_robot_main_controller-20] [0m[INFO] [1775024808.077775864] [main_controller_node]:   Waypoint 0: x=1.32, y=6.09[0m
[delivery_robot_main_controller-20] [0m[INFO] [1775024808.078437046] [main_controller_node]:   Waypoint 1: x=1.08, y=5.80[0m
[delivery_robot_main_controller-20] [0m[INFO] [1775024808.079075771] [main_controller_node]:   Waypoint 2: x=0.83, y=5.50[0m
[delivery_robot_main_controller-20] [0m[INFO] [1775024808.079710413] [main_controller_node]:   Waypoint 3: x=0.59, y=5.21[0m
[delivery_robot_main_controller-20] [0m[INFO] [1775024808.080360220] [main_controller_node]:   Waypoint 4: x=0.22, y=5.43[0m
[delivery_robot_main_controller-20] [0m[INFO] [1775024808.081035694] [main_controller_node]:   Waypoint 5: x=-0.16, y=5.65[0m
[delivery_robot_main_controller-20] [0m[INFO] [1775024808.081671794] [main_controller_node]:   Waypoint 6: x=-0.53, y=5.87[0m
[delivery_robot_main_controller-20] [0m[INFO] [1775024808.082692878] [main_controller_node]: Navigating with 7 goals....[0m
[bt_navigator-14] [INFO] [1775024808.084218527] [bt_navigator]: Begin navigating from current location through 7 poses to (-0.53, 5.87)
[delivery_robot_main_controller-20] [0m[INFO] [1775024808.084702382] [main_controller_node]: State change: STANDBY -> MOVE[0m
[controller_server-10] [INFO] [1775024808.084600595] [local_costmap.local_costmap]: Received request to clear entirely the local_costmap
[controller_server-10] [INFO] [1775024808.088990297] [local_costmap.local_costmap]: KeepoutFilter: Subscribing to "/keepout_costmap_filter_info" topic for filter info...
[planner_server-12] [INFO] [1775024808.092049176] [global_costmap.global_costmap]: Received request to clear entirely the global_costmap
[controller_server-10] [INFO] [1775024808.097725661] [local_costmap.local_costmap]: KeepoutFilter: Received filter info from /keepout_costmap_filter_info topic.
[controller_server-10] [INFO] [1775024808.097860406] [local_costmap.local_costmap]: KeepoutFilter: Subscribing to "/keepout_filter_mask" topic for filter mask...
[planner_server-12] [INFO] [1775024808.117608085] [global_costmap.global_costmap]: KeepoutFilter: Subscribing to "/keepout_costmap_filter_info" topic for filter info...
[controller_server-10] [WARN] [1775024808.125161954] [local_costmap.local_costmap]: KeepoutFilter: New filter mask arrived from /keepout_filter_mask topic. Updating old filter mask.
[delivery_robot_main_controller-20] [0m[INFO] [1775024808.136395053] [main_controller_node]: Robot is MOVING.[0m
[planner_server-12] [INFO] [1775024808.132041225] [global_costmap.global_costmap]: KeepoutFilter: Received filter info from /keepout_costmap_filter_info topic.
[planner_server-12] [INFO] [1775024808.132168095] [global_costmap.global_costmap]: KeepoutFilter: Subscribing to "/keepout_filter_mask" topic for filter mask...
[planner_server-12] [WARN] [1775024808.143948922] [global_costmap.global_costmap]: KeepoutFilter: New filter mask arrived from /keepout_filter_mask topic. Updating old filter mask.
[planner_server-12] [WARN] [1775024808.414175604] [planner_server]: GridBased plugin failed to plan from (1.32, 6.09) to (0.59, 5.21): "Start occupied"
[planner_server-12] [WARN] [1775024808.414457343] [planner_server]: [compute_path_through_poses] [ActionServer] Aborting handle.
[bt_navigator-14] [WARN] [1775024808.443432410] [bt_navigator]: [navigate_through_poses] [ActionServer] Aborting handle.
[bt_navigator-14] [ERROR] [1775024808.443698107] [bt_navigator]: Goal failed
[delivery_robot_main_controller-20] [33m[WARN] [1775024808.447972606] [main_controller_node]: Goal failed! (obstacle retry 4/3)[0m
[delivery_robot_main_controller-20] [33m[WARN] [1775024808.449191433] [main_controller_node]: 3 obstacle retries exhausted; switching to SAFE_STOP.[0m
[delivery_robot_main_controller-20] [0m[INFO] [1775024808.450155645] [main_controller_node]: State change: MOVE -> SAFE_STOP[0m
[delivery_robot_main_controller-20] [0m[INFO] [1775024808.470868120] [main_controller_node]: Robot is in SAFE_STOP. Awaiting user to switch to STANDBY.[0m
[delivery_robot_main_controller-20] [0m[INFO] [1775024808.472734713] [main_controller_node]: Robot is in SAFE_STOP. Awaiting user to switch to STANDBY.[0m
[delivery_robot_main_controller-20] [0m[INFO] [1775024809.004704703] [main_controller_node]: Current state: SAFE_STOP, dock_state IDLE, charge_state NOT_CHARGE[0m
[delivery_robot_main_controller-20] [0m[INFO] [1775024809.854008936] [main_controller_node]: Current state: SAFE_STOP, dock_state IDLE, charge_state NOT_CHARGE[0m
[delivery_robot_main_controller-20] [0m[INFO] [1775024810.845533854] [main_controller_node]: Current state: SAFE_STOP, dock_state IDLE, charge_state NOT_CHARGE[0m
[delivery_robot_main_controller-20] [0m[INFO] [1775024811.866944969] [main_controller_node]: Current state: SAFE_STOP, dock_state IDLE, charge_state NOT_CHARGE[0m
[delivery_robot_main_controller-20] [0m[INFO] [1775024812.505105441] [main_controller_node]: SAFE_STOP cleared to STANDBY via API/GUI.[0m
[delivery_robot_main_controller-20] [0m[INFO] [1775024812.512589895] [main_controller_node]: Pre-resume: waiting 3 seconds before wiggle...[0m
[delivery_robot_main_controller-20] [0m[INFO] [1775024812.819215726] [main_controller_node]: Pre-resume: clearing local/global costmaps.[0m
[controller_server-10] [INFO] [1775024812.820034694] [local_costmap.local_costmap]: Received request to clear entirely the local_costmap
[controller_server-10] [INFO] [1775024812.823162696] [local_costmap.local_costmap]: KeepoutFilter: Subscribing to "/keepout_costmap_filter_info" topic for filter info...
[controller_server-10] [INFO] [1775024812.827448568] [local_costmap.local_costmap]: KeepoutFilter: Received filter info from /keepout_costmap_filter_info topic.
[controller_server-10] [INFO] [1775024812.827494942] [local_costmap.local_costmap]: KeepoutFilter: Subscribing to "/keepout_filter_mask" topic for filter mask...
[planner_server-12] [INFO] [1775024812.830135296] [global_costmap.global_costmap]: Received request to clear entirely the global_costmap
[controller_server-10] [WARN] [1775024812.835420963] [local_costmap.local_costmap]: KeepoutFilter: New filter mask arrived from /keepout_filter_mask topic. Updating old filter mask.
[planner_server-12] [INFO] [1775024812.843464229] [global_costmap.global_costmap]: KeepoutFilter: Subscribing to "/keepout_costmap_filter_info" topic for filter info...
[planner_server-12] [INFO] [1775024812.854635497] [global_costmap.global_costmap]: KeepoutFilter: Received filter info from /keepout_costmap_filter_info topic.
[planner_server-12] [INFO] [1775024812.854689745] [global_costmap.global_costmap]: KeepoutFilter: Subscribing to "/keepout_filter_mask" topic for filter mask...
[planner_server-12] [WARN] [1775024812.866564485] [global_costmap.global_costmap]: KeepoutFilter: New filter mask arrived from /keepout_filter_mask topic. Updating old filter mask.
[delivery_robot_main_controller-20] [0m[INFO] [1775024812.946145515] [main_controller_node]: Current state: SAFE_STOP, dock_state IDLE, charge_state NOT_CHARGE[0m
[delivery_robot_main_controller-20] [0m[INFO] [1775024813.843858089] [main_controller_node]: Current state: SAFE_STOP, dock_state IDLE, charge_state NOT_CHARGE[0m
[delivery_robot_main_controller-20] [0m[INFO] [1775024813.849865019] [main_controller_node]: Pre-resume wiggle complete. Switching to STANDBY.[0m
[delivery_robot_main_controller-20] [0m[INFO] [1775024813.850482453] [main_controller_node]: State change: SAFE_STOP -> STANDBY[0m
[delivery_robot_main_controller-20] [0m[INFO] [1775024813.868374331] [main_controller_node]: Robot is in STANDBY mode.[0m
[delivery_robot_main_controller-20] [0m[INFO] [1775024813.923819437] [main_controller_node]: 1 pending queues [0m
[delivery_robot_main_controller-20] [0m[INFO] [1775024813.927736658] [main_controller_node]: Queue action: Request[0m
[delivery_robot_main_controller-20] [0m[INFO] [1775024813.956090207] [main_controller_node]: AGV start_pos: x=1.32, y=6.09[0m
[delivery_robot_main_controller-20] [0m[INFO] [1775024813.956658351] [main_controller_node]: AGV goal_pos: x=-0.53, y=5.87[0m
[delivery_robot_main_controller-20] [0m[INFO] [1775024813.957222121] [main_controller_node]: Path source: building YAML (/home/smr/workspaces/mini_amr/amrROS2_ws/maps/map_000.building.yaml)[0m
[delivery_robot_main_controller-20] Graph before shortest_path: Graph with 19 nodes and 21 edges
[delivery_robot_main_controller-20] [0m[INFO] [1775024814.007392935] [main_controller_node]: Computed AGV path waypoints:[0m
[delivery_robot_main_controller-20] [0m[INFO] [1775024814.009069952] [main_controller_node]:   Waypoint 0: x=1.32, y=6.09[0m
[delivery_robot_main_controller-20] [0m[INFO] [1775024814.009771966] [main_controller_node]:   Waypoint 1: x=1.08, y=5.80[0m
[delivery_robot_main_controller-20] [0m[INFO] [1775024814.011845926] [main_controller_node]:   Waypoint 2: x=0.83, y=5.50[0m
[delivery_robot_main_controller-20] [0m[INFO] [1775024814.012610063] [main_controller_node]:   Waypoint 3: x=0.59, y=5.21[0m
[delivery_robot_main_controller-20] [0m[INFO] [1775024814.013462571] [main_controller_node]:   Waypoint 4: x=0.22, y=5.43[0m
[delivery_robot_main_controller-20] [0m[INFO] [1775024814.014146794] [main_controller_node]:   Waypoint 5: x=-0.16, y=5.65[0m
[delivery_robot_main_controller-20] [0m[INFO] [1775024814.017850523] [main_controller_node]:   Waypoint 6: x=-0.53, y=5.87[0m
[delivery_robot_main_controller-20] [0m[INFO] [1775024814.018883565] [main_controller_node]: Navigating with 7 goals....[0m
[bt_navigator-14] [INFO] [1775024814.020319967] [bt_navigator]: Begin navigating from current location through 7 poses to (-0.53, 5.87)
[controller_server-10] [INFO] [1775024814.020602581] [local_costmap.local_costmap]: Received request to clear entirely the local_costmap
[delivery_robot_main_controller-20] [0m[INFO] [1775024814.020780199] [main_controller_node]: State change: STANDBY -> MOVE[0m
[controller_server-10] [INFO] [1775024814.031762766] [local_costmap.local_costmap]: KeepoutFilter: Subscribing to "/keepout_costmap_filter_info" topic for filter info...
[planner_server-12] [INFO] [1775024814.037396961] [global_costmap.global_costmap]: Received request to clear entirely the global_costmap
[planner_server-12] [INFO] [1775024814.043069070] [global_costmap.global_costmap]: KeepoutFilter: Subscribing to "/keepout_costmap_filter_info" topic for filter info...
[controller_server-10] [INFO] [1775024814.046137283] [local_costmap.local_costmap]: KeepoutFilter: Received filter info from /keepout_costmap_filter_info topic.
[controller_server-10] [INFO] [1775024814.046240820] [local_costmap.local_costmap]: KeepoutFilter: Subscribing to "/keepout_filter_mask" topic for filter mask...
[delivery_robot_main_controller-20] [0m[INFO] [1775024814.054208840] [main_controller_node]: Robot is MOVING.[0m
[planner_server-12] [INFO] [1775024814.054121635] [global_costmap.global_costmap]: KeepoutFilter: Received filter info from /keepout_costmap_filter_info topic.
[planner_server-12] [INFO] [1775024814.054177633] [global_costmap.global_costmap]: KeepoutFilter: Subscribing to "/keepout_filter_mask" topic for filter mask...
[controller_server-10] [WARN] [1775024814.056925608] [local_costmap.local_costmap]: KeepoutFilter: New filter mask arrived from /keepout_filter_mask topic. Updating old filter mask.
[planner_server-12] [WARN] [1775024814.065330818] [global_costmap.global_costmap]: KeepoutFilter: New filter mask arrived from /keepout_filter_mask topic. Updating old filter mask.
[planner_server-12] [WARN] [1775024814.420599481] [planner_server]: GridBased plugin failed to plan from (1.32, 6.09) to (0.59, 5.21): "Start occupied"
[planner_server-12] [WARN] [1775024814.420681145] [planner_server]: [compute_path_through_poses] [ActionServer] Aborting handle.
[bt_navigator-14] [WARN] [1775024814.440890515] [bt_navigator]: [navigate_through_poses] [ActionServer] Aborting handle.
[bt_navigator-14] [ERROR] [1775024814.443257880] [bt_navigator]: Goal failed
[delivery_robot_main_controller-20] [33m[WARN] [1775024814.472248987] [main_controller_node]: Goal failed! (obstacle retry 1/3)[0m
[delivery_robot_main_controller-20] [0m[INFO] [1775024814.475033128] [main_controller_node]: Pre-resume: waiting 3 seconds before wiggle...[0m
[delivery_robot_main_controller-20] [0m[INFO] [1775024814.781746163] [main_controller_node]: Pre-resume: clearing local/global costmaps.[0m
[controller_server-10] [INFO] [1775024814.791078545] [local_costmap.local_costmap]: Received request to clear entirely the local_costmap
[controller_server-10] [INFO] [1775024814.803435392] [local_costmap.local_costmap]: KeepoutFilter: Subscribing to "/keepout_costmap_filter_info" topic for filter info...
[planner_server-12] [INFO] [1775024814.813168800] [global_costmap.global_costmap]: Received request to clear entirely the global_costmap
[controller_server-10] [INFO] [1775024814.818061899] [local_costmap.local_costmap]: KeepoutFilter: Received filter info from /keepout_costmap_filter_info topic.
[controller_server-10] [INFO] [1775024814.818152020] [local_costmap.local_costmap]: KeepoutFilter: Subscribing to "/keepout_filter_mask" topic for filter mask...
[planner_server-12] [INFO] [1775024814.828121669] [global_costmap.global_costmap]: KeepoutFilter: Subscribing to "/keepout_costmap_filter_info" topic for filter info...
[controller_server-10] [WARN] [1775024814.839064571] [local_costmap.local_costmap]: KeepoutFilter: New filter mask arrived from /keepout_filter_mask topic. Updating old filter mask.
[planner_server-12] [INFO] [1775024814.840476182] [global_costmap.global_costmap]: KeepoutFilter: Received filter info from /keepout_costmap_filter_info topic.
[planner_server-12] [INFO] [1775024814.840580594] [global_costmap.global_costmap]: KeepoutFilter: Subscribing to "/keepout_filter_mask" topic for filter mask...
[delivery_robot_main_controller-20] [0m[INFO] [1775024814.851909939] [main_controller_node]: Current state: MOVE, dock_state IDLE, charge_state NOT_CHARGE[0m
[planner_server-12] [WARN] [1775024814.854350510] [global_costmap.global_costmap]: KeepoutFilter: New filter mask arrived from /keepout_filter_mask topic. Updating old filter mask.
[delivery_robot_main_controller-20] [0m[INFO] [1775024815.834085268] [main_controller_node]: Pre-resume wiggle complete. Switching to STANDBY.[0m
[delivery_robot_main_controller-20] [0m[INFO] [1775024815.834745283] [main_controller_node]: State change: MOVE -> STANDBY[0m
[delivery_robot_main_controller-20] [0m[INFO] [1775024815.856123899] [main_controller_node]: Robot is in STANDBY mode.[0m
[delivery_robot_main_controller-20] [0m[INFO] [1775024815.907302090] [main_controller_node]: Current state: STANDBY, dock_state IDLE, charge_state NOT_CHARGE[0m
[delivery_robot_main_controller-20] [0m[INFO] [1775024816.013762061] [main_controller_node]: 1 pending queues [0m
[delivery_robot_main_controller-20] [0m[INFO] [1775024816.016286336] [main_controller_node]: Queue action: Request[0m
[delivery_robot_main_controller-20] [0m[INFO] [1775024816.060686461] [main_controller_node]: AGV start_pos: x=1.32, y=6.09[0m
[delivery_robot_main_controller-20] [0m[INFO] [1775024816.061317895] [main_controller_node]: AGV goal_pos: x=-0.53, y=5.87[0m
[delivery_robot_main_controller-20] [0m[INFO] [1775024816.061888372] [main_controller_node]: Path source: building YAML (/home/smr/workspaces/mini_amr/amrROS2_ws/maps/map_000.building.yaml)[0m
[delivery_robot_main_controller-20] Graph before shortest_path: Graph with 19 nodes and 21 edges
[delivery_robot_main_controller-20] [0m[INFO] [1775024816.110993478] [main_controller_node]: Computed AGV path waypoints:[0m
[delivery_robot_main_controller-20] [0m[INFO] [1775024816.112153683] [main_controller_node]:   Waypoint 0: x=1.32, y=6.09[0m
[delivery_robot_main_controller-20] [0m[INFO] [1775024816.113940070] [main_controller_node]:   Waypoint 1: x=1.08, y=5.80[0m
[delivery_robot_main_controller-20] [0m[INFO] [1775024816.114733081] [main_controller_node]:   Waypoint 2: x=0.83, y=5.50[0m
[delivery_robot_main_controller-20] [0m[INFO] [1775024816.115408846] [main_controller_node]:   Waypoint 3: x=0.59, y=5.21[0m
[delivery_robot_main_controller-20] [0m[INFO] [1775024816.116165399] [main_controller_node]:   Waypoint 4: x=0.22, y=5.43[0m
[delivery_robot_main_controller-20] [0m[INFO] [1775024816.118416394] [main_controller_node]:   Waypoint 5: x=-0.16, y=5.65[0m
[delivery_robot_main_controller-20] [0m[INFO] [1775024816.122138206] [main_controller_node]:   Waypoint 6: x=-0.53, y=5.87[0m
[delivery_robot_main_controller-20] [0m[INFO] [1775024816.123870637] [main_controller_node]: Navigating with 7 goals....[0m
[bt_navigator-14] [INFO] [1775024816.126835604] [bt_navigator]: Begin navigating from current location through 7 poses to (-0.53, 5.87)
[controller_server-10] [INFO] [1775024816.127414539] [local_costmap.local_costmap]: Received request to clear entirely the local_costmap
[delivery_robot_main_controller-20] [0m[INFO] [1775024816.130634704] [main_controller_node]: State change: STANDBY -> MOVE[0m
[controller_server-10] [INFO] [1775024816.149235013] [local_costmap.local_costmap]: KeepoutFilter: Subscribing to "/keepout_costmap_filter_info" topic for filter info...
[delivery_robot_main_controller-20] [0m[INFO] [1775024816.155017368] [main_controller_node]: Robot is MOVING.[0m
[planner_server-12] [INFO] [1775024816.152145440] [global_costmap.global_costmap]: Received request to clear entirely the global_costmap
[planner_server-12] [INFO] [1775024816.160597023] [global_costmap.global_costmap]: KeepoutFilter: Subscribing to "/keepout_costmap_filter_info" topic for filter info...
[controller_server-10] [INFO] [1775024816.160118709] [local_costmap.local_costmap]: KeepoutFilter: Received filter info from /keepout_costmap_filter_info topic.
[controller_server-10] [INFO] [1775024816.160211747] [local_costmap.local_costmap]: KeepoutFilter: Subscribing to "/keepout_filter_mask" topic for filter mask...
[controller_server-10] [WARN] [1775024816.166986605] [local_costmap.local_costmap]: KeepoutFilter: New filter mask arrived from /keepout_filter_mask topic. Updating old filter mask.
[planner_server-12] [INFO] [1775024816.171275686] [global_costmap.global_costmap]: KeepoutFilter: Received filter info from /keepout_costmap_filter_info topic.
[planner_server-12] [INFO] [1775024816.171331975] [global_costmap.global_costmap]: KeepoutFilter: Subscribing to "/keepout_filter_mask" topic for filter mask...
[planner_server-12] [WARN] [1775024816.184065640] [global_costmap.global_costmap]: KeepoutFilter: New filter mask arrived from /keepout_filter_mask topic. Updating old filter mask.
[planner_server-12] [WARN] [1775024816.441443745] [planner_server]: GridBased plugin failed to plan from (1.32, 6.09) to (0.59, 5.21): "Start occupied"
[planner_server-12] [WARN] [1775024816.441526575] [planner_server]: [compute_path_through_poses] [ActionServer] Aborting handle.
[bt_navigator-14] [WARN] [1775024816.469566595] [bt_navigator]: [navigate_through_poses] [ActionServer] Aborting handle.
[bt_navigator-14] [ERROR] [1775024816.470562014] [bt_navigator]: Goal failed
[delivery_robot_main_controller-20] [33m[WARN] [1775024816.474575481] [main_controller_node]: Goal failed! (obstacle retry 2/3)[0m
[delivery_robot_main_controller-20] [0m[INFO] [1775024816.482923527] [main_controller_node]: Pre-resume: waiting 3 seconds before wiggle...[0m
[delivery_robot_main_controller-20] [0m[INFO] [1775024816.792874810] [main_controller_node]: Pre-resume: clearing local/global costmaps.[0m
[controller_server-10] [INFO] [1775024816.795167803] [local_costmap.local_costmap]: Received request to clear entirely the local_costmap
[controller_server-10] [INFO] [1775024816.805398483] [local_costmap.local_costmap]: KeepoutFilter: Subscribing to "/keepout_costmap_filter_info" topic for filter info...
[controller_server-10] [INFO] [1775024816.815818155] [local_costmap.local_costmap]: KeepoutFilter: Received filter info from /keepout_costmap_filter_info topic.
[controller_server-10] [INFO] [1775024816.815944150] [local_costmap.local_costmap]: KeepoutFilter: Subscribing to "/keepout_filter_mask" topic for filter mask...
[planner_server-12] [INFO] [1775024816.816830782] [global_costmap.global_costmap]: Received request to clear entirely the global_costmap
[planner_server-12] [INFO] [1775024816.818466968] [global_costmap.global_costmap]: KeepoutFilter: Subscribing to "/keepout_costmap_filter_info" topic for filter info...
[planner_server-12] [INFO] [1775024816.830981891] [global_costmap.global_costmap]: KeepoutFilter: Received filter info from /keepout_costmap_filter_info topic.
[planner_server-12] [INFO] [1775024816.831103220] [global_costmap.global_costmap]: KeepoutFilter: Subscribing to "/keepout_filter_mask" topic for filter mask...
[controller_server-10] [WARN] [1775024816.835336594] [local_costmap.local_costmap]: KeepoutFilter: New filter mask arrived from /keepout_filter_mask topic. Updating old filter mask.
[planner_server-12] [WARN] [1775024816.848070259] [global_costmap.global_costmap]: KeepoutFilter: New filter mask arrived from /keepout_filter_mask topic. Updating old filter mask.
[delivery_robot_main_controller-20] [0m[INFO] [1775024816.908000439] [main_controller_node]: Current state: MOVE, dock_state IDLE, charge_state NOT_CHARGE[0m
[delivery_robot_main_controller-20] [0m[INFO] [1775024817.833726784] [main_controller_node]: Pre-resume wiggle complete. Switching to STANDBY.[0m
[delivery_robot_main_controller-20] [0m[INFO] [1775024817.841179448] [main_controller_node]: State change: MOVE -> STANDBY[0m
[delivery_robot_main_controller-20] [0m[INFO] [1775024817.891796786] [main_controller_node]: Robot is in STANDBY mode.[0m
[delivery_robot_main_controller-20] [0m[INFO] [1775024817.991682266] [main_controller_node]: Current state: STANDBY, dock_state IDLE, charge_state NOT_CHARGE[0m
[delivery_robot_main_controller-20] [0m[INFO] [1775024818.145187674] [main_controller_node]: 1 pending queues [0m
[delivery_robot_main_controller-20] [0m[INFO] [1775024818.149440298] [main_controller_node]: Queue action: Request[0m
[delivery_robot_main_controller-20] [0m[INFO] [1775024818.218459327] [main_controller_node]: AGV start_pos: x=1.32, y=6.09[0m
[delivery_robot_main_controller-20] [0m[INFO] [1775024818.219031555] [main_controller_node]: AGV goal_pos: x=-0.53, y=5.87[0m
[delivery_robot_main_controller-20] [0m[INFO] [1775024818.219579867] [main_controller_node]: Path source: building YAML (/home/smr/workspaces/mini_amr/amrROS2_ws/maps/map_000.building.yaml)[0m
[delivery_robot_main_controller-20] Graph before shortest_path: Graph with 19 nodes and 21 edges
[delivery_robot_main_controller-20] [0m[INFO] [1775024818.269157454] [main_controller_node]: Computed AGV path waypoints:[0m
[delivery_robot_main_controller-20] [0m[INFO] [1775024818.271699812] [main_controller_node]:   Waypoint 0: x=1.32, y=6.09[0m
[delivery_robot_main_controller-20] [0m[INFO] [1775024818.272420201] [main_controller_node]:   Waypoint 1: x=1.08, y=5.80[0m
[delivery_robot_main_controller-20] [0m[INFO] [1775024818.279443549] [main_controller_node]:   Waypoint 2: x=0.83, y=5.50[0m
[delivery_robot_main_controller-20] [0m[INFO] [1775024818.280254933] [main_controller_node]:   Waypoint 3: x=0.59, y=5.21[0m
[delivery_robot_main_controller-20] [0m[INFO] [1775024818.281058735] [main_controller_node]:   Waypoint 4: x=0.22, y=5.43[0m
[delivery_robot_main_controller-20] [0m[INFO] [1775024818.281737417] [main_controller_node]:   Waypoint 5: x=-0.16, y=5.65[0m
[delivery_robot_main_controller-20] [0m[INFO] [1775024818.285188572] [main_controller_node]:   Waypoint 6: x=-0.53, y=5.87[0m
[delivery_robot_main_controller-20] [0m[INFO] [1775024818.286441815] [main_controller_node]: Navigating with 7 goals....[0m
[bt_navigator-14] [INFO] [1775024818.289861471] [bt_navigator]: Begin navigating from current location through 7 poses to (-0.53, 5.87)
[controller_server-10] [INFO] [1775024818.290550361] [local_costmap.local_costmap]: Received request to clear entirely the local_costmap
[controller_server-10] [INFO] [1775024818.295100182] [local_costmap.local_costmap]: KeepoutFilter: Subscribing to "/keepout_costmap_filter_info" topic for filter info...
[planner_server-12] [INFO] [1775024818.296876362] [global_costmap.global_costmap]: Received request to clear entirely the global_costmap
[controller_server-10] [INFO] [1775024818.298959946] [local_costmap.local_costmap]: KeepoutFilter: Received filter info from /keepout_costmap_filter_info topic.
[controller_server-10] [INFO] [1775024818.299022360] [local_costmap.local_costmap]: KeepoutFilter: Subscribing to "/keepout_filter_mask" topic for filter mask...
[delivery_robot_main_controller-20] [0m[INFO] [1775024818.302155029] [main_controller_node]: State change: STANDBY -> MOVE[0m
[controller_server-10] [WARN] [1775024818.306460442] [local_costmap.local_costmap]: KeepoutFilter: New filter mask arrived from /keepout_filter_mask topic. Updating old filter mask.
[planner_server-12] [INFO] [1775024818.306690850] [global_costmap.global_costmap]: KeepoutFilter: Subscribing to "/keepout_costmap_filter_info" topic for filter info...
[planner_server-12] [INFO] [1775024818.318599130] [global_costmap.global_costmap]: KeepoutFilter: Received filter info from /keepout_costmap_filter_info topic.
[planner_server-12] [INFO] [1775024818.318659795] [global_costmap.global_costmap]: KeepoutFilter: Subscribing to "/keepout_filter_mask" topic for filter mask...
[delivery_robot_main_controller-20] [0m[INFO] [1775024818.329218587] [main_controller_node]: Robot is MOVING.[0m
[planner_server-12] [WARN] [1775024818.333076893] [global_costmap.global_costmap]: KeepoutFilter: New filter mask arrived from /keepout_filter_mask topic. Updating old filter mask.
[planner_server-12] [WARN] [1775024818.414274276] [planner_server]: GridBased plugin failed to plan from (1.32, 6.09) to (0.59, 5.21): "Start occupied"
[planner_server-12] [WARN] [1775024818.414354189] [planner_server]: [compute_path_through_poses] [ActionServer] Aborting handle.
[bt_navigator-14] [WARN] [1775024818.440426703] [bt_navigator]: [navigate_through_poses] [ActionServer] Aborting handle.
[bt_navigator-14] [ERROR] [1775024818.442034015] [bt_navigator]: Goal failed
[delivery_robot_main_controller-20] [33m[WARN] [1775024818.443734365] [main_controller_node]: Goal failed! (obstacle retry 3/3)[0m
[delivery_robot_main_controller-20] [0m[INFO] [1775024818.459315459] [main_controller_node]: Pre-resume: waiting 3 seconds before wiggle...[0m
[delivery_robot_main_controller-20] [0m[INFO] [1775024818.767976460] [main_controller_node]: Pre-resume: clearing local/global costmaps.[0m
[controller_server-10] [INFO] [1775024818.772837185] [local_costmap.local_costmap]: Received request to clear entirely the local_costmap
[controller_server-10] [INFO] [1775024818.783922414] [local_costmap.local_costmap]: KeepoutFilter: Subscribing to "/keepout_costmap_filter_info" topic for filter info...
[controller_server-10] [INFO] [1775024818.791931557] [local_costmap.local_costmap]: KeepoutFilter: Received filter info from /keepout_costmap_filter_info topic.
[controller_server-10] [INFO] [1775024818.792021970] [local_costmap.local_costmap]: KeepoutFilter: Subscribing to "/keepout_filter_mask" topic for filter mask...
[controller_server-10] [WARN] [1775024818.796723160] [local_costmap.local_costmap]: KeepoutFilter: New filter mask arrived from /keepout_filter_mask topic. Updating old filter mask.
[planner_server-12] [INFO] [1775024818.799000112] [global_costmap.global_costmap]: Received request to clear entirely the global_costmap
[planner_server-12] [INFO] [1775024818.802065699] [global_costmap.global_costmap]: KeepoutFilter: Subscribing to "/keepout_costmap_filter_info" topic for filter info...
[planner_server-12] [INFO] [1775024818.814801406] [global_costmap.global_costmap]: KeepoutFilter: Received filter info from /keepout_costmap_filter_info topic.
[planner_server-12] [INFO] [1775024818.814857403] [global_costmap.global_costmap]: KeepoutFilter: Subscribing to "/keepout_filter_mask" topic for filter mask...
[planner_server-12] [WARN] [1775024818.830248630] [global_costmap.global_costmap]: KeepoutFilter: New filter mask arrived from /keepout_filter_mask topic. Updating old filter mask.
[delivery_robot_main_controller-20] [0m[INFO] [1775024818.920539821] [main_controller_node]: Current state: MOVE, dock_state IDLE, charge_state NOT_CHARGE[0m
[delivery_robot_main_controller-20] [0m[INFO] [1775024819.826315494] [main_controller_node]: Pre-resume wiggle complete. Switching to STANDBY.[0m
[delivery_robot_main_controller-20] [0m[INFO] [1775024819.835937490] [main_controller_node]: State change: MOVE -> STANDBY[0m
[delivery_robot_main_controller-20] [0m[INFO] [1775024819.871713955] [main_controller_node]: Current state: STANDBY, dock_state IDLE, charge_state NOT_CHARGE[0m
[delivery_robot_main_controller-20] [0m[INFO] [1775024819.888602831] [main_controller_node]: Robot is in STANDBY mode.[0m
[delivery_robot_main_controller-20] [0m[INFO] [1775024820.036156140] [main_controller_node]: 1 pending queues [0m
[delivery_robot_main_controller-20] [0m[INFO] [1775024820.045294571] [main_controller_node]: Queue action: Request[0m
[delivery_robot_main_controller-20] [0m[INFO] [1775024820.097546928] [main_controller_node]: AGV start_pos: x=1.32, y=6.09[0m
[delivery_robot_main_controller-20] [0m[INFO] [1775024820.098223277] [main_controller_node]: AGV goal_pos: x=-0.53, y=5.87[0m
[delivery_robot_main_controller-20] [0m[INFO] [1775024820.098821753] [main_controller_node]: Path source: building YAML (/home/smr/workspaces/mini_amr/amrROS2_ws/maps/map_000.building.yaml)[0m
[delivery_robot_main_controller-20] Graph before shortest_path: Graph with 19 nodes and 21 edges
[delivery_robot_main_controller-20] [0m[INFO] [1775024820.219226049] [main_controller_node]: Computed AGV path waypoints:[0m
[delivery_robot_main_controller-20] [0m[INFO] [1775024820.226977077] [main_controller_node]:   Waypoint 0: x=1.32, y=6.09[0m
[delivery_robot_main_controller-20] [0m[INFO] [1775024820.227735964] [main_controller_node]:   Waypoint 1: x=1.08, y=5.80[0m
[delivery_robot_main_controller-20] [0m[INFO] [1775024820.228424853] [main_controller_node]:   Waypoint 2: x=0.83, y=5.50[0m
[delivery_robot_main_controller-20] [0m[INFO] [1775024820.229468979] [main_controller_node]:   Waypoint 3: x=0.59, y=5.21[0m
[delivery_robot_main_controller-20] [0m[INFO] [1775024820.230333445] [main_controller_node]:   Waypoint 4: x=0.22, y=5.43[0m
[delivery_robot_main_controller-20] [0m[INFO] [1775024820.231075124] [main_controller_node]:   Waypoint 5: x=-0.16, y=5.65[0m
[delivery_robot_main_controller-20] [0m[INFO] [1775024820.231752347] [main_controller_node]:   Waypoint 6: x=-0.53, y=5.87[0m
[delivery_robot_main_controller-20] [0m[INFO] [1775024820.232760016] [main_controller_node]: Navigating with 7 goals....[0m
[bt_navigator-14] [INFO] [1775024820.234346620] [bt_navigator]: Begin navigating from current location through 7 poses to (-0.53, 5.87)
[controller_server-10] [INFO] [1775024820.234594527] [local_costmap.local_costmap]: Received request to clear entirely the local_costmap
[delivery_robot_main_controller-20] [0m[INFO] [1775024820.244959368] [main_controller_node]: State change: STANDBY -> MOVE[0m
[controller_server-10] [INFO] [1775024820.240153474] [local_costmap.local_costmap]: KeepoutFilter: Subscribing to "/keepout_costmap_filter_info" topic for filter info...
[controller_server-10] [INFO] [1775024820.258106308] [local_costmap.local_costmap]: KeepoutFilter: Received filter info from /keepout_costmap_filter_info topic.
[controller_server-10] [INFO] [1775024820.258154140] [local_costmap.local_costmap]: KeepoutFilter: Subscribing to "/keepout_filter_mask" topic for filter mask...
[planner_server-12] [INFO] [1775024820.245633092] [global_costmap.global_costmap]: Received request to clear entirely the global_costmap
[planner_server-12] [INFO] [1775024820.255241671] [global_costmap.global_costmap]: KeepoutFilter: Subscribing to "/keepout_costmap_filter_info" topic for filter info...
[planner_server-12] [INFO] [1775024820.267255823] [global_costmap.global_costmap]: KeepoutFilter: Received filter info from /keepout_costmap_filter_info topic.
[planner_server-12] [INFO] [1775024820.267303362] [global_costmap.global_costmap]: KeepoutFilter: Subscribing to "/keepout_filter_mask" topic for filter mask...
[controller_server-10] [WARN] [1775024820.271566194] [local_costmap.local_costmap]: KeepoutFilter: New filter mask arrived from /keepout_filter_mask topic. Updating old filter mask.
[planner_server-12] [WARN] [1775024820.278989693] [global_costmap.global_costmap]: KeepoutFilter: New filter mask arrived from /keepout_filter_mask topic. Updating old filter mask.
[delivery_robot_main_controller-20] [0m[INFO] [1775024820.284784007] [main_controller_node]: Robot is MOVING.[0m
[planner_server-12] [WARN] [1775024820.430898581] [planner_server]: GridBased plugin failed to plan from (1.32, 6.09) to (0.59, 5.21): "Start occupied"
[planner_server-12] [WARN] [1775024820.430998035] [planner_server]: [compute_path_through_poses] [ActionServer] Aborting handle.
[bt_navigator-14] [WARN] [1775024820.458232212] [bt_navigator]: [navigate_through_poses] [ActionServer] Aborting handle.
[bt_navigator-14] [ERROR] [1775024820.458890186] [bt_navigator]: Goal failed
[delivery_robot_main_controller-20] [33m[WARN] [1775024820.469713509] [main_controller_node]: Goal failed! (obstacle retry 4/3)[0m
[delivery_robot_main_controller-20] [33m[WARN] [1775024820.474436573] [main_controller_node]: 3 obstacle retries exhausted; switching to SAFE_STOP.[0m
[delivery_robot_main_controller-20] [0m[INFO] [1775024820.475438409] [main_controller_node]: State change: MOVE -> SAFE_STOP[0m
[delivery_robot_main_controller-20] [0m[INFO] [1775024820.502176771] [main_controller_node]: Robot is in SAFE_STOP. Awaiting user to switch to STANDBY.[0m
[delivery_robot_main_controller-20] [0m[INFO] [1775024820.504737212] [main_controller_node]: Robot is in SAFE_STOP. Awaiting user to switch to STANDBY.[0m
[delivery_robot_main_controller-20] [0m[INFO] [1775024820.853427010] [main_controller_node]: Current state: SAFE_STOP, dock_state IDLE, charge_state NOT_CHARGE[0m
[delivery_robot_main_controller-20] [0m[INFO] [1775024821.878992170] [main_controller_node]: Current state: SAFE_STOP, dock_state IDLE, charge_state NOT_CHARGE[0m
[delivery_robot_main_controller-20] [0m[INFO] [1775024822.886635703] [main_controller_node]: Current state: SAFE_STOP, dock_state IDLE, charge_state NOT_CHARGE[0m
[delivery_robot_main_controller-20] [0m[INFO] [1775024823.848301548] [main_controller_node]: Current state: SAFE_STOP, dock_state IDLE, charge_state NOT_CHARGE[0m
[delivery_robot_main_controller-20] [0m[INFO] [1775024824.844835352] [main_controller_node]: Current state: SAFE_STOP, dock_state IDLE, charge_state NOT_CHARGE[0m
[delivery_robot_main_controller-20] [0m[INFO] [1775024825.884605869] [main_controller_node]: Current state: SAFE_STOP, dock_state IDLE, charge_state NOT_CHARGE[0m
[delivery_robot_main_controller-20] [0m[INFO] [1775024826.875094244] [main_controller_node]: Current state: SAFE_STOP, dock_state IDLE, charge_state NOT_CHARGE[0m
[delivery_robot_main_controller-20] [0m[INFO] [1775024827.850376303] [main_controller_node]: Current state: SAFE_STOP, dock_state IDLE, charge_state NOT_CHARGE[0m
[delivery_robot_main_controller-20] [0m[INFO] [1775024828.898362162] [main_controller_node]: Current state: SAFE_STOP, dock_state IDLE, charge_state NOT_CHARGE[0m
[delivery_robot_main_controller-20] [0m[INFO] [1775024829.877754517] [main_controller_node]: Current state: SAFE_STOP, dock_state IDLE, charge_state NOT_CHARGE[0m
[delivery_robot_main_controller-20] [0m[INFO] [1775024830.881505037] [main_controller_node]: Current state: SAFE_STOP, dock_state IDLE, charge_state NOT_CHARGE[0m
[delivery_robot_main_controller-20] [0m[INFO] [1775024831.543260703] [main_controller_node]: SAFE_STOP cleared to STANDBY via API/GUI.[0m
[delivery_robot_main_controller-20] [0m[INFO] [1775024831.544533778] [main_controller_node]: Pre-resume: waiting 3 seconds before wiggle...[0m
[delivery_robot_main_controller-20] [0m[INFO] [1775024831.845742406] [main_controller_node]: Pre-resume: clearing local/global costmaps.[0m
[controller_server-10] [INFO] [1775024831.846529583] [local_costmap.local_costmap]: Received request to clear entirely the local_costmap
[controller_server-10] [INFO] [1775024831.854484770] [local_costmap.local_costmap]: KeepoutFilter: Subscribing to "/keepout_costmap_filter_info" topic for filter info...
[planner_server-12] [INFO] [1775024831.862324752] [global_costmap.global_costmap]: Received request to clear entirely the global_costmap
[planner_server-12] [INFO] [1775024831.865341342] [global_costmap.global_costmap]: KeepoutFilter: Subscribing to "/keepout_costmap_filter_info" topic for filter info...
[controller_server-10] [INFO] [1775024831.866331803] [local_costmap.local_costmap]: KeepoutFilter: Received filter info from /keepout_costmap_filter_info topic.
[controller_server-10] [INFO] [1775024831.866425132] [local_costmap.local_costmap]: KeepoutFilter: Subscribing to "/keepout_filter_mask" topic for filter mask...
[planner_server-12] [INFO] [1775024831.876513776] [global_costmap.global_costmap]: KeepoutFilter: Received filter info from /keepout_costmap_filter_info topic.
[planner_server-12] [INFO] [1775024831.876565399] [global_costmap.global_costmap]: KeepoutFilter: Subscribing to "/keepout_filter_mask" topic for filter mask...
[controller_server-10] [WARN] [1775024831.883482585] [local_costmap.local_costmap]: KeepoutFilter: New filter mask arrived from /keepout_filter_mask topic. Updating old filter mask.
[planner_server-12] [WARN] [1775024831.888451222] [global_costmap.global_costmap]: KeepoutFilter: New filter mask arrived from /keepout_filter_mask topic. Updating old filter mask.
[delivery_robot_main_controller-20] [0m[INFO] [1775024831.897911933] [main_controller_node]: Current state: SAFE_STOP, dock_state IDLE, charge_state NOT_CHARGE[0m
[delivery_robot_main_controller-20] [0m[INFO] [1775024832.840193500] [main_controller_node]: Current state: SAFE_STOP, dock_state IDLE, charge_state NOT_CHARGE[0m
[delivery_robot_main_controller-20] [0m[INFO] [1775024832.885070773] [main_controller_node]: Pre-resume wiggle complete. Switching to STANDBY.[0m
[delivery_robot_main_controller-20] [0m[INFO] [1775024832.891986209] [main_controller_node]: State change: SAFE_STOP -> STANDBY[0m
[delivery_robot_main_controller-20] [0m[INFO] [1775024832.916519367] [main_controller_node]: Robot is in STANDBY mode.[0m
[delivery_robot_main_controller-20] [0m[INFO] [1775024833.900010352] [main_controller_node]: Current state: STANDBY, dock_state IDLE, charge_state NOT_CHARGE[0m
[delivery_robot_main_controller-20] [0m[INFO] [1775024833.989462743] [main_controller_node]: 1 pending queues [0m
[delivery_robot_main_controller-20] [0m[INFO] [1775024833.990961267] [main_controller_node]: Queue action: Request[0m
[delivery_robot_main_controller-20] [0m[INFO] [1775024834.031209097] [main_controller_node]: AGV start_pos: x=1.32, y=6.09[0m
[delivery_robot_main_controller-20] [0m[INFO] [1775024834.031767617] [main_controller_node]: AGV goal_pos: x=-0.53, y=5.87[0m
[delivery_robot_main_controller-20] [0m[INFO] [1775024834.032316220] [main_controller_node]: Path source: building YAML (/home/smr/workspaces/mini_amr/amrROS2_ws/maps/map_000.building.yaml)[0m
[delivery_robot_main_controller-20] Graph before shortest_path: Graph with 19 nodes and 21 edges
[delivery_robot_main_controller-20] [0m[INFO] [1775024834.072729419] [main_controller_node]: Computed AGV path waypoints:[0m
[delivery_robot_main_controller-20] [0m[INFO] [1775024834.073423850] [main_controller_node]:   Waypoint 0: x=1.32, y=6.09[0m
[delivery_robot_main_controller-20] [0m[INFO] [1775024834.074082991] [main_controller_node]:   Waypoint 1: x=1.08, y=5.80[0m
[delivery_robot_main_controller-20] [0m[INFO] [1775024834.074750589] [main_controller_node]:   Waypoint 2: x=0.83, y=5.50[0m
[delivery_robot_main_controller-20] [0m[INFO] [1775024834.076219948] [main_controller_node]:   Waypoint 3: x=0.59, y=5.21[0m
[delivery_robot_main_controller-20] [0m[INFO] [1775024834.078068750] [main_controller_node]:   Waypoint 4: x=0.22, y=5.43[0m
[delivery_robot_main_controller-20] [0m[INFO] [1775024834.078747432] [main_controller_node]:   Waypoint 5: x=-0.16, y=5.65[0m
[delivery_robot_main_controller-20] [0m[INFO] [1775024834.079360783] [main_controller_node]:   Waypoint 6: x=-0.53, y=5.87[0m
[delivery_robot_main_controller-20] [0m[INFO] [1775024834.080298162] [main_controller_node]: Navigating with 7 goals....[0m
[bt_navigator-14] [INFO] [1775024834.082004053] [bt_navigator]: Begin navigating from current location through 7 poses to (-0.53, 5.87)
[controller_server-10] [INFO] [1775024834.082490243] [local_costmap.local_costmap]: Received request to clear entirely the local_costmap
[delivery_robot_main_controller-20] [0m[INFO] [1775024834.082953683] [main_controller_node]: State change: STANDBY -> MOVE[0m
[controller_server-10] [INFO] [1775024834.089850452] [local_costmap.local_costmap]: KeepoutFilter: Subscribing to "/keepout_costmap_filter_info" topic for filter info...
[planner_server-12] [INFO] [1775024834.095342028] [global_costmap.global_costmap]: Received request to clear entirely the global_costmap
[planner_server-12] [INFO] [1775024834.100110881] [global_costmap.global_costmap]: KeepoutFilter: Subscribing to "/keepout_costmap_filter_info" topic for filter info...
[delivery_robot_main_controller-20] [0m[INFO] [1775024834.107819328] [main_controller_node]: Robot is MOVING.[0m
[controller_server-10] [INFO] [1775024834.105579124] [local_costmap.local_costmap]: KeepoutFilter: Received filter info from /keepout_costmap_filter_info topic.
[controller_server-10] [INFO] [1775024834.105630164] [local_costmap.local_costmap]: KeepoutFilter: Subscribing to "/keepout_filter_mask" topic for filter mask...
[controller_server-10] [WARN] [1775024834.111782921] [local_costmap.local_costmap]: KeepoutFilter: New filter mask arrived from /keepout_filter_mask topic. Updating old filter mask.
[planner_server-12] [INFO] [1775024834.114635309] [global_costmap.global_costmap]: KeepoutFilter: Received filter info from /keepout_costmap_filter_info topic.
[planner_server-12] [INFO] [1775024834.114684015] [global_costmap.global_costmap]: KeepoutFilter: Subscribing to "/keepout_filter_mask" topic for filter mask...
[planner_server-12] [WARN] [1775024834.127968617] [global_costmap.global_costmap]: KeepoutFilter: New filter mask arrived from /keepout_filter_mask topic. Updating old filter mask.
[planner_server-12] [WARN] [1775024834.417784610] [planner_server]: GridBased plugin failed to plan from (1.32, 6.09) to (0.59, 5.21): "Start occupied"
[planner_server-12] [WARN] [1775024834.417943562] [planner_server]: [compute_path_through_poses] [ActionServer] Aborting handle.
[bt_navigator-14] [WARN] [1775024834.444862751] [bt_navigator]: [navigate_through_poses] [ActionServer] Aborting handle.
[bt_navigator-14] [ERROR] [1775024834.446687054] [bt_navigator]: Goal failed
[delivery_robot_main_controller-20] [33m[WARN] [1775024834.451746980] [main_controller_node]: Goal failed! (obstacle retry 1/3)[0m
[delivery_robot_main_controller-20] [0m[INFO] [1775024834.459181853] [main_controller_node]: Pre-resume: waiting 3 seconds before wiggle...[0m
[delivery_robot_main_controller-20] [0m[INFO] [1775024834.768574908] [main_controller_node]: Pre-resume: clearing local/global costmaps.[0m
[controller_server-10] [INFO] [1775024834.772302553] [local_costmap.local_costmap]: Received request to clear entirely the local_costmap
[controller_server-10] [INFO] [1775024834.780797885] [local_costmap.local_costmap]: KeepoutFilter: Subscribing to "/keepout_costmap_filter_info" topic for filter info...
[controller_server-10] [INFO] [1775024834.796171321] [local_costmap.local_costmap]: KeepoutFilter: Received filter info from /keepout_costmap_filter_info topic.
[controller_server-10] [INFO] [1775024834.796227610] [local_costmap.local_costmap]: KeepoutFilter: Subscribing to "/keepout_filter_mask" topic for filter mask...
[planner_server-12] [INFO] [1775024834.799944172] [global_costmap.global_costmap]: Received request to clear entirely the global_costmap
[planner_server-12] [INFO] [1775024834.805031221] [global_costmap.global_costmap]: KeepoutFilter: Subscribing to "/keepout_costmap_filter_info" topic for filter info...
[controller_server-10] [WARN] [1775024834.815504850] [local_costmap.local_costmap]: KeepoutFilter: New filter mask arrived from /keepout_filter_mask topic. Updating old filter mask.
[planner_server-12] [INFO] [1775024834.815970624] [global_costmap.global_costmap]: KeepoutFilter: Received filter info from /keepout_costmap_filter_info topic.
[planner_server-12] [INFO] [1775024834.816014663] [global_costmap.global_costmap]: KeepoutFilter: Subscribing to "/keepout_filter_mask" topic for filter mask...
[planner_server-12] [WARN] [1775024834.828443549] [global_costmap.global_costmap]: KeepoutFilter: New filter mask arrived from /keepout_filter_mask topic. Updating old filter mask.
[delivery_robot_main_controller-20] [0m[INFO] [1775024834.866012526] [main_controller_node]: Current state: MOVE, dock_state IDLE, charge_state NOT_CHARGE[0m
[delivery_robot_main_controller-20] [0m[INFO] [1775024835.822783814] [main_controller_node]: Pre-resume wiggle complete. Switching to STANDBY.[0m
[delivery_robot_main_controller-20] [0m[INFO] [1775024835.825094306] [main_controller_node]: State change: MOVE -> STANDBY[0m
[delivery_robot_main_controller-20] [0m[INFO] [1775024835.846716454] [main_controller_node]: Robot is in STANDBY mode.[0m
[delivery_robot_main_controller-20] [0m[INFO] [1775024835.852875628] [main_controller_node]: Current state: STANDBY, dock_state IDLE, charge_state NOT_CHARGE[0m
[delivery_robot_main_controller-20] [0m[INFO] [1775024835.961775294] [main_controller_node]: 1 pending queues [0m
[delivery_robot_main_controller-20] [0m[INFO] [1775024835.962802212] [main_controller_node]: Queue action: Request[0m
[delivery_robot_main_controller-20] [0m[INFO] [1775024836.018889543] [main_controller_node]: AGV start_pos: x=1.32, y=6.09[0m
[delivery_robot_main_controller-20] [0m[INFO] [1775024836.020824675] [main_controller_node]: AGV goal_pos: x=-0.53, y=5.87[0m
[delivery_robot_main_controller-20] [0m[INFO] [1775024836.021828552] [main_controller_node]: Path source: building YAML (/home/smr/workspaces/mini_amr/amrROS2_ws/maps/map_000.building.yaml)[0m
[delivery_robot_main_controller-20] Graph before shortest_path: Graph with 19 nodes and 21 edges
[delivery_robot_main_controller-20] [0m[INFO] [1775024836.069138812] [main_controller_node]: Computed AGV path waypoints:[0m
[delivery_robot_main_controller-20] [0m[INFO] [1775024836.069865617] [main_controller_node]:   Waypoint 0: x=1.32, y=6.09[0m
[delivery_robot_main_controller-20] [0m[INFO] [1775024836.070694501] [main_controller_node]:   Waypoint 1: x=1.08, y=5.80[0m
[delivery_robot_main_controller-20] [0m[INFO] [1775024836.071366474] [main_controller_node]:   Waypoint 2: x=0.83, y=5.50[0m
[delivery_robot_main_controller-20] [0m[INFO] [1775024836.071995866] [main_controller_node]:   Waypoint 3: x=0.59, y=5.21[0m
[delivery_robot_main_controller-20] [0m[INFO] [1775024836.072611842] [main_controller_node]:   Waypoint 4: x=0.22, y=5.43[0m
[delivery_robot_main_controller-20] [0m[INFO] [1775024836.073216152] [main_controller_node]:   Waypoint 5: x=-0.16, y=5.65[0m
[delivery_robot_main_controller-20] [0m[INFO] [1775024836.073853710] [main_controller_node]:   Waypoint 6: x=-0.53, y=5.87[0m
[delivery_robot_main_controller-20] [0m[INFO] [1775024836.074987373] [main_controller_node]: Navigating with 7 goals....[0m
[bt_navigator-14] [INFO] [1775024836.075925920] [bt_navigator]: Begin navigating from current location through 7 poses to (-0.53, 5.87)
[controller_server-10] [INFO] [1775024836.076246740] [local_costmap.local_costmap]: Received request to clear entirely the local_costmap
[delivery_robot_main_controller-20] [0m[INFO] [1775024836.078059669] [main_controller_node]: State change: STANDBY -> MOVE[0m
[controller_server-10] [INFO] [1775024836.081330290] [local_costmap.local_costmap]: KeepoutFilter: Subscribing to "/keepout_costmap_filter_info" topic for filter info...
[planner_server-12] [INFO] [1775024836.086285220] [global_costmap.global_costmap]: Received request to clear entirely the global_costmap
[controller_server-10] [INFO] [1775024836.086638706] [local_costmap.local_costmap]: KeepoutFilter: Received filter info from /keepout_costmap_filter_info topic.
[controller_server-10] [INFO] [1775024836.086682454] [local_costmap.local_costmap]: KeepoutFilter: Subscribing to "/keepout_filter_mask" topic for filter mask...
[controller_server-10] [WARN] [1775024836.096666977] [local_costmap.local_costmap]: KeepoutFilter: New filter mask arrived from /keepout_filter_mask topic. Updating old filter mask.
[planner_server-12] [INFO] [1775024836.098418075] [global_costmap.global_costmap]: KeepoutFilter: Subscribing to "/keepout_costmap_filter_info" topic for filter info...
[delivery_robot_main_controller-20] [0m[INFO] [1775024836.103318173] [main_controller_node]: Robot is MOVING.[0m
[planner_server-12] [INFO] [1775024836.109663715] [global_costmap.global_costmap]: KeepoutFilter: Received filter info from /keepout_costmap_filter_info topic.
[planner_server-12] [INFO] [1775024836.109784460] [global_costmap.global_costmap]: KeepoutFilter: Subscribing to "/keepout_filter_mask" topic for filter mask...
[planner_server-12] [WARN] [1775024836.235027899] [global_costmap.global_costmap]: KeepoutFilter: New filter mask arrived from /keepout_filter_mask topic. Updating old filter mask.
[planner_server-12] [WARN] [1775024836.426666053] [planner_server]: GridBased plugin failed to plan from (1.32, 6.09) to (0.59, 5.21): "Start occupied"
[planner_server-12] [WARN] [1775024836.426824130] [planner_server]: [compute_path_through_poses] [ActionServer] Aborting handle.
[bt_navigator-14] [WARN] [1775024836.447756805] [bt_navigator]: [navigate_through_poses] [ActionServer] Aborting handle.
[bt_navigator-14] [ERROR] [1775024836.448037086] [bt_navigator]: Goal failed
[delivery_robot_main_controller-20] [33m[WARN] [1775024836.457251931] [main_controller_node]: Goal failed! (obstacle retry 2/3)[0m
[delivery_robot_main_controller-20] [0m[INFO] [1775024836.458226643] [main_controller_node]: Pre-resume: waiting 3 seconds before wiggle...[0m
[delivery_robot_main_controller-20] [0m[INFO] [1775024836.779448940] [main_controller_node]: Pre-resume: clearing local/global costmaps.[0m
[controller_server-10] [INFO] [1775024836.780488691] [local_costmap.local_costmap]: Received request to clear entirely the local_costmap
[controller_server-10] [INFO] [1775024836.790723745] [local_costmap.local_costmap]: KeepoutFilter: Subscribing to "/keepout_costmap_filter_info" topic for filter info...
[controller_server-10] [INFO] [1775024836.800223538] [local_costmap.local_costmap]: KeepoutFilter: Received filter info from /keepout_costmap_filter_info topic.
[controller_server-10] [INFO] [1775024836.800338741] [local_costmap.local_costmap]: KeepoutFilter: Subscribing to "/keepout_filter_mask" topic for filter mask...
[planner_server-12] [INFO] [1775024836.800739476] [global_costmap.global_costmap]: Received request to clear entirely the global_costmap
[controller_server-10] [WARN] [1775024836.814117115] [local_costmap.local_costmap]: KeepoutFilter: New filter mask arrived from /keepout_filter_mask topic. Updating old filter mask.
[planner_server-12] [INFO] [1775024836.820532071] [global_costmap.global_costmap]: KeepoutFilter: Subscribing to "/keepout_costmap_filter_info" topic for filter info...
[delivery_robot_main_controller-20] [0m[INFO] [1775024836.850710506] [main_controller_node]: Current state: MOVE, dock_state IDLE, charge_state NOT_CHARGE[0m
[planner_server-12] [INFO] [1775024836.934745694] [global_costmap.global_costmap]: KeepoutFilter: Received filter info from /keepout_costmap_filter_info topic.
[planner_server-12] [INFO] [1775024836.934816858] [global_costmap.global_costmap]: KeepoutFilter: Subscribing to "/keepout_filter_mask" topic for filter mask...
[planner_server-12] [WARN] [1775024836.947878926] [global_costmap.global_costmap]: KeepoutFilter: New filter mask arrived from /keepout_filter_mask topic. Updating old filter mask.
[delivery_robot_main_controller-20] [0m[INFO] [1775024837.831600802] [main_controller_node]: Pre-resume wiggle complete. Switching to STANDBY.[0m
[delivery_robot_main_controller-20] [0m[INFO] [1775024837.832366105] [main_controller_node]: State change: MOVE -> STANDBY[0m
[delivery_robot_main_controller-20] [0m[INFO] [1775024837.868964162] [main_controller_node]: Robot is in STANDBY mode.[0m
[delivery_robot_main_controller-20] [0m[INFO] [1775024837.877039219] [main_controller_node]: Current state: STANDBY, dock_state IDLE, charge_state NOT_CHARGE[0m
[delivery_robot_main_controller-20] [0m[INFO] [1775024837.989999017] [main_controller_node]: 1 pending queues [0m
[delivery_robot_main_controller-20] [0m[INFO] [1775024837.991487625] [main_controller_node]: Queue action: Request[0m
[delivery_robot_main_controller-20] [0m[INFO] [1775024838.027020266] [main_controller_node]: AGV start_pos: x=1.32, y=6.09[0m
[delivery_robot_main_controller-20] [0m[INFO] [1775024838.027600660] [main_controller_node]: AGV goal_pos: x=-0.53, y=5.87[0m
[delivery_robot_main_controller-20] [0m[INFO] [1775024838.028154513] [main_controller_node]: Path source: building YAML (/home/smr/workspaces/mini_amr/amrROS2_ws/maps/map_000.building.yaml)[0m
[delivery_robot_main_controller-20] Graph before shortest_path: Graph with 19 nodes and 21 edges
[delivery_robot_main_controller-20] [0m[INFO] [1775024838.081673528] [main_controller_node]: Computed AGV path waypoints:[0m
[delivery_robot_main_controller-20] [0m[INFO] [1775024838.082432123] [main_controller_node]:   Waypoint 0: x=1.32, y=6.09[0m
[delivery_robot_main_controller-20] [0m[INFO] [1775024838.084173596] [main_controller_node]:   Waypoint 1: x=1.08, y=5.80[0m
[delivery_robot_main_controller-20] [0m[INFO] [1775024838.084928983] [main_controller_node]:   Waypoint 2: x=0.83, y=5.50[0m
[delivery_robot_main_controller-20] [0m[INFO] [1775024838.092624013] [main_controller_node]:   Waypoint 3: x=0.59, y=5.21[0m
[delivery_robot_main_controller-20] [0m[INFO] [1775024838.093456981] [main_controller_node]:   Waypoint 4: x=0.22, y=5.43[0m
[delivery_robot_main_controller-20] [0m[INFO] [1775024838.094406610] [main_controller_node]:   Waypoint 5: x=-0.16, y=5.65[0m
[delivery_robot_main_controller-20] [0m[INFO] [1775024838.101099804] [main_controller_node]:   Waypoint 6: x=-0.53, y=5.87[0m
[delivery_robot_main_controller-20] [0m[INFO] [1775024838.105274848] [main_controller_node]: Navigating with 7 goals....[0m
[bt_navigator-14] [INFO] [1775024838.107375057] [bt_navigator]: Begin navigating from current location through 7 poses to (-0.53, 5.87)
[delivery_robot_main_controller-20] [0m[INFO] [1775024838.107845497] [main_controller_node]: State change: STANDBY -> MOVE[0m
[controller_server-10] [INFO] [1775024838.107918411] [local_costmap.local_costmap]: Received request to clear entirely the local_costmap
[controller_server-10] [INFO] [1775024838.119693988] [local_costmap.local_costmap]: KeepoutFilter: Subscribing to "/keepout_costmap_filter_info" topic for filter info...
[controller_server-10] [INFO] [1775024838.123665748] [local_costmap.local_costmap]: KeepoutFilter: Received filter info from /keepout_costmap_filter_info topic.
[controller_server-10] [INFO] [1775024838.123718246] [local_costmap.local_costmap]: KeepoutFilter: Subscribing to "/keepout_filter_mask" topic for filter mask...
[planner_server-12] [INFO] [1775024838.128434019] [global_costmap.global_costmap]: Received request to clear entirely the global_costmap
[controller_server-10] [WARN] [1775024838.135717231] [local_costmap.local_costmap]: KeepoutFilter: New filter mask arrived from /keepout_filter_mask topic. Updating old filter mask.
[planner_server-12] [INFO] [1775024838.147969374] [global_costmap.global_costmap]: KeepoutFilter: Subscribing to "/keepout_costmap_filter_info" topic for filter info...
[delivery_robot_main_controller-20] [0m[INFO] [1775024838.160522504] [main_controller_node]: Robot is MOVING.[0m
[planner_server-12] [INFO] [1775024838.161557880] [global_costmap.global_costmap]: KeepoutFilter: Received filter info from /keepout_costmap_filter_info topic.
[planner_server-12] [INFO] [1775024838.161621169] [global_costmap.global_costmap]: KeepoutFilter: Subscribing to "/keepout_filter_mask" topic for filter mask...
[planner_server-12] [WARN] [1775024838.175308546] [global_costmap.global_costmap]: KeepoutFilter: New filter mask arrived from /keepout_filter_mask topic. Updating old filter mask.
[planner_server-12] [WARN] [1775024838.429786432] [planner_server]: GridBased plugin failed to plan from (1.32, 6.09) to (0.59, 5.21): "Start occupied"
[planner_server-12] [WARN] [1775024838.431973554] [planner_server]: [compute_path_through_poses] [ActionServer] Aborting handle.
[bt_navigator-14] [WARN] [1775024838.457927365] [bt_navigator]: [navigate_through_poses] [ActionServer] Aborting handle.
[bt_navigator-14] [ERROR] [1775024838.458633170] [bt_navigator]: Goal failed
[delivery_robot_main_controller-20] [33m[WARN] [1775024838.471077221] [main_controller_node]: Goal failed! (obstacle retry 3/3)[0m
[delivery_robot_main_controller-20] [0m[INFO] [1775024838.475486173] [main_controller_node]: Pre-resume: waiting 3 seconds before wiggle...[0m
[delivery_robot_main_controller-20] [0m[INFO] [1775024838.782642816] [main_controller_node]: Pre-resume: clearing local/global costmaps.[0m
[controller_server-10] [INFO] [1775024838.787396503] [local_costmap.local_costmap]: Received request to clear entirely the local_costmap
[controller_server-10] [INFO] [1775024838.796751051] [local_costmap.local_costmap]: KeepoutFilter: Subscribing to "/keepout_costmap_filter_info" topic for filter info...
[controller_server-10] [INFO] [1775024838.802815146] [local_costmap.local_costmap]: KeepoutFilter: Received filter info from /keepout_costmap_filter_info topic.
[controller_server-10] [INFO] [1775024838.802879310] [local_costmap.local_costmap]: KeepoutFilter: Subscribing to "/keepout_filter_mask" topic for filter mask...
[planner_server-12] [INFO] [1775024838.810020487] [global_costmap.global_costmap]: Received request to clear entirely the global_costmap
[planner_server-12] [INFO] [1775024838.821210712] [global_costmap.global_costmap]: KeepoutFilter: Subscribing to "/keepout_costmap_filter_info" topic for filter info...
[controller_server-10] [WARN] [1775024838.813985830] [local_costmap.local_costmap]: KeepoutFilter: New filter mask arrived from /keepout_filter_mask topic. Updating old filter mask.
[planner_server-12] [INFO] [1775024838.832592847] [global_costmap.global_costmap]: KeepoutFilter: Received filter info from /keepout_costmap_filter_info topic.
[planner_server-12] [INFO] [1775024838.832673635] [global_costmap.global_costmap]: KeepoutFilter: Subscribing to "/keepout_filter_mask" topic for filter mask...
[planner_server-12] [WARN] [1775024838.844753993] [global_costmap.global_costmap]: KeepoutFilter: New filter mask arrived from /keepout_filter_mask topic. Updating old filter mask.
[delivery_robot_main_controller-20] [0m[INFO] [1775024838.855301410] [main_controller_node]: Current state: MOVE, dock_state IDLE, charge_state NOT_CHARGE[0m
[delivery_robot_main_controller-20] [0m[INFO] [1775024839.832618638] [main_controller_node]: Pre-resume wiggle complete. Switching to STANDBY.[0m
[delivery_robot_main_controller-20] [0m[INFO] [1775024839.833461522] [main_controller_node]: State change: MOVE -> STANDBY[0m
[delivery_robot_main_controller-20] [0m[INFO] [1775024839.876050468] [main_controller_node]: Robot is in STANDBY mode.[0m
[delivery_robot_main_controller-20] [0m[INFO] [1775024839.885900538] [main_controller_node]: Current state: STANDBY, dock_state IDLE, charge_state NOT_CHARGE[0m
[delivery_robot_main_controller-20] [0m[INFO] [1775024840.047559750] [main_controller_node]: 1 pending queues [0m
[delivery_robot_main_controller-20] [0m[INFO] [1775024840.051539676] [main_controller_node]: Queue action: Request[0m
[delivery_robot_main_controller-20] [0m[INFO] [1775024840.165285484] [main_controller_node]: AGV start_pos: x=1.32, y=6.09[0m
[delivery_robot_main_controller-20] [0m[INFO] [1775024840.168978422] [main_controller_node]: AGV goal_pos: x=-0.53, y=5.87[0m
[delivery_robot_main_controller-20] [0m[INFO] [1775024840.181667172] [main_controller_node]: Path source: building YAML (/home/smr/workspaces/mini_amr/amrROS2_ws/maps/map_000.building.yaml)[0m
[delivery_robot_main_controller-20] Graph before shortest_path: Graph with 19 nodes and 21 edges
[delivery_robot_main_controller-20] [0m[INFO] [1775024840.273865496] [main_controller_node]: Computed AGV path waypoints:[0m
[delivery_robot_main_controller-20] [0m[INFO] [1775024840.279994630] [main_controller_node]:   Waypoint 0: x=1.32, y=6.09[0m
[delivery_robot_main_controller-20] [0m[INFO] [1775024840.280733684] [main_controller_node]:   Waypoint 1: x=1.08, y=5.80[0m
[delivery_robot_main_controller-20] [0m[INFO] [1775024840.281449697] [main_controller_node]:   Waypoint 2: x=0.83, y=5.50[0m
[delivery_robot_main_controller-20] [0m[INFO] [1775024840.282123129] [main_controller_node]:   Waypoint 3: x=0.59, y=5.21[0m
[delivery_robot_main_controller-20] [0m[INFO] [1775024840.282787520] [main_controller_node]:   Waypoint 4: x=0.22, y=5.43[0m
[delivery_robot_main_controller-20] [0m[INFO] [1775024840.285715738] [main_controller_node]:   Waypoint 5: x=-0.16, y=5.65[0m
[delivery_robot_main_controller-20] [0m[INFO] [1775024840.286444001] [main_controller_node]:   Waypoint 6: x=-0.53, y=5.87[0m
[delivery_robot_main_controller-20] [0m[INFO] [1775024840.287533041] [main_controller_node]: Navigating with 7 goals....[0m
[bt_navigator-14] [INFO] [1775024840.289930446] [bt_navigator]: Begin navigating from current location through 7 poses to (-0.53, 5.87)
[controller_server-10] [INFO] [1775024840.290889117] [local_costmap.local_costmap]: Received request to clear entirely the local_costmap
[delivery_robot_main_controller-20] [0m[INFO] [1775024840.295471020] [main_controller_node]: State change: STANDBY -> MOVE[0m
[controller_server-10] [INFO] [1775024840.304355711] [local_costmap.local_costmap]: KeepoutFilter: Subscribing to "/keepout_costmap_filter_info" topic for filter info...
[controller_server-10] [INFO] [1775024840.328721459] [local_costmap.local_costmap]: KeepoutFilter: Received filter info from /keepout_costmap_filter_info topic.
[controller_server-10] [INFO] [1775024840.329527594] [local_costmap.local_costmap]: KeepoutFilter: Subscribing to "/keepout_filter_mask" topic for filter mask...
[planner_server-12] [INFO] [1775024840.336802349] [global_costmap.global_costmap]: Received request to clear entirely the global_costmap
[planner_server-12] [INFO] [1775024840.342579163] [global_costmap.global_costmap]: KeepoutFilter: Subscribing to "/keepout_costmap_filter_info" topic for filter info...
[delivery_robot_main_controller-20] [0m[INFO] [1775024840.346199479] [main_controller_node]: Robot is MOVING.[0m
[planner_server-12] [INFO] [1775024840.354700643] [global_costmap.global_costmap]: KeepoutFilter: Received filter info from /keepout_costmap_filter_info topic.
[planner_server-12] [INFO] [1775024840.354755766] [global_costmap.global_costmap]: KeepoutFilter: Subscribing to "/keepout_filter_mask" topic for filter mask...
[controller_server-10] [WARN] [1775024840.355403824] [local_costmap.local_costmap]: KeepoutFilter: New filter mask arrived from /keepout_filter_mask topic. Updating old filter mask.
[planner_server-12] [WARN] [1775024840.367900957] [global_costmap.global_costmap]: KeepoutFilter: New filter mask arrived from /keepout_filter_mask topic. Updating old filter mask.
[planner_server-12] [WARN] [1775024840.414708695] [planner_server]: GridBased plugin failed to plan from (1.32, 6.09) to (0.59, 5.21): "Start occupied"
[planner_server-12] [WARN] [1775024840.414787150] [planner_server]: [compute_path_through_poses] [ActionServer] Aborting handle.
[bt_navigator-14] [WARN] [1775024840.438984613] [bt_navigator]: [navigate_through_poses] [ActionServer] Aborting handle.
[bt_navigator-14] [ERROR] [1775024840.439484218] [bt_navigator]: Goal failed
[delivery_robot_main_controller-20] [33m[WARN] [1775024840.445751013] [main_controller_node]: Goal failed! (obstacle retry 4/3)[0m
[delivery_robot_main_controller-20] [33m[WARN] [1775024840.449541655] [main_controller_node]: 3 obstacle retries exhausted; switching to SAFE_STOP.[0m
[delivery_robot_main_controller-20] [0m[INFO] [1775024840.450892894] [main_controller_node]: State change: MOVE -> SAFE_STOP[0m
[delivery_robot_main_controller-20] [0m[INFO] [1775024840.473747868] [main_controller_node]: Robot is in SAFE_STOP. Awaiting user to switch to STANDBY.[0m
[delivery_robot_main_controller-20] [0m[INFO] [1775024840.474970195] [main_controller_node]: Robot is in SAFE_STOP. Awaiting user to switch to STANDBY.[0m
[delivery_robot_main_controller-20] [0m[INFO] [1775024840.913066593] [main_controller_node]: Current state: SAFE_STOP, dock_state IDLE, charge_state NOT_CHARGE[0m
[delivery_robot_main_controller-20] [0m[INFO] [1775024841.917923070] [main_controller_node]: Current state: SAFE_STOP, dock_state IDLE, charge_state NOT_CHARGE[0m
[delivery_robot_main_controller-20] [0m[INFO] [1775024842.858482122] [main_controller_node]: Current state: SAFE_STOP, dock_state IDLE, charge_state NOT_CHARGE[0m
[delivery_robot_main_controller-20] [0m[INFO] [1775024843.840676408] [main_controller_node]: Current state: SAFE_STOP, dock_state IDLE, charge_state NOT_CHARGE[0m
[delivery_robot_main_controller-20] [0m[INFO] [1775024844.842193432] [main_controller_node]: Current state: SAFE_STOP, dock_state IDLE, charge_state NOT_CHARGE[0m
[delivery_robot_main_controller-20] [0m[INFO] [1775024845.840086349] [main_controller_node]: Current state: SAFE_STOP, dock_state IDLE, charge_state NOT_CHARGE[0m
[delivery_robot_main_controller-20] [0m[INFO] [1775024846.914339257] [main_controller_node]: Current state: SAFE_STOP, dock_state IDLE, charge_state NOT_CHARGE[0m
[delivery_robot_main_controller-20] [0m[INFO] [1775024847.903045328] [main_controller_node]: Current state: SAFE_STOP, dock_state IDLE, charge_state NOT_CHARGE[0m
[delivery_robot_main_controller-20] [0m[INFO] [1775024848.866612181] [main_controller_node]: Current state: SAFE_STOP, dock_state IDLE, charge_state NOT_CHARGE[0m
[delivery_robot_main_controller-20] [0m[INFO] [1775024849.836595157] [main_controller_node]: Current state: SAFE_STOP, dock_state IDLE, charge_state NOT_CHARGE[0m
[delivery_robot_main_controller-20] [0m[INFO] [1775024850.895397924] [main_controller_node]: Current state: SAFE_STOP, dock_state IDLE, charge_state NOT_CHARGE[0m
[delivery_robot_main_controller-20] [0m[INFO] [1775024851.842623630] [main_controller_node]: Current state: SAFE_STOP, dock_state IDLE, charge_state NOT_CHARGE[0m
[delivery_robot_main_controller-20] [0m[INFO] [1775024852.832002841] [main_controller_node]: Current state: SAFE_STOP, dock_state IDLE, charge_state NOT_CHARGE[0m
[delivery_robot_main_controller-20] [0m[INFO] [1775024853.844519640] [main_controller_node]: Current state: SAFE_STOP, dock_state IDLE, charge_state NOT_CHARGE[0m
[delivery_robot_main_controller-20] [0m[INFO] [1775024854.914266183] [main_controller_node]: Current state: SAFE_STOP, dock_state IDLE, charge_state NOT_CHARGE[0m
[delivery_robot_main_controller-20] [0m[INFO] [1775024855.841752667] [main_controller_node]: Current state: SAFE_STOP, dock_state IDLE, charge_state NOT_CHARGE[0m
[delivery_robot_main_controller-20] [0m[INFO] [1775024856.837225722] [main_controller_node]: Current state: SAFE_STOP, dock_state IDLE, charge_state NOT_CHARGE[0m
[delivery_robot_main_controller-20] [0m[INFO] [1775024857.917868794] [main_controller_node]: Current state: SAFE_STOP, dock_state IDLE, charge_state NOT_CHARGE[0m
[delivery_robot_main_controller-20] [0m[INFO] [1775024858.842434060] [main_controller_node]: Current state: SAFE_STOP, dock_state IDLE, charge_state NOT_CHARGE[0m
[delivery_robot_main_controller-20] [0m[INFO] [1775024859.869489869] [main_controller_node]: Current state: SAFE_STOP, dock_state IDLE, charge_state NOT_CHARGE[0m
[delivery_robot_main_controller-20] [0m[INFO] [1775024860.842892794] [main_controller_node]: Current state: SAFE_STOP, dock_state IDLE, charge_state NOT_CHARGE[0m
[delivery_robot_main_controller-20] [0m[INFO] [1775024861.851664157] [main_controller_node]: Current state: SAFE_STOP, dock_state IDLE, charge_state NOT_CHARGE[0m
[delivery_robot_main_controller-20] [0m[INFO] [1775024862.898739761] [main_controller_node]: Current state: SAFE_STOP, dock_state IDLE, charge_state NOT_CHARGE[0m
[delivery_robot_main_controller-20] [0m[INFO] [1775024863.836124730] [main_controller_node]: Current state: SAFE_STOP, dock_state IDLE, charge_state NOT_CHARGE[0m
[delivery_robot_main_controller-20] [0m[INFO] [1775024864.911453261] [main_controller_node]: Current state: SAFE_STOP, dock_state IDLE, charge_state NOT_CHARGE[0m
[delivery_robot_main_controller-20] [0m[INFO] [1775024865.833859404] [main_controller_node]: Current state: SAFE_STOP, dock_state IDLE, charge_state NOT_CHARGE[0m
[delivery_robot_main_controller-20] [0m[INFO] [1775024866.898252034] [main_controller_node]: Current state: SAFE_STOP, dock_state IDLE, charge_state NOT_CHARGE[0m
[delivery_robot_main_controller-20] [0m[INFO] [1775024867.840787341] [main_controller_node]: Current state: SAFE_STOP, dock_state IDLE, charge_state NOT_CHARGE[0m
[delivery_robot_main_controller-20] [0m[INFO] [1775024868.896805092] [main_controller_node]: Current state: SAFE_STOP, dock_state IDLE, charge_state NOT_CHARGE[0m
[delivery_robot_main_controller-20] [0m[INFO] [1775024869.921395541] [main_controller_node]: Current state: SAFE_STOP, dock_state IDLE, charge_state NOT_CHARGE[0m
[delivery_robot_main_controller-20] [0m[INFO] [1775024870.839992958] [main_controller_node]: Current state: SAFE_STOP, dock_state IDLE, charge_state NOT_CHARGE[0m
[delivery_robot_main_controller-20] [0m[INFO] [1775024871.840439317] [main_controller_node]: Current state: SAFE_STOP, dock_state IDLE, charge_state NOT_CHARGE[0m
[delivery_robot_main_controller-20] [0m[INFO] [1775024872.836643842] [main_controller_node]: Current state: SAFE_STOP, dock_state IDLE, charge_state NOT_CHARGE[0m
[delivery_robot_main_controller-20] [0m[INFO] [1775024873.843784270] [main_controller_node]: Current state: SAFE_STOP, dock_state IDLE, charge_state NOT_CHARGE[0m
[delivery_robot_main_controller-20] [0m[INFO] [1775024874.836870127] [main_controller_node]: Current state: SAFE_STOP, dock_state IDLE, charge_state NOT_CHARGE[0m
[delivery_robot_main_controller-20] [0m[INFO] [1775024875.844714318] [main_controller_node]: Current state: SAFE_STOP, dock_state IDLE, charge_state NOT_CHARGE[0m
[delivery_robot_main_controller-20] [0m[INFO] [1775024876.836428521] [main_controller_node]: Current state: SAFE_STOP, dock_state IDLE, charge_state NOT_CHARGE[0m
[delivery_robot_main_controller-20] [0m[INFO] [1775024877.841749604] [main_controller_node]: Current state: SAFE_STOP, dock_state IDLE, charge_state NOT_CHARGE[0m
[delivery_robot_main_controller-20] [0m[INFO] [1775024878.888045321] [main_controller_node]: Current state: SAFE_STOP, dock_state IDLE, charge_state NOT_CHARGE[0m
[delivery_robot_main_controller-20] [0m[INFO] [1775024879.837506856] [main_controller_node]: Current state: SAFE_STOP, dock_state IDLE, charge_state NOT_CHARGE[0m
[delivery_robot_main_controller-20] [0m[INFO] [1775024880.843152551] [main_controller_node]: Current state: SAFE_STOP, dock_state IDLE, charge_state NOT_CHARGE[0m
[delivery_robot_main_controller-20] [0m[INFO] [1775024881.840535072] [main_controller_node]: Current state: SAFE_STOP, dock_state IDLE, charge_state NOT_CHARGE[0m
[delivery_robot_main_controller-20] [0m[INFO] [1775024882.842090595] [main_controller_node]: Current state: SAFE_STOP, dock_state IDLE, charge_state NOT_CHARGE[0m
[delivery_robot_main_controller-20] [0m[INFO] [1775024883.843952647] [main_controller_node]: Current state: SAFE_STOP, dock_state IDLE, charge_state NOT_CHARGE[0m
[delivery_robot_main_controller-20] [0m[INFO] [1775024884.832750590] [main_controller_node]: Current state: SAFE_STOP, dock_state IDLE, charge_state NOT_CHARGE[0m
[delivery_robot_main_controller-20] [0m[INFO] [1775024885.851607097] [main_controller_node]: Current state: SAFE_STOP, dock_state IDLE, charge_state NOT_CHARGE[0m
[delivery_robot_main_controller-20] [0m[INFO] [1775024886.847841080] [main_controller_node]: Current state: SAFE_STOP, dock_state IDLE, charge_state NOT_CHARGE[0m
[delivery_robot_main_controller-20] [0m[INFO] [1775024887.841280131] [main_controller_node]: Current state: SAFE_STOP, dock_state IDLE, charge_state NOT_CHARGE[0m
[delivery_robot_main_controller-20] [0m[INFO] [1775024888.837094713] [main_controller_node]: Current state: SAFE_STOP, dock_state IDLE, charge_state NOT_CHARGE[0m
[delivery_robot_main_controller-20] [0m[INFO] [1775024889.837351204] [main_controller_node]: Current state: SAFE_STOP, dock_state IDLE, charge_state NOT_CHARGE[0m
[delivery_robot_main_controller-20] [0m[INFO] [1775024890.846899245] [main_controller_node]: Current state: SAFE_STOP, dock_state IDLE, charge_state NOT_CHARGE[0m
[delivery_robot_main_controller-20] [0m[INFO] [1775024891.847953413] [main_controller_node]: Current state: SAFE_STOP, dock_state IDLE, charge_state NOT_CHARGE[0m
[delivery_robot_main_controller-20] [0m[INFO] [1775024892.600898569] [main_controller_node]: SAFE_STOP state changed to LOAD_IN; switching.[0m
[delivery_robot_main_controller-20] [0m[INFO] [1775024892.601828657] [main_controller_node]: State change: SAFE_STOP -> LOAD_IN[0m
[delivery_robot_main_controller-20] [0m[INFO] [1775024892.618492667] [main_controller_node]: Robot is LOADING IN cargo.[0m
[delivery_robot_main_controller-20] [0m[INFO] [1775024892.854836893] [main_controller_node]: Current state: LOAD_IN, dock_state IDLE, charge_state NOT_CHARGE[0m
[delivery_robot_main_controller-20] [0m[INFO] [1775024893.844466344] [main_controller_node]: Current state: LOAD_IN, dock_state IDLE, charge_state NOT_CHARGE[0m
[delivery_robot_main_controller-20] [0m[INFO] [1775024894.845711254] [main_controller_node]: Current state: LOAD_IN, dock_state IDLE, charge_state NOT_CHARGE[0m
[delivery_robot_main_controller-20] [0m[INFO] [1775024895.849342779] [main_controller_node]: Current state: LOAD_IN, dock_state IDLE, charge_state NOT_CHARGE[0m
[delivery_robot_main_controller-20] [0m[INFO] [1775024896.845008034] [main_controller_node]: Current state: LOAD_IN, dock_state IDLE, charge_state NOT_CHARGE[0m
[delivery_robot_main_controller-20] [0m[INFO] [1775024897.944762978] [main_controller_node]: Current state: LOAD_IN, dock_state IDLE, charge_state NOT_CHARGE[0m
[delivery_robot_main_controller-20] [0m[INFO] [1775024898.857136474] [main_controller_node]: Current state: LOAD_IN, dock_state IDLE, charge_state NOT_CHARGE[0m
[delivery_robot_main_controller-20] [0m[INFO] [1775024899.644956005] [main_controller_node]: State changed to STANDBY during LOAD_IN.[0m
[delivery_robot_main_controller-20] [0m[INFO] [1775024899.646196998] [main_controller_node]: State change: LOAD_IN -> STANDBY[0m
[delivery_robot_main_controller-20] [0m[INFO] [1775024899.654542127] [main_controller_node]: Robot is in STANDBY mode.[0m
[delivery_robot_main_controller-20] [0m[INFO] [1775024899.870287040] [main_controller_node]: Current state: STANDBY, dock_state IDLE, charge_state NOT_CHARGE[0m
[delivery_robot_main_controller-20] [0m[INFO] [1775024900.023763282] [main_controller_node]: Enter to wait_for_load_in_loop and wait for timeout...in 7.595433473587036 seconds[0m
[delivery_robot_main_controller-20] [0m[INFO] [1775024900.895312929] [main_controller_node]: Current state: STANDBY, dock_state IDLE, charge_state NOT_CHARGE[0m
[delivery_robot_main_controller-20] [0m[INFO] [1775024901.872739237] [main_controller_node]: Current state: STANDBY, dock_state IDLE, charge_state NOT_CHARGE[0m
[delivery_robot_main_controller-20] [0m[INFO] [1775024901.982111384] [main_controller_node]: Enter to wait_for_load_in_loop and wait for timeout...in 5.638567686080933 seconds[0m
[delivery_robot_main_controller-20] [0m[INFO] [1775024902.845456480] [main_controller_node]: Current state: STANDBY, dock_state IDLE, charge_state NOT_CHARGE[0m
[delivery_robot_main_controller-20] [0m[INFO] [1775024903.892285635] [main_controller_node]: Current state: STANDBY, dock_state IDLE, charge_state NOT_CHARGE[0m
[delivery_robot_main_controller-20] [0m[INFO] [1775024903.958435361] [main_controller_node]: Enter to wait_for_load_in_loop and wait for timeout...in 3.6607484817504883 seconds[0m
[delivery_robot_main_controller-20] [0m[INFO] [1775024904.836318883] [main_controller_node]: Current state: STANDBY, dock_state IDLE, charge_state NOT_CHARGE[0m
[delivery_robot_main_controller-20] [0m[INFO] [1775024905.871208259] [main_controller_node]: Current state: STANDBY, dock_state IDLE, charge_state NOT_CHARGE[0m
[delivery_robot_main_controller-20] [0m[INFO] [1775024905.987138273] [main_controller_node]: Enter to wait_for_load_in_loop and wait for timeout...in 1.633554220199585 seconds[0m
[delivery_robot_main_controller-20] [0m[INFO] [1775024906.867185002] [main_controller_node]: Current state: STANDBY, dock_state IDLE, charge_state NOT_CHARGE[0m
[delivery_robot_main_controller-20] [0m[INFO] [1775024907.846722892] [main_controller_node]: Current state: STANDBY, dock_state IDLE, charge_state NOT_CHARGE[0m
[delivery_robot_main_controller-20] [0m[INFO] [1775024907.945911024] [main_controller_node]: 1 pending queues [0m
[delivery_robot_main_controller-20] [0m[INFO] [1775024907.950024529] [main_controller_node]: Queue action: Request[0m
[delivery_robot_main_controller-20] [0m[INFO] [1775024907.997782188] [main_controller_node]: AGV start_pos: x=1.32, y=6.09[0m
[delivery_robot_main_controller-20] [0m[INFO] [1775024907.999927604] [main_controller_node]: AGV goal_pos: x=-0.53, y=5.87[0m
[delivery_robot_main_controller-20] [0m[INFO] [1775024908.002351258] [main_controller_node]: Path source: building YAML (/home/smr/workspaces/mini_amr/amrROS2_ws/maps/map_000.building.yaml)[0m
[delivery_robot_main_controller-20] Graph before shortest_path: Graph with 19 nodes and 21 edges
[delivery_robot_main_controller-20] [0m[INFO] [1775024908.060104232] [main_controller_node]: Computed AGV path waypoints:[0m
[delivery_robot_main_controller-20] [0m[INFO] [1775024908.066914963] [main_controller_node]:   Waypoint 0: x=1.32, y=6.09[0m
[delivery_robot_main_controller-20] [0m[INFO] [1775024908.070128420] [main_controller_node]:   Waypoint 1: x=1.08, y=5.80[0m
[delivery_robot_main_controller-20] [0m[INFO] [1775024908.070801560] [main_controller_node]:   Waypoint 2: x=0.83, y=5.50[0m
[delivery_robot_main_controller-20] [0m[INFO] [1775024908.071432994] [main_controller_node]:   Waypoint 3: x=0.59, y=5.21[0m
[delivery_robot_main_controller-20] [0m[INFO] [1775024908.072042845] [main_controller_node]:   Waypoint 4: x=0.22, y=5.43[0m
[delivery_robot_main_controller-20] [0m[INFO] [1775024908.072653279] [main_controller_node]:   Waypoint 5: x=-0.16, y=5.65[0m
[delivery_robot_main_controller-20] [0m[INFO] [1775024908.073271879] [main_controller_node]:   Waypoint 6: x=-0.53, y=5.87[0m
[delivery_robot_main_controller-20] [0m[INFO] [1775024908.074415168] [main_controller_node]: Navigating with 7 goals....[0m
[bt_navigator-14] [INFO] [1775024908.075987189] [bt_navigator]: Begin navigating from current location through 7 poses to (-0.53, 5.87)
[controller_server-10] [INFO] [1775024908.076408922] [local_costmap.local_costmap]: Received request to clear entirely the local_costmap
[delivery_robot_main_controller-20] [0m[INFO] [1775024908.078815953] [main_controller_node]: State change: STANDBY -> MOVE[0m
[controller_server-10] [INFO] [1775024908.081465348] [local_costmap.local_costmap]: KeepoutFilter: Subscribing to "/keepout_costmap_filter_info" topic for filter info...
[planner_server-12] [INFO] [1775024908.091589282] [global_costmap.global_costmap]: Received request to clear entirely the global_costmap
[controller_server-10] [INFO] [1775024908.094476960] [local_costmap.local_costmap]: KeepoutFilter: Received filter info from /keepout_costmap_filter_info topic.
[controller_server-10] [INFO] [1775024908.094682577] [local_costmap.local_costmap]: KeepoutFilter: Subscribing to "/keepout_filter_mask" topic for filter mask...
[planner_server-12] [INFO] [1775024908.100078489] [global_costmap.global_costmap]: KeepoutFilter: Subscribing to "/keepout_costmap_filter_info" topic for filter info...
[controller_server-10] [WARN] [1775024908.102742176] [local_costmap.local_costmap]: KeepoutFilter: New filter mask arrived from /keepout_filter_mask topic. Updating old filter mask.
[delivery_robot_main_controller-20] [0m[INFO] [1775024908.108006260] [main_controller_node]: Robot is MOVING.[0m
[planner_server-12] [INFO] [1775024908.110865356] [global_costmap.global_costmap]: KeepoutFilter: Received filter info from /keepout_costmap_filter_info topic.
[planner_server-12] [INFO] [1775024908.110933603] [global_costmap.global_costmap]: KeepoutFilter: Subscribing to "/keepout_filter_mask" topic for filter mask...
[planner_server-12] [WARN] [1775024908.122279864] [global_costmap.global_costmap]: KeepoutFilter: New filter mask arrived from /keepout_filter_mask topic. Updating old filter mask.
[planner_server-12] [WARN] [1775024908.418291197] [planner_server]: GridBased plugin failed to plan from (1.32, 6.09) to (0.59, 5.21): "Start occupied"
[planner_server-12] [WARN] [1775024908.418372569] [planner_server]: [compute_path_through_poses] [ActionServer] Aborting handle.
[bt_navigator-14] [WARN] [1775024908.451628550] [bt_navigator]: [navigate_through_poses] [ActionServer] Aborting handle.
[bt_navigator-14] [ERROR] [1775024908.452457142] [bt_navigator]: Goal failed
[delivery_robot_main_controller-20] [33m[WARN] [1775024908.465948818] [main_controller_node]: Goal failed! (obstacle retry 1/3)[0m
[delivery_robot_main_controller-20] [0m[INFO] [1775024908.467426052] [main_controller_node]: Pre-resume: waiting 3 seconds before wiggle...[0m
[delivery_robot_main_controller-20] [0m[INFO] [1775024908.771121915] [main_controller_node]: Pre-resume: clearing local/global costmaps.[0m
[controller_server-10] [INFO] [1775024908.774223668] [local_costmap.local_costmap]: Received request to clear entirely the local_costmap
[controller_server-10] [INFO] [1775024908.779765116] [local_costmap.local_costmap]: KeepoutFilter: Subscribing to "/keepout_costmap_filter_info" topic for filter info...
[controller_server-10] [INFO] [1775024908.788391984] [local_costmap.local_costmap]: KeepoutFilter: Received filter info from /keepout_costmap_filter_info topic.
[controller_server-10] [INFO] [1775024908.788465190] [local_costmap.local_costmap]: KeepoutFilter: Subscribing to "/keepout_filter_mask" topic for filter mask...
[planner_server-12] [INFO] [1775024908.794377915] [global_costmap.global_costmap]: Received request to clear entirely the global_costmap
[planner_server-12] [INFO] [1775024908.799576377] [global_costmap.global_costmap]: KeepoutFilter: Subscribing to "/keepout_costmap_filter_info" topic for filter info...
[controller_server-10] [WARN] [1775024908.801232686] [local_costmap.local_costmap]: KeepoutFilter: New filter mask arrived from /keepout_filter_mask topic. Updating old filter mask.
[planner_server-12] [INFO] [1775024908.812467827] [global_costmap.global_costmap]: KeepoutFilter: Received filter info from /keepout_costmap_filter_info topic.
[planner_server-12] [INFO] [1775024908.812568739] [global_costmap.global_costmap]: KeepoutFilter: Subscribing to "/keepout_filter_mask" topic for filter mask...
[planner_server-12] [WARN] [1775024908.826863343] [global_costmap.global_costmap]: KeepoutFilter: New filter mask arrived from /keepout_filter_mask topic. Updating old filter mask.
[delivery_robot_main_controller-20] [0m[INFO] [1775024908.841558680] [main_controller_node]: Current state: MOVE, dock_state IDLE, charge_state NOT_CHARGE[0m
[delivery_robot_main_controller-20] [0m[INFO] [1775024909.822906875] [main_controller_node]: Pre-resume wiggle complete. Switching to STANDBY.[0m
[delivery_robot_main_controller-20] [0m[INFO] [1775024909.829648192] [main_controller_node]: State change: MOVE -> STANDBY[0m
[delivery_robot_main_controller-20] [0m[INFO] [1775024909.848928057] [main_controller_node]: Robot is in STANDBY mode.[0m
[delivery_robot_main_controller-20] [0m[INFO] [1775024909.867466535] [main_controller_node]: Current state: STANDBY, dock_state IDLE, charge_state NOT_CHARGE[0m
[delivery_robot_main_controller-20] [0m[INFO] [1775024909.979600365] [main_controller_node]: 1 pending queues [0m
[delivery_robot_main_controller-20] [0m[INFO] [1775024909.980586743] [main_controller_node]: Queue action: Request[0m
[delivery_robot_main_controller-20] [0m[INFO] [1775024910.013898430] [main_controller_node]: AGV start_pos: x=1.32, y=6.09[0m
[delivery_robot_main_controller-20] [0m[INFO] [1775024910.018527872] [main_controller_node]: AGV goal_pos: x=-0.53, y=5.87[0m
[delivery_robot_main_controller-20] [0m[INFO] [1775024910.021789744] [main_controller_node]: Path source: building YAML (/home/smr/workspaces/mini_amr/amrROS2_ws/maps/map_000.building.yaml)[0m
[delivery_robot_main_controller-20] Graph before shortest_path: Graph with 19 nodes and 21 edges
[delivery_robot_main_controller-20] [0m[INFO] [1775024910.076182266] [main_controller_node]: Computed AGV path waypoints:[0m
[delivery_robot_main_controller-20] [0m[INFO] [1775024910.076967402] [main_controller_node]:   Waypoint 0: x=1.32, y=6.09[0m
[delivery_robot_main_controller-20] [0m[INFO] [1775024910.079543301] [main_controller_node]:   Waypoint 1: x=1.08, y=5.80[0m
[delivery_robot_main_controller-20] [0m[INFO] [1775024910.080411266] [main_controller_node]:   Waypoint 2: x=0.83, y=5.50[0m
[delivery_robot_main_controller-20] [0m[INFO] [1775024910.082157989] [main_controller_node]:   Waypoint 3: x=0.59, y=5.21[0m
[delivery_robot_main_controller-20] [0m[INFO] [1775024910.082937875] [main_controller_node]:   Waypoint 4: x=0.22, y=5.43[0m
[delivery_robot_main_controller-20] [0m[INFO] [1775024910.086588523] [main_controller_node]:   Waypoint 5: x=-0.16, y=5.65[0m
[delivery_robot_main_controller-20] [0m[INFO] [1775024910.094765367] [main_controller_node]:   Waypoint 6: x=-0.53, y=5.87[0m
[delivery_robot_main_controller-20] [0m[INFO] [1775024910.097480969] [main_controller_node]: Navigating with 7 goals....[0m
[bt_navigator-14] [INFO] [1775024910.100041701] [bt_navigator]: Begin navigating from current location through 7 poses to (-0.53, 5.87)
[controller_server-10] [INFO] [1775024910.100613637] [local_costmap.local_costmap]: Received request to clear entirely the local_costmap
[delivery_robot_main_controller-20] [0m[INFO] [1775024910.101594765] [main_controller_node]: State change: STANDBY -> MOVE[0m
[controller_server-10] [INFO] [1775024910.111299007] [local_costmap.local_costmap]: KeepoutFilter: Subscribing to "/keepout_costmap_filter_info" topic for filter info...
[delivery_robot_main_controller-20] [0m[INFO] [1775024910.134098275] [main_controller_node]: Robot is MOVING.[0m
[controller_server-10] [INFO] [1775024910.122184745] [local_costmap.local_costmap]: KeepoutFilter: Received filter info from /keepout_costmap_filter_info topic.
[controller_server-10] [INFO] [1775024910.122273116] [local_costmap.local_costmap]: KeepoutFilter: Subscribing to "/keepout_filter_mask" topic for filter mask...
[planner_server-12] [INFO] [1775024910.143454865] [global_costmap.global_costmap]: Received request to clear entirely the global_costmap
[planner_server-12] [INFO] [1775024910.147928855] [global_costmap.global_costmap]: KeepoutFilter: Subscribing to "/keepout_costmap_filter_info" topic for filter info...
[controller_server-10] [WARN] [1775024910.151196851] [local_costmap.local_costmap]: KeepoutFilter: New filter mask arrived from /keepout_filter_mask topic. Updating old filter mask.
[planner_server-12] [INFO] [1775024910.158685681] [global_costmap.global_costmap]: KeepoutFilter: Received filter info from /keepout_costmap_filter_info topic.
[planner_server-12] [INFO] [1775024910.158746054] [global_costmap.global_costmap]: KeepoutFilter: Subscribing to "/keepout_filter_mask" topic for filter mask...
[planner_server-12] [WARN] [1775024910.170277808] [global_costmap.global_costmap]: KeepoutFilter: New filter mask arrived from /keepout_filter_mask topic. Updating old filter mask.
[planner_server-12] [WARN] [1775024910.446721120] [planner_server]: GridBased plugin failed to plan from (1.32, 6.09) to (0.59, 5.21): "Start occupied"
[planner_server-12] [WARN] [1775024910.446873655] [planner_server]: [compute_path_through_poses] [ActionServer] Aborting handle.
[bt_navigator-14] [WARN] [1775024910.476250331] [bt_navigator]: [navigate_through_poses] [ActionServer] Aborting handle.
[bt_navigator-14] [ERROR] [1775024910.477042758] [bt_navigator]: Goal failed
[delivery_robot_main_controller-20] [33m[WARN] [1775024910.496397870] [main_controller_node]: Goal failed! (obstacle retry 2/3)[0m
[delivery_robot_main_controller-20] [0m[INFO] [1775024910.503886408] [main_controller_node]: Pre-resume: waiting 3 seconds before wiggle...[0m
[delivery_robot_main_controller-20] [0m[INFO] [1775024910.805714803] [main_controller_node]: Pre-resume: clearing local/global costmaps.[0m
[controller_server-10] [INFO] [1775024910.806672890] [local_costmap.local_costmap]: Received request to clear entirely the local_costmap
[controller_server-10] [INFO] [1775024910.808432446] [local_costmap.local_costmap]: KeepoutFilter: Subscribing to "/keepout_costmap_filter_info" topic for filter info...
[controller_server-10] [INFO] [1775024910.814003935] [local_costmap.local_costmap]: KeepoutFilter: Received filter info from /keepout_costmap_filter_info topic.
[controller_server-10] [INFO] [1775024910.814348379] [local_costmap.local_costmap]: KeepoutFilter: Subscribing to "/keepout_filter_mask" topic for filter mask...
[controller_server-10] [WARN] [1775024910.824418649] [local_costmap.local_costmap]: KeepoutFilter: New filter mask arrived from /keepout_filter_mask topic. Updating old filter mask.
[planner_server-12] [INFO] [1775024910.824822008] [global_costmap.global_costmap]: Received request to clear entirely the global_costmap
[planner_server-12] [INFO] [1775024910.836360178] [global_costmap.global_costmap]: KeepoutFilter: Subscribing to "/keepout_costmap_filter_info" topic for filter info...
[planner_server-12] [INFO] [1775024910.857169775] [global_costmap.global_costmap]: KeepoutFilter: Received filter info from /keepout_costmap_filter_info topic.
[planner_server-12] [INFO] [1775024910.857229856] [global_costmap.global_costmap]: KeepoutFilter: Subscribing to "/keepout_filter_mask" topic for filter mask...
[delivery_robot_main_controller-20] [0m[INFO] [1775024910.870586204] [main_controller_node]: Current state: MOVE, dock_state IDLE, charge_state NOT_CHARGE[0m
[planner_server-12] [WARN] [1775024910.870632286] [global_costmap.global_costmap]: KeepoutFilter: New filter mask arrived from /keepout_filter_mask topic. Updating old filter mask.
[delivery_robot_main_controller-20] [0m[INFO] [1775024911.850104554] [main_controller_node]: Pre-resume wiggle complete. Switching to STANDBY.[0m
[delivery_robot_main_controller-20] [0m[INFO] [1775024911.853704162] [main_controller_node]: State change: MOVE -> STANDBY[0m
[delivery_robot_main_controller-20] [0m[INFO] [1775024911.865862975] [main_controller_node]: Current state: STANDBY, dock_state IDLE, charge_state NOT_CHARGE[0m
[delivery_robot_main_controller-20] [0m[INFO] [1775024911.911622504] [main_controller_node]: Robot is in STANDBY mode.[0m
[delivery_robot_main_controller-20] [0m[INFO] [1775024912.038068729] [main_controller_node]: 1 pending queues [0m
[delivery_robot_main_controller-20] [0m[INFO] [1775024912.040341889] [main_controller_node]: Queue action: Request[0m
[delivery_robot_main_controller-20] [0m[INFO] [1775024912.106260916] [main_controller_node]: AGV start_pos: x=1.32, y=6.09[0m
[delivery_robot_main_controller-20] [0m[INFO] [1775024912.107073176] [main_controller_node]: AGV goal_pos: x=-0.53, y=5.87[0m
[delivery_robot_main_controller-20] [0m[INFO] [1775024912.107687401] [main_controller_node]: Path source: building YAML (/home/smr/workspaces/mini_amr/amrROS2_ws/maps/map_000.building.yaml)[0m
[delivery_robot_main_controller-20] Graph before shortest_path: Graph with 19 nodes and 21 edges
[delivery_robot_main_controller-20] [0m[INFO] [1775024912.185854195] [main_controller_node]: Computed AGV path waypoints:[0m
[delivery_robot_main_controller-20] [0m[INFO] [1775024912.190127819] [main_controller_node]:   Waypoint 0: x=1.32, y=6.09[0m
[delivery_robot_main_controller-20] [0m[INFO] [1775024912.197631815] [main_controller_node]:   Waypoint 1: x=1.08, y=5.80[0m
[delivery_robot_main_controller-20] [0m[INFO] [1775024912.198380785] [main_controller_node]:   Waypoint 2: x=0.83, y=5.50[0m
[delivery_robot_main_controller-20] [0m[INFO] [1775024912.199044301] [main_controller_node]:   Waypoint 3: x=0.59, y=5.21[0m
[delivery_robot_main_controller-20] [0m[INFO] [1775024912.199686817] [main_controller_node]:   Waypoint 4: x=0.22, y=5.43[0m
[delivery_robot_main_controller-20] [0m[INFO] [1775024912.200331958] [main_controller_node]:   Waypoint 5: x=-0.16, y=5.65[0m
[delivery_robot_main_controller-20] [0m[INFO] [1775024912.200984391] [main_controller_node]:   Waypoint 6: x=-0.53, y=5.87[0m
[delivery_robot_main_controller-20] [0m[INFO] [1775024912.202050099] [main_controller_node]: Navigating with 7 goals....[0m
[delivery_robot_main_controller-20] [0m[INFO] [1775024912.205556960] [main_controller_node]: State change: STANDBY -> MOVE[0m
[bt_navigator-14] [INFO] [1775024912.207772373] [bt_navigator]: Begin navigating from current location through 7 poses to (-0.53, 5.87)
[controller_server-10] [INFO] [1775024912.208529802] [local_costmap.local_costmap]: Received request to clear entirely the local_costmap
[controller_server-10] [INFO] [1775024912.220254923] [local_costmap.local_costmap]: KeepoutFilter: Subscribing to "/keepout_costmap_filter_info" topic for filter info...
[planner_server-12] [INFO] [1775024912.226061486] [global_costmap.global_costmap]: Received request to clear entirely the global_costmap
[controller_server-10] [INFO] [1775024912.229416978] [local_costmap.local_costmap]: KeepoutFilter: Received filter info from /keepout_costmap_filter_info topic.
[controller_server-10] [INFO] [1775024912.229477059] [local_costmap.local_costmap]: KeepoutFilter: Subscribing to "/keepout_filter_mask" topic for filter mask...
[delivery_robot_main_controller-20] [0m[INFO] [1775024912.242065188] [main_controller_node]: Robot is MOVING.[0m
[planner_server-12] [INFO] [1775024912.243707207] [global_costmap.global_costmap]: KeepoutFilter: Subscribing to "/keepout_costmap_filter_info" topic for filter info...
[controller_server-10] [WARN] [1775024912.244917576] [local_costmap.local_costmap]: KeepoutFilter: New filter mask arrived from /keepout_filter_mask topic. Updating old filter mask.
[planner_server-12] [INFO] [1775024912.259598914] [global_costmap.global_costmap]: KeepoutFilter: Received filter info from /keepout_costmap_filter_info topic.
[planner_server-12] [INFO] [1775024912.259731617] [global_costmap.global_costmap]: KeepoutFilter: Subscribing to "/keepout_filter_mask" topic for filter mask...
[planner_server-12] [WARN] [1775024912.275881147] [global_costmap.global_costmap]: KeepoutFilter: New filter mask arrived from /keepout_filter_mask topic. Updating old filter mask.
[planner_server-12] [WARN] [1775024912.438907346] [planner_server]: GridBased plugin failed to plan from (1.32, 6.09) to (0.59, 5.21): "Start occupied"
[planner_server-12] [WARN] [1775024912.439067465] [planner_server]: [compute_path_through_poses] [ActionServer] Aborting handle.
[bt_navigator-14] [WARN] [1775024912.468146652] [bt_navigator]: [navigate_through_poses] [ActionServer] Aborting handle.
[bt_navigator-14] [ERROR] [1775024912.468470681] [bt_navigator]: Goal failed
[delivery_robot_main_controller-20] [33m[WARN] [1775024912.471117160] [main_controller_node]: Goal failed! (obstacle retry 3/3)[0m
[delivery_robot_main_controller-20] [0m[INFO] [1775024912.473830720] [main_controller_node]: Pre-resume: waiting 3 seconds before wiggle...[0m
[delivery_robot_main_controller-20] [0m[INFO] [1775024912.783167485] [main_controller_node]: Pre-resume: clearing local/global costmaps.[0m
[controller_server-10] [INFO] [1775024912.787655767] [local_costmap.local_costmap]: Received request to clear entirely the local_costmap
[controller_server-10] [INFO] [1775024912.795341755] [local_costmap.local_costmap]: KeepoutFilter: Subscribing to "/keepout_costmap_filter_info" topic for filter info...
[planner_server-12] [INFO] [1775024912.800707627] [global_costmap.global_costmap]: Received request to clear entirely the global_costmap
[controller_server-10] [INFO] [1775024912.807001254] [local_costmap.local_costmap]: KeepoutFilter: Received filter info from /keepout_costmap_filter_info topic.
[controller_server-10] [INFO] [1775024912.807064835] [local_costmap.local_costmap]: KeepoutFilter: Subscribing to "/keepout_filter_mask" topic for filter mask...
[planner_server-12] [INFO] [1775024912.818946575] [global_costmap.global_costmap]: KeepoutFilter: Subscribing to "/keepout_costmap_filter_info" topic for filter info...
[controller_server-10] [WARN] [1775024912.828183877] [local_costmap.local_costmap]: KeepoutFilter: New filter mask arrived from /keepout_filter_mask topic. Updating old filter mask.
[planner_server-12] [INFO] [1775024912.829861186] [global_costmap.global_costmap]: KeepoutFilter: Received filter info from /keepout_costmap_filter_info topic.
[planner_server-12] [INFO] [1775024912.829956266] [global_costmap.global_costmap]: KeepoutFilter: Subscribing to "/keepout_filter_mask" topic for filter mask...
[planner_server-12] [WARN] [1775024912.844118166] [global_costmap.global_costmap]: KeepoutFilter: New filter mask arrived from /keepout_filter_mask topic. Updating old filter mask.
[delivery_robot_main_controller-20] [0m[INFO] [1775024912.859676511] [main_controller_node]: Current state: MOVE, dock_state IDLE, charge_state NOT_CHARGE[0m
[delivery_robot_main_controller-20] [0m[INFO] [1775024913.838083655] [main_controller_node]: Pre-resume wiggle complete. Switching to STANDBY.[0m
[delivery_robot_main_controller-20] [0m[INFO] [1775024913.838737546] [main_controller_node]: State change: MOVE -> STANDBY[0m
[delivery_robot_main_controller-20] [0m[INFO] [1775024913.860513396] [main_controller_node]: Robot is in STANDBY mode.[0m
[delivery_robot_main_controller-20] [0m[INFO] [1775024913.893791251] [main_controller_node]: Current state: STANDBY, dock_state IDLE, charge_state NOT_CHARGE[0m
[delivery_robot_main_controller-20] [0m[INFO] [1775024914.017895484] [main_controller_node]: 1 pending queues [0m
[delivery_robot_main_controller-20] [0m[INFO] [1775024914.018892070] [main_controller_node]: Queue action: Request[0m
[delivery_robot_main_controller-20] [0m[INFO] [1775024914.051541991] [main_controller_node]: AGV start_pos: x=1.32, y=6.09[0m
[delivery_robot_main_controller-20] [0m[INFO] [1775024914.054751073] [main_controller_node]: AGV goal_pos: x=-0.53, y=5.87[0m
[delivery_robot_main_controller-20] [0m[INFO] [1775024914.058071567] [main_controller_node]: Path source: building YAML (/home/smr/workspaces/mini_amr/amrROS2_ws/maps/map_000.building.yaml)[0m
[delivery_robot_main_controller-20] Graph before shortest_path: Graph with 19 nodes and 21 edges
[delivery_robot_main_controller-20] [0m[INFO] [1775024914.121910509] [main_controller_node]: Computed AGV path waypoints:[0m
[delivery_robot_main_controller-20] [0m[INFO] [1775024914.123601526] [main_controller_node]:   Waypoint 0: x=1.32, y=6.09[0m
[delivery_robot_main_controller-20] [0m[INFO] [1775024914.124363621] [main_controller_node]:   Waypoint 1: x=1.08, y=5.80[0m
[delivery_robot_main_controller-20] [0m[INFO] [1775024914.125057469] [main_controller_node]:   Waypoint 2: x=0.83, y=5.50[0m
[delivery_robot_main_controller-20] [0m[INFO] [1775024914.125754816] [main_controller_node]:   Waypoint 3: x=0.59, y=5.21[0m
[delivery_robot_main_controller-20] [0m[INFO] [1775024914.126468496] [main_controller_node]:   Waypoint 4: x=0.22, y=5.43[0m
[delivery_robot_main_controller-20] [0m[INFO] [1775024914.127399168] [main_controller_node]:   Waypoint 5: x=-0.16, y=5.65[0m
[delivery_robot_main_controller-20] [0m[INFO] [1775024914.128165638] [main_controller_node]:   Waypoint 6: x=-0.53, y=5.87[0m
[delivery_robot_main_controller-20] [0m[INFO] [1775024914.133963742] [main_controller_node]: Navigating with 7 goals....[0m
[bt_navigator-14] [INFO] [1775024914.136473727] [bt_navigator]: Begin navigating from current location through 7 poses to (-0.53, 5.87)
[delivery_robot_main_controller-20] [0m[INFO] [1775024914.138821551] [main_controller_node]: State change: STANDBY -> MOVE[0m
[controller_server-10] [INFO] [1775024914.136943875] [local_costmap.local_costmap]: Received request to clear entirely the local_costmap
[controller_server-10] [INFO] [1775024914.146054308] [local_costmap.local_costmap]: KeepoutFilter: Subscribing to "/keepout_costmap_filter_info" topic for filter info...
[planner_server-12] [INFO] [1775024914.148750951] [global_costmap.global_costmap]: Received request to clear entirely the global_costmap
[delivery_robot_main_controller-20] [0m[INFO] [1775024914.158862928] [main_controller_node]: Robot is MOVING.[0m
[planner_server-12] [INFO] [1775024914.166310051] [global_costmap.global_costmap]: KeepoutFilter: Subscribing to "/keepout_costmap_filter_info" topic for filter info...
[controller_server-10] [INFO] [1775024914.166629413] [local_costmap.local_costmap]: KeepoutFilter: Received filter info from /keepout_costmap_filter_info topic.
[controller_server-10] [INFO] [1775024914.166706702] [local_costmap.local_costmap]: KeepoutFilter: Subscribing to "/keepout_filter_mask" topic for filter mask...
[controller_server-10] [WARN] [1775024914.175616767] [local_costmap.local_costmap]: KeepoutFilter: New filter mask arrived from /keepout_filter_mask topic. Updating old filter mask.
[planner_server-12] [INFO] [1775024914.177721059] [global_costmap.global_costmap]: KeepoutFilter: Received filter info from /keepout_costmap_filter_info topic.
[planner_server-12] [INFO] [1775024914.177829555] [global_costmap.global_costmap]: KeepoutFilter: Subscribing to "/keepout_filter_mask" topic for filter mask...
[planner_server-12] [WARN] [1775024914.192330359] [global_costmap.global_costmap]: KeepoutFilter: New filter mask arrived from /keepout_filter_mask topic. Updating old filter mask.
[planner_server-12] [WARN] [1775024914.425368965] [planner_server]: GridBased plugin failed to plan from (1.32, 6.09) to (0.59, 5.21): "Start occupied"
[planner_server-12] [WARN] [1775024914.425455878] [planner_server]: [compute_path_through_poses] [ActionServer] Aborting handle.
[bt_navigator-14] [WARN] [1775024914.448197398] [bt_navigator]: [navigate_through_poses] [ActionServer] Aborting handle.
[bt_navigator-14] [ERROR] [1775024914.448487595] [bt_navigator]: Goal failed
[delivery_robot_main_controller-20] [33m[WARN] [1775024914.455288119] [main_controller_node]: Goal failed! (obstacle retry 4/3)[0m
[delivery_robot_main_controller-20] [33m[WARN] [1775024914.456556819] [main_controller_node]: 3 obstacle retries exhausted; switching to SAFE_STOP.[0m
[delivery_robot_main_controller-20] [0m[INFO] [1775024914.457263208] [main_controller_node]: State change: MOVE -> SAFE_STOP[0m
[delivery_robot_main_controller-20] [0m[INFO] [1775024914.472364529] [main_controller_node]: Robot is in SAFE_STOP. Awaiting user to switch to STANDBY.[0m
[delivery_robot_main_controller-20] [0m[INFO] [1775024914.474903971] [main_controller_node]: Robot is in SAFE_STOP. Awaiting user to switch to STANDBY.[0m
[delivery_robot_main_controller-20] [0m[INFO] [1775024914.957544864] [main_controller_node]: Current state: SAFE_STOP, dock_state IDLE, charge_state NOT_CHARGE[0m
[delivery_robot_main_controller-20] [0m[INFO] [1775024915.914949044] [main_controller_node]: Current state: SAFE_STOP, dock_state IDLE, charge_state NOT_CHARGE[0m
[delivery_robot_main_controller-20] [0m[INFO] [1775024916.847638656] [main_controller_node]: Current state: SAFE_STOP, dock_state IDLE, charge_state NOT_CHARGE[0m
[delivery_robot_main_controller-20] [0m[INFO] [1775024917.840540187] [main_controller_node]: Current state: SAFE_STOP, dock_state IDLE, charge_state NOT_CHARGE[0m
[delivery_robot_main_controller-20] [0m[INFO] [1775024918.843026964] [main_controller_node]: Current state: SAFE_STOP, dock_state IDLE, charge_state NOT_CHARGE[0m
[delivery_robot_main_controller-20] [0m[INFO] [1775024919.883266754] [main_controller_node]: Current state: SAFE_STOP, dock_state IDLE, charge_state NOT_CHARGE[0m
[delivery_robot_main_controller-20] [0m[INFO] [1775024920.836023701] [main_controller_node]: Current state: SAFE_STOP, dock_state IDLE, charge_state NOT_CHARGE[0m
[delivery_robot_main_controller-20] [0m[INFO] [1775024921.844574573] [main_controller_node]: Current state: SAFE_STOP, dock_state IDLE, charge_state NOT_CHARGE[0m
[delivery_robot_main_controller-20] [0m[INFO] [1775024922.835824460] [main_controller_node]: Current state: SAFE_STOP, dock_state IDLE, charge_state NOT_CHARGE[0m
[delivery_robot_main_controller-20] [0m[INFO] [1775024923.854770506] [main_controller_node]: Current state: SAFE_STOP, dock_state IDLE, charge_state NOT_CHARGE[0m
[delivery_robot_main_controller-20] [0m[INFO] [1775024924.877545692] [main_controller_node]: Current state: SAFE_STOP, dock_state IDLE, charge_state NOT_CHARGE[0m
[delivery_robot_main_controller-20] [0m[INFO] [1775024925.848348219] [main_controller_node]: Current state: SAFE_STOP, dock_state IDLE, charge_state NOT_CHARGE[0m
[delivery_robot_main_controller-20] [0m[INFO] [1775024926.832992700] [main_controller_node]: Current state: SAFE_STOP, dock_state IDLE, charge_state NOT_CHARGE[0m
[delivery_robot_main_controller-20] [0m[INFO] [1775024927.878022635] [main_controller_node]: Current state: SAFE_STOP, dock_state IDLE, charge_state NOT_CHARGE[0m
[delivery_robot_main_controller-20] [0m[INFO] [1775024928.932368618] [main_controller_node]: Current state: SAFE_STOP, dock_state IDLE, charge_state NOT_CHARGE[0m
[delivery_robot_main_controller-20] [0m[INFO] [1775024929.484031458] [main_controller_node]: SAFE_STOP cleared to STANDBY via API/GUI.[0m
[delivery_robot_main_controller-20] [0m[INFO] [1775024929.494222472] [main_controller_node]: Pre-resume: waiting 3 seconds before wiggle...[0m
[delivery_robot_main_controller-20] [0m[INFO] [1775024929.797551725] [main_controller_node]: Pre-resume: clearing local/global costmaps.[0m
[controller_server-10] [INFO] [1775024929.798721554] [local_costmap.local_costmap]: Received request to clear entirely the local_costmap
[controller_server-10] [INFO] [1775024929.804772232] [local_costmap.local_costmap]: KeepoutFilter: Subscribing to "/keepout_costmap_filter_info" topic for filter info...
[planner_server-12] [INFO] [1775024929.807701325] [global_costmap.global_costmap]: Received request to clear entirely the global_costmap
[planner_server-12] [INFO] [1775024929.814048908] [global_costmap.global_costmap]: KeepoutFilter: Subscribing to "/keepout_costmap_filter_info" topic for filter info...
[controller_server-10] [INFO] [1775024929.821376744] [local_costmap.local_costmap]: KeepoutFilter: Received filter info from /keepout_costmap_filter_info topic.
[controller_server-10] [INFO] [1775024929.821491948] [local_costmap.local_costmap]: KeepoutFilter: Subscribing to "/keepout_filter_mask" topic for filter mask...
[planner_server-12] [INFO] [1775024929.825574245] [global_costmap.global_costmap]: KeepoutFilter: Received filter info from /keepout_costmap_filter_info topic.
[planner_server-12] [INFO] [1775024929.825627035] [global_costmap.global_costmap]: KeepoutFilter: Subscribing to "/keepout_filter_mask" topic for filter mask...
[controller_server-10] [WARN] [1775024929.827893487] [local_costmap.local_costmap]: KeepoutFilter: New filter mask arrived from /keepout_filter_mask topic. Updating old filter mask.
[delivery_robot_main_controller-20] [0m[INFO] [1775024929.834714135] [main_controller_node]: Current state: SAFE_STOP, dock_state IDLE, charge_state NOT_CHARGE[0m
[planner_server-12] [WARN] [1775024929.840428535] [global_costmap.global_costmap]: KeepoutFilter: New filter mask arrived from /keepout_filter_mask topic. Updating old filter mask.
[delivery_robot_main_controller-20] [0m[INFO] [1775024930.822569740] [main_controller_node]: Pre-resume wiggle complete. Switching to STANDBY.[0m
[delivery_robot_main_controller-20] [0m[INFO] [1775024930.826269969] [main_controller_node]: State change: SAFE_STOP -> STANDBY[0m
[delivery_robot_main_controller-20] [0m[INFO] [1775024930.847234142] [main_controller_node]: Robot is in STANDBY mode.[0m
[delivery_robot_main_controller-20] [0m[INFO] [1775024930.868759169] [main_controller_node]: Current state: STANDBY, dock_state IDLE, charge_state NOT_CHARGE[0m
[delivery_robot_main_controller-20] [0m[INFO] [1775024931.839124796] [main_controller_node]: Current state: STANDBY, dock_state IDLE, charge_state NOT_CHARGE[0m
[delivery_robot_main_controller-20] [0m[INFO] [1775024931.923634507] [main_controller_node]: 1 pending queues [0m
[delivery_robot_main_controller-20] [0m[INFO] [1775024931.924666383] [main_controller_node]: Queue action: Request[0m
[delivery_robot_main_controller-20] [0m[INFO] [1775024931.968015674] [main_controller_node]: AGV start_pos: x=1.32, y=6.09[0m
[delivery_robot_main_controller-20] [0m[INFO] [1775024931.968594901] [main_controller_node]: AGV goal_pos: x=-0.53, y=5.87[0m
[delivery_robot_main_controller-20] [0m[INFO] [1775024931.969151380] [main_controller_node]: Path source: building YAML (/home/smr/workspaces/mini_amr/amrROS2_ws/maps/map_000.building.yaml)[0m
[delivery_robot_main_controller-20] Graph before shortest_path: Graph with 19 nodes and 21 edges
[delivery_robot_main_controller-20] [0m[INFO] [1775024932.017865959] [main_controller_node]: Computed AGV path waypoints:[0m
[delivery_robot_main_controller-20] [0m[INFO] [1775024932.018560390] [main_controller_node]:   Waypoint 0: x=1.32, y=6.09[0m
[delivery_robot_main_controller-20] [0m[INFO] [1775024932.019224489] [main_controller_node]:   Waypoint 1: x=1.08, y=5.80[0m
[delivery_robot_main_controller-20] [0m[INFO] [1775024932.019864089] [main_controller_node]:   Waypoint 2: x=0.83, y=5.50[0m
[delivery_robot_main_controller-20] [0m[INFO] [1775024932.020492023] [main_controller_node]:   Waypoint 3: x=0.59, y=5.21[0m
[delivery_robot_main_controller-20] [0m[INFO] [1775024932.021193745] [main_controller_node]:   Waypoint 4: x=0.22, y=5.43[0m
[delivery_robot_main_controller-20] [0m[INFO] [1775024932.021858427] [main_controller_node]:   Waypoint 5: x=-0.16, y=5.65[0m
[delivery_robot_main_controller-20] [0m[INFO] [1775024932.022489277] [main_controller_node]:   Waypoint 6: x=-0.53, y=5.87[0m
[delivery_robot_main_controller-20] [0m[INFO] [1775024932.024035633] [main_controller_node]: Navigating with 7 goals....[0m
[bt_navigator-14] [INFO] [1775024932.032749414] [bt_navigator]: Begin navigating from current location through 7 poses to (-0.53, 5.87)
[controller_server-10] [INFO] [1775024932.034095111] [local_costmap.local_costmap]: Received request to clear entirely the local_costmap
[delivery_robot_main_controller-20] [0m[INFO] [1775024932.036189779] [main_controller_node]: State change: STANDBY -> MOVE[0m
[controller_server-10] [INFO] [1775024932.052819957] [local_costmap.local_costmap]: KeepoutFilter: Subscribing to "/keepout_costmap_filter_info" topic for filter info...
[planner_server-12] [INFO] [1775024932.055723092] [global_costmap.global_costmap]: Received request to clear entirely the global_costmap
[controller_server-10] [INFO] [1775024932.059991466] [local_costmap.local_costmap]: KeepoutFilter: Received filter info from /keepout_costmap_filter_info topic.
[controller_server-10] [INFO] [1775024932.060043089] [local_costmap.local_costmap]: KeepoutFilter: Subscribing to "/keepout_filter_mask" topic for filter mask...
[planner_server-12] [INFO] [1775024932.064622075] [global_costmap.global_costmap]: KeepoutFilter: Subscribing to "/keepout_costmap_filter_info" topic for filter info...
[delivery_robot_main_controller-20] [0m[INFO] [1775024932.067963568] [main_controller_node]: Robot is MOVING.[0m
[planner_server-12] [INFO] [1775024932.077356323] [global_costmap.global_costmap]: KeepoutFilter: Received filter info from /keepout_costmap_filter_info topic.
[planner_server-12] [INFO] [1775024932.077410571] [global_costmap.global_costmap]: KeepoutFilter: Subscribing to "/keepout_filter_mask" topic for filter mask...
[controller_server-10] [WARN] [1775024932.078053379] [local_costmap.local_costmap]: KeepoutFilter: New filter mask arrived from /keepout_filter_mask topic. Updating old filter mask.
[planner_server-12] [WARN] [1775024932.090289771] [global_costmap.global_costmap]: KeepoutFilter: New filter mask arrived from /keepout_filter_mask topic. Updating old filter mask.
[planner_server-12] [WARN] [1775024932.418848654] [planner_server]: GridBased plugin failed to plan from (1.32, 6.09) to (0.59, 5.21): "Start occupied"
[planner_server-12] [WARN] [1775024932.418925651] [planner_server]: [compute_path_through_poses] [ActionServer] Aborting handle.
[bt_navigator-14] [WARN] [1775024932.445366817] [bt_navigator]: [navigate_through_poses] [ActionServer] Aborting handle.
[bt_navigator-14] [ERROR] [1775024932.446274740] [bt_navigator]: Goal failed
[delivery_robot_main_controller-20] [33m[WARN] [1775024932.462670427] [main_controller_node]: Goal failed! (obstacle retry 1/3)[0m
[delivery_robot_main_controller-20] [0m[INFO] [1775024932.475136644] [main_controller_node]: Pre-resume: waiting 3 seconds before wiggle...[0m
[delivery_robot_main_controller-20] [0m[INFO] [1775024932.783053632] [main_controller_node]: Pre-resume: clearing local/global costmaps.[0m
[controller_server-10] [INFO] [1775024932.785420122] [local_costmap.local_costmap]: Received request to clear entirely the local_costmap
[controller_server-10] [INFO] [1775024932.797201241] [local_costmap.local_costmap]: KeepoutFilter: Subscribing to "/keepout_costmap_filter_info" topic for filter info...
[controller_server-10] [INFO] [1775024932.809327680] [local_costmap.local_costmap]: KeepoutFilter: Received filter info from /keepout_costmap_filter_info topic.
[controller_server-10] [INFO] [1775024932.809381053] [local_costmap.local_costmap]: KeepoutFilter: Subscribing to "/keepout_filter_mask" topic for filter mask...
[planner_server-12] [INFO] [1775024932.821134173] [global_costmap.global_costmap]: Received request to clear entirely the global_costmap
[planner_server-12] [INFO] [1775024932.829448095] [global_costmap.global_costmap]: KeepoutFilter: Subscribing to "/keepout_costmap_filter_info" topic for filter info...
[controller_server-10] [WARN] [1775024932.835252616] [local_costmap.local_costmap]: KeepoutFilter: New filter mask arrived from /keepout_filter_mask topic. Updating old filter mask.
[planner_server-12] [INFO] [1775024932.843677368] [global_costmap.global_costmap]: KeepoutFilter: Received filter info from /keepout_costmap_filter_info topic.
[planner_server-12] [INFO] [1775024932.843871610] [global_costmap.global_costmap]: KeepoutFilter: Subscribing to "/keepout_filter_mask" topic for filter mask...
[planner_server-12] [WARN] [1775024932.857855601] [global_costmap.global_costmap]: KeepoutFilter: New filter mask arrived from /keepout_filter_mask topic. Updating old filter mask.
[delivery_robot_main_controller-20] [0m[INFO] [1775024932.891445818] [main_controller_node]: Current state: MOVE, dock_state IDLE, charge_state NOT_CHARGE[0m
[delivery_robot_main_controller-20] [0m[INFO] [1775024933.843216387] [main_controller_node]: Pre-resume wiggle complete. Switching to STANDBY.[0m
[delivery_robot_main_controller-20] [0m[INFO] [1775024933.844076478] [main_controller_node]: State change: MOVE -> STANDBY[0m
[delivery_robot_main_controller-20] [0m[INFO] [1775024933.859252755] [main_controller_node]: Robot is in STANDBY mode.[0m
[delivery_robot_main_controller-20] [0m[INFO] [1775024933.895117008] [main_controller_node]: Current state: STANDBY, dock_state IDLE, charge_state NOT_CHARGE[0m
[delivery_robot_main_controller-20] [0m[INFO] [1775024934.008003600] [main_controller_node]: 1 pending queues [0m
[delivery_robot_main_controller-20] [0m[INFO] [1775024934.009027601] [main_controller_node]: Queue action: Request[0m
[delivery_robot_main_controller-20] [0m[INFO] [1775024934.046576746] [main_controller_node]: AGV start_pos: x=1.32, y=6.09[0m
[delivery_robot_main_controller-20] [0m[INFO] [1775024934.047249011] [main_controller_node]: AGV goal_pos: x=-0.53, y=5.87[0m
[delivery_robot_main_controller-20] [0m[INFO] [1775024934.048133018] [main_controller_node]: Path source: building YAML (/home/smr/workspaces/mini_amr/amrROS2_ws/maps/map_000.building.yaml)[0m
[delivery_robot_main_controller-20] Graph before shortest_path: Graph with 19 nodes and 21 edges
[delivery_robot_main_controller-20] [0m[INFO] [1775024934.089063322] [main_controller_node]: Computed AGV path waypoints:[0m
[delivery_robot_main_controller-20] [0m[INFO] [1775024934.091502725] [main_controller_node]:   Waypoint 0: x=1.32, y=6.09[0m
[delivery_robot_main_controller-20] [0m[INFO] [1775024934.092175574] [main_controller_node]:   Waypoint 1: x=1.08, y=5.80[0m
[delivery_robot_main_controller-20] [0m[INFO] [1775024934.092788633] [main_controller_node]:   Waypoint 2: x=0.83, y=5.50[0m
[delivery_robot_main_controller-20] [0m[INFO] [1775024934.093383318] [main_controller_node]:   Waypoint 3: x=0.59, y=5.21[0m
[delivery_robot_main_controller-20] [0m[INFO] [1775024934.094004835] [main_controller_node]:   Waypoint 4: x=0.22, y=5.43[0m
[delivery_robot_main_controller-20] [0m[INFO] [1775024934.094655226] [main_controller_node]:   Waypoint 5: x=-0.16, y=5.65[0m
[delivery_robot_main_controller-20] [0m[INFO] [1775024934.095339449] [main_controller_node]:   Waypoint 6: x=-0.53, y=5.87[0m
[delivery_robot_main_controller-20] [0m[INFO] [1775024934.096319119] [main_controller_node]: Navigating with 7 goals....[0m
[bt_navigator-14] [INFO] [1775024934.100883231] [bt_navigator]: Begin navigating from current location through 7 poses to (-0.53, 5.87)
[controller_server-10] [INFO] [1775024934.103465254] [local_costmap.local_costmap]: Received request to clear entirely the local_costmap
[delivery_robot_main_controller-20] [0m[INFO] [1775024934.105158312] [main_controller_node]: State change: STANDBY -> MOVE[0m
[controller_server-10] [INFO] [1775024934.112349654] [local_costmap.local_costmap]: KeepoutFilter: Subscribing to "/keepout_costmap_filter_info" topic for filter info...
[planner_server-12] [INFO] [1775024934.119767611] [global_costmap.global_costmap]: Received request to clear entirely the global_costmap
[controller_server-10] [INFO] [1775024934.129341776] [local_costmap.local_costmap]: KeepoutFilter: Received filter info from /keepout_costmap_filter_info topic.
[controller_server-10] [INFO] [1775024934.129402732] [local_costmap.local_costmap]: KeepoutFilter: Subscribing to "/keepout_filter_mask" topic for filter mask...
[planner_server-12] [INFO] [1775024934.132611230] [global_costmap.global_costmap]: KeepoutFilter: Subscribing to "/keepout_costmap_filter_info" topic for filter info...
[controller_server-10] [WARN] [1775024934.134224083] [local_costmap.local_costmap]: KeepoutFilter: New filter mask arrived from /keepout_filter_mask topic. Updating old filter mask.
[planner_server-12] [INFO] [1775024934.144509594] [global_costmap.global_costmap]: KeepoutFilter: Received filter info from /keepout_costmap_filter_info topic.
[planner_server-12] [INFO] [1775024934.144563259] [global_costmap.global_costmap]: KeepoutFilter: Subscribing to "/keepout_filter_mask" topic for filter mask...
[delivery_robot_main_controller-20] [0m[INFO] [1775024934.151455654] [main_controller_node]: Robot is MOVING.[0m
[planner_server-12] [WARN] [1775024934.158120558] [global_costmap.global_costmap]: KeepoutFilter: New filter mask arrived from /keepout_filter_mask topic. Updating old filter mask.
[planner_server-12] [WARN] [1775024934.434414251] [planner_server]: GridBased plugin failed to plan from (1.32, 6.09) to (0.59, 5.21): "Start occupied"
[planner_server-12] [WARN] [1775024934.434579619] [planner_server]: [compute_path_through_poses] [ActionServer] Aborting handle.
[bt_navigator-14] [WARN] [1775024934.461132489] [bt_navigator]: [navigate_through_poses] [ActionServer] Aborting handle.
[bt_navigator-14] [ERROR] [1775024934.461417728] [bt_navigator]: Goal failed
[delivery_robot_main_controller-20] [33m[WARN] [1775024934.469699277] [main_controller_node]: Goal failed! (obstacle retry 2/3)[0m
[delivery_robot_main_controller-20] [0m[INFO] [1775024934.485176250] [main_controller_node]: Pre-resume: waiting 3 seconds before wiggle...[0m
[delivery_robot_main_controller-20] [0m[INFO] [1775024934.790610670] [main_controller_node]: Pre-resume: clearing local/global costmaps.[0m
[controller_server-10] [INFO] [1775024934.794049867] [local_costmap.local_costmap]: Received request to clear entirely the local_costmap
[controller_server-10] [INFO] [1775024934.803904312] [local_costmap.local_costmap]: KeepoutFilter: Subscribing to "/keepout_costmap_filter_info" topic for filter info...
[controller_server-10] [INFO] [1775024934.819088755] [local_costmap.local_costmap]: KeepoutFilter: Received filter info from /keepout_costmap_filter_info topic.
[controller_server-10] [INFO] [1775024934.819190543] [local_costmap.local_costmap]: KeepoutFilter: Subscribing to "/keepout_filter_mask" topic for filter mask...
[planner_server-12] [INFO] [1775024934.820588738] [global_costmap.global_costmap]: Received request to clear entirely the global_costmap
[planner_server-12] [INFO] [1775024934.826961987] [global_costmap.global_costmap]: KeepoutFilter: Subscribing to "/keepout_costmap_filter_info" topic for filter info...
[planner_server-12] [INFO] [1775024934.842277091] [global_costmap.global_costmap]: KeepoutFilter: Received filter info from /keepout_costmap_filter_info topic.
[planner_server-12] [INFO] [1775024934.842346214] [global_costmap.global_costmap]: KeepoutFilter: Subscribing to "/keepout_filter_mask" topic for filter mask...
[controller_server-10] [WARN] [1775024934.845890991] [local_costmap.local_costmap]: KeepoutFilter: New filter mask arrived from /keepout_filter_mask topic. Updating old filter mask.
[planner_server-12] [WARN] [1775024934.861273759] [global_costmap.global_costmap]: KeepoutFilter: New filter mask arrived from /keepout_filter_mask topic. Updating old filter mask.
[delivery_robot_main_controller-20] [0m[INFO] [1775024934.898130807] [main_controller_node]: Current state: MOVE, dock_state IDLE, charge_state NOT_CHARGE[0m
[delivery_robot_main_controller-20] [0m[INFO] [1775024935.837933888] [main_controller_node]: Pre-resume wiggle complete. Switching to STANDBY.[0m
[delivery_robot_main_controller-20] [0m[INFO] [1775024935.843242888] [main_controller_node]: State change: MOVE -> STANDBY[0m
[delivery_robot_main_controller-20] [0m[INFO] [1775024935.879968398] [main_controller_node]: Robot is in STANDBY mode.[0m
[delivery_robot_main_controller-20] [0m[INFO] [1775024935.917736576] [main_controller_node]: Current state: STANDBY, dock_state IDLE, charge_state NOT_CHARGE[0m
[delivery_robot_main_controller-20] [0m[INFO] [1775024936.032943577] [main_controller_node]: 1 pending queues [0m
[delivery_robot_main_controller-20] [0m[INFO] [1775024936.034399520] [main_controller_node]: Queue action: Request[0m
[delivery_robot_main_controller-20] [0m[INFO] [1775024936.081447582] [main_controller_node]: AGV start_pos: x=1.32, y=6.09[0m
[delivery_robot_main_controller-20] [0m[INFO] [1775024936.082140846] [main_controller_node]: AGV goal_pos: x=-0.53, y=5.87[0m
[delivery_robot_main_controller-20] [0m[INFO] [1775024936.082715990] [main_controller_node]: Path source: building YAML (/home/smr/workspaces/mini_amr/amrROS2_ws/maps/map_000.building.yaml)[0m
[delivery_robot_main_controller-20] Graph before shortest_path: Graph with 19 nodes and 21 edges
[delivery_robot_main_controller-20] [0m[INFO] [1775024936.132895846] [main_controller_node]: Computed AGV path waypoints:[0m
[delivery_robot_main_controller-20] [0m[INFO] [1775024936.133855099] [main_controller_node]:   Waypoint 0: x=1.32, y=6.09[0m
[delivery_robot_main_controller-20] [0m[INFO] [1775024936.134782563] [main_controller_node]:   Waypoint 1: x=1.08, y=5.80[0m
[delivery_robot_main_controller-20] [0m[INFO] [1775024936.135546408] [main_controller_node]:   Waypoint 2: x=0.83, y=5.50[0m
[delivery_robot_main_controller-20] [0m[INFO] [1775024936.136255713] [main_controller_node]:   Waypoint 3: x=0.59, y=5.21[0m
[delivery_robot_main_controller-20] [0m[INFO] [1775024936.136951311] [main_controller_node]:   Waypoint 4: x=0.22, y=5.43[0m
[delivery_robot_main_controller-20] [0m[INFO] [1775024936.137684240] [main_controller_node]:   Waypoint 5: x=-0.16, y=5.65[0m
[delivery_robot_main_controller-20] [0m[INFO] [1775024936.138830153] [main_controller_node]:   Waypoint 6: x=-0.53, y=5.87[0m
[delivery_robot_main_controller-20] [0m[INFO] [1775024936.141636168] [main_controller_node]: Navigating with 7 goals....[0m
[bt_navigator-14] [INFO] [1775024936.156834319] [bt_navigator]: Begin navigating from current location through 7 poses to (-0.53, 5.87)
[delivery_robot_main_controller-20] [0m[INFO] [1775024936.157890694] [main_controller_node]: State change: STANDBY -> MOVE[0m
[controller_server-10] [INFO] [1775024936.157830029] [local_costmap.local_costmap]: Received request to clear entirely the local_costmap
[controller_server-10] [INFO] [1775024936.164709300] [local_costmap.local_costmap]: KeepoutFilter: Subscribing to "/keepout_costmap_filter_info" topic for filter info...
[planner_server-12] [INFO] [1775024936.170403576] [global_costmap.global_costmap]: Received request to clear entirely the global_costmap
[planner_server-12] [INFO] [1775024936.179127273] [global_costmap.global_costmap]: KeepoutFilter: Subscribing to "/keepout_costmap_filter_info" topic for filter info...
[controller_server-10] [INFO] [1775024936.181097112] [local_costmap.local_costmap]: KeepoutFilter: Received filter info from /keepout_costmap_filter_info topic.
[controller_server-10] [INFO] [1775024936.181269481] [local_costmap.local_costmap]: KeepoutFilter: Subscribing to "/keepout_filter_mask" topic for filter mask...
[delivery_robot_main_controller-20] [0m[INFO] [1775024936.190202878] [main_controller_node]: Robot is MOVING.[0m
[planner_server-12] [INFO] [1775024936.193519873] [global_costmap.global_costmap]: KeepoutFilter: Received filter info from /keepout_costmap_filter_info topic.
[planner_server-12] [INFO] [1775024936.193621369] [global_costmap.global_costmap]: KeepoutFilter: Subscribing to "/keepout_filter_mask" topic for filter mask...
[controller_server-10] [WARN] [1775024936.201199153] [local_costmap.local_costmap]: KeepoutFilter: New filter mask arrived from /keepout_filter_mask topic. Updating old filter mask.
[planner_server-12] [WARN] [1775024936.212638452] [global_costmap.global_costmap]: KeepoutFilter: New filter mask arrived from /keepout_filter_mask topic. Updating old filter mask.
[planner_server-12] [WARN] [1775024936.422366519] [planner_server]: GridBased plugin failed to plan from (1.32, 6.09) to (0.59, 5.21): "Start occupied"
[planner_server-12] [WARN] [1775024936.424375440] [planner_server]: [compute_path_through_poses] [ActionServer] Aborting handle.
[bt_navigator-14] [WARN] [1775024936.447405407] [bt_navigator]: [navigate_through_poses] [ActionServer] Aborting handle.
[bt_navigator-14] [ERROR] [1775024936.448009134] [bt_navigator]: Goal failed
[delivery_robot_main_controller-20] [33m[WARN] [1775024936.450680112] [main_controller_node]: Goal failed! (obstacle retry 3/3)[0m
[delivery_robot_main_controller-20] [0m[INFO] [1775024936.460186612] [main_controller_node]: Pre-resume: waiting 3 seconds before wiggle...[0m
[delivery_robot_main_controller-20] [0m[INFO] [1775024936.769035147] [main_controller_node]: Pre-resume: clearing local/global costmaps.[0m
[controller_server-10] [INFO] [1775024936.770760579] [local_costmap.local_costmap]: Received request to clear entirely the local_costmap
[controller_server-10] [INFO] [1775024936.776545851] [local_costmap.local_costmap]: KeepoutFilter: Subscribing to "/keepout_costmap_filter_info" topic for filter info...
[controller_server-10] [INFO] [1775024936.783142507] [local_costmap.local_costmap]: KeepoutFilter: Received filter info from /keepout_costmap_filter_info topic.
[controller_server-10] [INFO] [1775024936.783415788] [local_costmap.local_costmap]: KeepoutFilter: Subscribing to "/keepout_filter_mask" topic for filter mask...
[controller_server-10] [WARN] [1775024936.789622210] [local_costmap.local_costmap]: KeepoutFilter: New filter mask arrived from /keepout_filter_mask topic. Updating old filter mask.
[planner_server-12] [INFO] [1775024936.786083266] [global_costmap.global_costmap]: Received request to clear entirely the global_costmap
[planner_server-12] [INFO] [1775024936.798181706] [global_costmap.global_costmap]: KeepoutFilter: Subscribing to "/keepout_costmap_filter_info" topic for filter info...
[planner_server-12] [INFO] [1775024936.810276938] [global_costmap.global_costmap]: KeepoutFilter: Received filter info from /keepout_costmap_filter_info topic.
[planner_server-12] [INFO] [1775024936.810383684] [global_costmap.global_costmap]: KeepoutFilter: Subscribing to "/keepout_filter_mask" topic for filter mask...
[planner_server-12] [WARN] [1775024936.827502092] [global_costmap.global_costmap]: KeepoutFilter: New filter mask arrived from /keepout_filter_mask topic. Updating old filter mask.
[delivery_robot_main_controller-20] [0m[INFO] [1775024936.847411641] [main_controller_node]: Current state: MOVE, dock_state IDLE, charge_state NOT_CHARGE[0m
[delivery_robot_main_controller-20] [0m[INFO] [1775024937.821513954] [main_controller_node]: Pre-resume wiggle complete. Switching to STANDBY.[0m
[delivery_robot_main_controller-20] [0m[INFO] [1775024937.831571683] [main_controller_node]: State change: MOVE -> STANDBY[0m
[delivery_robot_main_controller-20] [0m[INFO] [1775024937.901878370] [main_controller_node]: Robot is in STANDBY mode.[0m
[delivery_robot_main_controller-20] [0m[INFO] [1775024937.921359769] [main_controller_node]: Current state: STANDBY, dock_state IDLE, charge_state NOT_CHARGE[0m
[delivery_robot_main_controller-20] [0m[INFO] [1775024938.056504317] [main_controller_node]: 1 pending queues [0m
[delivery_robot_main_controller-20] [0m[INFO] [1775024938.062072889] [main_controller_node]: Queue action: Request[0m
[delivery_robot_main_controller-20] [0m[INFO] [1775024938.140872866] [main_controller_node]: AGV start_pos: x=1.32, y=6.09[0m
[delivery_robot_main_controller-20] [0m[INFO] [1775024938.145798922] [main_controller_node]: AGV goal_pos: x=-0.53, y=5.87[0m
[delivery_robot_main_controller-20] [0m[INFO] [1775024938.148373071] [main_controller_node]: Path source: building YAML (/home/smr/workspaces/mini_amr/amrROS2_ws/maps/map_000.building.yaml)[0m
[delivery_robot_main_controller-20] Graph before shortest_path: Graph with 19 nodes and 21 edges
[delivery_robot_main_controller-20] [0m[INFO] [1775024938.224825224] [main_controller_node]: Computed AGV path waypoints:[0m
[delivery_robot_main_controller-20] [0m[INFO] [1775024938.229893607] [main_controller_node]:   Waypoint 0: x=1.32, y=6.09[0m
[delivery_robot_main_controller-20] [0m[INFO] [1775024938.230642578] [main_controller_node]:   Waypoint 1: x=1.08, y=5.80[0m
[delivery_robot_main_controller-20] [0m[INFO] [1775024938.231342259] [main_controller_node]:   Waypoint 2: x=0.83, y=5.50[0m
[delivery_robot_main_controller-20] [0m[INFO] [1775024938.231988275] [main_controller_node]:   Waypoint 3: x=0.59, y=5.21[0m
[delivery_robot_main_controller-20] [0m[INFO] [1775024938.232614459] [main_controller_node]:   Waypoint 4: x=0.22, y=5.43[0m
[delivery_robot_main_controller-20] [0m[INFO] [1775024938.233236267] [main_controller_node]:   Waypoint 5: x=-0.16, y=5.65[0m
[delivery_robot_main_controller-20] [0m[INFO] [1775024938.235520511] [main_controller_node]:   Waypoint 6: x=-0.53, y=5.87[0m
[delivery_robot_main_controller-20] [0m[INFO] [1775024938.240302489] [main_controller_node]: Navigating with 7 goals....[0m
[bt_navigator-14] [INFO] [1775024938.243412700] [bt_navigator]: Begin navigating from current location through 7 poses to (-0.53, 5.87)
[controller_server-10] [INFO] [1775024938.243717188] [local_costmap.local_costmap]: Received request to clear entirely the local_costmap
[delivery_robot_main_controller-20] [0m[INFO] [1775024938.251318888] [main_controller_node]: State change: STANDBY -> MOVE[0m
[controller_server-10] [INFO] [1775024938.251236641] [local_costmap.local_costmap]: KeepoutFilter: Subscribing to "/keepout_costmap_filter_info" topic for filter info...
[planner_server-12] [INFO] [1775024938.254194900] [global_costmap.global_costmap]: Received request to clear entirely the global_costmap
[controller_server-10] [INFO] [1775024938.256836129] [local_costmap.local_costmap]: KeepoutFilter: Received filter info from /keepout_costmap_filter_info topic.
[controller_server-10] [INFO] [1775024938.256895335] [local_costmap.local_costmap]: KeepoutFilter: Subscribing to "/keepout_filter_mask" topic for filter mask...
[planner_server-12] [INFO] [1775024938.258395901] [global_costmap.global_costmap]: KeepoutFilter: Subscribing to "/keepout_costmap_filter_info" topic for filter info...
[controller_server-10] [WARN] [1775024938.265949186] [local_costmap.local_costmap]: KeepoutFilter: New filter mask arrived from /keepout_filter_mask topic. Updating old filter mask.
[planner_server-12] [INFO] [1775024938.269161476] [global_costmap.global_costmap]: KeepoutFilter: Received filter info from /keepout_costmap_filter_info topic.
[planner_server-12] [INFO] [1775024938.269212224] [global_costmap.global_costmap]: KeepoutFilter: Subscribing to "/keepout_filter_mask" topic for filter mask...
[planner_server-12] [WARN] [1775024938.282723442] [global_costmap.global_costmap]: KeepoutFilter: New filter mask arrived from /keepout_filter_mask topic. Updating old filter mask.
[delivery_robot_main_controller-20] [0m[INFO] [1775024938.283842523] [main_controller_node]: Robot is MOVING.[0m
[planner_server-12] [WARN] [1775024938.424751344] [planner_server]: GridBased plugin failed to plan from (1.29, 5.88) to (0.59, 5.21): "Start occupied"
[planner_server-12] [WARN] [1775024938.424825716] [planner_server]: [compute_path_through_poses] [ActionServer] Aborting handle.
[bt_navigator-14] [WARN] [1775024938.453732826] [bt_navigator]: [navigate_through_poses] [ActionServer] Aborting handle.
[bt_navigator-14] [ERROR] [1775024938.454468089] [bt_navigator]: Goal failed
[delivery_robot_main_controller-20] [33m[WARN] [1775024938.459201944] [main_controller_node]: Goal failed! (obstacle retry 4/3)[0m
[delivery_robot_main_controller-20] [33m[WARN] [1775024938.461566101] [main_controller_node]: 3 obstacle retries exhausted; switching to SAFE_STOP.[0m
[delivery_robot_main_controller-20] [0m[INFO] [1775024938.463671560] [main_controller_node]: State change: MOVE -> SAFE_STOP[0m
[delivery_robot_main_controller-20] [0m[INFO] [1775024938.481193911] [main_controller_node]: Robot is in SAFE_STOP. Awaiting user to switch to STANDBY.[0m
[delivery_robot_main_controller-20] [0m[INFO] [1775024938.481938506] [main_controller_node]: Robot is in SAFE_STOP. Awaiting user to switch to STANDBY.[0m
[delivery_robot_main_controller-20] [0m[INFO] [1775024938.926192037] [main_controller_node]: Current state: SAFE_STOP, dock_state IDLE, charge_state NOT_CHARGE[0m
[delivery_robot_main_controller-20] [0m[INFO] [1775024939.836299956] [main_controller_node]: Current state: SAFE_STOP, dock_state IDLE, charge_state NOT_CHARGE[0m
[delivery_robot_main_controller-20] [0m[INFO] [1775024940.846176401] [main_controller_node]: Current state: SAFE_STOP, dock_state IDLE, charge_state NOT_CHARGE[0m
[delivery_robot_main_controller-20] [0m[INFO] [1775024941.871437948] [main_controller_node]: Current state: SAFE_STOP, dock_state IDLE, charge_state NOT_CHARGE[0m
[planner_server-12] [INFO] [1775024942.390522030] [global_costmap.global_costmap]: StaticLayer: Resizing costmap to 276 X 349 at 0.050000 m/pix
[delivery_robot_main_controller-20] [0m[INFO] [1775024942.865702967] [main_controller_node]: Current state: SAFE_STOP, dock_state IDLE, charge_state NOT_CHARGE[0m
[delivery_robot_main_controller-20] [0m[INFO] [1775024943.864660134] [main_controller_node]: Current state: SAFE_STOP, dock_state IDLE, charge_state NOT_CHARGE[0m
[delivery_robot_main_controller-20] [0m[INFO] [1775024944.843918035] [main_controller_node]: Current state: SAFE_STOP, dock_state IDLE, charge_state NOT_CHARGE[0m
[delivery_robot_main_controller-20] [0m[INFO] [1775024945.887878762] [main_controller_node]: Current state: SAFE_STOP, dock_state IDLE, charge_state NOT_CHARGE[0m
[delivery_robot_main_controller-20] [0m[INFO] [1775024946.495704762] [main_controller_node]: SAFE_STOP cleared to STANDBY via API/GUI.[0m
[delivery_robot_main_controller-20] [0m[INFO] [1775024946.500633735] [main_controller_node]: Pre-resume: waiting 3 seconds before wiggle...[0m
[delivery_robot_main_controller-20] [0m[INFO] [1775024946.804394053] [main_controller_node]: Pre-resume: clearing local/global costmaps.[0m
[controller_server-10] [INFO] [1775024946.806782126] [local_costmap.local_costmap]: Received request to clear entirely the local_costmap
[controller_server-10] [INFO] [1775024946.814074964] [local_costmap.local_costmap]: KeepoutFilter: Subscribing to "/keepout_costmap_filter_info" topic for filter info...
[controller_server-10] [INFO] [1775024946.817750110] [local_costmap.local_costmap]: KeepoutFilter: Received filter info from /keepout_costmap_filter_info topic.
[controller_server-10] [INFO] [1775024946.817804942] [local_costmap.local_costmap]: KeepoutFilter: Subscribing to "/keepout_filter_mask" topic for filter mask...
[planner_server-12] [INFO] [1775024946.819850903] [global_costmap.global_costmap]: Received request to clear entirely the global_costmap
[planner_server-12] [INFO] [1775024946.829438483] [global_costmap.global_costmap]: KeepoutFilter: Subscribing to "/keepout_costmap_filter_info" topic for filter info...
[planner_server-12] [INFO] [1775024946.840415509] [global_costmap.global_costmap]: KeepoutFilter: Received filter info from /keepout_costmap_filter_info topic.
[planner_server-12] [INFO] [1775024946.840475006] [global_costmap.global_costmap]: KeepoutFilter: Subscribing to "/keepout_filter_mask" topic for filter mask...
[controller_server-10] [WARN] [1775024946.843754669] [local_costmap.local_costmap]: KeepoutFilter: New filter mask arrived from /keepout_filter_mask topic. Updating old filter mask.
[planner_server-12] [WARN] [1775024946.853150923] [global_costmap.global_costmap]: KeepoutFilter: New filter mask arrived from /keepout_filter_mask topic. Updating old filter mask.
[delivery_robot_main_controller-20] [0m[INFO] [1775024946.879964825] [main_controller_node]: Current state: SAFE_STOP, dock_state IDLE, charge_state NOT_CHARGE[0m
[bash-27] 4
[bash-27] Queue empty: current state-> STANDBY : queue_action-> 
[bash-27] queue action->Idle :  current state-> STANDBY : previous state-> 
[bash-27] Auu
[bash-27] queue action->Request :  current state-> MOVE : previous state-> STANDBY
[bash-27] queue action->Request :  current state-> STANDBY : previous state-> MOVE
[bash-27] queue action->Request :  current state-> MOVE : previous state-> STANDBY
[bash-27] queue action->Request :  current state-> STANDBY : previous state-> MOVE
[bash-27] queue action->Request :  current state-> MOVE : previous state-> STANDBY
[bash-27] queue action->Request :  current state-> STANDBY : previous state-> MOVE
[bash-27] queue action->Request :  current state-> MOVE : previous state-> STANDBY
[bash-27] queue action->Request :  current state-> SAFE_STOP : previous state-> MOVE
[bash-27] Dialog rejected!
[bash-27] queue action->Request :  current state-> STANDBY : previous state-> SAFE_STOP
[bash-27] queue action->Request :  current state-> MOVE : previous state-> STANDBY
[bash-27] queue action->Request :  current state-> STANDBY : previous state-> MOVE
[bash-27] queue action->Request :  current state-> MOVE : previous state-> STANDBY
[bash-27] queue action->Request :  current state-> STANDBY : previous state-> MOVE
[bash-27] queue action->Request :  current state-> MOVE : previous state-> STANDBY
[bash-27] queue action->Request :  current state-> STANDBY : previous state-> MOVE
[bash-27] queue action->Request :  current state-> MOVE : previous state-> STANDBY
[bash-27] queue action->Request :  current state-> SAFE_STOP : previous state-> MOVE
[bash-27] Dialog rejected!
[bash-27] queue action->Request :  current state-> STANDBY : previous state-> SAFE_STOP
[bash-27] queue action->Request :  current state-> MOVE : previous state-> STANDBY
[bash-27] queue action->Request :  current state-> STANDBY : previous state-> MOVE
[bash-27] queue action->Request :  current state-> MOVE : previous state-> STANDBY
[bash-27] queue action->Request :  current state-> STANDBY : previous state-> MOVE
[bash-27] queue action->Request :  current state-> MOVE : previous state-> STANDBY
[bash-27] queue action->Request :  current state-> STANDBY : previous state-> MOVE
[bash-27] queue action->Request :  current state-> MOVE : previous state-> STANDBY
[bash-27] queue action->Request :  current state-> SAFE_STOP : previous state-> MOVE
[bash-27] Dialog rejected!
[bash-27] queue action->Request :  current state-> STANDBY : previous state-> SAFE_STOP
[bash-27] queue action->Request :  current state-> MOVE : previous state-> STANDBY
[bash-27] queue action->Request :  current state-> STANDBY : previous state-> MOVE
[bash-27] queue action->Request :  current state-> MOVE : previous state-> STANDBY
[bash-27] queue action->Request :  current state-> STANDBY : previous state-> MOVE
[bash-27] queue action->Request :  current state-> MOVE : previous state-> STANDBY
[bash-27] queue action->Request :  current state-> STANDBY : previous state-> MOVE
[bash-27] queue action->Request :  current state-> MOVE : previous state-> STANDBY
[bash-27] queue action->Request :  current state-> SAFE_STOP : previous state-> MOVE
[bash-27] Dialog rejected!
[bash-27] queue action->Request :  current state-> STANDBY : previous state-> SAFE_STOP
[bash-27] queue action->Request :  current state-> MOVE : previous state-> STANDBY
[bash-27] queue action->Request :  current state-> STANDBY : previous state-> MOVE
[bash-27] queue action->Request :  current state-> MOVE : previous state-> STANDBY
[bash-27] queue action->Request :  current state-> STANDBY : previous state-> MOVE
[bash-27] queue action->Request :  current state-> MOVE : previous state-> STANDBY
[bash-27] queue action->Request :  current state-> STANDBY : previous state-> MOVE
[bash-27] queue action->Request :  current state-> MOVE : previous state-> STANDBY
[bash-27] queue action->Request :  current state-> SAFE_STOP : previous state-> MOVE
[bash-27] Dialog rejected!
[bash-27] queue action->Request :  current state-> STANDBY : previous state-> SAFE_STOP
[bash-27] queue action->Request :  current state-> MOVE : previous state-> STANDBY
[bash-27] queue action->Request :  current state-> STANDBY : previous state-> MOVE
[bash-27] queue action->Request :  current state-> MOVE : previous state-> STANDBY
[bash-27] queue action->Request :  current state-> STANDBY : previous state-> MOVE
[bash-27] queue action->Request :  current state-> MOVE : previous state-> STANDBY
[bash-27] queue action->Request :  current state-> STANDBY : previous state-> MOVE
[bash-27] queue action->Request :  current state-> MOVE : previous state-> STANDBY
[bash-27] queue action->Request :  current state-> SAFE_STOP : previous state-> MOVE
[bash-27] Dialog rejected!
[bash-27] queue action->Request :  current state-> STANDBY : previous state-> SAFE_STOP
[bash-27] queue action->Request :  current state-> MOVE : previous state-> STANDBY
[bash-27] queue action->Request :  current state-> STANDBY : previous state-> MOVE
[bash-27] queue action->Request :  current state-> MOVE : previous state-> STANDBY
[bash-27] queue action->Request :  current state-> STANDBY : previous state-> MOVE
[bash-27] queue action->Request :  current state-> MOVE : previous state-> STANDBY
[bash-27] queue action->Request :  current state-> STANDBY : previous state-> MOVE
[bash-27] queue action->Request :  current state-> MOVE : previous state-> STANDBY
[bash-27] queue action->Request :  current state-> SAFE_STOP : previous state-> MOVE
[bash-27] Dialog rejected!
[bash-27] queue action->Request :  current state-> STANDBY : previous state-> SAFE_STOP
[bash-27] queue action->Request :  current state-> LOAD_IN : previous state-> STANDBY
[bash-27] queue action->Request :  current state-> STANDBY : previous state-> LOAD_IN
[bash-27] queue action->Request :  current state-> MOVE : previous state-> STANDBY
[bash-27] queue action->Request :  current state-> STANDBY : previous state-> MOVE
[bash-27] queue action->Request :  current state-> MOVE : previous state-> STANDBY
[bash-27] queue action->Request :  current state-> STANDBY : previous state-> MOVE
[bash-27] queue action->Request :  current state-> MOVE : previous state-> STANDBY
[bash-27] queue action->Request :  current state-> STANDBY : previous state-> MOVE
[bash-27] queue action->Request :  current state-> MOVE : previous state-> STANDBY
[bash-27] queue action->Request :  current state-> SAFE_STOP : previous state-> MOVE
[bash-27] Dialog rejected!
[bash-27] queue action->Request :  current state-> STANDBY : previous state-> SAFE_STOP
[bash-27] queue action->Request :  current state-> MOVE : previous state-> STANDBY
[bash-27] queue action->Request :  current state-> STANDBY : previous state-> MOVE
[bash-27] queue action->Request :  current state-> MOVE : previous state-> STANDBY
[bash-27] queue action->Request :  current state-> STANDBY : previous state-> MOVE
[bash-27] queue action->Request :  current state-> MOVE : previous state-> STANDBY
[bash-27] queue action->Request :  current state-> STANDBY : previous state-> MOVE
[bash-27] queue action->Request :  current state-> MOVE : previous state-> STANDBY
[bash-27] queue action->Request :  current state-> SAFE_STOP : previous state-> MOVE
[bash-27] Dialog rejected!
[bash-27] queue action->Request :  current state-> STANDBY : previous state-> SAFE_STOP
[INFO] [bash-27]: process has finished cleanly [pid 74822]
[INFO] [battery_manager_node-26]: sending signal 'SIGINT' to process[battery_manager_node-26]
[INFO] [autodock_action_server-25]: sending signal 'SIGINT' to process[autodock_action_server-25]
[INFO] [dock_coordinates-24]: sending signal 'SIGINT' to process[dock_coordinates-24]
[INFO] [rpc_run_node-23]: sending signal 'SIGINT' to process[rpc_run_node-23]
[INFO] [call_robot_button-22]: sending signal 'SIGINT' to process[call_robot_button-22]
[INFO] [robot_sound-21]: sending signal 'SIGINT' to process[robot_sound-21]
[INFO] [delivery_robot_main_controller-20]: sending signal 'SIGINT' to process[delivery_robot_main_controller-20]
[INFO] [lifecycle_manager-19]: sending signal 'SIGINT' to process[lifecycle_manager-19]
[INFO] [collision_detector-18]: sending signal 'SIGINT' to process[collision_detector-18]
[INFO] [collision_monitor-17]: sending signal 'SIGINT' to process[collision_monitor-17]
[INFO] [velocity_smoother-16]: sending signal 'SIGINT' to process[velocity_smoother-16]
[INFO] [dock_coordinates-24]: process has finished cleanly [pid 74657]
[INFO] [waypoint_follower-15]: sending signal 'SIGINT' to process[waypoint_follower-15]
[INFO] [bt_navigator-14]: sending signal 'SIGINT' to process[bt_navigator-14]
[INFO] [behavior_server-13]: sending signal 'SIGINT' to process[behavior_server-13]
[INFO] [planner_server-12]: sending signal 'SIGINT' to process[planner_server-12]
[INFO] [smoother_server-11]: sending signal 'SIGINT' to process[smoother_server-11]
[INFO] [controller_server-10]: sending signal 'SIGINT' to process[controller_server-10]
[INFO] [costmap_filter_info_server-9]: sending signal 'SIGINT' to process[costmap_filter_info_server-9]
[INFO] [map_server-8]: sending signal 'SIGINT' to process[map_server-8]
[INFO] [taskset-7]: sending signal 'SIGINT' to process[taskset-7]
[INFO] [robot_hardware-6]: sending signal 'SIGINT' to process[robot_hardware-6]
[INFO] [ekf_node-5]: sending signal 'SIGINT' to process[ekf_node-5]
[INFO] [scan_to_scan_filter_chain-4]: sending signal 'SIGINT' to process[scan_to_scan_filter_chain-4]
[INFO] [sllidar_node-3]: sending signal 'SIGINT' to process[sllidar_node-3]
[INFO] [joint_state_publisher-2]: sending signal 'SIGINT' to process[joint_state_publisher-2]
[INFO] [robot_state_publisher-1]: sending signal 'SIGINT' to process[robot_state_publisher-1]
[delivery_robot_main_controller-20] [0m[INFO] [1775024947.849018295] [main_controller_node]: Pre-resume wiggle complete. Switching to STANDBY.[0m
[delivery_robot_main_controller-20] [0m[INFO] [1775024947.851946222] [main_controller_node]: State change: SAFE_STOP -> STANDBY[0m
[delivery_robot_main_controller-20] [0m[INFO] [1775024947.868985008] [main_controller_node]: Robot is in STANDBY mode.[0m
[delivery_robot_main_controller-20] [0m[INFO] [1775024947.923259702] [main_controller_node]: Current state: STANDBY, dock_state IDLE, charge_state NOT_CHARGE[0m
[battery_manager_node-26] Traceback (most recent call last):
[battery_manager_node-26]   File "/home/smr/workspaces/mini_amr/amrROS2_ws/install/battery_management/lib/battery_management/battery_manager_node", line 33, in <module>
[battery_manager_node-26]     sys.exit(load_entry_point('battery-management==0.0.0', 'console_scripts', 'battery_manager_node')())
[battery_manager_node-26]              ^^^^^^^^^^^^^^^^^^^^^^^^^^^^^^^^^^^^^^^^^^^^^^^^^^^^^^^^^^^^^^^^^^^^^^^^^^^^^^^^^^^^^^^^^^
[battery_manager_node-26]   File "/home/smr/workspaces/mini_amr/amrROS2_ws/install/battery_management/lib/python3.12/site-packages/battery_management/battery_manager_node.py", line 311, in main
[battery_manager_node-26]     rclpy.spin(node)
[battery_manager_node-26]   File "/opt/ros/jazzy/lib/python3.12/site-packages/rclpy/__init__.py", line 247, in spin
[battery_manager_node-26]     executor.spin_once()
[battery_manager_node-26]   File "/opt/ros/jazzy/lib/python3.12/site-packages/rclpy/executors.py", line 923, in spin_once
[battery_manager_node-26]     self._spin_once_impl(timeout_sec)
[battery_manager_node-26]   File "/opt/ros/jazzy/lib/python3.12/site-packages/rclpy/executors.py", line 904, in _spin_once_impl
[battery_manager_node-26]     handler, entity, node = self.wait_for_ready_callbacks(
[battery_manager_node-26]                             ^^^^^^^^^^^^^^^^^^^^^^^^^^^^^^
[battery_manager_node-26]   File "/opt/ros/jazzy/lib/python3.12/site-packages/rclpy/executors.py", line 874, in wait_for_ready_callbacks
[battery_manager_node-26]     return next(self._cb_iter)
[battery_manager_node-26]            ^^^^^^^^^^^^^^^^^^^
[battery_manager_node-26]   File "/opt/ros/jazzy/lib/python3.12/site-packages/rclpy/executors.py", line 778, in _wait_for_ready_callbacks
[battery_manager_node-26]     wait_set.wait(timeout_nsec)
[battery_manager_node-26] KeyboardInterrupt
[dock_coordinates-24] [INFO] [1775024947.958541520] [rclcpp]: signal_handler(SIGINT/SIGTERM)
[rpc_run_node-23] [0m[INFO] [1775024947.968581749] [rpc_run_node]: RPC run node stopped by user.[0m
[rpc_run_node-23] Failed to publish log message to rosout: publisher's context is invalid, at ./src/rcl/publisher.c:423
[rpc_run_node-23] 2026-04-01 13:29:07,970 [INFO] RPCServer stopped.
[call_robot_button-22] [0m[INFO] [1775024947.969021857] [call_robot_button_node]: CallRobotButton interrupted by user.[0m
[call_robot_button-22] Failed to publish log message to rosout: publisher's context is invalid, at ./src/rcl/publisher.c:423
[robot_sound-21] [0m[INFO] [1775024947.976489688] [robot_sound_node]: 🔚 robot_sound_node stopped by user.[0m
[robot_sound-21] Failed to publish log message to rosout: publisher's context is invalid, at ./src/rcl/publisher.c:423
[delivery_robot_main_controller-20] [0m[INFO] [1775024947.982852145] [main_controller_node]: Node stopped by user.[0m
[delivery_robot_main_controller-20] Failed to publish log message to rosout: publisher's context is invalid, at ./src/rcl/publisher.c:423
[lifecycle_manager-19] [INFO] [1775024948.001295835] [rclcpp]: signal_handler(SIGINT/SIGTERM)
[lifecycle_manager-19] [INFO] [1775024948.001397623] [lifecycle_manager_navigation]: Running Nav2 LifecycleManager rcl preshutdown (lifecycle_manager_navigation)
[lifecycle_manager-19] [INFO] [1775024948.001442829] [lifecycle_manager_navigation]: [34m[1mTerminating bond timer...[0m[0m
[collision_detector-18] [INFO] [1775024948.011350939] [rclcpp]: signal_handler(SIGINT/SIGTERM)
[collision_detector-18] [INFO] [1775024948.011457684] [collision_detector]: Running Nav2 LifecycleNode rcl preshutdown (collision_detector)
[collision_detector-18] [INFO] [1775024948.011533515] [collision_detector]: Deactivating
[collision_detector-18] [INFO] [1775024948.011556847] [collision_detector]: Destroying bond (collision_detector) to lifecycle manager.
[collision_monitor-17] [INFO] [1775024948.026158563] [rclcpp]: signal_handler(SIGINT/SIGTERM)
[collision_monitor-17] [INFO] [1775024948.026244602] [collision_monitor]: Running Nav2 LifecycleNode rcl preshutdown (collision_monitor)
[collision_monitor-17] [INFO] [1775024948.026330348] [collision_monitor]: Deactivating
[collision_monitor-17] [INFO] [1775024948.026355722] [collision_monitor]: Destroying bond (collision_monitor) to lifecycle manager.
[velocity_smoother-16] [INFO] [1775024948.045369306] [rclcpp]: signal_handler(SIGINT/SIGTERM)
[velocity_smoother-16] [INFO] [1775024948.045690418] [velocity_smoother]: Running Nav2 LifecycleNode rcl preshutdown (velocity_smoother)
[velocity_smoother-16] [INFO] [1775024948.046730461] [velocity_smoother]: Deactivating
[velocity_smoother-16] [INFO] [1775024948.046878038] [velocity_smoother]: Destroying bond (velocity_smoother) to lifecycle manager.
[collision_detector-18] [INFO] [1775024948.112643071] [collision_detector]: Cleaning up
[collision_detector-18] [INFO] [1775024948.112694986] [collision_monitor]: [PolygonStop]: Destroying Circle
[collision_detector-18] [INFO] [1775024948.112702860] [collision_monitor]: [PolygonStop]: Destroying Polygon
[collision_detector-18] [INFO] [1775024948.112711610] [collision_monitor]: [PolygonSlow]: Destroying Polygon
[collision_detector-18] [INFO] [1775024948.112718610] [collision_monitor]: [scan]: Destroying Scan
[collision_detector-18] [INFO] [1775024948.115947524] [collision_detector]: Destroying bond (collision_detector) to lifecycle manager.
[waypoint_follower-15] [INFO] [1775024948.119792706] [rclcpp]: signal_handler(SIGINT/SIGTERM)
[waypoint_follower-15] [INFO] [1775024948.120565301] [waypoint_follower]: Running Nav2 LifecycleNode rcl preshutdown (waypoint_follower)
[waypoint_follower-15] [INFO] [1775024948.121013866] [waypoint_follower]: Deactivating
[waypoint_follower-15] [INFO] [1775024948.122370063] [waypoint_follower]: Destroying bond (waypoint_follower) to lifecycle manager.
[collision_monitor-17] [INFO] [1775024948.126940883] [collision_monitor]: Cleaning up
[collision_monitor-17] [INFO] [1775024948.127048212] [collision_monitor]: [PolygonStop]: Destroying Circle
[collision_monitor-17] [INFO] [1775024948.127086127] [collision_monitor]: [PolygonStop]: Destroying Polygon
[collision_monitor-17] [INFO] [1775024948.127123167] [collision_monitor]: [PolygonSlow]: Destroying Polygon
[collision_monitor-17] [INFO] [1775024948.127155832] [collision_monitor]: [FootprintApproach]: Destroying Polygon
[collision_monitor-17] [INFO] [1775024948.127205705] [collision_monitor]: [scan]: Destroying Scan
[bt_navigator-14] [INFO] [1775024948.134350382] [rclcpp]: signal_handler(SIGINT/SIGTERM)
[bt_navigator-14] [INFO] [1775024948.134417463] [bt_navigator]: Running Nav2 LifecycleNode rcl preshutdown (bt_navigator)
[bt_navigator-14] [INFO] [1775024948.134500001] [bt_navigator]: Deactivating
[bt_navigator-14] [INFO] [1775024948.136351720] [bt_navigator]: Destroying bond (bt_navigator) to lifecycle manager.
[velocity_smoother-16] [INFO] [1775024948.148406411] [velocity_smoother]: Cleaning up
[velocity_smoother-16] [INFO] [1775024948.148537656] [velocity_smoother]: Destroying bond (velocity_smoother) to lifecycle manager.
[collision_monitor-17] [INFO] [1775024948.153748951] [collision_monitor]: Destroying bond (collision_monitor) to lifecycle manager.
[behavior_server-13] [INFO] [1775024948.160410063] [rclcpp]: signal_handler(SIGINT/SIGTERM)
[behavior_server-13] [INFO] [1775024948.160503393] [behavior_server]: Running Nav2 LifecycleNode rcl preshutdown (behavior_server)
[behavior_server-13] [INFO] [1775024948.160583890] [behavior_server]: Deactivating
[behavior_server-13] [INFO] [1775024948.161861339] [behavior_server]: Destroying bond (behavior_server) to lifecycle manager.
[planner_server-12] [INFO] [1775024948.174101232] [rclcpp]: signal_handler(SIGINT/SIGTERM)
[planner_server-12] [INFO] [1775024948.174165688] [planner_server]: Running Nav2 LifecycleNode rcl preshutdown (planner_server)
[planner_server-12] [INFO] [1775024948.174491758] [planner_server]: Deactivating
[planner_server-12] [INFO] [1775024948.174545131] [global_costmap.global_costmap]: Deactivating
[smoother_server-11] [INFO] [1775024948.187928604] [rclcpp]: signal_handler(SIGINT/SIGTERM)
[smoother_server-11] [INFO] [1775024948.188066848] [smoother_server]: Running Nav2 LifecycleNode rcl preshutdown (smoother_server)
[smoother_server-11] [INFO] [1775024948.188204509] [smoother_server]: Deactivating
[smoother_server-11] [INFO] [1775024948.188311547] [smoother_server]: Destroying bond (smoother_server) to lifecycle manager.
[controller_server-10] [INFO] [1775024948.193893535] [rclcpp]: signal_handler(SIGINT/SIGTERM)
[controller_server-10] [INFO] [1775024948.194016905] [controller_server]: Running Nav2 LifecycleNode rcl preshutdown (controller_server)
[controller_server-10] [INFO] [1775024948.194222522] [controller_server]: Deactivating
[controller_server-10] [INFO] [1775024948.194750418] [MPPIController]: Deactivated MPPI Controller: FollowPath
[controller_server-10] [INFO] [1775024948.194811666] [local_costmap.local_costmap]: Deactivating
[costmap_filter_info_server-9] [INFO] [1775024948.199401443] [rclcpp]: signal_handler(SIGINT/SIGTERM)
[costmap_filter_info_server-9] [INFO] [1775024948.199560395] [keepout_costmap_filter_info_server]: Running Nav2 LifecycleNode rcl preshutdown (keepout_costmap_filter_info_server)
[costmap_filter_info_server-9] [INFO] [1775024948.199642350] [keepout_costmap_filter_info_server]: Deactivating
[costmap_filter_info_server-9] [INFO] [1775024948.199659558] [keepout_costmap_filter_info_server]: Destroying bond (keepout_costmap_filter_info_server) to lifecycle manager.
[map_server-8] [INFO] [1775024948.207076641] [rclcpp]: signal_handler(SIGINT/SIGTERM)
[map_server-8] [INFO] [1775024948.207211094] [keepout_filter_mask_server]: Running Nav2 LifecycleNode rcl preshutdown (keepout_filter_mask_server)
[map_server-8] [INFO] [1775024948.207292757] [keepout_filter_mask_server]: Deactivating
[map_server-8] [INFO] [1775024948.207311131] [keepout_filter_mask_server]: Destroying bond (keepout_filter_mask_server) to lifecycle manager.
[taskset-7] [INFO] [1775024948.215112324] [rclcpp]: signal_handler(SIGINT/SIGTERM)
[waypoint_follower-15] [INFO] [1775024948.228558211] [waypoint_follower]: Cleaning up
[waypoint_follower-15] [INFO] [1775024948.466371212] [waypoint_follower]: Destroying bond (waypoint_follower) to lifecycle manager.
[taskset-7] Unregistering sensor: Custom Described Lidar
[bt_navigator-14] [INFO] [1775024948.238494611] [bt_navigator]: Cleaning up
[behavior_server-13] [INFO] [1775024948.262893024] [behavior_server]: Cleaning up
[behavior_server-13] [INFO] [1775024948.367455486] [behavior_server]: Destroying bond (behavior_server) to lifecycle manager.
[collision_monitor-17] [INFO] [1775024948.266263974] [collision_monitor]: Destroying
[controller_server-10] [INFO] [1775024948.267999031] [controller_server]: Destroying bond (controller_server) to lifecycle manager.
[controller_server-10] [INFO] [1775024948.370011260] [controller_server]: Cleaning up
[controller_server-10] [INFO] [1775024948.371026512] [MPPIController]: Cleaned up MPPI Controller: FollowPath
[controller_server-10] [INFO] [1775024948.371500451] [local_costmap.local_costmap]: Cleaning up
[smoother_server-11] [INFO] [1775024948.295312246] [smoother_server]: Cleaning up
[smoother_server-11] [INFO] [1775024948.460839097] [smoother_server]: Destroying bond (smoother_server) to lifecycle manager.
[costmap_filter_info_server-9] [INFO] [1775024948.300165680] [keepout_costmap_filter_info_server]: Cleaning up
[costmap_filter_info_server-9] [INFO] [1775024948.300227511] [keepout_costmap_filter_info_server]: Destroying bond (keepout_costmap_filter_info_server) to lifecycle manager.
[costmap_filter_info_server-9] [INFO] [1775024948.471997240] [keepout_costmap_filter_info_server]: Destroying
[map_server-8] [INFO] [1775024948.308740925] [keepout_filter_mask_server]: Cleaning up
[map_server-8] [INFO] [1775024948.308808297] [keepout_filter_mask_server]: Destroying bond (keepout_filter_mask_server) to lifecycle manager.
[map_server-8] [INFO] [1775024948.474693009] [keepout_filter_mask_server]: Destroying
[velocity_smoother-16] [INFO] [1775024948.366426235] [velocity_smoother]: Destroying
[planner_server-12] [INFO] [1775024948.390559825] [planner_server]: Deactivating plugin GridBased of type SmacPlanner2D
[planner_server-12] [INFO] [1775024948.390631572] [planner_server]: Destroying bond (planner_server) to lifecycle manager.
[collision_detector-18] [INFO] [1775024948.449690869] [collision_detector]: Destroying
[behavior_server-13] [INFO] [1775024948.485516916] [behavior_server]: Destroying
[planner_server-12] [INFO] [1775024948.491059531] [planner_server]: Cleaning up
[planner_server-12] [INFO] [1775024948.555030009] [global_costmap.global_costmap]: Cleaning up
[delivery_robot_main_controller-20] Traceback (most recent call last):
[delivery_robot_main_controller-20]   File "/home/smr/workspaces/mini_amr/amrROS2_ws/install/delivery_robot_main_controller/lib/delivery_robot_main_controller/delivery_robot_main_controller", line 33, in <module>
[delivery_robot_main_controller-20]     sys.exit(load_entry_point('delivery-robot-main-controller', 'console_scripts', 'delivery_robot_main_controller')())
[delivery_robot_main_controller-20]              ^^^^^^^^^^^^^^^^^^^^^^^^^^^^^^^^^^^^^^^^^^^^^^^^^^^^^^^^^^^^^^^^^^^^^^^^^^^^^^^^^^^^^^^^^^^^^^^^^^^^^^^^^
[delivery_robot_main_controller-20]   File "/home/smr/workspaces/mini_amr/amrROS2_ws/build/delivery_robot_main_controller/delivery_robot_main_controller/main_controller_node.py", line 1792, in main
[delivery_robot_main_controller-20]     rclpy.shutdown()
[delivery_robot_main_controller-20]   File "/opt/ros/jazzy/lib/python3.12/site-packages/rclpy/__init__.py", line 134, in shutdown
[delivery_robot_main_controller-20]     _shutdown(context=context)
[delivery_robot_main_controller-20]   File "/opt/ros/jazzy/lib/python3.12/site-packages/rclpy/utilities.py", line 82, in shutdown
[delivery_robot_main_controller-20]     context.shutdown()
[delivery_robot_main_controller-20]   File "/opt/ros/jazzy/lib/python3.12/site-packages/rclpy/context.py", line 129, in shutdown
[delivery_robot_main_controller-20]     self.__context.shutdown()
[delivery_robot_main_controller-20] rclpy._rclpy_pybind11.RCLError: failed to shutdown: rcl_shutdown already called on the given context, at ./src/rcl/init.c:333
[waypoint_follower-15] [INFO] [1775024948.549907669] [waypoint_follower]: Destroying
[smoother_server-11] [INFO] [1775024948.594619282] [smoother_server]: Destroying
[robot_hardware-6] [INFO] [1775024948.629292707] [rclcpp]: signal_handler(SIGINT/SIGTERM)
[ekf_node-5] [INFO] [1775024948.657205273] [rclcpp]: signal_handler(SIGINT/SIGTERM)
[scan_to_scan_filter_chain-4] [INFO] [1775024948.686207464] [rclcpp]: signal_handler(SIGINT/SIGTERM)
[planner_server-12] [INFO] [1775024948.770396937] [planner_server]: Cleaning up plugin GridBased of type SmacPlanner2D
[planner_server-12] [INFO] [1775024948.848980506] [planner_server]: Destroying plugin GridBased of type SmacPlanner2D
[sllidar_node-3] [INFO] [1775024948.853159341] [sllidar_node]: Stop motor
[controller_server-10] [INFO] [1775024948.917101821] [controller_server]: Destroying bond (controller_server) to lifecycle manager.
[controller_server-10] [INFO] [1775024948.948859569] [local_costmap.local_costmap]: Destroying
[robot_state_publisher-1] [INFO] [1775024948.970435636] [rclcpp]: signal_handler(SIGINT/SIGTERM)
[lifecycle_manager-19] [INFO] [1775024949.064149983] [lifecycle_manager_navigation]: Destroying lifecycle_manager_navigation
[controller_server-10] [INFO] [1775024949.168570701] [controller_server]: Destroying
[planner_server-12] [INFO] [1775024949.168909604] [planner_server]: Destroying bond (planner_server) to lifecycle manager.
[planner_server-12] [INFO] [1775024949.198435024] [global_costmap.global_costmap]: Destroying
[autodock_action_server-25] Traceback (most recent call last):
[autodock_action_server-25]   File "/home/smr/workspaces/mini_amr/amrROS2_ws/install/action_autodock/lib/python3.12/site-packages/action_autodock/autodock_action_server.py", line 1409, in main
[autodock_action_server-25]     executor.spin()
[autodock_action_server-25]   File "/opt/ros/jazzy/lib/python3.12/site-packages/rclpy/executors.py", line 359, in spin
[autodock_action_server-25]     self._spin_once_impl()
[autodock_action_server-25]   File "/opt/ros/jazzy/lib/python3.12/site-packages/rclpy/executors.py", line 988, in _spin_once_impl
[autodock_action_server-25]     handler, entity, node = self.wait_for_ready_callbacks(
[autodock_action_server-25]                             ^^^^^^^^^^^^^^^^^^^^^^^^^^^^^^
[autodock_action_server-25]   File "/opt/ros/jazzy/lib/python3.12/site-packages/rclpy/executors.py", line 874, in wait_for_ready_callbacks
[autodock_action_server-25]     return next(self._cb_iter)
[autodock_action_server-25]            ^^^^^^^^^^^^^^^^^^^
[autodock_action_server-25]   File "/opt/ros/jazzy/lib/python3.12/site-packages/rclpy/executors.py", line 778, in _wait_for_ready_callbacks
[autodock_action_server-25]     wait_set.wait(timeout_nsec)
[autodock_action_server-25] KeyboardInterrupt
[autodock_action_server-25] 
[autodock_action_server-25] During handling of the above exception, another exception occurred:
[autodock_action_server-25] 
[autodock_action_server-25] Traceback (most recent call last):
[autodock_action_server-25]   File "/home/smr/workspaces/mini_amr/amrROS2_ws/install/action_autodock/lib/action_autodock/autodock_action_server", line 33, in <module>
[autodock_action_server-25]     sys.exit(load_entry_point('action-autodock==0.0.0', 'console_scripts', 'autodock_action_server')())
[autodock_action_server-25]              ^^^^^^^^^^^^^^^^^^^^^^^^^^^^^^^^^^^^^^^^^^^^^^^^^^^^^^^^^^^^^^^^^^^^^^^^^^^^^^^^^^^^^^^^^
[autodock_action_server-25]   File "/home/smr/workspaces/mini_amr/amrROS2_ws/install/action_autodock/lib/python3.12/site-packages/action_autodock/autodock_action_server.py", line 1420, in main
[autodock_action_server-25]     rclpy.shutdown()   
[autodock_action_server-25]     ^^^^^^^^^^^^^^^^
[autodock_action_server-25]   File "/opt/ros/jazzy/lib/python3.12/site-packages/rclpy/__init__.py", line 134, in shutdown
[autodock_action_server-25]     _shutdown(context=context)
[autodock_action_server-25]   File "/opt/ros/jazzy/lib/python3.12/site-packages/rclpy/utilities.py", line 82, in shutdown
[autodock_action_server-25]     context.shutdown()
[autodock_action_server-25]   File "/opt/ros/jazzy/lib/python3.12/site-packages/rclpy/context.py", line 129, in shutdown
[autodock_action_server-25]     self.__context.shutdown()
[autodock_action_server-25] rclpy._rclpy_pybind11.RCLError: failed to shutdown: rcl_shutdown already called on the given context, at ./src/rcl/init.c:333
[planner_server-12] [INFO] [1775024949.330423280] [planner_server]: Destroying
[rpc_run_node-23] Traceback (most recent call last):
[rpc_run_node-23]   File "/home/smr/workspaces/mini_amr/amrROS2_ws/install/delivery_robot_main_controller/lib/delivery_robot_main_controller/rpc_run_node", line 33, in <module>
[rpc_run_node-23]     sys.exit(load_entry_point('delivery-robot-main-controller', 'console_scripts', 'rpc_run_node')())
[rpc_run_node-23]              ^^^^^^^^^^^^^^^^^^^^^^^^^^^^^^^^^^^^^^^^^^^^^^^^^^^^^^^^^^^^^^^^^^^^^^^^^^^^^^^^^^^^^^^
[rpc_run_node-23]   File "/home/smr/workspaces/mini_amr/amrROS2_ws/build/delivery_robot_main_controller/delivery_robot_main_controller/rpc_run_node.py", line 57, in main
[rpc_run_node-23]     rclpy.shutdown()
[rpc_run_node-23]   File "/opt/ros/jazzy/lib/python3.12/site-packages/rclpy/__init__.py", line 134, in shutdown
[rpc_run_node-23]     _shutdown(context=context)
[rpc_run_node-23]   File "/opt/ros/jazzy/lib/python3.12/site-packages/rclpy/utilities.py", line 82, in shutdown
[rpc_run_node-23]     context.shutdown()
[rpc_run_node-23]   File "/opt/ros/jazzy/lib/python3.12/site-packages/rclpy/context.py", line 129, in shutdown
[rpc_run_node-23]     self.__context.shutdown()
[rpc_run_node-23] rclpy._rclpy_pybind11.RCLError: failed to shutdown: rcl_shutdown already called on the given context, at ./src/rcl/init.c:333
[call_robot_button-22] Traceback (most recent call last):
[call_robot_button-22]   File "/home/smr/workspaces/mini_amr/amrROS2_ws/install/delivery_robot_main_controller/lib/delivery_robot_main_controller/call_robot_button", line 33, in <module>
[robot_sound-21] Traceback (most recent call last):
[robot_sound-21]   File "/home/smr/workspaces/mini_amr/amrROS2_ws/install/delivery_robot_main_controller/lib/delivery_robot_main_controller/robot_sound", line 33, in <module>
[robot_sound-21]     sys.exit(load_entry_point('delivery-robot-main-controller', 'console_scripts', 'robot_sound')())
[robot_sound-21]              ^^^^^^^^^^^^^^^^^^^^^^^^^^^^^^^^^^^^^^^^^^^^^^^^^^^^^^^^^^^^^^^^^^^^^^^^^^^^^^^^^^^^^^
[robot_sound-21]   File "/home/smr/workspaces/mini_amr/amrROS2_ws/build/delivery_robot_main_controller/delivery_robot_main_controller/robot_sound.py", line 147, in main
[robot_sound-21]     rclpy.shutdown()
[robot_sound-21]   File "/opt/ros/jazzy/lib/python3.12/site-packages/rclpy/__init__.py", line 134, in shutdown
[robot_sound-21]     _shutdown(context=context)
[robot_sound-21]   File "/opt/ros/jazzy/lib/python3.12/site-packages/rclpy/utilities.py", line 82, in shutdown
[robot_sound-21]     context.shutdown()
[robot_sound-21]   File "/opt/ros/jazzy/lib/python3.12/site-packages/rclpy/context.py", line 129, in shutdown
[robot_sound-21]     self.__context.shutdown()
[robot_sound-21] rclpy._rclpy_pybind11.RCLError: failed to shutdown: rcl_shutdown already called on the given context, at ./src/rcl/init.c:333
[call_robot_button-22]     sys.exit(load_entry_point('delivery-robot-main-controller', 'console_scripts', 'call_robot_button')())
[call_robot_button-22]              ^^^^^^^^^^^^^^^^^^^^^^^^^^^^^^^^^^^^^^^^^^^^^^^^^^^^^^^^^^^^^^^^^^^^^^^^^^^^^^^^^^^^^^^^^^^^
[call_robot_button-22]   File "/home/smr/workspaces/mini_amr/amrROS2_ws/build/delivery_robot_main_controller/delivery_robot_main_controller/call_button.py", line 251, in main
[call_robot_button-22]     rclpy.shutdown()
[call_robot_button-22]   File "/opt/ros/jazzy/lib/python3.12/site-packages/rclpy/__init__.py", line 134, in shutdown
[call_robot_button-22]     _shutdown(context=context)
[call_robot_button-22]   File "/opt/ros/jazzy/lib/python3.12/site-packages/rclpy/utilities.py", line 82, in shutdown
[call_robot_button-22]     context.shutdown()
[call_robot_button-22]   File "/opt/ros/jazzy/lib/python3.12/site-packages/rclpy/context.py", line 129, in shutdown
[call_robot_button-22]     self.__context.shutdown()
[call_robot_button-22] rclpy._rclpy_pybind11.RCLError: failed to shutdown: rcl_shutdown already called on the given context, at ./src/rcl/init.c:333
[ERROR] [rpc_run_node-23]: process has died [pid 74656, exit code 1, cmd '/home/smr/workspaces/mini_amr/amrROS2_ws/install/delivery_robot_main_controller/lib/delivery_robot_main_controller/rpc_run_node --ros-args -r __node:=rpc_run_node -r __ns:=/ -r /tf:=tf -r /tf_static:=tf_static'].
[ERROR] [call_robot_button-22]: process has died [pid 74655, exit code 1, cmd '/home/smr/workspaces/mini_amr/amrROS2_ws/install/delivery_robot_main_controller/lib/delivery_robot_main_controller/call_robot_button --ros-args -r __node:=call_robot_button_node -r __ns:=/ -r /tf:=tf -r /tf_static:=tf_static'].
[ERROR] [robot_sound-21]: process has died [pid 74654, exit code 1, cmd '/home/smr/workspaces/mini_amr/amrROS2_ws/install/delivery_robot_main_controller/lib/delivery_robot_main_controller/robot_sound --ros-args -r __node:=robot_sound_node -r __ns:=/ -r /tf:=tf -r /tf_static:=tf_static'].
[bt_navigator-14] [INFO] [1775024949.794691355] [bt_navigator]: Completed Cleaning up
[bt_navigator-14] [INFO] [1775024949.794824933] [bt_navigator]: Destroying bond (bt_navigator) to lifecycle manager.
[INFO] [smoother_server-11]: process has finished cleanly [pid 74356]
[bt_navigator-14] [INFO] [1775024949.798103721] [bt_navigator]: Destroying
[INFO] [collision_monitor-17]: process has finished cleanly [pid 74367]
[INFO] [robot_hardware-6]: process has finished cleanly [pid 74350]
[INFO] [map_server-8]: process has finished cleanly [pid 74352]
[INFO] [collision_detector-18]: process has finished cleanly [pid 74370]
[INFO] [velocity_smoother-16]: process has finished cleanly [pid 74366]
[INFO] [waypoint_follower-15]: process has finished cleanly [pid 74363]
[INFO] [costmap_filter_info_server-9]: process has finished cleanly [pid 74353]
[ERROR] [battery_manager_node-26]: process has died [pid 74659, exit code -2, cmd '/home/smr/workspaces/mini_amr/amrROS2_ws/install/battery_management/lib/battery_management/battery_manager_node --ros-args -r __node:=battery_manager -r __ns:=/ --params-file /home/smr/workspaces/mini_amr/amrROS2_ws/install/battery_management/share/battery_management/config/battery_manager.yaml -r /tf:=tf -r /tf_static:=tf_static'].
[INFO] [behavior_server-13]: process has finished cleanly [pid 74359]
[INFO] [scan_to_scan_filter_chain-4]: process has finished cleanly [pid 74348]
[INFO] [joint_state_publisher-2]: process has finished cleanly [pid 74346]
[INFO] [lifecycle_manager-19]: process has finished cleanly [pid 74373]
[INFO] [controller_server-10]: process has finished cleanly [pid 74354]
[INFO] [planner_server-12]: process has finished cleanly [pid 74358]
[INFO] [taskset-7]: process has finished cleanly [pid 74351]
[ERROR] [autodock_action_server-25]: process has died [pid 74658, exit code 1, cmd '/home/smr/workspaces/mini_amr/amrROS2_ws/install/action_autodock/lib/action_autodock/autodock_action_server --ros-args -r __ns:=/ --params-file /home/smr/workspaces/mini_amr/amrROS2_ws/install/action_autodock/share/action_autodock/config/auto_dock_config.yaml --params-file /tmp/launch_params_rv0a4vkc -r /tf:=tf -r /tf_static:=tf_static'].
[INFO] [ekf_node-5]: process has finished cleanly [pid 74349]
[ERROR] [delivery_robot_main_controller-20]: process has died [pid 74653, exit code 1, cmd '/home/smr/workspaces/mini_amr/amrROS2_ws/install/delivery_robot_main_controller/lib/delivery_robot_main_controller/delivery_robot_main_controller --ros-args -r __node:=main_controller_node -r __ns:=/ --params-file /tmp/launch_params_73_fwqg2 -r /tf:=tf -r /tf_static:=tf_static'].
[INFO] [sllidar_node-3]: process has finished cleanly [pid 74347]
[INFO] [bt_navigator-14]: process has finished cleanly [pid 74360]
[INFO] [robot_state_publisher-1]: process has finished cleanly [pid 74345]
