[INFO] [launch]: All log files can be found below /home/smr/.ros/log/2026-03-21-14-35-51-407786-two-5578
[INFO] [launch]: Default logging verbosity is set to INFO
[INFO] [robot_state_publisher-1]: process started with pid [5600]
[INFO] [joint_state_publisher-2]: process started with pid [5601]
[INFO] [rplidar_node-3]: process started with pid [5602]
[INFO] [scan_to_scan_filter_chain-4]: process started with pid [5603]
[INFO] [ekf_node-5]: process started with pid [5604]
[INFO] [robot_hardware-6]: process started with pid [5605]
[INFO] [localization_slam_toolbox_node-7]: process started with pid [5606]
[INFO] [map_server-8]: process started with pid [5607]
[INFO] [costmap_filter_info_server-9]: process started with pid [5608]
[INFO] [controller_server-10]: process started with pid [5611]
[INFO] [smoother_server-11]: process started with pid [5612]
[INFO] [planner_server-12]: process started with pid [5613]
[INFO] [behavior_server-13]: process started with pid [5616]
[INFO] [bt_navigator-14]: process started with pid [5619]
[INFO] [waypoint_follower-15]: process started with pid [5624]
[INFO] [velocity_smoother-16]: process started with pid [5632]
[INFO] [collision_monitor-17]: process started with pid [5633]
[INFO] [collision_detector-18]: process started with pid [5645]
[INFO] [lifecycle_manager-19]: process started with pid [5646]
[rplidar_node-3] [INFO] [1774078552.617226944] [rplidar_node]: RPLidar running on ROS2 package rplidar_ros. RPLIDAR SDK Version:2.1.0
[rplidar_node-3] [INFO] [1774078552.640183889] [rplidar_node]: RPLidar S/N: CEDCEDF9C7E29BCEA7E39EF25E0F4304
[rplidar_node-3] [INFO] [1774078552.640242221] [rplidar_node]: Firmware Ver: 1.02
[rplidar_node-3] [INFO] [1774078552.640257095] [rplidar_node]: Hardware Rev: 18
[rplidar_node-3] [INFO] [1774078552.640836619] [rplidar_node]: RPLidar health status : 0
[rplidar_node-3] [INFO] [1774078552.640878617] [rplidar_node]: RPLidar health status : OK.
[rplidar_node-3] [INFO] [1774078552.641252231] [rplidar_node]: Start
[rplidar_node-3] [INFO] [1774078552.780857885] [rplidar_node]: current scan mode: Sensitivity, sample rate: 32 Khz, max_distance: 30.0 m, scan frequency:10.0 Hz, 
[map_server-8] [INFO] [1774078552.802663658] [keepout_filter_mask_server]: 
[map_server-8] 	keepout_filter_mask_server lifecycle node launched. 
[map_server-8] 	Waiting on external lifecycle transitions to activate
[map_server-8] 	See https://design.ros2.org/articles/node_lifecycle.html for more information.
[map_server-8] [INFO] [1774078552.805795768] [keepout_filter_mask_server]: Creating
[bt_navigator-14] [INFO] [1774078552.818641822] [bt_navigator]: 
[bt_navigator-14] 	bt_navigator lifecycle node launched. 
[bt_navigator-14] 	Waiting on external lifecycle transitions to activate
[bt_navigator-14] 	See https://design.ros2.org/articles/node_lifecycle.html for more information.
[robot_state_publisher-1] [INFO] [1774078552.823626540] [robot_state_publisher]: Robot initialized
[costmap_filter_info_server-9] [INFO] [1774078552.880334675] [costmap_filter_info_server]: This is costmap filter info publisher
[bt_navigator-14] [INFO] [1774078552.888548917] [bt_navigator]: Creating
[collision_monitor-17] [INFO] [1774078552.888713120] [collision_monitor]: 
[collision_monitor-17] 	collision_monitor lifecycle node launched. 
[collision_monitor-17] 	Waiting on external lifecycle transitions to activate
[collision_monitor-17] 	See https://design.ros2.org/articles/node_lifecycle.html for more information.
[planner_server-12] [INFO] [1774078552.891257540] [planner_server]: 
[planner_server-12] 	planner_server lifecycle node launched. 
[planner_server-12] 	Waiting on external lifecycle transitions to activate
[planner_server-12] 	See https://design.ros2.org/articles/node_lifecycle.html for more information.
[planner_server-12] [INFO] [1774078552.896844239] [planner_server]: Creating
[planner_server-12] [INFO] [1774078552.914518975] [global_costmap.global_costmap]: 
[planner_server-12] 	global_costmap lifecycle node launched. 
[planner_server-12] 	Waiting on external lifecycle transitions to activate
[planner_server-12] 	See https://design.ros2.org/articles/node_lifecycle.html for more information.
[smoother_server-11] [INFO] [1774078552.918715344] [smoother_server]: 
[smoother_server-11] 	smoother_server lifecycle node launched. 
[smoother_server-11] 	Waiting on external lifecycle transitions to activate
[smoother_server-11] 	See https://design.ros2.org/articles/node_lifecycle.html for more information.
[smoother_server-11] [INFO] [1774078552.927626938] [smoother_server]: Creating smoother server
[planner_server-12] [INFO] [1774078552.937999737] [global_costmap.global_costmap]: Creating Costmap
[controller_server-10] [INFO] [1774078552.957393795] [controller_server]: 
[controller_server-10] 	controller_server lifecycle node launched. 
[controller_server-10] 	Waiting on external lifecycle transitions to activate
[controller_server-10] 	See https://design.ros2.org/articles/node_lifecycle.html for more information.
[controller_server-10] [INFO] [1774078552.971324232] [controller_server]: Creating controller server
[controller_server-10] [INFO] [1774078552.976957888] [local_costmap.local_costmap]: 
[controller_server-10] 	local_costmap lifecycle node launched. 
[controller_server-10] 	Waiting on external lifecycle transitions to activate
[controller_server-10] 	See https://design.ros2.org/articles/node_lifecycle.html for more information.
[controller_server-10] [INFO] [1774078552.979874755] [local_costmap.local_costmap]: Creating Costmap
[costmap_filter_info_server-9] [INFO] [1774078553.043375009] [keepout_costmap_filter_info_server]: 
[costmap_filter_info_server-9] 	keepout_costmap_filter_info_server lifecycle node launched. 
[costmap_filter_info_server-9] 	Waiting on external lifecycle transitions to activate
[costmap_filter_info_server-9] 	See https://design.ros2.org/articles/node_lifecycle.html for more information.
[behavior_server-13] [INFO] [1774078553.066126919] [behavior_server]: 
[behavior_server-13] 	behavior_server lifecycle node launched. 
[behavior_server-13] 	Waiting on external lifecycle transitions to activate
[behavior_server-13] 	See https://design.ros2.org/articles/node_lifecycle.html for more information.
[robot_hardware-6] Serial port opened at port /dev/teensy with baudrate 460800
[robot_hardware-6] Created receive data thread
[collision_detector-18] [INFO] [1774078553.213530619] [collision_detector]: 
[collision_detector-18] 	collision_detector lifecycle node launched. 
[collision_detector-18] 	Waiting on external lifecycle transitions to activate
[collision_detector-18] 	See https://design.ros2.org/articles/node_lifecycle.html for more information.
[lifecycle_manager-19] [INFO] [1774078553.221776944] [lifecycle_manager_navigation]: Creating
[lifecycle_manager-19] [INFO] [1774078553.253367242] [lifecycle_manager_navigation]: [34m[1mCreating and initializing lifecycle service clients[0m[0m
[localization_slam_toolbox_node-7] [INFO] [1774078553.279513171] [slam_toolbox]: Node using stack size 40000000
[velocity_smoother-16] [INFO] [1774078553.315114927] [velocity_smoother]: 
[velocity_smoother-16] 	velocity_smoother lifecycle node launched. 
[velocity_smoother-16] 	Waiting on external lifecycle transitions to activate
[velocity_smoother-16] 	See https://design.ros2.org/articles/node_lifecycle.html for more information.
[localization_slam_toolbox_node-7] [INFO] [1774078553.403754308] [slam_toolbox]: Configuring
[waypoint_follower-15] [INFO] [1774078553.411024162] [waypoint_follower]: 
[waypoint_follower-15] 	waypoint_follower lifecycle node launched. 
[waypoint_follower-15] 	Waiting on external lifecycle transitions to activate
[waypoint_follower-15] 	See https://design.ros2.org/articles/node_lifecycle.html for more information.
[waypoint_follower-15] [INFO] [1774078553.475511969] [waypoint_follower]: Creating
[rplidar_node-3] [INFO] [1774078553.557901713] [rplidar_node]: set lidar scan frequency to 10.0 Hz(600.0 Rpm) 
[scan_to_scan_filter_chain-4] [WARN] [1774078553.567666698] [scan_to_scan_filter_chain]: diagnostic_updater: No HW_ID was set. This is probably a bug. Please report it. For devices that do not have a HW_ID, set this value to 'none'. This warning only occurs once all diagnostics are OK. It is okay to wait until the device is open before calling setHardwareID.
[localization_slam_toolbox_node-7] [INFO] [1774078553.673114008] [slam_toolbox]: Using solver plugin solver_plugins::CeresSolver
[localization_slam_toolbox_node-7] [INFO] [1774078553.691514388] [slam_toolbox]: CeresSolver: Using SCHUR_JACOBI preconditioner.
[lifecycle_manager-19] [INFO] [1774078553.899741219] [lifecycle_manager_navigation]: [34m[1mStarting managed nodes bringup...[0m[0m
[lifecycle_manager-19] [INFO] [1774078553.900548527] [lifecycle_manager_navigation]: [34m[1mConfiguring controller_server[0m[0m
[controller_server-10] [INFO] [1774078553.906069020] [controller_server]: Configuring controller interface
[controller_server-10] [INFO] [1774078553.906179558] [controller_server]: getting progress checker plugins..
[controller_server-10] [INFO] [1774078553.907084572] [controller_server]: getting goal checker plugins..
[controller_server-10] [INFO] [1774078553.908279784] [controller_server]: Controller frequency set to 10.0000Hz
[controller_server-10] [INFO] [1774078553.908451862] [local_costmap.local_costmap]: Configuring
[controller_server-10] [INFO] [1774078553.972034947] [local_costmap.local_costmap]: Using plugin "obstacle_layer"
[controller_server-10] [INFO] [1774078554.018029043] [local_costmap.local_costmap]: Subscribed to Topics: scan
[controller_server-10] [INFO] [1774078554.034938178] [local_costmap.local_costmap]: Initialized plugin "obstacle_layer"
[controller_server-10] [INFO] [1774078554.034994760] [local_costmap.local_costmap]: Using plugin "denoise_layer"
[controller_server-10] [INFO] [1774078554.039839774] [local_costmap.local_costmap]: Initialized plugin "denoise_layer"
[controller_server-10] [INFO] [1774078554.039892273] [local_costmap.local_costmap]: Using plugin "inflation_layer"
[controller_server-10] [INFO] [1774078554.049542636] [local_costmap.local_costmap]: Initialized plugin "inflation_layer"
[controller_server-10] [INFO] [1774078554.049603592] [local_costmap.local_costmap]: Using costmap filter "keepout_filter"
[controller_server-10] [INFO] [1774078554.079135373] [local_costmap.local_costmap]: Initialized costmap filter "keepout_filter"
[controller_server-10] [INFO] [1774078554.079253202] [local_costmap.local_costmap]: Using costmap filter "inflation_layer"
[controller_server-10] [INFO] [1774078554.079518902] [local_costmap.local_costmap]: Initialized costmap filter "inflation_layer"
[joint_state_publisher-2] [INFO] [1774078554.095377779] [joint_state_publisher]: Waiting for robot_description to be published on the robot_description topic...
[controller_server-10] [INFO] [1774078554.180972839] [controller_server]: Created progress_checker : progress_checker of type nav2_controller::SimpleProgressChecker
[controller_server-10] [INFO] [1774078554.181874352] [controller_server]: Controller Server has progress_checker  progress checkers available.
[controller_server-10] [INFO] [1774078554.184408856] [controller_server]: Created goal checker : goal_checker of type nav2_controller::SimpleGoalChecker
[controller_server-10] [INFO] [1774078554.185767979] [controller_server]: Controller Server has goal_checker  goal checkers available.
[controller_server-10] [INFO] [1774078554.196758509] [controller_server]: Created controller : FollowPath of type nav2_mppi_controller::MPPIController
[controller_server-10] [INFO] [1774078554.210378331] [controller_server]: Controller period is equal to model dt. Control sequence shifting is ON
[controller_server-10] [INFO] [1774078554.222497283] [controller_server]: ConstraintCritic instantiated with 1 power and 4.000000 weight.
[controller_server-10] [INFO] [1774078554.222564948] [controller_server]: Critic loaded : mppi::critics::ConstraintCritic
[controller_server-10] [INFO] [1774078554.227100222] [controller_server]: InflationCostCritic instantiated with 1 power and 300.000000 / 0.015000 weights. Critic will collision check based on footprint cost.
[controller_server-10] [INFO] [1774078554.227162928] [controller_server]: Critic loaded : mppi::critics::CostCritic
[controller_server-10] [INFO] [1774078554.228830043] [controller_server]: GoalCritic instantiated with 1 power and 5.000000 weight.
[controller_server-10] [INFO] [1774078554.228889833] [controller_server]: Critic loaded : mppi::critics::GoalCritic
[controller_server-10] [INFO] [1774078554.229415691] [controller_server]: GoalAngleCritic instantiated with 1 power, 3.000000 weight, and 0.500000 angular threshold.
[controller_server-10] [INFO] [1774078554.229448648] [controller_server]: Critic loaded : mppi::critics::GoalAngleCritic
[controller_server-10] [INFO] [1774078554.233269362] [controller_server]: ReferenceTrajectoryCritic instantiated with 1 power and 2.000000 weight
[controller_server-10] [INFO] [1774078554.233325943] [controller_server]: Critic loaded : mppi::critics::PathAlignCritic
[controller_server-10] [INFO] [1774078554.234913435] [controller_server]: Critic loaded : mppi::critics::PathFollowCritic
[controller_server-10] [INFO] [1774078554.237572476] [controller_server]: PathAngleCritic instantiated with 1 power and 1.500000 weight. Mode set to: Forward Preference
[controller_server-10] [INFO] [1774078554.237664640] [controller_server]: Critic loaded : mppi::critics::PathAngleCritic
[controller_server-10] [INFO] [1774078554.239114178] [controller_server]: PreferForwardCritic instantiated with 1 power and 10.000000 weight.
[controller_server-10] [INFO] [1774078554.239164926] [controller_server]: Critic loaded : mppi::critics::PreferForwardCritic
[controller_server-10] [INFO] [1774078554.240788292] [controller_server]: Optimizer reset
[controller_server-10] [INFO] [1774078554.257721051] [MPPIController]: Configured MPPI Controller: FollowPath
[controller_server-10] [INFO] [1774078554.257760717] [controller_server]: Controller Server has FollowPath  controllers available.
[lifecycle_manager-19] [INFO] [1774078554.284385838] [lifecycle_manager_navigation]: [34m[1mConfiguring smoother_server[0m[0m
[smoother_server-11] [INFO] [1774078554.285357058] [smoother_server]: Configuring smoother server
[smoother_server-11] [INFO] [1774078554.352643026] [smoother_server]: Created smoother : simple_smoother of type nav2_smoother::SimpleSmoother
[smoother_server-11] [INFO] [1774078554.357855821] [smoother_server]: Smoother Server has simple_smoother  smoothers available.
[lifecycle_manager-19] [INFO] [1774078554.374694958] [lifecycle_manager_navigation]: [34m[1mConfiguring planner_server[0m[0m
[planner_server-12] [INFO] [1774078554.375283815] [planner_server]: Configuring
[planner_server-12] [INFO] [1774078554.375383270] [global_costmap.global_costmap]: Configuring
[planner_server-12] [INFO] [1774078554.407687838] [global_costmap.global_costmap]: Using plugin "static_layer"
[planner_server-12] [INFO] [1774078554.422221423] [global_costmap.global_costmap]: Subscribing to the map topic (/map) with transient local durability
[planner_server-12] [INFO] [1774078554.425060125] [global_costmap.global_costmap]: Initialized plugin "static_layer"
[planner_server-12] [INFO] [1774078554.425109999] [global_costmap.global_costmap]: Using plugin "obstacle_layer"
[planner_server-12] [INFO] [1774078554.430519079] [global_costmap.global_costmap]: Subscribed to Topics: scan
[planner_server-12] [INFO] [1774078554.441837723] [global_costmap.global_costmap]: Initialized plugin "obstacle_layer"
[planner_server-12] [INFO] [1774078554.441893430] [global_costmap.global_costmap]: Using plugin "inflation_layer"
[planner_server-12] [INFO] [1774078554.447144723] [global_costmap.global_costmap]: Initialized plugin "inflation_layer"
[planner_server-12] [INFO] [1774078554.447205388] [global_costmap.global_costmap]: Using costmap filter "keepout_filter"
[planner_server-12] [INFO] [1774078554.454102213] [global_costmap.global_costmap]: Initialized costmap filter "keepout_filter"
[planner_server-12] [INFO] [1774078554.454160836] [global_costmap.global_costmap]: Using costmap filter "inflation_layer2"
[planner_server-12] [INFO] [1774078554.459443628] [global_costmap.global_costmap]: Initialized costmap filter "inflation_layer2"
[planner_server-12] [INFO] [1774078554.559490025] [planner_server]: Created global planner plugin GridBased of type nav2_smac_planner::SmacPlanner2D
[planner_server-12] [INFO] [1774078554.559563523] [planner_server]: Configuring GridBased of type SmacPlanner2D
[planner_server-12] [ERROR] [1774078554.566330269] [planner_server]: Inflation layer either not found or inflation is not set sufficiently for optimized non-circular collision checking capabilities. It is HIGHLY recommended to set the inflation radius to be at MINIMUM half of the robot's largest cross-section. See github.com/ros-planning/navigation2/tree/main/nav2_smac_planner#potential-fields for full instructions. This will substantially impact run-time performance.
[planner_server-12] [INFO] [1774078554.573070182] [planner_server]: Configured plugin GridBased of type SmacPlanner2D with tolerance 0.12, maximum iterations 1000000, max on approach iterations 1000, and not allowing unknown traversal.
[planner_server-12] [INFO] [1774078554.573140763] [planner_server]: Planner Server has GridBased  planners available.
[lifecycle_manager-19] [INFO] [1774078554.627192481] [lifecycle_manager_navigation]: [34m[1mConfiguring behavior_server[0m[0m
[behavior_server-13] [INFO] [1774078554.627839377] [behavior_server]: Configuring
[behavior_server-13] [INFO] [1774078554.635709463] [behavior_server]: Creating behavior plugin wait of type nav2_behaviors::Wait
[behavior_server-13] [INFO] [1774078554.672683759] [behavior_server]: Configuring wait
[localization_slam_toolbox_node-7] Load From File /home/smr/workspaces/mini_amr/amrROS2_ws/maps/latest_map.posegraph 
[localization_slam_toolbox_node-7] Mapper <- Module
[localization_slam_toolbox_node-7] Mapper <- m_pSequentialScanMatcher
[localization_slam_toolbox_node-7] Mapper <- m_pGraph
[localization_slam_toolbox_node-7] MapperGraph <- Graph; Graph <- m_Edges; Graph <- m_Vertices
[localization_slam_toolbox_node-7] MapperGraph <- m_pMapper; MapperGraph <- m_pLoopScanMatcher; MapperGraph <- m_pTraversal
[localization_slam_toolbox_node-7] Mapper <- m_pMapperSensorManager
[localization_slam_toolbox_node-7] MapperSensorManager <- m_ScanManagers; MapperSensorManager <- m_Scans
[localization_slam_toolbox_node-7] Mapper <- m_Listeners
[localization_slam_toolbox_node-7] **Finished serializing Mapper**
[localization_slam_toolbox_node-7] Load From File
[localization_slam_toolbox_node-7] **Serializing Dataset**
[localization_slam_toolbox_node-7] Dataset <- m_SensorNameLookup
[localization_slam_toolbox_node-7] Dataset <- m_Data
[localization_slam_toolbox_node-7] Dataset <- m_Lasers
[localization_slam_toolbox_node-7] Dataset <- m_pDatasetInfo
[localization_slam_toolbox_node-7] **Finished serializing Dataset**
[localization_slam_toolbox_node-7] Registering sensor: [Custom Described Lidar]
[localization_slam_toolbox_node-7] WARNING: Logging before InitGoogleLogging() is written to STDERR
[localization_slam_toolbox_node-7] W20260321 14:35:54.689450  5606 preprocessor.cc:67] Specified options.num_threads: 50 exceeds maximum available from the threading model Ceres was compiled with: 8.  Bounding to maximum number available.
[lifecycle_manager-19] [INFO] [1774078554.696344766] [lifecycle_manager_navigation]: [34m[1mConfiguring velocity_smoother[0m[0m
[velocity_smoother-16] [INFO] [1774078554.696661798] [velocity_smoother]: Configuring velocity smoother
[lifecycle_manager-19] [INFO] [1774078554.704428637] [lifecycle_manager_navigation]: [34m[1mConfiguring collision_monitor[0m[0m
[collision_monitor-17] [INFO] [1774078554.705474229] [collision_monitor]: Configuring
[INFO] [launch.user]: [LifecycleLaunch] Slamtoolbox node is activating.
[localization_slam_toolbox_node-7] [INFO] [1774078554.722119122] [slam_toolbox]: Activating
[collision_monitor-17] [INFO] [1774078554.758965964] [collision_monitor]: [scan]: Creating Scan
[collision_monitor-17] [INFO] [1774078554.770037283] [collision_monitor]: [PolygonStop]: Creating Polygon
[collision_monitor-17] [INFO] [1774078554.770090073] [collision_monitor]: [PolygonStop]: Creating Circle
[collision_monitor-17] [INFO] [1774078554.787539650] [collision_monitor]: [PolygonSlow]: Creating Polygon
[collision_monitor-17] [INFO] [1774078554.798400392] [collision_monitor]: [FootprintApproach]: Creating Polygon
[collision_monitor-17] [INFO] [1774078554.799753391] [collision_monitor]: [FootprintApproach]: Polygon points are not defined. Using dynamic subscription instead.
[localization_slam_toolbox_node-7] Registering sensor: [Custom Described Lidar]
[collision_monitor-17] [INFO] [1774078554.813593997] [collision_monitor]: [FootprintApproach]: Making footprint subscriber on /local_costmap/published_footprint topic
[lifecycle_manager-19] [INFO] [1774078554.840478403] [lifecycle_manager_navigation]: [34m[1mConfiguring collision_detector[0m[0m
[collision_detector-18] [INFO] [1774078554.841303793] [collision_detector]: Configuring
[collision_detector-18] [INFO] [1774078554.889757145] [collision_monitor]: [scan]: Creating Scan
[collision_detector-18] [INFO] [1774078554.907023561] [collision_monitor]: [PolygonStop]: Creating Polygon
[collision_detector-18] [INFO] [1774078554.907076059] [collision_monitor]: [PolygonStop]: Creating Circle
[collision_detector-18] [INFO] [1774078554.929519687] [collision_monitor]: [PolygonSlow]: Creating Polygon
[lifecycle_manager-19] [INFO] [1774078554.941722054] [lifecycle_manager_navigation]: [34m[1mConfiguring bt_navigator[0m[0m
[bt_navigator-14] [INFO] [1774078554.942568152] [bt_navigator]: Configuring
[bt_navigator-14] [INFO] [1774078554.965838629] [bt_navigator]: Creating navigator id navigate_to_pose of type nav2_bt_navigator::NavigateToPoseNavigator
[planner_server-12] [INFO] [1774078555.077899274] [global_costmap.global_costmap]: StaticLayer: Resizing costmap to 787 X 922 at 0.050000 m/pix
[bt_navigator-14] [INFO] [1774078555.285079637] [bt_navigator]: Creating navigator id navigate_through_poses of type nav2_bt_navigator::NavigateThroughPosesNavigator
[lifecycle_manager-19] [INFO] [1774078555.353686523] [lifecycle_manager_navigation]: [34m[1mConfiguring waypoint_follower[0m[0m
[waypoint_follower-15] [INFO] [1774078555.354434916] [waypoint_follower]: Configuring
[waypoint_follower-15] [INFO] [1774078555.453667880] [waypoint_follower]: Created waypoint_task_executor : wait_at_waypoint of type nav2_waypoint_follower::WaitAtWaypoint
[lifecycle_manager-19] [INFO] [1774078555.460934235] [lifecycle_manager_navigation]: [34m[1mConfiguring keepout_filter_mask_server[0m[0m
[map_server-8] [INFO] [1774078555.462198571] [keepout_filter_mask_server]: Configuring
[map_server-8] [INFO] [1774078555.462407981] [map_io]: Loading yaml file: /home/smr/workspaces/mini_amr/amrROS2_ws/maps/latest_map_keepout.yaml
[map_server-8] [INFO] [1774078555.465119229] [map_io]: resolution: 0.05
[map_server-8] [INFO] [1774078555.465211393] [map_io]: origin[0]: -26.12
[map_server-8] [INFO] [1774078555.465234142] [map_io]: origin[1]: -29.258
[map_server-8] [INFO] [1774078555.465251933] [map_io]: origin[2]: 0
[map_server-8] [INFO] [1774078555.465269433] [map_io]: free_thresh: 0.196
[map_server-8] [INFO] [1774078555.465286932] [map_io]: occupied_thresh: 0.65
[map_server-8] [INFO] [1774078555.465308806] [map_io]: mode: trinary
[map_server-8] [INFO] [1774078555.465327181] [map_io]: negate: 0
[map_server-8] [INFO] [1774078555.476305461] [map_io]: Loading image_file: /home/smr/workspaces/mini_amr/amrROS2_ws/maps/latest_map_keepout.pgm
[map_server-8] [INFO] [1774078555.526074480] [map_io]: Read map /home/smr/workspaces/mini_amr/amrROS2_ws/maps/latest_map_keepout.pgm: 787 X 922 map @ 0.05 m/cell
[lifecycle_manager-19] [INFO] [1774078555.545276626] [lifecycle_manager_navigation]: [34m[1mConfiguring keepout_costmap_filter_info_server[0m[0m
[costmap_filter_info_server-9] [INFO] [1774078555.546274970] [keepout_costmap_filter_info_server]: Configuring
[lifecycle_manager-19] [INFO] [1774078555.578304213] [lifecycle_manager_navigation]: [34m[1mActivating controller_server[0m[0m
[controller_server-10] [INFO] [1774078555.578886945] [controller_server]: Activating
[controller_server-10] [INFO] [1774078555.579024607] [local_costmap.local_costmap]: Activating
[controller_server-10] [INFO] [1774078555.579063689] [local_costmap.local_costmap]: Checking transform
[controller_server-10] [INFO] [1774078555.579434678] [local_costmap.local_costmap]: start
[controller_server-10] [INFO] [1774078555.581361076] [local_costmap.local_costmap]: KeepoutFilter: Subscribing to "/keepout_costmap_filter_info" topic for filter info...
[controller_server-10] [WARN] [1774078555.682939550] [local_costmap.local_costmap]: KeepoutFilter: Filter mask was not received
[controller_server-10] [WARN] [1774078555.689688504] [controller_server]: Parameter controller_server.verbose not found
[controller_server-10] [INFO] [1774078555.691221748] [controller_server]: Optimizer reset
[controller_server-10] [INFO] [1774078555.693741960] [MPPIController]: Activated MPPI Controller: FollowPath
[controller_server-10] [INFO] [1774078555.693863873] [controller_server]: Creating bond (controller_server) to lifecycle manager.
[lifecycle_manager-19] [INFO] [1774078555.812401939] [lifecycle_manager_navigation]: Server controller_server connected with bond.
[lifecycle_manager-19] [INFO] [1774078555.812554184] [lifecycle_manager_navigation]: [34m[1mActivating smoother_server[0m[0m
[smoother_server-11] [INFO] [1774078555.814925068] [smoother_server]: Activating
[smoother_server-11] [INFO] [1774078555.814999732] [smoother_server]: Creating bond (smoother_server) to lifecycle manager.
[lifecycle_manager-19] [INFO] [1774078555.919553988] [lifecycle_manager_navigation]: Server smoother_server connected with bond.
[lifecycle_manager-19] [INFO] [1774078555.919620778] [lifecycle_manager_navigation]: [34m[1mActivating planner_server[0m[0m
[planner_server-12] [INFO] [1774078555.920013640] [planner_server]: Activating
[planner_server-12] [INFO] [1774078555.920069055] [global_costmap.global_costmap]: Activating
[planner_server-12] [INFO] [1774078555.920085096] [global_costmap.global_costmap]: Checking transform
[planner_server-12] [INFO] [1774078555.920246091] [global_costmap.global_costmap]: start
[planner_server-12] [INFO] [1774078555.920936445] [global_costmap.global_costmap]: KeepoutFilter: Subscribing to "/keepout_costmap_filter_info" topic for filter info...
[planner_server-12] [WARN] [1774078556.435959258] [global_costmap.global_costmap]: KeepoutFilter: Filter mask was not received
[planner_server-12] [INFO] [1774078556.475383769] [planner_server]: Activating plugin GridBased of type SmacPlanner2D
[planner_server-12] [INFO] [1774078556.476324073] [planner_server]: Creating bond (planner_server) to lifecycle manager.
[lifecycle_manager-19] [INFO] [1774078556.582030375] [lifecycle_manager_navigation]: Server planner_server connected with bond.
[lifecycle_manager-19] [INFO] [1774078556.582084040] [lifecycle_manager_navigation]: [34m[1mActivating behavior_server[0m[0m
[behavior_server-13] [INFO] [1774078556.582503735] [behavior_server]: Activating
[behavior_server-13] [INFO] [1774078556.582540776] [behavior_server]: Activating wait
[behavior_server-13] [INFO] [1774078556.582561775] [behavior_server]: Creating bond (behavior_server) to lifecycle manager.
[lifecycle_manager-19] [INFO] [1774078556.689395043] [lifecycle_manager_navigation]: Server behavior_server connected with bond.
[lifecycle_manager-19] [INFO] [1774078556.689501498] [lifecycle_manager_navigation]: [34m[1mActivating velocity_smoother[0m[0m
[velocity_smoother-16] [INFO] [1774078556.690462801] [velocity_smoother]: Activating
[velocity_smoother-16] [INFO] [1774078556.690639254] [velocity_smoother]: Creating bond (velocity_smoother) to lifecycle manager.
[lifecycle_manager-19] [INFO] [1774078556.806127457] [lifecycle_manager_navigation]: Server velocity_smoother connected with bond.
[lifecycle_manager-19] [INFO] [1774078556.806189872] [lifecycle_manager_navigation]: [34m[1mActivating collision_monitor[0m[0m
[collision_monitor-17] [INFO] [1774078556.806687440] [collision_monitor]: Activating
[collision_monitor-17] [INFO] [1774078556.806793020] [collision_monitor]: Creating bond (collision_monitor) to lifecycle manager.
[lifecycle_manager-19] [INFO] [1774078556.922838581] [lifecycle_manager_navigation]: Server collision_monitor connected with bond.
[lifecycle_manager-19] [INFO] [1774078556.922959910] [lifecycle_manager_navigation]: [34m[1mActivating collision_detector[0m[0m
[collision_detector-18] [INFO] [1774078556.923895256] [collision_detector]: Activating
[collision_detector-18] [INFO] [1774078556.923983336] [collision_detector]: Creating bond (collision_detector) to lifecycle manager.
[lifecycle_manager-19] [INFO] [1774078557.047961690] [lifecycle_manager_navigation]: Server collision_detector connected with bond.
[lifecycle_manager-19] [INFO] [1774078557.048078061] [lifecycle_manager_navigation]: [34m[1mActivating bt_navigator[0m[0m
[bt_navigator-14] [INFO] [1774078557.049188401] [bt_navigator]: Activating
[bt_navigator-14] [INFO] [1774078557.271632952] [bt_navigator]: Creating bond (bt_navigator) to lifecycle manager.
[lifecycle_manager-19] [INFO] [1774078557.386343013] [lifecycle_manager_navigation]: Server bt_navigator connected with bond.
[lifecycle_manager-19] [INFO] [1774078557.386447427] [lifecycle_manager_navigation]: [34m[1mActivating waypoint_follower[0m[0m
[waypoint_follower-15] [INFO] [1774078557.387346315] [waypoint_follower]: Activating
[waypoint_follower-15] [INFO] [1774078557.387473186] [waypoint_follower]: Creating bond (waypoint_follower) to lifecycle manager.
[lifecycle_manager-19] [INFO] [1774078557.507937358] [lifecycle_manager_navigation]: Server waypoint_follower connected with bond.
[lifecycle_manager-19] [INFO] [1774078557.509299107] [lifecycle_manager_navigation]: [34m[1mActivating keepout_filter_mask_server[0m[0m
[map_server-8] [INFO] [1774078557.520054561] [keepout_filter_mask_server]: Activating
[map_server-8] [INFO] [1774078557.520884035] [keepout_filter_mask_server]: Creating bond (keepout_filter_mask_server) to lifecycle manager.
[lifecycle_manager-19] [INFO] [1774078557.630480465] [lifecycle_manager_navigation]: Server keepout_filter_mask_server connected with bond.
[lifecycle_manager-19] [INFO] [1774078557.630645835] [lifecycle_manager_navigation]: [34m[1mActivating keepout_costmap_filter_info_server[0m[0m
[costmap_filter_info_server-9] [INFO] [1774078557.631648845] [keepout_costmap_filter_info_server]: Activating
[costmap_filter_info_server-9] [INFO] [1774078557.631914253] [keepout_costmap_filter_info_server]: Creating bond (keepout_costmap_filter_info_server) to lifecycle manager.
[controller_server-10] [INFO] [1774078557.632105581] [local_costmap.local_costmap]: KeepoutFilter: Received filter info from /keepout_costmap_filter_info topic.
[controller_server-10] [INFO] [1774078557.632196869] [local_costmap.local_costmap]: KeepoutFilter: Subscribing to "/keepout_filter_mask" topic for filter mask...
[planner_server-12] [INFO] [1774078557.634479964] [global_costmap.global_costmap]: KeepoutFilter: Received filter info from /keepout_costmap_filter_info topic.
[planner_server-12] [INFO] [1774078557.634539754] [global_costmap.global_costmap]: KeepoutFilter: Subscribing to "/keepout_filter_mask" topic for filter mask...
[planner_server-12] [INFO] [1774078557.663467220] [global_costmap.global_costmap]: KeepoutFilter: Received filter mask from /keepout_filter_mask topic.
[INFO] [delivery_robot_main_controller-20]: process started with pid [5936]
[INFO] [robot_sound-21]: process started with pid [5937]
[INFO] [call_robot_button-22]: process started with pid [5938]
[INFO] [rpc_run_node-23]: process started with pid [5939]
[controller_server-10] [INFO] [1774078557.672446771] [local_costmap.local_costmap]: KeepoutFilter: Received filter mask from /keepout_filter_mask topic.
[INFO] [dock_coordinates-24]: process started with pid [5940]
[INFO] [autodock_action_server-25]: process started with pid [5941]
[INFO] [battery_manager_node-26]: process started with pid [5942]
[lifecycle_manager-19] [INFO] [1774078557.782013453] [lifecycle_manager_navigation]: Server keepout_costmap_filter_info_server connected with bond.
[lifecycle_manager-19] [INFO] [1774078557.782155781] [lifecycle_manager_navigation]: [34m[1mManaged nodes are active[0m[0m
[lifecycle_manager-19] [INFO] [1774078557.782200405] [lifecycle_manager_navigation]: [34m[1mCreating bond timer...[0m[0m
[dock_coordinates-24] [INFO] [1774078558.310605923] [dock_coordinates]: begin dock_coordinates
[dock_coordinates-24] [INFO] [1774078558.311727929] [dock coordinates]: max_alignment_error: 0.010000
[dock_coordinates-24] [INFO] [1774078558.311781594] [dock coordinates]: minimum_point_cloud: 5
[dock_coordinates-24] [INFO] [1774078558.311797052] [dock coordinates]: point_cloud_split_dist: 0.050000
[dock_coordinates-24] [INFO] [1774078558.311813385] [dock coordinates]: max_dock_width: 0.380000
[dock_coordinates-24] [INFO] [1774078558.311828843] [dock coordinates]: min_dock_width: 0.310000
[dock_coordinates-24] [INFO] [1774078558.311844300] [dock coordinates]: range_limit: 1.200000
[robot_sound-21] [0m[INFO] [1774078559.862127868] [robot_sound_node]: Obstacle sound alarm disabled (API).[0m
[robot_sound-21] [0m[INFO] [1774078559.862863137] [robot_sound_node]: Sound volume set to 100% (API).[0m
[robot_sound-21] [0m[INFO] [1774078559.864784868] [robot_sound_node]: Obstacle sound alarm is enabled.[0m
[robot_sound-21] [0m[INFO] [1774078559.866380818] [robot_sound_node]: ✅ robot_sound_node started using .wav files[0m
[robot_sound-21] [33m[WARN] [1774078559.870473939] [robot_sound_node]: Map not available yet; skipping obstacle classification.[0m
[robot_sound-21] [0m[INFO] [1774078559.879683900] [robot_sound_node]: Obstacle detected but sound alarm disabled.[0m
[battery_manager_node-26] [INFO] [1774078560.037988882] [battery_manager]: SOC limits from API: target=1.00, resume=0.95
[battery_manager_node-26] [INFO] [1774078560.049658391] [battery_manager]: IR state: IDLE -> CHARGING (11)
[battery_manager_node-26] [INFO] [1774078560.426253555] [battery_manager]: State change: IDLE_ON_DOCK -> CHARGING
[rpc_run_node-23] [0m[INFO] [1774078560.743382379] [rpc_run_node]: RPC run node started; RPC bridge configured.[0m
[rpc_run_node-23] 2026-03-21 14:36:00,748 [INFO] RPCServer listening on localhost:6000
[robot_sound-21] [0m[INFO] [1774078560.769084113] [robot_sound_node]: Received map (width=787, height=922, resolution=0.050 m/cell)[0m
[autodock_action_server-25] [INFO] [1774078561.869975388] [autodock_action_server]: auto_dock_init_start
[delivery_robot_main_controller-20] [0m[INFO] [1774078561.959361412] [main_controller_node]: Delivery Robot Main Controller Node started.[0m
[delivery_robot_main_controller-20] [0m[INFO] [1774078562.047034532] [main_controller_node]: Initial state: STANDBY[0m
[delivery_robot_main_controller-20] [0m[INFO] [1774078562.058244971] [main_controller_node]: setting_batteryLowToCharge: 40[0m
[autodock_action_server-25] [INFO] [1774078562.088378732] [autodock_action_server]: auto_dock_init_complete
[delivery_robot_main_controller-20] [33m[WARN] [1774078562.126799066] [rcl.logging_rosout]: Publisher already registered for node name: 'main_controller_node'. If this is due to multiple nodes with the same name then all logs for the logger named 'main_controller_node' will go out over the existing publisher. As soon as any node with that name is destructed it will unregister the publisher, preventing any further logs for that name from being published on the rosout topic.[0m
[delivery_robot_main_controller-20] [33m[WARN] [1774078562.235162661] [main_controller_node]: slam_toolbox_msgs not available; initial pose service calls will be skipped.[0m
[autodock_action_server-25] [INFO] [1774078562.499197279] [charge_status]: IR Charge State: CHARGING (11)
[INFO] [bash-27]: process started with pid [6084]
[delivery_robot_main_controller-20] [0m[INFO] [1774078563.477350911] [main_controller_node]: Waiting for Nav2 system...[0m
[delivery_robot_main_controller-20] [0m[INFO] [1774078565.521780244] [main_controller_node]: Waiting for localization pose to be received from slam_toolbox/pose[0m
[delivery_robot_main_controller-20] [0m[INFO] [1774078565.522496842] [main_controller_node]: Acquired localization pose from TF map->base_link[0m
[delivery_robot_main_controller-20] [0m[INFO] [1774078567.543174801] [main_controller_node]: Nav2 is ready for use![0m
[delivery_robot_main_controller-20] [0m[INFO] [1774078567.609643749] [main_controller_node]: Robot is in STANDBY mode.[0m
[delivery_robot_main_controller-20] [0m[INFO] [1774078567.635098596] [main_controller_node]: Dock State change: IDLE -> DOCKED[0m
[delivery_robot_main_controller-20] [33m[WARN] [1774078567.692813202] [main_controller_node]: Robot status id missing; refreshing before battery status.[0m
[delivery_robot_main_controller-20] [0m[INFO] [1774078568.563998808] [main_controller_node]: Current state: STANDBY, dock_state DOCKED, charge_state CHARGING[0m
[delivery_robot_main_controller-20] [0m[INFO] [1774078569.611980639] [main_controller_node]: Current state: STANDBY, dock_state DOCKED, charge_state CHARGING[0m
[delivery_robot_main_controller-20] [0m[INFO] [1774078569.714662743] [main_controller_node]: No pending queue found or unexpected format.[0m
[robot_sound-21] [0m[INFO] [1774078570.377276802] [robot_sound_node]: Obstacle detected but sound alarm disabled.[0m
[delivery_robot_main_controller-20] [0m[INFO] [1774078570.635126518] [main_controller_node]: Current state: STANDBY, dock_state DOCKED, charge_state CHARGING[0m
[delivery_robot_main_controller-20] [0m[INFO] [1774078571.560190289] [main_controller_node]: Current state: STANDBY, dock_state DOCKED, charge_state CHARGING[0m
[delivery_robot_main_controller-20] [0m[INFO] [1774078571.655597621] [main_controller_node]: No pending queue found or unexpected format.[0m
[delivery_robot_main_controller-20] [0m[INFO] [1774078572.551417645] [main_controller_node]: Current state: STANDBY, dock_state DOCKED, charge_state CHARGING[0m
[delivery_robot_main_controller-20] [0m[INFO] [1774078573.594300166] [main_controller_node]: Current state: STANDBY, dock_state DOCKED, charge_state CHARGING[0m
[delivery_robot_main_controller-20] [0m[INFO] [1774078573.719159195] [main_controller_node]: No pending queue found or unexpected format.[0m
[delivery_robot_main_controller-20] [0m[INFO] [1774078574.570344502] [main_controller_node]: Current state: STANDBY, dock_state DOCKED, charge_state CHARGING[0m
[delivery_robot_main_controller-20] [0m[INFO] [1774078575.622707587] [main_controller_node]: Current state: STANDBY, dock_state DOCKED, charge_state CHARGING[0m
[delivery_robot_main_controller-20] [0m[INFO] [1774078575.714980786] [main_controller_node]: No pending queue found or unexpected format.[0m
[delivery_robot_main_controller-20] [0m[INFO] [1774078576.580416688] [main_controller_node]: Current state: STANDBY, dock_state DOCKED, charge_state CHARGING[0m
[delivery_robot_main_controller-20] [0m[INFO] [1774078577.640842307] [main_controller_node]: Current state: STANDBY, dock_state DOCKED, charge_state CHARGING[0m
[delivery_robot_main_controller-20] [0m[INFO] [1774078577.755198519] [main_controller_node]: No pending queue found or unexpected format.[0m
[delivery_robot_main_controller-20] [0m[INFO] [1774078578.571849733] [main_controller_node]: Current state: STANDBY, dock_state DOCKED, charge_state CHARGING[0m
[delivery_robot_main_controller-20] [0m[INFO] [1774078579.611806945] [main_controller_node]: Current state: STANDBY, dock_state DOCKED, charge_state CHARGING[0m
[delivery_robot_main_controller-20] [0m[INFO] [1774078579.744537766] [main_controller_node]: No pending queue found or unexpected format.[0m
[delivery_robot_main_controller-20] [0m[INFO] [1774078580.550557542] [main_controller_node]: Current state: STANDBY, dock_state DOCKED, charge_state CHARGING[0m
[robot_sound-21] [0m[INFO] [1774078580.855033401] [robot_sound_node]: Obstacle detected but sound alarm disabled.[0m
[delivery_robot_main_controller-20] [0m[INFO] [1774078581.553991277] [main_controller_node]: Current state: STANDBY, dock_state DOCKED, charge_state CHARGING[0m
[delivery_robot_main_controller-20] [0m[INFO] [1774078581.630336276] [main_controller_node]: No pending queue found or unexpected format.[0m
[delivery_robot_main_controller-20] [0m[INFO] [1774078582.556815161] [main_controller_node]: Current state: STANDBY, dock_state DOCKED, charge_state CHARGING[0m
[delivery_robot_main_controller-20] [0m[INFO] [1774078583.606580759] [main_controller_node]: Current state: STANDBY, dock_state DOCKED, charge_state CHARGING[0m
[delivery_robot_main_controller-20] [0m[INFO] [1774078583.731405082] [main_controller_node]: No pending queue found or unexpected format.[0m
[delivery_robot_main_controller-20] [0m[INFO] [1774078584.574083955] [main_controller_node]: Current state: STANDBY, dock_state DOCKED, charge_state CHARGING[0m
[delivery_robot_main_controller-20] [0m[INFO] [1774078585.640732051] [main_controller_node]: Current state: STANDBY, dock_state DOCKED, charge_state CHARGING[0m
[delivery_robot_main_controller-20] [0m[INFO] [1774078585.730921952] [main_controller_node]: No pending queue found or unexpected format.[0m
[delivery_robot_main_controller-20] [0m[INFO] [1774078586.586129484] [main_controller_node]: Current state: STANDBY, dock_state DOCKED, charge_state CHARGING[0m
[delivery_robot_main_controller-20] [0m[INFO] [1774078587.561168191] [main_controller_node]: Current state: STANDBY, dock_state DOCKED, charge_state CHARGING[0m
[delivery_robot_main_controller-20] [0m[INFO] [1774078587.686102468] [main_controller_node]: No pending queue found or unexpected format.[0m
[delivery_robot_main_controller-20] [0m[INFO] [1774078588.600890621] [main_controller_node]: Current state: STANDBY, dock_state DOCKED, charge_state CHARGING[0m
[delivery_robot_main_controller-20] [0m[INFO] [1774078589.556825287] [main_controller_node]: Current state: STANDBY, dock_state DOCKED, charge_state CHARGING[0m
[delivery_robot_main_controller-20] [0m[INFO] [1774078589.640982578] [main_controller_node]: No pending queue found or unexpected format.[0m
[delivery_robot_main_controller-20] [0m[INFO] [1774078590.618372906] [main_controller_node]: Current state: STANDBY, dock_state DOCKED, charge_state CHARGING[0m
[delivery_robot_main_controller-20] [0m[INFO] [1774078591.557581111] [main_controller_node]: Current state: STANDBY, dock_state DOCKED, charge_state CHARGING[0m
[delivery_robot_main_controller-20] [0m[INFO] [1774078591.661251344] [main_controller_node]: No pending queue found or unexpected format.[0m
[delivery_robot_main_controller-20] [0m[INFO] [1774078592.553707410] [main_controller_node]: Current state: STANDBY, dock_state DOCKED, charge_state CHARGING[0m
[delivery_robot_main_controller-20] [0m[INFO] [1774078593.557140562] [main_controller_node]: Current state: STANDBY, dock_state DOCKED, charge_state CHARGING[0m
[delivery_robot_main_controller-20] [0m[INFO] [1774078593.643273238] [main_controller_node]: No pending queue found or unexpected format.[0m
[delivery_robot_main_controller-20] [0m[INFO] [1774078594.579055945] [main_controller_node]: Current state: STANDBY, dock_state DOCKED, charge_state CHARGING[0m
[delivery_robot_main_controller-20] [0m[INFO] [1774078595.568068758] [main_controller_node]: Current state: STANDBY, dock_state DOCKED, charge_state CHARGING[0m
[delivery_robot_main_controller-20] [0m[INFO] [1774078595.674266481] [main_controller_node]: No pending queue found or unexpected format.[0m
[delivery_robot_main_controller-20] [0m[INFO] [1774078596.557464223] [main_controller_node]: Current state: STANDBY, dock_state DOCKED, charge_state CHARGING[0m
[delivery_robot_main_controller-20] [0m[INFO] [1774078597.566184221] [main_controller_node]: Current state: STANDBY, dock_state DOCKED, charge_state CHARGING[0m
[delivery_robot_main_controller-20] [0m[INFO] [1774078597.657489997] [main_controller_node]: No pending queue found or unexpected format.[0m
[robot_sound-21] [0m[INFO] [1774078598.041509736] [robot_sound_node]: Obstacle detected but sound alarm disabled.[0m
[delivery_robot_main_controller-20] [0m[INFO] [1774078598.551414841] [main_controller_node]: Current state: STANDBY, dock_state DOCKED, charge_state CHARGING[0m
[delivery_robot_main_controller-20] [0m[INFO] [1774078599.610877996] [main_controller_node]: Current state: STANDBY, dock_state DOCKED, charge_state CHARGING[0m
[delivery_robot_main_controller-20] [0m[INFO] [1774078599.709468752] [main_controller_node]: No pending queue found or unexpected format.[0m
[delivery_robot_main_controller-20] [0m[INFO] [1774078600.577541514] [main_controller_node]: Current state: STANDBY, dock_state DOCKED, charge_state CHARGING[0m
[delivery_robot_main_controller-20] [0m[INFO] [1774078601.556693444] [main_controller_node]: Current state: STANDBY, dock_state DOCKED, charge_state CHARGING[0m
[delivery_robot_main_controller-20] [0m[INFO] [1774078601.629516114] [main_controller_node]: No pending queue found or unexpected format.[0m
[delivery_robot_main_controller-20] [0m[INFO] [1774078602.550099760] [main_controller_node]: Current state: STANDBY, dock_state DOCKED, charge_state CHARGING[0m
[delivery_robot_main_controller-20] [0m[INFO] [1774078603.550774723] [main_controller_node]: Current state: STANDBY, dock_state DOCKED, charge_state CHARGING[0m
[delivery_robot_main_controller-20] [0m[INFO] [1774078603.662196877] [main_controller_node]: No pending queue found or unexpected format.[0m
[delivery_robot_main_controller-20] [0m[INFO] [1774078604.548004648] [main_controller_node]: Current state: STANDBY, dock_state DOCKED, charge_state CHARGING[0m
[delivery_robot_main_controller-20] [0m[INFO] [1774078605.559184179] [main_controller_node]: Current state: STANDBY, dock_state DOCKED, charge_state CHARGING[0m
[delivery_robot_main_controller-20] [0m[INFO] [1774078605.624514795] [main_controller_node]: No pending queue found or unexpected format.[0m
[delivery_robot_main_controller-20] [0m[INFO] [1774078606.605855601] [main_controller_node]: Current state: STANDBY, dock_state DOCKED, charge_state CHARGING[0m
[delivery_robot_main_controller-20] [0m[INFO] [1774078607.604897875] [main_controller_node]: Current state: STANDBY, dock_state DOCKED, charge_state CHARGING[0m
[delivery_robot_main_controller-20] [0m[INFO] [1774078607.697976918] [main_controller_node]: No pending queue found or unexpected format.[0m
[delivery_robot_main_controller-20] [0m[INFO] [1774078608.550696334] [main_controller_node]: Current state: STANDBY, dock_state DOCKED, charge_state CHARGING[0m
[delivery_robot_main_controller-20] [0m[INFO] [1774078609.622083838] [main_controller_node]: Current state: STANDBY, dock_state DOCKED, charge_state CHARGING[0m
[delivery_robot_main_controller-20] [0m[INFO] [1774078609.695055545] [main_controller_node]: No pending queue found or unexpected format.[0m
[delivery_robot_main_controller-20] [0m[INFO] [1774078610.620265144] [main_controller_node]: Current state: STANDBY, dock_state DOCKED, charge_state CHARGING[0m
[delivery_robot_main_controller-20] [0m[INFO] [1774078611.558534800] [main_controller_node]: Current state: STANDBY, dock_state DOCKED, charge_state CHARGING[0m
[delivery_robot_main_controller-20] [0m[INFO] [1774078611.626479235] [main_controller_node]: No pending queue found or unexpected format.[0m
[delivery_robot_main_controller-20] [0m[INFO] [1774078612.560326805] [main_controller_node]: Current state: STANDBY, dock_state DOCKED, charge_state CHARGING[0m
[delivery_robot_main_controller-20] [0m[INFO] [1774078613.624941186] [main_controller_node]: Current state: STANDBY, dock_state DOCKED, charge_state CHARGING[0m
[delivery_robot_main_controller-20] [0m[INFO] [1774078613.685219155] [main_controller_node]: No pending queue found or unexpected format.[0m
[delivery_robot_main_controller-20] [0m[INFO] [1774078614.548074195] [main_controller_node]: Current state: STANDBY, dock_state DOCKED, charge_state CHARGING[0m
[delivery_robot_main_controller-20] [0m[INFO] [1774078615.585802282] [main_controller_node]: Current state: STANDBY, dock_state DOCKED, charge_state CHARGING[0m
[delivery_robot_main_controller-20] [0m[INFO] [1774078615.673705310] [main_controller_node]: No pending queue found or unexpected format.[0m
[delivery_robot_main_controller-20] [0m[INFO] [1774078616.598861827] [main_controller_node]: Current state: STANDBY, dock_state DOCKED, charge_state CHARGING[0m
[delivery_robot_main_controller-20] [0m[INFO] [1774078617.561670530] [main_controller_node]: Current state: STANDBY, dock_state DOCKED, charge_state CHARGING[0m
[delivery_robot_main_controller-20] [0m[INFO] [1774078617.646576794] [main_controller_node]: No pending queue found or unexpected format.[0m
[delivery_robot_main_controller-20] [0m[INFO] [1774078618.570462275] [main_controller_node]: Current state: STANDBY, dock_state DOCKED, charge_state CHARGING[0m
[delivery_robot_main_controller-20] [0m[INFO] [1774078619.551192646] [main_controller_node]: Current state: STANDBY, dock_state DOCKED, charge_state CHARGING[0m
[delivery_robot_main_controller-20] [0m[INFO] [1774078619.627479604] [main_controller_node]: No pending queue found or unexpected format.[0m
[delivery_robot_main_controller-20] [0m[INFO] [1774078620.601471850] [main_controller_node]: Current state: STANDBY, dock_state DOCKED, charge_state CHARGING[0m
[delivery_robot_main_controller-20] [0m[INFO] [1774078621.560448779] [main_controller_node]: Current state: STANDBY, dock_state DOCKED, charge_state CHARGING[0m
[delivery_robot_main_controller-20] [0m[INFO] [1774078621.626728442] [main_controller_node]: No pending queue found or unexpected format.[0m
[delivery_robot_main_controller-20] [0m[INFO] [1774078622.567757162] [main_controller_node]: Current state: STANDBY, dock_state DOCKED, charge_state CHARGING[0m
[delivery_robot_main_controller-20] [0m[INFO] [1774078623.557429701] [main_controller_node]: Current state: STANDBY, dock_state DOCKED, charge_state CHARGING[0m
[delivery_robot_main_controller-20] [0m[INFO] [1774078623.656554186] [main_controller_node]: No pending queue found or unexpected format.[0m
[delivery_robot_main_controller-20] [0m[INFO] [1774078624.549530566] [main_controller_node]: Current state: STANDBY, dock_state DOCKED, charge_state CHARGING[0m
[delivery_robot_main_controller-20] [0m[INFO] [1774078625.553451950] [main_controller_node]: Current state: STANDBY, dock_state DOCKED, charge_state CHARGING[0m
[delivery_robot_main_controller-20] [0m[INFO] [1774078625.629379297] [main_controller_node]: No pending queue found or unexpected format.[0m
[delivery_robot_main_controller-20] [0m[INFO] [1774078626.599752386] [main_controller_node]: Current state: STANDBY, dock_state DOCKED, charge_state CHARGING[0m
[delivery_robot_main_controller-20] [0m[INFO] [1774078627.639276490] [main_controller_node]: Current state: STANDBY, dock_state DOCKED, charge_state CHARGING[0m
[delivery_robot_main_controller-20] [0m[INFO] [1774078627.739516850] [main_controller_node]: No pending queue found or unexpected format.[0m
[delivery_robot_main_controller-20] [0m[INFO] [1774078628.592446550] [main_controller_node]: Current state: STANDBY, dock_state DOCKED, charge_state CHARGING[0m
[delivery_robot_main_controller-20] [0m[INFO] [1774078629.548646223] [main_controller_node]: Current state: STANDBY, dock_state DOCKED, charge_state CHARGING[0m
[delivery_robot_main_controller-20] [0m[INFO] [1774078629.600361192] [main_controller_node]: No pending queue found or unexpected format.[0m
[delivery_robot_main_controller-20] [0m[INFO] [1774078630.549634527] [main_controller_node]: Current state: STANDBY, dock_state DOCKED, charge_state CHARGING[0m
[delivery_robot_main_controller-20] [0m[INFO] [1774078631.557876064] [main_controller_node]: Current state: STANDBY, dock_state DOCKED, charge_state CHARGING[0m
[delivery_robot_main_controller-20] [0m[INFO] [1774078631.629329834] [main_controller_node]: No pending queue found or unexpected format.[0m
[delivery_robot_main_controller-20] [0m[INFO] [1774078632.597506954] [main_controller_node]: Current state: STANDBY, dock_state DOCKED, charge_state CHARGING[0m
[delivery_robot_main_controller-20] [0m[INFO] [1774078633.590840706] [main_controller_node]: Current state: STANDBY, dock_state DOCKED, charge_state CHARGING[0m
[delivery_robot_main_controller-20] [0m[INFO] [1774078633.644583571] [main_controller_node]: No pending queue found or unexpected format.[0m
[delivery_robot_main_controller-20] [0m[INFO] [1774078634.549870278] [main_controller_node]: Current state: STANDBY, dock_state DOCKED, charge_state CHARGING[0m
[delivery_robot_main_controller-20] [0m[INFO] [1774078635.556967351] [main_controller_node]: Current state: STANDBY, dock_state DOCKED, charge_state CHARGING[0m
[delivery_robot_main_controller-20] [0m[INFO] [1774078635.631139661] [main_controller_node]: No pending queue found or unexpected format.[0m
[delivery_robot_main_controller-20] [0m[INFO] [1774078636.554539178] [main_controller_node]: Current state: STANDBY, dock_state DOCKED, charge_state CHARGING[0m
[delivery_robot_main_controller-20] [0m[INFO] [1774078637.554377186] [main_controller_node]: Current state: STANDBY, dock_state DOCKED, charge_state CHARGING[0m
[delivery_robot_main_controller-20] [0m[INFO] [1774078637.659805854] [main_controller_node]: No pending queue found or unexpected format.[0m
[delivery_robot_main_controller-20] [0m[INFO] [1774078638.551210245] [main_controller_node]: Current state: STANDBY, dock_state DOCKED, charge_state CHARGING[0m
[delivery_robot_main_controller-20] [0m[INFO] [1774078639.562210862] [main_controller_node]: Current state: STANDBY, dock_state DOCKED, charge_state CHARGING[0m
[delivery_robot_main_controller-20] [0m[INFO] [1774078639.630240281] [main_controller_node]: No pending queue found or unexpected format.[0m
[delivery_robot_main_controller-20] [0m[INFO] [1774078640.557750712] [main_controller_node]: Current state: STANDBY, dock_state DOCKED, charge_state CHARGING[0m
[delivery_robot_main_controller-20] [0m[INFO] [1774078641.622483402] [main_controller_node]: Current state: STANDBY, dock_state DOCKED, charge_state CHARGING[0m
[delivery_robot_main_controller-20] [0m[INFO] [1774078641.685246943] [main_controller_node]: No pending queue found or unexpected format.[0m
[delivery_robot_main_controller-20] [0m[INFO] [1774078642.581467476] [main_controller_node]: Current state: STANDBY, dock_state DOCKED, charge_state CHARGING[0m
[delivery_robot_main_controller-20] [0m[INFO] [1774078643.745480109] [main_controller_node]: Current state: STANDBY, dock_state DOCKED, charge_state CHARGING[0m
[delivery_robot_main_controller-20] [0m[INFO] [1774078643.841487072] [main_controller_node]: No pending queue found or unexpected format.[0m
[delivery_robot_main_controller-20] [0m[INFO] [1774078644.609033828] [main_controller_node]: Current state: STANDBY, dock_state DOCKED, charge_state CHARGING[0m
[delivery_robot_main_controller-20] [0m[INFO] [1774078645.554501615] [main_controller_node]: Current state: STANDBY, dock_state DOCKED, charge_state CHARGING[0m
[delivery_robot_main_controller-20] [0m[INFO] [1774078645.634523701] [main_controller_node]: No pending queue found or unexpected format.[0m
[delivery_robot_main_controller-20] [0m[INFO] [1774078646.547994612] [main_controller_node]: Current state: STANDBY, dock_state DOCKED, charge_state CHARGING[0m
[delivery_robot_main_controller-20] [0m[INFO] [1774078647.621275785] [main_controller_node]: Current state: STANDBY, dock_state DOCKED, charge_state CHARGING[0m
[delivery_robot_main_controller-20] [0m[INFO] [1774078647.761735444] [main_controller_node]: No pending queue found or unexpected format.[0m
[delivery_robot_main_controller-20] [0m[INFO] [1774078648.557933472] [main_controller_node]: Current state: STANDBY, dock_state DOCKED, charge_state CHARGING[0m
[delivery_robot_main_controller-20] [0m[INFO] [1774078649.550925985] [main_controller_node]: Current state: STANDBY, dock_state DOCKED, charge_state CHARGING[0m
[delivery_robot_main_controller-20] [0m[INFO] [1774078649.657413953] [main_controller_node]: No pending queue found or unexpected format.[0m
[delivery_robot_main_controller-20] [0m[INFO] [1774078650.868643031] [main_controller_node]: Current state: STANDBY, dock_state DOCKED, charge_state CHARGING[0m
[delivery_robot_main_controller-20] [0m[INFO] [1774078651.554744120] [main_controller_node]: Current state: STANDBY, dock_state DOCKED, charge_state CHARGING[0m
[delivery_robot_main_controller-20] [0m[INFO] [1774078651.647308065] [main_controller_node]: No pending queue found or unexpected format.[0m
[delivery_robot_main_controller-20] [0m[INFO] [1774078652.560081039] [main_controller_node]: Current state: STANDBY, dock_state DOCKED, charge_state CHARGING[0m
[delivery_robot_main_controller-20] [0m[INFO] [1774078653.594616088] [main_controller_node]: Current state: STANDBY, dock_state DOCKED, charge_state CHARGING[0m
[delivery_robot_main_controller-20] [0m[INFO] [1774078653.672029006] [main_controller_node]: No pending queue found or unexpected format.[0m
[delivery_robot_main_controller-20] [0m[INFO] [1774078654.577050305] [main_controller_node]: Current state: STANDBY, dock_state DOCKED, charge_state CHARGING[0m
[delivery_robot_main_controller-20] [0m[INFO] [1774078655.554435638] [main_controller_node]: Current state: STANDBY, dock_state DOCKED, charge_state CHARGING[0m
[delivery_robot_main_controller-20] [0m[INFO] [1774078655.626873169] [main_controller_node]: No pending queue found or unexpected format.[0m
[delivery_robot_main_controller-20] [0m[INFO] [1774078656.549991820] [main_controller_node]: Current state: STANDBY, dock_state DOCKED, charge_state CHARGING[0m
[delivery_robot_main_controller-20] [0m[INFO] [1774078657.557757663] [main_controller_node]: Current state: STANDBY, dock_state DOCKED, charge_state CHARGING[0m
[delivery_robot_main_controller-20] [0m[INFO] [1774078657.626137071] [main_controller_node]: No pending queue found or unexpected format.[0m
[delivery_robot_main_controller-20] [0m[INFO] [1774078658.564869902] [main_controller_node]: Current state: STANDBY, dock_state DOCKED, charge_state CHARGING[0m
[delivery_robot_main_controller-20] [0m[INFO] [1774078659.582819844] [main_controller_node]: Current state: STANDBY, dock_state DOCKED, charge_state CHARGING[0m
[delivery_robot_main_controller-20] [0m[INFO] [1774078659.674296489] [main_controller_node]: No pending queue found or unexpected format.[0m
[delivery_robot_main_controller-20] [0m[INFO] [1774078660.622382778] [main_controller_node]: Current state: STANDBY, dock_state DOCKED, charge_state CHARGING[0m
[delivery_robot_main_controller-20] [0m[INFO] [1774078661.550549730] [main_controller_node]: Current state: STANDBY, dock_state DOCKED, charge_state CHARGING[0m
[delivery_robot_main_controller-20] [0m[INFO] [1774078661.608999656] [main_controller_node]: No pending queue found or unexpected format.[0m
[delivery_robot_main_controller-20] [0m[INFO] [1774078662.549700883] [main_controller_node]: Current state: STANDBY, dock_state DOCKED, charge_state CHARGING[0m
[delivery_robot_main_controller-20] [0m[INFO] [1774078663.558995012] [main_controller_node]: Current state: STANDBY, dock_state DOCKED, charge_state CHARGING[0m
[delivery_robot_main_controller-20] [0m[INFO] [1774078663.650506656] [main_controller_node]: No pending queue found or unexpected format.[0m
[delivery_robot_main_controller-20] [0m[INFO] [1774078664.585962131] [main_controller_node]: Current state: STANDBY, dock_state DOCKED, charge_state CHARGING[0m
[delivery_robot_main_controller-20] [0m[INFO] [1774078665.576313393] [main_controller_node]: Current state: STANDBY, dock_state DOCKED, charge_state CHARGING[0m
[delivery_robot_main_controller-20] [0m[INFO] [1774078665.674405998] [main_controller_node]: No pending queue found or unexpected format.[0m
[delivery_robot_main_controller-20] [0m[INFO] [1774078666.556238479] [main_controller_node]: Current state: STANDBY, dock_state DOCKED, charge_state CHARGING[0m
[delivery_robot_main_controller-20] [0m[INFO] [1774078667.548449058] [main_controller_node]: Current state: STANDBY, dock_state DOCKED, charge_state CHARGING[0m
[delivery_robot_main_controller-20] [0m[INFO] [1774078667.643369304] [main_controller_node]: No pending queue found or unexpected format.[0m
[delivery_robot_main_controller-20] [0m[INFO] [1774078668.549373490] [main_controller_node]: Current state: STANDBY, dock_state DOCKED, charge_state CHARGING[0m
[delivery_robot_main_controller-20] [0m[INFO] [1774078669.560108990] [main_controller_node]: Current state: STANDBY, dock_state DOCKED, charge_state CHARGING[0m
[delivery_robot_main_controller-20] [0m[INFO] [1774078669.645939436] [main_controller_node]: No pending queue found or unexpected format.[0m
[delivery_robot_main_controller-20] [0m[INFO] [1774078670.612714559] [main_controller_node]: Current state: STANDBY, dock_state DOCKED, charge_state CHARGING[0m
[delivery_robot_main_controller-20] [0m[INFO] [1774078671.626765622] [main_controller_node]: Current state: STANDBY, dock_state DOCKED, charge_state CHARGING[0m
[delivery_robot_main_controller-20] [0m[INFO] [1774078671.678459301] [main_controller_node]: No pending queue found or unexpected format.[0m
[delivery_robot_main_controller-20] [0m[INFO] [1774078672.549994520] [main_controller_node]: Current state: STANDBY, dock_state DOCKED, charge_state CHARGING[0m
[delivery_robot_main_controller-20] [0m[INFO] [1774078673.555441686] [main_controller_node]: Current state: STANDBY, dock_state DOCKED, charge_state CHARGING[0m
[delivery_robot_main_controller-20] [0m[INFO] [1774078673.608171040] [main_controller_node]: No pending queue found or unexpected format.[0m
[delivery_robot_main_controller-20] [0m[INFO] [1774078674.609868073] [main_controller_node]: Current state: STANDBY, dock_state DOCKED, charge_state CHARGING[0m
[delivery_robot_main_controller-20] [0m[INFO] [1774078675.600863022] [main_controller_node]: Current state: STANDBY, dock_state DOCKED, charge_state CHARGING[0m
[delivery_robot_main_controller-20] [0m[INFO] [1774078675.693231556] [main_controller_node]: No pending queue found or unexpected format.[0m
[delivery_robot_main_controller-20] [0m[INFO] [1774078676.561880533] [main_controller_node]: Current state: STANDBY, dock_state DOCKED, charge_state CHARGING[0m
[delivery_robot_main_controller-20] [0m[INFO] [1774078677.551059039] [main_controller_node]: Current state: STANDBY, dock_state DOCKED, charge_state CHARGING[0m
[delivery_robot_main_controller-20] [0m[INFO] [1774078677.621243807] [main_controller_node]: No pending queue found or unexpected format.[0m
[delivery_robot_main_controller-20] [0m[INFO] [1774078678.553845121] [main_controller_node]: Current state: STANDBY, dock_state DOCKED, charge_state CHARGING[0m
[delivery_robot_main_controller-20] [0m[INFO] [1774078679.595813355] [main_controller_node]: Current state: STANDBY, dock_state DOCKED, charge_state CHARGING[0m
[delivery_robot_main_controller-20] [0m[INFO] [1774078679.675723153] [main_controller_node]: No pending queue found or unexpected format.[0m
[delivery_robot_main_controller-20] [0m[INFO] [1774078680.598929885] [main_controller_node]: Current state: STANDBY, dock_state DOCKED, charge_state CHARGING[0m
[delivery_robot_main_controller-20] [0m[INFO] [1774078681.558197158] [main_controller_node]: Current state: STANDBY, dock_state DOCKED, charge_state CHARGING[0m
[delivery_robot_main_controller-20] [0m[INFO] [1774078681.629880754] [main_controller_node]: No pending queue found or unexpected format.[0m
[delivery_robot_main_controller-20] [0m[INFO] [1774078682.583187130] [main_controller_node]: Current state: STANDBY, dock_state DOCKED, charge_state CHARGING[0m
[delivery_robot_main_controller-20] [0m[INFO] [1774078683.555953774] [main_controller_node]: Current state: STANDBY, dock_state DOCKED, charge_state CHARGING[0m
[delivery_robot_main_controller-20] [0m[INFO] [1774078683.614914392] [main_controller_node]: No pending queue found or unexpected format.[0m
[delivery_robot_main_controller-20] [0m[INFO] [1774078684.592738086] [main_controller_node]: Current state: STANDBY, dock_state DOCKED, charge_state CHARGING[0m
[delivery_robot_main_controller-20] [0m[INFO] [1774078685.559019432] [main_controller_node]: Current state: STANDBY, dock_state DOCKED, charge_state CHARGING[0m
[delivery_robot_main_controller-20] [0m[INFO] [1774078685.629504316] [main_controller_node]: No pending queue found or unexpected format.[0m
[delivery_robot_main_controller-20] [0m[INFO] [1774078686.619025520] [main_controller_node]: Current state: STANDBY, dock_state DOCKED, charge_state CHARGING[0m
[delivery_robot_main_controller-20] [0m[INFO] [1774078687.579626835] [main_controller_node]: Current state: STANDBY, dock_state DOCKED, charge_state CHARGING[0m
[delivery_robot_main_controller-20] [0m[INFO] [1774078687.660150280] [main_controller_node]: No pending queue found or unexpected format.[0m
[delivery_robot_main_controller-20] [0m[INFO] [1774078688.555244431] [main_controller_node]: Current state: STANDBY, dock_state DOCKED, charge_state CHARGING[0m
[delivery_robot_main_controller-20] [0m[INFO] [1774078689.555905204] [main_controller_node]: Current state: STANDBY, dock_state DOCKED, charge_state CHARGING[0m
[delivery_robot_main_controller-20] [0m[INFO] [1774078689.648142201] [main_controller_node]: No pending queue found or unexpected format.[0m
[delivery_robot_main_controller-20] [0m[INFO] [1774078690.592557979] [main_controller_node]: Current state: STANDBY, dock_state DOCKED, charge_state CHARGING[0m
[delivery_robot_main_controller-20] [0m[INFO] [1774078691.553034756] [main_controller_node]: Current state: STANDBY, dock_state DOCKED, charge_state CHARGING[0m
[delivery_robot_main_controller-20] [0m[INFO] [1774078691.614477964] [main_controller_node]: No pending queue found or unexpected format.[0m
[delivery_robot_main_controller-20] [0m[INFO] [1774078692.592527401] [main_controller_node]: Current state: STANDBY, dock_state DOCKED, charge_state CHARGING[0m
[delivery_robot_main_controller-20] [0m[INFO] [1774078693.548654106] [main_controller_node]: Current state: STANDBY, dock_state DOCKED, charge_state CHARGING[0m
[delivery_robot_main_controller-20] [0m[INFO] [1774078693.611043450] [main_controller_node]: No pending queue found or unexpected format.[0m
[delivery_robot_main_controller-20] [0m[INFO] [1774078694.554777481] [main_controller_node]: Current state: STANDBY, dock_state DOCKED, charge_state CHARGING[0m
[delivery_robot_main_controller-20] [0m[INFO] [1774078695.559559154] [main_controller_node]: Current state: STANDBY, dock_state DOCKED, charge_state CHARGING[0m
[delivery_robot_main_controller-20] [0m[INFO] [1774078695.634000399] [main_controller_node]: No pending queue found or unexpected format.[0m
[delivery_robot_main_controller-20] [0m[INFO] [1774078696.566621280] [main_controller_node]: Current state: STANDBY, dock_state DOCKED, charge_state CHARGING[0m
[delivery_robot_main_controller-20] [0m[INFO] [1774078697.598279288] [main_controller_node]: Current state: STANDBY, dock_state DOCKED, charge_state CHARGING[0m
[delivery_robot_main_controller-20] [0m[INFO] [1774078697.695291452] [main_controller_node]: No pending queue found or unexpected format.[0m
[delivery_robot_main_controller-20] [0m[INFO] [1774078698.550540826] [main_controller_node]: Current state: STANDBY, dock_state DOCKED, charge_state CHARGING[0m
[delivery_robot_main_controller-20] [0m[INFO] [1774078699.555707485] [main_controller_node]: Current state: STANDBY, dock_state DOCKED, charge_state CHARGING[0m
[delivery_robot_main_controller-20] [0m[INFO] [1774078699.636318991] [main_controller_node]: No pending queue found or unexpected format.[0m
[delivery_robot_main_controller-20] [0m[INFO] [1774078700.606495461] [main_controller_node]: Current state: STANDBY, dock_state DOCKED, charge_state CHARGING[0m
[delivery_robot_main_controller-20] [0m[INFO] [1774078701.584387091] [main_controller_node]: Current state: STANDBY, dock_state DOCKED, charge_state CHARGING[0m
[delivery_robot_main_controller-20] [0m[INFO] [1774078701.645772092] [main_controller_node]: No pending queue found or unexpected format.[0m
[delivery_robot_main_controller-20] [0m[INFO] [1774078702.563939699] [main_controller_node]: Current state: STANDBY, dock_state DOCKED, charge_state CHARGING[0m
[delivery_robot_main_controller-20] [0m[INFO] [1774078703.555452218] [main_controller_node]: Current state: STANDBY, dock_state DOCKED, charge_state CHARGING[0m
[delivery_robot_main_controller-20] [0m[INFO] [1774078703.625496467] [main_controller_node]: No pending queue found or unexpected format.[0m
[delivery_robot_main_controller-20] [0m[INFO] [1774078704.557179968] [main_controller_node]: Current state: STANDBY, dock_state DOCKED, charge_state CHARGING[0m
[delivery_robot_main_controller-20] [0m[INFO] [1774078705.606107766] [main_controller_node]: Current state: STANDBY, dock_state DOCKED, charge_state CHARGING[0m
[delivery_robot_main_controller-20] [0m[INFO] [1774078705.711845968] [main_controller_node]: No pending queue found or unexpected format.[0m
[delivery_robot_main_controller-20] [0m[INFO] [1774078706.559432972] [main_controller_node]: Current state: STANDBY, dock_state DOCKED, charge_state CHARGING[0m
[delivery_robot_main_controller-20] [0m[INFO] [1774078707.560092679] [main_controller_node]: Current state: STANDBY, dock_state DOCKED, charge_state CHARGING[0m
[delivery_robot_main_controller-20] [0m[INFO] [1774078707.633105980] [main_controller_node]: No pending queue found or unexpected format.[0m
[delivery_robot_main_controller-20] [0m[INFO] [1774078708.584122149] [main_controller_node]: Current state: STANDBY, dock_state DOCKED, charge_state CHARGING[0m
[delivery_robot_main_controller-20] [0m[INFO] [1774078709.548492052] [main_controller_node]: Current state: STANDBY, dock_state DOCKED, charge_state CHARGING[0m
[delivery_robot_main_controller-20] [0m[INFO] [1774078709.634389229] [main_controller_node]: No pending queue found or unexpected format.[0m
[delivery_robot_main_controller-20] [0m[INFO] [1774078710.549051139] [main_controller_node]: Current state: STANDBY, dock_state DOCKED, charge_state CHARGING[0m
[delivery_robot_main_controller-20] [0m[INFO] [1774078711.589523556] [main_controller_node]: Current state: STANDBY, dock_state DOCKED, charge_state CHARGING[0m
[delivery_robot_main_controller-20] [0m[INFO] [1774078711.674663887] [main_controller_node]: No pending queue found or unexpected format.[0m
[delivery_robot_main_controller-20] [0m[INFO] [1774078712.600558904] [main_controller_node]: Current state: STANDBY, dock_state DOCKED, charge_state CHARGING[0m
[delivery_robot_main_controller-20] [0m[INFO] [1774078713.582991025] [main_controller_node]: Current state: STANDBY, dock_state DOCKED, charge_state CHARGING[0m
[delivery_robot_main_controller-20] [0m[INFO] [1774078713.664976811] [main_controller_node]: No pending queue found or unexpected format.[0m
[delivery_robot_main_controller-20] [0m[INFO] [1774078714.553894008] [main_controller_node]: Current state: STANDBY, dock_state DOCKED, charge_state CHARGING[0m
[delivery_robot_main_controller-20] [0m[INFO] [1774078715.555800834] [main_controller_node]: Current state: STANDBY, dock_state DOCKED, charge_state CHARGING[0m
[delivery_robot_main_controller-20] [0m[INFO] [1774078715.623866201] [main_controller_node]: No pending queue found or unexpected format.[0m
[delivery_robot_main_controller-20] [0m[INFO] [1774078716.585036353] [main_controller_node]: Current state: STANDBY, dock_state DOCKED, charge_state CHARGING[0m
[delivery_robot_main_controller-20] [0m[INFO] [1774078717.572171709] [main_controller_node]: Current state: STANDBY, dock_state DOCKED, charge_state CHARGING[0m
[delivery_robot_main_controller-20] [0m[INFO] [1774078717.647303594] [main_controller_node]: No pending queue found or unexpected format.[0m
[delivery_robot_main_controller-20] [0m[INFO] [1774078718.557712001] [main_controller_node]: Current state: STANDBY, dock_state DOCKED, charge_state CHARGING[0m
[delivery_robot_main_controller-20] [0m[INFO] [1774078719.553097412] [main_controller_node]: Current state: STANDBY, dock_state DOCKED, charge_state CHARGING[0m
[delivery_robot_main_controller-20] [0m[INFO] [1774078719.633690545] [main_controller_node]: No pending queue found or unexpected format.[0m
[delivery_robot_main_controller-20] [0m[INFO] [1774078720.559112788] [main_controller_node]: Current state: STANDBY, dock_state DOCKED, charge_state CHARGING[0m
[delivery_robot_main_controller-20] [0m[INFO] [1774078721.557394046] [main_controller_node]: Current state: STANDBY, dock_state DOCKED, charge_state CHARGING[0m
[delivery_robot_main_controller-20] [0m[INFO] [1774078721.648291946] [main_controller_node]: No pending queue found or unexpected format.[0m
[delivery_robot_main_controller-20] [0m[INFO] [1774078722.574112007] [main_controller_node]: Current state: STANDBY, dock_state DOCKED, charge_state CHARGING[0m
[delivery_robot_main_controller-20] [0m[INFO] [1774078723.628661755] [main_controller_node]: Current state: STANDBY, dock_state DOCKED, charge_state CHARGING[0m
[delivery_robot_main_controller-20] [0m[INFO] [1774078723.727451558] [main_controller_node]: No pending queue found or unexpected format.[0m
[delivery_robot_main_controller-20] [0m[INFO] [1774078724.596333488] [main_controller_node]: Current state: STANDBY, dock_state DOCKED, charge_state CHARGING[0m
[delivery_robot_main_controller-20] [0m[INFO] [1774078725.579406084] [main_controller_node]: Current state: STANDBY, dock_state DOCKED, charge_state CHARGING[0m
[delivery_robot_main_controller-20] [0m[INFO] [1774078725.656681053] [main_controller_node]: No pending queue found or unexpected format.[0m
[delivery_robot_main_controller-20] [0m[INFO] [1774078726.548751920] [main_controller_node]: Current state: STANDBY, dock_state DOCKED, charge_state CHARGING[0m
[delivery_robot_main_controller-20] [0m[INFO] [1774078727.579532629] [main_controller_node]: Current state: STANDBY, dock_state DOCKED, charge_state CHARGING[0m
[delivery_robot_main_controller-20] [0m[INFO] [1774078727.677322346] [main_controller_node]: No pending queue found or unexpected format.[0m
[delivery_robot_main_controller-20] [0m[INFO] [1774078728.565876432] [main_controller_node]: Current state: STANDBY, dock_state DOCKED, charge_state CHARGING[0m
[delivery_robot_main_controller-20] [0m[INFO] [1774078729.562588000] [main_controller_node]: Current state: STANDBY, dock_state DOCKED, charge_state CHARGING[0m
[delivery_robot_main_controller-20] [0m[INFO] [1774078729.660718371] [main_controller_node]: No pending queue found or unexpected format.[0m
[delivery_robot_main_controller-20] [0m[INFO] [1774078730.550339332] [main_controller_node]: Current state: STANDBY, dock_state DOCKED, charge_state CHARGING[0m
[delivery_robot_main_controller-20] [0m[INFO] [1774078731.555936474] [main_controller_node]: Current state: STANDBY, dock_state DOCKED, charge_state CHARGING[0m
[delivery_robot_main_controller-20] [0m[INFO] [1774078731.629426048] [main_controller_node]: No pending queue found or unexpected format.[0m
[delivery_robot_main_controller-20] [0m[INFO] [1774078732.548398332] [main_controller_node]: Current state: STANDBY, dock_state DOCKED, charge_state CHARGING[0m
[delivery_robot_main_controller-20] [0m[INFO] [1774078733.553941225] [main_controller_node]: Current state: STANDBY, dock_state DOCKED, charge_state CHARGING[0m
[delivery_robot_main_controller-20] [0m[INFO] [1774078733.635519569] [main_controller_node]: No pending queue found or unexpected format.[0m
[delivery_robot_main_controller-20] [0m[INFO] [1774078734.557464697] [main_controller_node]: Current state: STANDBY, dock_state DOCKED, charge_state CHARGING[0m
[delivery_robot_main_controller-20] [0m[INFO] [1774078735.574203366] [main_controller_node]: Current state: STANDBY, dock_state DOCKED, charge_state CHARGING[0m
[delivery_robot_main_controller-20] [0m[INFO] [1774078735.639830785] [main_controller_node]: No pending queue found or unexpected format.[0m
[delivery_robot_main_controller-20] [0m[INFO] [1774078736.556016886] [main_controller_node]: Current state: STANDBY, dock_state DOCKED, charge_state CHARGING[0m
[delivery_robot_main_controller-20] [0m[INFO] [1774078737.553956615] [main_controller_node]: Current state: STANDBY, dock_state DOCKED, charge_state CHARGING[0m
[delivery_robot_main_controller-20] [0m[INFO] [1774078737.612307816] [main_controller_node]: No pending queue found or unexpected format.[0m
[delivery_robot_main_controller-20] [0m[INFO] [1774078738.561164278] [main_controller_node]: Current state: STANDBY, dock_state DOCKED, charge_state CHARGING[0m
[delivery_robot_main_controller-20] [0m[INFO] [1774078739.587634903] [main_controller_node]: Current state: STANDBY, dock_state DOCKED, charge_state CHARGING[0m
[delivery_robot_main_controller-20] [0m[INFO] [1774078739.654381988] [main_controller_node]: No pending queue found or unexpected format.[0m
[delivery_robot_main_controller-20] [0m[INFO] [1774078740.553174636] [main_controller_node]: Current state: STANDBY, dock_state DOCKED, charge_state CHARGING[0m
[delivery_robot_main_controller-20] [0m[INFO] [1774078741.553781845] [main_controller_node]: Current state: STANDBY, dock_state DOCKED, charge_state CHARGING[0m
[delivery_robot_main_controller-20] [0m[INFO] [1774078741.625999510] [main_controller_node]: No pending queue found or unexpected format.[0m
[delivery_robot_main_controller-20] [0m[INFO] [1774078742.549699236] [main_controller_node]: Current state: STANDBY, dock_state DOCKED, charge_state CHARGING[0m
[delivery_robot_main_controller-20] [0m[INFO] [1774078743.622617440] [main_controller_node]: Current state: STANDBY, dock_state DOCKED, charge_state CHARGING[0m
[delivery_robot_main_controller-20] [0m[INFO] [1774078743.704848509] [main_controller_node]: No pending queue found or unexpected format.[0m
[delivery_robot_main_controller-20] [0m[INFO] [1774078744.558602858] [main_controller_node]: Current state: STANDBY, dock_state DOCKED, charge_state CHARGING[0m
[delivery_robot_main_controller-20] [0m[INFO] [1774078745.559202776] [main_controller_node]: Current state: STANDBY, dock_state DOCKED, charge_state CHARGING[0m
[delivery_robot_main_controller-20] [0m[INFO] [1774078745.630054327] [main_controller_node]: No pending queue found or unexpected format.[0m
[delivery_robot_main_controller-20] [0m[INFO] [1774078746.555066502] [main_controller_node]: Current state: STANDBY, dock_state DOCKED, charge_state CHARGING[0m
[delivery_robot_main_controller-20] [0m[INFO] [1774078747.549810855] [main_controller_node]: Current state: STANDBY, dock_state DOCKED, charge_state CHARGING[0m
[delivery_robot_main_controller-20] [0m[INFO] [1774078747.616903260] [main_controller_node]: No pending queue found or unexpected format.[0m
[delivery_robot_main_controller-20] [0m[INFO] [1774078748.563317399] [main_controller_node]: Current state: STANDBY, dock_state DOCKED, charge_state CHARGING[0m
[delivery_robot_main_controller-20] [0m[INFO] [1774078749.592183974] [main_controller_node]: Current state: STANDBY, dock_state DOCKED, charge_state CHARGING[0m
[delivery_robot_main_controller-20] [0m[INFO] [1774078749.660451458] [main_controller_node]: No pending queue found or unexpected format.[0m
[delivery_robot_main_controller-20] [0m[INFO] [1774078750.577023418] [main_controller_node]: Current state: STANDBY, dock_state DOCKED, charge_state CHARGING[0m
[delivery_robot_main_controller-20] [0m[INFO] [1774078751.550891662] [main_controller_node]: Current state: STANDBY, dock_state DOCKED, charge_state CHARGING[0m
[delivery_robot_main_controller-20] [0m[INFO] [1774078751.615230257] [main_controller_node]: No pending queue found or unexpected format.[0m
[delivery_robot_main_controller-20] [0m[INFO] [1774078752.548284538] [main_controller_node]: Current state: STANDBY, dock_state DOCKED, charge_state CHARGING[0m
[delivery_robot_main_controller-20] [0m[INFO] [1774078753.550235987] [main_controller_node]: Current state: STANDBY, dock_state DOCKED, charge_state CHARGING[0m
[delivery_robot_main_controller-20] [0m[INFO] [1774078753.609148041] [main_controller_node]: No pending queue found or unexpected format.[0m
[delivery_robot_main_controller-20] [0m[INFO] [1774078754.578485419] [main_controller_node]: Current state: STANDBY, dock_state DOCKED, charge_state CHARGING[0m
[delivery_robot_main_controller-20] [0m[INFO] [1774078755.579050338] [main_controller_node]: Current state: STANDBY, dock_state DOCKED, charge_state CHARGING[0m
[delivery_robot_main_controller-20] [0m[INFO] [1774078755.663720521] [main_controller_node]: No pending queue found or unexpected format.[0m
[delivery_robot_main_controller-20] [0m[INFO] [1774078756.570538651] [main_controller_node]: Current state: STANDBY, dock_state DOCKED, charge_state CHARGING[0m
[delivery_robot_main_controller-20] [0m[INFO] [1774078757.587755926] [main_controller_node]: Current state: STANDBY, dock_state DOCKED, charge_state CHARGING[0m
[delivery_robot_main_controller-20] [0m[INFO] [1774078757.654052403] [main_controller_node]: No pending queue found or unexpected format.[0m
[delivery_robot_main_controller-20] [0m[INFO] [1774078758.555315081] [main_controller_node]: Current state: STANDBY, dock_state DOCKED, charge_state CHARGING[0m
[delivery_robot_main_controller-20] [0m[INFO] [1774078759.551712632] [main_controller_node]: Current state: STANDBY, dock_state DOCKED, charge_state CHARGING[0m
[delivery_robot_main_controller-20] [0m[INFO] [1774078759.654260427] [main_controller_node]: No pending queue found or unexpected format.[0m
[delivery_robot_main_controller-20] [0m[INFO] [1774078760.557367291] [main_controller_node]: Current state: STANDBY, dock_state DOCKED, charge_state CHARGING[0m
[delivery_robot_main_controller-20] [0m[INFO] [1774078761.581237049] [main_controller_node]: Current state: STANDBY, dock_state DOCKED, charge_state CHARGING[0m
[delivery_robot_main_controller-20] [0m[INFO] [1774078761.645407549] [main_controller_node]: No pending queue found or unexpected format.[0m
[delivery_robot_main_controller-20] [0m[INFO] [1774078762.548334461] [main_controller_node]: Current state: STANDBY, dock_state DOCKED, charge_state CHARGING[0m
[delivery_robot_main_controller-20] [0m[INFO] [1774078763.552590628] [main_controller_node]: Current state: STANDBY, dock_state DOCKED, charge_state CHARGING[0m
[delivery_robot_main_controller-20] [0m[INFO] [1774078763.621602329] [main_controller_node]: No pending queue found or unexpected format.[0m
[delivery_robot_main_controller-20] [0m[INFO] [1774078764.555085774] [main_controller_node]: Current state: STANDBY, dock_state DOCKED, charge_state CHARGING[0m
[delivery_robot_main_controller-20] [0m[INFO] [1774078765.572423308] [main_controller_node]: Current state: STANDBY, dock_state DOCKED, charge_state CHARGING[0m
[delivery_robot_main_controller-20] [0m[INFO] [1774078765.633731784] [main_controller_node]: No pending queue found or unexpected format.[0m
[delivery_robot_main_controller-20] [0m[INFO] [1774078766.572927609] [main_controller_node]: Current state: STANDBY, dock_state DOCKED, charge_state CHARGING[0m
[delivery_robot_main_controller-20] [0m[INFO] [1774078767.557522937] [main_controller_node]: Current state: STANDBY, dock_state DOCKED, charge_state CHARGING[0m
[delivery_robot_main_controller-20] [0m[INFO] [1774078767.633404018] [main_controller_node]: No pending queue found or unexpected format.[0m
[delivery_robot_main_controller-20] [0m[INFO] [1774078768.553874344] [main_controller_node]: Current state: STANDBY, dock_state DOCKED, charge_state CHARGING[0m
[delivery_robot_main_controller-20] [0m[INFO] [1774078769.615618291] [main_controller_node]: Current state: STANDBY, dock_state DOCKED, charge_state CHARGING[0m
[delivery_robot_main_controller-20] [0m[INFO] [1774078769.712888858] [main_controller_node]: No pending queue found or unexpected format.[0m
[delivery_robot_main_controller-20] [0m[INFO] [1774078770.559275582] [main_controller_node]: Current state: STANDBY, dock_state DOCKED, charge_state CHARGING[0m
[delivery_robot_main_controller-20] [0m[INFO] [1774078771.555230920] [main_controller_node]: Current state: STANDBY, dock_state DOCKED, charge_state CHARGING[0m
[delivery_robot_main_controller-20] [0m[INFO] [1774078771.604543284] [main_controller_node]: No pending queue found or unexpected format.[0m
[delivery_robot_main_controller-20] [0m[INFO] [1774078772.566629749] [main_controller_node]: Current state: STANDBY, dock_state DOCKED, charge_state CHARGING[0m
[delivery_robot_main_controller-20] [0m[INFO] [1774078773.550457146] [main_controller_node]: Current state: STANDBY, dock_state DOCKED, charge_state CHARGING[0m
[delivery_robot_main_controller-20] [0m[INFO] [1774078773.607904677] [main_controller_node]: No pending queue found or unexpected format.[0m
[delivery_robot_main_controller-20] [0m[INFO] [1774078774.550124685] [main_controller_node]: Current state: STANDBY, dock_state DOCKED, charge_state CHARGING[0m
[delivery_robot_main_controller-20] [0m[INFO] [1774078775.621792236] [main_controller_node]: Current state: STANDBY, dock_state DOCKED, charge_state CHARGING[0m
[delivery_robot_main_controller-20] [0m[INFO] [1774078775.710017959] [main_controller_node]: No pending queue found or unexpected format.[0m
[delivery_robot_main_controller-20] [0m[INFO] [1774078776.556211606] [main_controller_node]: Current state: STANDBY, dock_state DOCKED, charge_state CHARGING[0m
[delivery_robot_main_controller-20] [0m[INFO] [1774078777.560965047] [main_controller_node]: Current state: STANDBY, dock_state DOCKED, charge_state CHARGING[0m
[delivery_robot_main_controller-20] [0m[INFO] [1774078777.645629356] [main_controller_node]: No pending queue found or unexpected format.[0m
[delivery_robot_main_controller-20] [0m[INFO] [1774078778.550567530] [main_controller_node]: Current state: STANDBY, dock_state DOCKED, charge_state CHARGING[0m
[delivery_robot_main_controller-20] [0m[INFO] [1774078779.548997863] [main_controller_node]: Current state: STANDBY, dock_state DOCKED, charge_state CHARGING[0m
[delivery_robot_main_controller-20] [0m[INFO] [1774078779.610688118] [main_controller_node]: No pending queue found or unexpected format.[0m
[delivery_robot_main_controller-20] [0m[INFO] [1774078780.605212008] [main_controller_node]: Current state: STANDBY, dock_state DOCKED, charge_state CHARGING[0m
[delivery_robot_main_controller-20] [0m[INFO] [1774078781.553818121] [main_controller_node]: Current state: STANDBY, dock_state DOCKED, charge_state CHARGING[0m
[delivery_robot_main_controller-20] [0m[INFO] [1774078781.642060760] [main_controller_node]: No pending queue found or unexpected format.[0m
[delivery_robot_main_controller-20] [0m[INFO] [1774078782.557857588] [main_controller_node]: Current state: STANDBY, dock_state DOCKED, charge_state CHARGING[0m
[delivery_robot_main_controller-20] [0m[INFO] [1774078783.554059376] [main_controller_node]: Current state: STANDBY, dock_state DOCKED, charge_state CHARGING[0m
[delivery_robot_main_controller-20] [0m[INFO] [1774078783.617655312] [main_controller_node]: No pending queue found or unexpected format.[0m
[delivery_robot_main_controller-20] [0m[INFO] [1774078784.555134740] [main_controller_node]: Current state: STANDBY, dock_state DOCKED, charge_state CHARGING[0m
[delivery_robot_main_controller-20] [0m[INFO] [1774078785.553557490] [main_controller_node]: Current state: STANDBY, dock_state DOCKED, charge_state CHARGING[0m
[delivery_robot_main_controller-20] [0m[INFO] [1774078785.625322719] [main_controller_node]: No pending queue found or unexpected format.[0m
[delivery_robot_main_controller-20] [0m[INFO] [1774078786.586510882] [main_controller_node]: Current state: STANDBY, dock_state DOCKED, charge_state CHARGING[0m
[delivery_robot_main_controller-20] [0m[INFO] [1774078787.608868111] [main_controller_node]: Current state: STANDBY, dock_state DOCKED, charge_state CHARGING[0m
[delivery_robot_main_controller-20] [0m[INFO] [1774078787.675978506] [main_controller_node]: No pending queue found or unexpected format.[0m
[delivery_robot_main_controller-20] [0m[INFO] [1774078788.586549728] [main_controller_node]: Current state: STANDBY, dock_state DOCKED, charge_state CHARGING[0m
[delivery_robot_main_controller-20] [0m[INFO] [1774078789.555759897] [main_controller_node]: Current state: STANDBY, dock_state DOCKED, charge_state CHARGING[0m
[delivery_robot_main_controller-20] [0m[INFO] [1774078789.660238748] [main_controller_node]: No pending queue found or unexpected format.[0m
[delivery_robot_main_controller-20] [0m[INFO] [1774078790.549221283] [main_controller_node]: Current state: STANDBY, dock_state DOCKED, charge_state CHARGING[0m
[delivery_robot_main_controller-20] [0m[INFO] [1774078791.573531734] [main_controller_node]: Current state: STANDBY, dock_state DOCKED, charge_state CHARGING[0m
[delivery_robot_main_controller-20] [0m[INFO] [1774078791.658262540] [main_controller_node]: No pending queue found or unexpected format.[0m
[delivery_robot_main_controller-20] [0m[INFO] [1774078792.571590206] [main_controller_node]: Current state: STANDBY, dock_state DOCKED, charge_state CHARGING[0m
[delivery_robot_main_controller-20] [0m[INFO] [1774078793.590481392] [main_controller_node]: Current state: STANDBY, dock_state DOCKED, charge_state CHARGING[0m
[delivery_robot_main_controller-20] [0m[INFO] [1774078793.686513003] [main_controller_node]: No pending queue found or unexpected format.[0m
[delivery_robot_main_controller-20] [0m[INFO] [1774078794.550196692] [main_controller_node]: Current state: STANDBY, dock_state DOCKED, charge_state CHARGING[0m
[delivery_robot_main_controller-20] [0m[INFO] [1774078795.556963144] [main_controller_node]: Current state: STANDBY, dock_state DOCKED, charge_state CHARGING[0m
[delivery_robot_main_controller-20] [0m[INFO] [1774078795.612958227] [main_controller_node]: No pending queue found or unexpected format.[0m
[delivery_robot_main_controller-20] [0m[INFO] [1774078796.551221918] [main_controller_node]: Current state: STANDBY, dock_state DOCKED, charge_state CHARGING[0m
[delivery_robot_main_controller-20] [0m[INFO] [1774078797.565597974] [main_controller_node]: Current state: STANDBY, dock_state DOCKED, charge_state CHARGING[0m
[delivery_robot_main_controller-20] [0m[INFO] [1774078797.628133448] [main_controller_node]: No pending queue found or unexpected format.[0m
[delivery_robot_main_controller-20] [0m[INFO] [1774078798.612904062] [main_controller_node]: Current state: STANDBY, dock_state DOCKED, charge_state CHARGING[0m
[delivery_robot_main_controller-20] [0m[INFO] [1774078799.555642343] [main_controller_node]: Current state: STANDBY, dock_state DOCKED, charge_state CHARGING[0m
[delivery_robot_main_controller-20] [0m[INFO] [1774078799.669725434] [main_controller_node]: No pending queue found or unexpected format.[0m
[delivery_robot_main_controller-20] [0m[INFO] [1774078800.548764241] [main_controller_node]: Current state: STANDBY, dock_state DOCKED, charge_state CHARGING[0m
[delivery_robot_main_controller-20] [0m[INFO] [1774078801.618235912] [main_controller_node]: Current state: STANDBY, dock_state DOCKED, charge_state CHARGING[0m
[delivery_robot_main_controller-20] [0m[INFO] [1774078801.687376526] [main_controller_node]: No pending queue found or unexpected format.[0m
[delivery_robot_main_controller-20] [0m[INFO] [1774078802.612669097] [main_controller_node]: Current state: STANDBY, dock_state DOCKED, charge_state CHARGING[0m
[delivery_robot_main_controller-20] [0m[INFO] [1774078803.564377849] [main_controller_node]: Current state: STANDBY, dock_state DOCKED, charge_state CHARGING[0m
[delivery_robot_main_controller-20] [0m[INFO] [1774078803.663596097] [main_controller_node]: No pending queue found or unexpected format.[0m
[delivery_robot_main_controller-20] [0m[INFO] [1774078804.562200955] [main_controller_node]: Current state: STANDBY, dock_state DOCKED, charge_state CHARGING[0m
[delivery_robot_main_controller-20] [0m[INFO] [1774078805.555911415] [main_controller_node]: Current state: STANDBY, dock_state DOCKED, charge_state CHARGING[0m
[delivery_robot_main_controller-20] [0m[INFO] [1774078805.641260825] [main_controller_node]: No pending queue found or unexpected format.[0m
[delivery_robot_main_controller-20] [0m[INFO] [1774078806.548440376] [main_controller_node]: Current state: STANDBY, dock_state DOCKED, charge_state CHARGING[0m
[delivery_robot_main_controller-20] [0m[INFO] [1774078807.627308920] [main_controller_node]: Current state: STANDBY, dock_state DOCKED, charge_state CHARGING[0m
[delivery_robot_main_controller-20] [0m[INFO] [1774078807.720962949] [main_controller_node]: No pending queue found or unexpected format.[0m
[delivery_robot_main_controller-20] [0m[INFO] [1774078808.573817442] [main_controller_node]: Current state: STANDBY, dock_state DOCKED, charge_state CHARGING[0m
[delivery_robot_main_controller-20] [0m[INFO] [1774078809.576501873] [main_controller_node]: Current state: STANDBY, dock_state DOCKED, charge_state CHARGING[0m
[delivery_robot_main_controller-20] [0m[INFO] [1774078809.683848580] [main_controller_node]: No pending queue found or unexpected format.[0m
[delivery_robot_main_controller-20] [0m[INFO] [1774078810.604135747] [main_controller_node]: Current state: STANDBY, dock_state DOCKED, charge_state CHARGING[0m
[delivery_robot_main_controller-20] [0m[INFO] [1774078811.550081372] [main_controller_node]: Current state: STANDBY, dock_state DOCKED, charge_state CHARGING[0m
[delivery_robot_main_controller-20] [0m[INFO] [1774078811.611153899] [main_controller_node]: No pending queue found or unexpected format.[0m
[delivery_robot_main_controller-20] [0m[INFO] [1774078812.623123207] [main_controller_node]: Current state: STANDBY, dock_state DOCKED, charge_state CHARGING[0m
[delivery_robot_main_controller-20] [0m[INFO] [1774078813.564880357] [main_controller_node]: Current state: STANDBY, dock_state DOCKED, charge_state CHARGING[0m
[delivery_robot_main_controller-20] [0m[INFO] [1774078813.634700238] [main_controller_node]: No pending queue found or unexpected format.[0m
[delivery_robot_main_controller-20] [0m[INFO] [1774078814.558139042] [main_controller_node]: Current state: STANDBY, dock_state DOCKED, charge_state CHARGING[0m
[delivery_robot_main_controller-20] [0m[INFO] [1774078815.571802581] [main_controller_node]: Current state: STANDBY, dock_state DOCKED, charge_state CHARGING[0m
[delivery_robot_main_controller-20] [0m[INFO] [1774078815.671069827] [main_controller_node]: No pending queue found or unexpected format.[0m
[delivery_robot_main_controller-20] [0m[INFO] [1774078816.548032625] [main_controller_node]: Current state: STANDBY, dock_state DOCKED, charge_state CHARGING[0m
[delivery_robot_main_controller-20] [0m[INFO] [1774078817.554580335] [main_controller_node]: Current state: STANDBY, dock_state DOCKED, charge_state CHARGING[0m
[delivery_robot_main_controller-20] [0m[INFO] [1774078817.618386847] [main_controller_node]: No pending queue found or unexpected format.[0m
[delivery_robot_main_controller-20] [0m[INFO] [1774078818.580121575] [main_controller_node]: Current state: STANDBY, dock_state DOCKED, charge_state CHARGING[0m
[delivery_robot_main_controller-20] [0m[INFO] [1774078819.612795560] [main_controller_node]: Current state: STANDBY, dock_state DOCKED, charge_state CHARGING[0m
[delivery_robot_main_controller-20] [0m[INFO] [1774078819.704981101] [main_controller_node]: No pending queue found or unexpected format.[0m
[delivery_robot_main_controller-20] [0m[INFO] [1774078820.555110065] [main_controller_node]: Current state: STANDBY, dock_state DOCKED, charge_state CHARGING[0m
[delivery_robot_main_controller-20] [0m[INFO] [1774078821.590460288] [main_controller_node]: Current state: STANDBY, dock_state DOCKED, charge_state CHARGING[0m
[delivery_robot_main_controller-20] [0m[INFO] [1774078821.675515708] [main_controller_node]: No pending queue found or unexpected format.[0m
[delivery_robot_main_controller-20] [0m[INFO] [1774078822.553933871] [main_controller_node]: Current state: STANDBY, dock_state DOCKED, charge_state CHARGING[0m
[delivery_robot_main_controller-20] [0m[INFO] [1774078823.554152469] [main_controller_node]: Current state: STANDBY, dock_state DOCKED, charge_state CHARGING[0m
[delivery_robot_main_controller-20] [0m[INFO] [1774078823.631335395] [main_controller_node]: No pending queue found or unexpected format.[0m
[delivery_robot_main_controller-20] [0m[INFO] [1774078824.557364848] [main_controller_node]: Current state: STANDBY, dock_state DOCKED, charge_state CHARGING[0m
[delivery_robot_main_controller-20] [0m[INFO] [1774078825.569505104] [main_controller_node]: Current state: STANDBY, dock_state DOCKED, charge_state CHARGING[0m
[delivery_robot_main_controller-20] [0m[INFO] [1774078825.663496447] [main_controller_node]: No pending queue found or unexpected format.[0m
[delivery_robot_main_controller-20] [0m[INFO] [1774078826.550231692] [main_controller_node]: Current state: STANDBY, dock_state DOCKED, charge_state CHARGING[0m
[delivery_robot_main_controller-20] [0m[INFO] [1774078827.549862246] [main_controller_node]: Current state: STANDBY, dock_state DOCKED, charge_state CHARGING[0m
[delivery_robot_main_controller-20] [0m[INFO] [1774078827.614088361] [main_controller_node]: No pending queue found or unexpected format.[0m
[delivery_robot_main_controller-20] [0m[INFO] [1774078828.557591498] [main_controller_node]: Current state: STANDBY, dock_state DOCKED, charge_state CHARGING[0m
[delivery_robot_main_controller-20] [0m[INFO] [1774078829.560828960] [main_controller_node]: Current state: STANDBY, dock_state DOCKED, charge_state CHARGING[0m
[delivery_robot_main_controller-20] [0m[INFO] [1774078829.631361549] [main_controller_node]: No pending queue found or unexpected format.[0m
[delivery_robot_main_controller-20] [0m[INFO] [1774078830.559422968] [main_controller_node]: Current state: STANDBY, dock_state DOCKED, charge_state CHARGING[0m
[delivery_robot_main_controller-20] [0m[INFO] [1774078831.590278196] [main_controller_node]: Current state: STANDBY, dock_state DOCKED, charge_state CHARGING[0m
[delivery_robot_main_controller-20] [0m[INFO] [1774078831.655280407] [main_controller_node]: No pending queue found or unexpected format.[0m
[delivery_robot_main_controller-20] [0m[INFO] [1774078832.554628892] [main_controller_node]: Current state: STANDBY, dock_state DOCKED, charge_state CHARGING[0m
[delivery_robot_main_controller-20] [0m[INFO] [1774078833.610136330] [main_controller_node]: Current state: STANDBY, dock_state DOCKED, charge_state CHARGING[0m
[delivery_robot_main_controller-20] [0m[INFO] [1774078833.690406141] [main_controller_node]: No pending queue found or unexpected format.[0m
[delivery_robot_main_controller-20] [0m[INFO] [1774078834.558276795] [main_controller_node]: Current state: STANDBY, dock_state DOCKED, charge_state CHARGING[0m
[delivery_robot_main_controller-20] [0m[INFO] [1774078835.573059744] [main_controller_node]: Current state: STANDBY, dock_state DOCKED, charge_state CHARGING[0m
[delivery_robot_main_controller-20] [0m[INFO] [1774078835.642254508] [main_controller_node]: No pending queue found or unexpected format.[0m
[delivery_robot_main_controller-20] [0m[INFO] [1774078836.560680202] [main_controller_node]: Current state: STANDBY, dock_state DOCKED, charge_state CHARGING[0m
[delivery_robot_main_controller-20] [0m[INFO] [1774078837.554483471] [main_controller_node]: Current state: STANDBY, dock_state DOCKED, charge_state CHARGING[0m
[delivery_robot_main_controller-20] [0m[INFO] [1774078837.622434323] [main_controller_node]: No pending queue found or unexpected format.[0m
[delivery_robot_main_controller-20] [0m[INFO] [1774078838.557620311] [main_controller_node]: Current state: STANDBY, dock_state DOCKED, charge_state CHARGING[0m
[delivery_robot_main_controller-20] [0m[INFO] [1774078839.596939099] [main_controller_node]: Current state: STANDBY, dock_state DOCKED, charge_state CHARGING[0m
[delivery_robot_main_controller-20] [0m[INFO] [1774078839.686995423] [main_controller_node]: No pending queue found or unexpected format.[0m
[delivery_robot_main_controller-20] [0m[INFO] [1774078840.557371108] [main_controller_node]: Current state: STANDBY, dock_state DOCKED, charge_state CHARGING[0m
[delivery_robot_main_controller-20] [0m[INFO] [1774078841.550673897] [main_controller_node]: Current state: STANDBY, dock_state DOCKED, charge_state CHARGING[0m
[delivery_robot_main_controller-20] [0m[INFO] [1774078841.597004593] [main_controller_node]: No pending queue found or unexpected format.[0m
[delivery_robot_main_controller-20] [0m[INFO] [1774078842.584546304] [main_controller_node]: Current state: STANDBY, dock_state DOCKED, charge_state CHARGING[0m
[delivery_robot_main_controller-20] [0m[INFO] [1774078843.550234242] [main_controller_node]: Current state: STANDBY, dock_state DOCKED, charge_state CHARGING[0m
[delivery_robot_main_controller-20] [0m[INFO] [1774078843.645443833] [main_controller_node]: No pending queue found or unexpected format.[0m
[delivery_robot_main_controller-20] [0m[INFO] [1774078844.570980095] [main_controller_node]: Current state: STANDBY, dock_state DOCKED, charge_state CHARGING[0m
[delivery_robot_main_controller-20] [0m[INFO] [1774078845.555157847] [main_controller_node]: Current state: STANDBY, dock_state DOCKED, charge_state CHARGING[0m
[delivery_robot_main_controller-20] [0m[INFO] [1774078845.637401586] [main_controller_node]: No pending queue found or unexpected format.[0m
[delivery_robot_main_controller-20] [0m[INFO] [1774078846.557786623] [main_controller_node]: Current state: STANDBY, dock_state DOCKED, charge_state CHARGING[0m
[delivery_robot_main_controller-20] [0m[INFO] [1774078847.568126487] [main_controller_node]: Current state: STANDBY, dock_state DOCKED, charge_state CHARGING[0m
[delivery_robot_main_controller-20] [0m[INFO] [1774078847.631509134] [main_controller_node]: No pending queue found or unexpected format.[0m
[delivery_robot_main_controller-20] [0m[INFO] [1774078848.555825983] [main_controller_node]: Current state: STANDBY, dock_state DOCKED, charge_state CHARGING[0m
[delivery_robot_main_controller-20] [0m[INFO] [1774078849.559481387] [main_controller_node]: Current state: STANDBY, dock_state DOCKED, charge_state CHARGING[0m
[delivery_robot_main_controller-20] [0m[INFO] [1774078849.674949392] [main_controller_node]: No pending queue found or unexpected format.[0m
[delivery_robot_main_controller-20] [0m[INFO] [1774078850.590815222] [main_controller_node]: Current state: STANDBY, dock_state DOCKED, charge_state CHARGING[0m
[delivery_robot_main_controller-20] [0m[INFO] [1774078851.591174040] [main_controller_node]: Current state: STANDBY, dock_state DOCKED, charge_state CHARGING[0m
[delivery_robot_main_controller-20] [0m[INFO] [1774078851.673044751] [main_controller_node]: No pending queue found or unexpected format.[0m
[delivery_robot_main_controller-20] [0m[INFO] [1774078852.588438098] [main_controller_node]: Current state: STANDBY, dock_state DOCKED, charge_state CHARGING[0m
[delivery_robot_main_controller-20] [0m[INFO] [1774078853.549867862] [main_controller_node]: Current state: STANDBY, dock_state DOCKED, charge_state CHARGING[0m
[delivery_robot_main_controller-20] [0m[INFO] [1774078853.626409728] [main_controller_node]: No pending queue found or unexpected format.[0m
[delivery_robot_main_controller-20] [0m[INFO] [1774078854.549756239] [main_controller_node]: Current state: STANDBY, dock_state DOCKED, charge_state CHARGING[0m
[delivery_robot_main_controller-20] [0m[INFO] [1774078855.596532958] [main_controller_node]: Current state: STANDBY, dock_state DOCKED, charge_state CHARGING[0m
[delivery_robot_main_controller-20] [0m[INFO] [1774078855.665203034] [main_controller_node]: No pending queue found or unexpected format.[0m
[delivery_robot_main_controller-20] [0m[INFO] [1774078856.555782886] [main_controller_node]: Current state: STANDBY, dock_state DOCKED, charge_state CHARGING[0m
[delivery_robot_main_controller-20] [0m[INFO] [1774078857.561798952] [main_controller_node]: Current state: STANDBY, dock_state DOCKED, charge_state CHARGING[0m
[delivery_robot_main_controller-20] [0m[INFO] [1774078857.662461340] [main_controller_node]: No pending queue found or unexpected format.[0m
[delivery_robot_main_controller-20] [0m[INFO] [1774078858.553173021] [main_controller_node]: Current state: STANDBY, dock_state DOCKED, charge_state CHARGING[0m
[delivery_robot_main_controller-20] [0m[INFO] [1774078859.553316888] [main_controller_node]: Current state: STANDBY, dock_state DOCKED, charge_state CHARGING[0m
[delivery_robot_main_controller-20] [0m[INFO] [1774078859.628524721] [main_controller_node]: No pending queue found or unexpected format.[0m
[delivery_robot_main_controller-20] [0m[INFO] [1774078860.559063465] [main_controller_node]: Current state: STANDBY, dock_state DOCKED, charge_state CHARGING[0m
[delivery_robot_main_controller-20] [0m[INFO] [1774078861.568894681] [main_controller_node]: Current state: STANDBY, dock_state DOCKED, charge_state CHARGING[0m
[delivery_robot_main_controller-20] [0m[INFO] [1774078861.658678015] [main_controller_node]: No pending queue found or unexpected format.[0m
[delivery_robot_main_controller-20] [0m[INFO] [1774078862.549427319] [main_controller_node]: Current state: STANDBY, dock_state DOCKED, charge_state CHARGING[0m
[delivery_robot_main_controller-20] [0m[INFO] [1774078863.592534716] [main_controller_node]: Current state: STANDBY, dock_state DOCKED, charge_state CHARGING[0m
[delivery_robot_main_controller-20] [0m[INFO] [1774078863.662605906] [main_controller_node]: No pending queue found or unexpected format.[0m
[delivery_robot_main_controller-20] [0m[INFO] [1774078864.555829327] [main_controller_node]: Current state: STANDBY, dock_state DOCKED, charge_state CHARGING[0m
[delivery_robot_main_controller-20] [0m[INFO] [1774078865.636135385] [main_controller_node]: Current state: STANDBY, dock_state DOCKED, charge_state CHARGING[0m
[delivery_robot_main_controller-20] [0m[INFO] [1774078865.726314204] [main_controller_node]: No pending queue found or unexpected format.[0m
[delivery_robot_main_controller-20] [0m[INFO] [1774078866.629306929] [main_controller_node]: Current state: STANDBY, dock_state DOCKED, charge_state CHARGING[0m
[delivery_robot_main_controller-20] [0m[INFO] [1774078867.554685989] [main_controller_node]: Current state: STANDBY, dock_state DOCKED, charge_state CHARGING[0m
[delivery_robot_main_controller-20] [0m[INFO] [1774078867.638162848] [main_controller_node]: No pending queue found or unexpected format.[0m
[delivery_robot_main_controller-20] [0m[INFO] [1774078868.555243424] [main_controller_node]: Current state: STANDBY, dock_state DOCKED, charge_state CHARGING[0m
[delivery_robot_main_controller-20] [0m[INFO] [1774078869.550848836] [main_controller_node]: Current state: STANDBY, dock_state DOCKED, charge_state CHARGING[0m
[delivery_robot_main_controller-20] [0m[INFO] [1774078869.637950685] [main_controller_node]: No pending queue found or unexpected format.[0m
[delivery_robot_main_controller-20] [0m[INFO] [1774078870.554733481] [main_controller_node]: Current state: STANDBY, dock_state DOCKED, charge_state CHARGING[0m
[delivery_robot_main_controller-20] [0m[INFO] [1774078871.557688328] [main_controller_node]: Current state: STANDBY, dock_state DOCKED, charge_state CHARGING[0m
[delivery_robot_main_controller-20] [0m[INFO] [1774078871.657668241] [main_controller_node]: No pending queue found or unexpected format.[0m
[delivery_robot_main_controller-20] [0m[INFO] [1774078872.562972630] [main_controller_node]: Current state: STANDBY, dock_state DOCKED, charge_state CHARGING[0m
[delivery_robot_main_controller-20] [0m[INFO] [1774078873.584967061] [main_controller_node]: Current state: STANDBY, dock_state DOCKED, charge_state CHARGING[0m
[delivery_robot_main_controller-20] [0m[INFO] [1774078873.687383175] [main_controller_node]: No pending queue found or unexpected format.[0m
[delivery_robot_main_controller-20] [0m[INFO] [1774078874.573988925] [main_controller_node]: Current state: STANDBY, dock_state DOCKED, charge_state CHARGING[0m
[delivery_robot_main_controller-20] [0m[INFO] [1774078875.556965639] [main_controller_node]: Current state: STANDBY, dock_state DOCKED, charge_state CHARGING[0m
[delivery_robot_main_controller-20] [0m[INFO] [1774078875.628162912] [main_controller_node]: No pending queue found or unexpected format.[0m
[delivery_robot_main_controller-20] [0m[INFO] [1774078876.564448734] [main_controller_node]: Current state: STANDBY, dock_state DOCKED, charge_state CHARGING[0m
[delivery_robot_main_controller-20] [0m[INFO] [1774078877.599529763] [main_controller_node]: Current state: STANDBY, dock_state DOCKED, charge_state CHARGING[0m
[delivery_robot_main_controller-20] [0m[INFO] [1774078877.663793210] [main_controller_node]: No pending queue found or unexpected format.[0m
[delivery_robot_main_controller-20] [0m[INFO] [1774078878.574544855] [main_controller_node]: Current state: STANDBY, dock_state DOCKED, charge_state CHARGING[0m
[delivery_robot_main_controller-20] [0m[INFO] [1774078879.556326071] [main_controller_node]: Current state: STANDBY, dock_state DOCKED, charge_state CHARGING[0m
[delivery_robot_main_controller-20] [0m[INFO] [1774078879.665226861] [main_controller_node]: No pending queue found or unexpected format.[0m
[delivery_robot_main_controller-20] [0m[INFO] [1774078880.549514822] [main_controller_node]: Current state: STANDBY, dock_state DOCKED, charge_state CHARGING[0m
[delivery_robot_main_controller-20] [0m[INFO] [1774078881.554688295] [main_controller_node]: Current state: STANDBY, dock_state DOCKED, charge_state CHARGING[0m
[delivery_robot_main_controller-20] [0m[INFO] [1774078881.632713815] [main_controller_node]: No pending queue found or unexpected format.[0m
[delivery_robot_main_controller-20] [0m[INFO] [1774078882.551665655] [main_controller_node]: Current state: STANDBY, dock_state DOCKED, charge_state CHARGING[0m
[delivery_robot_main_controller-20] [0m[INFO] [1774078883.576317655] [main_controller_node]: Current state: STANDBY, dock_state DOCKED, charge_state CHARGING[0m
[delivery_robot_main_controller-20] [0m[INFO] [1774078883.633317705] [main_controller_node]: No pending queue found or unexpected format.[0m
[delivery_robot_main_controller-20] [0m[INFO] [1774078884.602125778] [main_controller_node]: Current state: STANDBY, dock_state DOCKED, charge_state CHARGING[0m
[delivery_robot_main_controller-20] [0m[INFO] [1774078885.554438088] [main_controller_node]: Current state: STANDBY, dock_state DOCKED, charge_state CHARGING[0m
[delivery_robot_main_controller-20] [0m[INFO] [1774078885.649799922] [main_controller_node]: No pending queue found or unexpected format.[0m
[delivery_robot_main_controller-20] [0m[INFO] [1774078886.552871394] [main_controller_node]: Current state: STANDBY, dock_state DOCKED, charge_state CHARGING[0m
[delivery_robot_main_controller-20] [0m[INFO] [1774078887.555224339] [main_controller_node]: Current state: STANDBY, dock_state DOCKED, charge_state CHARGING[0m
[delivery_robot_main_controller-20] [0m[INFO] [1774078887.622907686] [main_controller_node]: No pending queue found or unexpected format.[0m
[delivery_robot_main_controller-20] [0m[INFO] [1774078888.622319835] [main_controller_node]: Current state: STANDBY, dock_state DOCKED, charge_state CHARGING[0m
[delivery_robot_main_controller-20] [0m[INFO] [1774078889.573563311] [main_controller_node]: Current state: STANDBY, dock_state DOCKED, charge_state CHARGING[0m
[delivery_robot_main_controller-20] [0m[INFO] [1774078889.647850616] [main_controller_node]: No pending queue found or unexpected format.[0m
[delivery_robot_main_controller-20] [0m[INFO] [1774078890.555634201] [main_controller_node]: Current state: STANDBY, dock_state DOCKED, charge_state CHARGING[0m
[delivery_robot_main_controller-20] [0m[INFO] [1774078891.550660432] [main_controller_node]: Current state: STANDBY, dock_state DOCKED, charge_state CHARGING[0m
[delivery_robot_main_controller-20] [0m[INFO] [1774078891.627031908] [main_controller_node]: No pending queue found or unexpected format.[0m
[delivery_robot_main_controller-20] [0m[INFO] [1774078892.589808905] [main_controller_node]: Current state: STANDBY, dock_state DOCKED, charge_state CHARGING[0m
[delivery_robot_main_controller-20] [0m[INFO] [1774078893.558442346] [main_controller_node]: Current state: STANDBY, dock_state DOCKED, charge_state CHARGING[0m
[delivery_robot_main_controller-20] [0m[INFO] [1774078893.635483464] [main_controller_node]: No pending queue found or unexpected format.[0m
[delivery_robot_main_controller-20] [0m[INFO] [1774078894.584765556] [main_controller_node]: Current state: STANDBY, dock_state DOCKED, charge_state CHARGING[0m
[delivery_robot_main_controller-20] [0m[INFO] [1774078895.573936510] [main_controller_node]: Current state: STANDBY, dock_state DOCKED, charge_state CHARGING[0m
[delivery_robot_main_controller-20] [0m[INFO] [1774078895.648003907] [main_controller_node]: No pending queue found or unexpected format.[0m
[delivery_robot_main_controller-20] [0m[INFO] [1774078896.553267295] [main_controller_node]: Current state: STANDBY, dock_state DOCKED, charge_state CHARGING[0m
[delivery_robot_main_controller-20] [0m[INFO] [1774078897.607555610] [main_controller_node]: Current state: STANDBY, dock_state DOCKED, charge_state CHARGING[0m
[delivery_robot_main_controller-20] [0m[INFO] [1774078897.683809258] [main_controller_node]: No pending queue found or unexpected format.[0m
[delivery_robot_main_controller-20] [0m[INFO] [1774078898.598303546] [main_controller_node]: Current state: STANDBY, dock_state DOCKED, charge_state CHARGING[0m
[delivery_robot_main_controller-20] [0m[INFO] [1774078899.599519875] [main_controller_node]: Current state: STANDBY, dock_state DOCKED, charge_state CHARGING[0m
[delivery_robot_main_controller-20] [0m[INFO] [1774078899.657869369] [main_controller_node]: No pending queue found or unexpected format.[0m
[delivery_robot_main_controller-20] [0m[INFO] [1774078900.585969974] [main_controller_node]: Current state: STANDBY, dock_state DOCKED, charge_state CHARGING[0m
[delivery_robot_main_controller-20] [0m[INFO] [1774078901.550817725] [main_controller_node]: Current state: STANDBY, dock_state DOCKED, charge_state CHARGING[0m
[delivery_robot_main_controller-20] [0m[INFO] [1774078901.637508560] [main_controller_node]: No pending queue found or unexpected format.[0m
[delivery_robot_main_controller-20] [0m[INFO] [1774078902.556245270] [main_controller_node]: Current state: STANDBY, dock_state DOCKED, charge_state CHARGING[0m
[delivery_robot_main_controller-20] [0m[INFO] [1774078903.637991793] [main_controller_node]: Current state: STANDBY, dock_state DOCKED, charge_state CHARGING[0m
[delivery_robot_main_controller-20] [0m[INFO] [1774078903.709691530] [main_controller_node]: No pending queue found or unexpected format.[0m
[delivery_robot_main_controller-20] [0m[INFO] [1774078904.608489205] [main_controller_node]: Current state: STANDBY, dock_state DOCKED, charge_state CHARGING[0m
[delivery_robot_main_controller-20] [0m[INFO] [1774078905.562592365] [main_controller_node]: Current state: STANDBY, dock_state DOCKED, charge_state CHARGING[0m
[delivery_robot_main_controller-20] [0m[INFO] [1774078905.634530384] [main_controller_node]: No pending queue found or unexpected format.[0m
[delivery_robot_main_controller-20] [0m[INFO] [1774078906.553826782] [main_controller_node]: Current state: STANDBY, dock_state DOCKED, charge_state CHARGING[0m
[delivery_robot_main_controller-20] [0m[INFO] [1774078907.551132010] [main_controller_node]: Current state: STANDBY, dock_state DOCKED, charge_state CHARGING[0m
[delivery_robot_main_controller-20] [0m[INFO] [1774078907.621190601] [main_controller_node]: No pending queue found or unexpected format.[0m
[delivery_robot_main_controller-20] [0m[INFO] [1774078908.566851206] [main_controller_node]: Current state: STANDBY, dock_state DOCKED, charge_state CHARGING[0m
[delivery_robot_main_controller-20] [0m[INFO] [1774078909.572015969] [main_controller_node]: Current state: STANDBY, dock_state DOCKED, charge_state CHARGING[0m
[delivery_robot_main_controller-20] [0m[INFO] [1774078909.658506144] [main_controller_node]: No pending queue found or unexpected format.[0m
[delivery_robot_main_controller-20] [0m[INFO] [1774078910.557413774] [main_controller_node]: Current state: STANDBY, dock_state DOCKED, charge_state CHARGING[0m
[delivery_robot_main_controller-20] [0m[INFO] [1774078911.558394446] [main_controller_node]: Current state: STANDBY, dock_state DOCKED, charge_state CHARGING[0m
[delivery_robot_main_controller-20] [0m[INFO] [1774078911.625864593] [main_controller_node]: No pending queue found or unexpected format.[0m
[delivery_robot_main_controller-20] [0m[INFO] [1774078912.554970535] [main_controller_node]: Current state: STANDBY, dock_state DOCKED, charge_state CHARGING[0m
[delivery_robot_main_controller-20] [0m[INFO] [1774078913.557943798] [main_controller_node]: Current state: STANDBY, dock_state DOCKED, charge_state CHARGING[0m
[delivery_robot_main_controller-20] [0m[INFO] [1774078913.642401134] [main_controller_node]: No pending queue found or unexpected format.[0m
[delivery_robot_main_controller-20] [0m[INFO] [1774078914.554454556] [main_controller_node]: Current state: STANDBY, dock_state DOCKED, charge_state CHARGING[0m
[delivery_robot_main_controller-20] [0m[INFO] [1774078915.627694360] [main_controller_node]: Current state: STANDBY, dock_state DOCKED, charge_state CHARGING[0m
[delivery_robot_main_controller-20] [0m[INFO] [1774078915.687047732] [main_controller_node]: No pending queue found or unexpected format.[0m
[delivery_robot_main_controller-20] [0m[INFO] [1774078916.570195752] [main_controller_node]: Current state: STANDBY, dock_state DOCKED, charge_state CHARGING[0m
[delivery_robot_main_controller-20] [0m[INFO] [1774078917.554918957] [main_controller_node]: Current state: STANDBY, dock_state DOCKED, charge_state CHARGING[0m
[delivery_robot_main_controller-20] [0m[INFO] [1774078917.635742848] [main_controller_node]: No pending queue found or unexpected format.[0m
[delivery_robot_main_controller-20] [0m[INFO] [1774078918.554777922] [main_controller_node]: Current state: STANDBY, dock_state DOCKED, charge_state CHARGING[0m
[delivery_robot_main_controller-20] [0m[INFO] [1774078919.560234924] [main_controller_node]: Current state: STANDBY, dock_state DOCKED, charge_state CHARGING[0m
[delivery_robot_main_controller-20] [0m[INFO] [1774078919.657029000] [main_controller_node]: No pending queue found or unexpected format.[0m
[delivery_robot_main_controller-20] [0m[INFO] [1774078920.584331927] [main_controller_node]: Current state: STANDBY, dock_state DOCKED, charge_state CHARGING[0m
[delivery_robot_main_controller-20] [0m[INFO] [1774078921.582427833] [main_controller_node]: Current state: STANDBY, dock_state DOCKED, charge_state CHARGING[0m
[delivery_robot_main_controller-20] [0m[INFO] [1774078921.656710180] [main_controller_node]: No pending queue found or unexpected format.[0m
[delivery_robot_main_controller-20] [0m[INFO] [1774078922.550439465] [main_controller_node]: Current state: STANDBY, dock_state DOCKED, charge_state CHARGING[0m
[delivery_robot_main_controller-20] [0m[INFO] [1774078923.554454813] [main_controller_node]: Current state: STANDBY, dock_state DOCKED, charge_state CHARGING[0m
[delivery_robot_main_controller-20] [0m[INFO] [1774078923.612374990] [main_controller_node]: No pending queue found or unexpected format.[0m
[delivery_robot_main_controller-20] [0m[INFO] [1774078924.556529777] [main_controller_node]: Current state: STANDBY, dock_state DOCKED, charge_state CHARGING[0m
[delivery_robot_main_controller-20] [0m[INFO] [1774078925.564197237] [main_controller_node]: Current state: STANDBY, dock_state DOCKED, charge_state CHARGING[0m
[delivery_robot_main_controller-20] [0m[INFO] [1774078925.649384586] [main_controller_node]: No pending queue found or unexpected format.[0m
[delivery_robot_main_controller-20] [0m[INFO] [1774078926.598575099] [main_controller_node]: Current state: STANDBY, dock_state DOCKED, charge_state CHARGING[0m
[delivery_robot_main_controller-20] [0m[INFO] [1774078927.599059957] [main_controller_node]: Current state: STANDBY, dock_state DOCKED, charge_state CHARGING[0m
[delivery_robot_main_controller-20] [0m[INFO] [1774078927.675450682] [main_controller_node]: No pending queue found or unexpected format.[0m
[delivery_robot_main_controller-20] [0m[INFO] [1774078928.547962897] [main_controller_node]: Current state: STANDBY, dock_state DOCKED, charge_state CHARGING[0m
[delivery_robot_main_controller-20] [0m[INFO] [1774078929.549802786] [main_controller_node]: Current state: STANDBY, dock_state DOCKED, charge_state CHARGING[0m
[delivery_robot_main_controller-20] [0m[INFO] [1774078929.625469622] [main_controller_node]: No pending queue found or unexpected format.[0m
[delivery_robot_main_controller-20] [0m[INFO] [1774078930.561945118] [main_controller_node]: Current state: STANDBY, dock_state DOCKED, charge_state CHARGING[0m
[delivery_robot_main_controller-20] [0m[INFO] [1774078931.549178020] [main_controller_node]: Current state: STANDBY, dock_state DOCKED, charge_state CHARGING[0m
[delivery_robot_main_controller-20] [0m[INFO] [1774078931.621087749] [main_controller_node]: No pending queue found or unexpected format.[0m
[delivery_robot_main_controller-20] [0m[INFO] [1774078932.572106942] [main_controller_node]: Current state: STANDBY, dock_state DOCKED, charge_state CHARGING[0m
[delivery_robot_main_controller-20] [0m[INFO] [1774078933.553083540] [main_controller_node]: Current state: STANDBY, dock_state DOCKED, charge_state CHARGING[0m
[delivery_robot_main_controller-20] [0m[INFO] [1774078933.649697664] [main_controller_node]: No pending queue found or unexpected format.[0m
[delivery_robot_main_controller-20] [0m[INFO] [1774078934.551567348] [main_controller_node]: Current state: STANDBY, dock_state DOCKED, charge_state CHARGING[0m
[delivery_robot_main_controller-20] [0m[INFO] [1774078935.589714859] [main_controller_node]: Current state: STANDBY, dock_state DOCKED, charge_state CHARGING[0m
[delivery_robot_main_controller-20] [0m[INFO] [1774078935.698336445] [main_controller_node]: No pending queue found or unexpected format.[0m
[delivery_robot_main_controller-20] [0m[INFO] [1774078936.562949459] [main_controller_node]: Current state: STANDBY, dock_state DOCKED, charge_state CHARGING[0m
[delivery_robot_main_controller-20] [0m[INFO] [1774078937.627103900] [main_controller_node]: Current state: STANDBY, dock_state DOCKED, charge_state CHARGING[0m
[delivery_robot_main_controller-20] [0m[INFO] [1774078937.709186284] [main_controller_node]: No pending queue found or unexpected format.[0m
[delivery_robot_main_controller-20] [0m[INFO] [1774078938.553954469] [main_controller_node]: Current state: STANDBY, dock_state DOCKED, charge_state CHARGING[0m
[delivery_robot_main_controller-20] [0m[INFO] [1774078939.558256806] [main_controller_node]: Current state: STANDBY, dock_state DOCKED, charge_state CHARGING[0m
[delivery_robot_main_controller-20] [0m[INFO] [1774078939.630657100] [main_controller_node]: No pending queue found or unexpected format.[0m
[delivery_robot_main_controller-20] [0m[INFO] [1774078940.631963551] [main_controller_node]: Current state: STANDBY, dock_state DOCKED, charge_state CHARGING[0m
[delivery_robot_main_controller-20] [0m[INFO] [1774078941.613487587] [main_controller_node]: Current state: STANDBY, dock_state DOCKED, charge_state CHARGING[0m
[delivery_robot_main_controller-20] [0m[INFO] [1774078941.691519750] [main_controller_node]: No pending queue found or unexpected format.[0m
[delivery_robot_main_controller-20] [0m[INFO] [1774078942.553872725] [main_controller_node]: Current state: STANDBY, dock_state DOCKED, charge_state CHARGING[0m
[delivery_robot_main_controller-20] [0m[INFO] [1774078943.550204990] [main_controller_node]: Current state: STANDBY, dock_state DOCKED, charge_state CHARGING[0m
[delivery_robot_main_controller-20] [0m[INFO] [1774078943.628707302] [main_controller_node]: No pending queue found or unexpected format.[0m
[delivery_robot_main_controller-20] [0m[INFO] [1774078944.555969981] [main_controller_node]: Current state: STANDBY, dock_state DOCKED, charge_state CHARGING[0m
[delivery_robot_main_controller-20] [0m[INFO] [1774078945.550260656] [main_controller_node]: Current state: STANDBY, dock_state DOCKED, charge_state CHARGING[0m
[delivery_robot_main_controller-20] [0m[INFO] [1774078945.635919322] [main_controller_node]: No pending queue found or unexpected format.[0m
[delivery_robot_main_controller-20] [0m[INFO] [1774078946.580779624] [main_controller_node]: Current state: STANDBY, dock_state DOCKED, charge_state CHARGING[0m
[delivery_robot_main_controller-20] [0m[INFO] [1774078947.559814962] [main_controller_node]: Current state: STANDBY, dock_state DOCKED, charge_state CHARGING[0m
[delivery_robot_main_controller-20] [0m[INFO] [1774078947.633525956] [main_controller_node]: No pending queue found or unexpected format.[0m
[delivery_robot_main_controller-20] [0m[INFO] [1774078948.580867080] [main_controller_node]: Current state: STANDBY, dock_state DOCKED, charge_state CHARGING[0m
[delivery_robot_main_controller-20] [0m[INFO] [1774078949.550994965] [main_controller_node]: Current state: STANDBY, dock_state DOCKED, charge_state CHARGING[0m
[delivery_robot_main_controller-20] [0m[INFO] [1774078949.624889119] [main_controller_node]: No pending queue found or unexpected format.[0m
[delivery_robot_main_controller-20] [0m[INFO] [1774078950.555189973] [main_controller_node]: Current state: STANDBY, dock_state DOCKED, charge_state CHARGING[0m
[delivery_robot_main_controller-20] [0m[INFO] [1774078951.561929968] [main_controller_node]: Current state: STANDBY, dock_state DOCKED, charge_state CHARGING[0m
[delivery_robot_main_controller-20] [0m[INFO] [1774078951.646727666] [main_controller_node]: No pending queue found or unexpected format.[0m
[delivery_robot_main_controller-20] [0m[INFO] [1774078952.577487003] [main_controller_node]: Current state: STANDBY, dock_state DOCKED, charge_state CHARGING[0m
[delivery_robot_main_controller-20] [0m[INFO] [1774078953.583026252] [main_controller_node]: Current state: STANDBY, dock_state DOCKED, charge_state CHARGING[0m
[delivery_robot_main_controller-20] [0m[INFO] [1774078953.655369090] [main_controller_node]: No pending queue found or unexpected format.[0m
[delivery_robot_main_controller-20] [0m[INFO] [1774078954.551530782] [main_controller_node]: Current state: STANDBY, dock_state DOCKED, charge_state CHARGING[0m
[delivery_robot_main_controller-20] [0m[INFO] [1774078955.548528313] [main_controller_node]: Current state: STANDBY, dock_state DOCKED, charge_state CHARGING[0m
[delivery_robot_main_controller-20] [0m[INFO] [1774078955.630324292] [main_controller_node]: No pending queue found or unexpected format.[0m
[delivery_robot_main_controller-20] [0m[INFO] [1774078956.550083255] [main_controller_node]: Current state: STANDBY, dock_state DOCKED, charge_state CHARGING[0m
[delivery_robot_main_controller-20] [0m[INFO] [1774078957.555985032] [main_controller_node]: Current state: STANDBY, dock_state DOCKED, charge_state CHARGING[0m
[delivery_robot_main_controller-20] [0m[INFO] [1774078957.641027429] [main_controller_node]: No pending queue found or unexpected format.[0m
[delivery_robot_main_controller-20] [0m[INFO] [1774078958.566832121] [main_controller_node]: Current state: STANDBY, dock_state DOCKED, charge_state CHARGING[0m
[delivery_robot_main_controller-20] [0m[INFO] [1774078959.548698560] [main_controller_node]: Current state: STANDBY, dock_state DOCKED, charge_state CHARGING[0m
[delivery_robot_main_controller-20] [0m[INFO] [1774078959.634624965] [main_controller_node]: No pending queue found or unexpected format.[0m
[delivery_robot_main_controller-20] [0m[INFO] [1774078960.555097610] [main_controller_node]: Current state: STANDBY, dock_state DOCKED, charge_state CHARGING[0m
[delivery_robot_main_controller-20] [0m[INFO] [1774078961.619878527] [main_controller_node]: Current state: STANDBY, dock_state DOCKED, charge_state CHARGING[0m
[delivery_robot_main_controller-20] [0m[INFO] [1774078961.698552040] [main_controller_node]: No pending queue found or unexpected format.[0m
[delivery_robot_main_controller-20] [0m[INFO] [1774078962.560109671] [main_controller_node]: Current state: STANDBY, dock_state DOCKED, charge_state CHARGING[0m
[delivery_robot_main_controller-20] [0m[INFO] [1774078963.557910714] [main_controller_node]: Current state: STANDBY, dock_state DOCKED, charge_state CHARGING[0m
[delivery_robot_main_controller-20] [0m[INFO] [1774078963.627027548] [main_controller_node]: No pending queue found or unexpected format.[0m
[delivery_robot_main_controller-20] [0m[INFO] [1774078964.580475066] [main_controller_node]: Current state: STANDBY, dock_state DOCKED, charge_state CHARGING[0m
[delivery_robot_main_controller-20] [0m[INFO] [1774078965.557146827] [main_controller_node]: Current state: STANDBY, dock_state DOCKED, charge_state CHARGING[0m
[delivery_robot_main_controller-20] [0m[INFO] [1774078965.648608856] [main_controller_node]: No pending queue found or unexpected format.[0m
[delivery_robot_main_controller-20] [0m[INFO] [1774078966.550351961] [main_controller_node]: Current state: STANDBY, dock_state DOCKED, charge_state CHARGING[0m
[delivery_robot_main_controller-20] [0m[INFO] [1774078967.631567379] [main_controller_node]: Current state: STANDBY, dock_state DOCKED, charge_state CHARGING[0m
[delivery_robot_main_controller-20] [0m[INFO] [1774078967.722705087] [main_controller_node]: No pending queue found or unexpected format.[0m
[delivery_robot_main_controller-20] [0m[INFO] [1774078968.555851671] [main_controller_node]: Current state: STANDBY, dock_state DOCKED, charge_state CHARGING[0m
[delivery_robot_main_controller-20] [0m[INFO] [1774078969.586839037] [main_controller_node]: Current state: STANDBY, dock_state DOCKED, charge_state CHARGING[0m
[delivery_robot_main_controller-20] [0m[INFO] [1774078969.657452065] [main_controller_node]: No pending queue found or unexpected format.[0m
[delivery_robot_main_controller-20] [0m[INFO] [1774078970.598351976] [main_controller_node]: Current state: STANDBY, dock_state DOCKED, charge_state CHARGING[0m
[delivery_robot_main_controller-20] [0m[INFO] [1774078971.550486168] [main_controller_node]: Current state: STANDBY, dock_state DOCKED, charge_state CHARGING[0m
[delivery_robot_main_controller-20] [0m[INFO] [1774078971.622364107] [main_controller_node]: No pending queue found or unexpected format.[0m
[delivery_robot_main_controller-20] [0m[INFO] [1774078972.594629827] [main_controller_node]: Current state: STANDBY, dock_state DOCKED, charge_state CHARGING[0m
[delivery_robot_main_controller-20] [0m[INFO] [1774078973.587242900] [main_controller_node]: Current state: STANDBY, dock_state DOCKED, charge_state CHARGING[0m
[delivery_robot_main_controller-20] [0m[INFO] [1774078973.665547761] [main_controller_node]: No pending queue found or unexpected format.[0m
[delivery_robot_main_controller-20] [0m[INFO] [1774078974.607887867] [main_controller_node]: Current state: STANDBY, dock_state DOCKED, charge_state CHARGING[0m
[delivery_robot_main_controller-20] [0m[INFO] [1774078975.615302753] [main_controller_node]: Current state: STANDBY, dock_state DOCKED, charge_state CHARGING[0m
[delivery_robot_main_controller-20] [0m[INFO] [1774078975.702714560] [main_controller_node]: No pending queue found or unexpected format.[0m
[delivery_robot_main_controller-20] [0m[INFO] [1774078976.550599376] [main_controller_node]: Current state: STANDBY, dock_state DOCKED, charge_state CHARGING[0m
[delivery_robot_main_controller-20] [0m[INFO] [1774078977.549594457] [main_controller_node]: Current state: STANDBY, dock_state DOCKED, charge_state CHARGING[0m
[delivery_robot_main_controller-20] [0m[INFO] [1774078977.600267284] [main_controller_node]: No pending queue found or unexpected format.[0m
[delivery_robot_main_controller-20] [0m[INFO] [1774078978.556376159] [main_controller_node]: Current state: STANDBY, dock_state DOCKED, charge_state CHARGING[0m
[delivery_robot_main_controller-20] [0m[INFO] [1774078979.583882032] [main_controller_node]: Current state: STANDBY, dock_state DOCKED, charge_state CHARGING[0m
[delivery_robot_main_controller-20] [0m[INFO] [1774078979.646412700] [main_controller_node]: No pending queue found or unexpected format.[0m
[delivery_robot_main_controller-20] [0m[INFO] [1774078980.565885841] [main_controller_node]: Current state: STANDBY, dock_state DOCKED, charge_state CHARGING[0m
[delivery_robot_main_controller-20] [0m[INFO] [1774078981.560815826] [main_controller_node]: Current state: STANDBY, dock_state DOCKED, charge_state CHARGING[0m
[delivery_robot_main_controller-20] [0m[INFO] [1774078981.651448969] [main_controller_node]: No pending queue found or unexpected format.[0m
[delivery_robot_main_controller-20] [0m[INFO] [1774078982.555162500] [main_controller_node]: Current state: STANDBY, dock_state DOCKED, charge_state CHARGING[0m
[delivery_robot_main_controller-20] [0m[INFO] [1774078983.559963860] [main_controller_node]: Current state: STANDBY, dock_state DOCKED, charge_state CHARGING[0m
[delivery_robot_main_controller-20] [0m[INFO] [1774078983.626679494] [main_controller_node]: No pending queue found or unexpected format.[0m
[delivery_robot_main_controller-20] [0m[INFO] [1774078984.586137159] [main_controller_node]: Current state: STANDBY, dock_state DOCKED, charge_state CHARGING[0m
[delivery_robot_main_controller-20] [0m[INFO] [1774078985.561810000] [main_controller_node]: Current state: STANDBY, dock_state DOCKED, charge_state CHARGING[0m
[delivery_robot_main_controller-20] [0m[INFO] [1774078985.638179726] [main_controller_node]: No pending queue found or unexpected format.[0m
[delivery_robot_main_controller-20] [0m[INFO] [1774078986.548708664] [main_controller_node]: Current state: STANDBY, dock_state DOCKED, charge_state CHARGING[0m
[delivery_robot_main_controller-20] [0m[INFO] [1774078987.556861147] [main_controller_node]: Current state: STANDBY, dock_state DOCKED, charge_state CHARGING[0m
[delivery_robot_main_controller-20] [0m[INFO] [1774078987.626754369] [main_controller_node]: No pending queue found or unexpected format.[0m
[delivery_robot_main_controller-20] [0m[INFO] [1774078988.550662717] [main_controller_node]: Current state: STANDBY, dock_state DOCKED, charge_state CHARGING[0m
[delivery_robot_main_controller-20] [0m[INFO] [1774078989.564359281] [main_controller_node]: Current state: STANDBY, dock_state DOCKED, charge_state CHARGING[0m
[delivery_robot_main_controller-20] [0m[INFO] [1774078989.638664086] [main_controller_node]: No pending queue found or unexpected format.[0m
[delivery_robot_main_controller-20] [0m[INFO] [1774078990.558115352] [main_controller_node]: Current state: STANDBY, dock_state DOCKED, charge_state CHARGING[0m
[delivery_robot_main_controller-20] [0m[INFO] [1774078991.598183707] [main_controller_node]: Current state: STANDBY, dock_state DOCKED, charge_state CHARGING[0m
[delivery_robot_main_controller-20] [0m[INFO] [1774078991.694233186] [main_controller_node]: No pending queue found or unexpected format.[0m
[delivery_robot_main_controller-20] [0m[INFO] [1774078992.555889105] [main_controller_node]: Current state: STANDBY, dock_state DOCKED, charge_state CHARGING[0m
[delivery_robot_main_controller-20] [0m[INFO] [1774078993.556573455] [main_controller_node]: Current state: STANDBY, dock_state DOCKED, charge_state CHARGING[0m
[delivery_robot_main_controller-20] [0m[INFO] [1774078993.631962635] [main_controller_node]: No pending queue found or unexpected format.[0m
[delivery_robot_main_controller-20] [0m[INFO] [1774078994.551312114] [main_controller_node]: Current state: STANDBY, dock_state DOCKED, charge_state CHARGING[0m
[delivery_robot_main_controller-20] [0m[INFO] [1774078995.610523283] [main_controller_node]: Current state: STANDBY, dock_state DOCKED, charge_state CHARGING[0m
[delivery_robot_main_controller-20] [0m[INFO] [1774078995.665643858] [main_controller_node]: No pending queue found or unexpected format.[0m
[delivery_robot_main_controller-20] [0m[INFO] [1774078996.553668067] [main_controller_node]: Current state: STANDBY, dock_state DOCKED, charge_state CHARGING[0m
[delivery_robot_main_controller-20] [0m[INFO] [1774078997.553591196] [main_controller_node]: Current state: STANDBY, dock_state DOCKED, charge_state CHARGING[0m
[delivery_robot_main_controller-20] [0m[INFO] [1774078997.644426748] [main_controller_node]: No pending queue found or unexpected format.[0m
[delivery_robot_main_controller-20] [0m[INFO] [1774078998.556397049] [main_controller_node]: Current state: STANDBY, dock_state DOCKED, charge_state CHARGING[0m
[delivery_robot_main_controller-20] [0m[INFO] [1774078999.593621761] [main_controller_node]: Current state: STANDBY, dock_state DOCKED, charge_state CHARGING[0m
[delivery_robot_main_controller-20] [0m[INFO] [1774078999.675970427] [main_controller_node]: No pending queue found or unexpected format.[0m
[delivery_robot_main_controller-20] [0m[INFO] [1774079000.560124950] [main_controller_node]: Current state: STANDBY, dock_state DOCKED, charge_state CHARGING[0m
[delivery_robot_main_controller-20] [0m[INFO] [1774079001.560822716] [main_controller_node]: Current state: STANDBY, dock_state DOCKED, charge_state CHARGING[0m
[delivery_robot_main_controller-20] [0m[INFO] [1774079001.632716404] [main_controller_node]: No pending queue found or unexpected format.[0m
[delivery_robot_main_controller-20] [0m[INFO] [1774079002.585293330] [main_controller_node]: Current state: STANDBY, dock_state DOCKED, charge_state CHARGING[0m
[delivery_robot_main_controller-20] [0m[INFO] [1774079003.550887720] [main_controller_node]: Current state: STANDBY, dock_state DOCKED, charge_state CHARGING[0m
[delivery_robot_main_controller-20] [0m[INFO] [1774079003.627349026] [main_controller_node]: No pending queue found or unexpected format.[0m
[delivery_robot_main_controller-20] [0m[INFO] [1774079004.585404411] [main_controller_node]: Current state: STANDBY, dock_state DOCKED, charge_state CHARGING[0m
[delivery_robot_main_controller-20] [0m[INFO] [1774079005.607064923] [main_controller_node]: Current state: STANDBY, dock_state DOCKED, charge_state CHARGING[0m
[delivery_robot_main_controller-20] [0m[INFO] [1774079005.681789420] [main_controller_node]: No pending queue found or unexpected format.[0m
[delivery_robot_main_controller-20] [0m[INFO] [1774079006.634748414] [main_controller_node]: Current state: STANDBY, dock_state DOCKED, charge_state CHARGING[0m
[delivery_robot_main_controller-20] [0m[INFO] [1774079007.554238471] [main_controller_node]: Current state: STANDBY, dock_state DOCKED, charge_state CHARGING[0m
[delivery_robot_main_controller-20] [0m[INFO] [1774079007.661141330] [main_controller_node]: No pending queue found or unexpected format.[0m
[delivery_robot_main_controller-20] [0m[INFO] [1774079008.549957676] [main_controller_node]: Current state: STANDBY, dock_state DOCKED, charge_state CHARGING[0m
[delivery_robot_main_controller-20] [0m[INFO] [1774079009.550066006] [main_controller_node]: Current state: STANDBY, dock_state DOCKED, charge_state CHARGING[0m
[delivery_robot_main_controller-20] [0m[INFO] [1774079009.615994754] [main_controller_node]: No pending queue found or unexpected format.[0m
[delivery_robot_main_controller-20] [0m[INFO] [1774079010.590040448] [main_controller_node]: Current state: STANDBY, dock_state DOCKED, charge_state CHARGING[0m
[delivery_robot_main_controller-20] [0m[INFO] [1774079011.579249317] [main_controller_node]: Current state: STANDBY, dock_state DOCKED, charge_state CHARGING[0m
[delivery_robot_main_controller-20] [0m[INFO] [1774079011.646432475] [main_controller_node]: No pending queue found or unexpected format.[0m
[delivery_robot_main_controller-20] [0m[INFO] [1774079012.576887615] [main_controller_node]: Current state: STANDBY, dock_state DOCKED, charge_state CHARGING[0m
[delivery_robot_main_controller-20] [0m[INFO] [1774079013.555506469] [main_controller_node]: Current state: STANDBY, dock_state DOCKED, charge_state CHARGING[0m
[delivery_robot_main_controller-20] [0m[INFO] [1774079013.605296163] [main_controller_node]: No pending queue found or unexpected format.[0m
[delivery_robot_main_controller-20] [0m[INFO] [1774079014.548107293] [main_controller_node]: Current state: STANDBY, dock_state DOCKED, charge_state CHARGING[0m
[delivery_robot_main_controller-20] [0m[INFO] [1774079015.559444071] [main_controller_node]: Current state: STANDBY, dock_state DOCKED, charge_state CHARGING[0m
[delivery_robot_main_controller-20] [0m[INFO] [1774079015.639461243] [main_controller_node]: No pending queue found or unexpected format.[0m
[delivery_robot_main_controller-20] [0m[INFO] [1774079016.566651007] [main_controller_node]: Current state: STANDBY, dock_state DOCKED, charge_state CHARGING[0m
[delivery_robot_main_controller-20] [0m[INFO] [1774079017.585297398] [main_controller_node]: Current state: STANDBY, dock_state DOCKED, charge_state CHARGING[0m
[delivery_robot_main_controller-20] [0m[INFO] [1774079017.640641228] [main_controller_node]: No pending queue found or unexpected format.[0m
[delivery_robot_main_controller-20] [0m[INFO] [1774079018.550651132] [main_controller_node]: Current state: STANDBY, dock_state DOCKED, charge_state CHARGING[0m
[delivery_robot_main_controller-20] [0m[INFO] [1774079019.554759372] [main_controller_node]: Current state: STANDBY, dock_state DOCKED, charge_state CHARGING[0m
[delivery_robot_main_controller-20] [0m[INFO] [1774079019.663779641] [main_controller_node]: No pending queue found or unexpected format.[0m
[delivery_robot_main_controller-20] [0m[INFO] [1774079020.551664322] [main_controller_node]: Current state: STANDBY, dock_state DOCKED, charge_state CHARGING[0m
[delivery_robot_main_controller-20] [0m[INFO] [1774079021.559563491] [main_controller_node]: Current state: STANDBY, dock_state DOCKED, charge_state CHARGING[0m
[delivery_robot_main_controller-20] [0m[INFO] [1774079021.622933952] [main_controller_node]: No pending queue found or unexpected format.[0m
[delivery_robot_main_controller-20] [0m[INFO] [1774079022.556841467] [main_controller_node]: Current state: STANDBY, dock_state DOCKED, charge_state CHARGING[0m
[delivery_robot_main_controller-20] [0m[INFO] [1774079023.588136017] [main_controller_node]: Current state: STANDBY, dock_state DOCKED, charge_state CHARGING[0m
[delivery_robot_main_controller-20] [0m[INFO] [1774079023.660692729] [main_controller_node]: No pending queue found or unexpected format.[0m
[delivery_robot_main_controller-20] [0m[INFO] [1774079024.554385132] [main_controller_node]: Current state: STANDBY, dock_state DOCKED, charge_state CHARGING[0m
[delivery_robot_main_controller-20] [0m[INFO] [1774079025.614121565] [main_controller_node]: Current state: STANDBY, dock_state DOCKED, charge_state CHARGING[0m
[delivery_robot_main_controller-20] [0m[INFO] [1774079025.680825640] [main_controller_node]: No pending queue found or unexpected format.[0m
[delivery_robot_main_controller-20] [0m[INFO] [1774079026.550485105] [main_controller_node]: Current state: STANDBY, dock_state DOCKED, charge_state CHARGING[0m
[delivery_robot_main_controller-20] [0m[INFO] [1774079027.584688328] [main_controller_node]: Current state: STANDBY, dock_state DOCKED, charge_state CHARGING[0m
[delivery_robot_main_controller-20] [0m[INFO] [1774079027.656706937] [main_controller_node]: No pending queue found or unexpected format.[0m
[delivery_robot_main_controller-20] [0m[INFO] [1774079028.579713271] [main_controller_node]: Current state: STANDBY, dock_state DOCKED, charge_state CHARGING[0m
[delivery_robot_main_controller-20] [0m[INFO] [1774079029.548962930] [main_controller_node]: Current state: STANDBY, dock_state DOCKED, charge_state CHARGING[0m
[delivery_robot_main_controller-20] [0m[INFO] [1774079029.597771068] [main_controller_node]: No pending queue found or unexpected format.[0m
[delivery_robot_main_controller-20] [0m[INFO] [1774079030.548201993] [main_controller_node]: Current state: STANDBY, dock_state DOCKED, charge_state CHARGING[0m
[delivery_robot_main_controller-20] [0m[INFO] [1774079031.584356387] [main_controller_node]: Current state: STANDBY, dock_state DOCKED, charge_state CHARGING[0m
[delivery_robot_main_controller-20] [0m[INFO] [1774079031.664906482] [main_controller_node]: No pending queue found or unexpected format.[0m
[delivery_robot_main_controller-20] [0m[INFO] [1774079032.560402769] [main_controller_node]: Current state: STANDBY, dock_state DOCKED, charge_state CHARGING[0m
[delivery_robot_main_controller-20] [0m[INFO] [1774079033.584373575] [main_controller_node]: Current state: STANDBY, dock_state DOCKED, charge_state CHARGING[0m
[delivery_robot_main_controller-20] [0m[INFO] [1774079033.645839823] [main_controller_node]: No pending queue found or unexpected format.[0m
[delivery_robot_main_controller-20] [0m[INFO] [1774079034.548294410] [main_controller_node]: Current state: STANDBY, dock_state DOCKED, charge_state CHARGING[0m
[delivery_robot_main_controller-20] [0m[INFO] [1774079035.558181498] [main_controller_node]: Current state: STANDBY, dock_state DOCKED, charge_state CHARGING[0m
[delivery_robot_main_controller-20] [0m[INFO] [1774079035.634356188] [main_controller_node]: No pending queue found or unexpected format.[0m
[delivery_robot_main_controller-20] [0m[INFO] [1774079036.576072177] [main_controller_node]: Current state: STANDBY, dock_state DOCKED, charge_state CHARGING[0m
[delivery_robot_main_controller-20] [0m[INFO] [1774079037.613438979] [main_controller_node]: Current state: STANDBY, dock_state DOCKED, charge_state CHARGING[0m
[delivery_robot_main_controller-20] [0m[INFO] [1774079037.681635160] [main_controller_node]: No pending queue found or unexpected format.[0m
[delivery_robot_main_controller-20] [0m[INFO] [1774079038.574456973] [main_controller_node]: Current state: STANDBY, dock_state DOCKED, charge_state CHARGING[0m
[delivery_robot_main_controller-20] [0m[INFO] [1774079039.561685692] [main_controller_node]: Current state: STANDBY, dock_state DOCKED, charge_state CHARGING[0m
[delivery_robot_main_controller-20] [0m[INFO] [1774079039.626275854] [main_controller_node]: No pending queue found or unexpected format.[0m
[delivery_robot_main_controller-20] [0m[INFO] [1774079040.556697802] [main_controller_node]: Current state: STANDBY, dock_state DOCKED, charge_state CHARGING[0m
[delivery_robot_main_controller-20] [0m[INFO] [1774079041.548709368] [main_controller_node]: Current state: STANDBY, dock_state DOCKED, charge_state CHARGING[0m
[delivery_robot_main_controller-20] [0m[INFO] [1774079041.626706901] [main_controller_node]: No pending queue found or unexpected format.[0m
[delivery_robot_main_controller-20] [0m[INFO] [1774079042.583396738] [main_controller_node]: Current state: STANDBY, dock_state DOCKED, charge_state CHARGING[0m
[delivery_robot_main_controller-20] [0m[INFO] [1774079043.584506183] [main_controller_node]: Current state: STANDBY, dock_state DOCKED, charge_state CHARGING[0m
[delivery_robot_main_controller-20] [0m[INFO] [1774079043.677694847] [main_controller_node]: No pending queue found or unexpected format.[0m
[delivery_robot_main_controller-20] [0m[INFO] [1774079044.551949041] [main_controller_node]: Current state: STANDBY, dock_state DOCKED, charge_state CHARGING[0m
[delivery_robot_main_controller-20] [0m[INFO] [1774079045.597142692] [main_controller_node]: Current state: STANDBY, dock_state DOCKED, charge_state CHARGING[0m
[delivery_robot_main_controller-20] [0m[INFO] [1774079045.683998072] [main_controller_node]: No pending queue found or unexpected format.[0m
[delivery_robot_main_controller-20] [0m[INFO] [1774079046.555867696] [main_controller_node]: Current state: STANDBY, dock_state DOCKED, charge_state CHARGING[0m
[delivery_robot_main_controller-20] [0m[INFO] [1774079047.559688656] [main_controller_node]: Current state: STANDBY, dock_state DOCKED, charge_state CHARGING[0m
[delivery_robot_main_controller-20] [0m[INFO] [1774079047.626566850] [main_controller_node]: No pending queue found or unexpected format.[0m
[delivery_robot_main_controller-20] [0m[INFO] [1774079048.568799067] [main_controller_node]: Current state: STANDBY, dock_state DOCKED, charge_state CHARGING[0m
[delivery_robot_main_controller-20] [0m[INFO] [1774079049.561764052] [main_controller_node]: Current state: STANDBY, dock_state DOCKED, charge_state CHARGING[0m
[delivery_robot_main_controller-20] [0m[INFO] [1774079049.614282039] [main_controller_node]: No pending queue found or unexpected format.[0m
[delivery_robot_main_controller-20] [0m[INFO] [1774079050.554241683] [main_controller_node]: Current state: STANDBY, dock_state DOCKED, charge_state CHARGING[0m
[delivery_robot_main_controller-20] [0m[INFO] [1774079051.549891642] [main_controller_node]: Current state: STANDBY, dock_state DOCKED, charge_state CHARGING[0m
[delivery_robot_main_controller-20] [0m[INFO] [1774079051.622666512] [main_controller_node]: No pending queue found or unexpected format.[0m
[delivery_robot_main_controller-20] [0m[INFO] [1774079052.550324448] [main_controller_node]: Current state: STANDBY, dock_state DOCKED, charge_state CHARGING[0m
[delivery_robot_main_controller-20] [0m[INFO] [1774079053.551371479] [main_controller_node]: Current state: STANDBY, dock_state DOCKED, charge_state CHARGING[0m
[delivery_robot_main_controller-20] [0m[INFO] [1774079053.620484332] [main_controller_node]: No pending queue found or unexpected format.[0m
[delivery_robot_main_controller-20] [0m[INFO] [1774079054.593401259] [main_controller_node]: Current state: STANDBY, dock_state DOCKED, charge_state CHARGING[0m
[delivery_robot_main_controller-20] [0m[INFO] [1774079055.624992421] [main_controller_node]: Current state: STANDBY, dock_state DOCKED, charge_state CHARGING[0m
[delivery_robot_main_controller-20] [0m[INFO] [1774079055.715664979] [main_controller_node]: No pending queue found or unexpected format.[0m
[delivery_robot_main_controller-20] [0m[INFO] [1774079056.548817722] [main_controller_node]: Current state: STANDBY, dock_state DOCKED, charge_state CHARGING[0m
[delivery_robot_main_controller-20] [0m[INFO] [1774079057.597355194] [main_controller_node]: Current state: STANDBY, dock_state DOCKED, charge_state CHARGING[0m
[delivery_robot_main_controller-20] [0m[INFO] [1774079057.681399897] [main_controller_node]: No pending queue found or unexpected format.[0m
[delivery_robot_main_controller-20] [0m[INFO] [1774079058.561538226] [main_controller_node]: Current state: STANDBY, dock_state DOCKED, charge_state CHARGING[0m
[delivery_robot_main_controller-20] [0m[INFO] [1774079059.578536441] [main_controller_node]: Current state: STANDBY, dock_state DOCKED, charge_state CHARGING[0m
[delivery_robot_main_controller-20] [0m[INFO] [1774079059.662933755] [main_controller_node]: No pending queue found or unexpected format.[0m
[delivery_robot_main_controller-20] [0m[INFO] [1774079060.555978100] [main_controller_node]: Current state: STANDBY, dock_state DOCKED, charge_state CHARGING[0m
[delivery_robot_main_controller-20] [0m[INFO] [1774079061.554658061] [main_controller_node]: Current state: STANDBY, dock_state DOCKED, charge_state CHARGING[0m
[delivery_robot_main_controller-20] [0m[INFO] [1774079061.619005566] [main_controller_node]: No pending queue found or unexpected format.[0m
[delivery_robot_main_controller-20] [0m[INFO] [1774079062.548150359] [main_controller_node]: Current state: STANDBY, dock_state DOCKED, charge_state CHARGING[0m
[delivery_robot_main_controller-20] [0m[INFO] [1774079063.605001159] [main_controller_node]: Current state: STANDBY, dock_state DOCKED, charge_state CHARGING[0m
[delivery_robot_main_controller-20] [0m[INFO] [1774079063.677555538] [main_controller_node]: No pending queue found or unexpected format.[0m
[delivery_robot_main_controller-20] [0m[INFO] [1774079064.557174139] [main_controller_node]: Current state: STANDBY, dock_state DOCKED, charge_state CHARGING[0m
[delivery_robot_main_controller-20] [0m[INFO] [1774079065.562214507] [main_controller_node]: Current state: STANDBY, dock_state DOCKED, charge_state CHARGING[0m
[delivery_robot_main_controller-20] [0m[INFO] [1774079065.635208119] [main_controller_node]: No pending queue found or unexpected format.[0m
[delivery_robot_main_controller-20] [0m[INFO] [1774079066.579866321] [main_controller_node]: Current state: STANDBY, dock_state DOCKED, charge_state CHARGING[0m
[delivery_robot_main_controller-20] [0m[INFO] [1774079067.561759215] [main_controller_node]: Current state: STANDBY, dock_state DOCKED, charge_state CHARGING[0m
[delivery_robot_main_controller-20] [0m[INFO] [1774079067.647699383] [main_controller_node]: No pending queue found or unexpected format.[0m
[delivery_robot_main_controller-20] [0m[INFO] [1774079068.585088089] [main_controller_node]: Current state: STANDBY, dock_state DOCKED, charge_state CHARGING[0m
[delivery_robot_main_controller-20] [0m[INFO] [1774079069.555203672] [main_controller_node]: Current state: STANDBY, dock_state DOCKED, charge_state CHARGING[0m
[delivery_robot_main_controller-20] [0m[INFO] [1774079069.637737603] [main_controller_node]: No pending queue found or unexpected format.[0m
[delivery_robot_main_controller-20] [0m[INFO] [1774079070.562339580] [main_controller_node]: Current state: STANDBY, dock_state DOCKED, charge_state CHARGING[0m
[delivery_robot_main_controller-20] [0m[INFO] [1774079071.589741413] [main_controller_node]: Current state: STANDBY, dock_state DOCKED, charge_state CHARGING[0m
[delivery_robot_main_controller-20] [0m[INFO] [1774079071.674916862] [main_controller_node]: No pending queue found or unexpected format.[0m
[delivery_robot_main_controller-20] [0m[INFO] [1774079072.550134100] [main_controller_node]: Current state: STANDBY, dock_state DOCKED, charge_state CHARGING[0m
[delivery_robot_main_controller-20] [0m[INFO] [1774079073.550463077] [main_controller_node]: Current state: STANDBY, dock_state DOCKED, charge_state CHARGING[0m
[delivery_robot_main_controller-20] [0m[INFO] [1774079073.633497196] [main_controller_node]: No pending queue found or unexpected format.[0m
[delivery_robot_main_controller-20] [0m[INFO] [1774079074.579511593] [main_controller_node]: Current state: STANDBY, dock_state DOCKED, charge_state CHARGING[0m
[delivery_robot_main_controller-20] [0m[INFO] [1774079075.607409822] [main_controller_node]: Current state: STANDBY, dock_state DOCKED, charge_state CHARGING[0m
[delivery_robot_main_controller-20] [0m[INFO] [1774079075.701164005] [main_controller_node]: No pending queue found or unexpected format.[0m
[delivery_robot_main_controller-20] [0m[INFO] [1774079076.561171154] [main_controller_node]: Current state: STANDBY, dock_state DOCKED, charge_state CHARGING[0m
[delivery_robot_main_controller-20] [0m[INFO] [1774079077.551735820] [main_controller_node]: Current state: STANDBY, dock_state DOCKED, charge_state CHARGING[0m
[delivery_robot_main_controller-20] [0m[INFO] [1774079077.621013749] [main_controller_node]: No pending queue found or unexpected format.[0m
[delivery_robot_main_controller-20] [0m[INFO] [1774079078.607347380] [main_controller_node]: Current state: STANDBY, dock_state DOCKED, charge_state CHARGING[0m
[delivery_robot_main_controller-20] [0m[INFO] [1774079079.558499568] [main_controller_node]: Current state: STANDBY, dock_state DOCKED, charge_state CHARGING[0m
[delivery_robot_main_controller-20] [0m[INFO] [1774079079.634634301] [main_controller_node]: No pending queue found or unexpected format.[0m
[delivery_robot_main_controller-20] [0m[INFO] [1774079080.582065557] [main_controller_node]: Current state: STANDBY, dock_state DOCKED, charge_state CHARGING[0m
[delivery_robot_main_controller-20] [0m[INFO] [1774079081.564764294] [main_controller_node]: Current state: STANDBY, dock_state DOCKED, charge_state CHARGING[0m
[delivery_robot_main_controller-20] [0m[INFO] [1774079081.625507820] [main_controller_node]: No pending queue found or unexpected format.[0m
[delivery_robot_main_controller-20] [0m[INFO] [1774079082.554833048] [main_controller_node]: Current state: STANDBY, dock_state DOCKED, charge_state CHARGING[0m
[delivery_robot_main_controller-20] [0m[INFO] [1774079083.554597389] [main_controller_node]: Current state: STANDBY, dock_state DOCKED, charge_state CHARGING[0m
[delivery_robot_main_controller-20] [0m[INFO] [1774079083.618041797] [main_controller_node]: No pending queue found or unexpected format.[0m
[delivery_robot_main_controller-20] [0m[INFO] [1774079084.599928657] [main_controller_node]: Current state: STANDBY, dock_state DOCKED, charge_state CHARGING[0m
[delivery_robot_main_controller-20] [0m[INFO] [1774079085.561877763] [main_controller_node]: Current state: STANDBY, dock_state DOCKED, charge_state CHARGING[0m
[delivery_robot_main_controller-20] [0m[INFO] [1774079085.673977174] [main_controller_node]: No pending queue found or unexpected format.[0m
[delivery_robot_main_controller-20] [0m[INFO] [1774079086.554191987] [main_controller_node]: Current state: STANDBY, dock_state DOCKED, charge_state CHARGING[0m
[delivery_robot_main_controller-20] [0m[INFO] [1774079087.552613825] [main_controller_node]: Current state: STANDBY, dock_state DOCKED, charge_state CHARGING[0m
[delivery_robot_main_controller-20] [0m[INFO] [1774079087.600308982] [main_controller_node]: No pending queue found or unexpected format.[0m
[delivery_robot_main_controller-20] [0m[INFO] [1774079088.549970236] [main_controller_node]: Current state: STANDBY, dock_state DOCKED, charge_state CHARGING[0m
[delivery_robot_main_controller-20] [0m[INFO] [1774079089.599462592] [main_controller_node]: Current state: STANDBY, dock_state DOCKED, charge_state CHARGING[0m
[delivery_robot_main_controller-20] [0m[INFO] [1774079089.685651672] [main_controller_node]: No pending queue found or unexpected format.[0m
[delivery_robot_main_controller-20] [0m[INFO] [1774079090.557183237] [main_controller_node]: Current state: STANDBY, dock_state DOCKED, charge_state CHARGING[0m
[delivery_robot_main_controller-20] [0m[INFO] [1774079091.600809179] [main_controller_node]: Current state: STANDBY, dock_state DOCKED, charge_state CHARGING[0m
[delivery_robot_main_controller-20] [0m[INFO] [1774079091.661481084] [main_controller_node]: No pending queue found or unexpected format.[0m
[delivery_robot_main_controller-20] [0m[INFO] [1774079092.550646304] [main_controller_node]: Current state: STANDBY, dock_state DOCKED, charge_state CHARGING[0m
[delivery_robot_main_controller-20] [0m[INFO] [1774079093.550893631] [main_controller_node]: Current state: STANDBY, dock_state DOCKED, charge_state CHARGING[0m
[delivery_robot_main_controller-20] [0m[INFO] [1774079093.635880204] [main_controller_node]: No pending queue found or unexpected format.[0m
[delivery_robot_main_controller-20] [0m[INFO] [1774079094.553902377] [main_controller_node]: Current state: STANDBY, dock_state DOCKED, charge_state CHARGING[0m
[delivery_robot_main_controller-20] [0m[INFO] [1774079095.580411192] [main_controller_node]: Current state: STANDBY, dock_state DOCKED, charge_state CHARGING[0m
[delivery_robot_main_controller-20] [0m[INFO] [1774079095.666837682] [main_controller_node]: No pending queue found or unexpected format.[0m
[delivery_robot_main_controller-20] [0m[INFO] [1774079096.553615971] [main_controller_node]: Current state: STANDBY, dock_state DOCKED, charge_state CHARGING[0m
[delivery_robot_main_controller-20] [0m[INFO] [1774079097.574723275] [main_controller_node]: Current state: STANDBY, dock_state DOCKED, charge_state CHARGING[0m
[delivery_robot_main_controller-20] [0m[INFO] [1774079097.629829758] [main_controller_node]: No pending queue found or unexpected format.[0m
[delivery_robot_main_controller-20] [0m[INFO] [1774079098.548259961] [main_controller_node]: Current state: STANDBY, dock_state DOCKED, charge_state CHARGING[0m
[delivery_robot_main_controller-20] [0m[INFO] [1774079099.554621319] [main_controller_node]: Current state: STANDBY, dock_state DOCKED, charge_state CHARGING[0m
[delivery_robot_main_controller-20] [0m[INFO] [1774079099.604849819] [main_controller_node]: No pending queue found or unexpected format.[0m
[delivery_robot_main_controller-20] [0m[INFO] [1774079100.561281043] [main_controller_node]: Current state: STANDBY, dock_state DOCKED, charge_state CHARGING[0m
[delivery_robot_main_controller-20] [0m[INFO] [1774079101.573723766] [main_controller_node]: Current state: STANDBY, dock_state DOCKED, charge_state CHARGING[0m
[delivery_robot_main_controller-20] [0m[INFO] [1774079101.656620901] [main_controller_node]: No pending queue found or unexpected format.[0m
[delivery_robot_main_controller-20] [0m[INFO] [1774079102.556038781] [main_controller_node]: Current state: STANDBY, dock_state DOCKED, charge_state CHARGING[0m
[delivery_robot_main_controller-20] [0m[INFO] [1774079103.550751019] [main_controller_node]: Current state: STANDBY, dock_state DOCKED, charge_state CHARGING[0m
[delivery_robot_main_controller-20] [0m[INFO] [1774079103.606760475] [main_controller_node]: No pending queue found or unexpected format.[0m
[delivery_robot_main_controller-20] [0m[INFO] [1774079104.555069602] [main_controller_node]: Current state: STANDBY, dock_state DOCKED, charge_state CHARGING[0m
[delivery_robot_main_controller-20] [0m[INFO] [1774079105.550821893] [main_controller_node]: Current state: STANDBY, dock_state DOCKED, charge_state CHARGING[0m
[delivery_robot_main_controller-20] [0m[INFO] [1774079105.642562979] [main_controller_node]: No pending queue found or unexpected format.[0m
[delivery_robot_main_controller-20] [0m[INFO] [1774079106.603931102] [main_controller_node]: Current state: STANDBY, dock_state DOCKED, charge_state CHARGING[0m
[delivery_robot_main_controller-20] [0m[INFO] [1774079107.585906043] [main_controller_node]: Current state: STANDBY, dock_state DOCKED, charge_state CHARGING[0m
[delivery_robot_main_controller-20] [0m[INFO] [1774079107.654278599] [main_controller_node]: No pending queue found or unexpected format.[0m
[delivery_robot_main_controller-20] [0m[INFO] [1774079108.550542779] [main_controller_node]: Current state: STANDBY, dock_state DOCKED, charge_state CHARGING[0m
[delivery_robot_main_controller-20] [0m[INFO] [1774079109.553419696] [main_controller_node]: Current state: STANDBY, dock_state DOCKED, charge_state CHARGING[0m
[delivery_robot_main_controller-20] [0m[INFO] [1774079109.630910946] [main_controller_node]: No pending queue found or unexpected format.[0m
[delivery_robot_main_controller-20] [0m[INFO] [1774079110.608295187] [main_controller_node]: Current state: STANDBY, dock_state DOCKED, charge_state CHARGING[0m
[delivery_robot_main_controller-20] [0m[INFO] [1774079111.563967517] [main_controller_node]: Current state: STANDBY, dock_state DOCKED, charge_state CHARGING[0m
[delivery_robot_main_controller-20] [0m[INFO] [1774079111.647584172] [main_controller_node]: No pending queue found or unexpected format.[0m
[delivery_robot_main_controller-20] [0m[INFO] [1774079112.559975008] [main_controller_node]: Current state: STANDBY, dock_state DOCKED, charge_state CHARGING[0m
[delivery_robot_main_controller-20] [0m[INFO] [1774079113.621006529] [main_controller_node]: Current state: STANDBY, dock_state DOCKED, charge_state CHARGING[0m
[delivery_robot_main_controller-20] [0m[INFO] [1774079113.693665877] [main_controller_node]: No pending queue found or unexpected format.[0m
[delivery_robot_main_controller-20] [0m[INFO] [1774079114.555801673] [main_controller_node]: Current state: STANDBY, dock_state DOCKED, charge_state CHARGING[0m
[delivery_robot_main_controller-20] [0m[INFO] [1774079115.549178700] [main_controller_node]: Current state: STANDBY, dock_state DOCKED, charge_state CHARGING[0m
[delivery_robot_main_controller-20] [0m[INFO] [1774079115.639664780] [main_controller_node]: No pending queue found or unexpected format.[0m
[delivery_robot_main_controller-20] [0m[INFO] [1774079116.552237320] [main_controller_node]: Current state: STANDBY, dock_state DOCKED, charge_state CHARGING[0m
[delivery_robot_main_controller-20] [0m[INFO] [1774079117.555839883] [main_controller_node]: Current state: STANDBY, dock_state DOCKED, charge_state CHARGING[0m
[delivery_robot_main_controller-20] [0m[INFO] [1774079117.631904049] [main_controller_node]: No pending queue found or unexpected format.[0m
[delivery_robot_main_controller-20] [0m[INFO] [1774079118.557113555] [main_controller_node]: Current state: STANDBY, dock_state DOCKED, charge_state CHARGING[0m
[delivery_robot_main_controller-20] [0m[INFO] [1774079119.565572810] [main_controller_node]: Current state: STANDBY, dock_state DOCKED, charge_state CHARGING[0m
[delivery_robot_main_controller-20] [0m[INFO] [1774079119.656160971] [main_controller_node]: No pending queue found or unexpected format.[0m
[delivery_robot_main_controller-20] [0m[INFO] [1774079120.557713206] [main_controller_node]: Current state: STANDBY, dock_state DOCKED, charge_state CHARGING[0m
[delivery_robot_main_controller-20] [0m[INFO] [1774079121.620239766] [main_controller_node]: Current state: STANDBY, dock_state DOCKED, charge_state CHARGING[0m
[delivery_robot_main_controller-20] [0m[INFO] [1774079121.678231040] [main_controller_node]: No pending queue found or unexpected format.[0m
[delivery_robot_main_controller-20] [0m[INFO] [1774079122.554262891] [main_controller_node]: Current state: STANDBY, dock_state DOCKED, charge_state CHARGING[0m
[delivery_robot_main_controller-20] [0m[INFO] [1774079123.612762818] [main_controller_node]: Current state: STANDBY, dock_state DOCKED, charge_state CHARGING[0m
[delivery_robot_main_controller-20] [0m[INFO] [1774079123.688098422] [main_controller_node]: No pending queue found or unexpected format.[0m
[delivery_robot_main_controller-20] [0m[INFO] [1774079124.553997776] [main_controller_node]: Current state: STANDBY, dock_state DOCKED, charge_state CHARGING[0m
[delivery_robot_main_controller-20] [0m[INFO] [1774079125.550148180] [main_controller_node]: Current state: STANDBY, dock_state DOCKED, charge_state CHARGING[0m
[delivery_robot_main_controller-20] [0m[INFO] [1774079125.636530338] [main_controller_node]: No pending queue found or unexpected format.[0m
[delivery_robot_main_controller-20] [0m[INFO] [1774079126.549032880] [main_controller_node]: Current state: STANDBY, dock_state DOCKED, charge_state CHARGING[0m
[delivery_robot_main_controller-20] [0m[INFO] [1774079127.583897702] [main_controller_node]: Current state: STANDBY, dock_state DOCKED, charge_state CHARGING[0m
[delivery_robot_main_controller-20] [0m[INFO] [1774079127.666040025] [main_controller_node]: No pending queue found or unexpected format.[0m
[delivery_robot_main_controller-20] [0m[INFO] [1774079128.587434350] [main_controller_node]: Current state: STANDBY, dock_state DOCKED, charge_state CHARGING[0m
[delivery_robot_main_controller-20] [0m[INFO] [1774079129.598744564] [main_controller_node]: Current state: STANDBY, dock_state DOCKED, charge_state CHARGING[0m
[delivery_robot_main_controller-20] [0m[INFO] [1774079129.678997525] [main_controller_node]: No pending queue found or unexpected format.[0m
[delivery_robot_main_controller-20] [0m[INFO] [1774079130.563369926] [main_controller_node]: Current state: STANDBY, dock_state DOCKED, charge_state CHARGING[0m
[delivery_robot_main_controller-20] [0m[INFO] [1774079131.551607643] [main_controller_node]: Current state: STANDBY, dock_state DOCKED, charge_state CHARGING[0m
[delivery_robot_main_controller-20] [0m[INFO] [1774079131.631691442] [main_controller_node]: No pending queue found or unexpected format.[0m
[delivery_robot_main_controller-20] [0m[INFO] [1774079132.560185895] [main_controller_node]: Current state: STANDBY, dock_state DOCKED, charge_state CHARGING[0m
[delivery_robot_main_controller-20] [0m[INFO] [1774079133.598206750] [main_controller_node]: Current state: STANDBY, dock_state DOCKED, charge_state CHARGING[0m
[delivery_robot_main_controller-20] [0m[INFO] [1774079133.673302902] [main_controller_node]: No pending queue found or unexpected format.[0m
[delivery_robot_main_controller-20] [0m[INFO] [1774079134.559147302] [main_controller_node]: Current state: STANDBY, dock_state DOCKED, charge_state CHARGING[0m
[delivery_robot_main_controller-20] [0m[INFO] [1774079135.563658963] [main_controller_node]: Current state: STANDBY, dock_state DOCKED, charge_state CHARGING[0m
[delivery_robot_main_controller-20] [0m[INFO] [1774079135.637705438] [main_controller_node]: No pending queue found or unexpected format.[0m
[delivery_robot_main_controller-20] [0m[INFO] [1774079136.550786630] [main_controller_node]: Current state: STANDBY, dock_state DOCKED, charge_state CHARGING[0m
[delivery_robot_main_controller-20] [0m[INFO] [1774079137.555783610] [main_controller_node]: Current state: STANDBY, dock_state DOCKED, charge_state CHARGING[0m
[delivery_robot_main_controller-20] [0m[INFO] [1774079137.655645627] [main_controller_node]: No pending queue found or unexpected format.[0m
[delivery_robot_main_controller-20] [0m[INFO] [1774079138.577665559] [main_controller_node]: Current state: STANDBY, dock_state DOCKED, charge_state CHARGING[0m
[delivery_robot_main_controller-20] [0m[INFO] [1774079139.577608103] [main_controller_node]: Current state: STANDBY, dock_state DOCKED, charge_state CHARGING[0m
[delivery_robot_main_controller-20] [0m[INFO] [1774079139.661806033] [main_controller_node]: No pending queue found or unexpected format.[0m
[delivery_robot_main_controller-20] [0m[INFO] [1774079140.564304407] [main_controller_node]: Current state: STANDBY, dock_state DOCKED, charge_state CHARGING[0m
[delivery_robot_main_controller-20] [0m[INFO] [1774079141.553291103] [main_controller_node]: Current state: STANDBY, dock_state DOCKED, charge_state CHARGING[0m
[delivery_robot_main_controller-20] [0m[INFO] [1774079141.628620874] [main_controller_node]: No pending queue found or unexpected format.[0m
[delivery_robot_main_controller-20] [0m[INFO] [1774079142.554187369] [main_controller_node]: Current state: STANDBY, dock_state DOCKED, charge_state CHARGING[0m
[delivery_robot_main_controller-20] [0m[INFO] [1774079143.581545784] [main_controller_node]: Current state: STANDBY, dock_state DOCKED, charge_state CHARGING[0m
[delivery_robot_main_controller-20] [0m[INFO] [1774079143.657992314] [main_controller_node]: No pending queue found or unexpected format.[0m
[delivery_robot_main_controller-20] [0m[INFO] [1774079144.574679276] [main_controller_node]: Current state: STANDBY, dock_state DOCKED, charge_state CHARGING[0m
[delivery_robot_main_controller-20] [0m[INFO] [1774079145.565916698] [main_controller_node]: Current state: STANDBY, dock_state DOCKED, charge_state CHARGING[0m
[delivery_robot_main_controller-20] [0m[INFO] [1774079145.648363220] [main_controller_node]: No pending queue found or unexpected format.[0m
[delivery_robot_main_controller-20] [0m[INFO] [1774079146.553430166] [main_controller_node]: Current state: STANDBY, dock_state DOCKED, charge_state CHARGING[0m
[delivery_robot_main_controller-20] [0m[INFO] [1774079147.552689227] [main_controller_node]: Current state: STANDBY, dock_state DOCKED, charge_state CHARGING[0m
[delivery_robot_main_controller-20] [0m[INFO] [1774079147.621682835] [main_controller_node]: No pending queue found or unexpected format.[0m
[delivery_robot_main_controller-20] [0m[INFO] [1774079148.596260864] [main_controller_node]: Current state: STANDBY, dock_state DOCKED, charge_state CHARGING[0m
[delivery_robot_main_controller-20] [0m[INFO] [1774079149.562951858] [main_controller_node]: Current state: STANDBY, dock_state DOCKED, charge_state CHARGING[0m
[delivery_robot_main_controller-20] [0m[INFO] [1774079149.656811993] [main_controller_node]: No pending queue found or unexpected format.[0m
[delivery_robot_main_controller-20] [0m[INFO] [1774079150.555629932] [main_controller_node]: Current state: STANDBY, dock_state DOCKED, charge_state CHARGING[0m
[delivery_robot_main_controller-20] [0m[INFO] [1774079151.583323963] [main_controller_node]: Current state: STANDBY, dock_state DOCKED, charge_state CHARGING[0m
[delivery_robot_main_controller-20] [0m[INFO] [1774079151.645871331] [main_controller_node]: No pending queue found or unexpected format.[0m
[delivery_robot_main_controller-20] [0m[INFO] [1774079152.549128024] [main_controller_node]: Current state: STANDBY, dock_state DOCKED, charge_state CHARGING[0m
[delivery_robot_main_controller-20] [0m[INFO] [1774079153.595174093] [main_controller_node]: Current state: STANDBY, dock_state DOCKED, charge_state CHARGING[0m
[delivery_robot_main_controller-20] [0m[INFO] [1774079153.667396363] [main_controller_node]: No pending queue found or unexpected format.[0m
[delivery_robot_main_controller-20] [0m[INFO] [1774079154.560063512] [main_controller_node]: Current state: STANDBY, dock_state DOCKED, charge_state CHARGING[0m
[delivery_robot_main_controller-20] [0m[INFO] [1774079155.558184520] [main_controller_node]: Current state: STANDBY, dock_state DOCKED, charge_state CHARGING[0m
[delivery_robot_main_controller-20] [0m[INFO] [1774079155.634130980] [main_controller_node]: No pending queue found or unexpected format.[0m
[delivery_robot_main_controller-20] [0m[INFO] [1774079156.584886328] [main_controller_node]: Current state: STANDBY, dock_state DOCKED, charge_state CHARGING[0m
[delivery_robot_main_controller-20] [0m[INFO] [1774079157.550599683] [main_controller_node]: Current state: STANDBY, dock_state DOCKED, charge_state CHARGING[0m
[delivery_robot_main_controller-20] [0m[INFO] [1774079157.645217839] [main_controller_node]: No pending queue found or unexpected format.[0m
[delivery_robot_main_controller-20] [0m[INFO] [1774079158.550475310] [main_controller_node]: Current state: STANDBY, dock_state DOCKED, charge_state CHARGING[0m
[delivery_robot_main_controller-20] [0m[INFO] [1774079159.586131914] [main_controller_node]: Current state: STANDBY, dock_state DOCKED, charge_state CHARGING[0m
[delivery_robot_main_controller-20] [0m[INFO] [1774079159.659167036] [main_controller_node]: No pending queue found or unexpected format.[0m
[delivery_robot_main_controller-20] [0m[INFO] [1774079160.611823999] [main_controller_node]: Current state: STANDBY, dock_state DOCKED, charge_state CHARGING[0m
[delivery_robot_main_controller-20] [0m[INFO] [1774079161.613175419] [main_controller_node]: Current state: STANDBY, dock_state DOCKED, charge_state CHARGING[0m
[delivery_robot_main_controller-20] [0m[INFO] [1774079161.695635491] [main_controller_node]: No pending queue found or unexpected format.[0m
[delivery_robot_main_controller-20] [0m[INFO] [1774079162.548257905] [main_controller_node]: Current state: STANDBY, dock_state DOCKED, charge_state CHARGING[0m
[delivery_robot_main_controller-20] [0m[INFO] [1774079163.550273431] [main_controller_node]: Current state: STANDBY, dock_state DOCKED, charge_state CHARGING[0m
[delivery_robot_main_controller-20] [0m[INFO] [1774079163.621757513] [main_controller_node]: No pending queue found or unexpected format.[0m
[delivery_robot_main_controller-20] [0m[INFO] [1774079164.558513537] [main_controller_node]: Current state: STANDBY, dock_state DOCKED, charge_state CHARGING[0m
[delivery_robot_main_controller-20] [0m[INFO] [1774079165.567119383] [main_controller_node]: Current state: STANDBY, dock_state DOCKED, charge_state CHARGING[0m
[delivery_robot_main_controller-20] [0m[INFO] [1774079165.649035512] [main_controller_node]: No pending queue found or unexpected format.[0m
[delivery_robot_main_controller-20] [0m[INFO] [1774079166.592863967] [main_controller_node]: Current state: STANDBY, dock_state DOCKED, charge_state CHARGING[0m
[delivery_robot_main_controller-20] [0m[INFO] [1774079167.550520543] [main_controller_node]: Current state: STANDBY, dock_state DOCKED, charge_state CHARGING[0m
[delivery_robot_main_controller-20] [0m[INFO] [1774079167.622648898] [main_controller_node]: No pending queue found or unexpected format.[0m
[delivery_robot_main_controller-20] [0m[INFO] [1774079168.548398891] [main_controller_node]: Current state: STANDBY, dock_state DOCKED, charge_state CHARGING[0m
[delivery_robot_main_controller-20] [0m[INFO] [1774079169.554554512] [main_controller_node]: Current state: STANDBY, dock_state DOCKED, charge_state CHARGING[0m
[delivery_robot_main_controller-20] [0m[INFO] [1774079169.647378092] [main_controller_node]: No pending queue found or unexpected format.[0m
[delivery_robot_main_controller-20] [0m[INFO] [1774079170.577899912] [main_controller_node]: Current state: STANDBY, dock_state DOCKED, charge_state CHARGING[0m
[delivery_robot_main_controller-20] [0m[INFO] [1774079171.599012081] [main_controller_node]: Current state: STANDBY, dock_state DOCKED, charge_state CHARGING[0m
[delivery_robot_main_controller-20] [0m[INFO] [1774079171.656638001] [main_controller_node]: No pending queue found or unexpected format.[0m
[delivery_robot_main_controller-20] [0m[INFO] [1774079172.569910544] [main_controller_node]: Current state: STANDBY, dock_state DOCKED, charge_state CHARGING[0m
[delivery_robot_main_controller-20] [0m[INFO] [1774079173.550309205] [main_controller_node]: Current state: STANDBY, dock_state DOCKED, charge_state CHARGING[0m
[delivery_robot_main_controller-20] [0m[INFO] [1774079173.608565107] [main_controller_node]: No pending queue found or unexpected format.[0m
[delivery_robot_main_controller-20] [0m[INFO] [1774079174.580850699] [main_controller_node]: Current state: STANDBY, dock_state DOCKED, charge_state CHARGING[0m
[delivery_robot_main_controller-20] [0m[INFO] [1774079175.567289027] [main_controller_node]: Current state: STANDBY, dock_state DOCKED, charge_state CHARGING[0m
[delivery_robot_main_controller-20] [0m[INFO] [1774079175.659895905] [main_controller_node]: No pending queue found or unexpected format.[0m
[delivery_robot_main_controller-20] [0m[INFO] [1774079176.595680122] [main_controller_node]: Current state: STANDBY, dock_state DOCKED, charge_state CHARGING[0m
[delivery_robot_main_controller-20] [0m[INFO] [1774079177.572512381] [main_controller_node]: Current state: STANDBY, dock_state DOCKED, charge_state CHARGING[0m
[delivery_robot_main_controller-20] [0m[INFO] [1774079177.639138304] [main_controller_node]: No pending queue found or unexpected format.[0m
[delivery_robot_main_controller-20] [0m[INFO] [1774079178.549076313] [main_controller_node]: Current state: STANDBY, dock_state DOCKED, charge_state CHARGING[0m
[delivery_robot_main_controller-20] [0m[INFO] [1774079179.550791431] [main_controller_node]: Current state: STANDBY, dock_state DOCKED, charge_state CHARGING[0m
[delivery_robot_main_controller-20] [0m[INFO] [1774079179.633950901] [main_controller_node]: No pending queue found or unexpected format.[0m
[delivery_robot_main_controller-20] [0m[INFO] [1774079180.599429762] [main_controller_node]: Current state: STANDBY, dock_state DOCKED, charge_state CHARGING[0m
[delivery_robot_main_controller-20] [0m[INFO] [1774079181.597661601] [main_controller_node]: Current state: STANDBY, dock_state DOCKED, charge_state CHARGING[0m
[delivery_robot_main_controller-20] [0m[INFO] [1774079181.676110491] [main_controller_node]: No pending queue found or unexpected format.[0m
[delivery_robot_main_controller-20] [0m[INFO] [1774079182.556395272] [main_controller_node]: Current state: STANDBY, dock_state DOCKED, charge_state CHARGING[0m
[delivery_robot_main_controller-20] [0m[INFO] [1774079183.583022415] [main_controller_node]: Current state: STANDBY, dock_state DOCKED, charge_state CHARGING[0m
[delivery_robot_main_controller-20] [0m[INFO] [1774079183.678699000] [main_controller_node]: No pending queue found or unexpected format.[0m
[delivery_robot_main_controller-20] [0m[INFO] [1774079184.556061069] [main_controller_node]: Current state: STANDBY, dock_state DOCKED, charge_state CHARGING[0m
[delivery_robot_main_controller-20] [0m[INFO] [1774079185.596757243] [main_controller_node]: Current state: STANDBY, dock_state DOCKED, charge_state CHARGING[0m
[delivery_robot_main_controller-20] [0m[INFO] [1774079185.678654706] [main_controller_node]: No pending queue found or unexpected format.[0m
[delivery_robot_main_controller-20] [0m[INFO] [1774079186.557123912] [main_controller_node]: Current state: STANDBY, dock_state DOCKED, charge_state CHARGING[0m
[delivery_robot_main_controller-20] [0m[INFO] [1774079187.579845162] [main_controller_node]: Current state: STANDBY, dock_state DOCKED, charge_state CHARGING[0m
[delivery_robot_main_controller-20] [0m[INFO] [1774079187.639818351] [main_controller_node]: No pending queue found or unexpected format.[0m
[delivery_robot_main_controller-20] [0m[INFO] [1774079188.548758304] [main_controller_node]: Current state: STANDBY, dock_state DOCKED, charge_state CHARGING[0m
[delivery_robot_main_controller-20] [0m[INFO] [1774079189.548521934] [main_controller_node]: Current state: STANDBY, dock_state DOCKED, charge_state CHARGING[0m
[delivery_robot_main_controller-20] [0m[INFO] [1774079189.609702590] [main_controller_node]: No pending queue found or unexpected format.[0m
[delivery_robot_main_controller-20] [0m[INFO] [1774079190.557021033] [main_controller_node]: Current state: STANDBY, dock_state DOCKED, charge_state CHARGING[0m
[delivery_robot_main_controller-20] [0m[INFO] [1774079191.588781368] [main_controller_node]: Current state: STANDBY, dock_state DOCKED, charge_state CHARGING[0m
[delivery_robot_main_controller-20] [0m[INFO] [1774079191.671290148] [main_controller_node]: No pending queue found or unexpected format.[0m
[delivery_robot_main_controller-20] [0m[INFO] [1774079192.572319443] [main_controller_node]: Current state: STANDBY, dock_state DOCKED, charge_state CHARGING[0m
[delivery_robot_main_controller-20] [0m[INFO] [1774079193.561950267] [main_controller_node]: Current state: STANDBY, dock_state DOCKED, charge_state CHARGING[0m
[delivery_robot_main_controller-20] [0m[INFO] [1774079193.644897118] [main_controller_node]: No pending queue found or unexpected format.[0m
[delivery_robot_main_controller-20] [0m[INFO] [1774079194.570858563] [main_controller_node]: Current state: STANDBY, dock_state DOCKED, charge_state CHARGING[0m
[delivery_robot_main_controller-20] [0m[INFO] [1774079195.548953120] [main_controller_node]: Current state: STANDBY, dock_state DOCKED, charge_state CHARGING[0m
[delivery_robot_main_controller-20] [0m[INFO] [1774079195.637190367] [main_controller_node]: No pending queue found or unexpected format.[0m
[delivery_robot_main_controller-20] [0m[INFO] [1774079196.577619832] [main_controller_node]: Current state: STANDBY, dock_state DOCKED, charge_state CHARGING[0m
[delivery_robot_main_controller-20] [0m[INFO] [1774079197.627385424] [main_controller_node]: Current state: STANDBY, dock_state DOCKED, charge_state CHARGING[0m
[delivery_robot_main_controller-20] [0m[INFO] [1774079197.722911514] [main_controller_node]: No pending queue found or unexpected format.[0m
[delivery_robot_main_controller-20] [0m[INFO] [1774079198.599045700] [main_controller_node]: Current state: STANDBY, dock_state DOCKED, charge_state CHARGING[0m
[delivery_robot_main_controller-20] [0m[INFO] [1774079199.550051875] [main_controller_node]: Current state: STANDBY, dock_state DOCKED, charge_state CHARGING[0m
[delivery_robot_main_controller-20] [0m[INFO] [1774079199.635971019] [main_controller_node]: No pending queue found or unexpected format.[0m
[delivery_robot_main_controller-20] [0m[INFO] [1774079200.549557386] [main_controller_node]: Current state: STANDBY, dock_state DOCKED, charge_state CHARGING[0m
[delivery_robot_main_controller-20] [0m[INFO] [1774079201.554325879] [main_controller_node]: Current state: STANDBY, dock_state DOCKED, charge_state CHARGING[0m
[delivery_robot_main_controller-20] [0m[INFO] [1774079201.623898138] [main_controller_node]: No pending queue found or unexpected format.[0m
[delivery_robot_main_controller-20] [0m[INFO] [1774079202.564819048] [main_controller_node]: Current state: STANDBY, dock_state DOCKED, charge_state CHARGING[0m
[delivery_robot_main_controller-20] [0m[INFO] [1774079203.561337683] [main_controller_node]: Current state: STANDBY, dock_state DOCKED, charge_state CHARGING[0m
[delivery_robot_main_controller-20] [0m[INFO] [1774079203.629578812] [main_controller_node]: No pending queue found or unexpected format.[0m
[delivery_robot_main_controller-20] [0m[INFO] [1774079204.556696392] [main_controller_node]: Current state: STANDBY, dock_state DOCKED, charge_state CHARGING[0m
[delivery_robot_main_controller-20] [0m[INFO] [1774079205.558814582] [main_controller_node]: Current state: STANDBY, dock_state DOCKED, charge_state CHARGING[0m
[delivery_robot_main_controller-20] [0m[INFO] [1774079205.625490379] [main_controller_node]: No pending queue found or unexpected format.[0m
[delivery_robot_main_controller-20] [0m[INFO] [1774079206.556188652] [main_controller_node]: Current state: STANDBY, dock_state DOCKED, charge_state CHARGING[0m
[delivery_robot_main_controller-20] [0m[INFO] [1774079207.556801884] [main_controller_node]: Current state: STANDBY, dock_state DOCKED, charge_state CHARGING[0m
[delivery_robot_main_controller-20] [0m[INFO] [1774079207.637022601] [main_controller_node]: No pending queue found or unexpected format.[0m
[delivery_robot_main_controller-20] [0m[INFO] [1774079208.593639122] [main_controller_node]: Current state: STANDBY, dock_state DOCKED, charge_state CHARGING[0m
[delivery_robot_main_controller-20] [0m[INFO] [1774079209.618943593] [main_controller_node]: Current state: STANDBY, dock_state DOCKED, charge_state CHARGING[0m
[delivery_robot_main_controller-20] [0m[INFO] [1774079209.673793798] [main_controller_node]: No pending queue found or unexpected format.[0m
[delivery_robot_main_controller-20] [0m[INFO] [1774079210.555442957] [main_controller_node]: Current state: STANDBY, dock_state DOCKED, charge_state CHARGING[0m
[delivery_robot_main_controller-20] [0m[INFO] [1774079211.554530558] [main_controller_node]: Current state: STANDBY, dock_state DOCKED, charge_state CHARGING[0m
[delivery_robot_main_controller-20] [0m[INFO] [1774079211.650842308] [main_controller_node]: No pending queue found or unexpected format.[0m
[delivery_robot_main_controller-20] [0m[INFO] [1774079212.606602768] [main_controller_node]: Current state: STANDBY, dock_state DOCKED, charge_state CHARGING[0m
[delivery_robot_main_controller-20] [0m[INFO] [1774079213.563441774] [main_controller_node]: Current state: STANDBY, dock_state DOCKED, charge_state CHARGING[0m
[delivery_robot_main_controller-20] [0m[INFO] [1774079213.629611387] [main_controller_node]: No pending queue found or unexpected format.[0m
[delivery_robot_main_controller-20] [0m[INFO] [1774079214.562289261] [main_controller_node]: Current state: STANDBY, dock_state DOCKED, charge_state CHARGING[0m
[delivery_robot_main_controller-20] [0m[INFO] [1774079215.560364733] [main_controller_node]: Current state: STANDBY, dock_state DOCKED, charge_state CHARGING[0m
[delivery_robot_main_controller-20] [0m[INFO] [1774079215.651435412] [main_controller_node]: No pending queue found or unexpected format.[0m
[delivery_robot_main_controller-20] [0m[INFO] [1774079216.556349610] [main_controller_node]: Current state: STANDBY, dock_state DOCKED, charge_state CHARGING[0m
[delivery_robot_main_controller-20] [0m[INFO] [1774079217.573681132] [main_controller_node]: Current state: STANDBY, dock_state DOCKED, charge_state CHARGING[0m
[delivery_robot_main_controller-20] [0m[INFO] [1774079217.671556453] [main_controller_node]: No pending queue found or unexpected format.[0m
[delivery_robot_main_controller-20] [0m[INFO] [1774079218.605615905] [main_controller_node]: Current state: STANDBY, dock_state DOCKED, charge_state CHARGING[0m
[delivery_robot_main_controller-20] [0m[INFO] [1774079219.566724182] [main_controller_node]: Current state: STANDBY, dock_state DOCKED, charge_state CHARGING[0m
[delivery_robot_main_controller-20] [0m[INFO] [1774079219.636549129] [main_controller_node]: No pending queue found or unexpected format.[0m
[delivery_robot_main_controller-20] [0m[INFO] [1774079220.549619506] [main_controller_node]: Current state: STANDBY, dock_state DOCKED, charge_state CHARGING[0m
[delivery_robot_main_controller-20] [0m[INFO] [1774079221.550788872] [main_controller_node]: Current state: STANDBY, dock_state DOCKED, charge_state CHARGING[0m
[delivery_robot_main_controller-20] [0m[INFO] [1774079221.607075115] [main_controller_node]: No pending queue found or unexpected format.[0m
[delivery_robot_main_controller-20] [0m[INFO] [1774079222.556473084] [main_controller_node]: Current state: STANDBY, dock_state DOCKED, charge_state CHARGING[0m
[delivery_robot_main_controller-20] [0m[INFO] [1774079223.597387092] [main_controller_node]: Current state: STANDBY, dock_state DOCKED, charge_state CHARGING[0m
[delivery_robot_main_controller-20] [0m[INFO] [1774079223.663776031] [main_controller_node]: No pending queue found or unexpected format.[0m
[delivery_robot_main_controller-20] [0m[INFO] [1774079224.588345557] [main_controller_node]: Current state: STANDBY, dock_state DOCKED, charge_state CHARGING[0m
[delivery_robot_main_controller-20] [0m[INFO] [1774079225.569636186] [main_controller_node]: Current state: STANDBY, dock_state DOCKED, charge_state CHARGING[0m
[delivery_robot_main_controller-20] [0m[INFO] [1774079225.643138924] [main_controller_node]: No pending queue found or unexpected format.[0m
[delivery_robot_main_controller-20] [0m[INFO] [1774079226.548414192] [main_controller_node]: Current state: STANDBY, dock_state DOCKED, charge_state CHARGING[0m
[delivery_robot_main_controller-20] [0m[INFO] [1774079227.549199738] [main_controller_node]: Current state: STANDBY, dock_state DOCKED, charge_state CHARGING[0m
[delivery_robot_main_controller-20] [0m[INFO] [1774079227.623785106] [main_controller_node]: No pending queue found or unexpected format.[0m
[delivery_robot_main_controller-20] [0m[INFO] [1774079228.554933240] [main_controller_node]: Current state: STANDBY, dock_state DOCKED, charge_state CHARGING[0m
[delivery_robot_main_controller-20] [0m[INFO] [1774079229.579723591] [main_controller_node]: Current state: STANDBY, dock_state DOCKED, charge_state CHARGING[0m
[delivery_robot_main_controller-20] [0m[INFO] [1774079229.649176384] [main_controller_node]: No pending queue found or unexpected format.[0m
[delivery_robot_main_controller-20] [0m[INFO] [1774079230.569590677] [main_controller_node]: Current state: STANDBY, dock_state DOCKED, charge_state CHARGING[0m
[delivery_robot_main_controller-20] [0m[INFO] [1774079231.553965867] [main_controller_node]: Current state: STANDBY, dock_state DOCKED, charge_state CHARGING[0m
[delivery_robot_main_controller-20] [0m[INFO] [1774079231.654636426] [main_controller_node]: No pending queue found or unexpected format.[0m
[delivery_robot_main_controller-20] [0m[INFO] [1774079232.553272713] [main_controller_node]: Current state: STANDBY, dock_state DOCKED, charge_state CHARGING[0m
[delivery_robot_main_controller-20] [0m[INFO] [1774079233.553744728] [main_controller_node]: Current state: STANDBY, dock_state DOCKED, charge_state CHARGING[0m
[delivery_robot_main_controller-20] [0m[INFO] [1774079233.625772558] [main_controller_node]: No pending queue found or unexpected format.[0m
[delivery_robot_main_controller-20] [0m[INFO] [1774079234.572370623] [main_controller_node]: Current state: STANDBY, dock_state DOCKED, charge_state CHARGING[0m
[delivery_robot_main_controller-20] [0m[INFO] [1774079235.567072793] [main_controller_node]: Current state: STANDBY, dock_state DOCKED, charge_state CHARGING[0m
[delivery_robot_main_controller-20] [0m[INFO] [1774079235.656327618] [main_controller_node]: No pending queue found or unexpected format.[0m
[delivery_robot_main_controller-20] [0m[INFO] [1774079236.572084736] [main_controller_node]: Current state: STANDBY, dock_state DOCKED, charge_state CHARGING[0m
[delivery_robot_main_controller-20] [0m[INFO] [1774079237.555006893] [main_controller_node]: Current state: STANDBY, dock_state DOCKED, charge_state CHARGING[0m
[delivery_robot_main_controller-20] [0m[INFO] [1774079237.639262138] [main_controller_node]: No pending queue found or unexpected format.[0m
[delivery_robot_main_controller-20] [0m[INFO] [1774079238.596097353] [main_controller_node]: Current state: STANDBY, dock_state DOCKED, charge_state CHARGING[0m
[delivery_robot_main_controller-20] [0m[INFO] [1774079239.555535020] [main_controller_node]: Current state: STANDBY, dock_state DOCKED, charge_state CHARGING[0m
[delivery_robot_main_controller-20] [0m[INFO] [1774079239.644589768] [main_controller_node]: No pending queue found or unexpected format.[0m
[delivery_robot_main_controller-20] [0m[INFO] [1774079240.570241924] [main_controller_node]: Current state: STANDBY, dock_state DOCKED, charge_state CHARGING[0m
[delivery_robot_main_controller-20] [0m[INFO] [1774079241.558683975] [main_controller_node]: Current state: STANDBY, dock_state DOCKED, charge_state CHARGING[0m
[delivery_robot_main_controller-20] [0m[INFO] [1774079241.635955209] [main_controller_node]: No pending queue found or unexpected format.[0m
[delivery_robot_main_controller-20] [0m[INFO] [1774079242.549744228] [main_controller_node]: Current state: STANDBY, dock_state DOCKED, charge_state CHARGING[0m
[delivery_robot_main_controller-20] [0m[INFO] [1774079243.551114838] [main_controller_node]: Current state: STANDBY, dock_state DOCKED, charge_state CHARGING[0m
[delivery_robot_main_controller-20] [0m[INFO] [1774079243.622764389] [main_controller_node]: No pending queue found or unexpected format.[0m
[delivery_robot_main_controller-20] [0m[INFO] [1774079244.600912709] [main_controller_node]: Current state: STANDBY, dock_state DOCKED, charge_state CHARGING[0m
[delivery_robot_main_controller-20] [0m[INFO] [1774079245.565276458] [main_controller_node]: Current state: STANDBY, dock_state DOCKED, charge_state CHARGING[0m
[delivery_robot_main_controller-20] [0m[INFO] [1774079245.656698583] [main_controller_node]: No pending queue found or unexpected format.[0m
[delivery_robot_main_controller-20] [0m[INFO] [1774079246.555819312] [main_controller_node]: Current state: STANDBY, dock_state DOCKED, charge_state CHARGING[0m
[delivery_robot_main_controller-20] [0m[INFO] [1774079247.606984469] [main_controller_node]: Current state: STANDBY, dock_state DOCKED, charge_state CHARGING[0m
[delivery_robot_main_controller-20] [0m[INFO] [1774079247.677568307] [main_controller_node]: No pending queue found or unexpected format.[0m
[delivery_robot_main_controller-20] [0m[INFO] [1774079248.556313899] [main_controller_node]: Current state: STANDBY, dock_state DOCKED, charge_state CHARGING[0m
[delivery_robot_main_controller-20] [0m[INFO] [1774079249.565629820] [main_controller_node]: Current state: STANDBY, dock_state DOCKED, charge_state CHARGING[0m
[delivery_robot_main_controller-20] [0m[INFO] [1774079249.650937363] [main_controller_node]: No pending queue found or unexpected format.[0m
[delivery_robot_main_controller-20] [0m[INFO] [1774079250.606761404] [main_controller_node]: Current state: STANDBY, dock_state DOCKED, charge_state CHARGING[0m
[delivery_robot_main_controller-20] [0m[INFO] [1774079251.559304599] [main_controller_node]: Current state: STANDBY, dock_state DOCKED, charge_state CHARGING[0m
[delivery_robot_main_controller-20] [0m[INFO] [1774079251.636148264] [main_controller_node]: No pending queue found or unexpected format.[0m
[delivery_robot_main_controller-20] [0m[INFO] [1774079252.557212951] [main_controller_node]: Current state: STANDBY, dock_state DOCKED, charge_state CHARGING[0m
[delivery_robot_main_controller-20] [0m[INFO] [1774079253.550604125] [main_controller_node]: Current state: STANDBY, dock_state DOCKED, charge_state CHARGING[0m
[delivery_robot_main_controller-20] [0m[INFO] [1774079253.613026533] [main_controller_node]: No pending queue found or unexpected format.[0m
[delivery_robot_main_controller-20] [0m[INFO] [1774079254.549595982] [main_controller_node]: Current state: STANDBY, dock_state DOCKED, charge_state CHARGING[0m
[delivery_robot_main_controller-20] [0m[INFO] [1774079255.605767135] [main_controller_node]: Current state: STANDBY, dock_state DOCKED, charge_state CHARGING[0m
[delivery_robot_main_controller-20] [0m[INFO] [1774079255.696861730] [main_controller_node]: No pending queue found or unexpected format.[0m
[delivery_robot_main_controller-20] [0m[INFO] [1774079256.606418227] [main_controller_node]: Current state: STANDBY, dock_state DOCKED, charge_state CHARGING[0m
[delivery_robot_main_controller-20] [0m[INFO] [1774079257.602459394] [main_controller_node]: Current state: STANDBY, dock_state DOCKED, charge_state CHARGING[0m
[delivery_robot_main_controller-20] [0m[INFO] [1774079257.659173789] [main_controller_node]: No pending queue found or unexpected format.[0m
[delivery_robot_main_controller-20] [0m[INFO] [1774079258.556894274] [main_controller_node]: Current state: STANDBY, dock_state DOCKED, charge_state CHARGING[0m
[delivery_robot_main_controller-20] [0m[INFO] [1774079259.554904123] [main_controller_node]: Current state: STANDBY, dock_state DOCKED, charge_state CHARGING[0m
[delivery_robot_main_controller-20] [0m[INFO] [1774079259.647255175] [main_controller_node]: No pending queue found or unexpected format.[0m
[delivery_robot_main_controller-20] [0m[INFO] [1774079260.561519595] [main_controller_node]: Current state: STANDBY, dock_state DOCKED, charge_state CHARGING[0m
[delivery_robot_main_controller-20] [0m[INFO] [1774079261.574915501] [main_controller_node]: Current state: STANDBY, dock_state DOCKED, charge_state CHARGING[0m
[delivery_robot_main_controller-20] [0m[INFO] [1774079261.647536853] [main_controller_node]: No pending queue found or unexpected format.[0m
[delivery_robot_main_controller-20] [0m[INFO] [1774079262.574921157] [main_controller_node]: Current state: STANDBY, dock_state DOCKED, charge_state CHARGING[0m
[delivery_robot_main_controller-20] [0m[INFO] [1774079263.548945743] [main_controller_node]: Current state: STANDBY, dock_state DOCKED, charge_state CHARGING[0m
[delivery_robot_main_controller-20] [0m[INFO] [1774079263.594616849] [main_controller_node]: No pending queue found or unexpected format.[0m
[delivery_robot_main_controller-20] [0m[INFO] [1774079264.548066804] [main_controller_node]: Current state: STANDBY, dock_state DOCKED, charge_state CHARGING[0m
[delivery_robot_main_controller-20] [0m[INFO] [1774079265.556988697] [main_controller_node]: Current state: STANDBY, dock_state DOCKED, charge_state CHARGING[0m
[delivery_robot_main_controller-20] [0m[INFO] [1774079265.635381059] [main_controller_node]: No pending queue found or unexpected format.[0m
[delivery_robot_main_controller-20] [0m[INFO] [1774079266.579563623] [main_controller_node]: Current state: STANDBY, dock_state DOCKED, charge_state CHARGING[0m
[delivery_robot_main_controller-20] [0m[INFO] [1774079267.600616977] [main_controller_node]: Current state: STANDBY, dock_state DOCKED, charge_state CHARGING[0m
[delivery_robot_main_controller-20] [0m[INFO] [1774079267.695156037] [main_controller_node]: No pending queue found or unexpected format.[0m
[delivery_robot_main_controller-20] [0m[INFO] [1774079268.611338683] [main_controller_node]: Current state: STANDBY, dock_state DOCKED, charge_state CHARGING[0m
[delivery_robot_main_controller-20] [0m[INFO] [1774079269.564658851] [main_controller_node]: Current state: STANDBY, dock_state DOCKED, charge_state CHARGING[0m
[delivery_robot_main_controller-20] [0m[INFO] [1774079269.638877898] [main_controller_node]: No pending queue found or unexpected format.[0m
[delivery_robot_main_controller-20] [0m[INFO] [1774079270.629322464] [main_controller_node]: Current state: STANDBY, dock_state DOCKED, charge_state CHARGING[0m
[delivery_robot_main_controller-20] [0m[INFO] [1774079271.557754983] [main_controller_node]: Current state: STANDBY, dock_state DOCKED, charge_state CHARGING[0m
[delivery_robot_main_controller-20] [0m[INFO] [1774079271.640949764] [main_controller_node]: No pending queue found or unexpected format.[0m
[delivery_robot_main_controller-20] [0m[INFO] [1774079272.555188810] [main_controller_node]: Current state: STANDBY, dock_state DOCKED, charge_state CHARGING[0m
[delivery_robot_main_controller-20] [0m[INFO] [1774079273.558236445] [main_controller_node]: Current state: STANDBY, dock_state DOCKED, charge_state CHARGING[0m
[delivery_robot_main_controller-20] [0m[INFO] [1774079273.624997247] [main_controller_node]: No pending queue found or unexpected format.[0m
[delivery_robot_main_controller-20] [0m[INFO] [1774079274.554836717] [main_controller_node]: Current state: STANDBY, dock_state DOCKED, charge_state CHARGING[0m
[delivery_robot_main_controller-20] [0m[INFO] [1774079275.557548364] [main_controller_node]: Current state: STANDBY, dock_state DOCKED, charge_state CHARGING[0m
[delivery_robot_main_controller-20] [0m[INFO] [1774079275.639507980] [main_controller_node]: No pending queue found or unexpected format.[0m
[delivery_robot_main_controller-20] [0m[INFO] [1774079276.613012018] [main_controller_node]: Current state: STANDBY, dock_state DOCKED, charge_state CHARGING[0m
[delivery_robot_main_controller-20] [0m[INFO] [1774079277.560911235] [main_controller_node]: Current state: STANDBY, dock_state DOCKED, charge_state CHARGING[0m
[delivery_robot_main_controller-20] [0m[INFO] [1774079277.634153821] [main_controller_node]: No pending queue found or unexpected format.[0m
[delivery_robot_main_controller-20] [0m[INFO] [1774079278.613459508] [main_controller_node]: Current state: STANDBY, dock_state DOCKED, charge_state CHARGING[0m
[delivery_robot_main_controller-20] [0m[INFO] [1774079279.552251161] [main_controller_node]: Current state: STANDBY, dock_state DOCKED, charge_state CHARGING[0m
[delivery_robot_main_controller-20] [0m[INFO] [1774079279.605152440] [main_controller_node]: No pending queue found or unexpected format.[0m
[delivery_robot_main_controller-20] [0m[INFO] [1774079280.555901726] [main_controller_node]: Current state: STANDBY, dock_state DOCKED, charge_state CHARGING[0m
[delivery_robot_main_controller-20] [0m[INFO] [1774079281.578075702] [main_controller_node]: Current state: STANDBY, dock_state DOCKED, charge_state CHARGING[0m
[delivery_robot_main_controller-20] [0m[INFO] [1774079281.660147612] [main_controller_node]: No pending queue found or unexpected format.[0m
[delivery_robot_main_controller-20] [0m[INFO] [1774079282.624914212] [main_controller_node]: Current state: STANDBY, dock_state DOCKED, charge_state CHARGING[0m
[delivery_robot_main_controller-20] [0m[INFO] [1774079283.576510469] [main_controller_node]: Current state: STANDBY, dock_state DOCKED, charge_state CHARGING[0m
[delivery_robot_main_controller-20] [0m[INFO] [1774079283.639286370] [main_controller_node]: No pending queue found or unexpected format.[0m
[delivery_robot_main_controller-20] [0m[INFO] [1774079284.550436257] [main_controller_node]: Current state: STANDBY, dock_state DOCKED, charge_state CHARGING[0m
[delivery_robot_main_controller-20] [0m[INFO] [1774079285.557111595] [main_controller_node]: Current state: STANDBY, dock_state DOCKED, charge_state CHARGING[0m
[delivery_robot_main_controller-20] [0m[INFO] [1774079285.633700649] [main_controller_node]: No pending queue found or unexpected format.[0m
[delivery_robot_main_controller-20] [0m[INFO] [1774079286.549871407] [main_controller_node]: Current state: STANDBY, dock_state DOCKED, charge_state CHARGING[0m
[delivery_robot_main_controller-20] [0m[INFO] [1774079287.556474705] [main_controller_node]: Current state: STANDBY, dock_state DOCKED, charge_state CHARGING[0m
[delivery_robot_main_controller-20] [0m[INFO] [1774079287.634829450] [main_controller_node]: No pending queue found or unexpected format.[0m
[delivery_robot_main_controller-20] [0m[INFO] [1774079288.565887241] [main_controller_node]: Current state: STANDBY, dock_state DOCKED, charge_state CHARGING[0m
[delivery_robot_main_controller-20] [0m[INFO] [1774079289.554995803] [main_controller_node]: Current state: STANDBY, dock_state DOCKED, charge_state CHARGING[0m
[delivery_robot_main_controller-20] [0m[INFO] [1774079289.610716819] [main_controller_node]: No pending queue found or unexpected format.[0m
[delivery_robot_main_controller-20] [0m[INFO] [1774079290.555233693] [main_controller_node]: Current state: STANDBY, dock_state DOCKED, charge_state CHARGING[0m
[delivery_robot_main_controller-20] [0m[INFO] [1774079291.554673027] [main_controller_node]: Current state: STANDBY, dock_state DOCKED, charge_state CHARGING[0m
[delivery_robot_main_controller-20] [0m[INFO] [1774079291.614596526] [main_controller_node]: No pending queue found or unexpected format.[0m
[delivery_robot_main_controller-20] [0m[INFO] [1774079292.550127456] [main_controller_node]: Current state: STANDBY, dock_state DOCKED, charge_state CHARGING[0m
[delivery_robot_main_controller-20] [0m[INFO] [1774079293.593977359] [main_controller_node]: Current state: STANDBY, dock_state DOCKED, charge_state CHARGING[0m
[delivery_robot_main_controller-20] [0m[INFO] [1774079293.674774437] [main_controller_node]: No pending queue found or unexpected format.[0m
[delivery_robot_main_controller-20] [0m[INFO] [1774079294.557853531] [main_controller_node]: Current state: STANDBY, dock_state DOCKED, charge_state CHARGING[0m
[delivery_robot_main_controller-20] [0m[INFO] [1774079295.559112804] [main_controller_node]: Current state: STANDBY, dock_state DOCKED, charge_state CHARGING[0m
[delivery_robot_main_controller-20] [0m[INFO] [1774079295.660444848] [main_controller_node]: No pending queue found or unexpected format.[0m
[delivery_robot_main_controller-20] [0m[INFO] [1774079296.550223005] [main_controller_node]: Current state: STANDBY, dock_state DOCKED, charge_state CHARGING[0m
[delivery_robot_main_controller-20] [0m[INFO] [1774079297.549041986] [main_controller_node]: Current state: STANDBY, dock_state DOCKED, charge_state CHARGING[0m
[delivery_robot_main_controller-20] [0m[INFO] [1774079297.621180359] [main_controller_node]: No pending queue found or unexpected format.[0m
[delivery_robot_main_controller-20] [0m[INFO] [1774079298.609795146] [main_controller_node]: Current state: STANDBY, dock_state DOCKED, charge_state CHARGING[0m
[delivery_robot_main_controller-20] [0m[INFO] [1774079299.579675947] [main_controller_node]: Current state: STANDBY, dock_state DOCKED, charge_state CHARGING[0m
[delivery_robot_main_controller-20] [0m[INFO] [1774079299.671539356] [main_controller_node]: No pending queue found or unexpected format.[0m
[delivery_robot_main_controller-20] [0m[INFO] [1774079300.563736805] [main_controller_node]: Current state: STANDBY, dock_state DOCKED, charge_state CHARGING[0m
[delivery_robot_main_controller-20] [0m[INFO] [1774079301.554631473] [main_controller_node]: Current state: STANDBY, dock_state DOCKED, charge_state CHARGING[0m
[delivery_robot_main_controller-20] [0m[INFO] [1774079301.634798281] [main_controller_node]: No pending queue found or unexpected format.[0m
[delivery_robot_main_controller-20] [0m[INFO] [1774079302.597148796] [main_controller_node]: Current state: STANDBY, dock_state DOCKED, charge_state CHARGING[0m
[delivery_robot_main_controller-20] [0m[INFO] [1774079303.550762735] [main_controller_node]: Current state: STANDBY, dock_state DOCKED, charge_state CHARGING[0m
[delivery_robot_main_controller-20] [0m[INFO] [1774079303.633882567] [main_controller_node]: No pending queue found or unexpected format.[0m
[delivery_robot_main_controller-20] [0m[INFO] [1774079304.562379029] [main_controller_node]: Current state: STANDBY, dock_state DOCKED, charge_state CHARGING[0m
[delivery_robot_main_controller-20] [0m[INFO] [1774079305.604442535] [main_controller_node]: Current state: STANDBY, dock_state DOCKED, charge_state CHARGING[0m
[delivery_robot_main_controller-20] [0m[INFO] [1774079305.665092550] [main_controller_node]: No pending queue found or unexpected format.[0m
[delivery_robot_main_controller-20] [0m[INFO] [1774079306.555522852] [main_controller_node]: Current state: STANDBY, dock_state DOCKED, charge_state CHARGING[0m
[delivery_robot_main_controller-20] [0m[INFO] [1774079307.550415841] [main_controller_node]: Current state: STANDBY, dock_state DOCKED, charge_state CHARGING[0m
[delivery_robot_main_controller-20] [0m[INFO] [1774079307.616085560] [main_controller_node]: No pending queue found or unexpected format.[0m
[delivery_robot_main_controller-20] [0m[INFO] [1774079308.597563215] [main_controller_node]: Current state: STANDBY, dock_state DOCKED, charge_state CHARGING[0m
[delivery_robot_main_controller-20] [0m[INFO] [1774079309.597213709] [main_controller_node]: Current state: STANDBY, dock_state DOCKED, charge_state CHARGING[0m
[delivery_robot_main_controller-20] [0m[INFO] [1774079309.685370453] [main_controller_node]: No pending queue found or unexpected format.[0m
[delivery_robot_main_controller-20] [0m[INFO] [1774079310.573573955] [main_controller_node]: Current state: STANDBY, dock_state DOCKED, charge_state CHARGING[0m
[delivery_robot_main_controller-20] [0m[INFO] [1774079311.598320343] [main_controller_node]: Current state: STANDBY, dock_state DOCKED, charge_state CHARGING[0m
[delivery_robot_main_controller-20] [0m[INFO] [1774079311.676741877] [main_controller_node]: No pending queue found or unexpected format.[0m
[delivery_robot_main_controller-20] [0m[INFO] [1774079312.548360904] [main_controller_node]: Current state: STANDBY, dock_state DOCKED, charge_state CHARGING[0m
[delivery_robot_main_controller-20] [0m[INFO] [1774079313.598328599] [main_controller_node]: Current state: STANDBY, dock_state DOCKED, charge_state CHARGING[0m
[delivery_robot_main_controller-20] [0m[INFO] [1774079313.729212469] [main_controller_node]: No pending queue found or unexpected format.[0m
[delivery_robot_main_controller-20] [0m[INFO] [1774079314.559845268] [main_controller_node]: Current state: STANDBY, dock_state DOCKED, charge_state CHARGING[0m
[delivery_robot_main_controller-20] [0m[INFO] [1774079315.607354005] [main_controller_node]: Current state: STANDBY, dock_state DOCKED, charge_state CHARGING[0m
[delivery_robot_main_controller-20] [0m[INFO] [1774079315.702047359] [main_controller_node]: No pending queue found or unexpected format.[0m
[delivery_robot_main_controller-20] [0m[INFO] [1774079316.557134991] [main_controller_node]: Current state: STANDBY, dock_state DOCKED, charge_state CHARGING[0m
[delivery_robot_main_controller-20] [0m[INFO] [1774079317.549775515] [main_controller_node]: Current state: STANDBY, dock_state DOCKED, charge_state CHARGING[0m
[delivery_robot_main_controller-20] [0m[INFO] [1774079317.628589328] [main_controller_node]: No pending queue found or unexpected format.[0m
[delivery_robot_main_controller-20] [0m[INFO] [1774079318.548764532] [main_controller_node]: Current state: STANDBY, dock_state DOCKED, charge_state CHARGING[0m
[delivery_robot_main_controller-20] [0m[INFO] [1774079319.556659286] [main_controller_node]: Current state: STANDBY, dock_state DOCKED, charge_state CHARGING[0m
[delivery_robot_main_controller-20] [0m[INFO] [1774079319.648215580] [main_controller_node]: No pending queue found or unexpected format.[0m
[delivery_robot_main_controller-20] [0m[INFO] [1774079320.612553153] [main_controller_node]: Current state: STANDBY, dock_state DOCKED, charge_state CHARGING[0m
[delivery_robot_main_controller-20] [0m[INFO] [1774079321.616132847] [main_controller_node]: Current state: STANDBY, dock_state DOCKED, charge_state CHARGING[0m
[delivery_robot_main_controller-20] [0m[INFO] [1774079321.686183541] [main_controller_node]: No pending queue found or unexpected format.[0m
[delivery_robot_main_controller-20] [0m[INFO] [1774079322.554692924] [main_controller_node]: Current state: STANDBY, dock_state DOCKED, charge_state CHARGING[0m
[delivery_robot_main_controller-20] [0m[INFO] [1774079323.550984407] [main_controller_node]: Current state: STANDBY, dock_state DOCKED, charge_state CHARGING[0m
[delivery_robot_main_controller-20] [0m[INFO] [1774079323.619963263] [main_controller_node]: No pending queue found or unexpected format.[0m
[delivery_robot_main_controller-20] [0m[INFO] [1774079324.554439563] [main_controller_node]: Current state: STANDBY, dock_state DOCKED, charge_state CHARGING[0m
[delivery_robot_main_controller-20] [0m[INFO] [1774079325.575445162] [main_controller_node]: Current state: STANDBY, dock_state DOCKED, charge_state CHARGING[0m
[delivery_robot_main_controller-20] [0m[INFO] [1774079325.657916932] [main_controller_node]: No pending queue found or unexpected format.[0m
[delivery_robot_main_controller-20] [0m[INFO] [1774079326.554134579] [main_controller_node]: Current state: STANDBY, dock_state DOCKED, charge_state CHARGING[0m
[delivery_robot_main_controller-20] [0m[INFO] [1774079327.558283877] [main_controller_node]: Current state: STANDBY, dock_state DOCKED, charge_state CHARGING[0m
[delivery_robot_main_controller-20] [0m[INFO] [1774079327.613572075] [main_controller_node]: No pending queue found or unexpected format.[0m
[delivery_robot_main_controller-20] [0m[INFO] [1774079328.554422824] [main_controller_node]: Current state: STANDBY, dock_state DOCKED, charge_state CHARGING[0m
[delivery_robot_main_controller-20] [0m[INFO] [1774079329.548746208] [main_controller_node]: Current state: STANDBY, dock_state DOCKED, charge_state CHARGING[0m
[delivery_robot_main_controller-20] [0m[INFO] [1774079329.642840791] [main_controller_node]: No pending queue found or unexpected format.[0m
[delivery_robot_main_controller-20] [0m[INFO] [1774079330.563827967] [main_controller_node]: Current state: STANDBY, dock_state DOCKED, charge_state CHARGING[0m
[delivery_robot_main_controller-20] [0m[INFO] [1774079331.592388058] [main_controller_node]: Current state: STANDBY, dock_state DOCKED, charge_state CHARGING[0m
[delivery_robot_main_controller-20] [0m[INFO] [1774079331.697130445] [main_controller_node]: No pending queue found or unexpected format.[0m
[delivery_robot_main_controller-20] [0m[INFO] [1774079332.607660561] [main_controller_node]: Current state: STANDBY, dock_state DOCKED, charge_state CHARGING[0m
[delivery_robot_main_controller-20] [0m[INFO] [1774079333.548269235] [main_controller_node]: Current state: STANDBY, dock_state DOCKED, charge_state CHARGING[0m
[delivery_robot_main_controller-20] [0m[INFO] [1774079333.613432346] [main_controller_node]: No pending queue found or unexpected format.[0m
[delivery_robot_main_controller-20] [0m[INFO] [1774079334.600658264] [main_controller_node]: Current state: STANDBY, dock_state DOCKED, charge_state CHARGING[0m
[delivery_robot_main_controller-20] [0m[INFO] [1774079335.561726948] [main_controller_node]: Current state: STANDBY, dock_state DOCKED, charge_state CHARGING[0m
[delivery_robot_main_controller-20] [0m[INFO] [1774079335.648713857] [main_controller_node]: No pending queue found or unexpected format.[0m
[delivery_robot_main_controller-20] [0m[INFO] [1774079336.560578594] [main_controller_node]: Current state: STANDBY, dock_state DOCKED, charge_state CHARGING[0m
[delivery_robot_main_controller-20] [0m[INFO] [1774079337.550563001] [main_controller_node]: Current state: STANDBY, dock_state DOCKED, charge_state CHARGING[0m
[delivery_robot_main_controller-20] [0m[INFO] [1774079337.610922818] [main_controller_node]: No pending queue found or unexpected format.[0m
[delivery_robot_main_controller-20] [0m[INFO] [1774079338.554937167] [main_controller_node]: Current state: STANDBY, dock_state DOCKED, charge_state CHARGING[0m
[delivery_robot_main_controller-20] [0m[INFO] [1774079339.550492509] [main_controller_node]: Current state: STANDBY, dock_state DOCKED, charge_state CHARGING[0m
[delivery_robot_main_controller-20] [0m[INFO] [1774079339.629060163] [main_controller_node]: No pending queue found or unexpected format.[0m
[delivery_robot_main_controller-20] [0m[INFO] [1774079340.597429327] [main_controller_node]: Current state: STANDBY, dock_state DOCKED, charge_state CHARGING[0m
[delivery_robot_main_controller-20] [0m[INFO] [1774079341.553084174] [main_controller_node]: Current state: STANDBY, dock_state DOCKED, charge_state CHARGING[0m
[delivery_robot_main_controller-20] [0m[INFO] [1774079341.646362228] [main_controller_node]: No pending queue found or unexpected format.[0m
[delivery_robot_main_controller-20] [0m[INFO] [1774079342.570127683] [main_controller_node]: Current state: STANDBY, dock_state DOCKED, charge_state CHARGING[0m
[delivery_robot_main_controller-20] [0m[INFO] [1774079343.556211600] [main_controller_node]: Current state: STANDBY, dock_state DOCKED, charge_state CHARGING[0m
[delivery_robot_main_controller-20] [0m[INFO] [1774079343.635104298] [main_controller_node]: No pending queue found or unexpected format.[0m
[delivery_robot_main_controller-20] [0m[INFO] [1774079344.549842411] [main_controller_node]: Current state: STANDBY, dock_state DOCKED, charge_state CHARGING[0m
[delivery_robot_main_controller-20] [0m[INFO] [1774079345.585349505] [main_controller_node]: Current state: STANDBY, dock_state DOCKED, charge_state CHARGING[0m
[delivery_robot_main_controller-20] [0m[INFO] [1774079345.642587900] [main_controller_node]: No pending queue found or unexpected format.[0m
[delivery_robot_main_controller-20] [0m[INFO] [1774079346.607388793] [main_controller_node]: Current state: STANDBY, dock_state DOCKED, charge_state CHARGING[0m
[delivery_robot_main_controller-20] [0m[INFO] [1774079347.570553786] [main_controller_node]: Current state: STANDBY, dock_state DOCKED, charge_state CHARGING[0m
[delivery_robot_main_controller-20] [0m[INFO] [1774079347.657427363] [main_controller_node]: No pending queue found or unexpected format.[0m
[delivery_robot_main_controller-20] [0m[INFO] [1774079348.556301131] [main_controller_node]: Current state: STANDBY, dock_state DOCKED, charge_state CHARGING[0m
[delivery_robot_main_controller-20] [0m[INFO] [1774079349.555003843] [main_controller_node]: Current state: STANDBY, dock_state DOCKED, charge_state CHARGING[0m
[delivery_robot_main_controller-20] [0m[INFO] [1774079349.636950181] [main_controller_node]: No pending queue found or unexpected format.[0m
[delivery_robot_main_controller-20] [0m[INFO] [1774079350.554415863] [main_controller_node]: Current state: STANDBY, dock_state DOCKED, charge_state CHARGING[0m
[delivery_robot_main_controller-20] [0m[INFO] [1774079351.580134393] [main_controller_node]: Current state: STANDBY, dock_state DOCKED, charge_state CHARGING[0m
[delivery_robot_main_controller-20] [0m[INFO] [1774079351.677882370] [main_controller_node]: No pending queue found or unexpected format.[0m
[delivery_robot_main_controller-20] [0m[INFO] [1774079352.559408430] [main_controller_node]: Current state: STANDBY, dock_state DOCKED, charge_state CHARGING[0m
[delivery_robot_main_controller-20] [0m[INFO] [1774079353.618298765] [main_controller_node]: Current state: STANDBY, dock_state DOCKED, charge_state CHARGING[0m
[delivery_robot_main_controller-20] [0m[INFO] [1774079353.724428648] [main_controller_node]: No pending queue found or unexpected format.[0m
[delivery_robot_main_controller-20] [0m[INFO] [1774079354.549119673] [main_controller_node]: Current state: STANDBY, dock_state DOCKED, charge_state CHARGING[0m
[delivery_robot_main_controller-20] [0m[INFO] [1774079355.552377180] [main_controller_node]: Current state: STANDBY, dock_state DOCKED, charge_state CHARGING[0m
[delivery_robot_main_controller-20] [0m[INFO] [1774079355.653171797] [main_controller_node]: No pending queue found or unexpected format.[0m
[delivery_robot_main_controller-20] [0m[INFO] [1774079356.567274683] [main_controller_node]: Current state: STANDBY, dock_state DOCKED, charge_state CHARGING[0m
[delivery_robot_main_controller-20] [0m[INFO] [1774079357.598980914] [main_controller_node]: Current state: STANDBY, dock_state DOCKED, charge_state CHARGING[0m
[delivery_robot_main_controller-20] [0m[INFO] [1774079357.682296578] [main_controller_node]: No pending queue found or unexpected format.[0m
[delivery_robot_main_controller-20] [0m[INFO] [1774079358.573076304] [main_controller_node]: Current state: STANDBY, dock_state DOCKED, charge_state CHARGING[0m
[delivery_robot_main_controller-20] [0m[INFO] [1774079359.556709435] [main_controller_node]: Current state: STANDBY, dock_state DOCKED, charge_state CHARGING[0m
[delivery_robot_main_controller-20] [0m[INFO] [1774079359.620755376] [main_controller_node]: No pending queue found or unexpected format.[0m
[delivery_robot_main_controller-20] [0m[INFO] [1774079360.561219312] [main_controller_node]: Current state: STANDBY, dock_state DOCKED, charge_state CHARGING[0m
[delivery_robot_main_controller-20] [0m[INFO] [1774079361.549382154] [main_controller_node]: Current state: STANDBY, dock_state DOCKED, charge_state CHARGING[0m
[delivery_robot_main_controller-20] [0m[INFO] [1774079361.614043490] [main_controller_node]: No pending queue found or unexpected format.[0m
[delivery_robot_main_controller-20] [0m[INFO] [1774079362.553843909] [main_controller_node]: Current state: STANDBY, dock_state DOCKED, charge_state CHARGING[0m
[delivery_robot_main_controller-20] [0m[INFO] [1774079363.570857378] [main_controller_node]: Current state: STANDBY, dock_state DOCKED, charge_state CHARGING[0m
[delivery_robot_main_controller-20] [0m[INFO] [1774079363.658003653] [main_controller_node]: No pending queue found or unexpected format.[0m
[delivery_robot_main_controller-20] [0m[INFO] [1774079364.574735820] [main_controller_node]: Current state: STANDBY, dock_state DOCKED, charge_state CHARGING[0m
[delivery_robot_main_controller-20] [0m[INFO] [1774079365.557166743] [main_controller_node]: Current state: STANDBY, dock_state DOCKED, charge_state CHARGING[0m
[delivery_robot_main_controller-20] [0m[INFO] [1774079365.637244732] [main_controller_node]: No pending queue found or unexpected format.[0m
[delivery_robot_main_controller-20] [0m[INFO] [1774079366.587762639] [main_controller_node]: Current state: STANDBY, dock_state DOCKED, charge_state CHARGING[0m
[delivery_robot_main_controller-20] [0m[INFO] [1774079367.555248226] [main_controller_node]: Current state: STANDBY, dock_state DOCKED, charge_state CHARGING[0m
[delivery_robot_main_controller-20] [0m[INFO] [1774079367.616614431] [main_controller_node]: No pending queue found or unexpected format.[0m
[delivery_robot_main_controller-20] [0m[INFO] [1774079368.604741691] [main_controller_node]: Current state: STANDBY, dock_state DOCKED, charge_state CHARGING[0m
[delivery_robot_main_controller-20] [0m[INFO] [1774079369.590797317] [main_controller_node]: Current state: STANDBY, dock_state DOCKED, charge_state CHARGING[0m
[delivery_robot_main_controller-20] [0m[INFO] [1774079369.684013541] [main_controller_node]: No pending queue found or unexpected format.[0m
[delivery_robot_main_controller-20] [0m[INFO] [1774079370.555342719] [main_controller_node]: Current state: STANDBY, dock_state DOCKED, charge_state CHARGING[0m
[delivery_robot_main_controller-20] [0m[INFO] [1774079371.554924482] [main_controller_node]: Current state: STANDBY, dock_state DOCKED, charge_state CHARGING[0m
[delivery_robot_main_controller-20] [0m[INFO] [1774079371.647110868] [main_controller_node]: No pending queue found or unexpected format.[0m
[delivery_robot_main_controller-20] [0m[INFO] [1774079372.622293845] [main_controller_node]: Current state: STANDBY, dock_state DOCKED, charge_state CHARGING[0m
[delivery_robot_main_controller-20] [0m[INFO] [1774079373.591376541] [main_controller_node]: Current state: STANDBY, dock_state DOCKED, charge_state CHARGING[0m
[delivery_robot_main_controller-20] [0m[INFO] [1774079373.651916775] [main_controller_node]: No pending queue found or unexpected format.[0m
[delivery_robot_main_controller-20] [0m[INFO] [1774079374.576206336] [main_controller_node]: Current state: STANDBY, dock_state DOCKED, charge_state CHARGING[0m
[delivery_robot_main_controller-20] [0m[INFO] [1774079375.588380354] [main_controller_node]: Current state: STANDBY, dock_state DOCKED, charge_state CHARGING[0m
[delivery_robot_main_controller-20] [0m[INFO] [1774079375.680340707] [main_controller_node]: No pending queue found or unexpected format.[0m
[delivery_robot_main_controller-20] [0m[INFO] [1774079376.548707825] [main_controller_node]: Current state: STANDBY, dock_state DOCKED, charge_state CHARGING[0m
[delivery_robot_main_controller-20] [0m[INFO] [1774079377.560565979] [main_controller_node]: Current state: STANDBY, dock_state DOCKED, charge_state CHARGING[0m
[delivery_robot_main_controller-20] [0m[INFO] [1774079377.632014446] [main_controller_node]: No pending queue found or unexpected format.[0m
[delivery_robot_main_controller-20] [0m[INFO] [1774079378.633826504] [main_controller_node]: Current state: STANDBY, dock_state DOCKED, charge_state CHARGING[0m
[delivery_robot_main_controller-20] [0m[INFO] [1774079379.576749393] [main_controller_node]: Current state: STANDBY, dock_state DOCKED, charge_state CHARGING[0m
[delivery_robot_main_controller-20] [0m[INFO] [1774079379.662999701] [main_controller_node]: No pending queue found or unexpected format.[0m
[delivery_robot_main_controller-20] [0m[INFO] [1774079380.551409722] [main_controller_node]: Current state: STANDBY, dock_state DOCKED, charge_state CHARGING[0m
[delivery_robot_main_controller-20] [0m[INFO] [1774079381.558178185] [main_controller_node]: Current state: STANDBY, dock_state DOCKED, charge_state CHARGING[0m
[delivery_robot_main_controller-20] [0m[INFO] [1774079381.639660789] [main_controller_node]: No pending queue found or unexpected format.[0m
[delivery_robot_main_controller-20] [0m[INFO] [1774079382.552639050] [main_controller_node]: Current state: STANDBY, dock_state DOCKED, charge_state CHARGING[0m
[delivery_robot_main_controller-20] [0m[INFO] [1774079383.567625508] [main_controller_node]: Current state: STANDBY, dock_state DOCKED, charge_state CHARGING[0m
[delivery_robot_main_controller-20] [0m[INFO] [1774079383.671895791] [main_controller_node]: No pending queue found or unexpected format.[0m
[delivery_robot_main_controller-20] [0m[INFO] [1774079384.555439821] [main_controller_node]: Current state: STANDBY, dock_state DOCKED, charge_state CHARGING[0m
[delivery_robot_main_controller-20] [0m[INFO] [1774079385.616155339] [main_controller_node]: Current state: STANDBY, dock_state DOCKED, charge_state CHARGING[0m
[delivery_robot_main_controller-20] [0m[INFO] [1774079385.672259484] [main_controller_node]: No pending queue found or unexpected format.[0m
[delivery_robot_main_controller-20] [0m[INFO] [1774079386.574965031] [main_controller_node]: Current state: STANDBY, dock_state DOCKED, charge_state CHARGING[0m
[delivery_robot_main_controller-20] [0m[INFO] [1774079387.564268832] [main_controller_node]: Current state: STANDBY, dock_state DOCKED, charge_state CHARGING[0m
[delivery_robot_main_controller-20] [0m[INFO] [1774079387.672703382] [main_controller_node]: No pending queue found or unexpected format.[0m
[delivery_robot_main_controller-20] [0m[INFO] [1774079388.557736608] [main_controller_node]: Current state: STANDBY, dock_state DOCKED, charge_state CHARGING[0m
[delivery_robot_main_controller-20] [0m[INFO] [1774079389.560207517] [main_controller_node]: Current state: STANDBY, dock_state DOCKED, charge_state CHARGING[0m
[delivery_robot_main_controller-20] [0m[INFO] [1774079389.660677813] [main_controller_node]: No pending queue found or unexpected format.[0m
[delivery_robot_main_controller-20] [0m[INFO] [1774079390.576864874] [main_controller_node]: Current state: STANDBY, dock_state DOCKED, charge_state CHARGING[0m
[delivery_robot_main_controller-20] [0m[INFO] [1774079391.548644806] [main_controller_node]: Current state: STANDBY, dock_state DOCKED, charge_state CHARGING[0m
[delivery_robot_main_controller-20] [0m[INFO] [1774079391.605470216] [main_controller_node]: No pending queue found or unexpected format.[0m
[delivery_robot_main_controller-20] [0m[INFO] [1774079392.550012380] [main_controller_node]: Current state: STANDBY, dock_state DOCKED, charge_state CHARGING[0m
[delivery_robot_main_controller-20] [0m[INFO] [1774079393.621558259] [main_controller_node]: Current state: STANDBY, dock_state DOCKED, charge_state CHARGING[0m
[delivery_robot_main_controller-20] [0m[INFO] [1774079393.701187097] [main_controller_node]: No pending queue found or unexpected format.[0m
[delivery_robot_main_controller-20] [0m[INFO] [1774079394.564362152] [main_controller_node]: Current state: STANDBY, dock_state DOCKED, charge_state CHARGING[0m
[delivery_robot_main_controller-20] [0m[INFO] [1774079395.628561503] [main_controller_node]: Current state: STANDBY, dock_state DOCKED, charge_state CHARGING[0m
[delivery_robot_main_controller-20] [0m[INFO] [1774079395.726673759] [main_controller_node]: No pending queue found or unexpected format.[0m
[delivery_robot_main_controller-20] [0m[INFO] [1774079396.611145546] [main_controller_node]: Current state: STANDBY, dock_state DOCKED, charge_state CHARGING[0m
[delivery_robot_main_controller-20] [0m[INFO] [1774079397.548408848] [main_controller_node]: Current state: STANDBY, dock_state DOCKED, charge_state CHARGING[0m
[delivery_robot_main_controller-20] [0m[INFO] [1774079397.638743800] [main_controller_node]: No pending queue found or unexpected format.[0m
[delivery_robot_main_controller-20] [0m[INFO] [1774079398.591840240] [main_controller_node]: Current state: STANDBY, dock_state DOCKED, charge_state CHARGING[0m
[delivery_robot_main_controller-20] [0m[INFO] [1774079399.577943406] [main_controller_node]: Current state: STANDBY, dock_state DOCKED, charge_state CHARGING[0m
[delivery_robot_main_controller-20] [0m[INFO] [1774079399.685534486] [main_controller_node]: No pending queue found or unexpected format.[0m
[delivery_robot_main_controller-20] [0m[INFO] [1774079400.554566580] [main_controller_node]: Current state: STANDBY, dock_state DOCKED, charge_state CHARGING[0m
[delivery_robot_main_controller-20] [0m[INFO] [1774079401.555009313] [main_controller_node]: Current state: STANDBY, dock_state DOCKED, charge_state CHARGING[0m
[delivery_robot_main_controller-20] [0m[INFO] [1774079401.636584956] [main_controller_node]: No pending queue found or unexpected format.[0m
[delivery_robot_main_controller-20] [0m[INFO] [1774079402.549237728] [main_controller_node]: Current state: STANDBY, dock_state DOCKED, charge_state CHARGING[0m
[delivery_robot_main_controller-20] [0m[INFO] [1774079403.550298188] [main_controller_node]: Current state: STANDBY, dock_state DOCKED, charge_state CHARGING[0m
[delivery_robot_main_controller-20] [0m[INFO] [1774079403.639852085] [main_controller_node]: No pending queue found or unexpected format.[0m
[delivery_robot_main_controller-20] [0m[INFO] [1774079404.621830359] [main_controller_node]: Current state: STANDBY, dock_state DOCKED, charge_state CHARGING[0m
[delivery_robot_main_controller-20] [0m[INFO] [1774079405.560463569] [main_controller_node]: Current state: STANDBY, dock_state DOCKED, charge_state CHARGING[0m
[delivery_robot_main_controller-20] [0m[INFO] [1774079405.637674578] [main_controller_node]: No pending queue found or unexpected format.[0m
[delivery_robot_main_controller-20] [0m[INFO] [1774079406.560426527] [main_controller_node]: Current state: STANDBY, dock_state DOCKED, charge_state CHARGING[0m
[delivery_robot_main_controller-20] [0m[INFO] [1774079407.548421375] [main_controller_node]: Current state: STANDBY, dock_state DOCKED, charge_state CHARGING[0m
[delivery_robot_main_controller-20] [0m[INFO] [1774079407.604265363] [main_controller_node]: No pending queue found or unexpected format.[0m
[delivery_robot_main_controller-20] [0m[INFO] [1774079408.551035780] [main_controller_node]: Current state: STANDBY, dock_state DOCKED, charge_state CHARGING[0m
[delivery_robot_main_controller-20] [0m[INFO] [1774079409.572590918] [main_controller_node]: Current state: STANDBY, dock_state DOCKED, charge_state CHARGING[0m
[delivery_robot_main_controller-20] [0m[INFO] [1774079409.654897160] [main_controller_node]: No pending queue found or unexpected format.[0m
[delivery_robot_main_controller-20] [0m[INFO] [1774079410.568991005] [main_controller_node]: Current state: STANDBY, dock_state DOCKED, charge_state CHARGING[0m
[delivery_robot_main_controller-20] [0m[INFO] [1774079411.577995304] [main_controller_node]: Current state: STANDBY, dock_state DOCKED, charge_state CHARGING[0m
[delivery_robot_main_controller-20] [0m[INFO] [1774079411.888358284] [main_controller_node]: No pending queue found or unexpected format.[0m
[delivery_robot_main_controller-20] [0m[INFO] [1774079412.619545222] [main_controller_node]: Current state: STANDBY, dock_state DOCKED, charge_state CHARGING[0m
[delivery_robot_main_controller-20] [0m[INFO] [1774079413.553216778] [main_controller_node]: Current state: STANDBY, dock_state DOCKED, charge_state CHARGING[0m
[delivery_robot_main_controller-20] [0m[INFO] [1774079413.632626582] [main_controller_node]: No pending queue found or unexpected format.[0m
[delivery_robot_main_controller-20] [0m[INFO] [1774079414.548189791] [main_controller_node]: Current state: STANDBY, dock_state DOCKED, charge_state CHARGING[0m
[delivery_robot_main_controller-20] [0m[INFO] [1774079415.564327708] [main_controller_node]: Current state: STANDBY, dock_state DOCKED, charge_state CHARGING[0m
[delivery_robot_main_controller-20] [0m[INFO] [1774079415.648663001] [main_controller_node]: No pending queue found or unexpected format.[0m
[delivery_robot_main_controller-20] [0m[INFO] [1774079416.560775334] [main_controller_node]: Current state: STANDBY, dock_state DOCKED, charge_state CHARGING[0m
[delivery_robot_main_controller-20] [0m[INFO] [1774079417.556176790] [main_controller_node]: Current state: STANDBY, dock_state DOCKED, charge_state CHARGING[0m
[delivery_robot_main_controller-20] [0m[INFO] [1774079417.630084501] [main_controller_node]: No pending queue found or unexpected format.[0m
[delivery_robot_main_controller-20] [0m[INFO] [1774079418.548293615] [main_controller_node]: Current state: STANDBY, dock_state DOCKED, charge_state CHARGING[0m
[bash-27] 4
[bash-27] Queue empty: current state-> STANDBY : queue_action-> 
[bash-27] queue action->Idle :  current state-> STANDBY : previous state-> 
[INFO] [bash-27]: process has finished cleanly [pid 6084]
[INFO] [battery_manager_node-26]: sending signal 'SIGINT' to process[battery_manager_node-26]
[INFO] [autodock_action_server-25]: sending signal 'SIGINT' to process[autodock_action_server-25]
[INFO] [dock_coordinates-24]: sending signal 'SIGINT' to process[dock_coordinates-24]
[INFO] [rpc_run_node-23]: sending signal 'SIGINT' to process[rpc_run_node-23]
[INFO] [call_robot_button-22]: sending signal 'SIGINT' to process[call_robot_button-22]
[INFO] [robot_sound-21]: sending signal 'SIGINT' to process[robot_sound-21]
[INFO] [delivery_robot_main_controller-20]: sending signal 'SIGINT' to process[delivery_robot_main_controller-20]
[INFO] [dock_coordinates-24]: process has finished cleanly [pid 5940]
[INFO] [lifecycle_manager-19]: sending signal 'SIGINT' to process[lifecycle_manager-19]
[INFO] [collision_detector-18]: sending signal 'SIGINT' to process[collision_detector-18]
[INFO] [collision_monitor-17]: sending signal 'SIGINT' to process[collision_monitor-17]
[INFO] [velocity_smoother-16]: sending signal 'SIGINT' to process[velocity_smoother-16]
[INFO] [waypoint_follower-15]: sending signal 'SIGINT' to process[waypoint_follower-15]
[INFO] [bt_navigator-14]: sending signal 'SIGINT' to process[bt_navigator-14]
[INFO] [behavior_server-13]: sending signal 'SIGINT' to process[behavior_server-13]
[INFO] [planner_server-12]: sending signal 'SIGINT' to process[planner_server-12]
[INFO] [smoother_server-11]: sending signal 'SIGINT' to process[smoother_server-11]
[INFO] [controller_server-10]: sending signal 'SIGINT' to process[controller_server-10]
[INFO] [costmap_filter_info_server-9]: sending signal 'SIGINT' to process[costmap_filter_info_server-9]
[INFO] [map_server-8]: sending signal 'SIGINT' to process[map_server-8]
[INFO] [localization_slam_toolbox_node-7]: sending signal 'SIGINT' to process[localization_slam_toolbox_node-7]
[INFO] [robot_hardware-6]: sending signal 'SIGINT' to process[robot_hardware-6]
[INFO] [ekf_node-5]: sending signal 'SIGINT' to process[ekf_node-5]
[INFO] [scan_to_scan_filter_chain-4]: sending signal 'SIGINT' to process[scan_to_scan_filter_chain-4]
[INFO] [rplidar_node-3]: sending signal 'SIGINT' to process[rplidar_node-3]
[INFO] [joint_state_publisher-2]: sending signal 'SIGINT' to process[joint_state_publisher-2]
[INFO] [robot_state_publisher-1]: sending signal 'SIGINT' to process[robot_state_publisher-1]
[delivery_robot_main_controller-20] [0m[INFO] [1774079419.555438606] [main_controller_node]: Current state: STANDBY, dock_state DOCKED, charge_state CHARGING[0m
[delivery_robot_main_controller-20] [0m[INFO] [1774079419.627565173] [main_controller_node]: No pending queue found or unexpected format.[0m
[battery_manager_node-26] Traceback (most recent call last):
[battery_manager_node-26]   File "/home/smr/workspaces/mini_amr/amrROS2_ws/install/battery_management/lib/battery_management/battery_manager_node", line 33, in <module>
[battery_manager_node-26]     sys.exit(load_entry_point('battery-management==0.0.0', 'console_scripts', 'battery_manager_node')())
[battery_manager_node-26]              ^^^^^^^^^^^^^^^^^^^^^^^^^^^^^^^^^^^^^^^^^^^^^^^^^^^^^^^^^^^^^^^^^^^^^^^^^^^^^^^^^^^^^^^^^^
[battery_manager_node-26]   File "/home/smr/workspaces/mini_amr/amrROS2_ws/install/battery_management/lib/python3.12/site-packages/battery_management/battery_manager_node.py", line 311, in main
[battery_manager_node-26]     rclpy.spin(node)
[battery_manager_node-26]   File "/opt/ros/jazzy/lib/python3.12/site-packages/rclpy/__init__.py", line 247, in spin
[battery_manager_node-26]     executor.spin_once()
[battery_manager_node-26]   File "/opt/ros/jazzy/lib/python3.12/site-packages/rclpy/executors.py", line 845, in spin_once
[battery_manager_node-26]     self._spin_once_impl(timeout_sec)
[battery_manager_node-26]   File "/opt/ros/jazzy/lib/python3.12/site-packages/rclpy/executors.py", line 829, in _spin_once_impl
[battery_manager_node-26]     handler, entity, node = self.wait_for_ready_callbacks(
[battery_manager_node-26]                             ^^^^^^^^^^^^^^^^^^^^^^^^^^^^^^
[battery_manager_node-26]   File "/opt/ros/jazzy/lib/python3.12/site-packages/rclpy/executors.py", line 799, in wait_for_ready_callbacks
[battery_manager_node-26]     return next(self._cb_iter)
[battery_manager_node-26]            ^^^^^^^^^^^^^^^^^^^
[battery_manager_node-26]   File "/opt/ros/jazzy/lib/python3.12/site-packages/rclpy/executors.py", line 703, in _wait_for_ready_callbacks
[battery_manager_node-26]     wait_set.wait(timeout_nsec)
[battery_manager_node-26] KeyboardInterrupt
[dock_coordinates-24] [INFO] [1774079420.261118171] [rclcpp]: signal_handler(signum=2)
[rpc_run_node-23] [0m[INFO] [1774079420.268966346] [rpc_run_node]: RPC run node stopped by user.[0m
[rpc_run_node-23] Failed to publish log message to rosout: publisher's context is invalid, at ./src/rcl/publisher.c:423
[rpc_run_node-23] 2026-03-21 14:50:20,271 [INFO] RPCServer stopped.
[robot_sound-21] [0m[INFO] [1774079420.297485944] [robot_sound_node]: 🔚 robot_sound_node stopped by user.[0m
[robot_sound-21] Failed to publish log message to rosout: publisher's context is invalid, at ./src/rcl/publisher.c:423
[delivery_robot_main_controller-20] [0m[INFO] [1774079420.323921657] [main_controller_node]: Node stopped by user.[0m
[delivery_robot_main_controller-20] Failed to publish log message to rosout: publisher's context is invalid, at ./src/rcl/publisher.c:423
[lifecycle_manager-19] [INFO] [1774079420.329936774] [rclcpp]: signal_handler(signum=2)
[lifecycle_manager-19] [INFO] [1774079420.330273637] [lifecycle_manager_navigation]: Running Nav2 LifecycleManager rcl preshutdown (lifecycle_manager_navigation)
[lifecycle_manager-19] [INFO] [1774079420.330338968] [lifecycle_manager_navigation]: [34m[1mTerminating bond timer...[0m[0m
[collision_detector-18] [INFO] [1774079420.359182303] [rclcpp]: signal_handler(signum=2)
[collision_detector-18] [INFO] [1774079420.359315298] [collision_detector]: Running Nav2 LifecycleNode rcl preshutdown (collision_detector)
[collision_detector-18] [INFO] [1774079420.359400170] [collision_detector]: Deactivating
[collision_detector-18] [INFO] [1774079420.359422919] [collision_detector]: Destroying bond (collision_detector) to lifecycle manager.
[collision_detector-18] [INFO] [1774079420.369891042] [collision_detector]: Cleaning up
[collision_detector-18] [INFO] [1774079420.369946165] [collision_monitor]: [PolygonStop]: Destroying Circle
[collision_detector-18] [INFO] [1774079420.369953748] [collision_monitor]: [PolygonStop]: Destroying Polygon
[collision_detector-18] [INFO] [1774079420.369962790] [collision_monitor]: [PolygonSlow]: Destroying Polygon
[collision_detector-18] [INFO] [1774079420.369970664] [collision_monitor]: [scan]: Destroying Scan
[collision_detector-18] [INFO] [1774079420.376163399] [collision_detector]: Destroying bond (collision_detector) to lifecycle manager.
[collision_monitor-17] [INFO] [1774079420.424738732] [rclcpp]: signal_handler(signum=2)
[collision_monitor-17] [INFO] [1774079420.425027763] [collision_monitor]: Running Nav2 LifecycleNode rcl preshutdown (collision_monitor)
[collision_monitor-17] [INFO] [1774079420.425211215] [collision_monitor]: Deactivating
[collision_monitor-17] [INFO] [1774079420.425268963] [collision_monitor]: Destroying bond (collision_monitor) to lifecycle manager.
[call_robot_button-22] [0m[INFO] [1774079420.471152601] [call_robot_button_node]: CallRobotButton interrupted by user.[0m
[call_robot_button-22] Failed to publish log message to rosout: publisher's context is invalid, at ./src/rcl/publisher.c:423
[collision_monitor-17] [INFO] [1774079420.456329760] [collision_monitor]: Cleaning up
[collision_monitor-17] [INFO] [1774079420.456458672] [collision_monitor]: [PolygonStop]: Destroying Circle
[collision_monitor-17] [INFO] [1774079420.456497171] [collision_monitor]: [PolygonStop]: Destroying Polygon
[collision_monitor-17] [INFO] [1774079420.456533919] [collision_monitor]: [PolygonSlow]: Destroying Polygon
[collision_monitor-17] [INFO] [1774079420.456567168] [collision_monitor]: [FootprintApproach]: Destroying Polygon
[collision_monitor-17] [INFO] [1774079420.456604500] [collision_monitor]: [scan]: Destroying Scan
[collision_monitor-17] [INFO] [1774079420.473516766] [collision_monitor]: Destroying bond (collision_monitor) to lifecycle manager.
[velocity_smoother-16] [INFO] [1774079420.490800018] [rclcpp]: signal_handler(signum=2)
[velocity_smoother-16] [INFO] [1774079420.491759275] [velocity_smoother]: Running Nav2 LifecycleNode rcl preshutdown (velocity_smoother)
[velocity_smoother-16] [INFO] [1774079420.491960226] [velocity_smoother]: Deactivating
[velocity_smoother-16] [INFO] [1774079420.492024973] [velocity_smoother]: Destroying bond (velocity_smoother) to lifecycle manager.
[waypoint_follower-15] [INFO] [1774079420.535128545] [rclcpp]: signal_handler(signum=2)
[waypoint_follower-15] [INFO] [1774079420.535363620] [waypoint_follower]: Running Nav2 LifecycleNode rcl preshutdown (waypoint_follower)
[waypoint_follower-15] [INFO] [1774079420.535452575] [waypoint_follower]: Deactivating
[waypoint_follower-15] [INFO] [1774079420.535503031] [waypoint_follower]: Destroying bond (waypoint_follower) to lifecycle manager.
[bt_navigator-14] [INFO] [1774079420.550715816] [rclcpp]: signal_handler(signum=2)
[bt_navigator-14] [INFO] [1774079420.550947391] [bt_navigator]: Running Nav2 LifecycleNode rcl preshutdown (bt_navigator)
[bt_navigator-14] [INFO] [1774079420.551048304] [bt_navigator]: Deactivating
[bt_navigator-14] [INFO] [1774079420.551076595] [bt_navigator]: Destroying bond (bt_navigator) to lifecycle manager.
[collision_monitor-17] [INFO] [1774079420.551948939] [collision_monitor]: Destroying
[velocity_smoother-16] [INFO] [1774079420.552833240] [velocity_smoother]: Cleaning up
[velocity_smoother-16] [INFO] [1774079420.552892738] [velocity_smoother]: Destroying bond (velocity_smoother) to lifecycle manager.
[behavior_server-13] [INFO] [1774079420.562835296] [rclcpp]: signal_handler(signum=2)
[behavior_server-13] [INFO] [1774079420.562987249] [behavior_server]: Running Nav2 LifecycleNode rcl preshutdown (behavior_server)
[behavior_server-13] [INFO] [1774079420.563073288] [behavior_server]: Deactivating
[behavior_server-13] [INFO] [1774079420.563092537] [behavior_server]: Destroying bond (behavior_server) to lifecycle manager.
[collision_detector-18] [INFO] [1774079420.564587858] [collision_detector]: Destroying
[waypoint_follower-15] [INFO] [1774079420.575908783] [waypoint_follower]: Cleaning up
[bt_navigator-14] [INFO] [1774079420.581475916] [bt_navigator]: Cleaning up
[planner_server-12] [INFO] [1774079420.599711717] [rclcpp]: signal_handler(signum=2)
[planner_server-12] [INFO] [1774079420.600509688] [planner_server]: Running Nav2 LifecycleNode rcl preshutdown (planner_server)
[planner_server-12] [INFO] [1774079420.600738055] [planner_server]: Deactivating
[planner_server-12] [INFO] [1774079420.601252245] [global_costmap.global_costmap]: Deactivating
[smoother_server-11] [INFO] [1774079420.606783504] [rclcpp]: signal_handler(signum=2)
[smoother_server-11] [INFO] [1774079420.606958789] [smoother_server]: Running Nav2 LifecycleNode rcl preshutdown (smoother_server)
[smoother_server-11] [INFO] [1774079420.607178406] [smoother_server]: Deactivating
[smoother_server-11] [INFO] [1774079420.607541518] [smoother_server]: Destroying bond (smoother_server) to lifecycle manager.
[controller_server-10] [INFO] [1774079420.615151994] [rclcpp]: signal_handler(signum=2)
[controller_server-10] [INFO] [1774079420.615892801] [controller_server]: Running Nav2 LifecycleNode rcl preshutdown (controller_server)
[controller_server-10] [INFO] [1774079420.616237246] [controller_server]: Deactivating
[controller_server-10] [INFO] [1774079420.616366742] [MPPIController]: Deactivated MPPI Controller: FollowPath
[controller_server-10] [INFO] [1774079420.616425948] [local_costmap.local_costmap]: Deactivating
[behavior_server-13] [INFO] [1774079420.643492222] [behavior_server]: Cleaning up
[behavior_server-13] [INFO] [1774079420.650557301] [behavior_server]: Destroying bond (behavior_server) to lifecycle manager.
[behavior_server-13] [INFO] [1774079420.794197082] [behavior_server]: Destroying
[controller_server-10] [INFO] [1774079420.679947783] [controller_server]: Destroying bond (controller_server) to lifecycle manager.
[smoother_server-11] [INFO] [1774079420.688304316] [smoother_server]: Cleaning up
[smoother_server-11] [INFO] [1774079420.754439682] [smoother_server]: Destroying bond (smoother_server) to lifecycle manager.
[smoother_server-11] [INFO] [1774079420.827257474] [smoother_server]: Destroying
[velocity_smoother-16] [INFO] [1774079420.709328933] [velocity_smoother]: Destroying
[waypoint_follower-15] [INFO] [1774079420.743142672] [waypoint_follower]: Destroying bond (waypoint_follower) to lifecycle manager.
[waypoint_follower-15] [INFO] [1774079420.747362937] [waypoint_follower]: Destroying
[costmap_filter_info_server-9] [INFO] [1774079420.759861570] [rclcpp]: signal_handler(signum=2)
[costmap_filter_info_server-9] [INFO] [1774079420.760038313] [keepout_costmap_filter_info_server]: Running Nav2 LifecycleNode rcl preshutdown (keepout_costmap_filter_info_server)
[costmap_filter_info_server-9] [INFO] [1774079420.760131935] [keepout_costmap_filter_info_server]: Deactivating
[costmap_filter_info_server-9] [INFO] [1774079420.760154101] [keepout_costmap_filter_info_server]: Destroying bond (keepout_costmap_filter_info_server) to lifecycle manager.
[costmap_filter_info_server-9] [INFO] [1774079420.860991883] [keepout_costmap_filter_info_server]: Cleaning up
[costmap_filter_info_server-9] [INFO] [1774079420.861056339] [keepout_costmap_filter_info_server]: Destroying bond (keepout_costmap_filter_info_server) to lifecycle manager.
[map_server-8] [INFO] [1774079420.880448557] [rclcpp]: signal_handler(signum=2)
[map_server-8] [INFO] [1774079420.880643091] [keepout_filter_mask_server]: Running Nav2 LifecycleNode rcl preshutdown (keepout_filter_mask_server)
[map_server-8] [INFO] [1774079420.880734963] [keepout_filter_mask_server]: Deactivating
[map_server-8] [INFO] [1774079420.880762379] [keepout_filter_mask_server]: Destroying bond (keepout_filter_mask_server) to lifecycle manager.
[map_server-8] [INFO] [1774079420.891642320] [keepout_filter_mask_server]: Cleaning up
[map_server-8] [INFO] [1774079420.891816439] [keepout_filter_mask_server]: Destroying bond (keepout_filter_mask_server) to lifecycle manager.
[controller_server-10] [INFO] [1774079420.905513487] [controller_server]: Cleaning up
[controller_server-10] [INFO] [1774079420.906701402] [MPPIController]: Cleaned up MPPI Controller: FollowPath
[controller_server-10] [INFO] [1774079420.906909353] [local_costmap.local_costmap]: Cleaning up
[localization_slam_toolbox_node-7] [INFO] [1774079420.907384753] [rclcpp]: signal_handler(signum=2)
[localization_slam_toolbox_node-7] Unregistering sensor: Custom Described Lidar
[planner_server-12] [INFO] [1774079420.920718689] [planner_server]: Deactivating plugin GridBased of type SmacPlanner2D
[planner_server-12] [INFO] [1774079420.920780228] [planner_server]: Destroying bond (planner_server) to lifecycle manager.
[planner_server-12] [INFO] [1774079420.930999276] [planner_server]: Cleaning up
[robot_hardware-6] [INFO] [1774079420.964951844] [rclcpp]: signal_handler(signum=2)
[ekf_node-5] [INFO] [1774079421.011410337] [rclcpp]: signal_handler(signum=2)
[map_server-8] [INFO] [1774079421.028839417] [keepout_filter_mask_server]: Destroying
[planner_server-12] [INFO] [1774079421.037844300] [global_costmap.global_costmap]: Cleaning up
[planner_server-12] [INFO] [1774079421.083186333] [planner_server]: Cleaning up plugin GridBased of type SmacPlanner2D
[planner_server-12] [INFO] [1774079421.086104061] [planner_server]: Destroying plugin GridBased of type SmacPlanner2D
[costmap_filter_info_server-9] [INFO] [1774079421.058698299] [keepout_costmap_filter_info_server]: Destroying
[autodock_action_server-25] Traceback (most recent call last):
[autodock_action_server-25]   File "/home/smr/workspaces/mini_amr/amrROS2_ws/install/action_autodock/lib/python3.12/site-packages/action_autodock/autodock_action_server.py", line 1409, in main
[autodock_action_server-25]     executor.spin()
[autodock_action_server-25]   File "/opt/ros/jazzy/lib/python3.12/site-packages/rclpy/executors.py", line 312, in spin
[autodock_action_server-25]     self.spin_once()
[autodock_action_server-25]   File "/opt/ros/jazzy/lib/python3.12/site-packages/rclpy/executors.py", line 917, in spin_once
[autodock_action_server-25]     self._spin_once_impl(timeout_sec)
[autodock_action_server-25]   File "/opt/ros/jazzy/lib/python3.12/site-packages/rclpy/executors.py", line 896, in _spin_once_impl
[autodock_action_server-25]     handler, entity, node = self.wait_for_ready_callbacks(
[autodock_action_server-25]                             ^^^^^^^^^^^^^^^^^^^^^^^^^^^^^^
[autodock_action_server-25]   File "/opt/ros/jazzy/lib/python3.12/site-packages/rclpy/executors.py", line 799, in wait_for_ready_callbacks
[autodock_action_server-25]     return next(self._cb_iter)
[autodock_action_server-25]            ^^^^^^^^^^^^^^^^^^^
[autodock_action_server-25]   File "/opt/ros/jazzy/lib/python3.12/site-packages/rclpy/executors.py", line 703, in _wait_for_ready_callbacks
[autodock_action_server-25]     wait_set.wait(timeout_nsec)
[autodock_action_server-25] KeyboardInterrupt
[autodock_action_server-25] 
[autodock_action_server-25] During handling of the above exception, another exception occurred:
[autodock_action_server-25] 
[autodock_action_server-25] Traceback (most recent call last):
[autodock_action_server-25]   File "/home/smr/workspaces/mini_amr/amrROS2_ws/install/action_autodock/lib/action_autodock/autodock_action_server", line 33, in <module>
[autodock_action_server-25]     sys.exit(load_entry_point('action-autodock==0.0.0', 'console_scripts', 'autodock_action_server')())
[autodock_action_server-25]              ^^^^^^^^^^^^^^^^^^^^^^^^^^^^^^^^^^^^^^^^^^^^^^^^^^^^^^^^^^^^^^^^^^^^^^^^^^^^^^^^^^^^^^^^^
[autodock_action_server-25]   File "/home/smr/workspaces/mini_amr/amrROS2_ws/install/action_autodock/lib/python3.12/site-packages/action_autodock/autodock_action_server.py", line 1420, in main
[autodock_action_server-25]     rclpy.shutdown()   
[autodock_action_server-25]     ^^^^^^^^^^^^^^^^
[autodock_action_server-25]   File "/opt/ros/jazzy/lib/python3.12/site-packages/rclpy/__init__.py", line 134, in shutdown
[scan_to_scan_filter_chain-4] [INFO] [1774079421.083688856] [rclcpp]: signal_handler(signum=2)
[lifecycle_manager-19] [INFO] [1774079421.085814155] [lifecycle_manager_navigation]: Destroying lifecycle_manager_navigation
[delivery_robot_main_controller-20] Traceback (most recent call last):
[delivery_robot_main_controller-20]   File "/home/smr/workspaces/mini_amr/amrROS2_ws/install/delivery_robot_main_controller/lib/delivery_robot_main_controller/delivery_robot_main_controller", line 33, in <module>
[delivery_robot_main_controller-20]     sys.exit(load_entry_point('delivery-robot-main-controller==0.0.1', 'console_scripts', 'delivery_robot_main_controller')())
[delivery_robot_main_controller-20]              ^^^^^^^^^^^^^^^^^^^^^^^^^^^^^^^^^^^^^^^^^^^^^^^^^^^^^^^^^^^^^^^^^^^^^^^^^^^^^^^^^^^^^^^^^^^^^^^^^^^^^^^^^^^^^^^^
[delivery_robot_main_controller-20]   File "/home/smr/workspaces/mini_amr/amrROS2_ws/install/delivery_robot_main_controller/lib/python3.12/site-packages/delivery_robot_main_controller/main_controller_node.py", line 1714, in main
[delivery_robot_main_controller-20]     rclpy.shutdown()
[delivery_robot_main_controller-20]   File "/opt/ros/jazzy/lib/python3.12/site-packages/rclpy/__init__.py", line 134, in shutdown
[delivery_robot_main_controller-20]     _shutdown(context=context)
[delivery_robot_main_controller-20]   File "/opt/ros/jazzy/lib/python3.12/site-packages/rclpy/utilities.py", line 82, in shutdown
[delivery_robot_main_controller-20]     context.shutdown()
[delivery_robot_main_controller-20]   File "/opt/ros/jazzy/lib/python3.12/site-packages/rclpy/context.py", line 129, in shutdown
[delivery_robot_main_controller-20]     self.__context.shutdown()
[delivery_robot_main_controller-20] rclpy._rclpy_pybind11.RCLError: failed to shutdown: rcl_shutdown already called on the given context, at ./src/rcl/init.c:333
[autodock_action_server-25]     _shutdown(context=context)
[autodock_action_server-25]   File "/opt/ros/jazzy/lib/python3.12/site-packages/rclpy/utilities.py", line 82, in shutdown
[autodock_action_server-25]     context.shutdown()
[autodock_action_server-25]   File "/opt/ros/jazzy/lib/python3.12/site-packages/rclpy/context.py", line 129, in shutdown
[autodock_action_server-25]     self.__context.shutdown()
[autodock_action_server-25] rclpy._rclpy_pybind11.RCLError: failed to shutdown: rcl_shutdown already called on the given context, at ./src/rcl/init.c:333
[controller_server-10] [INFO] [1774079421.132202649] [controller_server]: Destroying bond (controller_server) to lifecycle manager.
[controller_server-10] [INFO] [1774079421.152381755] [local_costmap.local_costmap]: Destroying
[controller_server-10] [INFO] [1774079421.213117108] [controller_server]: Destroying
[planner_server-12] [INFO] [1774079421.364406738] [planner_server]: Destroying bond (planner_server) to lifecycle manager.
[planner_server-12] [INFO] [1774079421.403103677] [global_costmap.global_costmap]: Destroying
[rplidar_node-3] [INFO] [1774079421.370618723] [rplidar_node]: Stop motor
[robot_state_publisher-1] [INFO] [1774079421.413627798] [rclcpp]: signal_handler(signum=2)
[rpc_run_node-23] Traceback (most recent call last):
[rpc_run_node-23]   File "/home/smr/workspaces/mini_amr/amrROS2_ws/install/delivery_robot_main_controller/lib/delivery_robot_main_controller/rpc_run_node", line 33, in <module>
[rpc_run_node-23]     sys.exit(load_entry_point('delivery-robot-main-controller==0.0.1', 'console_scripts', 'rpc_run_node')())
[rpc_run_node-23]              ^^^^^^^^^^^^^^^^^^^^^^^^^^^^^^^^^^^^^^^^^^^^^^^^^^^^^^^^^^^^^^^^^^^^^^^^^^^^^^^^^^^^^^^^^^^^^^
[rpc_run_node-23]   File "/home/smr/workspaces/mini_amr/amrROS2_ws/install/delivery_robot_main_controller/lib/python3.12/site-packages/delivery_robot_main_controller/rpc_run_node.py", line 57, in main
[rpc_run_node-23]     rclpy.shutdown()
[rpc_run_node-23]   File "/opt/ros/jazzy/lib/python3.12/site-packages/rclpy/__init__.py", line 134, in shutdown
[rpc_run_node-23]     _shutdown(context=context)
[rpc_run_node-23]   File "/opt/ros/jazzy/lib/python3.12/site-packages/rclpy/utilities.py", line 82, in shutdown
[rpc_run_node-23]     context.shutdown()
[rpc_run_node-23]   File "/opt/ros/jazzy/lib/python3.12/site-packages/rclpy/context.py", line 129, in shutdown
[rpc_run_node-23]     self.__context.shutdown()
[rpc_run_node-23] rclpy._rclpy_pybind11.RCLError: failed to shutdown: rcl_shutdown already called on the given context, at ./src/rcl/init.c:333
[planner_server-12] [INFO] [1774079421.564996467] [planner_server]: Destroying
[bt_navigator-14] [INFO] [1774079421.631440697] [bt_navigator]: Completed Cleaning up
[bt_navigator-14] [INFO] [1774079421.631821017] [bt_navigator]: Destroying bond (bt_navigator) to lifecycle manager.
[robot_sound-21] Traceback (most recent call last):
[robot_sound-21]   File "/home/smr/workspaces/mini_amr/amrROS2_ws/install/delivery_robot_main_controller/lib/delivery_robot_main_controller/robot_sound", line 33, in <module>
[robot_sound-21]     sys.exit(load_entry_point('delivery-robot-main-controller==0.0.1', 'console_scripts', 'robot_sound')())
[robot_sound-21]              ^^^^^^^^^^^^^^^^^^^^^^^^^^^^^^^^^^^^^^^^^^^^^^^^^^^^^^^^^^^^^^^^^^^^^^^^^^^^^^^^^^^^^^^^^^^^^
[robot_sound-21]   File "/home/smr/workspaces/mini_amr/amrROS2_ws/install/delivery_robot_main_controller/lib/python3.12/site-packages/delivery_robot_main_controller/robot_sound.py", line 369, in main
[robot_sound-21]     rclpy.shutdown()
[robot_sound-21]   File "/opt/ros/jazzy/lib/python3.12/site-packages/rclpy/__init__.py", line 134, in shutdown
[robot_sound-21]     _shutdown(context=context)
[robot_sound-21]   File "/opt/ros/jazzy/lib/python3.12/site-packages/rclpy/utilities.py", line 82, in shutdown
[robot_sound-21]     context.shutdown()
[robot_sound-21]   File "/opt/ros/jazzy/lib/python3.12/site-packages/rclpy/context.py", line 129, in shutdown
[robot_sound-21]     self.__context.shutdown()
[robot_sound-21] rclpy._rclpy_pybind11.RCLError: failed to shutdown: rcl_shutdown already called on the given context, at ./src/rcl/init.c:333
[ERROR] [rpc_run_node-23]: process has died [pid 5939, exit code 1, cmd '/home/smr/workspaces/mini_amr/amrROS2_ws/install/delivery_robot_main_controller/lib/delivery_robot_main_controller/rpc_run_node --ros-args -r __node:=rpc_run_node -r __ns:=/ -r /tf:=tf -r /tf_static:=tf_static'].
[ERROR] [battery_manager_node-26]: process has died [pid 5942, exit code -2, cmd '/home/smr/workspaces/mini_amr/amrROS2_ws/install/battery_management/lib/battery_management/battery_manager_node --ros-args -r __node:=battery_manager -r __ns:=/ --params-file /home/smr/workspaces/mini_amr/amrROS2_ws/install/battery_management/share/battery_management/config/battery_manager.yaml -r /tf:=tf -r /tf_static:=tf_static'].
[bt_navigator-14] [INFO] [1774079421.725748590] [bt_navigator]: Destroying
[call_robot_button-22] Traceback (most recent call last):
[call_robot_button-22]   File "/home/smr/workspaces/mini_amr/amrROS2_ws/install/delivery_robot_main_controller/lib/delivery_robot_main_controller/call_robot_button", line 33, in <module>
[call_robot_button-22]     sys.exit(load_entry_point('delivery-robot-main-controller==0.0.1', 'console_scripts', 'call_robot_button')())
[call_robot_button-22]              ^^^^^^^^^^^^^^^^^^^^^^^^^^^^^^^^^^^^^^^^^^^^^^^^^^^^^^^^^^^^^^^^^^^^^^^^^^^^^^^^^^^^^^^^^^^^^^^^^^^
[call_robot_button-22]   File "/home/smr/workspaces/mini_amr/amrROS2_ws/install/delivery_robot_main_controller/lib/python3.12/site-packages/delivery_robot_main_controller/call_button.py", line 251, in main
[call_robot_button-22]     rclpy.shutdown()
[call_robot_button-22]   File "/opt/ros/jazzy/lib/python3.12/site-packages/rclpy/__init__.py", line 134, in shutdown
[call_robot_button-22]     _shutdown(context=context)
[call_robot_button-22]   File "/opt/ros/jazzy/lib/python3.12/site-packages/rclpy/utilities.py", line 82, in shutdown
[call_robot_button-22]     context.shutdown()
[call_robot_button-22]   File "/opt/ros/jazzy/lib/python3.12/site-packages/rclpy/context.py", line 129, in shutdown
[call_robot_button-22]     self.__context.shutdown()
[call_robot_button-22] rclpy._rclpy_pybind11.RCLError: failed to shutdown: rcl_shutdown already called on the given context, at ./src/rcl/init.c:333
[ERROR] [robot_sound-21]: process has died [pid 5937, exit code 1, cmd '/home/smr/workspaces/mini_amr/amrROS2_ws/install/delivery_robot_main_controller/lib/delivery_robot_main_controller/robot_sound --ros-args -r __node:=robot_sound_node -r __ns:=/ -r /tf:=tf -r /tf_static:=tf_static'].
[INFO] [collision_monitor-17]: process has finished cleanly [pid 5633]
[INFO] [collision_detector-18]: process has finished cleanly [pid 5645]
[ERROR] [call_robot_button-22]: process has died [pid 5938, exit code 1, cmd '/home/smr/workspaces/mini_amr/amrROS2_ws/install/delivery_robot_main_controller/lib/delivery_robot_main_controller/call_robot_button --ros-args -r __node:=call_robot_button_node -r __ns:=/ -r /tf:=tf -r /tf_static:=tf_static'].
[INFO] [waypoint_follower-15]: process has finished cleanly [pid 5624]
[INFO] [velocity_smoother-16]: process has finished cleanly [pid 5632]
[INFO] [behavior_server-13]: process has finished cleanly [pid 5616]
[INFO] [smoother_server-11]: process has finished cleanly [pid 5612]
[INFO] [map_server-8]: process has finished cleanly [pid 5607]
[INFO] [lifecycle_manager-19]: process has finished cleanly [pid 5646]
[INFO] [costmap_filter_info_server-9]: process has finished cleanly [pid 5608]
[INFO] [controller_server-10]: process has finished cleanly [pid 5611]
[INFO] [robot_hardware-6]: process has finished cleanly [pid 5605]
[INFO] [joint_state_publisher-2]: process has finished cleanly [pid 5601]
[INFO] [planner_server-12]: process has finished cleanly [pid 5613]
[ERROR] [autodock_action_server-25]: process has died [pid 5941, exit code 1, cmd '/home/smr/workspaces/mini_amr/amrROS2_ws/install/action_autodock/lib/action_autodock/autodock_action_server --ros-args -r __ns:=/ --params-file /home/smr/workspaces/mini_amr/amrROS2_ws/install/action_autodock/share/action_autodock/config/auto_dock_config.yaml --params-file /tmp/launch_params_h4e0xd9n -r /tf:=tf -r /tf_static:=tf_static'].
[INFO] [bt_navigator-14]: process has finished cleanly [pid 5619]
[ERROR] [delivery_robot_main_controller-20]: process has died [pid 5936, exit code 1, cmd '/home/smr/workspaces/mini_amr/amrROS2_ws/install/delivery_robot_main_controller/lib/delivery_robot_main_controller/delivery_robot_main_controller --ros-args -r __node:=main_controller_node -r __ns:=/ --params-file /tmp/launch_params_yyn52op3 -r /tf:=tf -r /tf_static:=tf_static'].
[INFO] [ekf_node-5]: process has finished cleanly [pid 5604]
[INFO] [scan_to_scan_filter_chain-4]: process has finished cleanly [pid 5603]
[INFO] [rplidar_node-3]: process has finished cleanly [pid 5602]
[INFO] [localization_slam_toolbox_node-7]: process has finished cleanly [pid 5606]
[INFO] [robot_state_publisher-1]: process has finished cleanly [pid 5600]
