[INFO] [launch]: All log files can be found below /home/smr/.ros/log/2026-03-24-16-37-12-906799-two-59568
[INFO] [launch]: Default logging verbosity is set to INFO
[INFO] [robot_state_publisher-1]: process started with pid [59583]
[INFO] [joint_state_publisher-2]: process started with pid [59584]
[INFO] [rplidar_node-3]: process started with pid [59585]
[INFO] [scan_to_scan_filter_chain-4]: process started with pid [59586]
[INFO] [ekf_node-5]: process started with pid [59587]
[INFO] [robot_hardware-6]: process started with pid [59588]
[INFO] [localization_slam_toolbox_node-7]: process started with pid [59589]
[INFO] [map_server-8]: process started with pid [59590]
[INFO] [costmap_filter_info_server-9]: process started with pid [59591]
[INFO] [controller_server-10]: process started with pid [59594]
[INFO] [smoother_server-11]: process started with pid [59597]
[INFO] [planner_server-12]: process started with pid [59604]
[INFO] [behavior_server-13]: process started with pid [59628]
[INFO] [bt_navigator-14]: process started with pid [59632]
[INFO] [waypoint_follower-15]: process started with pid [59633]
[INFO] [velocity_smoother-16]: process started with pid [59634]
[INFO] [collision_monitor-17]: process started with pid [59658]
[INFO] [collision_detector-18]: process started with pid [59659]
[INFO] [lifecycle_manager-19]: process started with pid [59672]
[robot_hardware-6] Serial port opened at port /dev/teensy with baudrate 460800
[robot_hardware-6] Created receive data thread
[robot_state_publisher-1] [INFO] [1774345034.021939342] [robot_state_publisher]: Robot initialized
[rplidar_node-3] [INFO] [1774345034.053716967] [rplidar_node]: RPLidar running on ROS2 package rplidar_ros. RPLIDAR SDK Version:2.1.0
[rplidar_node-3] [INFO] [1774345034.070038596] [rplidar_node]: RPLidar S/N: CEDCEDF9C7E29BCEA7E39EF25E0F4304
[rplidar_node-3] [INFO] [1774345034.070225255] [rplidar_node]: Firmware Ver: 1.02
[rplidar_node-3] [INFO] [1774345034.070337251] [rplidar_node]: Hardware Rev: 18
[rplidar_node-3] [INFO] [1774345034.070909771] [rplidar_node]: RPLidar health status : 0
[rplidar_node-3] [INFO] [1774345034.070964019] [rplidar_node]: RPLidar health status : OK.
[rplidar_node-3] [INFO] [1774345034.071564829] [rplidar_node]: Start
[localization_slam_toolbox_node-7] [INFO] [1774345034.092145213] [slam_toolbox]: Node using stack size 40000000
[map_server-8] [INFO] [1774345034.140826611] [keepout_filter_mask_server]: 
[map_server-8] 	keepout_filter_mask_server lifecycle node launched. 
[map_server-8] 	Waiting on external lifecycle transitions to activate
[map_server-8] 	See https://design.ros2.org/articles/node_lifecycle.html for more information.
[map_server-8] [INFO] [1774345034.141162889] [keepout_filter_mask_server]: Creating
[costmap_filter_info_server-9] [INFO] [1774345034.103990512] [costmap_filter_info_server]: This is costmap filter info publisher
[planner_server-12] [INFO] [1774345034.160038255] [planner_server]: 
[planner_server-12] 	planner_server lifecycle node launched. 
[planner_server-12] 	Waiting on external lifecycle transitions to activate
[planner_server-12] 	See https://design.ros2.org/articles/node_lifecycle.html for more information.
[planner_server-12] [INFO] [1774345034.174419499] [planner_server]: Creating
[localization_slam_toolbox_node-7] [INFO] [1774345034.173673444] [slam_toolbox]: Configuring
[costmap_filter_info_server-9] [INFO] [1774345034.177318847] [keepout_costmap_filter_info_server]: 
[costmap_filter_info_server-9] 	keepout_costmap_filter_info_server lifecycle node launched. 
[costmap_filter_info_server-9] 	Waiting on external lifecycle transitions to activate
[costmap_filter_info_server-9] 	See https://design.ros2.org/articles/node_lifecycle.html for more information.
[planner_server-12] [INFO] [1774345034.204467606] [global_costmap.global_costmap]: 
[planner_server-12] 	global_costmap lifecycle node launched. 
[planner_server-12] 	Waiting on external lifecycle transitions to activate
[planner_server-12] 	See https://design.ros2.org/articles/node_lifecycle.html for more information.
[rplidar_node-3] [INFO] [1774345034.218089379] [rplidar_node]: current scan mode: Sensitivity, sample rate: 32 Khz, max_distance: 30.0 m, scan frequency:10.0 Hz, 
[planner_server-12] [INFO] [1774345034.246302972] [global_costmap.global_costmap]: Creating Costmap
[controller_server-10] [INFO] [1774345034.304460260] [controller_server]: 
[controller_server-10] 	controller_server lifecycle node launched. 
[controller_server-10] 	Waiting on external lifecycle transitions to activate
[controller_server-10] 	See https://design.ros2.org/articles/node_lifecycle.html for more information.
[localization_slam_toolbox_node-7] [INFO] [1774345034.347278214] [slam_toolbox]: Using solver plugin solver_plugins::CeresSolver
[collision_monitor-17] [INFO] [1774345034.395881740] [collision_monitor]: 
[collision_monitor-17] 	collision_monitor lifecycle node launched. 
[collision_monitor-17] 	Waiting on external lifecycle transitions to activate
[collision_monitor-17] 	See https://design.ros2.org/articles/node_lifecycle.html for more information.
[behavior_server-13] [INFO] [1774345034.405891359] [behavior_server]: 
[behavior_server-13] 	behavior_server lifecycle node launched. 
[behavior_server-13] 	Waiting on external lifecycle transitions to activate
[behavior_server-13] 	See https://design.ros2.org/articles/node_lifecycle.html for more information.
[localization_slam_toolbox_node-7] [INFO] [1774345034.416028432] [slam_toolbox]: CeresSolver: Using SCHUR_JACOBI preconditioner.
[lifecycle_manager-19] [INFO] [1774345034.430770454] [lifecycle_manager_navigation]: Creating
[bt_navigator-14] [INFO] [1774345034.432763628] [bt_navigator]: 
[bt_navigator-14] 	bt_navigator lifecycle node launched. 
[bt_navigator-14] 	Waiting on external lifecycle transitions to activate
[bt_navigator-14] 	See https://design.ros2.org/articles/node_lifecycle.html for more information.
[controller_server-10] [INFO] [1774345034.462987020] [controller_server]: Creating controller server
[bt_navigator-14] [INFO] [1774345034.540728687] [bt_navigator]: Creating
[lifecycle_manager-19] [INFO] [1774345034.569972991] [lifecycle_manager_navigation]: [34m[1mCreating and initializing lifecycle service clients[0m[0m
[velocity_smoother-16] [INFO] [1774345034.586307161] [velocity_smoother]: 
[velocity_smoother-16] 	velocity_smoother lifecycle node launched. 
[velocity_smoother-16] 	Waiting on external lifecycle transitions to activate
[velocity_smoother-16] 	See https://design.ros2.org/articles/node_lifecycle.html for more information.
[waypoint_follower-15] [INFO] [1774345034.633101256] [waypoint_follower]: 
[waypoint_follower-15] 	waypoint_follower lifecycle node launched. 
[waypoint_follower-15] 	Waiting on external lifecycle transitions to activate
[waypoint_follower-15] 	See https://design.ros2.org/articles/node_lifecycle.html for more information.
[waypoint_follower-15] [INFO] [1774345034.645340873] [waypoint_follower]: Creating
[smoother_server-11] [INFO] [1774345034.759746562] [smoother_server]: 
[smoother_server-11] 	smoother_server lifecycle node launched. 
[smoother_server-11] 	Waiting on external lifecycle transitions to activate
[smoother_server-11] 	See https://design.ros2.org/articles/node_lifecycle.html for more information.
[controller_server-10] [INFO] [1774345034.793796767] [local_costmap.local_costmap]: 
[controller_server-10] 	local_costmap lifecycle node launched. 
[controller_server-10] 	Waiting on external lifecycle transitions to activate
[controller_server-10] 	See https://design.ros2.org/articles/node_lifecycle.html for more information.
[controller_server-10] [INFO] [1774345034.797574873] [local_costmap.local_costmap]: Creating Costmap
[smoother_server-11] [INFO] [1774345034.801108280] [smoother_server]: Creating smoother server
[scan_to_scan_filter_chain-4] [WARN] [1774345035.002781690] [scan_to_scan_filter_chain]: diagnostic_updater: No HW_ID was set. This is probably a bug. Please report it. For devices that do not have a HW_ID, set this value to 'none'. This warning only occurs once all diagnostics are OK. It is okay to wait until the device is open before calling setHardwareID.
[rplidar_node-3] [INFO] [1774345035.085176431] [rplidar_node]: set lidar scan frequency to 10.0 Hz(600.0 Rpm) 
[collision_detector-18] [INFO] [1774345035.253274452] [collision_detector]: 
[collision_detector-18] 	collision_detector lifecycle node launched. 
[collision_detector-18] 	Waiting on external lifecycle transitions to activate
[collision_detector-18] 	See https://design.ros2.org/articles/node_lifecycle.html for more information.
[lifecycle_manager-19] [INFO] [1774345035.522233677] [lifecycle_manager_navigation]: [34m[1mStarting managed nodes bringup...[0m[0m
[lifecycle_manager-19] [INFO] [1774345035.525349142] [lifecycle_manager_navigation]: [34m[1mConfiguring controller_server[0m[0m
[controller_server-10] [INFO] [1774345035.530888556] [controller_server]: Configuring controller interface
[controller_server-10] [INFO] [1774345035.530939596] [controller_server]: getting progress checker plugins..
[controller_server-10] [INFO] [1774345035.532245629] [controller_server]: getting goal checker plugins..
[controller_server-10] [INFO] [1774345035.535930989] [controller_server]: Controller frequency set to 10.0000Hz
[controller_server-10] [INFO] [1774345035.536035693] [local_costmap.local_costmap]: Configuring
[controller_server-10] [INFO] [1774345035.569008814] [local_costmap.local_costmap]: Using plugin "obstacle_layer"
[controller_server-10] [INFO] [1774345035.589967183] [local_costmap.local_costmap]: Subscribed to Topics: scan
[controller_server-10] [INFO] [1774345035.645192165] [local_costmap.local_costmap]: Initialized plugin "obstacle_layer"
[controller_server-10] [INFO] [1774345035.646311248] [local_costmap.local_costmap]: Using plugin "denoise_layer"
[controller_server-10] [INFO] [1774345035.656921386] [local_costmap.local_costmap]: Initialized plugin "denoise_layer"
[controller_server-10] [INFO] [1774345035.656998091] [local_costmap.local_costmap]: Using plugin "inflation_layer"
[controller_server-10] [INFO] [1774345035.699387312] [local_costmap.local_costmap]: Initialized plugin "inflation_layer"
[controller_server-10] [INFO] [1774345035.699483266] [local_costmap.local_costmap]: Using costmap filter "keepout_filter"
[controller_server-10] [INFO] [1774345035.727355622] [local_costmap.local_costmap]: Initialized costmap filter "keepout_filter"
[controller_server-10] [INFO] [1774345035.727447202] [local_costmap.local_costmap]: Using costmap filter "inflation_layer"
[controller_server-10] [INFO] [1774345035.727589530] [local_costmap.local_costmap]: Initialized costmap filter "inflation_layer"
[controller_server-10] [INFO] [1774345035.811597417] [controller_server]: Created progress_checker : progress_checker of type nav2_controller::SimpleProgressChecker
[controller_server-10] [INFO] [1774345035.814463808] [controller_server]: Controller Server has progress_checker  progress checkers available.
[controller_server-10] [INFO] [1774345035.815861422] [controller_server]: Created goal checker : goal_checker of type nav2_controller::SimpleGoalChecker
[controller_server-10] [INFO] [1774345035.820493495] [controller_server]: Controller Server has goal_checker  goal checkers available.
[controller_server-10] [INFO] [1774345035.823612752] [controller_server]: Created controller : FollowPath of type nav2_mppi_controller::MPPIController
[controller_server-10] [INFO] [1774345035.839771054] [controller_server]: Controller period is equal to model dt. Control sequence shifting is ON
[controller_server-10] [INFO] [1774345035.850759469] [controller_server]: ConstraintCritic instantiated with 1 power and 4.000000 weight.
[controller_server-10] [INFO] [1774345035.851055208] [controller_server]: Critic loaded : mppi::critics::ConstraintCritic
[controller_server-10] [INFO] [1774345035.858439343] [controller_server]: InflationCostCritic instantiated with 1 power and 300.000000 / 0.015000 weights. Critic will collision check based on footprint cost.
[controller_server-10] [INFO] [1774345035.858524798] [controller_server]: Critic loaded : mppi::critics::CostCritic
[controller_server-10] [INFO] [1774345035.861030120] [controller_server]: GoalCritic instantiated with 1 power and 5.000000 weight.
[controller_server-10] [INFO] [1774345035.861103325] [controller_server]: Critic loaded : mppi::critics::GoalCritic
[controller_server-10] [INFO] [1774345035.870391389] [controller_server]: GoalAngleCritic instantiated with 1 power, 3.000000 weight, and 0.500000 angular threshold.
[controller_server-10] [INFO] [1774345035.872386896] [controller_server]: Critic loaded : mppi::critics::GoalAngleCritic
[controller_server-10] [INFO] [1774345035.879904610] [controller_server]: ReferenceTrajectoryCritic instantiated with 1 power and 2.000000 weight
[controller_server-10] [INFO] [1774345035.879977232] [controller_server]: Critic loaded : mppi::critics::PathAlignCritic
[controller_server-10] [INFO] [1774345035.883149570] [controller_server]: Critic loaded : mppi::critics::PathFollowCritic
[controller_server-10] [INFO] [1774345035.889927062] [controller_server]: PathAngleCritic instantiated with 1 power and 1.500000 weight. Mode set to: Forward Preference
[controller_server-10] [INFO] [1774345035.890012517] [controller_server]: Critic loaded : mppi::critics::PathAngleCritic
[controller_server-10] [INFO] [1774345035.891640538] [controller_server]: PreferForwardCritic instantiated with 1 power and 10.000000 weight.
[controller_server-10] [INFO] [1774345035.891718119] [controller_server]: Critic loaded : mppi::critics::PreferForwardCritic
[controller_server-10] [INFO] [1774345035.895553390] [controller_server]: Optimizer reset
[controller_server-10] [INFO] [1774345035.906894708] [MPPIController]: Configured MPPI Controller: FollowPath
[controller_server-10] [INFO] [1774345035.906933498] [controller_server]: Controller Server has FollowPath  controllers available.
[lifecycle_manager-19] [INFO] [1774345035.926814200] [lifecycle_manager_navigation]: [34m[1mConfiguring smoother_server[0m[0m
[smoother_server-11] [INFO] [1774345035.927586796] [smoother_server]: Configuring smoother server
[smoother_server-11] [INFO] [1774345035.954389068] [smoother_server]: Created smoother : simple_smoother of type nav2_smoother::SimpleSmoother
[smoother_server-11] [INFO] [1774345035.961420009] [smoother_server]: Smoother Server has simple_smoother  smoothers available.
[lifecycle_manager-19] [INFO] [1774345035.981715736] [lifecycle_manager_navigation]: [34m[1mConfiguring planner_server[0m[0m
[planner_server-12] [INFO] [1774345035.982471999] [planner_server]: Configuring
[planner_server-12] [INFO] [1774345035.982702699] [global_costmap.global_costmap]: Configuring
[planner_server-12] [INFO] [1774345036.024032043] [global_costmap.global_costmap]: Using plugin "static_layer"
[planner_server-12] [INFO] [1774345036.046425358] [global_costmap.global_costmap]: Subscribing to the map topic (/map) with transient local durability
[planner_server-12] [INFO] [1774345036.052875029] [global_costmap.global_costmap]: Initialized plugin "static_layer"
[planner_server-12] [INFO] [1774345036.052956401] [global_costmap.global_costmap]: Using plugin "obstacle_layer"
[planner_server-12] [INFO] [1774345036.059474320] [global_costmap.global_costmap]: Subscribed to Topics: scan
[planner_server-12] [INFO] [1774345036.077708626] [global_costmap.global_costmap]: Initialized plugin "obstacle_layer"
[planner_server-12] [INFO] [1774345036.077803414] [global_costmap.global_costmap]: Using plugin "inflation_layer"
[planner_server-12] [INFO] [1774345036.083067505] [global_costmap.global_costmap]: Initialized plugin "inflation_layer"
[planner_server-12] [INFO] [1774345036.083149460] [global_costmap.global_costmap]: Using costmap filter "keepout_filter"
[planner_server-12] [INFO] [1774345036.092129827] [global_costmap.global_costmap]: Initialized costmap filter "keepout_filter"
[planner_server-12] [INFO] [1774345036.092221699] [global_costmap.global_costmap]: Using costmap filter "inflation_layer2"
[planner_server-12] [INFO] [1774345036.099931030] [global_costmap.global_costmap]: Initialized costmap filter "inflation_layer2"
[localization_slam_toolbox_node-7] Load From File /home/smr/workspaces/mini_amr/amrROS2_ws/maps/latest_map.posegraph 
[localization_slam_toolbox_node-7] Mapper <- Module
[localization_slam_toolbox_node-7] Mapper <- m_pSequentialScanMatcher
[localization_slam_toolbox_node-7] Mapper <- m_pGraph
[localization_slam_toolbox_node-7] MapperGraph <- Graph; Graph <- m_Edges; Graph <- m_Vertices
[localization_slam_toolbox_node-7] MapperGraph <- m_pMapper; MapperGraph <- m_pLoopScanMatcher; MapperGraph <- m_pTraversal
[localization_slam_toolbox_node-7] Mapper <- m_pMapperSensorManager
[localization_slam_toolbox_node-7] MapperSensorManager <- m_ScanManagers; MapperSensorManager <- m_Scans
[localization_slam_toolbox_node-7] Mapper <- m_Listeners
[localization_slam_toolbox_node-7] **Finished serializing Mapper**
[localization_slam_toolbox_node-7] Load From File
[localization_slam_toolbox_node-7] **Serializing Dataset**
[localization_slam_toolbox_node-7] Dataset <- m_SensorNameLookup
[localization_slam_toolbox_node-7] Dataset <- m_Data
[localization_slam_toolbox_node-7] Dataset <- m_Lasers
[localization_slam_toolbox_node-7] Dataset <- m_pDatasetInfo
[localization_slam_toolbox_node-7] **Finished serializing Dataset**
[localization_slam_toolbox_node-7] Registering sensor: [Custom Described Lidar]
[localization_slam_toolbox_node-7] WARNING: Logging before InitGoogleLogging() is written to STDERR
[localization_slam_toolbox_node-7] W20260324 16:37:16.125988 59589 preprocessor.cc:67] Specified options.num_threads: 50 exceeds maximum available from the threading model Ceres was compiled with: 8.  Bounding to maximum number available.
[INFO] [launch.user]: [LifecycleLaunch] Slamtoolbox node is activating.
[localization_slam_toolbox_node-7] [INFO] [1774345036.208999714] [slam_toolbox]: Activating
[planner_server-12] [INFO] [1774345036.232794433] [planner_server]: Created global planner plugin GridBased of type nav2_smac_planner::SmacPlanner2D
[planner_server-12] [INFO] [1774345036.233007342] [planner_server]: Configuring GridBased of type SmacPlanner2D
[planner_server-12] [ERROR] [1774345036.246540744] [planner_server]: Inflation layer either not found or inflation is not set sufficiently for optimized non-circular collision checking capabilities. It is HIGHLY recommended to set the inflation radius to be at MINIMUM half of the robot's largest cross-section. See github.com/ros-planning/navigation2/tree/main/nav2_smac_planner#potential-fields for full instructions. This will substantially impact run-time performance.
[planner_server-12] [INFO] [1774345036.258435041] [planner_server]: Configured plugin GridBased of type SmacPlanner2D with tolerance 0.12, maximum iterations 1000000, max on approach iterations 1000, and not allowing unknown traversal.
[planner_server-12] [INFO] [1774345036.258660199] [planner_server]: Planner Server has GridBased  planners available.
[lifecycle_manager-19] [INFO] [1774345036.303194547] [lifecycle_manager_navigation]: [34m[1mConfiguring behavior_server[0m[0m
[behavior_server-13] [INFO] [1774345036.304678199] [behavior_server]: Configuring
[localization_slam_toolbox_node-7] Registering sensor: [Custom Described Lidar]
[behavior_server-13] [INFO] [1774345036.353872327] [behavior_server]: Creating behavior plugin wait of type nav2_behaviors::Wait
[behavior_server-13] [INFO] [1774345036.387187559] [behavior_server]: Configuring wait
[joint_state_publisher-2] [INFO] [1774345036.398963736] [joint_state_publisher]: Waiting for robot_description to be published on the robot_description topic...
[lifecycle_manager-19] [INFO] [1774345036.421092811] [lifecycle_manager_navigation]: [34m[1mConfiguring velocity_smoother[0m[0m
[velocity_smoother-16] [INFO] [1774345036.421960486] [velocity_smoother]: Configuring velocity smoother
[lifecycle_manager-19] [INFO] [1774345036.460466896] [lifecycle_manager_navigation]: [34m[1mConfiguring collision_monitor[0m[0m
[collision_monitor-17] [INFO] [1774345036.461163953] [collision_monitor]: Configuring
[collision_monitor-17] [INFO] [1774345036.490917488] [collision_monitor]: [scan]: Creating Scan
[collision_monitor-17] [INFO] [1774345036.503466260] [collision_monitor]: [PolygonStop]: Creating Polygon
[collision_monitor-17] [INFO] [1774345036.503643295] [collision_monitor]: [PolygonStop]: Creating Circle
[collision_monitor-17] [INFO] [1774345036.520434490] [collision_monitor]: [PolygonSlow]: Creating Polygon
[collision_monitor-17] [INFO] [1774345036.543929387] [collision_monitor]: [FootprintApproach]: Creating Polygon
[collision_monitor-17] [INFO] [1774345036.545558575] [collision_monitor]: [FootprintApproach]: Polygon points are not defined. Using dynamic subscription instead.
[collision_monitor-17] [INFO] [1774345036.558199511] [collision_monitor]: [FootprintApproach]: Making footprint subscriber on /local_costmap/published_footprint topic
[lifecycle_manager-19] [INFO] [1774345036.584920411] [lifecycle_manager_navigation]: [34m[1mConfiguring collision_detector[0m[0m
[collision_detector-18] [INFO] [1774345036.585541346] [collision_detector]: Configuring
[collision_detector-18] [INFO] [1774345036.609926960] [collision_monitor]: [scan]: Creating Scan
[collision_detector-18] [INFO] [1774345036.613775063] [collision_monitor]: [PolygonStop]: Creating Polygon
[collision_detector-18] [INFO] [1774345036.613808604] [collision_monitor]: [PolygonStop]: Creating Circle
[collision_detector-18] [INFO] [1774345036.623734809] [collision_monitor]: [PolygonSlow]: Creating Polygon
[lifecycle_manager-19] [INFO] [1774345036.632872962] [lifecycle_manager_navigation]: [34m[1mConfiguring bt_navigator[0m[0m
[bt_navigator-14] [INFO] [1774345036.634744515] [bt_navigator]: Configuring
[bt_navigator-14] [INFO] [1774345036.646655729] [bt_navigator]: Creating navigator id navigate_to_pose of type nav2_bt_navigator::NavigateToPoseNavigator
[planner_server-12] [INFO] [1774345036.675040232] [global_costmap.global_costmap]: StaticLayer: Resizing costmap to 787 X 922 at 0.050000 m/pix
[bt_navigator-14] [INFO] [1774345036.859811911] [bt_navigator]: Creating navigator id navigate_through_poses of type nav2_bt_navigator::NavigateThroughPosesNavigator
[lifecycle_manager-19] [INFO] [1774345036.950899737] [lifecycle_manager_navigation]: [34m[1mConfiguring waypoint_follower[0m[0m
[waypoint_follower-15] [INFO] [1774345036.951948238] [waypoint_follower]: Configuring
[waypoint_follower-15] [INFO] [1774345037.009095522] [waypoint_follower]: Created waypoint_task_executor : wait_at_waypoint of type nav2_waypoint_follower::WaitAtWaypoint
[lifecycle_manager-19] [INFO] [1774345037.014333656] [lifecycle_manager_navigation]: [34m[1mConfiguring keepout_filter_mask_server[0m[0m
[map_server-8] [INFO] [1774345037.015220581] [keepout_filter_mask_server]: Configuring
[map_server-8] [INFO] [1774345037.015357367] [map_io]: Loading yaml file: /home/smr/workspaces/mini_amr/amrROS2_ws/maps/latest_map_keepout.yaml
[map_server-8] [INFO] [1774345037.015654564] [map_io]: resolution: 0.05
[map_server-8] [INFO] [1774345037.015667981] [map_io]: origin[0]: -26.12
[map_server-8] [INFO] [1774345037.015673522] [map_io]: origin[1]: -29.258
[map_server-8] [INFO] [1774345037.015677897] [map_io]: origin[2]: 0
[map_server-8] [INFO] [1774345037.015682563] [map_io]: free_thresh: 0.196
[map_server-8] [INFO] [1774345037.015686938] [map_io]: occupied_thresh: 0.65
[map_server-8] [INFO] [1774345037.015693063] [map_io]: mode: trinary
[map_server-8] [INFO] [1774345037.015698313] [map_io]: negate: 0
[map_server-8] [INFO] [1774345037.015915013] [map_io]: Loading image_file: /home/smr/workspaces/mini_amr/amrROS2_ws/maps/latest_map_keepout.pgm
[map_server-8] [INFO] [1774345037.028915852] [map_io]: Read map /home/smr/workspaces/mini_amr/amrROS2_ws/maps/latest_map_keepout.pgm: 787 X 922 map @ 0.05 m/cell
[lifecycle_manager-19] [INFO] [1774345037.049594523] [lifecycle_manager_navigation]: [34m[1mConfiguring keepout_costmap_filter_info_server[0m[0m
[costmap_filter_info_server-9] [INFO] [1774345037.053169054] [keepout_costmap_filter_info_server]: Configuring
[lifecycle_manager-19] [INFO] [1774345037.065490918] [lifecycle_manager_navigation]: [34m[1mActivating controller_server[0m[0m
[controller_server-10] [INFO] [1774345037.067391054] [controller_server]: Activating
[controller_server-10] [INFO] [1774345037.067497217] [local_costmap.local_costmap]: Activating
[controller_server-10] [INFO] [1774345037.067534841] [local_costmap.local_costmap]: Checking transform
[controller_server-10] [INFO] [1774345037.067741624] [local_costmap.local_costmap]: start
[controller_server-10] [INFO] [1774345037.071492607] [local_costmap.local_costmap]: KeepoutFilter: Subscribing to "/keepout_costmap_filter_info" topic for filter info...
[controller_server-10] [WARN] [1774345037.173123198] [local_costmap.local_costmap]: KeepoutFilter: Filter mask was not received
[controller_server-10] [WARN] [1774345037.180414879] [controller_server]: Parameter controller_server.verbose not found
[controller_server-10] [INFO] [1774345037.181988361] [controller_server]: Optimizer reset
[controller_server-10] [INFO] [1774345037.183499428] [MPPIController]: Activated MPPI Controller: FollowPath
[controller_server-10] [INFO] [1774345037.183597425] [controller_server]: Creating bond (controller_server) to lifecycle manager.
[lifecycle_manager-19] [INFO] [1774345037.290227576] [lifecycle_manager_navigation]: Server controller_server connected with bond.
[lifecycle_manager-19] [INFO] [1774345037.290397028] [lifecycle_manager_navigation]: [34m[1mActivating smoother_server[0m[0m
[smoother_server-11] [INFO] [1774345037.292135587] [smoother_server]: Activating
[smoother_server-11] [INFO] [1774345037.292225417] [smoother_server]: Creating bond (smoother_server) to lifecycle manager.
[lifecycle_manager-19] [INFO] [1774345037.402438848] [lifecycle_manager_navigation]: Server smoother_server connected with bond.
[lifecycle_manager-19] [INFO] [1774345037.402526053] [lifecycle_manager_navigation]: [34m[1mActivating planner_server[0m[0m
[planner_server-12] [INFO] [1774345037.403328398] [planner_server]: Activating
[planner_server-12] [INFO] [1774345037.403501058] [global_costmap.global_costmap]: Activating
[planner_server-12] [INFO] [1774345037.403592929] [global_costmap.global_costmap]: Checking transform
[planner_server-12] [INFO] [1774345037.403981123] [global_costmap.global_costmap]: start
[planner_server-12] [INFO] [1774345037.406596398] [global_costmap.global_costmap]: KeepoutFilter: Subscribing to "/keepout_costmap_filter_info" topic for filter info...
[planner_server-12] [WARN] [1774345037.924729810] [global_costmap.global_costmap]: KeepoutFilter: Filter mask was not received
[planner_server-12] [INFO] [1774345037.962748572] [planner_server]: Activating plugin GridBased of type SmacPlanner2D
[planner_server-12] [INFO] [1774345037.965558382] [planner_server]: Creating bond (planner_server) to lifecycle manager.
[lifecycle_manager-19] [INFO] [1774345038.078571415] [lifecycle_manager_navigation]: Server planner_server connected with bond.
[lifecycle_manager-19] [INFO] [1774345038.078651329] [lifecycle_manager_navigation]: [34m[1mActivating behavior_server[0m[0m
[behavior_server-13] [INFO] [1774345038.079329719] [behavior_server]: Activating
[behavior_server-13] [INFO] [1774345038.079396800] [behavior_server]: Activating wait
[behavior_server-13] [INFO] [1774345038.079436757] [behavior_server]: Creating bond (behavior_server) to lifecycle manager.
[lifecycle_manager-19] [INFO] [1774345038.190570362] [lifecycle_manager_navigation]: Server behavior_server connected with bond.
[lifecycle_manager-19] [INFO] [1774345038.190684983] [lifecycle_manager_navigation]: [34m[1mActivating velocity_smoother[0m[0m
[velocity_smoother-16] [INFO] [1774345038.191564616] [velocity_smoother]: Activating
[velocity_smoother-16] [INFO] [1774345038.191745151] [velocity_smoother]: Creating bond (velocity_smoother) to lifecycle manager.
[lifecycle_manager-19] [INFO] [1774345038.304071919] [lifecycle_manager_navigation]: Server velocity_smoother connected with bond.
[lifecycle_manager-19] [INFO] [1774345038.304363283] [lifecycle_manager_navigation]: [34m[1mActivating collision_monitor[0m[0m
[collision_monitor-17] [INFO] [1774345038.306511909] [collision_monitor]: Activating
[collision_monitor-17] [INFO] [1774345038.306686028] [collision_monitor]: Creating bond (collision_monitor) to lifecycle manager.
[lifecycle_manager-19] [INFO] [1774345038.423760073] [lifecycle_manager_navigation]: Server collision_monitor connected with bond.
[lifecycle_manager-19] [INFO] [1774345038.424077978] [lifecycle_manager_navigation]: [34m[1mActivating collision_detector[0m[0m
[collision_detector-18] [INFO] [1774345038.426148732] [collision_detector]: Activating
[collision_detector-18] [INFO] [1774345038.426414431] [collision_detector]: Creating bond (collision_detector) to lifecycle manager.
[lifecycle_manager-19] [INFO] [1774345038.573220137] [lifecycle_manager_navigation]: Server collision_detector connected with bond.
[lifecycle_manager-19] [INFO] [1774345038.573311716] [lifecycle_manager_navigation]: [34m[1mActivating bt_navigator[0m[0m
[bt_navigator-14] [INFO] [1774345038.574641958] [bt_navigator]: Activating
[bt_navigator-14] [INFO] [1774345038.785176739] [bt_navigator]: Creating bond (bt_navigator) to lifecycle manager.
[lifecycle_manager-19] [INFO] [1774345038.900777341] [lifecycle_manager_navigation]: Server bt_navigator connected with bond.
[lifecycle_manager-19] [INFO] [1774345038.900852004] [lifecycle_manager_navigation]: [34m[1mActivating waypoint_follower[0m[0m
[waypoint_follower-15] [INFO] [1774345038.901757012] [waypoint_follower]: Activating
[waypoint_follower-15] [INFO] [1774345038.901838967] [waypoint_follower]: Creating bond (waypoint_follower) to lifecycle manager.
[lifecycle_manager-19] [INFO] [1774345039.018991760] [lifecycle_manager_navigation]: Server waypoint_follower connected with bond.
[lifecycle_manager-19] [INFO] [1774345039.019085089] [lifecycle_manager_navigation]: [34m[1mActivating keepout_filter_mask_server[0m[0m
[map_server-8] [INFO] [1774345039.020175298] [keepout_filter_mask_server]: Activating
[map_server-8] [INFO] [1774345039.020993683] [keepout_filter_mask_server]: Creating bond (keepout_filter_mask_server) to lifecycle manager.
[lifecycle_manager-19] [INFO] [1774345039.134879934] [lifecycle_manager_navigation]: Server keepout_filter_mask_server connected with bond.
[lifecycle_manager-19] [INFO] [1774345039.135125216] [lifecycle_manager_navigation]: [34m[1mActivating keepout_costmap_filter_info_server[0m[0m
[INFO] [delivery_robot_main_controller-20]: process started with pid [59873]
[INFO] [robot_sound-21]: process started with pid [59874]
[INFO] [call_robot_button-22]: process started with pid [59875]
[INFO] [rpc_run_node-23]: process started with pid [59876]
[costmap_filter_info_server-9] [INFO] [1774345039.137659411] [keepout_costmap_filter_info_server]: Activating
[costmap_filter_info_server-9] [INFO] [1774345039.137974108] [keepout_costmap_filter_info_server]: Creating bond (keepout_costmap_filter_info_server) to lifecycle manager.
[INFO] [dock_coordinates-24]: process started with pid [59877]
[INFO] [autodock_action_server-25]: process started with pid [59878]
[INFO] [battery_manager_node-26]: process started with pid [59879]
[planner_server-12] [INFO] [1774345039.138038563] [global_costmap.global_costmap]: KeepoutFilter: Received filter info from /keepout_costmap_filter_info topic.
[planner_server-12] [INFO] [1774345039.138101853] [global_costmap.global_costmap]: KeepoutFilter: Subscribing to "/keepout_filter_mask" topic for filter mask...
[planner_server-12] [INFO] [1774345039.179620481] [global_costmap.global_costmap]: KeepoutFilter: Received filter mask from /keepout_filter_mask topic.
[controller_server-10] [INFO] [1774345039.138103311] [local_costmap.local_costmap]: KeepoutFilter: Received filter info from /keepout_costmap_filter_info topic.
[controller_server-10] [INFO] [1774345039.138218515] [local_costmap.local_costmap]: KeepoutFilter: Subscribing to "/keepout_filter_mask" topic for filter mask...
[controller_server-10] [INFO] [1774345039.181489994] [local_costmap.local_costmap]: KeepoutFilter: Received filter mask from /keepout_filter_mask topic.
[lifecycle_manager-19] [INFO] [1774345039.254915158] [lifecycle_manager_navigation]: Server keepout_costmap_filter_info_server connected with bond.
[lifecycle_manager-19] [INFO] [1774345039.255066819] [lifecycle_manager_navigation]: [34m[1mManaged nodes are active[0m[0m
[lifecycle_manager-19] [INFO] [1774345039.255105901] [lifecycle_manager_navigation]: [34m[1mCreating bond timer...[0m[0m
[dock_coordinates-24] [INFO] [1774345039.422637819] [dock_coordinates]: begin dock_coordinates
[dock_coordinates-24] [INFO] [1774345039.440467015] [dock coordinates]: max_alignment_error: 0.010000
[dock_coordinates-24] [INFO] [1774345039.440555095] [dock coordinates]: minimum_point_cloud: 5
[dock_coordinates-24] [INFO] [1774345039.440571720] [dock coordinates]: point_cloud_split_dist: 0.050000
[dock_coordinates-24] [INFO] [1774345039.440588636] [dock coordinates]: max_dock_width: 0.380000
[dock_coordinates-24] [INFO] [1774345039.440605260] [dock coordinates]: min_dock_width: 0.310000
[dock_coordinates-24] [INFO] [1774345039.440620426] [dock coordinates]: range_limit: 1.200000
[rpc_run_node-23] [0m[INFO] [1774345041.105497165] [rpc_run_node]: RPC run node started; RPC bridge configured.[0m
[rpc_run_node-23] 2026-03-24 16:37:21,114 [INFO] RPCServer listening on localhost:6000
[robot_sound-21] [0m[INFO] [1774345041.336820572] [robot_sound_node]: Sound volume set to 100% (API).[0m
[robot_sound-21] [0m[INFO] [1774345041.337745412] [robot_sound_node]: ✅ robot_sound_node started using .wav files[0m
[battery_manager_node-26] [INFO] [1774345041.727837362] [battery_manager]: SOC limits from API: target=1.00, resume=0.95
[battery_manager_node-26] [INFO] [1774345041.843363008] [battery_manager]: IR state: IDLE -> READY (10)
[autodock_action_server-25] [INFO] [1774345042.122877540] [autodock_action_server]: auto_dock_init_start
[battery_manager_node-26] [INFO] [1774345042.140373083] [battery_manager]: Charger READY; starting charge
[battery_manager_node-26] [INFO] [1774345042.245871902] [battery_manager]: State change: IDLE_ON_DOCK -> CHARGING
[autodock_action_server-25] [INFO] [1774345042.261007368] [autodock_action_server]: auto_dock_init_complete
[battery_manager_node-26] [INFO] [1774345042.634373746] [battery_manager]: State change: CHARGING -> IDLE_ON_DOCK
[battery_manager_node-26] [INFO] [1774345042.636659159] [battery_manager]: Charger READY; starting charge
[battery_manager_node-26] [INFO] [1774345042.738996140] [battery_manager]: State change: IDLE_ON_DOCK -> CHARGING
[delivery_robot_main_controller-20] [0m[INFO] [1774345042.797468707] [main_controller_node]: Delivery Robot Main Controller Node started.[0m
[delivery_robot_main_controller-20] [0m[INFO] [1774345042.803573350] [main_controller_node]: Initial state: STANDBY[0m
[delivery_robot_main_controller-20] [0m[INFO] [1774345042.808687530] [main_controller_node]: setting_batteryLowToCharge: 40[0m
[autodock_action_server-25] [INFO] [1774345042.822369385] [charge_status]: IR Charge State: READY (10)
[delivery_robot_main_controller-20] [33m[WARN] [1774345042.834220517] [rcl.logging_rosout]: Publisher already registered for node name: 'main_controller_node'. If this is due to multiple nodes with the same name then all logs for the logger named 'main_controller_node' will go out over the existing publisher. As soon as any node with that name is destructed it will unregister the publisher, preventing any further logs for that name from being published on the rosout topic.[0m
[delivery_robot_main_controller-20] [33m[WARN] [1774345042.903433592] [main_controller_node]: slam_toolbox_msgs not available; initial pose service calls will be skipped.[0m
[battery_manager_node-26] [INFO] [1774345043.134516092] [battery_manager]: State change: CHARGING -> IDLE_ON_DOCK
[battery_manager_node-26] [INFO] [1774345043.135524637] [battery_manager]: Charger READY; starting charge
[battery_manager_node-26] [INFO] [1774345043.239129153] [battery_manager]: State change: IDLE_ON_DOCK -> CHARGING
[battery_manager_node-26] [INFO] [1774345043.634352782] [battery_manager]: State change: CHARGING -> IDLE_ON_DOCK
[battery_manager_node-26] [INFO] [1774345043.636075592] [battery_manager]: Charger READY; starting charge
[call_robot_button-22] 2026-03-24 16:37:23 mosquitto_pub -u smr -P smrbot25 -m "Home,blink" -t "Rsp" -r
[call_robot_button-22] [0m[INFO] [1774345043.730912067] [call_robot_button_node]: call_switch notified: station=Home status=blink.[0m
[battery_manager_node-26] [INFO] [1774345043.738840140] [battery_manager]: State change: IDLE_ON_DOCK -> CHARGING
[INFO] [bash-27]: process started with pid [59992]
[delivery_robot_main_controller-20] [0m[INFO] [1774345044.126350355] [main_controller_node]: Waiting for Nav2 system...[0m
[battery_manager_node-26] [INFO] [1774345044.134322760] [battery_manager]: State change: CHARGING -> IDLE_ON_DOCK
[battery_manager_node-26] [INFO] [1774345044.135292806] [battery_manager]: Charger READY; starting charge
[autodock_action_server-25] [INFO] [1774345044.165201210] [charge_status]: IR Charge State: IDLE (0)
[battery_manager_node-26] [INFO] [1774345044.245282538] [battery_manager]: State change: IDLE_ON_DOCK -> CHARGING
[battery_manager_node-26] [INFO] [1774345044.247988227] [battery_manager]: IR state: READY -> IDLE (0)
[battery_manager_node-26] [INFO] [1774345044.634340569] [battery_manager]: State change: CHARGING -> UNKNOWN
[battery_manager_node-26] [INFO] [1774345045.987184639] [battery_manager]: IR state: IDLE -> CHARGING (11)
[autodock_action_server-25] [INFO] [1774345045.997643991] [charge_status]: IR Charge State: CHARGING (11)
[battery_manager_node-26] [INFO] [1774345046.134325165] [battery_manager]: State change: UNKNOWN -> CHARGING
[delivery_robot_main_controller-20] [0m[INFO] [1774345046.151251105] [main_controller_node]: Waiting for localization pose to be received from slam_toolbox/pose[0m
[delivery_robot_main_controller-20] [0m[INFO] [1774345046.158709321] [main_controller_node]: Acquired localization pose from TF map->base_link[0m
[delivery_robot_main_controller-20] [0m[INFO] [1774345048.181224620] [main_controller_node]: Nav2 is ready for use![0m
[delivery_robot_main_controller-20] [0m[INFO] [1774345048.239480486] [main_controller_node]: Robot is in STANDBY mode.[0m
[delivery_robot_main_controller-20] [0m[INFO] [1774345048.298808188] [main_controller_node]: Dock State change: IDLE -> DOCKED[0m
[delivery_robot_main_controller-20] [33m[WARN] [1774345048.380702738] [main_controller_node]: Robot status id missing; refreshing before battery status.[0m
[delivery_robot_main_controller-20] [0m[INFO] [1774345049.191640843] [main_controller_node]: Current state: STANDBY, dock_state DOCKED, charge_state CHARGING[0m
[delivery_robot_main_controller-20] [0m[INFO] [1774345050.234100972] [main_controller_node]: Current state: STANDBY, dock_state DOCKED, charge_state CHARGING[0m
[delivery_robot_main_controller-20] [0m[INFO] [1774345050.323732270] [main_controller_node]: 1 pending queues [0m
[delivery_robot_main_controller-20] [0m[INFO] [1774345051.194146236] [main_controller_node]: Current state: STANDBY, dock_state DOCKED, charge_state CHARGING[0m
[delivery_robot_main_controller-20] [0m[INFO] [1774345052.198254824] [main_controller_node]: Current state: STANDBY, dock_state DOCKED, charge_state CHARGING[0m
[delivery_robot_main_controller-20] [0m[INFO] [1774345052.274872742] [main_controller_node]: State change: STANDBY -> DOCK[0m
[delivery_robot_main_controller-20] [0m[INFO] [1774345052.285394217] [main_controller_node]: Robot is UNDOCKING.[0m
[delivery_robot_main_controller-20] [0m[INFO] [1774345052.286775206] [main_controller_node]: Dock State change: DOCKED -> UNDOCKING[0m
[delivery_robot_main_controller-20] [0m[INFO] [1774345052.298962326] [main_controller_node]: Sending autodock UNDOCK goal...[0m
[delivery_robot_main_controller-20] [0m[INFO] [1774345052.299862375] [main_controller_node]: Undock goal sent (future created)[0m
[autodock_action_server-25] [INFO] [1774345052.311015576] [autodock_action_server]: Executing goal...
[battery_manager_node-26] [INFO] [1774345052.327288206] [battery_manager]: request_stop_charge received: False -> True
[autodock_action_server-25] [INFO] [1774345052.332813621] [autodock_action_server]: Published request_stop_charge: (True)
[delivery_robot_main_controller-20] [0m[INFO] [1774345052.343531088] [main_controller_node]: Undock goal response callback triggered[0m
[battery_manager_node-26] [WARN] [1774345052.636987923] [battery_manager]: Request stop charge for undock
[battery_manager_node-26] [INFO] [1774345052.740662145] [battery_manager]: State change: CHARGING -> COOLDOWN
[delivery_robot_main_controller-20] [0m[INFO] [1774345053.188826802] [main_controller_node]: Current state: DOCK, dock_state UNDOCKING, charge_state CHARGING[0m
[autodock_action_server-25] [WARN] [1774345053.335532470] [autodock_action_server]: Attempt 1: IR state = CHARGING, want Stop Charge
[autodock_action_server-25] [INFO] [1774345053.337742928] [autodock_action_server]: Published request_stop_charge: (True)
[battery_manager_node-26] [WARN] [1774345053.634627882] [battery_manager]: Request stop charge for undock
[battery_manager_node-26] [WARN] [1774345054.137102598] [battery_manager]: Request stop charge for undock
[delivery_robot_main_controller-20] [0m[INFO] [1774345054.196678498] [main_controller_node]: Current state: DOCK, dock_state UNDOCKING, charge_state CHARGING[0m
[autodock_action_server-25] [WARN] [1774345054.340511359] [autodock_action_server]: Attempt 2: IR state = CHARGING, want Stop Charge
[autodock_action_server-25] [INFO] [1774345054.342537490] [autodock_action_server]: Published request_stop_charge: (True)
[battery_manager_node-26] [WARN] [1774345054.637007828] [battery_manager]: Request stop charge for undock
[battery_manager_node-26] [WARN] [1774345055.137171756] [battery_manager]: Request stop charge for undock
[delivery_robot_main_controller-20] [0m[INFO] [1774345055.187240268] [main_controller_node]: Current state: DOCK, dock_state UNDOCKING, charge_state CHARGING[0m
[autodock_action_server-25] [WARN] [1774345055.345573952] [autodock_action_server]: Attempt 3: IR state = CHARGING, want Stop Charge
[autodock_action_server-25] [INFO] [1774345055.346208886] [autodock_action_server]: Published request_stop_charge: (True)
[battery_manager_node-26] [WARN] [1774345055.637902080] [battery_manager]: Request stop charge for undock
[battery_manager_node-26] [INFO] [1774345055.886453873] [battery_manager]: IR state: CHARGING -> READY (10)
[autodock_action_server-25] [INFO] [1774345055.892549475] [charge_status]: IR Charge State: READY (10)
[battery_manager_node-26] [INFO] [1774345056.134336608] [battery_manager]: State change: COOLDOWN -> IDLE_ON_DOCK
[delivery_robot_main_controller-20] [0m[INFO] [1774345056.188181185] [main_controller_node]: Current state: DOCK, dock_state UNDOCKING, charge_state NOT_CHARGE[0m
[autodock_action_server-25] [INFO] [1774345056.346991726] [autodock_action_server]: Confirm: Robot stop charge (after 4 attempt(s)) ✅
[autodock_action_server-25] [INFO] [1774345056.347539747] [autodock_action_server]: Stop charging successfully
[delivery_robot_main_controller-20] [0m[INFO] [1774345057.256683823] [main_controller_node]: Current state: DOCK, dock_state UNDOCKING, charge_state NOT_CHARGE[0m
[delivery_robot_main_controller-20] [0m[INFO] [1774345057.353232608] [main_controller_node]: Received feedback undock: 1[0m
[delivery_robot_main_controller-20] [0m[INFO] [1774345058.189659367] [main_controller_node]: Current state: DOCK, dock_state UNDOCKING, charge_state NOT_CHARGE[0m
[battery_manager_node-26] [INFO] [1774345058.708455420] [battery_manager]: IR state: READY -> IDLE (0)
[autodock_action_server-25] [INFO] [1774345058.714983255] [charge_status]: IR Charge State: IDLE (0)
[battery_manager_node-26] [INFO] [1774345059.136112024] [battery_manager]: State change: IDLE_ON_DOCK -> UNKNOWN
[delivery_robot_main_controller-20] [0m[INFO] [1774345059.194084985] [main_controller_node]: Current state: DOCK, dock_state UNDOCKING, charge_state NOT_CHARGE[0m
[delivery_robot_main_controller-20] [0m[INFO] [1774345060.227431169] [main_controller_node]: Current state: DOCK, dock_state UNDOCKING, charge_state NOT_CHARGE[0m
[delivery_robot_main_controller-20] [0m[INFO] [1774345061.197575008] [main_controller_node]: Current state: DOCK, dock_state UNDOCKING, charge_state NOT_CHARGE[0m
[delivery_robot_main_controller-20] [0m[INFO] [1774345062.258326024] [main_controller_node]: Current state: DOCK, dock_state UNDOCKING, charge_state NOT_CHARGE[0m
[delivery_robot_main_controller-20] [0m[INFO] [1774345063.220313423] [main_controller_node]: Current state: DOCK, dock_state UNDOCKING, charge_state NOT_CHARGE[0m
[autodock_action_server-25] [INFO] [1774345063.576183383] [autodock_action_server]: Published request_stop_charge: (False)
[battery_manager_node-26] [INFO] [1774345063.576388708] [battery_manager]: request_stop_charge received: True -> False
[autodock_action_server-25] [INFO] [1774345063.576804318] [autodock_action_server]: finish undocking
[delivery_robot_main_controller-20] [0m[INFO] [1774345063.592915371] [main_controller_node]: Undock successful. Proceeding to STANDBY.[0m
[delivery_robot_main_controller-20] [0m[INFO] [1774345063.593605720] [main_controller_node]: Dock State change: UNDOCKING -> IDLE[0m
[delivery_robot_main_controller-20] [0m[INFO] [1774345063.608722520] [main_controller_node]: State change: DOCK -> STANDBY[0m
[delivery_robot_main_controller-20] [0m[INFO] [1774345063.625927282] [main_controller_node]: Robot is in STANDBY mode.[0m
[call_robot_button-22] 2026-03-24 16:37:43 mosquitto_pub -u smr -P smrbot25 -m "Packing,true" -t "Rsp" -r
[call_robot_button-22] [0m[INFO] [1774345063.656124716] [call_robot_button_node]: call_switch notified: station=Packing status=true.[0m
[delivery_robot_main_controller-20] [0m[INFO] [1774345064.234599040] [main_controller_node]: Current state: STANDBY, dock_state IDLE, charge_state NOT_CHARGE[0m
[delivery_robot_main_controller-20] [0m[INFO] [1774345064.369952307] [main_controller_node]: 2 pending queues [0m
[delivery_robot_main_controller-20] [0m[INFO] [1774345064.373985612] [main_controller_node]: Queue action: Request[0m
[delivery_robot_main_controller-20] [0m[INFO] [1774345064.435127411] [main_controller_node]: AGV start_pos: x=0.52, y=0.00[0m
[delivery_robot_main_controller-20] [0m[INFO] [1774345064.437368201] [main_controller_node]: AGV goal_pos: x=0.39, y=0.04[0m
[delivery_robot_main_controller-20] [0m[INFO] [1774345064.439667321] [main_controller_node]: Path source: building YAML (/home/smr/workspaces/mini_amr/amrROS2_ws/maps/map_000.building.yaml)[0m
[delivery_robot_main_controller-20] Graph before shortest_path: Graph with 11 nodes and 10 edges
[delivery_robot_main_controller-20] [0m[INFO] [1774345064.492347025] [main_controller_node]: Computed AGV path waypoints:[0m
[delivery_robot_main_controller-20] [0m[INFO] [1774345064.493129829] [main_controller_node]:   Waypoint 0: x=0.52, y=0.00[0m
[delivery_robot_main_controller-20] [0m[INFO] [1774345064.495785353] [main_controller_node]:   Waypoint 1: x=0.39, y=0.04[0m
[delivery_robot_main_controller-20] [0m[INFO] [1774345064.497728946] [main_controller_node]: Navigating with 2 goals....[0m
[bt_navigator-14] [INFO] [1774345064.500570254] [bt_navigator]: Begin navigating from current location through 2 poses to (0.39, 0.04)
[controller_server-10] [INFO] [1774345064.501283935] [local_costmap.local_costmap]: Received request to clear entirely the local_costmap
[delivery_robot_main_controller-20] [0m[INFO] [1774345064.503418271] [main_controller_node]: State change: STANDBY -> MOVE[0m
[controller_server-10] [INFO] [1774345064.507321497] [local_costmap.local_costmap]: KeepoutFilter: Subscribing to "/keepout_costmap_filter_info" topic for filter info...
[delivery_robot_main_controller-20] [0m[INFO] [1774345064.520234256] [main_controller_node]: Robot is MOVING.[0m
[planner_server-12] [INFO] [1774345064.512057692] [global_costmap.global_costmap]: Received request to clear entirely the global_costmap
[planner_server-12] [INFO] [1774345064.519214337] [global_costmap.global_costmap]: KeepoutFilter: Subscribing to "/keepout_costmap_filter_info" topic for filter info...
[controller_server-10] [INFO] [1774345064.532848359] [local_costmap.local_costmap]: KeepoutFilter: Received filter info from /keepout_costmap_filter_info topic.
[controller_server-10] [INFO] [1774345064.533009062] [local_costmap.local_costmap]: KeepoutFilter: Subscribing to "/keepout_filter_mask" topic for filter mask...
[planner_server-12] [INFO] [1774345064.533213221] [global_costmap.global_costmap]: KeepoutFilter: Received filter info from /keepout_costmap_filter_info topic.
[planner_server-12] [INFO] [1774345064.533349715] [global_costmap.global_costmap]: KeepoutFilter: Subscribing to "/keepout_filter_mask" topic for filter mask...
[controller_server-10] [WARN] [1774345064.577932769] [local_costmap.local_costmap]: KeepoutFilter: New filter mask arrived from /keepout_filter_mask topic. Updating old filter mask.
[planner_server-12] [WARN] [1774345064.578589869] [global_costmap.global_costmap]: KeepoutFilter: New filter mask arrived from /keepout_filter_mask topic. Updating old filter mask.
[planner_server-12] [WARN] [1774345065.031871040] [planner_server]: Planner loop missed its desired rate of 5.0000 Hz. Current loop rate is 1.9913 Hz
[controller_server-10] [INFO] [1774345065.052218099] [controller_server]: Received a goal, begin computing control effort.
[controller_server-10] [WARN] [1774345065.052398634] [controller_server]: No goal checker was specified in parameter 'current_goal_checker'. Server will use only plugin loaded goal_checker . This warning will appear once.
[controller_server-10] [WARN] [1774345065.052507713] [controller_server]: No progress checker was specified in parameter 'current_progress_checker'. Server will use only plugin loaded progress_checker . This warning will appear once.
[controller_server-10] [INFO] [1774345065.252790218] [controller_server]: Passing new path to controller.
[controller_server-10] [INFO] [1774345065.352791621] [controller_server]: Passing new path to controller.
[controller_server-10] [INFO] [1774345065.552786845] [controller_server]: Passing new path to controller.
[controller_server-10] [INFO] [1774345065.752788486] [controller_server]: Passing new path to controller.
[controller_server-10] [INFO] [1774345065.852786681] [controller_server]: Passing new path to controller.
[controller_server-10] [INFO] [1774345065.952824250] [controller_server]: Passing new path to controller.
[controller_server-10] [INFO] [1774345066.052787155] [controller_server]: Passing new path to controller.
[controller_server-10] [INFO] [1774345066.252760213] [controller_server]: Passing new path to controller.
[controller_server-10] [INFO] [1774345066.352755784] [controller_server]: Passing new path to controller.
[controller_server-10] [INFO] [1774345066.452760687] [controller_server]: Passing new path to controller.
[controller_server-10] [INFO] [1774345066.552759757] [controller_server]: Passing new path to controller.
[controller_server-10] [INFO] [1774345066.652752994] [controller_server]: Passing new path to controller.
[controller_server-10] [INFO] [1774345066.852785842] [controller_server]: Passing new path to controller.
[controller_server-10] [INFO] [1774345066.952795704] [controller_server]: Passing new path to controller.
[controller_server-10] [INFO] [1774345067.052790399] [controller_server]: Passing new path to controller.
[controller_server-10] [INFO] [1774345067.252762582] [controller_server]: Passing new path to controller.
[controller_server-10] [INFO] [1774345067.352760486] [controller_server]: Passing new path to controller.
[controller_server-10] [INFO] [1774345067.452759848] [controller_server]: Passing new path to controller.
[controller_server-10] [INFO] [1774345067.552758918] [controller_server]: Passing new path to controller.
[controller_server-10] [INFO] [1774345067.752756184] [controller_server]: Passing new path to controller.
[controller_server-10] [INFO] [1774345067.852759629] [controller_server]: Passing new path to controller.
[controller_server-10] [INFO] [1774345067.952752866] [controller_server]: Passing new path to controller.
[controller_server-10] [INFO] [1774345068.052721604] [controller_server]: Passing new path to controller.
[controller_server-10] [INFO] [1774345068.252756202] [controller_server]: Passing new path to controller.
[controller_server-10] [INFO] [1774345068.352760814] [controller_server]: Passing new path to controller.
[controller_server-10] [INFO] [1774345068.452758134] [controller_server]: Passing new path to controller.
[controller_server-10] [INFO] [1774345068.552761871] [controller_server]: Passing new path to controller.
[controller_server-10] [INFO] [1774345068.752723555] [controller_server]: Passing new path to controller.
[controller_server-10] [INFO] [1774345068.852771040] [controller_server]: Passing new path to controller.
[controller_server-10] [INFO] [1774345069.052757222] [controller_server]: Passing new path to controller.
[controller_server-10] [INFO] [1774345069.152749585] [controller_server]: Passing new path to controller.
[controller_server-10] [INFO] [1774345069.352770183] [controller_server]: Passing new path to controller.
[controller_server-10] [INFO] [1774345069.452796669] [controller_server]: Passing new path to controller.
[controller_server-10] [INFO] [1774345069.552789906] [controller_server]: Passing new path to controller.
[controller_server-10] [INFO] [1774345069.752789213] [controller_server]: Passing new path to controller.
[controller_server-10] [INFO] [1774345069.852806074] [controller_server]: Passing new path to controller.
[controller_server-10] [INFO] [1774345069.952787354] [controller_server]: Passing new path to controller.
[controller_server-10] [INFO] [1774345070.052832797] [controller_server]: Passing new path to controller.
[controller_server-10] [INFO] [1774345070.252790689] [controller_server]: Passing new path to controller.
[controller_server-10] [INFO] [1774345070.352848091] [controller_server]: Passing new path to controller.
[controller_server-10] [INFO] [1774345070.452789705] [controller_server]: Passing new path to controller.
[controller_server-10] [INFO] [1774345070.652787554] [controller_server]: Passing new path to controller.
[controller_server-10] [INFO] [1774345070.752791582] [controller_server]: Passing new path to controller.
[controller_server-10] [INFO] [1774345070.852791236] [controller_server]: Passing new path to controller.
[controller_server-10] [INFO] [1774345071.052787918] [controller_server]: Passing new path to controller.
[controller_server-10] [INFO] [1774345071.252786642] [controller_server]: Passing new path to controller.
[controller_server-10] [INFO] [1774345071.352786879] [controller_server]: Passing new path to controller.
[controller_server-10] [INFO] [1774345071.452789158] [controller_server]: Passing new path to controller.
[controller_server-10] [INFO] [1774345071.458469442] [controller_server]: Reached the goal!
[controller_server-10] [INFO] [1774345071.460397868] [controller_server]: Optimizer reset
[bt_navigator-14] [INFO] [1774345071.492031998] [bt_navigator]: Goal succeeded
[delivery_robot_main_controller-20] [0m[INFO] [1774345071.564167462] [main_controller_node]: Goal succeeded![0m
[delivery_robot_main_controller-20] [0m[INFO] [1774345071.564840019] [main_controller_node]: State change: MOVE -> AFTER_MOVE[0m
[delivery_robot_main_controller-20] [0m[INFO] [1774345071.575193501] [main_controller_node]: Evaluating post-move action...[0m
[delivery_robot_main_controller-20] [0m[INFO] [1774345071.575755812] [main_controller_node]: Post-move action is: Request[0m
[delivery_robot_main_controller-20] [0m[INFO] [1774345071.577093928] [main_controller_node]: Published message: "arrive_target"[0m
[robot_sound-21] [0m[INFO] [1774345071.577965687] [robot_sound_node]: 🔔 Received sound command: arrive_target[0m
[robot_sound-21] Simple mixer control 'PCM',0
[robot_sound-21]   Capabilities: pvolume pswitch pswitch-joined
[robot_sound-21]   Playback channels: Front Left - Front Right
[robot_sound-21]   Limits: Playback 0 - 147
[robot_sound-21]   Mono:
[robot_sound-21]   Front Left: Playback 147 [100%] [-0.94dB] [on]
[robot_sound-21]   Front Right: Playback 147 [100%] [-0.94dB] [on]
[robot_sound-21] [0m[INFO] [1774345071.588105384] [robot_sound_node]: 🔊 Playing sound: /home/smr/workspaces/mini_amr/amrROS2_ws/sounds/robot_target.wav[0m
[robot_sound-21] Playing WAVE '/home/smr/workspaces/mini_amr/amrROS2_ws/sounds/robot_target.wav' : Signed 16 bit Little Endian, Rate 44100 Hz, Mono
[delivery_robot_main_controller-20] [0m[INFO] [1774345071.622497701] [main_controller_node]: Successfully removed queue ID: 2088[0m
[delivery_robot_main_controller-20] [0m[INFO] [1774345071.625747910] [main_controller_node]: Waiting 15s for LOAD_IN command...[0m
[delivery_robot_main_controller-20] [0m[INFO] [1774345071.626580295] [main_controller_node]: State change: AFTER_MOVE -> STANDBY[0m
[delivery_robot_main_controller-20] [0m[INFO] [1774345071.649068106] [main_controller_node]: Robot is in STANDBY mode.[0m
[call_robot_button-22] 2026-03-24 16:37:51 mosquitto_pub -u smr -P smrbot25 -m "Home,true" -t "Rsp" -r
[delivery_robot_main_controller-20] [0m[INFO] [1774345071.663976081] [main_controller_node]: Current state: STANDBY, dock_state IDLE, charge_state NOT_CHARGE[0m
[call_robot_button-22] [0m[INFO] [1774345071.714132381] [call_robot_button_node]: call_switch notified: station=Home status=true.[0m
[delivery_robot_main_controller-20] [0m[INFO] [1774345071.724152500] [main_controller_node]: Enter to wait_for_load_in_loop and wait for timeout...in 14.902252197265625 seconds[0m
[delivery_robot_main_controller-20] [0m[INFO] [1774345072.196753227] [main_controller_node]: Current state: STANDBY, dock_state IDLE, charge_state NOT_CHARGE[0m
[delivery_robot_main_controller-20] [0m[INFO] [1774345072.310579104] [main_controller_node]: Enter to wait_for_load_in_loop and wait for timeout...in 14.316187143325806 seconds[0m
[delivery_robot_main_controller-20] [0m[INFO] [1774345073.199570364] [main_controller_node]: Current state: STANDBY, dock_state IDLE, charge_state NOT_CHARGE[0m
[call_robot_button-22] 2026-03-24 16:37:53 mosquitto_pub -u smr -P smrbot25 -m "Home,false" -t "Rsp" -r
[call_robot_button-22] [0m[INFO] [1774345073.706923311] [call_robot_button_node]: call_switch notified: station=Home status=false.[0m
[delivery_robot_main_controller-20] [0m[INFO] [1774345074.187030669] [main_controller_node]: Current state: STANDBY, dock_state IDLE, charge_state NOT_CHARGE[0m
[delivery_robot_main_controller-20] [0m[INFO] [1774345074.280648024] [main_controller_node]: Enter to wait_for_load_in_loop and wait for timeout...in 12.34711217880249 seconds[0m
[delivery_robot_main_controller-20] [0m[INFO] [1774345075.259560779] [main_controller_node]: Current state: STANDBY, dock_state IDLE, charge_state NOT_CHARGE[0m
[delivery_robot_main_controller-20] [0m[INFO] [1774345076.250505493] [main_controller_node]: Current state: STANDBY, dock_state IDLE, charge_state NOT_CHARGE[0m
[delivery_robot_main_controller-20] [0m[INFO] [1774345076.326325149] [main_controller_node]: Enter to wait_for_load_in_loop and wait for timeout...in 10.300086975097656 seconds[0m
[delivery_robot_main_controller-20] [0m[INFO] [1774345077.202587393] [main_controller_node]: Current state: STANDBY, dock_state IDLE, charge_state NOT_CHARGE[0m
[delivery_robot_main_controller-20] [0m[INFO] [1774345078.188943199] [main_controller_node]: Current state: STANDBY, dock_state IDLE, charge_state NOT_CHARGE[0m
[delivery_robot_main_controller-20] [0m[INFO] [1774345078.264266458] [main_controller_node]: Enter to wait_for_load_in_loop and wait for timeout...in 8.36212682723999 seconds[0m
[delivery_robot_main_controller-20] [0m[INFO] [1774345079.195841764] [main_controller_node]: Current state: STANDBY, dock_state IDLE, charge_state NOT_CHARGE[0m
[delivery_robot_main_controller-20] [0m[INFO] [1774345080.195721054] [main_controller_node]: Current state: STANDBY, dock_state IDLE, charge_state NOT_CHARGE[0m
[delivery_robot_main_controller-20] [0m[INFO] [1774345080.257920105] [main_controller_node]: Enter to wait_for_load_in_loop and wait for timeout...in 6.368484258651733 seconds[0m
[delivery_robot_main_controller-20] [0m[INFO] [1774345081.243961797] [main_controller_node]: Current state: STANDBY, dock_state IDLE, charge_state NOT_CHARGE[0m
[delivery_robot_main_controller-20] [0m[INFO] [1774345082.248084093] [main_controller_node]: Current state: STANDBY, dock_state IDLE, charge_state NOT_CHARGE[0m
[delivery_robot_main_controller-20] [0m[INFO] [1774345082.321039400] [main_controller_node]: Enter to wait_for_load_in_loop and wait for timeout...in 4.306658983230591 seconds[0m
[delivery_robot_main_controller-20] [0m[INFO] [1774345083.202848350] [main_controller_node]: Current state: STANDBY, dock_state IDLE, charge_state NOT_CHARGE[0m
[delivery_robot_main_controller-20] [0m[INFO] [1774345084.190656891] [main_controller_node]: Current state: STANDBY, dock_state IDLE, charge_state NOT_CHARGE[0m
[delivery_robot_main_controller-20] [0m[INFO] [1774345084.249118084] [main_controller_node]: Enter to wait_for_load_in_loop and wait for timeout...in 2.378572940826416 seconds[0m
[delivery_robot_main_controller-20] [0m[INFO] [1774345085.196772945] [main_controller_node]: Current state: STANDBY, dock_state IDLE, charge_state NOT_CHARGE[0m
[delivery_robot_main_controller-20] [0m[INFO] [1774345086.219103881] [main_controller_node]: Current state: STANDBY, dock_state IDLE, charge_state NOT_CHARGE[0m
[delivery_robot_main_controller-20] [0m[INFO] [1774345086.301262088] [main_controller_node]: Enter to wait_for_load_in_loop and wait for timeout...in 0.3267388343811035 seconds[0m
[delivery_robot_main_controller-20] [0m[INFO] [1774345087.251191279] [main_controller_node]: Current state: STANDBY, dock_state IDLE, charge_state NOT_CHARGE[0m
[delivery_robot_main_controller-20] [0m[INFO] [1774345088.187741938] [main_controller_node]: Current state: STANDBY, dock_state IDLE, charge_state NOT_CHARGE[0m
[delivery_robot_main_controller-20] [0m[INFO] [1774345088.240058531] [main_controller_node]: 1 pending queues [0m
[delivery_robot_main_controller-20] [0m[INFO] [1774345088.241205320] [main_controller_node]: Queue action: Request[0m
[delivery_robot_main_controller-20] [0m[INFO] [1774345088.295372468] [main_controller_node]: AGV start_pos: x=0.36, y=-0.03[0m
[delivery_robot_main_controller-20] [0m[INFO] [1774345088.295948488] [main_controller_node]: AGV goal_pos: x=-0.32, y=-7.98[0m
[delivery_robot_main_controller-20] [0m[INFO] [1774345088.297449347] [main_controller_node]: Path source: building YAML (/home/smr/workspaces/mini_amr/amrROS2_ws/maps/map_000.building.yaml)[0m
[delivery_robot_main_controller-20] Graph before shortest_path: Graph with 11 nodes and 10 edges
[delivery_robot_main_controller-20] [0m[INFO] [1774345088.319405470] [main_controller_node]: Computed AGV path waypoints:[0m
[delivery_robot_main_controller-20] [0m[INFO] [1774345088.320107193] [main_controller_node]:   Waypoint 0: x=0.36, y=-0.03[0m
[delivery_robot_main_controller-20] [0m[INFO] [1774345088.320821458] [main_controller_node]:   Waypoint 1: x=0.39, y=0.04[0m
[delivery_robot_main_controller-20] [0m[INFO] [1774345088.321475641] [main_controller_node]:   Waypoint 2: x=0.71, y=-0.27[0m
[delivery_robot_main_controller-20] [0m[INFO] [1774345088.322127783] [main_controller_node]:   Waypoint 3: x=1.03, y=-0.58[0m
[delivery_robot_main_controller-20] [0m[INFO] [1774345088.322757759] [main_controller_node]:   Waypoint 4: x=1.35, y=-0.89[0m
[delivery_robot_main_controller-20] [0m[INFO] [1774345088.323386860] [main_controller_node]:   Waypoint 5: x=1.67, y=-1.20[0m
[delivery_robot_main_controller-20] [0m[INFO] [1774345088.324016253] [main_controller_node]:   Waypoint 6: x=1.99, y=-1.51[0m
[delivery_robot_main_controller-20] [0m[INFO] [1774345088.324715351] [main_controller_node]:   Waypoint 7: x=2.00, y=-1.98[0m
[delivery_robot_main_controller-20] [0m[INFO] [1774345088.325432532] [main_controller_node]:   Waypoint 8: x=2.01, y=-2.46[0m
[delivery_robot_main_controller-20] [0m[INFO] [1774345088.326073591] [main_controller_node]:   Waypoint 9: x=2.02, y=-2.94[0m
[delivery_robot_main_controller-20] [0m[INFO] [1774345088.326701234] [main_controller_node]:   Waypoint 10: x=2.03, y=-3.42[0m
[delivery_robot_main_controller-20] [0m[INFO] [1774345088.327318377] [main_controller_node]:   Waypoint 11: x=2.04, y=-3.89[0m
[delivery_robot_main_controller-20] [0m[INFO] [1774345088.327948062] [main_controller_node]:   Waypoint 12: x=2.05, y=-4.37[0m
[delivery_robot_main_controller-20] [0m[INFO] [1774345088.328665243] [main_controller_node]:   Waypoint 13: x=2.06, y=-4.85[0m
[delivery_robot_main_controller-20] [0m[INFO] [1774345088.329348592] [main_controller_node]:   Waypoint 14: x=2.07, y=-5.33[0m
[delivery_robot_main_controller-20] [0m[INFO] [1774345088.332128361] [main_controller_node]:   Waypoint 15: x=2.09, y=-5.81[0m
[delivery_robot_main_controller-20] [0m[INFO] [1774345088.332828918] [main_controller_node]:   Waypoint 16: x=2.10, y=-6.28[0m
[delivery_robot_main_controller-20] [0m[INFO] [1774345088.333479310] [main_controller_node]:   Waypoint 17: x=2.11, y=-6.76[0m
[delivery_robot_main_controller-20] [0m[INFO] [1774345088.334105786] [main_controller_node]:   Waypoint 18: x=1.62, y=-6.77[0m
[delivery_robot_main_controller-20] [0m[INFO] [1774345088.334737803] [main_controller_node]:   Waypoint 19: x=1.13, y=-6.78[0m
[delivery_robot_main_controller-20] [0m[INFO] [1774345088.335377404] [main_controller_node]:   Waypoint 20: x=0.64, y=-6.79[0m
[delivery_robot_main_controller-20] [0m[INFO] [1774345088.336030421] [main_controller_node]:   Waypoint 21: x=0.15, y=-6.80[0m
[delivery_robot_main_controller-20] [0m[INFO] [1774345088.336747602] [main_controller_node]:   Waypoint 22: x=-0.34, y=-6.81[0m
[delivery_robot_main_controller-20] [0m[INFO] [1774345088.337379620] [main_controller_node]:   Waypoint 23: x=-0.33, y=-7.20[0m
[delivery_robot_main_controller-20] [0m[INFO] [1774345088.337997346] [main_controller_node]:   Waypoint 24: x=-0.33, y=-7.59[0m
[delivery_robot_main_controller-20] [0m[INFO] [1774345088.338624989] [main_controller_node]:   Waypoint 25: x=-0.32, y=-7.98[0m
[delivery_robot_main_controller-20] [0m[INFO] [1774345088.340096683] [main_controller_node]: Navigating with 26 goals....[0m
[bt_navigator-14] [INFO] [1774345088.344765505] [bt_navigator]: Begin navigating from current location through 26 poses to (-0.32, -7.98)
[controller_server-10] [INFO] [1774345088.345339483] [local_costmap.local_costmap]: Received request to clear entirely the local_costmap
[controller_server-10] [INFO] [1774345088.350847690] [local_costmap.local_costmap]: KeepoutFilter: Subscribing to "/keepout_costmap_filter_info" topic for filter info...
[controller_server-10] [INFO] [1774345088.362352336] [local_costmap.local_costmap]: KeepoutFilter: Received filter info from /keepout_costmap_filter_info topic.
[controller_server-10] [INFO] [1774345088.362432541] [local_costmap.local_costmap]: KeepoutFilter: Subscribing to "/keepout_filter_mask" topic for filter mask...
[planner_server-12] [INFO] [1774345088.363712326] [global_costmap.global_costmap]: Received request to clear entirely the global_costmap
[planner_server-12] [INFO] [1774345088.379228402] [global_costmap.global_costmap]: KeepoutFilter: Subscribing to "/keepout_costmap_filter_info" topic for filter info...
[delivery_robot_main_controller-20] [0m[INFO] [1774345088.387435007] [main_controller_node]: State change: STANDBY -> MOVE[0m
[controller_server-10] [WARN] [1774345088.388549131] [local_costmap.local_costmap]: KeepoutFilter: New filter mask arrived from /keepout_filter_mask topic. Updating old filter mask.
[planner_server-12] [INFO] [1774345088.391270278] [global_costmap.global_costmap]: KeepoutFilter: Received filter info from /keepout_costmap_filter_info topic.
[planner_server-12] [INFO] [1774345088.391480270] [global_costmap.global_costmap]: KeepoutFilter: Subscribing to "/keepout_filter_mask" topic for filter mask...
[delivery_robot_main_controller-20] [0m[INFO] [1774345088.408987187] [main_controller_node]: Robot is MOVING.[0m
[planner_server-12] [WARN] [1774345088.418469201] [global_costmap.global_costmap]: KeepoutFilter: New filter mask arrived from /keepout_filter_mask topic. Updating old filter mask.
[controller_server-10] [INFO] [1774345088.561981824] [controller_server]: Received a goal, begin computing control effort.
[controller_server-10] [INFO] [1774345088.762603524] [controller_server]: Passing new path to controller.
[controller_server-10] [INFO] [1774345088.862568763] [controller_server]: Passing new path to controller.
[controller_server-10] [INFO] [1774345089.162613222] [controller_server]: Passing new path to controller.
[controller_server-10] [INFO] [1774345089.262595376] [controller_server]: Passing new path to controller.
[controller_server-10] [INFO] [1774345089.462596433] [controller_server]: Passing new path to controller.
[controller_server-10] [INFO] [1774345089.562592879] [controller_server]: Passing new path to controller.
[call_robot_button-22] 2026-03-24 16:38:09 mosquitto_pub -u smr -P smrbot25 -m "Packing,blink" -t "Rsp" -r
[call_robot_button-22] [0m[INFO] [1774345089.654247100] [call_robot_button_node]: call_switch notified: station=Packing status=blink.[0m
[controller_server-10] [INFO] [1774345089.762555729] [controller_server]: Passing new path to controller.
[controller_server-10] [INFO] [1774345089.862563840] [controller_server]: Passing new path to controller.
[controller_server-10] [INFO] [1774345089.962556786] [controller_server]: Passing new path to controller.
[controller_server-10] [INFO] [1774345090.062559356] [controller_server]: Passing new path to controller.
[controller_server-10] [INFO] [1774345090.262560413] [controller_server]: Passing new path to controller.
[controller_server-10] [INFO] [1774345090.362559192] [controller_server]: Passing new path to controller.
[controller_server-10] [INFO] [1774345090.462566137] [controller_server]: Passing new path to controller.
[controller_server-10] [INFO] [1774345090.662555528] [controller_server]: Passing new path to controller.
[controller_server-10] [INFO] [1774345090.762576472] [controller_server]: Passing new path to controller.
[controller_server-10] [INFO] [1774345090.862558627] [controller_server]: Passing new path to controller.
[controller_server-10] [INFO] [1774345091.062606932] [controller_server]: Passing new path to controller.
[controller_server-10] [INFO] [1774345091.262593115] [controller_server]: Passing new path to controller.
[controller_server-10] [INFO] [1774345091.362522771] [controller_server]: Passing new path to controller.
[controller_server-10] [INFO] [1774345091.562561160] [controller_server]: Passing new path to controller.
[controller_server-10] [INFO] [1774345091.762559009] [controller_server]: Passing new path to controller.
[controller_server-10] [INFO] [1774345091.862558954] [controller_server]: Passing new path to controller.
[controller_server-10] [INFO] [1774345092.062605801] [controller_server]: Passing new path to controller.
[controller_server-10] [INFO] [1774345092.262563110] [controller_server]: Passing new path to controller.
[controller_server-10] [INFO] [1774345092.362558389] [controller_server]: Passing new path to controller.
[controller_server-10] [INFO] [1774345092.462557459] [controller_server]: Passing new path to controller.
[controller_server-10] [INFO] [1774345092.562580154] [controller_server]: Passing new path to controller.
[controller_server-10] [INFO] [1774345092.762560795] [controller_server]: Passing new path to controller.
[controller_server-10] [INFO] [1774345092.862554907] [controller_server]: Passing new path to controller.
[controller_server-10] [INFO] [1774345093.062576380] [controller_server]: Passing new path to controller.
[controller_server-10] [INFO] [1774345093.262553522] [controller_server]: Passing new path to controller.
[controller_server-10] [INFO] [1774345093.362557258] [controller_server]: Passing new path to controller.
[controller_server-10] [INFO] [1774345093.562559482] [controller_server]: Passing new path to controller.
[controller_server-10] [INFO] [1774345093.662551553] [controller_server]: Passing new path to controller.
[controller_server-10] [INFO] [1774345093.862559026] [controller_server]: Passing new path to controller.
[controller_server-10] [INFO] [1774345093.962559263] [controller_server]: Passing new path to controller.
[controller_server-10] [INFO] [1774345094.062559500] [controller_server]: Passing new path to controller.
[controller_server-10] [INFO] [1774345094.262558224] [controller_server]: Passing new path to controller.
[controller_server-10] [INFO] [1774345094.362557586] [controller_server]: Passing new path to controller.
[controller_server-10] [INFO] [1774345094.462555198] [controller_server]: Passing new path to controller.
[controller_server-10] [INFO] [1774345094.562551935] [controller_server]: Passing new path to controller.
[controller_server-10] [INFO] [1774345094.762613948] [controller_server]: Passing new path to controller.
[controller_server-10] [INFO] [1774345094.862592020] [controller_server]: Passing new path to controller.
[controller_server-10] [INFO] [1774345095.062594535] [controller_server]: Passing new path to controller.
[controller_server-10] [INFO] [1774345095.262591509] [controller_server]: Passing new path to controller.
[controller_server-10] [INFO] [1774345095.362595537] [controller_server]: Passing new path to controller.
[controller_server-10] [INFO] [1774345095.562556054] [controller_server]: Passing new path to controller.
[controller_server-10] [INFO] [1774345095.762560028] [controller_server]: Passing new path to controller.
[controller_server-10] [INFO] [1774345095.862555599] [controller_server]: Passing new path to controller.
[controller_server-10] [INFO] [1774345096.062562489] [controller_server]: Passing new path to controller.
[controller_server-10] [INFO] [1774345096.262559171] [controller_server]: Passing new path to controller.
[controller_server-10] [INFO] [1774345096.362561450] [controller_server]: Passing new path to controller.
[controller_server-10] [INFO] [1774345096.462556145] [controller_server]: Passing new path to controller.
[controller_server-10] [INFO] [1774345096.562556965] [controller_server]: Passing new path to controller.
[controller_server-10] [WARN] [1774345096.697083680] [controller_server]: Control loop missed its desired rate of 10.0000 Hz. Current loop rate is 7.4335 Hz.
[controller_server-10] [INFO] [1774345096.697171760] [controller_server]: Passing new path to controller.
[controller_server-10] [INFO] [1774345096.862557093] [controller_server]: Passing new path to controller.
[controller_server-10] [INFO] [1774345097.062647105] [controller_server]: Passing new path to controller.
[controller_server-10] [INFO] [1774345097.262588081] [controller_server]: Passing new path to controller.
[controller_server-10] [INFO] [1774345097.362582777] [controller_server]: Passing new path to controller.
[controller_server-10] [INFO] [1774345097.562558751] [controller_server]: Passing new path to controller.
[controller_server-10] [INFO] [1774345097.762564475] [controller_server]: Passing new path to controller.
[controller_server-10] [INFO] [1774345097.862551587] [controller_server]: Passing new path to controller.
[controller_server-10] [INFO] [1774345098.062590560] [controller_server]: Passing new path to controller.
[controller_server-10] [INFO] [1774345098.262589867] [controller_server]: Passing new path to controller.
[controller_server-10] [INFO] [1774345098.362587771] [controller_server]: Passing new path to controller.
[controller_server-10] [INFO] [1774345098.462592383] [controller_server]: Passing new path to controller.
[controller_server-10] [INFO] [1774345098.662589357] [controller_server]: Passing new path to controller.
[controller_server-10] [INFO] [1774345098.762600093] [controller_server]: Passing new path to controller.
[controller_server-10] [INFO] [1774345098.862591872] [controller_server]: Passing new path to controller.
[controller_server-10] [INFO] [1774345099.062593512] [controller_server]: Passing new path to controller.
[controller_server-10] [INFO] [1774345099.262572695] [controller_server]: Passing new path to controller.
[controller_server-10] [INFO] [1774345099.362556600] [controller_server]: Passing new path to controller.
[controller_server-10] [INFO] [1774345099.562564948] [controller_server]: Passing new path to controller.
[controller_server-10] [INFO] [1774345099.762552006] [controller_server]: Passing new path to controller.
[controller_server-10] [INFO] [1774345099.862597158] [controller_server]: Passing new path to controller.
[controller_server-10] [INFO] [1774345100.062549508] [controller_server]: Passing new path to controller.
[controller_server-10] [INFO] [1774345100.262560482] [controller_server]: Passing new path to controller.
[controller_server-10] [INFO] [1774345100.362620217] [controller_server]: Passing new path to controller.
[controller_server-10] [INFO] [1774345100.462587205] [controller_server]: Passing new path to controller.
[controller_server-10] [WARN] [1774345100.699491441] [controller_server]: Control loop missed its desired rate of 10.0000 Hz. Current loop rate is 7.3503 Hz.
[controller_server-10] [INFO] [1774345100.699784847] [controller_server]: Passing new path to controller.
[controller_server-10] [INFO] [1774345100.762552042] [controller_server]: Passing new path to controller.
[controller_server-10] [INFO] [1774345100.862555779] [controller_server]: Passing new path to controller.
[controller_server-10] [INFO] [1774345101.162588863] [controller_server]: Passing new path to controller.
[controller_server-10] [INFO] [1774345101.262591725] [controller_server]: Passing new path to controller.
[controller_server-10] [INFO] [1774345101.362587587] [controller_server]: Passing new path to controller.
[controller_server-10] [INFO] [1774345101.562595644] [controller_server]: Passing new path to controller.
[controller_server-10] [INFO] [1774345101.762592035] [controller_server]: Passing new path to controller.
[controller_server-10] [INFO] [1774345101.862622604] [controller_server]: Passing new path to controller.
[controller_server-10] [INFO] [1774345102.062597120] [controller_server]: Passing new path to controller.
[controller_server-10] [INFO] [1774345102.262592344] [controller_server]: Passing new path to controller.
[controller_server-10] [INFO] [1774345102.362591123] [controller_server]: Passing new path to controller.
[controller_server-10] [INFO] [1774345102.462591068] [controller_server]: Passing new path to controller.
[controller_server-10] [INFO] [1774345102.562592472] [controller_server]: Passing new path to controller.
[controller_server-10] [INFO] [1774345102.762556780] [controller_server]: Passing new path to controller.
[controller_server-10] [INFO] [1774345102.862548851] [controller_server]: Passing new path to controller.
[controller_server-10] [INFO] [1774345103.062563324] [controller_server]: Passing new path to controller.
[controller_server-10] [INFO] [1774345103.262550090] [controller_server]: Passing new path to controller.
[controller_server-10] [INFO] [1774345103.362571327] [controller_server]: Passing new path to controller.
[controller_server-10] [INFO] [1774345103.562589300] [controller_server]: Passing new path to controller.
[controller_server-10] [INFO] [1774345103.762592399] [controller_server]: Passing new path to controller.
[controller_server-10] [INFO] [1774345103.862632884] [controller_server]: Passing new path to controller.
[controller_server-10] [INFO] [1774345104.062580568] [controller_server]: Passing new path to controller.
[controller_server-10] [INFO] [1774345104.262589500] [controller_server]: Passing new path to controller.
[controller_server-10] [INFO] [1774345104.362593528] [controller_server]: Passing new path to controller.
[controller_server-10] [INFO] [1774345104.462559058] [controller_server]: Passing new path to controller.
[controller_server-10] [INFO] [1774345104.662589281] [controller_server]: Passing new path to controller.
[controller_server-10] [INFO] [1774345104.762585435] [controller_server]: Passing new path to controller.
[controller_server-10] [INFO] [1774345104.862596755] [controller_server]: Passing new path to controller.
[controller_server-10] [INFO] [1774345105.062591104] [controller_server]: Passing new path to controller.
[controller_server-10] [INFO] [1774345105.262591869] [controller_server]: Passing new path to controller.
[controller_server-10] [INFO] [1774345105.362604356] [controller_server]: Passing new path to controller.
[controller_server-10] [INFO] [1774345105.562584705] [controller_server]: Passing new path to controller.
[controller_server-10] [INFO] [1774345105.662593109] [controller_server]: Passing new path to controller.
[controller_server-10] [INFO] [1774345105.862598249] [controller_server]: Passing new path to controller.
[controller_server-10] [INFO] [1774345105.962648942] [controller_server]: Passing new path to controller.
[controller_server-10] [INFO] [1774345106.062591723] [controller_server]: Passing new path to controller.
[controller_server-10] [INFO] [1774345106.262588697] [controller_server]: Passing new path to controller.
[controller_server-10] [INFO] [1774345106.362557727] [controller_server]: Passing new path to controller.
[controller_server-10] [INFO] [1774345106.462551256] [controller_server]: Passing new path to controller.
[controller_server-10] [INFO] [1774345106.562615074] [controller_server]: Passing new path to controller.
[controller_server-10] [INFO] [1774345106.762553133] [controller_server]: Passing new path to controller.
[controller_server-10] [INFO] [1774345106.862555995] [controller_server]: Passing new path to controller.
[controller_server-10] [INFO] [1774345106.962561190] [controller_server]: Passing new path to controller.
[controller_server-10] [INFO] [1774345107.062556469] [controller_server]: Passing new path to controller.
[controller_server-10] [INFO] [1774345107.262590191] [controller_server]: Passing new path to controller.
[controller_server-10] [INFO] [1774345107.362585470] [controller_server]: Passing new path to controller.
[controller_server-10] [INFO] [1774345107.562593235] [controller_server]: Passing new path to controller.
[controller_server-10] [INFO] [1774345107.762582626] [controller_server]: Passing new path to controller.
[controller_server-10] [INFO] [1774345107.862556031] [controller_server]: Passing new path to controller.
[controller_server-10] [INFO] [1774345108.062556505] [controller_server]: Passing new path to controller.
[controller_server-10] [INFO] [1774345108.262580019] [controller_server]: Passing new path to controller.
[controller_server-10] [INFO] [1774345108.362556049] [controller_server]: Passing new path to controller.
[controller_server-10] [INFO] [1774345108.462556286] [controller_server]: Passing new path to controller.
[controller_server-10] [WARN] [1774345108.697503513] [controller_server]: [follow_path] [ActionServer] Aborting handle.
[controller_server-10] [WARN] [1774345108.749487911] [controller_server]: Control loop missed its desired rate of 10.0000 Hz. Current loop rate is 3.4851 Hz.
[controller_server-10] [INFO] [1774345108.749814565] [controller_server]: Passing new path to controller.
[controller_server-10] [INFO] [1774345108.851645524] [controller_server]: Passing new path to controller.
[controller_server-10] [INFO] [1774345109.058958386] [controller_server]: Passing new path to controller.
[controller_server-10] [INFO] [1774345109.271171937] [controller_server]: Passing new path to controller.
[controller_server-10] [INFO] [1774345109.378317152] [controller_server]: Passing new path to controller.
[controller_server-10] [INFO] [1774345109.594707794] [controller_server]: Passing new path to controller.
[controller_server-10] [INFO] [1774345109.701527813] [controller_server]: Passing new path to controller.
[controller_server-10] [INFO] [1774345109.808231753] [controller_server]: Passing new path to controller.
[controller_server-10] [INFO] [1774345110.132026600] [controller_server]: Passing new path to controller.
[controller_server-10] [INFO] [1774345110.234489869] [controller_server]: Passing new path to controller.
[controller_server-10] [INFO] [1774345110.346914341] [controller_server]: Passing new path to controller.
[controller_server-10] [INFO] [1774345110.449616475] [controller_server]: Passing new path to controller.
[controller_server-10] [INFO] [1774345110.650901400] [controller_server]: Passing new path to controller.
[controller_server-10] [INFO] [1774345110.749595604] [controller_server]: Passing new path to controller.
[controller_server-10] [INFO] [1774345110.849606048] [controller_server]: Passing new path to controller.
[controller_server-10] [INFO] [1774345111.049693727] [controller_server]: Passing new path to controller.
[controller_server-10] [INFO] [1774345111.249595913] [controller_server]: Passing new path to controller.
[controller_server-10] [INFO] [1774345111.349594400] [controller_server]: Passing new path to controller.
[controller_server-10] [INFO] [1774345111.449598720] [controller_server]: Passing new path to controller.
[controller_server-10] [INFO] [1774345111.549595166] [controller_server]: Passing new path to controller.
[controller_server-10] [INFO] [1774345111.749600306] [controller_server]: Passing new path to controller.
[controller_server-10] [INFO] [1774345111.849609001] [controller_server]: Passing new path to controller.
[controller_server-10] [INFO] [1774345112.049572143] [controller_server]: Passing new path to controller.
[controller_server-10] [INFO] [1774345112.249566784] [controller_server]: Passing new path to controller.
[controller_server-10] [INFO] [1774345112.349566437] [controller_server]: Passing new path to controller.
[controller_server-10] [INFO] [1774345112.451175738] [controller_server]: Passing new path to controller.
[controller_server-10] [WARN] [1774345112.667002610] [controller_server]: [follow_path] [ActionServer] Aborting handle.
[controller_server-10] [WARN] [1774345112.701901240] [controller_server]: Control loop missed its desired rate of 10.0000 Hz. Current loop rate is 3.9884 Hz.
[controller_server-10] [INFO] [1774345112.702076525] [controller_server]: Passing new path to controller.
[controller_server-10] [INFO] [1774345112.811045463] [controller_server]: Passing new path to controller.
[controller_server-10] [INFO] [1774345112.923403729] [controller_server]: Passing new path to controller.
[collision_monitor-17] [INFO] [1774345112.993871798] [collision_monitor]: Robot to stop due to PolygonStop polygon
[controller_server-10] [INFO] [1774345113.127942072] [controller_server]: Passing new path to controller.
[controller_server-10] [INFO] [1774345113.230198265] [controller_server]: Passing new path to controller.
[controller_server-10] [INFO] [1774345113.348738463] [controller_server]: Passing new path to controller.
[controller_server-10] [INFO] [1774345113.562867316] [controller_server]: Passing new path to controller.
[controller_server-10] [INFO] [1774345113.671310399] [controller_server]: Passing new path to controller.
[controller_server-10] [INFO] [1774345113.882168626] [controller_server]: Passing new path to controller.
[controller_server-10] [INFO] [1774345113.984484025] [controller_server]: Passing new path to controller.
[collision_monitor-17] [INFO] [1774345114.068053845] [collision_monitor]: Robot to continue normal operation
[controller_server-10] [INFO] [1774345114.086994833] [controller_server]: Passing new path to controller.
[controller_server-10] [INFO] [1774345114.189403853] [controller_server]: Passing new path to controller.
[controller_server-10] [INFO] [1774345114.394327181] [controller_server]: Passing new path to controller.
[controller_server-10] [INFO] [1774345114.496764492] [controller_server]: Passing new path to controller.
[controller_server-10] [INFO] [1774345114.599153097] [controller_server]: Passing new path to controller.
[controller_server-10] [WARN] [1774345114.745283037] [controller_server]: Control loop missed its desired rate of 10.0000 Hz. Current loop rate is 6.8426 Hz.
[controller_server-10] [INFO] [1774345114.746842519] [controller_server]: Passing new path to controller.
[controller_server-10] [INFO] [1774345114.801981755] [controller_server]: Passing new path to controller.
[collision_monitor-17] [INFO] [1774345114.975842306] [collision_monitor]: Robot to approach for 1.500000 seconds away from collision
[planner_server-12] [WARN] [1774345115.056786643] [planner_server]: GridBased plugin failed to plan from (-0.52, -7.03) to (-0.32, -7.98): "no valid path found"
[planner_server-12] [WARN] [1774345115.057633903] [planner_server]: [compute_path_through_poses] [ActionServer] Aborting handle.
[planner_server-12] [INFO] [1774345115.076351191] [global_costmap.global_costmap]: Received request to clear entirely the global_costmap
[planner_server-12] [INFO] [1774345115.084051773] [global_costmap.global_costmap]: KeepoutFilter: Subscribing to "/keepout_costmap_filter_info" topic for filter info...
[planner_server-12] [INFO] [1774345115.095795867] [global_costmap.global_costmap]: KeepoutFilter: Received filter info from /keepout_costmap_filter_info topic.
[planner_server-12] [INFO] [1774345115.097925245] [global_costmap.global_costmap]: KeepoutFilter: Subscribing to "/keepout_filter_mask" topic for filter mask...
[planner_server-12] [WARN] [1774345115.117894027] [global_costmap.global_costmap]: KeepoutFilter: New filter mask arrived from /keepout_filter_mask topic. Updating old filter mask.
[collision_monitor-17] [INFO] [1774345115.293900288] [collision_monitor]: Robot to stop due to PolygonStop polygon
[planner_server-12] [WARN] [1774345115.523460346] [planner_server]: Planner loop missed its desired rate of 5.0000 Hz. Current loop rate is 2.3719 Hz
[collision_monitor-17] [INFO] [1774345115.573498817] [collision_monitor]: Robot to continue normal operation
[controller_server-10] [INFO] [1774345115.601986858] [controller_server]: Passing new path to controller.
[controller_server-10] [INFO] [1774345115.701977470] [controller_server]: Passing new path to controller.
[controller_server-10] [INFO] [1774345115.801981791] [controller_server]: Passing new path to controller.
[controller_server-10] [INFO] [1774345116.002017263] [controller_server]: Passing new path to controller.
[controller_server-10] [INFO] [1774345116.101980460] [controller_server]: Passing new path to controller.
[controller_server-10] [INFO] [1774345116.202109608] [controller_server]: Passing new path to controller.
[controller_server-10] [INFO] [1774345116.301979475] [controller_server]: Passing new path to controller.
[controller_server-10] [INFO] [1774345116.601981644] [controller_server]: Passing new path to controller.
[controller_server-10] [INFO] [1774345116.702197123] [controller_server]: Passing new path to controller.
[controller_server-10] [INFO] [1774345116.902010354] [controller_server]: Passing new path to controller.
[controller_server-10] [INFO] [1774345117.102009953] [controller_server]: Passing new path to controller.
[controller_server-10] [INFO] [1774345117.202010190] [controller_server]: Passing new path to controller.
[controller_server-10] [INFO] [1774345117.302060592] [controller_server]: Passing new path to controller.
[controller_server-10] [INFO] [1774345117.602073552] [controller_server]: Passing new path to controller.
[controller_server-10] [INFO] [1774345117.702013416] [controller_server]: Passing new path to controller.
[controller_server-10] [INFO] [1774345117.802018028] [controller_server]: Passing new path to controller.
[controller_server-10] [INFO] [1774345117.808183335] [controller_server]: Reached the goal!
[controller_server-10] [INFO] [1774345117.809755650] [controller_server]: Optimizer reset
[bt_navigator-14] [INFO] [1774345117.845388669] [bt_navigator]: Goal succeeded
[delivery_robot_main_controller-20] [0m[INFO] [1774345118.037165623] [main_controller_node]: Goal succeeded![0m
[delivery_robot_main_controller-20] [0m[INFO] [1774345118.037833806] [main_controller_node]: State change: MOVE -> AFTER_MOVE[0m
[delivery_robot_main_controller-20] [0m[INFO] [1774345118.048989340] [main_controller_node]: Evaluating post-move action...[0m
[delivery_robot_main_controller-20] [0m[INFO] [1774345118.049738019] [main_controller_node]: Post-move action is: Request[0m
[delivery_robot_main_controller-20] [0m[INFO] [1774345118.050345246] [main_controller_node]: Published message: "arrive_target"[0m
[robot_sound-21] [0m[INFO] [1774345118.054295429] [robot_sound_node]: 🔔 Received sound command: arrive_target[0m
[robot_sound-21] Simple mixer control 'PCM',0
[robot_sound-21]   Capabilities: pvolume pswitch pswitch-joined
[robot_sound-21]   Playback channels: Front Left - Front Right
[robot_sound-21]   Limits: Playback 0 - 147
[robot_sound-21]   Mono:
[robot_sound-21]   Front Left: Playback 147 [100%] [-0.94dB] [on]
[robot_sound-21]   Front Right: Playback 147 [100%] [-0.94dB] [on]
[robot_sound-21] [0m[INFO] [1774345118.065678163] [robot_sound_node]: 🔊 Playing sound: /home/smr/workspaces/mini_amr/amrROS2_ws/sounds/robot_target.wav[0m
[robot_sound-21] Playing WAVE '/home/smr/workspaces/mini_amr/amrROS2_ws/sounds/robot_target.wav' : Signed 16 bit Little Endian, Rate 44100 Hz, Mono
[delivery_robot_main_controller-20] [0m[INFO] [1774345118.079010906] [main_controller_node]: Successfully removed queue ID: 2089[0m
[delivery_robot_main_controller-20] [0m[INFO] [1774345118.079919413] [main_controller_node]: Waiting 15s for LOAD_IN command...[0m
[delivery_robot_main_controller-20] [0m[INFO] [1774345118.080707758] [main_controller_node]: State change: AFTER_MOVE -> STANDBY[0m
[delivery_robot_main_controller-20] [0m[INFO] [1774345118.093767803] [main_controller_node]: Robot is in STANDBY mode.[0m
[delivery_robot_main_controller-20] [0m[INFO] [1774345118.113605340] [main_controller_node]: Current state: STANDBY, dock_state IDLE, charge_state NOT_CHARGE[0m
[delivery_robot_main_controller-20] [0m[INFO] [1774345118.188557904] [main_controller_node]: Enter to wait_for_load_in_loop and wait for timeout...in 14.893486976623535 seconds[0m
[delivery_robot_main_controller-20] [0m[INFO] [1774345118.198399238] [main_controller_node]: Current state: STANDBY, dock_state IDLE, charge_state NOT_CHARGE[0m
[delivery_robot_main_controller-20] [0m[INFO] [1774345118.272174973] [main_controller_node]: Enter to wait_for_load_in_loop and wait for timeout...in 14.808867692947388 seconds[0m
[delivery_robot_main_controller-20] [0m[INFO] [1774345119.245737598] [main_controller_node]: Current state: STANDBY, dock_state IDLE, charge_state NOT_CHARGE[0m
[call_robot_button-22] 2026-03-24 16:38:39 mosquitto_pub -u smr -P smrbot25 -m "Packing,false" -t "Rsp" -r
[call_robot_button-22] [0m[INFO] [1774345119.653970233] [call_robot_button_node]: call_switch notified: station=Packing status=false.[0m
[delivery_robot_main_controller-20] [0m[INFO] [1774345120.222886129] [main_controller_node]: Current state: STANDBY, dock_state IDLE, charge_state NOT_CHARGE[0m
[delivery_robot_main_controller-20] [0m[INFO] [1774345120.318238542] [main_controller_node]: Enter to wait_for_load_in_loop and wait for timeout...in 12.765213251113892 seconds[0m
[delivery_robot_main_controller-20] [0m[INFO] [1774345121.189762842] [main_controller_node]: Current state: STANDBY, dock_state IDLE, charge_state NOT_CHARGE[0m
[delivery_robot_main_controller-20] [0m[INFO] [1774345122.233568669] [main_controller_node]: Current state: STANDBY, dock_state IDLE, charge_state NOT_CHARGE[0m
[delivery_robot_main_controller-20] [0m[INFO] [1774345122.459459991] [main_controller_node]: Enter to wait_for_load_in_loop and wait for timeout...in 10.636200189590454 seconds[0m
[delivery_robot_main_controller-20] [0m[INFO] [1774345123.192157114] [main_controller_node]: Current state: STANDBY, dock_state IDLE, charge_state NOT_CHARGE[0m
[delivery_robot_main_controller-20] [0m[INFO] [1774345124.205694344] [main_controller_node]: Current state: STANDBY, dock_state IDLE, charge_state NOT_CHARGE[0m
[delivery_robot_main_controller-20] [0m[INFO] [1774345124.280105013] [main_controller_node]: Enter to wait_for_load_in_loop and wait for timeout...in 8.80190658569336 seconds[0m
[delivery_robot_main_controller-20] [0m[INFO] [1774345125.229371854] [main_controller_node]: Current state: STANDBY, dock_state IDLE, charge_state NOT_CHARGE[0m
[call_robot_button-22] 2026-03-24 16:38:45 mosquitto_pub -u smr -P smrbot25 -m "Home,true" -t "Rsp" -r
[call_robot_button-22] [0m[INFO] [1774345125.702693845] [call_robot_button_node]: call_switch notified: station=Home status=true.[0m
[delivery_robot_main_controller-20] [0m[INFO] [1774345126.243893129] [main_controller_node]: Current state: STANDBY, dock_state IDLE, charge_state NOT_CHARGE[0m
[delivery_robot_main_controller-20] [0m[INFO] [1774345126.343830368] [main_controller_node]: Enter to wait_for_load_in_loop and wait for timeout...in 6.737459182739258 seconds[0m
[delivery_robot_main_controller-20] [0m[INFO] [1774345127.187472687] [main_controller_node]: Current state: STANDBY, dock_state IDLE, charge_state NOT_CHARGE[0m
[delivery_robot_main_controller-20] [0m[INFO] [1774345128.192379244] [main_controller_node]: Current state: STANDBY, dock_state IDLE, charge_state NOT_CHARGE[0m
[delivery_robot_main_controller-20] [0m[INFO] [1774345128.269199280] [main_controller_node]: Enter to wait_for_load_in_loop and wait for timeout...in 4.812971830368042 seconds[0m
[delivery_robot_main_controller-20] [0m[INFO] [1774345129.195601783] [main_controller_node]: Current state: STANDBY, dock_state IDLE, charge_state NOT_CHARGE[0m
[delivery_robot_main_controller-20] [0m[INFO] [1774345130.238896047] [main_controller_node]: Current state: STANDBY, dock_state IDLE, charge_state NOT_CHARGE[0m
[delivery_robot_main_controller-20] [0m[INFO] [1774345130.317582094] [main_controller_node]: Enter to wait_for_load_in_loop and wait for timeout...in 2.766631841659546 seconds[0m
[delivery_robot_main_controller-20] [0m[INFO] [1774345131.186786274] [main_controller_node]: Current state: STANDBY, dock_state IDLE, charge_state NOT_CHARGE[0m
[delivery_robot_main_controller-20] [0m[INFO] [1774345132.187477242] [main_controller_node]: Current state: STANDBY, dock_state IDLE, charge_state NOT_CHARGE[0m
[delivery_robot_main_controller-20] [0m[INFO] [1774345132.257632364] [main_controller_node]: Enter to wait_for_load_in_loop and wait for timeout...in 0.8230495452880859 seconds[0m
[delivery_robot_main_controller-20] [0m[INFO] [1774345133.191881860] [main_controller_node]: Current state: STANDBY, dock_state IDLE, charge_state NOT_CHARGE[0m
[delivery_robot_main_controller-20] [0m[INFO] [1774345134.197217735] [main_controller_node]: Current state: STANDBY, dock_state IDLE, charge_state NOT_CHARGE[0m
[delivery_robot_main_controller-20] [0m[INFO] [1774345134.315370614] [main_controller_node]: 1 pending queues [0m
[delivery_robot_main_controller-20] [0m[INFO] [1774345134.319959231] [main_controller_node]: Queue action: Request[0m
[delivery_robot_main_controller-20] [0m[INFO] [1774345134.381502057] [main_controller_node]: AGV start_pos: x=-0.36, y=-7.90[0m
[delivery_robot_main_controller-20] [0m[INFO] [1774345134.384359115] [main_controller_node]: AGV goal_pos: x=0.39, y=0.04[0m
[delivery_robot_main_controller-20] [0m[INFO] [1774345134.387374833] [main_controller_node]: Path source: building YAML (/home/smr/workspaces/mini_amr/amrROS2_ws/maps/map_000.building.yaml)[0m
[delivery_robot_main_controller-20] Graph before shortest_path: Graph with 11 nodes and 10 edges
[delivery_robot_main_controller-20] [0m[INFO] [1774345134.428851463] [main_controller_node]: Computed AGV path waypoints:[0m
[delivery_robot_main_controller-20] [0m[INFO] [1774345134.432100215] [main_controller_node]:   Waypoint 0: x=-0.36, y=-7.90[0m
[delivery_robot_main_controller-20] [0m[INFO] [1774345134.432836062] [main_controller_node]:   Waypoint 1: x=-0.32, y=-7.98[0m
[delivery_robot_main_controller-20] [0m[INFO] [1774345134.433505120] [main_controller_node]:   Waypoint 2: x=-0.33, y=-7.59[0m
[delivery_robot_main_controller-20] [0m[INFO] [1774345134.434154928] [main_controller_node]:   Waypoint 3: x=-0.33, y=-7.20[0m
[delivery_robot_main_controller-20] [0m[INFO] [1774345134.434802987] [main_controller_node]:   Waypoint 4: x=-0.34, y=-6.81[0m
[delivery_robot_main_controller-20] [0m[INFO] [1774345134.435508210] [main_controller_node]:   Waypoint 5: x=0.15, y=-6.80[0m
[delivery_robot_main_controller-20] [0m[INFO] [1774345134.436232391] [main_controller_node]:   Waypoint 6: x=0.64, y=-6.79[0m
[delivery_robot_main_controller-20] [0m[INFO] [1774345134.436883074] [main_controller_node]:   Waypoint 7: x=1.13, y=-6.78[0m
[delivery_robot_main_controller-20] [0m[INFO] [1774345134.437982324] [main_controller_node]:   Waypoint 8: x=1.62, y=-6.77[0m
[delivery_robot_main_controller-20] [0m[INFO] [1774345134.438694839] [main_controller_node]:   Waypoint 9: x=2.11, y=-6.76[0m
[delivery_robot_main_controller-20] [0m[INFO] [1774345134.439356314] [main_controller_node]:   Waypoint 10: x=2.10, y=-6.28[0m
[delivery_robot_main_controller-20] [0m[INFO] [1774345134.442113625] [main_controller_node]:   Waypoint 11: x=2.09, y=-5.81[0m
[delivery_robot_main_controller-20] [0m[INFO] [1774345134.442914803] [main_controller_node]:   Waypoint 12: x=2.07, y=-5.33[0m
[delivery_robot_main_controller-20] [0m[INFO] [1774345134.443691482] [main_controller_node]:   Waypoint 13: x=2.06, y=-4.85[0m
[delivery_robot_main_controller-20] [0m[INFO] [1774345134.444427037] [main_controller_node]:   Waypoint 14: x=2.05, y=-4.37[0m
[delivery_robot_main_controller-20] [0m[INFO] [1774345134.445295879] [main_controller_node]:   Waypoint 15: x=2.04, y=-3.89[0m
[delivery_robot_main_controller-20] [0m[INFO] [1774345134.446188929] [main_controller_node]:   Waypoint 16: x=2.03, y=-3.42[0m
[delivery_robot_main_controller-20] [0m[INFO] [1774345134.447209140] [main_controller_node]:   Waypoint 17: x=2.02, y=-2.94[0m
[delivery_robot_main_controller-20] [0m[INFO] [1774345134.447982611] [main_controller_node]:   Waypoint 18: x=2.01, y=-2.46[0m
[delivery_robot_main_controller-20] [0m[INFO] [1774345134.448812662] [main_controller_node]:   Waypoint 19: x=2.00, y=-1.98[0m
[delivery_robot_main_controller-20] [0m[INFO] [1774345134.449503886] [main_controller_node]:   Waypoint 20: x=1.99, y=-1.51[0m
[delivery_robot_main_controller-20] [0m[INFO] [1774345134.450214651] [main_controller_node]:   Waypoint 21: x=1.67, y=-1.20[0m
[delivery_robot_main_controller-20] [0m[INFO] [1774345134.450910249] [main_controller_node]:   Waypoint 22: x=1.35, y=-0.89[0m
[delivery_robot_main_controller-20] [0m[INFO] [1774345134.451691594] [main_controller_node]:   Waypoint 23: x=1.03, y=-0.58[0m
[delivery_robot_main_controller-20] [0m[INFO] [1774345134.452585519] [main_controller_node]:   Waypoint 24: x=0.71, y=-0.27[0m
[delivery_robot_main_controller-20] [0m[INFO] [1774345134.453964466] [main_controller_node]:   Waypoint 25: x=0.39, y=0.04[0m
[delivery_robot_main_controller-20] [0m[INFO] [1774345134.455530073] [main_controller_node]: Navigating with 26 goals....[0m
[bt_navigator-14] [INFO] [1774345134.457074681] [bt_navigator]: Begin navigating from current location through 26 poses to (0.39, 0.04)
[controller_server-10] [INFO] [1774345134.457649534] [local_costmap.local_costmap]: Received request to clear entirely the local_costmap
[controller_server-10] [INFO] [1774345134.465140999] [local_costmap.local_costmap]: KeepoutFilter: Subscribing to "/keepout_costmap_filter_info" topic for filter info...
[planner_server-12] [INFO] [1774345134.469951858] [global_costmap.global_costmap]: Received request to clear entirely the global_costmap
[controller_server-10] [INFO] [1774345134.473260107] [local_costmap.local_costmap]: KeepoutFilter: Received filter info from /keepout_costmap_filter_info topic.
[controller_server-10] [INFO] [1774345134.473347020] [local_costmap.local_costmap]: KeepoutFilter: Subscribing to "/keepout_filter_mask" topic for filter mask...
[planner_server-12] [INFO] [1774345134.475612309] [global_costmap.global_costmap]: KeepoutFilter: Subscribing to "/keepout_costmap_filter_info" topic for filter info...
[planner_server-12] [INFO] [1774345134.488493569] [global_costmap.global_costmap]: KeepoutFilter: Received filter info from /keepout_costmap_filter_info topic.
[planner_server-12] [INFO] [1774345134.488612273] [global_costmap.global_costmap]: KeepoutFilter: Subscribing to "/keepout_filter_mask" topic for filter mask...
[controller_server-10] [WARN] [1774345134.502582575] [local_costmap.local_costmap]: KeepoutFilter: New filter mask arrived from /keepout_filter_mask topic. Updating old filter mask.
[planner_server-12] [WARN] [1774345134.512649650] [global_costmap.global_costmap]: KeepoutFilter: New filter mask arrived from /keepout_filter_mask topic. Updating old filter mask.
[delivery_robot_main_controller-20] [0m[INFO] [1774345134.672247370] [main_controller_node]: State change: STANDBY -> MOVE[0m
[delivery_robot_main_controller-20] [0m[INFO] [1774345134.685901808] [main_controller_node]: Robot is MOVING.[0m
[planner_server-12] [WARN] [1774345135.070056817] [planner_server]: GridBased plugin failed to plan from (-0.37, -6.81) to (0.15, -6.80): "no valid path found"
[planner_server-12] [WARN] [1774345135.070275559] [planner_server]: [compute_path_through_poses] [ActionServer] Aborting handle.
[planner_server-12] [INFO] [1774345135.088408952] [global_costmap.global_costmap]: Received request to clear entirely the global_costmap
[planner_server-12] [INFO] [1774345135.109033376] [global_costmap.global_costmap]: KeepoutFilter: Subscribing to "/keepout_costmap_filter_info" topic for filter info...
[planner_server-12] [INFO] [1774345135.119233155] [global_costmap.global_costmap]: KeepoutFilter: Received filter info from /keepout_costmap_filter_info topic.
[planner_server-12] [INFO] [1774345135.119357108] [global_costmap.global_costmap]: KeepoutFilter: Subscribing to "/keepout_filter_mask" topic for filter mask...
[planner_server-12] [WARN] [1774345135.141438643] [global_costmap.global_costmap]: KeepoutFilter: New filter mask arrived from /keepout_filter_mask topic. Updating old filter mask.
[planner_server-12] [WARN] [1774345135.579189738] [planner_server]: GridBased plugin failed to plan from (-0.37, -6.81) to (0.15, -6.80): "no valid path found"
[planner_server-12] [WARN] [1774345135.579434437] [planner_server]: [compute_path_through_poses] [ActionServer] Aborting handle.
[controller_server-10] [INFO] [1774345135.603252197] [local_costmap.local_costmap]: Received request to clear entirely the local_costmap
[controller_server-10] [INFO] [1774345135.610102020] [local_costmap.local_costmap]: KeepoutFilter: Subscribing to "/keepout_costmap_filter_info" topic for filter info...
[planner_server-12] [INFO] [1774345135.615838010] [global_costmap.global_costmap]: Received request to clear entirely the global_costmap
[controller_server-10] [INFO] [1774345135.622770663] [local_costmap.local_costmap]: KeepoutFilter: Received filter info from /keepout_costmap_filter_info topic.
[controller_server-10] [INFO] [1774345135.627030293] [local_costmap.local_costmap]: KeepoutFilter: Subscribing to "/keepout_filter_mask" topic for filter mask...
[planner_server-12] [INFO] [1774345135.633427174] [global_costmap.global_costmap]: KeepoutFilter: Subscribing to "/keepout_costmap_filter_info" topic for filter info...
[call_robot_button-22] 2026-03-24 16:38:55 mosquitto_pub -u smr -P smrbot25 -m "Home,blink" -t "Rsp" -r
[planner_server-12] [INFO] [1774345135.650447902] [global_costmap.global_costmap]: KeepoutFilter: Received filter info from /keepout_costmap_filter_info topic.
[planner_server-12] [INFO] [1774345135.650552314] [global_costmap.global_costmap]: KeepoutFilter: Subscribing to "/keepout_filter_mask" topic for filter mask...
[controller_server-10] [INFO] [1774345135.660563100] [local_costmap.local_costmap]: Received request to clear entirely the local_costmap
[controller_server-10] [INFO] [1774345135.666626328] [local_costmap.local_costmap]: KeepoutFilter: Subscribing to "/keepout_costmap_filter_info" topic for filter info...
[call_robot_button-22] [0m[INFO] [1774345135.673953591] [call_robot_button_node]: call_switch notified: station=Home status=blink.[0m
[planner_server-12] [INFO] [1774345135.677192717] [global_costmap.global_costmap]: Received request to clear entirely the global_costmap
[controller_server-10] [INFO] [1774345135.681179649] [local_costmap.local_costmap]: KeepoutFilter: Received filter info from /keepout_costmap_filter_info topic.
[controller_server-10] [INFO] [1774345135.681328685] [local_costmap.local_costmap]: KeepoutFilter: Subscribing to "/keepout_filter_mask" topic for filter mask...
[planner_server-12] [INFO] [1774345135.693206650] [global_costmap.global_costmap]: KeepoutFilter: Subscribing to "/keepout_costmap_filter_info" topic for filter info...
[planner_server-12] [INFO] [1774345135.712525040] [global_costmap.global_costmap]: KeepoutFilter: Received filter info from /keepout_costmap_filter_info topic.
[planner_server-12] [INFO] [1774345135.712607578] [global_costmap.global_costmap]: KeepoutFilter: Subscribing to "/keepout_filter_mask" topic for filter mask...
[controller_server-10] [WARN] [1774345135.739810002] [local_costmap.local_costmap]: KeepoutFilter: New filter mask arrived from /keepout_filter_mask topic. Updating old filter mask.
[planner_server-12] [WARN] [1774345135.743418948] [global_costmap.global_costmap]: KeepoutFilter: New filter mask arrived from /keepout_filter_mask topic. Updating old filter mask.
[planner_server-12] [WARN] [1774345136.089088838] [planner_server]: GridBased plugin failed to plan from (-0.37, -6.81) to (0.15, -6.80): "no valid path found"
[planner_server-12] [WARN] [1774345136.089516696] [planner_server]: [compute_path_through_poses] [ActionServer] Aborting handle.
[planner_server-12] [INFO] [1774345136.101268666] [global_costmap.global_costmap]: Received request to clear entirely the global_costmap
[planner_server-12] [INFO] [1774345136.107446222] [global_costmap.global_costmap]: KeepoutFilter: Subscribing to "/keepout_costmap_filter_info" topic for filter info...
[planner_server-12] [INFO] [1774345136.111413613] [global_costmap.global_costmap]: KeepoutFilter: Received filter info from /keepout_costmap_filter_info topic.
[planner_server-12] [INFO] [1774345136.111497027] [global_costmap.global_costmap]: KeepoutFilter: Subscribing to "/keepout_filter_mask" topic for filter mask...
[planner_server-12] [WARN] [1774345136.119745046] [global_costmap.global_costmap]: KeepoutFilter: New filter mask arrived from /keepout_filter_mask topic. Updating old filter mask.
[planner_server-12] [WARN] [1774345136.563212882] [planner_server]: GridBased plugin failed to plan from (-0.37, -6.81) to (0.15, -6.80): "no valid path found"
[planner_server-12] [WARN] [1774345136.563336544] [planner_server]: [compute_path_through_poses] [ActionServer] Aborting handle.
[behavior_server-13] [INFO] [1774345136.581503769] [behavior_server]: Running wait
[behavior_server-13] [INFO] [1774345141.582021055] [behavior_server]: wait completed successfully
[controller_server-10] [INFO] [1774345141.600525726] [local_costmap.local_costmap]: Received request to clear entirely the local_costmap
[controller_server-10] [INFO] [1774345141.614174331] [local_costmap.local_costmap]: KeepoutFilter: Subscribing to "/keepout_costmap_filter_info" topic for filter info...
[controller_server-10] [INFO] [1774345141.629190510] [local_costmap.local_costmap]: KeepoutFilter: Received filter info from /keepout_costmap_filter_info topic.
[planner_server-12] [INFO] [1774345141.630360632] [global_costmap.global_costmap]: Received request to clear entirely the global_costmap
[planner_server-12] [INFO] [1774345141.635195990] [global_costmap.global_costmap]: KeepoutFilter: Subscribing to "/keepout_costmap_filter_info" topic for filter info...
[controller_server-10] [INFO] [1774345141.631916031] [local_costmap.local_costmap]: KeepoutFilter: Subscribing to "/keepout_filter_mask" topic for filter mask...
[planner_server-12] [INFO] [1774345141.645823627] [global_costmap.global_costmap]: KeepoutFilter: Received filter info from /keepout_costmap_filter_info topic.
[planner_server-12] [INFO] [1774345141.647589602] [global_costmap.global_costmap]: KeepoutFilter: Subscribing to "/keepout_filter_mask" topic for filter mask...
[controller_server-10] [WARN] [1774345141.663826067] [local_costmap.local_costmap]: KeepoutFilter: New filter mask arrived from /keepout_filter_mask topic. Updating old filter mask.
[planner_server-12] [WARN] [1774345141.670137494] [global_costmap.global_costmap]: KeepoutFilter: New filter mask arrived from /keepout_filter_mask topic. Updating old filter mask.
[planner_server-12] [WARN] [1774345142.044737574] [planner_server]: GridBased plugin failed to plan from (-0.37, -6.81) to (0.15, -6.80): "no valid path found"
[planner_server-12] [WARN] [1774345142.044860070] [planner_server]: [compute_path_through_poses] [ActionServer] Aborting handle.
[planner_server-12] [INFO] [1774345142.060584388] [global_costmap.global_costmap]: Received request to clear entirely the global_costmap
[planner_server-12] [INFO] [1774345142.064959513] [global_costmap.global_costmap]: KeepoutFilter: Subscribing to "/keepout_costmap_filter_info" topic for filter info...
[planner_server-12] [INFO] [1774345142.071615677] [global_costmap.global_costmap]: KeepoutFilter: Received filter info from /keepout_costmap_filter_info topic.
[planner_server-12] [INFO] [1774345142.071700257] [global_costmap.global_costmap]: KeepoutFilter: Subscribing to "/keepout_filter_mask" topic for filter mask...
[planner_server-12] [WARN] [1774345142.082285021] [global_costmap.global_costmap]: KeepoutFilter: New filter mask arrived from /keepout_filter_mask topic. Updating old filter mask.
[planner_server-12] [WARN] [1774345142.557976130] [planner_server]: GridBased plugin failed to plan from (-0.37, -6.81) to (0.15, -6.80): "no valid path found"
[planner_server-12] [WARN] [1774345142.558093376] [planner_server]: [compute_path_through_poses] [ActionServer] Aborting handle.
[controller_server-10] [INFO] [1774345142.571095090] [local_costmap.local_costmap]: Received request to clear entirely the local_costmap
[controller_server-10] [INFO] [1774345142.574042269] [local_costmap.local_costmap]: KeepoutFilter: Subscribing to "/keepout_costmap_filter_info" topic for filter info...
[controller_server-10] [INFO] [1774345142.578121072] [local_costmap.local_costmap]: KeepoutFilter: Received filter info from /keepout_costmap_filter_info topic.
[controller_server-10] [INFO] [1774345142.578239485] [local_costmap.local_costmap]: KeepoutFilter: Subscribing to "/keepout_filter_mask" topic for filter mask...
[planner_server-12] [INFO] [1774345142.578559431] [global_costmap.global_costmap]: Received request to clear entirely the global_costmap
[planner_server-12] [INFO] [1774345142.587181644] [global_costmap.global_costmap]: KeepoutFilter: Subscribing to "/keepout_costmap_filter_info" topic for filter info...
[controller_server-10] [INFO] [1774345142.598201850] [local_costmap.local_costmap]: Received request to clear entirely the local_costmap
[planner_server-12] [INFO] [1774345142.598452382] [global_costmap.global_costmap]: KeepoutFilter: Received filter info from /keepout_costmap_filter_info topic.
[planner_server-12] [INFO] [1774345142.599035985] [global_costmap.global_costmap]: KeepoutFilter: Subscribing to "/keepout_filter_mask" topic for filter mask...
[controller_server-10] [INFO] [1774345142.604808432] [local_costmap.local_costmap]: KeepoutFilter: Subscribing to "/keepout_costmap_filter_info" topic for filter info...
[planner_server-12] [INFO] [1774345142.614167659] [global_costmap.global_costmap]: Received request to clear entirely the global_costmap
[controller_server-10] [INFO] [1774345142.620888570] [local_costmap.local_costmap]: KeepoutFilter: Received filter info from /keepout_costmap_filter_info topic.
[controller_server-10] [INFO] [1774345142.621370385] [local_costmap.local_costmap]: KeepoutFilter: Subscribing to "/keepout_filter_mask" topic for filter mask...
[planner_server-12] [INFO] [1774345142.625059828] [global_costmap.global_costmap]: KeepoutFilter: Subscribing to "/keepout_costmap_filter_info" topic for filter info...
[planner_server-12] [INFO] [1774345142.638458777] [global_costmap.global_costmap]: KeepoutFilter: Received filter info from /keepout_costmap_filter_info topic.
[planner_server-12] [INFO] [1774345142.638545107] [global_costmap.global_costmap]: KeepoutFilter: Subscribing to "/keepout_filter_mask" topic for filter mask...
[controller_server-10] [WARN] [1774345142.644645666] [local_costmap.local_costmap]: KeepoutFilter: New filter mask arrived from /keepout_filter_mask topic. Updating old filter mask.
[planner_server-12] [WARN] [1774345142.665546579] [global_costmap.global_costmap]: KeepoutFilter: New filter mask arrived from /keepout_filter_mask topic. Updating old filter mask.
[planner_server-12] [WARN] [1774345143.083637755] [planner_server]: GridBased plugin failed to plan from (-0.37, -6.81) to (0.15, -6.80): "no valid path found"
[planner_server-12] [WARN] [1774345143.083794666] [planner_server]: [compute_path_through_poses] [ActionServer] Aborting handle.
[planner_server-12] [INFO] [1774345143.101125132] [global_costmap.global_costmap]: Received request to clear entirely the global_costmap
[planner_server-12] [INFO] [1774345143.106016487] [global_costmap.global_costmap]: KeepoutFilter: Subscribing to "/keepout_costmap_filter_info" topic for filter info...
[planner_server-12] [INFO] [1774345143.110984257] [global_costmap.global_costmap]: KeepoutFilter: Received filter info from /keepout_costmap_filter_info topic.
[planner_server-12] [INFO] [1774345143.111068837] [global_costmap.global_costmap]: KeepoutFilter: Subscribing to "/keepout_filter_mask" topic for filter mask...
[planner_server-12] [WARN] [1774345143.131904711] [global_costmap.global_costmap]: KeepoutFilter: New filter mask arrived from /keepout_filter_mask topic. Updating old filter mask.
[planner_server-12] [WARN] [1774345143.596428329] [planner_server]: GridBased plugin failed to plan from (-0.37, -6.81) to (0.15, -6.80): "no valid path found"
[planner_server-12] [WARN] [1774345143.596634529] [planner_server]: [compute_path_through_poses] [ActionServer] Aborting handle.
[bt_navigator-14] [WARN] [1774345143.620248131] [bt_navigator]: [navigate_through_poses] [ActionServer] Aborting handle.
[bt_navigator-14] [ERROR] [1774345143.621078766] [bt_navigator]: Goal failed
[delivery_robot_main_controller-20] [33m[WARN] [1774345143.749725996] [main_controller_node]: Goal failed! (obstacle retry 1/3)[0m
[robot_sound-21] [0m[INFO] [1774345143.751594925] [robot_sound_node]: 🔔 Received sound command: obstacle_alert[0m
[delivery_robot_main_controller-20] [0m[INFO] [1774345143.756251206] [main_controller_node]: Published message: "obstacle_alert"[0m
[delivery_robot_main_controller-20] [0m[INFO] [1774345143.761314055] [main_controller_node]: Pre-resume: waiting 3 seconds before wiggle...[0m
[robot_sound-21] Simple mixer control 'PCM',0
[robot_sound-21]   Capabilities: pvolume pswitch pswitch-joined
[robot_sound-21]   Playback channels: Front Left - Front Right
[robot_sound-21]   Limits: Playback 0 - 147
[robot_sound-21]   Mono:
[robot_sound-21]   Front Left: Playback 147 [100%] [-0.94dB] [on]
[robot_sound-21]   Front Right: Playback 147 [100%] [-0.94dB] [on]
[robot_sound-21] [0m[INFO] [1774345143.779686023] [robot_sound_node]: 🔊 Playing sound: /home/smr/workspaces/mini_amr/amrROS2_ws/sounds/robot_obstacle.wav[0m
[delivery_robot_main_controller-20] [0m[INFO] [1774345143.781857107] [main_controller_node]: Current state: MOVE, dock_state IDLE, charge_state NOT_CHARGE[0m
[robot_sound-21] Playing WAVE '/home/smr/workspaces/mini_amr/amrROS2_ws/sounds/robot_obstacle.wav' : Signed 16 bit Little Endian, Rate 44100 Hz, Mono
[delivery_robot_main_controller-20] [0m[INFO] [1774345144.187461341] [main_controller_node]: Current state: MOVE, dock_state IDLE, charge_state NOT_CHARGE[0m
[delivery_robot_main_controller-20] [0m[INFO] [1774345144.262109418] [main_controller_node]: Pre-resume wiggle: หมุนตามเข็ม 0.5 rad[0m
[delivery_robot_main_controller-20] [0m[INFO] [1774345145.265026884] [main_controller_node]: Current state: MOVE, dock_state IDLE, charge_state NOT_CHARGE[0m
[delivery_robot_main_controller-20] [0m[INFO] [1774345145.485370334] [main_controller_node]: Pre-resume wiggle: หมุนทวนเข็ม 1.0 rad[0m
[delivery_robot_main_controller-20] [0m[INFO] [1774345146.202213935] [main_controller_node]: Current state: MOVE, dock_state IDLE, charge_state NOT_CHARGE[0m
[delivery_robot_main_controller-20] [0m[INFO] [1774345146.708020524] [main_controller_node]: Pre-resume: clearing local/global costmaps.[0m
[controller_server-10] [INFO] [1774345146.710061530] [local_costmap.local_costmap]: Received request to clear entirely the local_costmap
[controller_server-10] [INFO] [1774345146.719258013] [local_costmap.local_costmap]: KeepoutFilter: Subscribing to "/keepout_costmap_filter_info" topic for filter info...
[controller_server-10] [INFO] [1774345146.730369507] [local_costmap.local_costmap]: KeepoutFilter: Received filter info from /keepout_costmap_filter_info topic.
[controller_server-10] [INFO] [1774345146.730549750] [local_costmap.local_costmap]: KeepoutFilter: Subscribing to "/keepout_filter_mask" topic for filter mask...
[controller_server-10] [WARN] [1774345146.754976488] [local_costmap.local_costmap]: KeepoutFilter: New filter mask arrived from /keepout_filter_mask topic. Updating old filter mask.
[planner_server-12] [INFO] [1774345147.018901154] [global_costmap.global_costmap]: Received request to clear entirely the global_costmap
[planner_server-12] [INFO] [1774345147.040327631] [global_costmap.global_costmap]: KeepoutFilter: Subscribing to "/keepout_costmap_filter_info" topic for filter info...
[planner_server-12] [INFO] [1774345147.047744140] [global_costmap.global_costmap]: KeepoutFilter: Received filter info from /keepout_costmap_filter_info topic.
[planner_server-12] [INFO] [1774345147.047841262] [global_costmap.global_costmap]: KeepoutFilter: Subscribing to "/keepout_filter_mask" topic for filter mask...
[planner_server-12] [WARN] [1774345147.077117939] [global_costmap.global_costmap]: KeepoutFilter: New filter mask arrived from /keepout_filter_mask topic. Updating old filter mask.
[delivery_robot_main_controller-20] [0m[INFO] [1774345147.266353406] [main_controller_node]: Current state: MOVE, dock_state IDLE, charge_state NOT_CHARGE[0m
[delivery_robot_main_controller-20] [0m[INFO] [1774345147.752775982] [main_controller_node]: Pre-resume wiggle complete. Switching to STANDBY.[0m
[delivery_robot_main_controller-20] [0m[INFO] [1774345147.753433082] [main_controller_node]: State change: MOVE -> STANDBY[0m
[delivery_robot_main_controller-20] [0m[INFO] [1774345147.763328081] [main_controller_node]: Robot is in STANDBY mode.[0m
[delivery_robot_main_controller-20] [0m[INFO] [1774345148.249559914] [main_controller_node]: Current state: STANDBY, dock_state IDLE, charge_state NOT_CHARGE[0m
[delivery_robot_main_controller-20] [0m[INFO] [1774345148.404357566] [main_controller_node]: 1 pending queues [0m
[delivery_robot_main_controller-20] [0m[INFO] [1774345148.416265863] [main_controller_node]: Queue action: Request[0m
[delivery_robot_main_controller-20] [0m[INFO] [1774345148.497489315] [main_controller_node]: AGV start_pos: x=-0.36, y=-7.90[0m
[delivery_robot_main_controller-20] [0m[INFO] [1774345148.498254327] [main_controller_node]: AGV goal_pos: x=0.39, y=0.04[0m
[delivery_robot_main_controller-20] [0m[INFO] [1774345148.505567591] [main_controller_node]: Path source: building YAML (/home/smr/workspaces/mini_amr/amrROS2_ws/maps/map_000.building.yaml)[0m
[delivery_robot_main_controller-20] Graph before shortest_path: Graph with 11 nodes and 10 edges
[delivery_robot_main_controller-20] [0m[INFO] [1774345148.702293356] [main_controller_node]: Computed AGV path waypoints:[0m
[delivery_robot_main_controller-20] [0m[INFO] [1774345148.703587140] [main_controller_node]:   Waypoint 0: x=-0.36, y=-7.90[0m
[delivery_robot_main_controller-20] [0m[INFO] [1774345148.704409900] [main_controller_node]:   Waypoint 1: x=-0.32, y=-7.98[0m
[delivery_robot_main_controller-20] [0m[INFO] [1774345148.705223619] [main_controller_node]:   Waypoint 2: x=-0.33, y=-7.59[0m
[delivery_robot_main_controller-20] [0m[INFO] [1774345148.714357688] [main_controller_node]:   Waypoint 3: x=-0.33, y=-7.20[0m
[delivery_robot_main_controller-20] [0m[INFO] [1774345148.718148919] [main_controller_node]:   Waypoint 4: x=-0.34, y=-6.81[0m
[delivery_robot_main_controller-20] [0m[INFO] [1774345148.719143465] [main_controller_node]:   Waypoint 5: x=0.15, y=-6.80[0m
[delivery_robot_main_controller-20] [0m[INFO] [1774345148.720319712] [main_controller_node]:   Waypoint 6: x=0.64, y=-6.79[0m
[delivery_robot_main_controller-20] [0m[INFO] [1774345148.721398254] [main_controller_node]:   Waypoint 7: x=1.13, y=-6.78[0m
[delivery_robot_main_controller-20] [0m[INFO] [1774345148.722446172] [main_controller_node]:   Waypoint 8: x=1.62, y=-6.77[0m
[delivery_robot_main_controller-20] [0m[INFO] [1774345148.727036539] [main_controller_node]:   Waypoint 9: x=2.11, y=-6.76[0m
[delivery_robot_main_controller-20] [0m[INFO] [1774345148.729417032] [main_controller_node]:   Waypoint 10: x=2.10, y=-6.28[0m
[delivery_robot_main_controller-20] [0m[INFO] [1774345148.730628861] [main_controller_node]:   Waypoint 11: x=2.09, y=-5.81[0m
[delivery_robot_main_controller-20] [0m[INFO] [1774345148.731925270] [main_controller_node]:   Waypoint 12: x=2.07, y=-5.33[0m
[delivery_robot_main_controller-20] [0m[INFO] [1774345148.733330758] [main_controller_node]:   Waypoint 13: x=2.06, y=-4.85[0m
[delivery_robot_main_controller-20] [0m[INFO] [1774345148.734176559] [main_controller_node]:   Waypoint 14: x=2.05, y=-4.37[0m
[delivery_robot_main_controller-20] [0m[INFO] [1774345148.734915615] [main_controller_node]:   Waypoint 15: x=2.04, y=-3.89[0m
[delivery_robot_main_controller-20] [0m[INFO] [1774345148.735638045] [main_controller_node]:   Waypoint 16: x=2.03, y=-3.42[0m
[delivery_robot_main_controller-20] [0m[INFO] [1774345148.737459726] [main_controller_node]:   Waypoint 17: x=2.02, y=-2.94[0m
[delivery_robot_main_controller-20] [0m[INFO] [1774345148.738373775] [main_controller_node]:   Waypoint 18: x=2.01, y=-2.46[0m
[delivery_robot_main_controller-20] [0m[INFO] [1774345148.741457157] [main_controller_node]:   Waypoint 19: x=2.00, y=-1.98[0m
[delivery_robot_main_controller-20] [0m[INFO] [1774345148.753328706] [main_controller_node]:   Waypoint 20: x=1.99, y=-1.51[0m
[delivery_robot_main_controller-20] [0m[INFO] [1774345148.756257511] [main_controller_node]:   Waypoint 21: x=1.67, y=-1.20[0m
[delivery_robot_main_controller-20] [0m[INFO] [1774345148.758150647] [main_controller_node]:   Waypoint 22: x=1.35, y=-0.89[0m
[delivery_robot_main_controller-20] [0m[INFO] [1774345148.759354310] [main_controller_node]:   Waypoint 23: x=1.03, y=-0.58[0m
[delivery_robot_main_controller-20] [0m[INFO] [1774345148.760161321] [main_controller_node]:   Waypoint 24: x=0.71, y=-0.27[0m
[delivery_robot_main_controller-20] [0m[INFO] [1774345148.761007122] [main_controller_node]:   Waypoint 25: x=0.39, y=0.04[0m
[delivery_robot_main_controller-20] [0m[INFO] [1774345148.762866134] [main_controller_node]: Navigating with 26 goals....[0m
[bt_navigator-14] [INFO] [1774345148.766972937] [bt_navigator]: Begin navigating from current location through 26 poses to (0.39, 0.04)
[controller_server-10] [INFO] [1774345148.767357922] [local_costmap.local_costmap]: Received request to clear entirely the local_costmap
[controller_server-10] [INFO] [1774345148.778463874] [local_costmap.local_costmap]: KeepoutFilter: Subscribing to "/keepout_costmap_filter_info" topic for filter info...
[controller_server-10] [INFO] [1774345148.787646358] [local_costmap.local_costmap]: KeepoutFilter: Received filter info from /keepout_costmap_filter_info topic.
[controller_server-10] [INFO] [1774345148.787738230] [local_costmap.local_costmap]: KeepoutFilter: Subscribing to "/keepout_filter_mask" topic for filter mask...
[planner_server-12] [INFO] [1774345148.799024134] [global_costmap.global_costmap]: Received request to clear entirely the global_costmap
[planner_server-12] [INFO] [1774345148.805594842] [global_costmap.global_costmap]: KeepoutFilter: Subscribing to "/keepout_costmap_filter_info" topic for filter info...
[planner_server-12] [INFO] [1774345148.819066996] [global_costmap.global_costmap]: KeepoutFilter: Received filter info from /keepout_costmap_filter_info topic.
[planner_server-12] [INFO] [1774345148.819470356] [global_costmap.global_costmap]: KeepoutFilter: Subscribing to "/keepout_filter_mask" topic for filter mask...
[controller_server-10] [WARN] [1774345148.824927232] [local_costmap.local_costmap]: KeepoutFilter: New filter mask arrived from /keepout_filter_mask topic. Updating old filter mask.
[planner_server-12] [WARN] [1774345148.853626140] [global_costmap.global_costmap]: KeepoutFilter: New filter mask arrived from /keepout_filter_mask topic. Updating old filter mask.
[delivery_robot_main_controller-20] [0m[INFO] [1774345149.073382778] [main_controller_node]: State change: STANDBY -> MOVE[0m
[planner_server-12] [WARN] [1774345149.075541321] [planner_server]: GridBased plugin failed to plan from (-0.37, -6.81) to (0.15, -6.80): "no valid path found"
[planner_server-12] [WARN] [1774345149.075671691] [planner_server]: [compute_path_through_poses] [ActionServer] Aborting handle.
[planner_server-12] [INFO] [1774345149.088020680] [global_costmap.global_costmap]: Received request to clear entirely the global_costmap
[delivery_robot_main_controller-20] [0m[INFO] [1774345149.088401582] [main_controller_node]: Robot is MOVING.[0m
[planner_server-12] [INFO] [1774345149.094323065] [global_costmap.global_costmap]: KeepoutFilter: Subscribing to "/keepout_costmap_filter_info" topic for filter info...
[planner_server-12] [INFO] [1774345149.106345108] [global_costmap.global_costmap]: KeepoutFilter: Received filter info from /keepout_costmap_filter_info topic.
[planner_server-12] [INFO] [1774345149.106621889] [global_costmap.global_costmap]: KeepoutFilter: Subscribing to "/keepout_filter_mask" topic for filter mask...
[planner_server-12] [WARN] [1774345149.124642995] [global_costmap.global_costmap]: KeepoutFilter: New filter mask arrived from /keepout_filter_mask topic. Updating old filter mask.
[planner_server-12] [WARN] [1774345149.589523599] [planner_server]: GridBased plugin failed to plan from (-0.37, -6.81) to (0.15, -6.80): "no valid path found"
[planner_server-12] [WARN] [1774345149.591371529] [planner_server]: [compute_path_through_poses] [ActionServer] Aborting handle.
[controller_server-10] [INFO] [1774345149.593183001] [local_costmap.local_costmap]: Received request to clear entirely the local_costmap
[controller_server-10] [INFO] [1774345149.603949759] [local_costmap.local_costmap]: KeepoutFilter: Subscribing to "/keepout_costmap_filter_info" topic for filter info...
[controller_server-10] [INFO] [1774345149.611444723] [local_costmap.local_costmap]: KeepoutFilter: Received filter info from /keepout_costmap_filter_info topic.
[controller_server-10] [INFO] [1774345149.617829647] [local_costmap.local_costmap]: KeepoutFilter: Subscribing to "/keepout_filter_mask" topic for filter mask...
[planner_server-12] [INFO] [1774345149.619044976] [global_costmap.global_costmap]: Received request to clear entirely the global_costmap
[planner_server-12] [INFO] [1774345149.631840197] [global_costmap.global_costmap]: KeepoutFilter: Subscribing to "/keepout_costmap_filter_info" topic for filter info...
[planner_server-12] [INFO] [1774345149.647564224] [global_costmap.global_costmap]: KeepoutFilter: Received filter info from /keepout_costmap_filter_info topic.
[planner_server-12] [INFO] [1774345149.647757008] [global_costmap.global_costmap]: KeepoutFilter: Subscribing to "/keepout_filter_mask" topic for filter mask...
[controller_server-10] [INFO] [1774345149.652389666] [local_costmap.local_costmap]: Received request to clear entirely the local_costmap
[controller_server-10] [INFO] [1774345149.669214400] [local_costmap.local_costmap]: KeepoutFilter: Subscribing to "/keepout_costmap_filter_info" topic for filter info...
[planner_server-12] [INFO] [1774345149.676892817] [global_costmap.global_costmap]: Received request to clear entirely the global_costmap
[planner_server-12] [INFO] [1774345149.681857378] [global_costmap.global_costmap]: KeepoutFilter: Subscribing to "/keepout_costmap_filter_info" topic for filter info...
[controller_server-10] [INFO] [1774345149.683018750] [local_costmap.local_costmap]: KeepoutFilter: Received filter info from /keepout_costmap_filter_info topic.
[controller_server-10] [INFO] [1774345149.683301073] [local_costmap.local_costmap]: KeepoutFilter: Subscribing to "/keepout_filter_mask" topic for filter mask...
[planner_server-12] [INFO] [1774345149.699562621] [global_costmap.global_costmap]: KeepoutFilter: Received filter info from /keepout_costmap_filter_info topic.
[planner_server-12] [INFO] [1774345149.699639618] [global_costmap.global_costmap]: KeepoutFilter: Subscribing to "/keepout_filter_mask" topic for filter mask...
[controller_server-10] [WARN] [1774345149.729788054] [local_costmap.local_costmap]: KeepoutFilter: New filter mask arrived from /keepout_filter_mask topic. Updating old filter mask.
[planner_server-12] [WARN] [1774345149.752641018] [global_costmap.global_costmap]: KeepoutFilter: New filter mask arrived from /keepout_filter_mask topic. Updating old filter mask.
[planner_server-12] [WARN] [1774345150.094274103] [planner_server]: GridBased plugin failed to plan from (-0.37, -6.81) to (0.15, -6.80): "no valid path found"
[planner_server-12] [WARN] [1774345150.094960952] [planner_server]: [compute_path_through_poses] [ActionServer] Aborting handle.
[planner_server-12] [INFO] [1774345150.112994891] [global_costmap.global_costmap]: Received request to clear entirely the global_costmap
[planner_server-12] [INFO] [1774345150.117360100] [global_costmap.global_costmap]: KeepoutFilter: Subscribing to "/keepout_costmap_filter_info" topic for filter info...
[planner_server-12] [INFO] [1774345150.122296079] [global_costmap.global_costmap]: KeepoutFilter: Received filter info from /keepout_costmap_filter_info topic.
[planner_server-12] [INFO] [1774345150.122455322] [global_costmap.global_costmap]: KeepoutFilter: Subscribing to "/keepout_filter_mask" topic for filter mask...
[planner_server-12] [WARN] [1774345150.137357755] [global_costmap.global_costmap]: KeepoutFilter: New filter mask arrived from /keepout_filter_mask topic. Updating old filter mask.
[planner_server-12] [WARN] [1774345150.564091561] [planner_server]: GridBased plugin failed to plan from (-0.37, -6.81) to (0.15, -6.80): "no valid path found"
[planner_server-12] [WARN] [1774345150.564219889] [planner_server]: [compute_path_through_poses] [ActionServer] Aborting handle.
[behavior_server-13] [INFO] [1774345150.584202088] [behavior_server]: Running wait
[behavior_server-13] [INFO] [1774345155.584558962] [behavior_server]: wait completed successfully
[controller_server-10] [INFO] [1774345155.603226377] [local_costmap.local_costmap]: Received request to clear entirely the local_costmap
[controller_server-10] [INFO] [1774345155.611418399] [local_costmap.local_costmap]: KeepoutFilter: Subscribing to "/keepout_costmap_filter_info" topic for filter info...
[planner_server-12] [INFO] [1774345155.614798687] [global_costmap.global_costmap]: Received request to clear entirely the global_costmap
[controller_server-10] [INFO] [1774345155.619558797] [local_costmap.local_costmap]: KeepoutFilter: Received filter info from /keepout_costmap_filter_info topic.
[controller_server-10] [INFO] [1774345155.621718215] [local_costmap.local_costmap]: KeepoutFilter: Subscribing to "/keepout_filter_mask" topic for filter mask...
[planner_server-12] [INFO] [1774345155.622096201] [global_costmap.global_costmap]: KeepoutFilter: Subscribing to "/keepout_costmap_filter_info" topic for filter info...
[planner_server-12] [INFO] [1774345155.633836213] [global_costmap.global_costmap]: KeepoutFilter: Received filter info from /keepout_costmap_filter_info topic.
[planner_server-12] [INFO] [1774345155.633930126] [global_costmap.global_costmap]: KeepoutFilter: Subscribing to "/keepout_filter_mask" topic for filter mask...
[controller_server-10] [WARN] [1774345155.644096072] [local_costmap.local_costmap]: KeepoutFilter: New filter mask arrived from /keepout_filter_mask topic. Updating old filter mask.
[planner_server-12] [WARN] [1774345155.664622208] [global_costmap.global_costmap]: KeepoutFilter: New filter mask arrived from /keepout_filter_mask topic. Updating old filter mask.
[planner_server-12] [WARN] [1774345156.083104494] [planner_server]: GridBased plugin failed to plan from (-0.37, -6.81) to (0.15, -6.80): "no valid path found"
[planner_server-12] [WARN] [1774345156.083245072] [planner_server]: [compute_path_through_poses] [ActionServer] Aborting handle.
[planner_server-12] [INFO] [1774345156.094717636] [global_costmap.global_costmap]: Received request to clear entirely the global_costmap
[planner_server-12] [INFO] [1774345156.101508252] [global_costmap.global_costmap]: KeepoutFilter: Subscribing to "/keepout_costmap_filter_info" topic for filter info...
[planner_server-12] [INFO] [1774345156.105722967] [global_costmap.global_costmap]: KeepoutFilter: Received filter info from /keepout_costmap_filter_info topic.
[planner_server-12] [INFO] [1774345156.106006164] [global_costmap.global_costmap]: KeepoutFilter: Subscribing to "/keepout_filter_mask" topic for filter mask...
[planner_server-12] [WARN] [1774345156.121980432] [global_costmap.global_costmap]: KeepoutFilter: New filter mask arrived from /keepout_filter_mask topic. Updating old filter mask.
[planner_server-12] [WARN] [1774345156.564575051] [planner_server]: GridBased plugin failed to plan from (-0.37, -6.81) to (0.15, -6.80): "no valid path found"
[planner_server-12] [WARN] [1774345156.564703671] [planner_server]: [compute_path_through_poses] [ActionServer] Aborting handle.
[controller_server-10] [INFO] [1774345156.585111394] [local_costmap.local_costmap]: Received request to clear entirely the local_costmap
[controller_server-10] [INFO] [1774345156.594562201] [local_costmap.local_costmap]: KeepoutFilter: Subscribing to "/keepout_costmap_filter_info" topic for filter info...
[planner_server-12] [INFO] [1774345156.600912418] [global_costmap.global_costmap]: Received request to clear entirely the global_costmap
[planner_server-12] [INFO] [1774345156.606515121] [global_costmap.global_costmap]: KeepoutFilter: Subscribing to "/keepout_costmap_filter_info" topic for filter info...
[planner_server-12] [INFO] [1774345156.617570034] [global_costmap.global_costmap]: KeepoutFilter: Received filter info from /keepout_costmap_filter_info topic.
[planner_server-12] [INFO] [1774345156.617653739] [global_costmap.global_costmap]: KeepoutFilter: Subscribing to "/keepout_filter_mask" topic for filter mask...
[controller_server-10] [INFO] [1774345156.623124323] [local_costmap.local_costmap]: KeepoutFilter: Received filter info from /keepout_costmap_filter_info topic.
[controller_server-10] [INFO] [1774345156.623212695] [local_costmap.local_costmap]: KeepoutFilter: Subscribing to "/keepout_filter_mask" topic for filter mask...
[controller_server-10] [INFO] [1774345156.636415942] [local_costmap.local_costmap]: Received request to clear entirely the local_costmap
[planner_server-12] [WARN] [1774345156.640907730] [global_costmap.global_costmap]: KeepoutFilter: New filter mask arrived from /keepout_filter_mask topic. Updating old filter mask.
[controller_server-10] [INFO] [1774345156.649244996] [local_costmap.local_costmap]: KeepoutFilter: Subscribing to "/keepout_costmap_filter_info" topic for filter info...
[controller_server-10] [INFO] [1774345156.663768276] [local_costmap.local_costmap]: KeepoutFilter: Received filter info from /keepout_costmap_filter_info topic.
[controller_server-10] [INFO] [1774345156.663884939] [local_costmap.local_costmap]: KeepoutFilter: Subscribing to "/keepout_filter_mask" topic for filter mask...
[planner_server-12] [INFO] [1774345156.666781079] [global_costmap.global_costmap]: Received request to clear entirely the global_costmap
[planner_server-12] [INFO] [1774345156.672899137] [global_costmap.global_costmap]: KeepoutFilter: Subscribing to "/keepout_costmap_filter_info" topic for filter info...
[planner_server-12] [INFO] [1774345156.683701768] [global_costmap.global_costmap]: KeepoutFilter: Received filter info from /keepout_costmap_filter_info topic.
[planner_server-12] [INFO] [1774345156.683784307] [global_costmap.global_costmap]: KeepoutFilter: Subscribing to "/keepout_filter_mask" topic for filter mask...
[controller_server-10] [WARN] [1774345156.697751692] [local_costmap.local_costmap]: KeepoutFilter: New filter mask arrived from /keepout_filter_mask topic. Updating old filter mask.
[planner_server-12] [WARN] [1774345156.712910782] [global_costmap.global_costmap]: KeepoutFilter: New filter mask arrived from /keepout_filter_mask topic. Updating old filter mask.
[planner_server-12] [WARN] [1774345157.057305553] [planner_server]: GridBased plugin failed to plan from (-0.37, -6.81) to (0.15, -6.80): "no valid path found"
[planner_server-12] [WARN] [1774345157.057438840] [planner_server]: [compute_path_through_poses] [ActionServer] Aborting handle.
[planner_server-12] [INFO] [1774345157.074695808] [global_costmap.global_costmap]: Received request to clear entirely the global_costmap
[planner_server-12] [INFO] [1774345157.080928780] [global_costmap.global_costmap]: KeepoutFilter: Subscribing to "/keepout_costmap_filter_info" topic for filter info...
[planner_server-12] [INFO] [1774345157.086856679] [global_costmap.global_costmap]: KeepoutFilter: Received filter info from /keepout_costmap_filter_info topic.
[planner_server-12] [INFO] [1774345157.086950884] [global_costmap.global_costmap]: KeepoutFilter: Subscribing to "/keepout_filter_mask" topic for filter mask...
[planner_server-12] [WARN] [1774345157.103613750] [global_costmap.global_costmap]: KeepoutFilter: New filter mask arrived from /keepout_filter_mask topic. Updating old filter mask.
[planner_server-12] [WARN] [1774345157.591369775] [planner_server]: GridBased plugin failed to plan from (-0.37, -6.81) to (0.15, -6.80): "no valid path found"
[planner_server-12] [WARN] [1774345157.591702554] [planner_server]: [compute_path_through_poses] [ActionServer] Aborting handle.
[bt_navigator-14] [WARN] [1774345157.614327152] [bt_navigator]: [navigate_through_poses] [ActionServer] Aborting handle.
[bt_navigator-14] [ERROR] [1774345157.614571559] [bt_navigator]: Goal failed
[delivery_robot_main_controller-20] [33m[WARN] [1774345157.773797126] [main_controller_node]: Goal failed! (obstacle retry 2/3)[0m
[robot_sound-21] [0m[INFO] [1774345157.776889259] [robot_sound_node]: 🔔 Received sound command: obstacle_alert[0m
[delivery_robot_main_controller-20] [0m[INFO] [1774345157.778734563] [main_controller_node]: Published message: "obstacle_alert"[0m
[delivery_robot_main_controller-20] [0m[INFO] [1774345157.795645920] [main_controller_node]: Pre-resume: waiting 3 seconds before wiggle...[0m
[robot_sound-21] Simple mixer control 'PCM',0
[robot_sound-21]   Capabilities: pvolume pswitch pswitch-joined
[robot_sound-21]   Playback channels: Front Left - Front Right
[robot_sound-21]   Limits: Playback 0 - 147
[robot_sound-21]   Mono:
[robot_sound-21]   Front Left: Playback 147 [100%] [-0.94dB] [on]
[robot_sound-21]   Front Right: Playback 147 [100%] [-0.94dB] [on]
[robot_sound-21] [0m[INFO] [1774345157.803241506] [robot_sound_node]: 🔊 Playing sound: /home/smr/workspaces/mini_amr/amrROS2_ws/sounds/robot_obstacle.wav[0m
[delivery_robot_main_controller-20] [0m[INFO] [1774345157.812156542] [main_controller_node]: Current state: MOVE, dock_state IDLE, charge_state NOT_CHARGE[0m
[robot_sound-21] Playing WAVE '/home/smr/workspaces/mini_amr/amrROS2_ws/sounds/robot_obstacle.wav' : Signed 16 bit Little Endian, Rate 44100 Hz, Mono
[delivery_robot_main_controller-20] [0m[INFO] [1774345158.190278364] [main_controller_node]: Current state: MOVE, dock_state IDLE, charge_state NOT_CHARGE[0m
[delivery_robot_main_controller-20] [0m[INFO] [1774345158.296697940] [main_controller_node]: Pre-resume wiggle: หมุนตามเข็ม 0.5 rad[0m
[delivery_robot_main_controller-20] [0m[INFO] [1774345159.196098678] [main_controller_node]: Current state: MOVE, dock_state IDLE, charge_state NOT_CHARGE[0m
[delivery_robot_main_controller-20] [0m[INFO] [1774345159.525137784] [main_controller_node]: Pre-resume wiggle: หมุนทวนเข็ม 1.0 rad[0m
[delivery_robot_main_controller-20] [0m[INFO] [1774345160.204967960] [main_controller_node]: Current state: MOVE, dock_state IDLE, charge_state NOT_CHARGE[0m
[delivery_robot_main_controller-20] [0m[INFO] [1774345160.746212742] [main_controller_node]: Pre-resume: clearing local/global costmaps.[0m
[controller_server-10] [INFO] [1774345160.747484944] [local_costmap.local_costmap]: Received request to clear entirely the local_costmap
[controller_server-10] [INFO] [1774345160.753512589] [local_costmap.local_costmap]: KeepoutFilter: Subscribing to "/keepout_costmap_filter_info" topic for filter info...
[controller_server-10] [INFO] [1774345160.758844053] [local_costmap.local_costmap]: KeepoutFilter: Received filter info from /keepout_costmap_filter_info topic.
[controller_server-10] [INFO] [1774345160.759004464] [local_costmap.local_costmap]: KeepoutFilter: Subscribing to "/keepout_filter_mask" topic for filter mask...
[controller_server-10] [WARN] [1774345160.769950589] [local_costmap.local_costmap]: KeepoutFilter: New filter mask arrived from /keepout_filter_mask topic. Updating old filter mask.
[planner_server-12] [INFO] [1774345161.138332865] [global_costmap.global_costmap]: Received request to clear entirely the global_costmap
[planner_server-12] [INFO] [1774345161.151111462] [global_costmap.global_costmap]: KeepoutFilter: Subscribing to "/keepout_costmap_filter_info" topic for filter info...
[planner_server-12] [INFO] [1774345161.157783375] [global_costmap.global_costmap]: KeepoutFilter: Received filter info from /keepout_costmap_filter_info topic.
[planner_server-12] [INFO] [1774345161.157923078] [global_costmap.global_costmap]: KeepoutFilter: Subscribing to "/keepout_filter_mask" topic for filter mask...
[planner_server-12] [WARN] [1774345161.173813348] [global_costmap.global_costmap]: KeepoutFilter: New filter mask arrived from /keepout_filter_mask topic. Updating old filter mask.
[delivery_robot_main_controller-20] [0m[INFO] [1774345161.289880599] [main_controller_node]: Current state: MOVE, dock_state IDLE, charge_state NOT_CHARGE[0m
[delivery_robot_main_controller-20] [0m[INFO] [1774345162.027498243] [main_controller_node]: Pre-resume wiggle complete. Switching to STANDBY.[0m
[delivery_robot_main_controller-20] [0m[INFO] [1774345162.030510170] [main_controller_node]: State change: MOVE -> STANDBY[0m
[delivery_robot_main_controller-20] [0m[INFO] [1774345162.047088747] [main_controller_node]: Robot is in STANDBY mode.[0m
[delivery_robot_main_controller-20] [0m[INFO] [1774345162.196857091] [main_controller_node]: Current state: STANDBY, dock_state IDLE, charge_state NOT_CHARGE[0m
[delivery_robot_main_controller-20] [0m[INFO] [1774345162.271304800] [main_controller_node]: 1 pending queues [0m
[delivery_robot_main_controller-20] [0m[INFO] [1774345162.272424174] [main_controller_node]: Queue action: Request[0m
[delivery_robot_main_controller-20] [0m[INFO] [1774345162.315522117] [main_controller_node]: AGV start_pos: x=-0.37, y=-7.90[0m
[delivery_robot_main_controller-20] [0m[INFO] [1774345162.320019155] [main_controller_node]: AGV goal_pos: x=0.39, y=0.04[0m
[delivery_robot_main_controller-20] [0m[INFO] [1774345162.321417643] [main_controller_node]: Path source: building YAML (/home/smr/workspaces/mini_amr/amrROS2_ws/maps/map_000.building.yaml)[0m
[delivery_robot_main_controller-20] Graph before shortest_path: Graph with 11 nodes and 10 edges
[delivery_robot_main_controller-20] [0m[INFO] [1774345162.365402511] [main_controller_node]: Computed AGV path waypoints:[0m
[delivery_robot_main_controller-20] [0m[INFO] [1774345162.374485541] [main_controller_node]:   Waypoint 0: x=-0.37, y=-7.90[0m
[delivery_robot_main_controller-20] [0m[INFO] [1774345162.375369549] [main_controller_node]:   Waypoint 1: x=-0.32, y=-7.98[0m
[delivery_robot_main_controller-20] [0m[INFO] [1774345162.376330554] [main_controller_node]:   Waypoint 2: x=-0.33, y=-7.59[0m
[delivery_robot_main_controller-20] [0m[INFO] [1774345162.377141065] [main_controller_node]:   Waypoint 3: x=-0.33, y=-7.20[0m
[delivery_robot_main_controller-20] [0m[INFO] [1774345162.377859704] [main_controller_node]:   Waypoint 4: x=-0.34, y=-6.81[0m
[delivery_robot_main_controller-20] [0m[INFO] [1774345162.378563761] [main_controller_node]:   Waypoint 5: x=0.15, y=-6.80[0m
[delivery_robot_main_controller-20] [0m[INFO] [1774345162.379296108] [main_controller_node]:   Waypoint 6: x=0.64, y=-6.79[0m
[delivery_robot_main_controller-20] [0m[INFO] [1774345162.380216281] [main_controller_node]:   Waypoint 7: x=1.13, y=-6.78[0m
[delivery_robot_main_controller-20] [0m[INFO] [1774345162.380960003] [main_controller_node]:   Waypoint 8: x=1.62, y=-6.77[0m
[delivery_robot_main_controller-20] [0m[INFO] [1774345162.381654726] [main_controller_node]:   Waypoint 9: x=2.11, y=-6.76[0m
[delivery_robot_main_controller-20] [0m[INFO] [1774345162.382371324] [main_controller_node]:   Waypoint 10: x=2.10, y=-6.28[0m
[delivery_robot_main_controller-20] [0m[INFO] [1774345162.383128462] [main_controller_node]:   Waypoint 11: x=2.09, y=-5.81[0m
[delivery_robot_main_controller-20] [0m[INFO] [1774345162.383933431] [main_controller_node]:   Waypoint 12: x=2.07, y=-5.33[0m
[delivery_robot_main_controller-20] [0m[INFO] [1774345162.385003807] [main_controller_node]:   Waypoint 13: x=2.06, y=-4.85[0m
[delivery_robot_main_controller-20] [0m[INFO] [1774345162.385819568] [main_controller_node]:   Waypoint 14: x=2.05, y=-4.37[0m
[delivery_robot_main_controller-20] [0m[INFO] [1774345162.386685785] [main_controller_node]:   Waypoint 15: x=2.04, y=-3.89[0m
[delivery_robot_main_controller-20] [0m[INFO] [1774345162.387520503] [main_controller_node]:   Waypoint 16: x=2.03, y=-3.42[0m
[delivery_robot_main_controller-20] [0m[INFO] [1774345162.388365429] [main_controller_node]:   Waypoint 17: x=2.02, y=-2.94[0m
[delivery_robot_main_controller-20] [0m[INFO] [1774345162.389199856] [main_controller_node]:   Waypoint 18: x=2.01, y=-2.46[0m
[delivery_robot_main_controller-20] [0m[INFO] [1774345162.389997826] [main_controller_node]:   Waypoint 19: x=2.00, y=-1.98[0m
[delivery_robot_main_controller-20] [0m[INFO] [1774345162.390663967] [main_controller_node]:   Waypoint 20: x=1.99, y=-1.51[0m
[delivery_robot_main_controller-20] [0m[INFO] [1774345162.408863274] [main_controller_node]:   Waypoint 21: x=1.67, y=-1.20[0m
[delivery_robot_main_controller-20] [0m[INFO] [1774345162.411203227] [main_controller_node]:   Waypoint 22: x=1.35, y=-0.89[0m
[delivery_robot_main_controller-20] [0m[INFO] [1774345162.412479804] [main_controller_node]:   Waypoint 23: x=1.03, y=-0.58[0m
[delivery_robot_main_controller-20] [0m[INFO] [1774345162.413519847] [main_controller_node]:   Waypoint 24: x=0.71, y=-0.27[0m
[delivery_robot_main_controller-20] [0m[INFO] [1774345162.414288651] [main_controller_node]:   Waypoint 25: x=0.39, y=0.04[0m
[delivery_robot_main_controller-20] [0m[INFO] [1774345162.419991101] [main_controller_node]: Navigating with 26 goals....[0m
[bt_navigator-14] [INFO] [1774345162.426506686] [bt_navigator]: Begin navigating from current location through 26 poses to (0.39, 0.04)
[controller_server-10] [INFO] [1774345162.426822549] [local_costmap.local_costmap]: Received request to clear entirely the local_costmap
[controller_server-10] [INFO] [1774345162.447666006] [local_costmap.local_costmap]: KeepoutFilter: Subscribing to "/keepout_costmap_filter_info" topic for filter info...
[planner_server-12] [INFO] [1774345162.453870395] [global_costmap.global_costmap]: Received request to clear entirely the global_costmap
[controller_server-10] [INFO] [1774345162.458805791] [local_costmap.local_costmap]: KeepoutFilter: Received filter info from /keepout_costmap_filter_info topic.
[controller_server-10] [INFO] [1774345162.458928578] [local_costmap.local_costmap]: KeepoutFilter: Subscribing to "/keepout_filter_mask" topic for filter mask...
[controller_server-10] [WARN] [1774345162.504051194] [local_costmap.local_costmap]: KeepoutFilter: New filter mask arrived from /keepout_filter_mask topic. Updating old filter mask.
[planner_server-12] [INFO] [1774345162.609910500] [global_costmap.global_costmap]: KeepoutFilter: Subscribing to "/keepout_costmap_filter_info" topic for filter info...
[planner_server-12] [INFO] [1774345162.620741130] [global_costmap.global_costmap]: KeepoutFilter: Received filter info from /keepout_costmap_filter_info topic.
[planner_server-12] [INFO] [1774345162.620878499] [global_costmap.global_costmap]: KeepoutFilter: Subscribing to "/keepout_filter_mask" topic for filter mask...
[planner_server-12] [WARN] [1774345162.647087252] [global_costmap.global_costmap]: KeepoutFilter: New filter mask arrived from /keepout_filter_mask topic. Updating old filter mask.
[delivery_robot_main_controller-20] [0m[INFO] [1774345162.902038844] [main_controller_node]: State change: STANDBY -> MOVE[0m
[delivery_robot_main_controller-20] [0m[INFO] [1774345162.931966788] [main_controller_node]: Robot is MOVING.[0m
[planner_server-12] [WARN] [1774345163.201350956] [planner_server]: GridBased plugin failed to plan from (-0.37, -6.81) to (0.15, -6.80): "no valid path found"
[planner_server-12] [WARN] [1774345163.202264421] [planner_server]: [compute_path_through_poses] [ActionServer] Aborting handle.
[planner_server-12] [INFO] [1774345163.218282145] [global_costmap.global_costmap]: Received request to clear entirely the global_costmap
[planner_server-12] [INFO] [1774345163.224431411] [global_costmap.global_costmap]: KeepoutFilter: Subscribing to "/keepout_costmap_filter_info" topic for filter info...
[planner_server-12] [INFO] [1774345163.236388706] [global_costmap.global_costmap]: KeepoutFilter: Received filter info from /keepout_costmap_filter_info topic.
[planner_server-12] [INFO] [1774345163.236645071] [global_costmap.global_costmap]: KeepoutFilter: Subscribing to "/keepout_filter_mask" topic for filter mask...
[planner_server-12] [WARN] [1774345163.253942288] [global_costmap.global_costmap]: KeepoutFilter: New filter mask arrived from /keepout_filter_mask topic. Updating old filter mask.
[planner_server-12] [WARN] [1774345163.609466636] [planner_server]: GridBased plugin failed to plan from (-0.37, -6.81) to (0.15, -6.80): "no valid path found"
[planner_server-12] [WARN] [1774345163.611855296] [planner_server]: [compute_path_through_poses] [ActionServer] Aborting handle.
[controller_server-10] [INFO] [1774345163.627934559] [local_costmap.local_costmap]: Received request to clear entirely the local_costmap
[controller_server-10] [INFO] [1774345163.635505646] [local_costmap.local_costmap]: KeepoutFilter: Subscribing to "/keepout_costmap_filter_info" topic for filter info...
[controller_server-10] [INFO] [1774345163.650784606] [local_costmap.local_costmap]: KeepoutFilter: Received filter info from /keepout_costmap_filter_info topic.
[controller_server-10] [INFO] [1774345163.650870936] [local_costmap.local_costmap]: KeepoutFilter: Subscribing to "/keepout_filter_mask" topic for filter mask...
[planner_server-12] [INFO] [1774345163.653967152] [global_costmap.global_costmap]: Received request to clear entirely the global_costmap
[planner_server-12] [INFO] [1774345163.664887319] [global_costmap.global_costmap]: KeepoutFilter: Subscribing to "/keepout_costmap_filter_info" topic for filter info...
[controller_server-10] [WARN] [1774345163.665307595] [local_costmap.local_costmap]: KeepoutFilter: New filter mask arrived from /keepout_filter_mask topic. Updating old filter mask.
[planner_server-12] [INFO] [1774345163.676769367] [global_costmap.global_costmap]: KeepoutFilter: Received filter info from /keepout_costmap_filter_info topic.
[planner_server-12] [INFO] [1774345163.676864447] [global_costmap.global_costmap]: KeepoutFilter: Subscribing to "/keepout_filter_mask" topic for filter mask...
[controller_server-10] [INFO] [1774345163.677445425] [local_costmap.local_costmap]: Received request to clear entirely the local_costmap
[controller_server-10] [INFO] [1774345163.694581940] [local_costmap.local_costmap]: KeepoutFilter: Subscribing to "/keepout_costmap_filter_info" topic for filter info...
[planner_server-12] [INFO] [1774345163.697250880] [global_costmap.global_costmap]: Received request to clear entirely the global_costmap
[planner_server-12] [INFO] [1774345163.707662692] [global_costmap.global_costmap]: KeepoutFilter: Subscribing to "/keepout_costmap_filter_info" topic for filter info...
[planner_server-12] [INFO] [1774345163.719271167] [global_costmap.global_costmap]: KeepoutFilter: Received filter info from /keepout_costmap_filter_info topic.
[planner_server-12] [INFO] [1774345163.719551448] [global_costmap.global_costmap]: KeepoutFilter: Subscribing to "/keepout_filter_mask" topic for filter mask...
[planner_server-12] [WARN] [1774345163.748180359] [global_costmap.global_costmap]: KeepoutFilter: New filter mask arrived from /keepout_filter_mask topic. Updating old filter mask.
[controller_server-10] [INFO] [1774345163.812288003] [local_costmap.local_costmap]: KeepoutFilter: Received filter info from /keepout_costmap_filter_info topic.
[controller_server-10] [INFO] [1774345163.812627490] [local_costmap.local_costmap]: KeepoutFilter: Subscribing to "/keepout_filter_mask" topic for filter mask...
[controller_server-10] [WARN] [1774345163.829155903] [local_costmap.local_costmap]: KeepoutFilter: New filter mask arrived from /keepout_filter_mask topic. Updating old filter mask.
[planner_server-12] [WARN] [1774345164.105837584] [planner_server]: GridBased plugin failed to plan from (-0.37, -6.81) to (0.15, -6.80): "no valid path found"
[planner_server-12] [WARN] [1774345164.105970579] [planner_server]: [compute_path_through_poses] [ActionServer] Aborting handle.
[planner_server-12] [INFO] [1774345164.118598099] [global_costmap.global_costmap]: Received request to clear entirely the global_costmap
[planner_server-12] [INFO] [1774345164.137167809] [global_costmap.global_costmap]: KeepoutFilter: Subscribing to "/keepout_costmap_filter_info" topic for filter info...
[planner_server-12] [INFO] [1774345164.143946759] [global_costmap.global_costmap]: KeepoutFilter: Received filter info from /keepout_costmap_filter_info topic.
[planner_server-12] [INFO] [1774345164.144028131] [global_costmap.global_costmap]: KeepoutFilter: Subscribing to "/keepout_filter_mask" topic for filter mask...
[planner_server-12] [WARN] [1774345164.157123758] [global_costmap.global_costmap]: KeepoutFilter: New filter mask arrived from /keepout_filter_mask topic. Updating old filter mask.
[planner_server-12] [WARN] [1774345164.615446778] [planner_server]: GridBased plugin failed to plan from (-0.37, -6.81) to (0.15, -6.80): "no valid path found"
[planner_server-12] [WARN] [1774345164.616310079] [planner_server]: [compute_path_through_poses] [ActionServer] Aborting handle.
[behavior_server-13] [INFO] [1774345164.631574748] [behavior_server]: Running wait
[behavior_server-13] [INFO] [1774345169.631962830] [behavior_server]: wait completed successfully
[controller_server-10] [INFO] [1774345169.648143881] [local_costmap.local_costmap]: Received request to clear entirely the local_costmap
[controller_server-10] [INFO] [1774345169.652535047] [local_costmap.local_costmap]: KeepoutFilter: Subscribing to "/keepout_costmap_filter_info" topic for filter info...
[controller_server-10] [INFO] [1774345169.657058917] [local_costmap.local_costmap]: KeepoutFilter: Received filter info from /keepout_costmap_filter_info topic.
[controller_server-10] [INFO] [1774345169.657134164] [local_costmap.local_costmap]: KeepoutFilter: Subscribing to "/keepout_filter_mask" topic for filter mask...
[planner_server-12] [INFO] [1774345169.657305657] [global_costmap.global_costmap]: Received request to clear entirely the global_costmap
[planner_server-12] [INFO] [1774345169.670034673] [global_costmap.global_costmap]: KeepoutFilter: Subscribing to "/keepout_costmap_filter_info" topic for filter info...
[controller_server-10] [WARN] [1774345169.680055959] [local_costmap.local_costmap]: KeepoutFilter: New filter mask arrived from /keepout_filter_mask topic. Updating old filter mask.
[planner_server-12] [INFO] [1774345169.681979135] [global_costmap.global_costmap]: KeepoutFilter: Received filter info from /keepout_costmap_filter_info topic.
[planner_server-12] [INFO] [1774345169.682131963] [global_costmap.global_costmap]: KeepoutFilter: Subscribing to "/keepout_filter_mask" topic for filter mask...
[planner_server-12] [WARN] [1774345169.699389223] [global_costmap.global_costmap]: KeepoutFilter: New filter mask arrived from /keepout_filter_mask topic. Updating old filter mask.
[planner_server-12] [WARN] [1774345170.048216868] [planner_server]: GridBased plugin failed to plan from (-0.37, -6.81) to (0.15, -6.80): "no valid path found"
[planner_server-12] [WARN] [1774345170.048360654] [planner_server]: [compute_path_through_poses] [ActionServer] Aborting handle.
[planner_server-12] [INFO] [1774345170.058177780] [global_costmap.global_costmap]: Received request to clear entirely the global_costmap
[planner_server-12] [INFO] [1774345170.062917183] [global_costmap.global_costmap]: KeepoutFilter: Subscribing to "/keepout_costmap_filter_info" topic for filter info...
[planner_server-12] [INFO] [1774345170.067205687] [global_costmap.global_costmap]: KeepoutFilter: Received filter info from /keepout_costmap_filter_info topic.
[planner_server-12] [INFO] [1774345170.067282976] [global_costmap.global_costmap]: KeepoutFilter: Subscribing to "/keepout_filter_mask" topic for filter mask...
[planner_server-12] [WARN] [1774345170.074953809] [global_costmap.global_costmap]: KeepoutFilter: New filter mask arrived from /keepout_filter_mask topic. Updating old filter mask.
[planner_server-12] [WARN] [1774345170.582668408] [planner_server]: GridBased plugin failed to plan from (-0.37, -6.81) to (0.15, -6.80): "no valid path found"
[planner_server-12] [WARN] [1774345170.582821819] [planner_server]: [compute_path_through_poses] [ActionServer] Aborting handle.
[controller_server-10] [INFO] [1774345170.600050789] [local_costmap.local_costmap]: Received request to clear entirely the local_costmap
[controller_server-10] [INFO] [1774345170.608017069] [local_costmap.local_costmap]: KeepoutFilter: Subscribing to "/keepout_costmap_filter_info" topic for filter info...
[planner_server-12] [INFO] [1774345170.612087414] [global_costmap.global_costmap]: Received request to clear entirely the global_costmap
[planner_server-12] [INFO] [1774345170.617048183] [global_costmap.global_costmap]: KeepoutFilter: Subscribing to "/keepout_costmap_filter_info" topic for filter info...
[controller_server-10] [INFO] [1774345170.612141079] [local_costmap.local_costmap]: KeepoutFilter: Received filter info from /keepout_costmap_filter_info topic.
[controller_server-10] [INFO] [1774345170.612201451] [local_costmap.local_costmap]: KeepoutFilter: Subscribing to "/keepout_filter_mask" topic for filter mask...
[controller_server-10] [INFO] [1774345170.622363606] [local_costmap.local_costmap]: Received request to clear entirely the local_costmap
[planner_server-12] [INFO] [1774345170.628358003] [global_costmap.global_costmap]: KeepoutFilter: Received filter info from /keepout_costmap_filter_info topic.
[planner_server-12] [INFO] [1774345170.628481082] [global_costmap.global_costmap]: KeepoutFilter: Subscribing to "/keepout_filter_mask" topic for filter mask...
[controller_server-10] [INFO] [1774345170.632745961] [local_costmap.local_costmap]: KeepoutFilter: Subscribing to "/keepout_costmap_filter_info" topic for filter info...
[planner_server-12] [INFO] [1774345170.638772732] [global_costmap.global_costmap]: Received request to clear entirely the global_costmap
[controller_server-10] [INFO] [1774345170.644861917] [local_costmap.local_costmap]: KeepoutFilter: Received filter info from /keepout_costmap_filter_info topic.
[controller_server-10] [INFO] [1774345170.645023786] [local_costmap.local_costmap]: KeepoutFilter: Subscribing to "/keepout_filter_mask" topic for filter mask...
[planner_server-12] [INFO] [1774345170.650395206] [global_costmap.global_costmap]: KeepoutFilter: Subscribing to "/keepout_costmap_filter_info" topic for filter info...
[planner_server-12] [INFO] [1774345170.661364081] [global_costmap.global_costmap]: KeepoutFilter: Received filter info from /keepout_costmap_filter_info topic.
[planner_server-12] [INFO] [1774345170.661439620] [global_costmap.global_costmap]: KeepoutFilter: Subscribing to "/keepout_filter_mask" topic for filter mask...
[controller_server-10] [WARN] [1774345170.676944321] [local_costmap.local_costmap]: KeepoutFilter: New filter mask arrived from /keepout_filter_mask topic. Updating old filter mask.
[planner_server-12] [WARN] [1774345170.686026767] [global_costmap.global_costmap]: KeepoutFilter: New filter mask arrived from /keepout_filter_mask topic. Updating old filter mask.
[planner_server-12] [WARN] [1774345171.087539658] [planner_server]: GridBased plugin failed to plan from (-0.37, -6.81) to (0.15, -6.80): "no valid path found"
[planner_server-12] [WARN] [1774345171.087751108] [planner_server]: [compute_path_through_poses] [ActionServer] Aborting handle.
[planner_server-12] [INFO] [1774345171.103841162] [global_costmap.global_costmap]: Received request to clear entirely the global_costmap
[planner_server-12] [INFO] [1774345171.109757396] [global_costmap.global_costmap]: KeepoutFilter: Subscribing to "/keepout_costmap_filter_info" topic for filter info...
[planner_server-12] [INFO] [1774345171.114011192] [global_costmap.global_costmap]: KeepoutFilter: Received filter info from /keepout_costmap_filter_info topic.
[planner_server-12] [INFO] [1774345171.114250350] [global_costmap.global_costmap]: KeepoutFilter: Subscribing to "/keepout_filter_mask" topic for filter mask...
[planner_server-12] [WARN] [1774345171.125542670] [global_costmap.global_costmap]: KeepoutFilter: New filter mask arrived from /keepout_filter_mask topic. Updating old filter mask.
[planner_server-12] [WARN] [1774345171.551011274] [planner_server]: GridBased plugin failed to plan from (-0.37, -6.81) to (0.15, -6.80): "no valid path found"
[planner_server-12] [WARN] [1774345171.551151852] [planner_server]: [compute_path_through_poses] [ActionServer] Aborting handle.
[bt_navigator-14] [WARN] [1774345171.572934440] [bt_navigator]: [navigate_through_poses] [ActionServer] Aborting handle.
[bt_navigator-14] [ERROR] [1774345171.573196346] [bt_navigator]: Goal failed
[delivery_robot_main_controller-20] [33m[WARN] [1774345171.737658881] [main_controller_node]: Goal failed! (obstacle retry 3/3)[0m
[robot_sound-21] [0m[INFO] [1774345171.739412022] [robot_sound_node]: 🔔 Received sound command: obstacle_alert[0m
[delivery_robot_main_controller-20] [0m[INFO] [1774345171.742101087] [main_controller_node]: Published message: "obstacle_alert"[0m
[robot_sound-21] Simple mixer control 'PCM',0
[robot_sound-21]   Capabilities: pvolume pswitch pswitch-joined
[robot_sound-21]   Playback channels: Front Left - Front Right
[robot_sound-21]   Limits: Playback 0 - 147
[robot_sound-21]   Mono:
[robot_sound-21]   Front Left: Playback 147 [100%] [-0.94dB] [on]
[robot_sound-21]   Front Right: Playback 147 [100%] [-0.94dB] [on]
[robot_sound-21] [0m[INFO] [1774345171.750577472] [robot_sound_node]: 🔊 Playing sound: /home/smr/workspaces/mini_amr/amrROS2_ws/sounds/robot_obstacle.wav[0m
[delivery_robot_main_controller-20] [0m[INFO] [1774345171.750882836] [main_controller_node]: Pre-resume: waiting 3 seconds before wiggle...[0m
[robot_sound-21] Playing WAVE '/home/smr/workspaces/mini_amr/amrROS2_ws/sounds/robot_obstacle.wav' : Signed 16 bit Little Endian, Rate 44100 Hz, Mono
[delivery_robot_main_controller-20] [0m[INFO] [1774345171.765965512] [main_controller_node]: Current state: MOVE, dock_state IDLE, charge_state NOT_CHARGE[0m
[delivery_robot_main_controller-20] [0m[INFO] [1774345172.234231654] [main_controller_node]: Current state: MOVE, dock_state IDLE, charge_state NOT_CHARGE[0m
[delivery_robot_main_controller-20] [0m[INFO] [1774345172.255400599] [main_controller_node]: Pre-resume wiggle: หมุนตามเข็ม 0.5 rad[0m
[delivery_robot_main_controller-20] [0m[INFO] [1774345173.195657033] [main_controller_node]: Current state: MOVE, dock_state IDLE, charge_state NOT_CHARGE[0m
[delivery_robot_main_controller-20] [0m[INFO] [1774345173.473915696] [main_controller_node]: Pre-resume wiggle: หมุนทวนเข็ม 1.0 rad[0m
[delivery_robot_main_controller-20] [0m[INFO] [1774345174.205100001] [main_controller_node]: Current state: MOVE, dock_state IDLE, charge_state NOT_CHARGE[0m
[delivery_robot_main_controller-20] [0m[INFO] [1774345174.693351258] [main_controller_node]: Pre-resume: clearing local/global costmaps.[0m
[controller_server-10] [INFO] [1774345174.695279976] [local_costmap.local_costmap]: Received request to clear entirely the local_costmap
[controller_server-10] [INFO] [1774345174.697245443] [local_costmap.local_costmap]: KeepoutFilter: Subscribing to "/keepout_costmap_filter_info" topic for filter info...
[controller_server-10] [INFO] [1774345174.707317768] [local_costmap.local_costmap]: KeepoutFilter: Received filter info from /keepout_costmap_filter_info topic.
[controller_server-10] [INFO] [1774345174.707407306] [local_costmap.local_costmap]: KeepoutFilter: Subscribing to "/keepout_filter_mask" topic for filter mask...
[controller_server-10] [WARN] [1774345174.724269081] [local_costmap.local_costmap]: KeepoutFilter: New filter mask arrived from /keepout_filter_mask topic. Updating old filter mask.
[planner_server-12] [INFO] [1774345175.102618103] [global_costmap.global_costmap]: Received request to clear entirely the global_costmap
[planner_server-12] [INFO] [1774345175.109371971] [global_costmap.global_costmap]: KeepoutFilter: Subscribing to "/keepout_costmap_filter_info" topic for filter info...
[planner_server-12] [INFO] [1774345175.113259740] [global_costmap.global_costmap]: KeepoutFilter: Received filter info from /keepout_costmap_filter_info topic.
[planner_server-12] [INFO] [1774345175.113405276] [global_costmap.global_costmap]: KeepoutFilter: Subscribing to "/keepout_filter_mask" topic for filter mask...
[planner_server-12] [WARN] [1774345175.125031542] [global_costmap.global_costmap]: KeepoutFilter: New filter mask arrived from /keepout_filter_mask topic. Updating old filter mask.
[delivery_robot_main_controller-20] [0m[INFO] [1774345175.516462191] [main_controller_node]: Current state: MOVE, dock_state IDLE, charge_state NOT_CHARGE[0m
[delivery_robot_main_controller-20] [0m[INFO] [1774345176.016891817] [main_controller_node]: Pre-resume wiggle complete. Switching to STANDBY.[0m
[delivery_robot_main_controller-20] [0m[INFO] [1774345176.017585958] [main_controller_node]: State change: MOVE -> STANDBY[0m
[delivery_robot_main_controller-20] [0m[INFO] [1774345176.031803292] [main_controller_node]: Robot is in STANDBY mode.[0m
[delivery_robot_main_controller-20] [0m[INFO] [1774345176.189208928] [main_controller_node]: Current state: STANDBY, dock_state IDLE, charge_state NOT_CHARGE[0m
[delivery_robot_main_controller-20] [0m[INFO] [1774345176.269336629] [main_controller_node]: 1 pending queues [0m
[delivery_robot_main_controller-20] [0m[INFO] [1774345176.270439379] [main_controller_node]: Queue action: Request[0m
[delivery_robot_main_controller-20] [0m[INFO] [1774345176.314014471] [main_controller_node]: AGV start_pos: x=-0.36, y=-7.90[0m
[delivery_robot_main_controller-20] [0m[INFO] [1774345176.315351420] [main_controller_node]: AGV goal_pos: x=0.39, y=0.04[0m
[delivery_robot_main_controller-20] [0m[INFO] [1774345176.316259344] [main_controller_node]: Path source: building YAML (/home/smr/workspaces/mini_amr/amrROS2_ws/maps/map_000.building.yaml)[0m
[delivery_robot_main_controller-20] Graph before shortest_path: Graph with 11 nodes and 10 edges
[delivery_robot_main_controller-20] [0m[INFO] [1774345176.354094654] [main_controller_node]: Computed AGV path waypoints:[0m
[delivery_robot_main_controller-20] [0m[INFO] [1774345176.355066451] [main_controller_node]:   Waypoint 0: x=-0.36, y=-7.90[0m
[delivery_robot_main_controller-20] [0m[INFO] [1774345176.356017831] [main_controller_node]:   Waypoint 1: x=-0.32, y=-7.98[0m
[delivery_robot_main_controller-20] [0m[INFO] [1774345176.356885215] [main_controller_node]:   Waypoint 2: x=-0.33, y=-7.59[0m
[delivery_robot_main_controller-20] [0m[INFO] [1774345176.357607937] [main_controller_node]:   Waypoint 3: x=-0.33, y=-7.20[0m
[delivery_robot_main_controller-20] [0m[INFO] [1774345176.358376158] [main_controller_node]:   Waypoint 4: x=-0.34, y=-6.81[0m
[delivery_robot_main_controller-20] [0m[INFO] [1774345176.359424660] [main_controller_node]:   Waypoint 5: x=0.15, y=-6.80[0m
[delivery_robot_main_controller-20] [0m[INFO] [1774345176.360176840] [main_controller_node]:   Waypoint 6: x=0.64, y=-6.79[0m
[delivery_robot_main_controller-20] [0m[INFO] [1774345176.361328879] [main_controller_node]:   Waypoint 7: x=1.13, y=-6.78[0m
[delivery_robot_main_controller-20] [0m[INFO] [1774345176.362200929] [main_controller_node]:   Waypoint 8: x=1.62, y=-6.77[0m
[delivery_robot_main_controller-20] [0m[INFO] [1774345176.362913152] [main_controller_node]:   Waypoint 9: x=2.11, y=-6.76[0m
[delivery_robot_main_controller-20] [0m[INFO] [1774345176.363647249] [main_controller_node]:   Waypoint 10: x=2.10, y=-6.28[0m
[delivery_robot_main_controller-20] [0m[INFO] [1774345176.364359764] [main_controller_node]:   Waypoint 11: x=2.09, y=-5.81[0m
[delivery_robot_main_controller-20] [0m[INFO] [1774345176.365644798] [main_controller_node]:   Waypoint 12: x=2.07, y=-5.33[0m
[delivery_robot_main_controller-20] [0m[INFO] [1774345176.366460559] [main_controller_node]:   Waypoint 13: x=2.06, y=-4.85[0m
[delivery_robot_main_controller-20] [0m[INFO] [1774345176.367362066] [main_controller_node]:   Waypoint 14: x=2.05, y=-4.37[0m
[delivery_robot_main_controller-20] [0m[INFO] [1774345176.368133787] [main_controller_node]:   Waypoint 15: x=2.04, y=-3.89[0m
[delivery_robot_main_controller-20] [0m[INFO] [1774345176.368965005] [main_controller_node]:   Waypoint 16: x=2.03, y=-3.42[0m
[delivery_robot_main_controller-20] [0m[INFO] [1774345176.370961096] [main_controller_node]:   Waypoint 17: x=2.02, y=-2.94[0m
[delivery_robot_main_controller-20] [0m[INFO] [1774345176.372053929] [main_controller_node]:   Waypoint 18: x=2.01, y=-2.46[0m
[delivery_robot_main_controller-20] [0m[INFO] [1774345176.372873190] [main_controller_node]:   Waypoint 19: x=2.00, y=-1.98[0m
[delivery_robot_main_controller-20] [0m[INFO] [1774345176.373856361] [main_controller_node]:   Waypoint 20: x=1.99, y=-1.51[0m
[delivery_robot_main_controller-20] [0m[INFO] [1774345176.374658122] [main_controller_node]:   Waypoint 21: x=1.67, y=-1.20[0m
[delivery_robot_main_controller-20] [0m[INFO] [1774345176.375476507] [main_controller_node]:   Waypoint 22: x=1.35, y=-0.89[0m
[delivery_robot_main_controller-20] [0m[INFO] [1774345176.376339808] [main_controller_node]:   Waypoint 23: x=1.03, y=-0.58[0m
[delivery_robot_main_controller-20] [0m[INFO] [1774345176.378022952] [main_controller_node]:   Waypoint 24: x=0.71, y=-0.27[0m
[delivery_robot_main_controller-20] [0m[INFO] [1774345176.379139118] [main_controller_node]:   Waypoint 25: x=0.39, y=0.04[0m
[delivery_robot_main_controller-20] [0m[INFO] [1774345176.381865514] [main_controller_node]: Navigating with 26 goals....[0m
[bt_navigator-14] [INFO] [1774345176.387835996] [bt_navigator]: Begin navigating from current location through 26 poses to (0.39, 0.04)
[controller_server-10] [INFO] [1774345176.390675846] [local_costmap.local_costmap]: Received request to clear entirely the local_costmap
[controller_server-10] [INFO] [1774345176.416287288] [local_costmap.local_costmap]: KeepoutFilter: Subscribing to "/keepout_costmap_filter_info" topic for filter info...
[controller_server-10] [INFO] [1774345176.423984662] [local_costmap.local_costmap]: KeepoutFilter: Received filter info from /keepout_costmap_filter_info topic.
[controller_server-10] [INFO] [1774345176.424082950] [local_costmap.local_costmap]: KeepoutFilter: Subscribing to "/keepout_filter_mask" topic for filter mask...
[planner_server-12] [INFO] [1774345176.426090707] [global_costmap.global_costmap]: Received request to clear entirely the global_costmap
[controller_server-10] [WARN] [1774345176.439064130] [local_costmap.local_costmap]: KeepoutFilter: New filter mask arrived from /keepout_filter_mask topic. Updating old filter mask.
[planner_server-12] [INFO] [1774345176.569461585] [global_costmap.global_costmap]: KeepoutFilter: Subscribing to "/keepout_costmap_filter_info" topic for filter info...
[planner_server-12] [INFO] [1774345176.588443113] [global_costmap.global_costmap]: KeepoutFilter: Received filter info from /keepout_costmap_filter_info topic.
[planner_server-12] [INFO] [1774345176.588571441] [global_costmap.global_costmap]: KeepoutFilter: Subscribing to "/keepout_filter_mask" topic for filter mask...
[planner_server-12] [WARN] [1774345176.613691152] [global_costmap.global_costmap]: KeepoutFilter: New filter mask arrived from /keepout_filter_mask topic. Updating old filter mask.
[delivery_robot_main_controller-20] [0m[INFO] [1774345177.094471068] [main_controller_node]: State change: STANDBY -> MOVE[0m
[planner_server-12] [WARN] [1774345177.094582772] [planner_server]: GridBased plugin failed to plan from (-0.37, -6.81) to (0.15, -6.80): "no valid path found"
[planner_server-12] [WARN] [1774345177.094691268] [planner_server]: [compute_path_through_poses] [ActionServer] Aborting handle.
[planner_server-12] [INFO] [1774345177.110852195] [global_costmap.global_costmap]: Received request to clear entirely the global_costmap
[delivery_robot_main_controller-20] [0m[INFO] [1774345177.123576544] [main_controller_node]: Robot is MOVING.[0m
[planner_server-12] [INFO] [1774345177.124231894] [global_costmap.global_costmap]: KeepoutFilter: Subscribing to "/keepout_costmap_filter_info" topic for filter info...
[planner_server-12] [INFO] [1774345177.133819488] [global_costmap.global_costmap]: KeepoutFilter: Received filter info from /keepout_costmap_filter_info topic.
[planner_server-12] [INFO] [1774345177.133902026] [global_costmap.global_costmap]: KeepoutFilter: Subscribing to "/keepout_filter_mask" topic for filter mask...
[planner_server-12] [WARN] [1774345177.165558905] [global_costmap.global_costmap]: KeepoutFilter: New filter mask arrived from /keepout_filter_mask topic. Updating old filter mask.
[planner_server-12] [WARN] [1774345177.588961129] [planner_server]: GridBased plugin failed to plan from (-0.37, -6.81) to (0.15, -6.80): "no valid path found"
[planner_server-12] [WARN] [1774345177.606533377] [planner_server]: [compute_path_through_poses] [ActionServer] Aborting handle.
[controller_server-10] [INFO] [1774345177.628347464] [local_costmap.local_costmap]: Received request to clear entirely the local_costmap
[controller_server-10] [INFO] [1774345177.637500199] [local_costmap.local_costmap]: KeepoutFilter: Subscribing to "/keepout_costmap_filter_info" topic for filter info...
[planner_server-12] [INFO] [1774345177.643729087] [global_costmap.global_costmap]: Received request to clear entirely the global_costmap
[planner_server-12] [INFO] [1774345177.655300230] [global_costmap.global_costmap]: KeepoutFilter: Subscribing to "/keepout_costmap_filter_info" topic for filter info...
[controller_server-10] [INFO] [1774345177.657710764] [local_costmap.local_costmap]: KeepoutFilter: Received filter info from /keepout_costmap_filter_info topic.
[controller_server-10] [INFO] [1774345177.657787761] [local_costmap.local_costmap]: KeepoutFilter: Subscribing to "/keepout_filter_mask" topic for filter mask...
[planner_server-12] [INFO] [1774345177.677107026] [global_costmap.global_costmap]: KeepoutFilter: Received filter info from /keepout_costmap_filter_info topic.
[planner_server-12] [INFO] [1774345177.677197439] [global_costmap.global_costmap]: KeepoutFilter: Subscribing to "/keepout_filter_mask" topic for filter mask...
[controller_server-10] [WARN] [1774345177.679311942] [local_costmap.local_costmap]: KeepoutFilter: New filter mask arrived from /keepout_filter_mask topic. Updating old filter mask.
[controller_server-10] [INFO] [1774345177.679964375] [local_costmap.local_costmap]: Received request to clear entirely the local_costmap
[controller_server-10] [INFO] [1774345177.689033988] [local_costmap.local_costmap]: KeepoutFilter: Subscribing to "/keepout_costmap_filter_info" topic for filter info...
[planner_server-12] [INFO] [1774345177.699499174] [global_costmap.global_costmap]: Received request to clear entirely the global_costmap
[controller_server-10] [INFO] [1774345177.700662296] [local_costmap.local_costmap]: KeepoutFilter: Received filter info from /keepout_costmap_filter_info topic.
[controller_server-10] [INFO] [1774345177.700785083] [local_costmap.local_costmap]: KeepoutFilter: Subscribing to "/keepout_filter_mask" topic for filter mask...
[planner_server-12] [INFO] [1774345177.708686907] [global_costmap.global_costmap]: KeepoutFilter: Subscribing to "/keepout_costmap_filter_info" topic for filter info...
[planner_server-12] [INFO] [1774345177.720724991] [global_costmap.global_costmap]: KeepoutFilter: Received filter info from /keepout_costmap_filter_info topic.
[planner_server-12] [INFO] [1774345177.721138559] [global_costmap.global_costmap]: KeepoutFilter: Subscribing to "/keepout_filter_mask" topic for filter mask...
[controller_server-10] [WARN] [1774345177.734470718] [local_costmap.local_costmap]: KeepoutFilter: New filter mask arrived from /keepout_filter_mask topic. Updating old filter mask.
[planner_server-12] [WARN] [1774345177.741394913] [global_costmap.global_costmap]: KeepoutFilter: New filter mask arrived from /keepout_filter_mask topic. Updating old filter mask.
[planner_server-12] [WARN] [1774345178.109913100] [planner_server]: GridBased plugin failed to plan from (-0.37, -6.81) to (0.15, -6.80): "no valid path found"
[planner_server-12] [WARN] [1774345178.110124259] [planner_server]: [compute_path_through_poses] [ActionServer] Aborting handle.
[planner_server-12] [INFO] [1774345178.131854349] [global_costmap.global_costmap]: Received request to clear entirely the global_costmap
[planner_server-12] [INFO] [1774345178.137518883] [global_costmap.global_costmap]: KeepoutFilter: Subscribing to "/keepout_costmap_filter_info" topic for filter info...
[planner_server-12] [INFO] [1774345178.152769261] [global_costmap.global_costmap]: KeepoutFilter: Received filter info from /keepout_costmap_filter_info topic.
[planner_server-12] [INFO] [1774345178.152927922] [global_costmap.global_costmap]: KeepoutFilter: Subscribing to "/keepout_filter_mask" topic for filter mask...
[planner_server-12] [WARN] [1774345178.182507921] [global_costmap.global_costmap]: KeepoutFilter: New filter mask arrived from /keepout_filter_mask topic. Updating old filter mask.
[planner_server-12] [WARN] [1774345178.614578149] [planner_server]: GridBased plugin failed to plan from (-0.37, -6.81) to (0.15, -6.80): "no valid path found"
[planner_server-12] [WARN] [1774345178.621470845] [planner_server]: [compute_path_through_poses] [ActionServer] Aborting handle.
[behavior_server-13] [INFO] [1774345178.638036881] [behavior_server]: Running wait
[behavior_server-13] [INFO] [1774345183.638541626] [behavior_server]: wait completed successfully
[controller_server-10] [INFO] [1774345183.656131082] [local_costmap.local_costmap]: Received request to clear entirely the local_costmap
[controller_server-10] [INFO] [1774345183.660134346] [local_costmap.local_costmap]: KeepoutFilter: Subscribing to "/keepout_costmap_filter_info" topic for filter info...
[controller_server-10] [INFO] [1774345183.665923709] [local_costmap.local_costmap]: KeepoutFilter: Received filter info from /keepout_costmap_filter_info topic.
[controller_server-10] [INFO] [1774345183.666117952] [local_costmap.local_costmap]: KeepoutFilter: Subscribing to "/keepout_filter_mask" topic for filter mask...
[planner_server-12] [INFO] [1774345183.665609596] [global_costmap.global_costmap]: Received request to clear entirely the global_costmap
[planner_server-12] [INFO] [1774345183.677176364] [global_costmap.global_costmap]: KeepoutFilter: Subscribing to "/keepout_costmap_filter_info" topic for filter info...
[planner_server-12] [INFO] [1774345183.687878665] [global_costmap.global_costmap]: KeepoutFilter: Received filter info from /keepout_costmap_filter_info topic.
[planner_server-12] [INFO] [1774345183.687955371] [global_costmap.global_costmap]: KeepoutFilter: Subscribing to "/keepout_filter_mask" topic for filter mask...
[controller_server-10] [WARN] [1774345183.703770394] [local_costmap.local_costmap]: KeepoutFilter: New filter mask arrived from /keepout_filter_mask topic. Updating old filter mask.
[planner_server-12] [WARN] [1774345183.710345769] [global_costmap.global_costmap]: KeepoutFilter: New filter mask arrived from /keepout_filter_mask topic. Updating old filter mask.
[planner_server-12] [WARN] [1774345184.089451928] [planner_server]: GridBased plugin failed to plan from (-0.37, -6.81) to (0.15, -6.80): "no valid path found"
[planner_server-12] [WARN] [1774345184.089634796] [planner_server]: [compute_path_through_poses] [ActionServer] Aborting handle.
[planner_server-12] [INFO] [1774345184.107135880] [global_costmap.global_costmap]: Received request to clear entirely the global_costmap
[planner_server-12] [INFO] [1774345184.112048818] [global_costmap.global_costmap]: KeepoutFilter: Subscribing to "/keepout_costmap_filter_info" topic for filter info...
[planner_server-12] [INFO] [1774345184.118802395] [global_costmap.global_costmap]: KeepoutFilter: Received filter info from /keepout_costmap_filter_info topic.
[planner_server-12] [INFO] [1774345184.118885517] [global_costmap.global_costmap]: KeepoutFilter: Subscribing to "/keepout_filter_mask" topic for filter mask...
[planner_server-12] [WARN] [1774345184.129068379] [global_costmap.global_costmap]: KeepoutFilter: New filter mask arrived from /keepout_filter_mask topic. Updating old filter mask.
[planner_server-12] [WARN] [1774345184.561400805] [planner_server]: GridBased plugin failed to plan from (-0.37, -6.81) to (0.15, -6.80): "no valid path found"
[planner_server-12] [WARN] [1774345184.561609631] [planner_server]: [compute_path_through_poses] [ActionServer] Aborting handle.
[controller_server-10] [INFO] [1774345184.576386360] [local_costmap.local_costmap]: Received request to clear entirely the local_costmap
[controller_server-10] [INFO] [1774345184.582092310] [local_costmap.local_costmap]: KeepoutFilter: Subscribing to "/keepout_costmap_filter_info" topic for filter info...
[planner_server-12] [INFO] [1774345184.594145559] [global_costmap.global_costmap]: Received request to clear entirely the global_costmap
[planner_server-12] [INFO] [1774345184.600795015] [global_costmap.global_costmap]: KeepoutFilter: Subscribing to "/keepout_costmap_filter_info" topic for filter info...
[planner_server-12] [INFO] [1774345184.606073105] [global_costmap.global_costmap]: KeepoutFilter: Received filter info from /keepout_costmap_filter_info topic.
[planner_server-12] [INFO] [1774345184.606154186] [global_costmap.global_costmap]: KeepoutFilter: Subscribing to "/keepout_filter_mask" topic for filter mask...
[controller_server-10] [INFO] [1774345184.606114812] [local_costmap.local_costmap]: KeepoutFilter: Received filter info from /keepout_costmap_filter_info topic.
[controller_server-10] [INFO] [1774345184.606178685] [local_costmap.local_costmap]: KeepoutFilter: Subscribing to "/keepout_filter_mask" topic for filter mask...
[controller_server-10] [INFO] [1774345184.616668369] [local_costmap.local_costmap]: Received request to clear entirely the local_costmap
[planner_server-12] [WARN] [1774345184.618842370] [global_costmap.global_costmap]: KeepoutFilter: New filter mask arrived from /keepout_filter_mask topic. Updating old filter mask.
[controller_server-10] [INFO] [1774345184.631836792] [local_costmap.local_costmap]: KeepoutFilter: Subscribing to "/keepout_costmap_filter_info" topic for filter info...
[planner_server-12] [INFO] [1774345184.640081603] [global_costmap.global_costmap]: Received request to clear entirely the global_costmap
[controller_server-10] [INFO] [1774345184.643535097] [local_costmap.local_costmap]: KeepoutFilter: Received filter info from /keepout_costmap_filter_info topic.
[controller_server-10] [INFO] [1774345184.643651467] [local_costmap.local_costmap]: KeepoutFilter: Subscribing to "/keepout_filter_mask" topic for filter mask...
[planner_server-12] [INFO] [1774345184.648456785] [global_costmap.global_costmap]: KeepoutFilter: Subscribing to "/keepout_costmap_filter_info" topic for filter info...
[planner_server-12] [INFO] [1774345184.659091422] [global_costmap.global_costmap]: KeepoutFilter: Received filter info from /keepout_costmap_filter_info topic.
[planner_server-12] [INFO] [1774345184.659230250] [global_costmap.global_costmap]: KeepoutFilter: Subscribing to "/keepout_filter_mask" topic for filter mask...
[controller_server-10] [WARN] [1774345184.665715503] [local_costmap.local_costmap]: KeepoutFilter: New filter mask arrived from /keepout_filter_mask topic. Updating old filter mask.
[planner_server-12] [WARN] [1774345184.693729895] [global_costmap.global_costmap]: KeepoutFilter: New filter mask arrived from /keepout_filter_mask topic. Updating old filter mask.
[planner_server-12] [WARN] [1774345185.050713688] [planner_server]: GridBased plugin failed to plan from (-0.37, -6.81) to (0.15, -6.80): "no valid path found"
[planner_server-12] [WARN] [1774345185.050845808] [planner_server]: [compute_path_through_poses] [ActionServer] Aborting handle.
[planner_server-12] [INFO] [1774345185.070227487] [global_costmap.global_costmap]: Received request to clear entirely the global_costmap
[planner_server-12] [INFO] [1774345185.074651027] [global_costmap.global_costmap]: KeepoutFilter: Subscribing to "/keepout_costmap_filter_info" topic for filter info...
[planner_server-12] [INFO] [1774345185.079414346] [global_costmap.global_costmap]: KeepoutFilter: Received filter info from /keepout_costmap_filter_info topic.
[planner_server-12] [INFO] [1774345185.079505343] [global_costmap.global_costmap]: KeepoutFilter: Subscribing to "/keepout_filter_mask" topic for filter mask...
[planner_server-12] [WARN] [1774345185.099086514] [global_costmap.global_costmap]: KeepoutFilter: New filter mask arrived from /keepout_filter_mask topic. Updating old filter mask.
[planner_server-12] [WARN] [1774345185.545963512] [planner_server]: GridBased plugin failed to plan from (-0.37, -6.81) to (0.15, -6.80): "no valid path found"
[planner_server-12] [WARN] [1774345185.546092132] [planner_server]: [compute_path_through_poses] [ActionServer] Aborting handle.
[bt_navigator-14] [WARN] [1774345185.569592863] [bt_navigator]: [navigate_through_poses] [ActionServer] Aborting handle.
[bt_navigator-14] [ERROR] [1774345185.570651281] [bt_navigator]: Goal failed
[delivery_robot_main_controller-20] [33m[WARN] [1774345185.752147084] [main_controller_node]: Goal failed! (obstacle retry 4/3)[0m
[delivery_robot_main_controller-20] [33m[WARN] [1774345185.758260185] [main_controller_node]: 3 obstacle retries exhausted; switching to SAFE_STOP.[0m
[delivery_robot_main_controller-20] [0m[INFO] [1774345185.758922826] [main_controller_node]: State change: MOVE -> SAFE_STOP[0m
[delivery_robot_main_controller-20] [0m[INFO] [1774345185.769790204] [main_controller_node]: Robot is in SAFE_STOP. Awaiting user to switch to STANDBY.[0m
[delivery_robot_main_controller-20] [0m[INFO] [1774345185.771996870] [main_controller_node]: Robot is in SAFE_STOP. Awaiting user to switch to STANDBY.[0m
[delivery_robot_main_controller-20] [0m[INFO] [1774345185.793355391] [main_controller_node]: Current state: SAFE_STOP, dock_state IDLE, charge_state NOT_CHARGE[0m
[delivery_robot_main_controller-20] [0m[INFO] [1774345186.199546145] [main_controller_node]: Current state: SAFE_STOP, dock_state IDLE, charge_state NOT_CHARGE[0m
[robot_sound-21] [0m[INFO] [1774345186.784895374] [robot_sound_node]: 🔔 Received sound command: safe_stop[0m
[delivery_robot_main_controller-20] [0m[INFO] [1774345186.785842671] [main_controller_node]: Published message: "safe_stop"[0m
[robot_sound-21] Simple mixer control 'PCM',0
[robot_sound-21]   Capabilities: pvolume pswitch pswitch-joined
[robot_sound-21]   Playback channels: Front Left - Front Right
[robot_sound-21]   Limits: Playback 0 - 147
[robot_sound-21]   Mono:
[robot_sound-21]   Front Left: Playback 147 [100%] [-0.94dB] [on]
[robot_sound-21]   Front Right: Playback 147 [100%] [-0.94dB] [on]
[robot_sound-21] [0m[INFO] [1774345186.802956145] [robot_sound_node]: 🔊 Playing sound: /home/smr/workspaces/mini_amr/amrROS2_ws/sounds/robot_safestop.wav[0m
[robot_sound-21] Playing WAVE '/home/smr/workspaces/mini_amr/amrROS2_ws/sounds/robot_safestop.wav' : Signed 16 bit Little Endian, Rate 22050 Hz, Mono
[delivery_robot_main_controller-20] [0m[INFO] [1774345187.188681719] [main_controller_node]: Current state: SAFE_STOP, dock_state IDLE, charge_state NOT_CHARGE[0m
[delivery_robot_main_controller-20] [0m[INFO] [1774345188.272043042] [main_controller_node]: Current state: SAFE_STOP, dock_state IDLE, charge_state NOT_CHARGE[0m
[delivery_robot_main_controller-20] [0m[INFO] [1774345189.223625628] [main_controller_node]: Current state: SAFE_STOP, dock_state IDLE, charge_state NOT_CHARGE[0m
[delivery_robot_main_controller-20] [0m[INFO] [1774345190.203618967] [main_controller_node]: Current state: SAFE_STOP, dock_state IDLE, charge_state NOT_CHARGE[0m
[delivery_robot_main_controller-20] [0m[INFO] [1774345190.778958869] [main_controller_node]: SAFE_STOP cleared to STANDBY via API/GUI.[0m
[delivery_robot_main_controller-20] [0m[INFO] [1774345190.780282985] [main_controller_node]: Pre-resume: waiting 3 seconds before wiggle...[0m
[delivery_robot_main_controller-20] [0m[INFO] [1774345191.188123635] [main_controller_node]: Current state: SAFE_STOP, dock_state IDLE, charge_state NOT_CHARGE[0m
[delivery_robot_main_controller-20] [0m[INFO] [1774345191.287633890] [main_controller_node]: Pre-resume wiggle: หมุนตามเข็ม 0.5 rad[0m
[delivery_robot_main_controller-20] [0m[INFO] [1774345192.187011005] [main_controller_node]: Current state: SAFE_STOP, dock_state IDLE, charge_state NOT_CHARGE[0m
[delivery_robot_main_controller-20] [0m[INFO] [1774345192.516866454] [main_controller_node]: Pre-resume wiggle: หมุนทวนเข็ม 1.0 rad[0m
[delivery_robot_main_controller-20] [0m[INFO] [1774345193.203890898] [main_controller_node]: Current state: SAFE_STOP, dock_state IDLE, charge_state NOT_CHARGE[0m
[delivery_robot_main_controller-20] [0m[INFO] [1774345193.736800456] [main_controller_node]: Pre-resume: clearing local/global costmaps.[0m
[controller_server-10] [INFO] [1774345193.737568677] [local_costmap.local_costmap]: Received request to clear entirely the local_costmap
[controller_server-10] [INFO] [1774345193.741703186] [local_costmap.local_costmap]: KeepoutFilter: Subscribing to "/keepout_costmap_filter_info" topic for filter info...
[controller_server-10] [INFO] [1774345193.749653134] [local_costmap.local_costmap]: KeepoutFilter: Received filter info from /keepout_costmap_filter_info topic.
[controller_server-10] [INFO] [1774345193.749734505] [local_costmap.local_costmap]: KeepoutFilter: Subscribing to "/keepout_filter_mask" topic for filter mask...
[controller_server-10] [WARN] [1774345193.764741351] [local_costmap.local_costmap]: KeepoutFilter: New filter mask arrived from /keepout_filter_mask topic. Updating old filter mask.
[planner_server-12] [INFO] [1774345194.187483267] [global_costmap.global_costmap]: Received request to clear entirely the global_costmap
[planner_server-12] [INFO] [1774345194.195586042] [global_costmap.global_costmap]: KeepoutFilter: Subscribing to "/keepout_costmap_filter_info" topic for filter info...
[planner_server-12] [INFO] [1774345194.208904785] [global_costmap.global_costmap]: KeepoutFilter: Received filter info from /keepout_costmap_filter_info topic.
[planner_server-12] [INFO] [1774345194.208986741] [global_costmap.global_costmap]: KeepoutFilter: Subscribing to "/keepout_filter_mask" topic for filter mask...
[planner_server-12] [WARN] [1774345194.222752883] [global_costmap.global_costmap]: KeepoutFilter: New filter mask arrived from /keepout_filter_mask topic. Updating old filter mask.
[delivery_robot_main_controller-20] [0m[INFO] [1774345194.700857734] [main_controller_node]: Current state: SAFE_STOP, dock_state IDLE, charge_state NOT_CHARGE[0m
[delivery_robot_main_controller-20] [0m[INFO] [1774345195.169151584] [main_controller_node]: Pre-resume wiggle complete. Switching to STANDBY.[0m
[delivery_robot_main_controller-20] [0m[INFO] [1774345195.172351920] [main_controller_node]: State change: SAFE_STOP -> STANDBY[0m
[delivery_robot_main_controller-20] [0m[INFO] [1774345195.186554963] [main_controller_node]: Robot is in STANDBY mode.[0m
[delivery_robot_main_controller-20] [0m[INFO] [1774345195.203844014] [main_controller_node]: Current state: STANDBY, dock_state IDLE, charge_state NOT_CHARGE[0m
[delivery_robot_main_controller-20] [0m[INFO] [1774345196.193847847] [main_controller_node]: Current state: STANDBY, dock_state IDLE, charge_state NOT_CHARGE[0m
[delivery_robot_main_controller-20] [0m[INFO] [1774345196.266492250] [main_controller_node]: 1 pending queues [0m
[delivery_robot_main_controller-20] [0m[INFO] [1774345196.270933581] [main_controller_node]: Queue action: Request[0m
[delivery_robot_main_controller-20] [0m[INFO] [1774345196.300179926] [main_controller_node]: AGV start_pos: x=-0.36, y=-7.90[0m
[delivery_robot_main_controller-20] [0m[INFO] [1774345196.302513754] [main_controller_node]: AGV goal_pos: x=0.39, y=0.04[0m
[delivery_robot_main_controller-20] [0m[INFO] [1774345196.303184854] [main_controller_node]: Path source: building YAML (/home/smr/workspaces/mini_amr/amrROS2_ws/maps/map_000.building.yaml)[0m
[delivery_robot_main_controller-20] Graph before shortest_path: Graph with 11 nodes and 10 edges
[delivery_robot_main_controller-20] [0m[INFO] [1774345196.323547371] [main_controller_node]: Computed AGV path waypoints:[0m
[delivery_robot_main_controller-20] [0m[INFO] [1774345196.324374506] [main_controller_node]:   Waypoint 0: x=-0.36, y=-7.90[0m
[delivery_robot_main_controller-20] [0m[INFO] [1774345196.325168975] [main_controller_node]:   Waypoint 1: x=-0.32, y=-7.98[0m
[delivery_robot_main_controller-20] [0m[INFO] [1774345196.325850866] [main_controller_node]:   Waypoint 2: x=-0.33, y=-7.59[0m
[delivery_robot_main_controller-20] [0m[INFO] [1774345196.326514966] [main_controller_node]:   Waypoint 3: x=-0.33, y=-7.20[0m
[delivery_robot_main_controller-20] [0m[INFO] [1774345196.327153400] [main_controller_node]:   Waypoint 4: x=-0.34, y=-6.81[0m
[delivery_robot_main_controller-20] [0m[INFO] [1774345196.327775210] [main_controller_node]:   Waypoint 5: x=0.15, y=-6.80[0m
[delivery_robot_main_controller-20] [0m[INFO] [1774345196.328487433] [main_controller_node]:   Waypoint 6: x=0.64, y=-6.79[0m
[delivery_robot_main_controller-20] [0m[INFO] [1774345196.329136658] [main_controller_node]:   Waypoint 7: x=1.13, y=-6.78[0m
[delivery_robot_main_controller-20] [0m[INFO] [1774345196.329778008] [main_controller_node]:   Waypoint 8: x=1.62, y=-6.77[0m
[delivery_robot_main_controller-20] [0m[INFO] [1774345196.330419942] [main_controller_node]:   Waypoint 9: x=2.11, y=-6.76[0m
[delivery_robot_main_controller-20] [0m[INFO] [1774345196.331128082] [main_controller_node]:   Waypoint 10: x=2.10, y=-6.28[0m
[delivery_robot_main_controller-20] [0m[INFO] [1774345196.333913684] [main_controller_node]:   Waypoint 11: x=2.09, y=-5.81[0m
[delivery_robot_main_controller-20] [0m[INFO] [1774345196.334641365] [main_controller_node]:   Waypoint 12: x=2.07, y=-5.33[0m
[delivery_robot_main_controller-20] [0m[INFO] [1774345196.335329381] [main_controller_node]:   Waypoint 13: x=2.06, y=-4.85[0m
[delivery_robot_main_controller-20] [0m[INFO] [1774345196.336102851] [main_controller_node]:   Waypoint 14: x=2.05, y=-4.37[0m
[delivery_robot_main_controller-20] [0m[INFO] [1774345196.336816241] [main_controller_node]:   Waypoint 15: x=2.04, y=-3.89[0m
[delivery_robot_main_controller-20] [0m[INFO] [1774345196.337457883] [main_controller_node]:   Waypoint 16: x=2.03, y=-3.42[0m
[delivery_robot_main_controller-20] [0m[INFO] [1774345196.338094859] [main_controller_node]:   Waypoint 17: x=2.02, y=-2.94[0m
[delivery_robot_main_controller-20] [0m[INFO] [1774345196.338736501] [main_controller_node]:   Waypoint 18: x=2.01, y=-2.46[0m
[delivery_robot_main_controller-20] [0m[INFO] [1774345196.339359477] [main_controller_node]:   Waypoint 19: x=2.00, y=-1.98[0m
[delivery_robot_main_controller-20] [0m[INFO] [1774345196.342453068] [main_controller_node]:   Waypoint 20: x=1.99, y=-1.51[0m
[delivery_robot_main_controller-20] [0m[INFO] [1774345196.343203789] [main_controller_node]:   Waypoint 21: x=1.67, y=-1.20[0m
[delivery_robot_main_controller-20] [0m[INFO] [1774345196.343920387] [main_controller_node]:   Waypoint 22: x=1.35, y=-0.89[0m
[delivery_robot_main_controller-20] [0m[INFO] [1774345196.344636401] [main_controller_node]:   Waypoint 23: x=1.03, y=-0.58[0m
[delivery_robot_main_controller-20] [0m[INFO] [1774345196.345456829] [main_controller_node]:   Waypoint 24: x=0.71, y=-0.27[0m
[delivery_robot_main_controller-20] [0m[INFO] [1774345196.346180426] [main_controller_node]:   Waypoint 25: x=0.39, y=0.04[0m
[delivery_robot_main_controller-20] [0m[INFO] [1774345196.348475464] [main_controller_node]: Navigating with 26 goals....[0m
[bt_navigator-14] [INFO] [1774345196.351375395] [bt_navigator]: Begin navigating from current location through 26 poses to (0.39, 0.04)
[controller_server-10] [INFO] [1774345196.352086451] [local_costmap.local_costmap]: Received request to clear entirely the local_costmap
[controller_server-10] [INFO] [1774345196.361881120] [local_costmap.local_costmap]: KeepoutFilter: Subscribing to "/keepout_costmap_filter_info" topic for filter info...
[controller_server-10] [INFO] [1774345196.364315278] [local_costmap.local_costmap]: KeepoutFilter: Received filter info from /keepout_costmap_filter_info topic.
[controller_server-10] [INFO] [1774345196.364422315] [local_costmap.local_costmap]: KeepoutFilter: Subscribing to "/keepout_filter_mask" topic for filter mask...
[planner_server-12] [INFO] [1774345196.367111380] [global_costmap.global_costmap]: Received request to clear entirely the global_costmap
[planner_server-12] [INFO] [1774345196.373675672] [global_costmap.global_costmap]: KeepoutFilter: Subscribing to "/keepout_costmap_filter_info" topic for filter info...
[planner_server-12] [INFO] [1774345196.384724751] [global_costmap.global_costmap]: KeepoutFilter: Received filter info from /keepout_costmap_filter_info topic.
[planner_server-12] [INFO] [1774345196.384921619] [global_costmap.global_costmap]: KeepoutFilter: Subscribing to "/keepout_filter_mask" topic for filter mask...
[controller_server-10] [WARN] [1774345196.403480829] [local_costmap.local_costmap]: KeepoutFilter: New filter mask arrived from /keepout_filter_mask topic. Updating old filter mask.
[planner_server-12] [WARN] [1774345196.477778044] [global_costmap.global_costmap]: KeepoutFilter: New filter mask arrived from /keepout_filter_mask topic. Updating old filter mask.
[planner_server-12] [WARN] [1774345196.589029186] [planner_server]: GridBased plugin failed to plan from (-0.37, -6.81) to (0.15, -6.80): "no valid path found"
[planner_server-12] [WARN] [1774345196.589163640] [planner_server]: [compute_path_through_poses] [ActionServer] Aborting handle.
[planner_server-12] [INFO] [1774345196.609486783] [global_costmap.global_costmap]: Received request to clear entirely the global_costmap
[planner_server-12] [INFO] [1774345196.616725383] [global_costmap.global_costmap]: KeepoutFilter: Subscribing to "/keepout_costmap_filter_info" topic for filter info...
[planner_server-12] [INFO] [1774345196.624549335] [global_costmap.global_costmap]: KeepoutFilter: Received filter info from /keepout_costmap_filter_info topic.
[planner_server-12] [INFO] [1774345196.625319889] [global_costmap.global_costmap]: KeepoutFilter: Subscribing to "/keepout_filter_mask" topic for filter mask...
[planner_server-12] [WARN] [1774345196.637668002] [global_costmap.global_costmap]: KeepoutFilter: New filter mask arrived from /keepout_filter_mask topic. Updating old filter mask.
[delivery_robot_main_controller-20] [0m[INFO] [1774345196.875200757] [main_controller_node]: State change: STANDBY -> MOVE[0m
[delivery_robot_main_controller-20] [0m[INFO] [1774345196.890099398] [main_controller_node]: Robot is MOVING.[0m
[planner_server-12] [WARN] [1774345197.105342375] [planner_server]: GridBased plugin failed to plan from (-0.37, -6.81) to (0.15, -6.80): "no valid path found"
[planner_server-12] [WARN] [1774345197.105453496] [planner_server]: [compute_path_through_poses] [ActionServer] Aborting handle.
[controller_server-10] [INFO] [1774345197.119235680] [local_costmap.local_costmap]: Received request to clear entirely the local_costmap
[controller_server-10] [INFO] [1774345197.126546027] [local_costmap.local_costmap]: KeepoutFilter: Subscribing to "/keepout_costmap_filter_info" topic for filter info...
[planner_server-12] [INFO] [1774345197.129921065] [global_costmap.global_costmap]: Received request to clear entirely the global_costmap
[planner_server-12] [INFO] [1774345197.134910709] [global_costmap.global_costmap]: KeepoutFilter: Subscribing to "/keepout_costmap_filter_info" topic for filter info...
[controller_server-10] [INFO] [1774345197.139341248] [local_costmap.local_costmap]: Received request to clear entirely the local_costmap
[controller_server-10] [INFO] [1774345197.143706457] [local_costmap.local_costmap]: KeepoutFilter: Subscribing to "/keepout_costmap_filter_info" topic for filter info...
[planner_server-12] [INFO] [1774345197.145975538] [global_costmap.global_costmap]: KeepoutFilter: Received filter info from /keepout_costmap_filter_info topic.
[planner_server-12] [INFO] [1774345197.146228403] [global_costmap.global_costmap]: KeepoutFilter: Subscribing to "/keepout_filter_mask" topic for filter mask...
[planner_server-12] [INFO] [1774345197.152350253] [global_costmap.global_costmap]: Received request to clear entirely the global_costmap
[controller_server-10] [INFO] [1774345197.154945988] [local_costmap.local_costmap]: KeepoutFilter: Received filter info from /keepout_costmap_filter_info topic.
[controller_server-10] [INFO] [1774345197.155169396] [local_costmap.local_costmap]: KeepoutFilter: Subscribing to "/keepout_filter_mask" topic for filter mask...
[planner_server-12] [INFO] [1774345197.161856767] [global_costmap.global_costmap]: KeepoutFilter: Subscribing to "/keepout_costmap_filter_info" topic for filter info...
[planner_server-12] [INFO] [1774345197.173728607] [global_costmap.global_costmap]: KeepoutFilter: Received filter info from /keepout_costmap_filter_info topic.
[planner_server-12] [INFO] [1774345197.173825436] [global_costmap.global_costmap]: KeepoutFilter: Subscribing to "/keepout_filter_mask" topic for filter mask...
[controller_server-10] [WARN] [1774345197.178530424] [local_costmap.local_costmap]: KeepoutFilter: New filter mask arrived from /keepout_filter_mask topic. Updating old filter mask.
[planner_server-12] [WARN] [1774345197.195114251] [global_costmap.global_costmap]: KeepoutFilter: New filter mask arrived from /keepout_filter_mask topic. Updating old filter mask.
[planner_server-12] [WARN] [1774345197.550157368] [planner_server]: GridBased plugin failed to plan from (-0.37, -6.81) to (0.15, -6.80): "no valid path found"
[planner_server-12] [WARN] [1774345197.550285696] [planner_server]: [compute_path_through_poses] [ActionServer] Aborting handle.
[planner_server-12] [INFO] [1774345197.569281224] [global_costmap.global_costmap]: Received request to clear entirely the global_costmap
[planner_server-12] [INFO] [1774345197.572878212] [global_costmap.global_costmap]: KeepoutFilter: Subscribing to "/keepout_costmap_filter_info" topic for filter info...
[planner_server-12] [INFO] [1774345197.577809816] [global_costmap.global_costmap]: KeepoutFilter: Received filter info from /keepout_costmap_filter_info topic.
[planner_server-12] [INFO] [1774345197.577885646] [global_costmap.global_costmap]: KeepoutFilter: Subscribing to "/keepout_filter_mask" topic for filter mask...
[planner_server-12] [WARN] [1774345197.587750896] [global_costmap.global_costmap]: KeepoutFilter: New filter mask arrived from /keepout_filter_mask topic. Updating old filter mask.
[planner_server-12] [WARN] [1774345198.090995291] [planner_server]: GridBased plugin failed to plan from (-0.37, -6.81) to (0.15, -6.80): "no valid path found"
[planner_server-12] [WARN] [1774345198.091120411] [planner_server]: [compute_path_through_poses] [ActionServer] Aborting handle.
[behavior_server-13] [INFO] [1774345198.109695662] [behavior_server]: Running wait
[behavior_server-13] [INFO] [1774345203.110039704] [behavior_server]: wait completed successfully
[controller_server-10] [INFO] [1774345203.128847697] [local_costmap.local_costmap]: Received request to clear entirely the local_costmap
[controller_server-10] [INFO] [1774345203.136743688] [local_costmap.local_costmap]: KeepoutFilter: Subscribing to "/keepout_costmap_filter_info" topic for filter info...
[planner_server-12] [INFO] [1774345203.143116654] [global_costmap.global_costmap]: Received request to clear entirely the global_costmap
[planner_server-12] [INFO] [1774345203.149951603] [global_costmap.global_costmap]: KeepoutFilter: Subscribing to "/keepout_costmap_filter_info" topic for filter info...
[controller_server-10] [INFO] [1774345203.149533077] [local_costmap.local_costmap]: KeepoutFilter: Received filter info from /keepout_costmap_filter_info topic.
[controller_server-10] [INFO] [1774345203.149672197] [local_costmap.local_costmap]: KeepoutFilter: Subscribing to "/keepout_filter_mask" topic for filter mask...
[planner_server-12] [INFO] [1774345203.163567251] [global_costmap.global_costmap]: KeepoutFilter: Received filter info from /keepout_costmap_filter_info topic.
[controller_server-10] [WARN] [1774345203.163722704] [local_costmap.local_costmap]: KeepoutFilter: New filter mask arrived from /keepout_filter_mask topic. Updating old filter mask.
[planner_server-12] [INFO] [1774345203.163996568] [global_costmap.global_costmap]: KeepoutFilter: Subscribing to "/keepout_filter_mask" topic for filter mask...
[planner_server-12] [WARN] [1774345203.180285823] [global_costmap.global_costmap]: KeepoutFilter: New filter mask arrived from /keepout_filter_mask topic. Updating old filter mask.
[planner_server-12] [WARN] [1774345203.585338246] [planner_server]: GridBased plugin failed to plan from (-0.37, -6.81) to (0.15, -6.80): "no valid path found"
[planner_server-12] [WARN] [1774345203.585465699] [planner_server]: [compute_path_through_poses] [ActionServer] Aborting handle.
[planner_server-12] [INFO] [1774345203.598975185] [global_costmap.global_costmap]: Received request to clear entirely the global_costmap
[planner_server-12] [INFO] [1774345203.603853999] [global_costmap.global_costmap]: KeepoutFilter: Subscribing to "/keepout_costmap_filter_info" topic for filter info...
[planner_server-12] [INFO] [1774345203.611318924] [global_costmap.global_costmap]: KeepoutFilter: Received filter info from /keepout_costmap_filter_info topic.
[planner_server-12] [INFO] [1774345203.611661619] [global_costmap.global_costmap]: KeepoutFilter: Subscribing to "/keepout_filter_mask" topic for filter mask...
[planner_server-12] [WARN] [1774345203.630305410] [global_costmap.global_costmap]: KeepoutFilter: New filter mask arrived from /keepout_filter_mask topic. Updating old filter mask.
[planner_server-12] [WARN] [1774345204.056030962] [planner_server]: GridBased plugin failed to plan from (-0.37, -6.81) to (0.15, -6.80): "no valid path found"
[planner_server-12] [WARN] [1774345204.056235704] [planner_server]: [compute_path_through_poses] [ActionServer] Aborting handle.
[controller_server-10] [INFO] [1774345204.069353497] [local_costmap.local_costmap]: Received request to clear entirely the local_costmap
[controller_server-10] [INFO] [1774345204.073349470] [local_costmap.local_costmap]: KeepoutFilter: Subscribing to "/keepout_costmap_filter_info" topic for filter info...
[controller_server-10] [INFO] [1774345204.077896380] [local_costmap.local_costmap]: KeepoutFilter: Received filter info from /keepout_costmap_filter_info topic.
[controller_server-10] [INFO] [1774345204.077979502] [local_costmap.local_costmap]: KeepoutFilter: Subscribing to "/keepout_filter_mask" topic for filter mask...
[planner_server-12] [INFO] [1774345204.078563688] [global_costmap.global_costmap]: Received request to clear entirely the global_costmap
[planner_server-12] [INFO] [1774345204.087516639] [global_costmap.global_costmap]: KeepoutFilter: Subscribing to "/keepout_costmap_filter_info" topic for filter info...
[controller_server-10] [INFO] [1774345204.095045436] [local_costmap.local_costmap]: Received request to clear entirely the local_costmap
[planner_server-12] [INFO] [1774345204.100345984] [global_costmap.global_costmap]: KeepoutFilter: Received filter info from /keepout_costmap_filter_info topic.
[planner_server-12] [INFO] [1774345204.100467313] [global_costmap.global_costmap]: KeepoutFilter: Subscribing to "/keepout_filter_mask" topic for filter mask...
[controller_server-10] [INFO] [1774345204.108280766] [local_costmap.local_costmap]: KeepoutFilter: Subscribing to "/keepout_costmap_filter_info" topic for filter info...
[planner_server-12] [INFO] [1774345204.114760769] [global_costmap.global_costmap]: Received request to clear entirely the global_costmap
[controller_server-10] [INFO] [1774345204.120062193] [local_costmap.local_costmap]: KeepoutFilter: Received filter info from /keepout_costmap_filter_info topic.
[controller_server-10] [INFO] [1774345204.120391763] [local_costmap.local_costmap]: KeepoutFilter: Subscribing to "/keepout_filter_mask" topic for filter mask...
[planner_server-12] [INFO] [1774345204.124010917] [global_costmap.global_costmap]: KeepoutFilter: Subscribing to "/keepout_costmap_filter_info" topic for filter info...
[planner_server-12] [INFO] [1774345204.134763966] [global_costmap.global_costmap]: KeepoutFilter: Received filter info from /keepout_costmap_filter_info topic.
[planner_server-12] [INFO] [1774345204.135015082] [global_costmap.global_costmap]: KeepoutFilter: Subscribing to "/keepout_filter_mask" topic for filter mask...
[controller_server-10] [WARN] [1774345204.141030478] [local_costmap.local_costmap]: KeepoutFilter: New filter mask arrived from /keepout_filter_mask topic. Updating old filter mask.
[planner_server-12] [WARN] [1774345204.158613226] [global_costmap.global_costmap]: KeepoutFilter: New filter mask arrived from /keepout_filter_mask topic. Updating old filter mask.
[planner_server-12] [WARN] [1774345204.562777557] [planner_server]: GridBased plugin failed to plan from (-0.37, -6.81) to (0.15, -6.80): "no valid path found"
[planner_server-12] [WARN] [1774345204.562929218] [planner_server]: [compute_path_through_poses] [ActionServer] Aborting handle.
[planner_server-12] [INFO] [1774345204.575631984] [global_costmap.global_costmap]: Received request to clear entirely the global_costmap
[planner_server-12] [INFO] [1774345204.581440013] [global_costmap.global_costmap]: KeepoutFilter: Subscribing to "/keepout_costmap_filter_info" topic for filter info...
[planner_server-12] [INFO] [1774345204.595731720] [global_costmap.global_costmap]: KeepoutFilter: Received filter info from /keepout_costmap_filter_info topic.
[planner_server-12] [INFO] [1774345204.595851007] [global_costmap.global_costmap]: KeepoutFilter: Subscribing to "/keepout_filter_mask" topic for filter mask...
[planner_server-12] [WARN] [1774345204.605578303] [global_costmap.global_costmap]: KeepoutFilter: New filter mask arrived from /keepout_filter_mask topic. Updating old filter mask.
[planner_server-12] [WARN] [1774345205.095294546] [planner_server]: GridBased plugin failed to plan from (-0.37, -6.81) to (0.15, -6.80): "no valid path found"
[planner_server-12] [WARN] [1774345205.095421416] [planner_server]: [compute_path_through_poses] [ActionServer] Aborting handle.
[bt_navigator-14] [WARN] [1774345205.124937543] [bt_navigator]: [navigate_through_poses] [ActionServer] Aborting handle.
[bt_navigator-14] [ERROR] [1774345205.125206449] [bt_navigator]: Goal failed
[delivery_robot_main_controller-20] [33m[WARN] [1774345205.352848872] [main_controller_node]: Goal failed! (obstacle retry 1/3)[0m
[robot_sound-21] [0m[INFO] [1774345205.355242489] [robot_sound_node]: 🔔 Received sound command: obstacle_alert[0m
[delivery_robot_main_controller-20] [0m[INFO] [1774345205.360272089] [main_controller_node]: Published message: "obstacle_alert"[0m
[robot_sound-21] Simple mixer control 'PCM',0
[robot_sound-21]   Capabilities: pvolume pswitch pswitch-joined
[robot_sound-21]   Playback channels: Front Left - Front Right
[robot_sound-21]   Limits: Playback 0 - 147
[robot_sound-21]   Mono:
[robot_sound-21]   Front Left: Playback 147 [100%] [-0.94dB] [on]
[robot_sound-21]   Front Right: Playback 147 [100%] [-0.94dB] [on]
[robot_sound-21] [0m[INFO] [1774345205.364800625] [robot_sound_node]: 🔊 Playing sound: /home/smr/workspaces/mini_amr/amrROS2_ws/sounds/robot_obstacle.wav[0m
[robot_sound-21] Playing WAVE '/home/smr/workspaces/mini_amr/amrROS2_ws/sounds/robot_obstacle.wav' : Signed 16 bit Little Endian, Rate 44100 Hz, Mono
[delivery_robot_main_controller-20] [0m[INFO] [1774345205.373761743] [main_controller_node]: Pre-resume: waiting 3 seconds before wiggle...[0m
[delivery_robot_main_controller-20] [0m[INFO] [1774345205.386395970] [main_controller_node]: Current state: MOVE, dock_state IDLE, charge_state NOT_CHARGE[0m
[delivery_robot_main_controller-20] [0m[INFO] [1774345205.874576938] [main_controller_node]: Pre-resume wiggle: หมุนตามเข็ม 0.5 rad[0m
[delivery_robot_main_controller-20] [0m[INFO] [1774345206.226687749] [main_controller_node]: Current state: MOVE, dock_state IDLE, charge_state NOT_CHARGE[0m
[delivery_robot_main_controller-20] [0m[INFO] [1774345207.101095356] [main_controller_node]: Pre-resume wiggle: หมุนทวนเข็ม 1.0 rad[0m
[delivery_robot_main_controller-20] [0m[INFO] [1774345207.205165354] [main_controller_node]: Current state: MOVE, dock_state IDLE, charge_state NOT_CHARGE[0m
[delivery_robot_main_controller-20] [0m[INFO] [1774345208.197718257] [main_controller_node]: Current state: MOVE, dock_state IDLE, charge_state NOT_CHARGE[0m
[delivery_robot_main_controller-20] [0m[INFO] [1774345208.326758931] [main_controller_node]: Pre-resume: clearing local/global costmaps.[0m
[controller_server-10] [INFO] [1774345208.327692520] [local_costmap.local_costmap]: Received request to clear entirely the local_costmap
[controller_server-10] [INFO] [1774345208.338702810] [local_costmap.local_costmap]: KeepoutFilter: Subscribing to "/keepout_costmap_filter_info" topic for filter info...
[controller_server-10] [INFO] [1774345208.349344155] [local_costmap.local_costmap]: KeepoutFilter: Received filter info from /keepout_costmap_filter_info topic.
[controller_server-10] [INFO] [1774345208.349480941] [local_costmap.local_costmap]: KeepoutFilter: Subscribing to "/keepout_filter_mask" topic for filter mask...
[controller_server-10] [WARN] [1774345208.364636531] [local_costmap.local_costmap]: KeepoutFilter: New filter mask arrived from /keepout_filter_mask topic. Updating old filter mask.
[planner_server-12] [INFO] [1774345208.858529573] [global_costmap.global_costmap]: Received request to clear entirely the global_costmap
[planner_server-12] [INFO] [1774345208.864143943] [global_costmap.global_costmap]: KeepoutFilter: Subscribing to "/keepout_costmap_filter_info" topic for filter info...
[planner_server-12] [INFO] [1774345208.869137378] [global_costmap.global_costmap]: KeepoutFilter: Received filter info from /keepout_costmap_filter_info topic.
[planner_server-12] [INFO] [1774345208.869264831] [global_costmap.global_costmap]: KeepoutFilter: Subscribing to "/keepout_filter_mask" topic for filter mask...
[planner_server-12] [WARN] [1774345208.892717731] [global_costmap.global_costmap]: KeepoutFilter: New filter mask arrived from /keepout_filter_mask topic. Updating old filter mask.
[delivery_robot_main_controller-20] [0m[INFO] [1774345209.592196159] [main_controller_node]: Current state: MOVE, dock_state IDLE, charge_state NOT_CHARGE[0m
[delivery_robot_main_controller-20] [0m[INFO] [1774345209.964831940] [main_controller_node]: Pre-resume wiggle complete. Switching to STANDBY.[0m
[delivery_robot_main_controller-20] [0m[INFO] [1774345209.965531621] [main_controller_node]: State change: MOVE -> STANDBY[0m
[delivery_robot_main_controller-20] [0m[INFO] [1774345209.975837563] [main_controller_node]: Robot is in STANDBY mode.[0m
[delivery_robot_main_controller-20] [0m[INFO] [1774345210.238693895] [main_controller_node]: Current state: STANDBY, dock_state IDLE, charge_state NOT_CHARGE[0m
[delivery_robot_main_controller-20] [0m[INFO] [1774345210.371585881] [main_controller_node]: 1 pending queues [0m
[delivery_robot_main_controller-20] [0m[INFO] [1774345210.372943246] [main_controller_node]: Queue action: Request[0m
[delivery_robot_main_controller-20] [0m[INFO] [1774345210.456460276] [main_controller_node]: AGV start_pos: x=-0.24, y=-7.51[0m
[delivery_robot_main_controller-20] [0m[INFO] [1774345210.457846515] [main_controller_node]: AGV goal_pos: x=0.39, y=0.04[0m
[delivery_robot_main_controller-20] [0m[INFO] [1774345210.458563988] [main_controller_node]: Path source: building YAML (/home/smr/workspaces/mini_amr/amrROS2_ws/maps/map_000.building.yaml)[0m
[delivery_robot_main_controller-20] Graph before shortest_path: Graph with 11 nodes and 10 edges
[delivery_robot_main_controller-20] [0m[INFO] [1774345210.487843582] [main_controller_node]: Computed AGV path waypoints:[0m
[delivery_robot_main_controller-20] [0m[INFO] [1774345210.488704841] [main_controller_node]:   Waypoint 0: x=-0.24, y=-7.51[0m
[delivery_robot_main_controller-20] [0m[INFO] [1774345210.489460229] [main_controller_node]:   Waypoint 1: x=-0.32, y=-7.98[0m
[delivery_robot_main_controller-20] [0m[INFO] [1774345210.491808056] [main_controller_node]:   Waypoint 2: x=-0.33, y=-7.59[0m
[delivery_robot_main_controller-20] [0m[INFO] [1774345210.503688354] [main_controller_node]:   Waypoint 3: x=-0.33, y=-7.20[0m
[delivery_robot_main_controller-20] [0m[INFO] [1774345210.504682900] [main_controller_node]:   Waypoint 4: x=-0.34, y=-6.81[0m
[delivery_robot_main_controller-20] [0m[INFO] [1774345210.505638655] [main_controller_node]:   Waypoint 5: x=0.15, y=-6.80[0m
[delivery_robot_main_controller-20] [0m[INFO] [1774345210.506343295] [main_controller_node]:   Waypoint 6: x=0.64, y=-6.79[0m
[delivery_robot_main_controller-20] [0m[INFO] [1774345210.507001853] [main_controller_node]:   Waypoint 7: x=1.13, y=-6.78[0m
[delivery_robot_main_controller-20] [0m[INFO] [1774345210.507657495] [main_controller_node]:   Waypoint 8: x=1.62, y=-6.77[0m
[delivery_robot_main_controller-20] [0m[INFO] [1774345210.508357760] [main_controller_node]:   Waypoint 9: x=2.11, y=-6.76[0m
[delivery_robot_main_controller-20] [0m[INFO] [1774345210.509244976] [main_controller_node]:   Waypoint 10: x=2.10, y=-6.28[0m
[delivery_robot_main_controller-20] [0m[INFO] [1774345210.510044696] [main_controller_node]:   Waypoint 11: x=2.09, y=-5.81[0m
[delivery_robot_main_controller-20] [0m[INFO] [1774345210.510745836] [main_controller_node]:   Waypoint 12: x=2.07, y=-5.33[0m
[delivery_robot_main_controller-20] [0m[INFO] [1774345210.512208489] [main_controller_node]:   Waypoint 13: x=2.06, y=-4.85[0m
[delivery_robot_main_controller-20] [0m[INFO] [1774345210.513151994] [main_controller_node]:   Waypoint 14: x=2.05, y=-4.37[0m
[delivery_robot_main_controller-20] [0m[INFO] [1774345210.514062251] [main_controller_node]:   Waypoint 15: x=2.04, y=-3.89[0m
[delivery_robot_main_controller-20] [0m[INFO] [1774345210.517149717] [main_controller_node]:   Waypoint 16: x=2.03, y=-3.42[0m
[delivery_robot_main_controller-20] [0m[INFO] [1774345210.520140353] [main_controller_node]:   Waypoint 17: x=2.02, y=-2.94[0m
[delivery_robot_main_controller-20] [0m[INFO] [1774345210.520932782] [main_controller_node]:   Waypoint 18: x=2.01, y=-2.46[0m
[delivery_robot_main_controller-20] [0m[INFO] [1774345210.521867538] [main_controller_node]:   Waypoint 19: x=2.00, y=-1.98[0m
[delivery_robot_main_controller-20] [0m[INFO] [1774345210.526931262] [main_controller_node]:   Waypoint 20: x=1.99, y=-1.51[0m
[delivery_robot_main_controller-20] [0m[INFO] [1774345210.529950480] [main_controller_node]:   Waypoint 21: x=1.67, y=-1.20[0m
[delivery_robot_main_controller-20] [0m[INFO] [1774345210.532648294] [main_controller_node]:   Waypoint 22: x=1.35, y=-0.89[0m
[delivery_robot_main_controller-20] [0m[INFO] [1774345210.547098953] [main_controller_node]:   Waypoint 23: x=1.03, y=-0.58[0m
[delivery_robot_main_controller-20] [0m[INFO] [1774345210.553475127] [main_controller_node]:   Waypoint 24: x=0.71, y=-0.27[0m
[delivery_robot_main_controller-20] [0m[INFO] [1774345210.554304595] [main_controller_node]:   Waypoint 25: x=0.39, y=0.04[0m
[delivery_robot_main_controller-20] [0m[INFO] [1774345210.557899833] [main_controller_node]: Navigating with 26 goals....[0m
[bt_navigator-14] [INFO] [1774345210.561456865] [bt_navigator]: Begin navigating from current location through 26 poses to (0.39, 0.04)
[controller_server-10] [INFO] [1774345210.561911264] [local_costmap.local_costmap]: Received request to clear entirely the local_costmap
[controller_server-10] [INFO] [1774345210.586933562] [local_costmap.local_costmap]: KeepoutFilter: Subscribing to "/keepout_costmap_filter_info" topic for filter info...
[planner_server-12] [INFO] [1774345210.599374130] [global_costmap.global_costmap]: Received request to clear entirely the global_costmap
[planner_server-12] [INFO] [1774345210.613061235] [global_costmap.global_costmap]: KeepoutFilter: Subscribing to "/keepout_costmap_filter_info" topic for filter info...
[planner_server-12] [INFO] [1774345210.632105468] [global_costmap.global_costmap]: KeepoutFilter: Received filter info from /keepout_costmap_filter_info topic.
[planner_server-12] [INFO] [1774345210.632228839] [global_costmap.global_costmap]: KeepoutFilter: Subscribing to "/keepout_filter_mask" topic for filter mask...
[controller_server-10] [INFO] [1774345210.626282565] [local_costmap.local_costmap]: KeepoutFilter: Received filter info from /keepout_costmap_filter_info topic.
[controller_server-10] [INFO] [1774345210.626374728] [local_costmap.local_costmap]: KeepoutFilter: Subscribing to "/keepout_filter_mask" topic for filter mask...
[planner_server-12] [WARN] [1774345210.656367712] [global_costmap.global_costmap]: KeepoutFilter: New filter mask arrived from /keepout_filter_mask topic. Updating old filter mask.
[controller_server-10] [WARN] [1774345210.667724488] [local_costmap.local_costmap]: KeepoutFilter: New filter mask arrived from /keepout_filter_mask topic. Updating old filter mask.
[planner_server-12] [WARN] [1774345211.135059374] [planner_server]: Planner loop missed its desired rate of 5.0000 Hz. Current loop rate is 2.0100 Hz
[controller_server-10] [INFO] [1774345211.154674086] [controller_server]: Received a goal, begin computing control effort.
[planner_server-12] [WARN] [1774345211.264248792] [planner_server]: GridBased plugin failed to plan from (0.30, -7.01) to (1.62, -6.77): "Start occupied"
[planner_server-12] [WARN] [1774345211.264361371] [planner_server]: [compute_path_through_poses] [ActionServer] Aborting handle.
[delivery_robot_main_controller-20] [0m[INFO] [1774345211.279881239] [main_controller_node]: State change: STANDBY -> MOVE[0m
[delivery_robot_main_controller-20] [0m[INFO] [1774345211.308047584] [main_controller_node]: Robot is MOVING.[0m
[controller_server-10] [INFO] [1774345211.355519778] [controller_server]: Cancellation was successful. Stopping the robot.
[controller_server-10] [INFO] [1774345211.355799184] [controller_server]: [follow_path] [ActionServer] Client requested to cancel the goal. Cancelling.
[controller_server-10] [INFO] [1774345211.356663068] [controller_server]: Optimizer reset
[bt_navigator-14] [WARN] [1774345211.357224796] [bt_navigator]: [navigate_through_poses] [ActionServer] Aborting handle.
[bt_navigator-14] [ERROR] [1774345211.357471245] [bt_navigator]: Goal failed
[delivery_robot_main_controller-20] [33m[WARN] [1774345212.028225392] [main_controller_node]: Goal failed! (obstacle retry 2/3)[0m
[delivery_robot_main_controller-20] [0m[INFO] [1774345212.032979669] [main_controller_node]: Published message: "obstacle_alert"[0m
[robot_sound-21] [0m[INFO] [1774345212.047512283] [robot_sound_node]: 🔔 Received sound command: obstacle_alert[0m
[delivery_robot_main_controller-20] [0m[INFO] [1774345212.053417725] [main_controller_node]: Pre-resume: waiting 3 seconds before wiggle...[0m
[delivery_robot_main_controller-20] [0m[INFO] [1774345212.073117892] [main_controller_node]: Current state: MOVE, dock_state IDLE, charge_state NOT_CHARGE[0m
[robot_sound-21] Simple mixer control 'PCM',0
[robot_sound-21]   Capabilities: pvolume pswitch pswitch-joined
[robot_sound-21]   Playback channels: Front Left - Front Right
[robot_sound-21]   Limits: Playback 0 - 147
[robot_sound-21]   Mono:
[robot_sound-21]   Front Left: Playback 147 [100%] [-0.94dB] [on]
[robot_sound-21]   Front Right: Playback 147 [100%] [-0.94dB] [on]
[robot_sound-21] [0m[INFO] [1774345212.080209205] [robot_sound_node]: 🔊 Playing sound: /home/smr/workspaces/mini_amr/amrROS2_ws/sounds/robot_obstacle.wav[0m
[robot_sound-21] Playing WAVE '/home/smr/workspaces/mini_amr/amrROS2_ws/sounds/robot_obstacle.wav' : Signed 16 bit Little Endian, Rate 44100 Hz, Mono
[delivery_robot_main_controller-20] [0m[INFO] [1774345212.300425202] [main_controller_node]: Current state: MOVE, dock_state IDLE, charge_state NOT_CHARGE[0m
[delivery_robot_main_controller-20] [0m[INFO] [1774345212.554640071] [main_controller_node]: Pre-resume wiggle: หมุนตามเข็ม 0.5 rad[0m
[delivery_robot_main_controller-20] [0m[INFO] [1774345213.195531312] [main_controller_node]: Current state: MOVE, dock_state IDLE, charge_state NOT_CHARGE[0m
[delivery_robot_main_controller-20] [0m[INFO] [1774345213.778474091] [main_controller_node]: Pre-resume wiggle: หมุนทวนเข็ม 1.0 rad[0m
[delivery_robot_main_controller-20] [0m[INFO] [1774345214.233770893] [main_controller_node]: Current state: MOVE, dock_state IDLE, charge_state NOT_CHARGE[0m
[delivery_robot_main_controller-20] [0m[INFO] [1774345215.004406281] [main_controller_node]: Pre-resume: clearing local/global costmaps.[0m
[controller_server-10] [INFO] [1774345215.011958410] [local_costmap.local_costmap]: Received request to clear entirely the local_costmap
[controller_server-10] [INFO] [1774345215.024398979] [local_costmap.local_costmap]: KeepoutFilter: Subscribing to "/keepout_costmap_filter_info" topic for filter info...
[controller_server-10] [INFO] [1774345215.031495834] [local_costmap.local_costmap]: KeepoutFilter: Received filter info from /keepout_costmap_filter_info topic.
[controller_server-10] [INFO] [1774345215.031669660] [local_costmap.local_costmap]: KeepoutFilter: Subscribing to "/keepout_filter_mask" topic for filter mask...
[controller_server-10] [WARN] [1774345215.044758579] [local_costmap.local_costmap]: KeepoutFilter: New filter mask arrived from /keepout_filter_mask topic. Updating old filter mask.
[planner_server-12] [INFO] [1774345215.574514756] [global_costmap.global_costmap]: Received request to clear entirely the global_costmap
[planner_server-12] [INFO] [1774345215.579770098] [global_costmap.global_costmap]: KeepoutFilter: Subscribing to "/keepout_costmap_filter_info" topic for filter info...
[delivery_robot_main_controller-20] [0m[INFO] [1774345215.586402054] [main_controller_node]: Current state: MOVE, dock_state IDLE, charge_state NOT_CHARGE[0m
[planner_server-12] [INFO] [1774345215.587519970] [global_costmap.global_costmap]: KeepoutFilter: Received filter info from /keepout_costmap_filter_info topic.
[planner_server-12] [INFO] [1774345215.587784502] [global_costmap.global_costmap]: KeepoutFilter: Subscribing to "/keepout_filter_mask" topic for filter mask...
[planner_server-12] [WARN] [1774345215.607802573] [global_costmap.global_costmap]: KeepoutFilter: New filter mask arrived from /keepout_filter_mask topic. Updating old filter mask.
[delivery_robot_main_controller-20] [0m[INFO] [1774345216.209426183] [main_controller_node]: Current state: MOVE, dock_state IDLE, charge_state NOT_CHARGE[0m
[delivery_robot_main_controller-20] [0m[INFO] [1774345216.615441360] [main_controller_node]: Pre-resume wiggle complete. Switching to STANDBY.[0m
[delivery_robot_main_controller-20] [0m[INFO] [1774345216.616799309] [main_controller_node]: State change: MOVE -> STANDBY[0m
[delivery_robot_main_controller-20] [0m[INFO] [1774345216.637003748] [main_controller_node]: Robot is in STANDBY mode.[0m
[delivery_robot_main_controller-20] [0m[INFO] [1774345217.201347652] [main_controller_node]: Current state: STANDBY, dock_state IDLE, charge_state NOT_CHARGE[0m
[delivery_robot_main_controller-20] [0m[INFO] [1774345218.187937656] [main_controller_node]: Current state: STANDBY, dock_state IDLE, charge_state NOT_CHARGE[0m
[delivery_robot_main_controller-20] [0m[INFO] [1774345218.258568469] [main_controller_node]: 1 pending queues [0m
[delivery_robot_main_controller-20] [0m[INFO] [1774345218.259684051] [main_controller_node]: Queue action: Request[0m
[delivery_robot_main_controller-20] [0m[INFO] [1774345218.297512654] [main_controller_node]: AGV start_pos: x=0.78, y=-6.77[0m
[delivery_robot_main_controller-20] [0m[INFO] [1774345218.298160129] [main_controller_node]: AGV goal_pos: x=0.39, y=0.04[0m
[delivery_robot_main_controller-20] [0m[INFO] [1774345218.298905017] [main_controller_node]: Path source: building YAML (/home/smr/workspaces/mini_amr/amrROS2_ws/maps/map_000.building.yaml)[0m
[delivery_robot_main_controller-20] Graph before shortest_path: Graph with 11 nodes and 10 edges
[delivery_robot_main_controller-20] [0m[INFO] [1774345218.330952715] [main_controller_node]: Computed AGV path waypoints:[0m
[delivery_robot_main_controller-20] [0m[INFO] [1774345218.331815432] [main_controller_node]:   Waypoint 0: x=0.78, y=-6.77[0m
[delivery_robot_main_controller-20] [0m[INFO] [1774345218.332556237] [main_controller_node]:   Waypoint 1: x=0.41, y=-6.78[0m
[delivery_robot_main_controller-20] [0m[INFO] [1774345218.333248044] [main_controller_node]:   Waypoint 2: x=0.04, y=-6.79[0m
[delivery_robot_main_controller-20] [0m[INFO] [1774345218.334053013] [main_controller_node]:   Waypoint 3: x=-0.34, y=-6.81[0m
[delivery_robot_main_controller-20] [0m[INFO] [1774345218.334701947] [main_controller_node]:   Waypoint 4: x=0.15, y=-6.80[0m
[delivery_robot_main_controller-20] [0m[INFO] [1774345218.335352047] [main_controller_node]:   Waypoint 5: x=0.64, y=-6.79[0m
[delivery_robot_main_controller-20] [0m[INFO] [1774345218.336048229] [main_controller_node]:   Waypoint 6: x=1.13, y=-6.78[0m
[delivery_robot_main_controller-20] [0m[INFO] [1774345218.336724287] [main_controller_node]:   Waypoint 7: x=1.62, y=-6.77[0m
[delivery_robot_main_controller-20] [0m[INFO] [1774345218.337358054] [main_controller_node]:   Waypoint 8: x=2.11, y=-6.76[0m
[delivery_robot_main_controller-20] [0m[INFO] [1774345218.338010196] [main_controller_node]:   Waypoint 9: x=2.10, y=-6.28[0m
[delivery_robot_main_controller-20] [0m[INFO] [1774345218.338649505] [main_controller_node]:   Waypoint 10: x=2.09, y=-5.81[0m
[delivery_robot_main_controller-20] [0m[INFO] [1774345218.339276565] [main_controller_node]:   Waypoint 11: x=2.07, y=-5.33[0m
[delivery_robot_main_controller-20] [0m[INFO] [1774345218.342691268] [main_controller_node]:   Waypoint 12: x=2.06, y=-4.85[0m
[delivery_robot_main_controller-20] [0m[INFO] [1774345218.343589567] [main_controller_node]:   Waypoint 13: x=2.05, y=-4.37[0m
[delivery_robot_main_controller-20] [0m[INFO] [1774345218.344302082] [main_controller_node]:   Waypoint 14: x=2.04, y=-3.89[0m
[delivery_robot_main_controller-20] [0m[INFO] [1774345218.345174715] [main_controller_node]:   Waypoint 15: x=2.03, y=-3.42[0m
[delivery_robot_main_controller-20] [0m[INFO] [1774345218.347988317] [main_controller_node]:   Waypoint 16: x=2.02, y=-2.94[0m
[delivery_robot_main_controller-20] [0m[INFO] [1774345218.348720372] [main_controller_node]:   Waypoint 17: x=2.01, y=-2.46[0m
[delivery_robot_main_controller-20] [0m[INFO] [1774345218.349387680] [main_controller_node]:   Waypoint 18: x=2.00, y=-1.98[0m
[delivery_robot_main_controller-20] [0m[INFO] [1774345218.350088528] [main_controller_node]:   Waypoint 19: x=1.99, y=-1.51[0m
[delivery_robot_main_controller-20] [0m[INFO] [1774345218.350834000] [main_controller_node]:   Waypoint 20: x=1.67, y=-1.20[0m
[delivery_robot_main_controller-20] [0m[INFO] [1774345218.351555848] [main_controller_node]:   Waypoint 21: x=1.35, y=-0.89[0m
[delivery_robot_main_controller-20] [0m[INFO] [1774345218.352848173] [main_controller_node]:   Waypoint 22: x=1.03, y=-0.58[0m
[delivery_robot_main_controller-20] [0m[INFO] [1774345218.353616686] [main_controller_node]:   Waypoint 23: x=0.71, y=-0.27[0m
[delivery_robot_main_controller-20] [0m[INFO] [1774345218.354368574] [main_controller_node]:   Waypoint 24: x=0.39, y=0.04[0m
[delivery_robot_main_controller-20] [0m[INFO] [1774345218.356696860] [main_controller_node]: Navigating with 25 goals....[0m
[bt_navigator-14] [INFO] [1774345218.359940362] [bt_navigator]: Begin navigating from current location through 25 poses to (0.39, 0.04)
[controller_server-10] [INFO] [1774345218.360324181] [local_costmap.local_costmap]: Received request to clear entirely the local_costmap
[controller_server-10] [INFO] [1774345218.367551697] [local_costmap.local_costmap]: KeepoutFilter: Subscribing to "/keepout_costmap_filter_info" topic for filter info...
[controller_server-10] [INFO] [1774345218.383666834] [local_costmap.local_costmap]: KeepoutFilter: Received filter info from /keepout_costmap_filter_info topic.
[controller_server-10] [INFO] [1774345218.383983280] [local_costmap.local_costmap]: KeepoutFilter: Subscribing to "/keepout_filter_mask" topic for filter mask...
[planner_server-12] [INFO] [1774345218.390661610] [global_costmap.global_costmap]: Received request to clear entirely the global_costmap
[planner_server-12] [INFO] [1774345218.413251792] [global_costmap.global_costmap]: KeepoutFilter: Subscribing to "/keepout_costmap_filter_info" topic for filter info...
[controller_server-10] [WARN] [1774345218.419998369] [local_costmap.local_costmap]: KeepoutFilter: New filter mask arrived from /keepout_filter_mask topic. Updating old filter mask.
[planner_server-12] [INFO] [1774345218.428363050] [global_costmap.global_costmap]: KeepoutFilter: Received filter info from /keepout_costmap_filter_info topic.
[planner_server-12] [INFO] [1774345218.428525794] [global_costmap.global_costmap]: KeepoutFilter: Subscribing to "/keepout_filter_mask" topic for filter mask...
[planner_server-12] [WARN] [1774345218.507631534] [global_costmap.global_costmap]: KeepoutFilter: New filter mask arrived from /keepout_filter_mask topic. Updating old filter mask.
[planner_server-12] [WARN] [1774345218.592087113] [planner_server]: GridBased plugin failed to plan from (-0.37, -6.81) to (0.15, -6.80): "no valid path found"
[planner_server-12] [WARN] [1774345218.595243701] [planner_server]: [compute_path_through_poses] [ActionServer] Aborting handle.
[planner_server-12] [INFO] [1774345218.613511256] [global_costmap.global_costmap]: Received request to clear entirely the global_costmap
[planner_server-12] [INFO] [1774345218.623734367] [global_costmap.global_costmap]: KeepoutFilter: Subscribing to "/keepout_costmap_filter_info" topic for filter info...
[planner_server-12] [INFO] [1774345218.630630855] [global_costmap.global_costmap]: KeepoutFilter: Received filter info from /keepout_costmap_filter_info topic.
[planner_server-12] [INFO] [1774345218.630744017] [global_costmap.global_costmap]: KeepoutFilter: Subscribing to "/keepout_filter_mask" topic for filter mask...
[planner_server-12] [WARN] [1774345218.654328453] [global_costmap.global_costmap]: KeepoutFilter: New filter mask arrived from /keepout_filter_mask topic. Updating old filter mask.
[delivery_robot_main_controller-20] [0m[INFO] [1774345218.993971572] [main_controller_node]: State change: STANDBY -> MOVE[0m
[delivery_robot_main_controller-20] [0m[INFO] [1774345219.031693720] [main_controller_node]: Robot is MOVING.[0m
[planner_server-12] [WARN] [1774345219.065572139] [planner_server]: GridBased plugin failed to plan from (-0.37, -6.81) to (0.15, -6.80): "no valid path found"
[planner_server-12] [WARN] [1774345219.065692302] [planner_server]: [compute_path_through_poses] [ActionServer] Aborting handle.
[controller_server-10] [INFO] [1774345219.083293715] [local_costmap.local_costmap]: Received request to clear entirely the local_costmap
[controller_server-10] [INFO] [1774345219.089205574] [local_costmap.local_costmap]: KeepoutFilter: Subscribing to "/keepout_costmap_filter_info" topic for filter info...
[controller_server-10] [INFO] [1774345219.099398061] [local_costmap.local_costmap]: KeepoutFilter: Received filter info from /keepout_costmap_filter_info topic.
[controller_server-10] [INFO] [1774345219.099599595] [local_costmap.local_costmap]: KeepoutFilter: Subscribing to "/keepout_filter_mask" topic for filter mask...
[planner_server-12] [INFO] [1774345219.101910965] [global_costmap.global_costmap]: Received request to clear entirely the global_costmap
[planner_server-12] [INFO] [1774345219.116369498] [global_costmap.global_costmap]: KeepoutFilter: Subscribing to "/keepout_costmap_filter_info" topic for filter info...
[controller_server-10] [INFO] [1774345219.125873387] [local_costmap.local_costmap]: Received request to clear entirely the local_costmap
[planner_server-12] [INFO] [1774345219.130853406] [global_costmap.global_costmap]: KeepoutFilter: Received filter info from /keepout_costmap_filter_info topic.
[planner_server-12] [INFO] [1774345219.130938277] [global_costmap.global_costmap]: KeepoutFilter: Subscribing to "/keepout_filter_mask" topic for filter mask...
[controller_server-10] [INFO] [1774345219.149813934] [local_costmap.local_costmap]: KeepoutFilter: Subscribing to "/keepout_costmap_filter_info" topic for filter info...
[planner_server-12] [INFO] [1774345219.152971689] [global_costmap.global_costmap]: Received request to clear entirely the global_costmap
[planner_server-12] [INFO] [1774345219.159542106] [global_costmap.global_costmap]: KeepoutFilter: Subscribing to "/keepout_costmap_filter_info" topic for filter info...
[controller_server-10] [INFO] [1774345219.161757230] [local_costmap.local_costmap]: KeepoutFilter: Received filter info from /keepout_costmap_filter_info topic.
[controller_server-10] [INFO] [1774345219.161842102] [local_costmap.local_costmap]: KeepoutFilter: Subscribing to "/keepout_filter_mask" topic for filter mask...
[planner_server-12] [INFO] [1774345219.171622771] [global_costmap.global_costmap]: KeepoutFilter: Received filter info from /keepout_costmap_filter_info topic.
[planner_server-12] [INFO] [1774345219.171712893] [global_costmap.global_costmap]: KeepoutFilter: Subscribing to "/keepout_filter_mask" topic for filter mask...
[controller_server-10] [WARN] [1774345219.194798306] [local_costmap.local_costmap]: KeepoutFilter: New filter mask arrived from /keepout_filter_mask topic. Updating old filter mask.
[planner_server-12] [WARN] [1774345219.201960492] [global_costmap.global_costmap]: KeepoutFilter: New filter mask arrived from /keepout_filter_mask topic. Updating old filter mask.
[planner_server-12] [WARN] [1774345219.641513143] [planner_server]: GridBased plugin failed to plan from (-0.37, -6.81) to (0.15, -6.80): "no valid path found"
[planner_server-12] [WARN] [1774345219.641675012] [planner_server]: [compute_path_through_poses] [ActionServer] Aborting handle.
[planner_server-12] [INFO] [1774345219.660088395] [global_costmap.global_costmap]: Received request to clear entirely the global_costmap
[planner_server-12] [INFO] [1774345219.678173665] [global_costmap.global_costmap]: KeepoutFilter: Subscribing to "/keepout_costmap_filter_info" topic for filter info...
[planner_server-12] [INFO] [1774345219.684058399] [global_costmap.global_costmap]: KeepoutFilter: Received filter info from /keepout_costmap_filter_info topic.
[planner_server-12] [INFO] [1774345219.684240101] [global_costmap.global_costmap]: KeepoutFilter: Subscribing to "/keepout_filter_mask" topic for filter mask...
[planner_server-12] [WARN] [1774345219.709640093] [global_costmap.global_costmap]: KeepoutFilter: New filter mask arrived from /keepout_filter_mask topic. Updating old filter mask.
[planner_server-12] [WARN] [1774345220.054602135] [planner_server]: GridBased plugin failed to plan from (-0.37, -6.81) to (0.15, -6.80): "no valid path found"
[planner_server-12] [WARN] [1774345220.054791127] [planner_server]: [compute_path_through_poses] [ActionServer] Aborting handle.
[behavior_server-13] [INFO] [1774345220.071942808] [behavior_server]: Running wait
[behavior_server-13] [INFO] [1774345225.072241060] [behavior_server]: wait completed successfully
[controller_server-10] [INFO] [1774345225.092120304] [local_costmap.local_costmap]: Received request to clear entirely the local_costmap
[controller_server-10] [INFO] [1774345225.097898584] [local_costmap.local_costmap]: KeepoutFilter: Subscribing to "/keepout_costmap_filter_info" topic for filter info...
[controller_server-10] [INFO] [1774345225.102587822] [local_costmap.local_costmap]: KeepoutFilter: Received filter info from /keepout_costmap_filter_info topic.
[controller_server-10] [INFO] [1774345225.102670361] [local_costmap.local_costmap]: KeepoutFilter: Subscribing to "/keepout_filter_mask" topic for filter mask...
[planner_server-12] [INFO] [1774345225.103358960] [global_costmap.global_costmap]: Received request to clear entirely the global_costmap
[planner_server-12] [INFO] [1774345225.120699050] [global_costmap.global_costmap]: KeepoutFilter: Subscribing to "/keepout_costmap_filter_info" topic for filter info...
[controller_server-10] [WARN] [1774345225.123910178] [local_costmap.local_costmap]: KeepoutFilter: New filter mask arrived from /keepout_filter_mask topic. Updating old filter mask.
[planner_server-12] [INFO] [1774345225.131387643] [global_costmap.global_costmap]: KeepoutFilter: Received filter info from /keepout_costmap_filter_info topic.
[planner_server-12] [INFO] [1774345225.131521221] [global_costmap.global_costmap]: KeepoutFilter: Subscribing to "/keepout_filter_mask" topic for filter mask...
[planner_server-12] [WARN] [1774345225.149362668] [global_costmap.global_costmap]: KeepoutFilter: New filter mask arrived from /keepout_filter_mask topic. Updating old filter mask.
[planner_server-12] [WARN] [1774345225.553132389] [planner_server]: GridBased plugin failed to plan from (-0.37, -6.81) to (0.15, -6.80): "no valid path found"
[planner_server-12] [WARN] [1774345225.553303882] [planner_server]: [compute_path_through_poses] [ActionServer] Aborting handle.
[planner_server-12] [INFO] [1774345225.571586603] [global_costmap.global_costmap]: Received request to clear entirely the global_costmap
[planner_server-12] [INFO] [1774345225.575702447] [global_costmap.global_costmap]: KeepoutFilter: Subscribing to "/keepout_costmap_filter_info" topic for filter info...
[planner_server-12] [INFO] [1774345225.582147160] [global_costmap.global_costmap]: KeepoutFilter: Received filter info from /keepout_costmap_filter_info topic.
[planner_server-12] [INFO] [1774345225.582397692] [global_costmap.global_costmap]: KeepoutFilter: Subscribing to "/keepout_filter_mask" topic for filter mask...
[planner_server-12] [WARN] [1774345225.608007384] [global_costmap.global_costmap]: KeepoutFilter: New filter mask arrived from /keepout_filter_mask topic. Updating old filter mask.
[planner_server-12] [WARN] [1774345226.087686009] [planner_server]: GridBased plugin failed to plan from (-0.37, -6.81) to (0.15, -6.80): "no valid path found"
[planner_server-12] [WARN] [1774345226.087822503] [planner_server]: [compute_path_through_poses] [ActionServer] Aborting handle.
[controller_server-10] [INFO] [1774345226.102007464] [local_costmap.local_costmap]: Received request to clear entirely the local_costmap
[controller_server-10] [INFO] [1774345226.106225095] [local_costmap.local_costmap]: KeepoutFilter: Subscribing to "/keepout_costmap_filter_info" topic for filter info...
[planner_server-12] [INFO] [1774345226.109038405] [global_costmap.global_costmap]: Received request to clear entirely the global_costmap
[controller_server-10] [INFO] [1774345226.111181781] [local_costmap.local_costmap]: KeepoutFilter: Received filter info from /keepout_costmap_filter_info topic.
[controller_server-10] [INFO] [1774345226.111268986] [local_costmap.local_costmap]: KeepoutFilter: Subscribing to "/keepout_filter_mask" topic for filter mask...
[planner_server-12] [INFO] [1774345226.118447505] [global_costmap.global_costmap]: KeepoutFilter: Subscribing to "/keepout_costmap_filter_info" topic for filter info...
[controller_server-10] [INFO] [1774345226.122907794] [local_costmap.local_costmap]: Received request to clear entirely the local_costmap
[planner_server-12] [INFO] [1774345226.132069862] [global_costmap.global_costmap]: KeepoutFilter: Received filter info from /keepout_costmap_filter_info topic.
[planner_server-12] [INFO] [1774345226.132238439] [global_costmap.global_costmap]: KeepoutFilter: Subscribing to "/keepout_filter_mask" topic for filter mask...
[controller_server-10] [INFO] [1774345226.132410807] [local_costmap.local_costmap]: KeepoutFilter: Subscribing to "/keepout_costmap_filter_info" topic for filter info...
[planner_server-12] [INFO] [1774345226.141408090] [global_costmap.global_costmap]: Received request to clear entirely the global_costmap
[controller_server-10] [INFO] [1774345226.147909676] [local_costmap.local_costmap]: KeepoutFilter: Received filter info from /keepout_costmap_filter_info topic.
[controller_server-10] [INFO] [1774345226.148158166] [local_costmap.local_costmap]: KeepoutFilter: Subscribing to "/keepout_filter_mask" topic for filter mask...
[planner_server-12] [INFO] [1774345226.151774987] [global_costmap.global_costmap]: KeepoutFilter: Subscribing to "/keepout_costmap_filter_info" topic for filter info...
[planner_server-12] [INFO] [1774345226.162706238] [global_costmap.global_costmap]: KeepoutFilter: Received filter info from /keepout_costmap_filter_info topic.
[planner_server-12] [INFO] [1774345226.162852940] [global_costmap.global_costmap]: KeepoutFilter: Subscribing to "/keepout_filter_mask" topic for filter mask...
[controller_server-10] [WARN] [1774345226.168682260] [local_costmap.local_costmap]: KeepoutFilter: New filter mask arrived from /keepout_filter_mask topic. Updating old filter mask.
[planner_server-12] [WARN] [1774345226.177993073] [global_costmap.global_costmap]: KeepoutFilter: New filter mask arrived from /keepout_filter_mask topic. Updating old filter mask.
[planner_server-12] [WARN] [1774345226.595792885] [planner_server]: GridBased plugin failed to plan from (-0.37, -6.81) to (0.15, -6.80): "no valid path found"
[planner_server-12] [WARN] [1774345226.595927046] [planner_server]: [compute_path_through_poses] [ActionServer] Aborting handle.
[planner_server-12] [INFO] [1774345226.611773277] [global_costmap.global_costmap]: Received request to clear entirely the global_costmap
[planner_server-12] [INFO] [1774345226.622057636] [global_costmap.global_costmap]: KeepoutFilter: Subscribing to "/keepout_costmap_filter_info" topic for filter info...
[planner_server-12] [INFO] [1774345226.627308894] [global_costmap.global_costmap]: KeepoutFilter: Received filter info from /keepout_costmap_filter_info topic.
[planner_server-12] [INFO] [1774345226.628051449] [global_costmap.global_costmap]: KeepoutFilter: Subscribing to "/keepout_filter_mask" topic for filter mask...
[planner_server-12] [WARN] [1774345226.648880032] [global_costmap.global_costmap]: KeepoutFilter: New filter mask arrived from /keepout_filter_mask topic. Updating old filter mask.
[planner_server-12] [WARN] [1774345227.091977756] [planner_server]: GridBased plugin failed to plan from (-0.37, -6.81) to (0.15, -6.80): "no valid path found"
[planner_server-12] [WARN] [1774345227.092099960] [planner_server]: [compute_path_through_poses] [ActionServer] Aborting handle.
[bt_navigator-14] [WARN] [1774345227.121233435] [bt_navigator]: [navigate_through_poses] [ActionServer] Aborting handle.
[bt_navigator-14] [ERROR] [1774345227.121468801] [bt_navigator]: Goal failed
[delivery_robot_main_controller-20] [33m[WARN] [1774345227.324432204] [main_controller_node]: Goal failed! (obstacle retry 3/3)[0m
[robot_sound-21] [0m[INFO] [1774345227.325961646] [robot_sound_node]: 🔔 Received sound command: obstacle_alert[0m
[delivery_robot_main_controller-20] [0m[INFO] [1774345227.327112227] [main_controller_node]: Published message: "obstacle_alert"[0m
[delivery_robot_main_controller-20] [0m[INFO] [1774345227.328510715] [main_controller_node]: Pre-resume: waiting 3 seconds before wiggle...[0m
[robot_sound-21] Simple mixer control 'PCM',0
[robot_sound-21]   Capabilities: pvolume pswitch pswitch-joined
[robot_sound-21]   Playback channels: Front Left - Front Right
[robot_sound-21]   Limits: Playback 0 - 147
[robot_sound-21]   Mono:
[robot_sound-21]   Front Left: Playback 147 [100%] [-0.94dB] [on]
[robot_sound-21]   Front Right: Playback 147 [100%] [-0.94dB] [on]
[delivery_robot_main_controller-20] [0m[INFO] [1774345227.354476811] [main_controller_node]: Current state: MOVE, dock_state IDLE, charge_state NOT_CHARGE[0m
[robot_sound-21] [0m[INFO] [1774345227.358152254] [robot_sound_node]: 🔊 Playing sound: /home/smr/workspaces/mini_amr/amrROS2_ws/sounds/robot_obstacle.wav[0m
[robot_sound-21] Playing WAVE '/home/smr/workspaces/mini_amr/amrROS2_ws/sounds/robot_obstacle.wav' : Signed 16 bit Little Endian, Rate 44100 Hz, Mono
[delivery_robot_main_controller-20] [0m[INFO] [1774345227.829327661] [main_controller_node]: Pre-resume wiggle: หมุนตามเข็ม 0.5 rad[0m
[delivery_robot_main_controller-20] [0m[INFO] [1774345228.188720528] [main_controller_node]: Current state: MOVE, dock_state IDLE, charge_state NOT_CHARGE[0m
[delivery_robot_main_controller-20] [0m[INFO] [1774345229.053633871] [main_controller_node]: Pre-resume wiggle: หมุนทวนเข็ม 1.0 rad[0m
[delivery_robot_main_controller-20] [0m[INFO] [1774345229.187342492] [main_controller_node]: Current state: MOVE, dock_state IDLE, charge_state NOT_CHARGE[0m
[delivery_robot_main_controller-20] [0m[INFO] [1774345230.238256841] [main_controller_node]: Current state: MOVE, dock_state IDLE, charge_state NOT_CHARGE[0m
[delivery_robot_main_controller-20] [0m[INFO] [1774345230.271348665] [main_controller_node]: Pre-resume: clearing local/global costmaps.[0m
[controller_server-10] [INFO] [1774345230.274023147] [local_costmap.local_costmap]: Received request to clear entirely the local_costmap
[controller_server-10] [INFO] [1774345230.282024717] [local_costmap.local_costmap]: KeepoutFilter: Subscribing to "/keepout_costmap_filter_info" topic for filter info...
[controller_server-10] [INFO] [1774345230.288803667] [local_costmap.local_costmap]: KeepoutFilter: Received filter info from /keepout_costmap_filter_info topic.
[controller_server-10] [INFO] [1774345230.291190285] [local_costmap.local_costmap]: KeepoutFilter: Subscribing to "/keepout_filter_mask" topic for filter mask...
[controller_server-10] [WARN] [1774345230.306099134] [local_costmap.local_costmap]: KeepoutFilter: New filter mask arrived from /keepout_filter_mask topic. Updating old filter mask.
[planner_server-12] [INFO] [1774345230.894570245] [global_costmap.global_costmap]: Received request to clear entirely the global_costmap
[planner_server-12] [INFO] [1774345230.903600484] [global_costmap.global_costmap]: KeepoutFilter: Subscribing to "/keepout_costmap_filter_info" topic for filter info...
[planner_server-12] [INFO] [1774345230.913366863] [global_costmap.global_costmap]: KeepoutFilter: Received filter info from /keepout_costmap_filter_info topic.
[planner_server-12] [INFO] [1774345230.913616520] [global_costmap.global_costmap]: KeepoutFilter: Subscribing to "/keepout_filter_mask" topic for filter mask...
[planner_server-12] [WARN] [1774345230.989688167] [global_costmap.global_costmap]: KeepoutFilter: New filter mask arrived from /keepout_filter_mask topic. Updating old filter mask.
[delivery_robot_main_controller-20] [0m[INFO] [1774345231.487871171] [main_controller_node]: Current state: MOVE, dock_state IDLE, charge_state NOT_CHARGE[0m
[delivery_robot_main_controller-20] [0m[INFO] [1774345231.981131904] [main_controller_node]: Pre-resume wiggle complete. Switching to STANDBY.[0m
[delivery_robot_main_controller-20] [0m[INFO] [1774345231.981892542] [main_controller_node]: State change: MOVE -> STANDBY[0m
[delivery_robot_main_controller-20] [0m[INFO] [1774345232.001069479] [main_controller_node]: Robot is in STANDBY mode.[0m
[delivery_robot_main_controller-20] [0m[INFO] [1774345232.260205453] [main_controller_node]: Current state: STANDBY, dock_state IDLE, charge_state NOT_CHARGE[0m
[delivery_robot_main_controller-20] [0m[INFO] [1774345232.348509135] [main_controller_node]: 1 pending queues [0m
[delivery_robot_main_controller-20] [0m[INFO] [1774345232.352382321] [main_controller_node]: Queue action: Request[0m
[delivery_robot_main_controller-20] [0m[INFO] [1774345232.399511236] [main_controller_node]: AGV start_pos: x=0.78, y=-6.76[0m
[delivery_robot_main_controller-20] [0m[INFO] [1774345232.401842439] [main_controller_node]: AGV goal_pos: x=0.39, y=0.04[0m
[delivery_robot_main_controller-20] [0m[INFO] [1774345232.405150980] [main_controller_node]: Path source: building YAML (/home/smr/workspaces/mini_amr/amrROS2_ws/maps/map_000.building.yaml)[0m
[delivery_robot_main_controller-20] Graph before shortest_path: Graph with 11 nodes and 10 edges
[delivery_robot_main_controller-20] [0m[INFO] [1774345232.440009945] [main_controller_node]: Computed AGV path waypoints:[0m
[delivery_robot_main_controller-20] [0m[INFO] [1774345232.446925682] [main_controller_node]:   Waypoint 0: x=0.78, y=-6.76[0m
[delivery_robot_main_controller-20] [0m[INFO] [1774345232.447722193] [main_controller_node]:   Waypoint 1: x=0.41, y=-6.78[0m
[delivery_robot_main_controller-20] [0m[INFO] [1774345232.448402334] [main_controller_node]:   Waypoint 2: x=0.04, y=-6.79[0m
[delivery_robot_main_controller-20] [0m[INFO] [1774345232.449041935] [main_controller_node]:   Waypoint 3: x=-0.34, y=-6.81[0m
[delivery_robot_main_controller-20] [0m[INFO] [1774345232.449700201] [main_controller_node]:   Waypoint 4: x=0.15, y=-6.80[0m
[delivery_robot_main_controller-20] [0m[INFO] [1774345232.450348552] [main_controller_node]:   Waypoint 5: x=0.64, y=-6.79[0m
[delivery_robot_main_controller-20] [0m[INFO] [1774345232.451013526] [main_controller_node]:   Waypoint 6: x=1.13, y=-6.78[0m
[delivery_robot_main_controller-20] [0m[INFO] [1774345232.451749082] [main_controller_node]:   Waypoint 7: x=1.62, y=-6.77[0m
[delivery_robot_main_controller-20] [0m[INFO] [1774345232.452470637] [main_controller_node]:   Waypoint 8: x=2.11, y=-6.76[0m
[delivery_robot_main_controller-20] [0m[INFO] [1774345232.453363103] [main_controller_node]:   Waypoint 9: x=2.10, y=-6.28[0m
[delivery_robot_main_controller-20] [0m[INFO] [1774345232.454307776] [main_controller_node]:   Waypoint 10: x=2.09, y=-5.81[0m
[delivery_robot_main_controller-20] [0m[INFO] [1774345232.454994333] [main_controller_node]:   Waypoint 11: x=2.07, y=-5.33[0m
[delivery_robot_main_controller-20] [0m[INFO] [1774345232.455645892] [main_controller_node]:   Waypoint 12: x=2.06, y=-4.85[0m
[delivery_robot_main_controller-20] [0m[INFO] [1774345232.456419362] [main_controller_node]:   Waypoint 13: x=2.05, y=-4.37[0m
[delivery_robot_main_controller-20] [0m[INFO] [1774345232.457053713] [main_controller_node]:   Waypoint 14: x=2.04, y=-3.89[0m
[delivery_robot_main_controller-20] [0m[INFO] [1774345232.457669981] [main_controller_node]:   Waypoint 15: x=2.03, y=-3.42[0m
[delivery_robot_main_controller-20] [0m[INFO] [1774345232.458313082] [main_controller_node]:   Waypoint 16: x=2.02, y=-2.94[0m
[delivery_robot_main_controller-20] [0m[INFO] [1774345232.458973682] [main_controller_node]:   Waypoint 17: x=2.01, y=-2.46[0m
[delivery_robot_main_controller-20] [0m[INFO] [1774345232.459728486] [main_controller_node]:   Waypoint 18: x=2.00, y=-1.98[0m
[delivery_robot_main_controller-20] [0m[INFO] [1774345232.460613953] [main_controller_node]:   Waypoint 19: x=1.99, y=-1.51[0m
[delivery_robot_main_controller-20] [0m[INFO] [1774345232.461309843] [main_controller_node]:   Waypoint 20: x=1.67, y=-1.20[0m
[delivery_robot_main_controller-20] [0m[INFO] [1774345232.461989109] [main_controller_node]:   Waypoint 21: x=1.35, y=-0.89[0m
[delivery_robot_main_controller-20] [0m[INFO] [1774345232.462731664] [main_controller_node]:   Waypoint 22: x=1.03, y=-0.58[0m
[delivery_robot_main_controller-20] [0m[INFO] [1774345232.463427554] [main_controller_node]:   Waypoint 23: x=0.71, y=-0.27[0m
[delivery_robot_main_controller-20] [0m[INFO] [1774345232.464057822] [main_controller_node]:   Waypoint 24: x=0.39, y=0.04[0m
[delivery_robot_main_controller-20] [0m[INFO] [1774345232.465651136] [main_controller_node]: Navigating with 25 goals....[0m
[bt_navigator-14] [INFO] [1774345232.468219163] [bt_navigator]: Begin navigating from current location through 25 poses to (0.39, 0.04)
[controller_server-10] [INFO] [1774345232.468553692] [local_costmap.local_costmap]: Received request to clear entirely the local_costmap
[controller_server-10] [INFO] [1774345232.481201336] [local_costmap.local_costmap]: KeepoutFilter: Subscribing to "/keepout_costmap_filter_info" topic for filter info...
[planner_server-12] [INFO] [1774345232.488917667] [global_costmap.global_costmap]: Received request to clear entirely the global_costmap
[planner_server-12] [INFO] [1774345232.495647036] [global_costmap.global_costmap]: KeepoutFilter: Subscribing to "/keepout_costmap_filter_info" topic for filter info...
[planner_server-12] [INFO] [1774345232.509896744] [global_costmap.global_costmap]: KeepoutFilter: Received filter info from /keepout_costmap_filter_info topic.
[planner_server-12] [INFO] [1774345232.509978408] [global_costmap.global_costmap]: KeepoutFilter: Subscribing to "/keepout_filter_mask" topic for filter mask...
[controller_server-10] [INFO] [1774345232.511902168] [local_costmap.local_costmap]: KeepoutFilter: Received filter info from /keepout_costmap_filter_info topic.
[controller_server-10] [INFO] [1774345232.512034288] [local_costmap.local_costmap]: KeepoutFilter: Subscribing to "/keepout_filter_mask" topic for filter mask...
[controller_server-10] [WARN] [1774345232.532699543] [local_costmap.local_costmap]: KeepoutFilter: New filter mask arrived from /keepout_filter_mask topic. Updating old filter mask.
[planner_server-12] [WARN] [1774345232.539737192] [global_costmap.global_costmap]: KeepoutFilter: New filter mask arrived from /keepout_filter_mask topic. Updating old filter mask.
[delivery_robot_main_controller-20] [0m[INFO] [1774345233.044698855] [main_controller_node]: State change: STANDBY -> MOVE[0m
[delivery_robot_main_controller-20] [0m[INFO] [1774345233.066117457] [main_controller_node]: Robot is MOVING.[0m
[planner_server-12] [WARN] [1774345233.098403145] [planner_server]: GridBased plugin failed to plan from (-0.37, -6.81) to (0.15, -6.80): "no valid path found"
[planner_server-12] [WARN] [1774345233.100268865] [planner_server]: [compute_path_through_poses] [ActionServer] Aborting handle.
[planner_server-12] [INFO] [1774345233.119351889] [global_costmap.global_costmap]: Received request to clear entirely the global_costmap
[planner_server-12] [INFO] [1774345233.125377493] [global_costmap.global_costmap]: KeepoutFilter: Subscribing to "/keepout_costmap_filter_info" topic for filter info...
[planner_server-12] [INFO] [1774345233.133470061] [global_costmap.global_costmap]: KeepoutFilter: Received filter info from /keepout_costmap_filter_info topic.
[planner_server-12] [INFO] [1774345233.133624346] [global_costmap.global_costmap]: KeepoutFilter: Subscribing to "/keepout_filter_mask" topic for filter mask...
[planner_server-12] [WARN] [1774345233.156302025] [global_costmap.global_costmap]: KeepoutFilter: New filter mask arrived from /keepout_filter_mask topic. Updating old filter mask.
[planner_server-12] [WARN] [1774345233.590687998] [planner_server]: GridBased plugin failed to plan from (-0.37, -6.81) to (0.15, -6.80): "no valid path found"
[planner_server-12] [WARN] [1774345233.590813993] [planner_server]: [compute_path_through_poses] [ActionServer] Aborting handle.
[controller_server-10] [INFO] [1774345233.610060636] [local_costmap.local_costmap]: Received request to clear entirely the local_costmap
[controller_server-10] [INFO] [1774345233.614725958] [local_costmap.local_costmap]: KeepoutFilter: Subscribing to "/keepout_costmap_filter_info" topic for filter info...
[planner_server-12] [INFO] [1774345233.620288122] [global_costmap.global_costmap]: Received request to clear entirely the global_costmap
[controller_server-10] [INFO] [1774345233.620410617] [local_costmap.local_costmap]: KeepoutFilter: Received filter info from /keepout_costmap_filter_info topic.
[controller_server-10] [INFO] [1774345233.620844892] [local_costmap.local_costmap]: KeepoutFilter: Subscribing to "/keepout_filter_mask" topic for filter mask...
[planner_server-12] [INFO] [1774345233.629305529] [global_costmap.global_costmap]: KeepoutFilter: Subscribing to "/keepout_costmap_filter_info" topic for filter info...
[controller_server-10] [INFO] [1774345233.634521497] [local_costmap.local_costmap]: Received request to clear entirely the local_costmap
[planner_server-12] [INFO] [1774345233.641094539] [global_costmap.global_costmap]: KeepoutFilter: Received filter info from /keepout_costmap_filter_info topic.
[planner_server-12] [INFO] [1774345233.641241825] [global_costmap.global_costmap]: KeepoutFilter: Subscribing to "/keepout_filter_mask" topic for filter mask...
[controller_server-10] [INFO] [1774345233.644115799] [local_costmap.local_costmap]: KeepoutFilter: Subscribing to "/keepout_costmap_filter_info" topic for filter info...
[planner_server-12] [INFO] [1774345233.650599302] [global_costmap.global_costmap]: Received request to clear entirely the global_costmap
[controller_server-10] [INFO] [1774345233.655017592] [local_costmap.local_costmap]: KeepoutFilter: Received filter info from /keepout_costmap_filter_info topic.
[controller_server-10] [INFO] [1774345233.655290290] [local_costmap.local_costmap]: KeepoutFilter: Subscribing to "/keepout_filter_mask" topic for filter mask...
[planner_server-12] [INFO] [1774345233.660993906] [global_costmap.global_costmap]: KeepoutFilter: Subscribing to "/keepout_costmap_filter_info" topic for filter info...
[planner_server-12] [INFO] [1774345233.672259103] [global_costmap.global_costmap]: KeepoutFilter: Received filter info from /keepout_costmap_filter_info topic.
[planner_server-12] [INFO] [1774345233.672424472] [global_costmap.global_costmap]: KeepoutFilter: Subscribing to "/keepout_filter_mask" topic for filter mask...
[controller_server-10] [WARN] [1774345233.687524355] [local_costmap.local_costmap]: KeepoutFilter: New filter mask arrived from /keepout_filter_mask topic. Updating old filter mask.
[planner_server-12] [WARN] [1774345233.706243976] [global_costmap.global_costmap]: KeepoutFilter: New filter mask arrived from /keepout_filter_mask topic. Updating old filter mask.
[planner_server-12] [WARN] [1774345234.078529187] [planner_server]: GridBased plugin failed to plan from (-0.37, -6.81) to (0.15, -6.80): "no valid path found"
[planner_server-12] [WARN] [1774345234.078698056] [planner_server]: [compute_path_through_poses] [ActionServer] Aborting handle.
[planner_server-12] [INFO] [1774345234.091469361] [global_costmap.global_costmap]: Received request to clear entirely the global_costmap
[planner_server-12] [INFO] [1774345234.097074981] [global_costmap.global_costmap]: KeepoutFilter: Subscribing to "/keepout_costmap_filter_info" topic for filter info...
[planner_server-12] [INFO] [1774345234.106770779] [global_costmap.global_costmap]: KeepoutFilter: Received filter info from /keepout_costmap_filter_info topic.
[planner_server-12] [INFO] [1774345234.106848068] [global_costmap.global_costmap]: KeepoutFilter: Subscribing to "/keepout_filter_mask" topic for filter mask...
[planner_server-12] [WARN] [1774345234.130146973] [global_costmap.global_costmap]: KeepoutFilter: New filter mask arrived from /keepout_filter_mask topic. Updating old filter mask.
[planner_server-12] [WARN] [1774345234.581570006] [planner_server]: GridBased plugin failed to plan from (-0.37, -6.81) to (0.15, -6.80): "no valid path found"
[planner_server-12] [WARN] [1774345234.581704459] [planner_server]: [compute_path_through_poses] [ActionServer] Aborting handle.
[behavior_server-13] [INFO] [1774345234.599574779] [behavior_server]: Running wait
[bash-27] 4
[bash-27] queue action->Request :  current state-> STANDBY : previous state-> 
[bash-27] queue action->Request :  current state-> DOCK : previous state-> STANDBY
[bash-27] queue action->Request :  current state-> STANDBY : previous state-> DOCK
[bash-27] queue action->Request :  current state-> MOVE : previous state-> STANDBY
[bash-27] queue action->Request :  current state-> AFTER_MOVE : previous state-> MOVE
[bash-27] queue action->Request :  current state-> STANDBY : previous state-> AFTER_MOVE
[bash-27] queue action->Request :  current state-> MOVE : previous state-> STANDBY
[bash-27] Queue empty: current state-> STANDBY : queue_action-> Request
[bash-27] queue action->Idle :  current state-> STANDBY : previous state-> MOVE
[bash-27] queue action->Request :  current state-> MOVE : previous state-> STANDBY
[bash-27] queue action->Request :  current state-> STANDBY : previous state-> MOVE
[bash-27] queue action->Request :  current state-> MOVE : previous state-> STANDBY
[bash-27] queue action->Request :  current state-> STANDBY : previous state-> MOVE
[bash-27] queue action->Request :  current state-> MOVE : previous state-> STANDBY
[bash-27] queue action->Request :  current state-> STANDBY : previous state-> MOVE
[bash-27] queue action->Request :  current state-> MOVE : previous state-> STANDBY
[bash-27] queue action->Request :  current state-> SAFE_STOP : previous state-> MOVE
[bash-27] Dialog rejected!
[bash-27] queue action->Request :  current state-> STANDBY : previous state-> SAFE_STOP
[bash-27] queue action->Request :  current state-> MOVE : previous state-> STANDBY
[bash-27] queue action->Request :  current state-> STANDBY : previous state-> MOVE
[bash-27] queue action->Request :  current state-> MOVE : previous state-> STANDBY
[bash-27] queue action->Request :  current state-> STANDBY : previous state-> MOVE
[bash-27] queue action->Request :  current state-> MOVE : previous state-> STANDBY
[bash-27] queue action->Request :  current state-> PAUSED : previous state-> MOVE
[bash-27] queue action->Request :  current state-> STANDBY : previous state-> PAUSED
[bash-27] queue action->Request :  current state-> MOVE : previous state-> STANDBY
[bash-27] Dialog rejected!
[bash-27] queue action->Request :  current state-> STANDBY : previous state-> MOVE
[INFO] [bash-27]: process has finished cleanly [pid 59992]
[INFO] [battery_manager_node-26]: sending signal 'SIGINT' to process[battery_manager_node-26]
[INFO] [autodock_action_server-25]: sending signal 'SIGINT' to process[autodock_action_server-25]
[INFO] [dock_coordinates-24]: sending signal 'SIGINT' to process[dock_coordinates-24]
[INFO] [rpc_run_node-23]: sending signal 'SIGINT' to process[rpc_run_node-23]
[INFO] [call_robot_button-22]: sending signal 'SIGINT' to process[call_robot_button-22]
[INFO] [robot_sound-21]: sending signal 'SIGINT' to process[robot_sound-21]
[INFO] [dock_coordinates-24]: process has finished cleanly [pid 59877]
[INFO] [delivery_robot_main_controller-20]: sending signal 'SIGINT' to process[delivery_robot_main_controller-20]
[INFO] [lifecycle_manager-19]: sending signal 'SIGINT' to process[lifecycle_manager-19]
[INFO] [collision_detector-18]: sending signal 'SIGINT' to process[collision_detector-18]
[INFO] [collision_monitor-17]: sending signal 'SIGINT' to process[collision_monitor-17]
[INFO] [velocity_smoother-16]: sending signal 'SIGINT' to process[velocity_smoother-16]
[INFO] [waypoint_follower-15]: sending signal 'SIGINT' to process[waypoint_follower-15]
[INFO] [bt_navigator-14]: sending signal 'SIGINT' to process[bt_navigator-14]
[INFO] [behavior_server-13]: sending signal 'SIGINT' to process[behavior_server-13]
[INFO] [planner_server-12]: sending signal 'SIGINT' to process[planner_server-12]
[INFO] [smoother_server-11]: sending signal 'SIGINT' to process[smoother_server-11]
[INFO] [controller_server-10]: sending signal 'SIGINT' to process[controller_server-10]
[INFO] [costmap_filter_info_server-9]: sending signal 'SIGINT' to process[costmap_filter_info_server-9]
[INFO] [map_server-8]: sending signal 'SIGINT' to process[map_server-8]
[INFO] [localization_slam_toolbox_node-7]: sending signal 'SIGINT' to process[localization_slam_toolbox_node-7]
[INFO] [robot_hardware-6]: sending signal 'SIGINT' to process[robot_hardware-6]
[INFO] [ekf_node-5]: sending signal 'SIGINT' to process[ekf_node-5]
[INFO] [scan_to_scan_filter_chain-4]: sending signal 'SIGINT' to process[scan_to_scan_filter_chain-4]
[INFO] [rplidar_node-3]: sending signal 'SIGINT' to process[rplidar_node-3]
[INFO] [joint_state_publisher-2]: sending signal 'SIGINT' to process[joint_state_publisher-2]
[INFO] [robot_state_publisher-1]: sending signal 'SIGINT' to process[robot_state_publisher-1]
[behavior_server-13] [INFO] [1774345239.599953528] [behavior_server]: wait completed successfully
[controller_server-10] [INFO] [1774345239.619154673] [local_costmap.local_costmap]: Received request to clear entirely the local_costmap
[controller_server-10] [INFO] [1774345239.624461929] [local_costmap.local_costmap]: KeepoutFilter: Subscribing to "/keepout_costmap_filter_info" topic for filter info...
[controller_server-10] [INFO] [1774345239.632283548] [local_costmap.local_costmap]: KeepoutFilter: Received filter info from /keepout_costmap_filter_info topic.
[controller_server-10] [INFO] [1774345239.632490332] [local_costmap.local_costmap]: KeepoutFilter: Subscribing to "/keepout_filter_mask" topic for filter mask...
[controller_server-10] [WARN] [1774345239.659212690] [local_costmap.local_costmap]: KeepoutFilter: New filter mask arrived from /keepout_filter_mask topic. Updating old filter mask.
[planner_server-12] [INFO] [1774345239.628033543] [global_costmap.global_costmap]: Received request to clear entirely the global_costmap
[planner_server-12] [INFO] [1774345239.632053432] [global_costmap.global_costmap]: KeepoutFilter: Subscribing to "/keepout_costmap_filter_info" topic for filter info...
[planner_server-12] [INFO] [1774345239.642864812] [global_costmap.global_costmap]: KeepoutFilter: Received filter info from /keepout_costmap_filter_info topic.
[planner_server-12] [INFO] [1774345239.643034264] [global_costmap.global_costmap]: KeepoutFilter: Subscribing to "/keepout_filter_mask" topic for filter mask...
[planner_server-12] [WARN] [1774345239.667246635] [global_costmap.global_costmap]: KeepoutFilter: New filter mask arrived from /keepout_filter_mask topic. Updating old filter mask.
[planner_server-12] [WARN] [1774345240.046178676] [planner_server]: GridBased plugin failed to plan from (-0.37, -6.81) to (0.15, -6.80): "no valid path found"
[planner_server-12] [WARN] [1774345240.046300296] [planner_server]: [compute_path_through_poses] [ActionServer] Aborting handle.
[planner_server-12] [INFO] [1774345240.059321842] [global_costmap.global_costmap]: Received request to clear entirely the global_costmap
[planner_server-12] [INFO] [1774345240.062863416] [global_costmap.global_costmap]: KeepoutFilter: Subscribing to "/keepout_costmap_filter_info" topic for filter info...
[planner_server-12] [INFO] [1774345240.066626356] [global_costmap.global_costmap]: KeepoutFilter: Received filter info from /keepout_costmap_filter_info topic.
[planner_server-12] [INFO] [1774345240.066703353] [global_costmap.global_costmap]: KeepoutFilter: Subscribing to "/keepout_filter_mask" topic for filter mask...
[planner_server-12] [WARN] [1774345240.076164076] [global_costmap.global_costmap]: KeepoutFilter: New filter mask arrived from /keepout_filter_mask topic. Updating old filter mask.
[battery_manager_node-26] Traceback (most recent call last):
[battery_manager_node-26]   File "/home/smr/workspaces/mini_amr/amrROS2_ws/install/battery_management/lib/battery_management/battery_manager_node", line 33, in <module>
[battery_manager_node-26]     sys.exit(load_entry_point('battery-management==0.0.0', 'console_scripts', 'battery_manager_node')())
[battery_manager_node-26]              ^^^^^^^^^^^^^^^^^^^^^^^^^^^^^^^^^^^^^^^^^^^^^^^^^^^^^^^^^^^^^^^^^^^^^^^^^^^^^^^^^^^^^^^^^^
[battery_manager_node-26]   File "/home/smr/workspaces/mini_amr/amrROS2_ws/install/battery_management/lib/python3.12/site-packages/battery_management/battery_manager_node.py", line 311, in main
[battery_manager_node-26]     rclpy.spin(node)
[battery_manager_node-26]   File "/opt/ros/jazzy/lib/python3.12/site-packages/rclpy/__init__.py", line 247, in spin
[battery_manager_node-26]     executor.spin_once()
[battery_manager_node-26]   File "/opt/ros/jazzy/lib/python3.12/site-packages/rclpy/executors.py", line 845, in spin_once
[battery_manager_node-26]     self._spin_once_impl(timeout_sec)
[battery_manager_node-26]   File "/opt/ros/jazzy/lib/python3.12/site-packages/rclpy/executors.py", line 829, in _spin_once_impl
[battery_manager_node-26]     handler, entity, node = self.wait_for_ready_callbacks(
[battery_manager_node-26]                             ^^^^^^^^^^^^^^^^^^^^^^^^^^^^^^
[battery_manager_node-26]   File "/opt/ros/jazzy/lib/python3.12/site-packages/rclpy/executors.py", line 799, in wait_for_ready_callbacks
[battery_manager_node-26]     return next(self._cb_iter)
[battery_manager_node-26]            ^^^^^^^^^^^^^^^^^^^
[battery_manager_node-26]   File "/opt/ros/jazzy/lib/python3.12/site-packages/rclpy/executors.py", line 703, in _wait_for_ready_callbacks
[battery_manager_node-26]     wait_set.wait(timeout_nsec)
[battery_manager_node-26] KeyboardInterrupt
[dock_coordinates-24] [INFO] [1774345240.545676463] [rclcpp]: signal_handler(signum=2)
[rpc_run_node-23] [0m[INFO] [1774345240.555896949] [rpc_run_node]: RPC run node stopped by user.[0m
[rpc_run_node-23] Failed to publish log message to rosout: publisher's context is invalid, at ./src/rcl/publisher.c:423
[rpc_run_node-23] 2026-03-24 16:40:40,559 [INFO] RPCServer stopped.
[call_robot_button-22] [0m[INFO] [1774345240.582140992] [call_robot_button_node]: CallRobotButton interrupted by user.[0m
[call_robot_button-22] Failed to publish log message to rosout: publisher's context is invalid, at ./src/rcl/publisher.c:423
[robot_sound-21] [0m[INFO] [1774345240.602579631] [robot_sound_node]: 🔚 robot_sound_node stopped by user.[0m
[robot_sound-21] Failed to publish log message to rosout: publisher's context is invalid, at ./src/rcl/publisher.c:423
[lifecycle_manager-19] [INFO] [1774345240.627976707] [rclcpp]: signal_handler(signum=2)
[lifecycle_manager-19] [INFO] [1774345240.628126909] [lifecycle_manager_navigation]: Running Nav2 LifecycleManager rcl preshutdown (lifecycle_manager_navigation)
[lifecycle_manager-19] [INFO] [1774345240.628292569] [lifecycle_manager_navigation]: [34m[1mTerminating bond timer...[0m[0m
[collision_detector-18] [INFO] [1774345240.635821950] [rclcpp]: signal_handler(signum=2)
[collision_detector-18] [INFO] [1774345240.636147437] [collision_detector]: Running Nav2 LifecycleNode rcl preshutdown (collision_detector)
[collision_detector-18] [INFO] [1774345240.638063614] [collision_detector]: Deactivating
[collision_detector-18] [INFO] [1774345240.638197484] [collision_detector]: Destroying bond (collision_detector) to lifecycle manager.
[collision_monitor-17] [INFO] [1774345240.645197218] [rclcpp]: signal_handler(signum=2)
[collision_monitor-17] [INFO] [1774345240.645657450] [collision_monitor]: Running Nav2 LifecycleNode rcl preshutdown (collision_monitor)
[collision_monitor-17] [INFO] [1774345240.646065768] [collision_monitor]: Deactivating
[collision_monitor-17] [INFO] [1774345240.646270510] [collision_monitor]: Destroying bond (collision_monitor) to lifecycle manager.
[collision_detector-18] [WARN] [1774345240.648184063] [LifecyclePublisher]: Trying to publish message on the topic '/collision_detector/collision_points_marker', but the publisher is not activated
[collision_detector-18] [WARN] [1774345240.648238311] [LifecyclePublisher]: Trying to publish message on the topic '/collision_detector_state', but the publisher is not activated
[collision_detector-18] [WARN] [1774345240.648246769] [LifecyclePublisher]: Trying to publish message on the topic '/polygon_stop_detector', but the publisher is not activated
[collision_detector-18] [WARN] [1774345240.648252602] [LifecyclePublisher]: Trying to publish message on the topic '/polygon_slowdown_detector', but the publisher is not activated
[velocity_smoother-16] [INFO] [1774345240.648328432] [rclcpp]: signal_handler(signum=2)
[velocity_smoother-16] [INFO] [1774345240.648510425] [velocity_smoother]: Running Nav2 LifecycleNode rcl preshutdown (velocity_smoother)
[velocity_smoother-16] [INFO] [1774345240.648756583] [velocity_smoother]: Deactivating
[velocity_smoother-16] [INFO] [1774345240.648910577] [velocity_smoother]: Destroying bond (velocity_smoother) to lifecycle manager.
[collision_monitor-17] [INFO] [1774345240.657920401] [collision_monitor]: Cleaning up
[collision_monitor-17] [INFO] [1774345240.658449755] [collision_monitor]: [PolygonStop]: Destroying Circle
[collision_monitor-17] [INFO] [1774345240.658773201] [collision_monitor]: [PolygonStop]: Destroying Polygon
[collision_monitor-17] [INFO] [1774345240.658930404] [collision_monitor]: [PolygonSlow]: Destroying Polygon
[collision_monitor-17] [INFO] [1774345240.659005943] [collision_monitor]: [FootprintApproach]: Destroying Polygon
[collision_monitor-17] [INFO] [1774345240.659092856] [collision_monitor]: [scan]: Destroying Scan
[collision_detector-18] [INFO] [1774345240.658727995] [collision_detector]: Cleaning up
[collision_detector-18] [INFO] [1774345240.662632680] [collision_monitor]: [PolygonStop]: Destroying Circle
[collision_detector-18] [INFO] [1774345240.662664178] [collision_monitor]: [PolygonStop]: Destroying Polygon
[collision_detector-18] [INFO] [1774345240.662675553] [collision_monitor]: [PolygonSlow]: Destroying Polygon
[collision_detector-18] [INFO] [1774345240.662683136] [collision_monitor]: [scan]: Destroying Scan
[velocity_smoother-16] [INFO] [1774345240.659461217] [velocity_smoother]: Cleaning up
[velocity_smoother-16] [INFO] [1774345240.659540547] [velocity_smoother]: Destroying bond (velocity_smoother) to lifecycle manager.
[waypoint_follower-15] [INFO] [1774345240.663508521] [rclcpp]: signal_handler(signum=2)
[waypoint_follower-15] [INFO] [1774345240.663894382] [waypoint_follower]: Running Nav2 LifecycleNode rcl preshutdown (waypoint_follower)
[waypoint_follower-15] [INFO] [1774345240.664202662] [waypoint_follower]: Deactivating
[waypoint_follower-15] [INFO] [1774345240.666452493] [waypoint_follower]: Destroying bond (waypoint_follower) to lifecycle manager.
[delivery_robot_main_controller-20] [0m[INFO] [1774345240.672140068] [main_controller_node]: Node stopped by user.[0m
[delivery_robot_main_controller-20] Failed to publish log message to rosout: publisher's context is invalid, at ./src/rcl/publisher.c:423
[bt_navigator-14] [INFO] [1774345240.676530068] [rclcpp]: signal_handler(signum=2)
[bt_navigator-14] [INFO] [1774345240.676675604] [bt_navigator]: Running Nav2 LifecycleNode rcl preshutdown (bt_navigator)
[bt_navigator-14] [INFO] [1774345240.676871305] [bt_navigator]: Deactivating
[bt_navigator-14] [WARN] [1774345240.676956176] [bt_navigator]: [navigate_through_poses] [ActionServer] Requested to deactivate server but goal is still executing. Should check if action server is running before deactivating.
[collision_monitor-17] [INFO] [1774345240.677384035] [collision_monitor]: Destroying bond (collision_monitor) to lifecycle manager.
[behavior_server-13] [INFO] [1774345240.686583727] [rclcpp]: signal_handler(signum=2)
[behavior_server-13] [INFO] [1774345240.686732471] [behavior_server]: Running Nav2 LifecycleNode rcl preshutdown (behavior_server)
[behavior_server-13] [INFO] [1774345240.687314616] [behavior_server]: Deactivating
[behavior_server-13] [INFO] [1774345240.687365364] [behavior_server]: Destroying bond (behavior_server) to lifecycle manager.
[planner_server-12] [INFO] [1774345240.691414126] [rclcpp]: signal_handler(signum=2)
[planner_server-12] [INFO] [1774345240.691530205] [planner_server]: Running Nav2 LifecycleNode rcl preshutdown (planner_server)
[planner_server-12] [WARN] [1774345240.691690907] [planner_server]: GridBased plugin failed to plan from (-0.37, -6.81) to (0.15, -6.80): "no valid path found"
[planner_server-12] [INFO] [1774345240.691723573] [planner_server]: Deactivating
[planner_server-12] [INFO] [1774345240.691856859] [planner_server]: [compute_path_through_poses] [ActionServer] Client requested to cancel the goal. Cancelling.
[smoother_server-11] [INFO] [1774345240.698111996] [rclcpp]: signal_handler(signum=2)
[smoother_server-11] [INFO] [1774345240.698285531] [smoother_server]: Running Nav2 LifecycleNode rcl preshutdown (smoother_server)
[collision_detector-18] [INFO] [1774345240.698140287] [collision_detector]: Destroying bond (collision_detector) to lifecycle manager.
[smoother_server-11] [INFO] [1774345240.700665733] [smoother_server]: Deactivating
[smoother_server-11] [INFO] [1774345240.700783561] [smoother_server]: Destroying bond (smoother_server) to lifecycle manager.
[controller_server-10] [INFO] [1774345240.707607718] [rclcpp]: signal_handler(signum=2)
[controller_server-10] [INFO] [1774345240.707687924] [controller_server]: Running Nav2 LifecycleNode rcl preshutdown (controller_server)
[controller_server-10] [INFO] [1774345240.707823835] [controller_server]: Deactivating
[controller_server-10] [INFO] [1774345240.707880125] [MPPIController]: Deactivated MPPI Controller: FollowPath
[controller_server-10] [INFO] [1774345240.707902874] [local_costmap.local_costmap]: Deactivating
[costmap_filter_info_server-9] [INFO] [1774345240.718352601] [rclcpp]: signal_handler(signum=2)
[costmap_filter_info_server-9] [INFO] [1774345240.718913747] [keepout_costmap_filter_info_server]: Running Nav2 LifecycleNode rcl preshutdown (keepout_costmap_filter_info_server)
[costmap_filter_info_server-9] [INFO] [1774345240.720485770] [keepout_costmap_filter_info_server]: Deactivating
[costmap_filter_info_server-9] [INFO] [1774345240.721363362] [keepout_costmap_filter_info_server]: Destroying bond (keepout_costmap_filter_info_server) to lifecycle manager.
[map_server-8] [INFO] [1774345240.728371553] [rclcpp]: signal_handler(signum=2)
[map_server-8] [INFO] [1774345240.728549755] [keepout_filter_mask_server]: Running Nav2 LifecycleNode rcl preshutdown (keepout_filter_mask_server)
[map_server-8] [INFO] [1774345240.728678375] [keepout_filter_mask_server]: Deactivating
[map_server-8] [INFO] [1774345240.728715999] [keepout_filter_mask_server]: Destroying bond (keepout_filter_mask_server) to lifecycle manager.
[behavior_server-13] [INFO] [1774345240.737709490] [behavior_server]: Cleaning up
[localization_slam_toolbox_node-7] [INFO] [1774345240.741443264] [rclcpp]: signal_handler(signum=2)
[robot_hardware-6] [INFO] [1774345240.756928425] [rclcpp]: signal_handler(signum=2)
[waypoint_follower-15] [INFO] [1774345240.767689349] [waypoint_follower]: Cleaning up
[controller_server-10] [INFO] [1774345240.772412419] [controller_server]: Destroying bond (controller_server) to lifecycle manager.
[bt_navigator-14] [INFO] [1774345240.778851883] [bt_navigator]: [navigate_through_poses] [ActionServer] Waiting for async process to finish.
[scan_to_scan_filter_chain-4] [INFO] [1774345240.775287852] [rclcpp]: signal_handler(signum=2)
[smoother_server-11] [INFO] [1774345240.801571852] [smoother_server]: Cleaning up
[ERROR] [localization_slam_toolbox_node-7]: process has died [pid 59589, exit code -6, cmd '/opt/ros/jazzy/lib/slam_toolbox/localization_slam_toolbox_node --ros-args -r __node:=slam_toolbox -r __ns:=/ --params-file /tmp/launch_params_fs3wgfx1 --params-file /tmp/launch_params_6xeb71jj -r /tf:=tf -r /tf_static:=tf_static -r /tf:=tf -r /tf_static:=tf_static -r /map:=map -r /map_metadata:=map_metadata'].
[ekf_node-5] [INFO] [1774345240.805000846] [rclcpp]: signal_handler(signum=2)
[localization_slam_toolbox_node-7] terminate called after throwing an instance of 'std::runtime_error'
[localization_slam_toolbox_node-7]   what():  context cannot be slept with because it's invalid
[robot_state_publisher-1] [INFO] [1774345240.820570004] [rclcpp]: signal_handler(signum=2)
[planner_server-12] [WARN] [1774345240.827893475] [planner_server]: [compute_path_through_poses] [ActionServer] Requested to deactivate server but goal is still executing. Should check if action server is running before deactivating.
[planner_server-12] [WARN] [1774345240.828007804] [planner_server]: [compute_path_through_poses] [ActionServer] Stopping the thread per request.
[planner_server-12] [INFO] [1774345240.828168506] [global_costmap.global_costmap]: Deactivating
[map_server-8] [INFO] [1774345240.837006837] [keepout_filter_mask_server]: Cleaning up
[map_server-8] [INFO] [1774345240.837112124] [keepout_filter_mask_server]: Destroying bond (keepout_filter_mask_server) to lifecycle manager.
[costmap_filter_info_server-9] [INFO] [1774345240.837362657] [keepout_costmap_filter_info_server]: Cleaning up
[costmap_filter_info_server-9] [INFO] [1774345240.837679395] [keepout_costmap_filter_info_server]: Destroying bond (keepout_costmap_filter_info_server) to lifecycle manager.
[velocity_smoother-16] [INFO] [1774345240.878567756] [velocity_smoother]: Destroying
[bt_navigator-14] [INFO] [1774345240.879038196] [bt_navigator]: [navigate_through_poses] [ActionServer] Waiting for async process to finish.
[collision_detector-18] [INFO] [1774345240.884447823] [collision_detector]: Destroying
[behavior_server-13] [INFO] [1774345240.885308207] [behavior_server]: Destroying bond (behavior_server) to lifecycle manager.
[bt_navigator-14] [WARN] [1774345240.891837501] [bt_navigator]: [navigate_through_poses] [ActionServer] Aborting handle.
[bt_navigator-14] [INFO] [1774345240.892080158] [bt_navigator]: Goal canceled
[bt_navigator-14] [WARN] [1774345240.892120407] [bt_navigator]: [navigate_through_poses] [ActionServer] Stopping the thread per request.
[bt_navigator-14] [INFO] [1774345240.892553223] [bt_navigator]: Destroying bond (bt_navigator) to lifecycle manager.
[bt_navigator-14] [INFO] [1774345240.913222270] [bt_navigator]: Cleaning up
[behavior_server-13] [INFO] [1774345240.927837131] [behavior_server]: Destroying
[planner_server-12] [INFO] [1774345240.996728218] [planner_server]: Deactivating plugin GridBased of type SmacPlanner2D
[planner_server-12] [INFO] [1774345240.996968251] [planner_server]: Destroying bond (planner_server) to lifecycle manager.
[map_server-8] [INFO] [1774345241.014848195] [keepout_filter_mask_server]: Destroying
[smoother_server-11] [INFO] [1774345241.031385358] [smoother_server]: Destroying bond (smoother_server) to lifecycle manager.
[collision_monitor-17] [INFO] [1774345241.052554011] [collision_monitor]: Destroying
[smoother_server-11] [INFO] [1774345241.071970105] [smoother_server]: Destroying
[costmap_filter_info_server-9] [INFO] [1774345241.088741176] [keepout_costmap_filter_info_server]: Destroying
[rplidar_node-3] [INFO] [1774345241.093918062] [rplidar_node]: Stop motor
[controller_server-10] [INFO] [1774345241.139663947] [controller_server]: Cleaning up
[controller_server-10] [INFO] [1774345241.140060598] [MPPIController]: Cleaned up MPPI Controller: FollowPath
[controller_server-10] [INFO] [1774345241.140323380] [local_costmap.local_costmap]: Cleaning up
[waypoint_follower-15] [INFO] [1774345241.160545319] [waypoint_follower]: Destroying bond (waypoint_follower) to lifecycle manager.
[waypoint_follower-15] [INFO] [1774345241.180855046] [waypoint_follower]: Destroying
[planner_server-12] [INFO] [1774345241.335619449] [planner_server]: Cleaning up
[planner_server-12] [INFO] [1774345241.475776575] [global_costmap.global_costmap]: Cleaning up
[controller_server-10] [INFO] [1774345241.582216859] [controller_server]: Destroying bond (controller_server) to lifecycle manager.
[planner_server-12] [INFO] [1774345241.600766153] [planner_server]: Cleaning up plugin GridBased of type SmacPlanner2D
[planner_server-12] [INFO] [1774345241.610344997] [planner_server]: Destroying plugin GridBased of type SmacPlanner2D
[controller_server-10] [INFO] [1774345241.617588846] [local_costmap.local_costmap]: Destroying
[lifecycle_manager-19] [INFO] [1774345241.661865370] [lifecycle_manager_navigation]: Destroying lifecycle_manager_navigation
[delivery_robot_main_controller-20] Traceback (most recent call last):
[delivery_robot_main_controller-20]   File "/home/smr/workspaces/mini_amr/amrROS2_ws/install/delivery_robot_main_controller/lib/delivery_robot_main_controller/delivery_robot_main_controller", line 33, in <module>
[delivery_robot_main_controller-20]     sys.exit(load_entry_point('delivery-robot-main-controller==0.0.1', 'console_scripts', 'delivery_robot_main_controller')())
[delivery_robot_main_controller-20]              ^^^^^^^^^^^^^^^^^^^^^^^^^^^^^^^^^^^^^^^^^^^^^^^^^^^^^^^^^^^^^^^^^^^^^^^^^^^^^^^^^^^^^^^^^^^^^^^^^^^^^^^^^^^^^^^^
[delivery_robot_main_controller-20]   File "/home/smr/workspaces/mini_amr/amrROS2_ws/install/delivery_robot_main_controller/lib/python3.12/site-packages/delivery_robot_main_controller/main_controller_node.py", line 1774, in main
[delivery_robot_main_controller-20]     rclpy.shutdown()
[delivery_robot_main_controller-20]   File "/opt/ros/jazzy/lib/python3.12/site-packages/rclpy/__init__.py", line 134, in shutdown
[delivery_robot_main_controller-20]     _shutdown(context=context)
[delivery_robot_main_controller-20]   File "/opt/ros/jazzy/lib/python3.12/site-packages/rclpy/utilities.py", line 82, in shutdown
[delivery_robot_main_controller-20]     context.shutdown()
[delivery_robot_main_controller-20]   File "/opt/ros/jazzy/lib/python3.12/site-packages/rclpy/context.py", line 129, in shutdown
[delivery_robot_main_controller-20]     self.__context.shutdown()
[delivery_robot_main_controller-20] rclpy._rclpy_pybind11.RCLError: failed to shutdown: rcl_shutdown already called on the given context, at ./src/rcl/init.c:333
[autodock_action_server-25] Traceback (most recent call last):
[autodock_action_server-25]   File "/home/smr/workspaces/mini_amr/amrROS2_ws/install/action_autodock/lib/python3.12/site-packages/action_autodock/autodock_action_server.py", line 1409, in main
[autodock_action_server-25]     executor.spin()
[autodock_action_server-25]   File "/opt/ros/jazzy/lib/python3.12/site-packages/rclpy/executors.py", line 312, in spin
[autodock_action_server-25]     self.spin_once()
[autodock_action_server-25]   File "/opt/ros/jazzy/lib/python3.12/site-packages/rclpy/executors.py", line 917, in spin_once
[autodock_action_server-25]     self._spin_once_impl(timeout_sec)
[autodock_action_server-25]   File "/opt/ros/jazzy/lib/python3.12/site-packages/rclpy/executors.py", line 896, in _spin_once_impl
[autodock_action_server-25]     handler, entity, node = self.wait_for_ready_callbacks(
[autodock_action_server-25]                             ^^^^^^^^^^^^^^^^^^^^^^^^^^^^^^
[autodock_action_server-25]   File "/opt/ros/jazzy/lib/python3.12/site-packages/rclpy/executors.py", line 799, in wait_for_ready_callbacks
[autodock_action_server-25]     return next(self._cb_iter)
[autodock_action_server-25]            ^^^^^^^^^^^^^^^^^^^
[autodock_action_server-25]   File "/opt/ros/jazzy/lib/python3.12/site-packages/rclpy/executors.py", line 703, in _wait_for_ready_callbacks
[autodock_action_server-25]     wait_set.wait(timeout_nsec)
[autodock_action_server-25] KeyboardInterrupt
[autodock_action_server-25] 
[autodock_action_server-25] During handling of the above exception, another exception occurred:
[autodock_action_server-25] 
[autodock_action_server-25] Traceback (most recent call last):
[autodock_action_server-25]   File "/home/smr/workspaces/mini_amr/amrROS2_ws/install/action_autodock/lib/action_autodock/autodock_action_server", line 33, in <module>
[autodock_action_server-25]     sys.exit(load_entry_point('action-autodock==0.0.0', 'console_scripts', 'autodock_action_server')())
[autodock_action_server-25]              ^^^^^^^^^^^^^^^^^^^^^^^^^^^^^^^^^^^^^^^^^^^^^^^^^^^^^^^^^^^^^^^^^^^^^^^^^^^^^^^^^^^^^^^^^
[autodock_action_server-25]   File "/home/smr/workspaces/mini_amr/amrROS2_ws/install/action_autodock/lib/python3.12/site-packages/action_autodock/autodock_action_server.py", line 1420, in main
[autodock_action_server-25]     rclpy.shutdown()   
[autodock_action_server-25]     ^^^^^^^^^^^^^^^^
[autodock_action_server-25]   File "/opt/ros/jazzy/lib/python3.12/site-packages/rclpy/__init__.py", line 134, in shutdown
[autodock_action_server-25]     _shutdown(context=context)
[autodock_action_server-25]   File "/opt/ros/jazzy/lib/python3.12/site-packages/rclpy/utilities.py", line 82, in shutdown
[autodock_action_server-25]     context.shutdown()
[autodock_action_server-25]   File "/opt/ros/jazzy/lib/python3.12/site-packages/rclpy/context.py", line 129, in shutdown
[autodock_action_server-25]     self.__context.shutdown()
[autodock_action_server-25] rclpy._rclpy_pybind11.RCLError: failed to shutdown: rcl_shutdown already called on the given context, at ./src/rcl/init.c:333
[planner_server-12] [INFO] [1774345241.819396418] [planner_server]: Destroying bond (planner_server) to lifecycle manager.
[planner_server-12] [INFO] [1774345241.852763565] [global_costmap.global_costmap]: Destroying
[rpc_run_node-23] Traceback (most recent call last):
[rpc_run_node-23]   File "/home/smr/workspaces/mini_amr/amrROS2_ws/install/delivery_robot_main_controller/lib/delivery_robot_main_controller/rpc_run_node", line 33, in <module>
[rpc_run_node-23]     sys.exit(load_entry_point('delivery-robot-main-controller==0.0.1', 'console_scripts', 'rpc_run_node')())
[rpc_run_node-23]              ^^^^^^^^^^^^^^^^^^^^^^^^^^^^^^^^^^^^^^^^^^^^^^^^^^^^^^^^^^^^^^^^^^^^^^^^^^^^^^^^^^^^^^^^^^^^^^
[rpc_run_node-23]   File "/home/smr/workspaces/mini_amr/amrROS2_ws/install/delivery_robot_main_controller/lib/python3.12/site-packages/delivery_robot_main_controller/rpc_run_node.py", line 57, in main
[rpc_run_node-23]     rclpy.shutdown()
[rpc_run_node-23]   File "/opt/ros/jazzy/lib/python3.12/site-packages/rclpy/__init__.py", line 134, in shutdown
[rpc_run_node-23]     _shutdown(context=context)
[rpc_run_node-23]   File "/opt/ros/jazzy/lib/python3.12/site-packages/rclpy/utilities.py", line 82, in shutdown
[rpc_run_node-23]     context.shutdown()
[rpc_run_node-23]   File "/opt/ros/jazzy/lib/python3.12/site-packages/rclpy/context.py", line 129, in shutdown
[rpc_run_node-23]     self.__context.shutdown()
[rpc_run_node-23] rclpy._rclpy_pybind11.RCLError: failed to shutdown: rcl_shutdown already called on the given context, at ./src/rcl/init.c:333
[planner_server-12] [INFO] [1774345242.096273800] [planner_server]: Destroying
[controller_server-10] [INFO] [1774345242.107206217] [controller_server]: Destroying
[INFO] [behavior_server-13]: process has finished cleanly [pid 59628]
[delivery_robot_main_controller-20] The following exception was never retrieved: 
[robot_sound-21] Traceback (most recent call last):
[robot_sound-21]   File "/home/smr/workspaces/mini_amr/amrROS2_ws/install/delivery_robot_main_controller/lib/delivery_robot_main_controller/robot_sound", line 33, in <module>
[robot_sound-21]     sys.exit(load_entry_point('delivery-robot-main-controller==0.0.1', 'console_scripts', 'robot_sound')())
[robot_sound-21]              ^^^^^^^^^^^^^^^^^^^^^^^^^^^^^^^^^^^^^^^^^^^^^^^^^^^^^^^^^^^^^^^^^^^^^^^^^^^^^^^^^^^^^^^^^^^^^
[robot_sound-21]   File "/home/smr/workspaces/mini_amr/amrROS2_ws/install/delivery_robot_main_controller/lib/python3.12/site-packages/delivery_robot_main_controller/robot_sound.py", line 147, in main
[robot_sound-21]     rclpy.shutdown()
[robot_sound-21]   File "/opt/ros/jazzy/lib/python3.12/site-packages/rclpy/__init__.py", line 134, in shutdown
[robot_sound-21]     _shutdown(context=context)
[robot_sound-21]   File "/opt/ros/jazzy/lib/python3.12/site-packages/rclpy/utilities.py", line 82, in shutdown
[robot_sound-21]     context.shutdown()
[robot_sound-21]   File "/opt/ros/jazzy/lib/python3.12/site-packages/rclpy/context.py", line 129, in shutdown
[robot_sound-21]     self.__context.shutdown()
[robot_sound-21] rclpy._rclpy_pybind11.RCLError: failed to shutdown: rcl_shutdown already called on the given context, at ./src/rcl/init.c:333
[INFO] [collision_monitor-17]: process has finished cleanly [pid 59658]
[INFO] [velocity_smoother-16]: process has finished cleanly [pid 59634]
[INFO] [smoother_server-11]: process has finished cleanly [pid 59597]
[INFO] [robot_hardware-6]: process has finished cleanly [pid 59588]
[INFO] [collision_detector-18]: process has finished cleanly [pid 59659]
[bt_navigator-14] [INFO] [1774345242.594394098] [bt_navigator]: Completed Cleaning up
[bt_navigator-14] [INFO] [1774345242.594665046] [bt_navigator]: Destroying bond (bt_navigator) to lifecycle manager.
[bt_navigator-14] [INFO] [1774345242.604703831] [bt_navigator]: Destroying
[INFO] [costmap_filter_info_server-9]: process has finished cleanly [pid 59591]
[INFO] [map_server-8]: process has finished cleanly [pid 59590]
[INFO] [joint_state_publisher-2]: process has finished cleanly [pid 59584]
[INFO] [waypoint_follower-15]: process has finished cleanly [pid 59633]
[ERROR] [battery_manager_node-26]: process has died [pid 59879, exit code -2, cmd '/home/smr/workspaces/mini_amr/amrROS2_ws/install/battery_management/lib/battery_management/battery_manager_node --ros-args -r __node:=battery_manager -r __ns:=/ --params-file /home/smr/workspaces/mini_amr/amrROS2_ws/install/battery_management/share/battery_management/config/battery_manager.yaml -r /tf:=tf -r /tf_static:=tf_static'].
[call_robot_button-22] Traceback (most recent call last):
[call_robot_button-22]   File "/home/smr/workspaces/mini_amr/amrROS2_ws/install/delivery_robot_main_controller/lib/delivery_robot_main_controller/call_robot_button", line 33, in <module>
[call_robot_button-22]     sys.exit(load_entry_point('delivery-robot-main-controller==0.0.1', 'console_scripts', 'call_robot_button')())
[call_robot_button-22]              ^^^^^^^^^^^^^^^^^^^^^^^^^^^^^^^^^^^^^^^^^^^^^^^^^^^^^^^^^^^^^^^^^^^^^^^^^^^^^^^^^^^^^^^^^^^^^^^^^^^
[call_robot_button-22]   File "/home/smr/workspaces/mini_amr/amrROS2_ws/install/delivery_robot_main_controller/lib/python3.12/site-packages/delivery_robot_main_controller/call_button.py", line 251, in main
[call_robot_button-22]     rclpy.shutdown()
[call_robot_button-22]   File "/opt/ros/jazzy/lib/python3.12/site-packages/rclpy/__init__.py", line 134, in shutdown
[call_robot_button-22]     _shutdown(context=context)
[call_robot_button-22]   File "/opt/ros/jazzy/lib/python3.12/site-packages/rclpy/utilities.py", line 82, in shutdown
[call_robot_button-22]     context.shutdown()
[call_robot_button-22]   File "/opt/ros/jazzy/lib/python3.12/site-packages/rclpy/context.py", line 129, in shutdown
[call_robot_button-22]     self.__context.shutdown()
[call_robot_button-22] rclpy._rclpy_pybind11.RCLError: failed to shutdown: rcl_shutdown already called on the given context, at ./src/rcl/init.c:333
[ERROR] [rpc_run_node-23]: process has died [pid 59876, exit code 1, cmd '/home/smr/workspaces/mini_amr/amrROS2_ws/install/delivery_robot_main_controller/lib/delivery_robot_main_controller/rpc_run_node --ros-args -r __node:=rpc_run_node -r __ns:=/ -r /tf:=tf -r /tf_static:=tf_static'].
[ERROR] [robot_sound-21]: process has died [pid 59874, exit code 1, cmd '/home/smr/workspaces/mini_amr/amrROS2_ws/install/delivery_robot_main_controller/lib/delivery_robot_main_controller/robot_sound --ros-args -r __node:=robot_sound_node -r __ns:=/ -r /tf:=tf -r /tf_static:=tf_static'].
[ERROR] [call_robot_button-22]: process has died [pid 59875, exit code 1, cmd '/home/smr/workspaces/mini_amr/amrROS2_ws/install/delivery_robot_main_controller/lib/delivery_robot_main_controller/call_robot_button --ros-args -r __node:=call_robot_button_node -r __ns:=/ -r /tf:=tf -r /tf_static:=tf_static'].
[INFO] [lifecycle_manager-19]: process has finished cleanly [pid 59672]
[INFO] [robot_state_publisher-1]: process has finished cleanly [pid 59583]
[INFO] [ekf_node-5]: process has finished cleanly [pid 59587]
[INFO] [rplidar_node-3]: process has finished cleanly [pid 59585]
[INFO] [scan_to_scan_filter_chain-4]: process has finished cleanly [pid 59586]
[INFO] [planner_server-12]: process has finished cleanly [pid 59604]
[INFO] [controller_server-10]: process has finished cleanly [pid 59594]
[ERROR] [autodock_action_server-25]: process has died [pid 59878, exit code 1, cmd '/home/smr/workspaces/mini_amr/amrROS2_ws/install/action_autodock/lib/action_autodock/autodock_action_server --ros-args -r __ns:=/ --params-file /home/smr/workspaces/mini_amr/amrROS2_ws/install/action_autodock/share/action_autodock/config/auto_dock_config.yaml --params-file /tmp/launch_params_8z79d684 -r /tf:=tf -r /tf_static:=tf_static'].
[INFO] [bt_navigator-14]: process has finished cleanly [pid 59632]
[ERROR] [delivery_robot_main_controller-20]: process has died [pid 59873, exit code 1, cmd '/home/smr/workspaces/mini_amr/amrROS2_ws/install/delivery_robot_main_controller/lib/delivery_robot_main_controller/delivery_robot_main_controller --ros-args -r __node:=main_controller_node -r __ns:=/ --params-file /tmp/launch_params_zt1dyofs -r /tf:=tf -r /tf_static:=tf_static'].
