[0.276s] DEBUG:colcon:Command line arguments: ['/usr/bin/colcon', 'build']
[0.276s] DEBUG:colcon:Parsed command line arguments: Namespace(log_base=None, log_level=None, verb_name='build', build_base='build', install_base='install', merge_install=False, symlink_install=False, test_result_base=None, continue_on_error=False, executor='parallel', parallel_workers=8, event_handlers=None, ignore_user_meta=False, metas=['./colcon.meta'], base_paths=['.'], packages_ignore=None, packages_ignore_regex=None, paths=None, packages_up_to=None, packages_up_to_regex=None, packages_above=None, packages_above_and_dependencies=None, packages_above_depth=None, packages_select_by_dep=None, packages_skip_by_dep=None, packages_skip_up_to=None, packages_select_build_failed=False, packages_skip_build_finished=False, packages_select_test_failures=False, packages_skip_test_passed=False, packages_select=None, packages_skip=None, packages_select_regex=None, packages_skip_regex=None, packages_start=None, packages_end=None, cmake_args=None, cmake_target=None, cmake_target_skip_unavailable=False, cmake_clean_cache=False, cmake_clean_first=False, cmake_force_configure=False, ament_cmake_args=None, catkin_cmake_args=None, catkin_skip_building_tests=False, verb_parser=<colcon_defaults.argument_parser.defaults.DefaultArgumentsDecorator object at 0xffff9859a1e0>, verb_extension=<colcon_core.verb.build.BuildVerb object at 0xffff98599fa0>, main=<bound method BuildVerb.main of <colcon_core.verb.build.BuildVerb object at 0xffff98599fa0>>)
[0.403s] Level 1:colcon.colcon_core.package_discovery:discover_packages(colcon_meta) check parameters
[0.403s] Level 1:colcon.colcon_core.package_discovery:discover_packages(recursive) check parameters
[0.403s] Level 1:colcon.colcon_core.package_discovery:discover_packages(ignore) check parameters
[0.404s] Level 1:colcon.colcon_core.package_discovery:discover_packages(path) check parameters
[0.404s] Level 1:colcon.colcon_core.package_discovery:discover_packages(colcon_meta) discover
[0.404s] Level 1:colcon.colcon_core.package_discovery:discover_packages(recursive) discover
[0.404s] INFO:colcon.colcon_core.package_discovery:Crawling recursively for packages in '/home/smr/workspaces/mini_amr/amrROS2_ws'
[0.404s] Level 1:colcon.colcon_core.package_identification:_identify(.) by extensions ['ignore', 'ignore_ament_install']
[0.404s] Level 1:colcon.colcon_core.package_identification:_identify(.) by extension 'ignore'
[0.404s] Level 1:colcon.colcon_core.package_identification:_identify(.) by extension 'ignore_ament_install'
[0.404s] Level 1:colcon.colcon_core.package_identification:_identify(.) by extensions ['colcon_pkg']
[0.404s] Level 1:colcon.colcon_core.package_identification:_identify(.) by extension 'colcon_pkg'
[0.404s] Level 1:colcon.colcon_core.package_identification:_identify(.) by extensions ['colcon_meta']
[0.404s] Level 1:colcon.colcon_core.package_identification:_identify(.) by extension 'colcon_meta'
[0.405s] Level 1:colcon.colcon_core.package_identification:_identify(.) by extensions ['ros']
[0.405s] Level 1:colcon.colcon_core.package_identification:_identify(.) by extension 'ros'
[0.452s] Level 1:colcon.colcon_core.package_identification:_identify(.) by extensions ['cmake', 'python']
[0.452s] Level 1:colcon.colcon_core.package_identification:_identify(.) by extension 'cmake'
[0.452s] Level 1:colcon.colcon_core.package_identification:_identify(.) by extension 'python'
[0.452s] Level 1:colcon.colcon_core.package_identification:_identify(.) by extensions ['python_setup_py']
[0.452s] Level 1:colcon.colcon_core.package_identification:_identify(.) by extension 'python_setup_py'
[0.452s] Level 1:colcon.colcon_core.package_identification:_identify(build) by extensions ['ignore', 'ignore_ament_install']
[0.453s] Level 1:colcon.colcon_core.package_identification:_identify(build) by extension 'ignore'
[0.453s] Level 1:colcon.colcon_core.package_identification:_identify(build) ignored
[0.453s] Level 1:colcon.colcon_core.package_identification:_identify(install) by extensions ['ignore', 'ignore_ament_install']
[0.453s] Level 1:colcon.colcon_core.package_identification:_identify(install) by extension 'ignore'
[0.453s] Level 1:colcon.colcon_core.package_identification:_identify(install) ignored
[0.453s] Level 1:colcon.colcon_core.package_identification:_identify(log) by extensions ['ignore', 'ignore_ament_install']
[0.454s] Level 1:colcon.colcon_core.package_identification:_identify(log) by extension 'ignore'
[0.454s] Level 1:colcon.colcon_core.package_identification:_identify(log) ignored
[0.454s] Level 1:colcon.colcon_core.package_identification:_identify(maps) by extensions ['ignore', 'ignore_ament_install']
[0.454s] Level 1:colcon.colcon_core.package_identification:_identify(maps) by extension 'ignore'
[0.454s] Level 1:colcon.colcon_core.package_identification:_identify(maps) by extension 'ignore_ament_install'
[0.454s] Level 1:colcon.colcon_core.package_identification:_identify(maps) by extensions ['colcon_pkg']
[0.454s] Level 1:colcon.colcon_core.package_identification:_identify(maps) by extension 'colcon_pkg'
[0.454s] Level 1:colcon.colcon_core.package_identification:_identify(maps) by extensions ['colcon_meta']
[0.454s] Level 1:colcon.colcon_core.package_identification:_identify(maps) by extension 'colcon_meta'
[0.454s] Level 1:colcon.colcon_core.package_identification:_identify(maps) by extensions ['ros']
[0.454s] Level 1:colcon.colcon_core.package_identification:_identify(maps) by extension 'ros'
[0.454s] Level 1:colcon.colcon_core.package_identification:_identify(maps) by extensions ['cmake', 'python']
[0.455s] Level 1:colcon.colcon_core.package_identification:_identify(maps) by extension 'cmake'
[0.455s] Level 1:colcon.colcon_core.package_identification:_identify(maps) by extension 'python'
[0.455s] Level 1:colcon.colcon_core.package_identification:_identify(maps) by extensions ['python_setup_py']
[0.455s] Level 1:colcon.colcon_core.package_identification:_identify(maps) by extension 'python_setup_py'
[0.455s] Level 1:colcon.colcon_core.package_identification:_identify(src) by extensions ['ignore', 'ignore_ament_install']
[0.455s] Level 1:colcon.colcon_core.package_identification:_identify(src) by extension 'ignore'
[0.455s] Level 1:colcon.colcon_core.package_identification:_identify(src) by extension 'ignore_ament_install'
[0.455s] Level 1:colcon.colcon_core.package_identification:_identify(src) by extensions ['colcon_pkg']
[0.455s] Level 1:colcon.colcon_core.package_identification:_identify(src) by extension 'colcon_pkg'
[0.455s] Level 1:colcon.colcon_core.package_identification:_identify(src) by extensions ['colcon_meta']
[0.455s] Level 1:colcon.colcon_core.package_identification:_identify(src) by extension 'colcon_meta'
[0.455s] Level 1:colcon.colcon_core.package_identification:_identify(src) by extensions ['ros']
[0.455s] Level 1:colcon.colcon_core.package_identification:_identify(src) by extension 'ros'
[0.455s] Level 1:colcon.colcon_core.package_identification:_identify(src) by extensions ['cmake', 'python']
[0.455s] Level 1:colcon.colcon_core.package_identification:_identify(src) by extension 'cmake'
[0.455s] Level 1:colcon.colcon_core.package_identification:_identify(src) by extension 'python'
[0.456s] Level 1:colcon.colcon_core.package_identification:_identify(src) by extensions ['python_setup_py']
[0.456s] Level 1:colcon.colcon_core.package_identification:_identify(src) by extension 'python_setup_py'
[0.456s] Level 1:colcon.colcon_core.package_identification:_identify(src/autodock) by extensions ['ignore', 'ignore_ament_install']
[0.456s] Level 1:colcon.colcon_core.package_identification:_identify(src/autodock) by extension 'ignore'
[0.456s] Level 1:colcon.colcon_core.package_identification:_identify(src/autodock) by extension 'ignore_ament_install'
[0.457s] Level 1:colcon.colcon_core.package_identification:_identify(src/autodock) by extensions ['colcon_pkg']
[0.457s] Level 1:colcon.colcon_core.package_identification:_identify(src/autodock) by extension 'colcon_pkg'
[0.457s] Level 1:colcon.colcon_core.package_identification:_identify(src/autodock) by extensions ['colcon_meta']
[0.457s] Level 1:colcon.colcon_core.package_identification:_identify(src/autodock) by extension 'colcon_meta'
[0.457s] Level 1:colcon.colcon_core.package_identification:_identify(src/autodock) by extensions ['ros']
[0.457s] Level 1:colcon.colcon_core.package_identification:_identify(src/autodock) by extension 'ros'
[0.457s] Level 1:colcon.colcon_core.package_identification:_identify(src/autodock) by extensions ['cmake', 'python']
[0.457s] Level 1:colcon.colcon_core.package_identification:_identify(src/autodock) by extension 'cmake'
[0.457s] Level 1:colcon.colcon_core.package_identification:_identify(src/autodock) by extension 'python'
[0.457s] Level 1:colcon.colcon_core.package_identification:_identify(src/autodock) by extensions ['python_setup_py']
[0.457s] Level 1:colcon.colcon_core.package_identification:_identify(src/autodock) by extension 'python_setup_py'
[0.458s] Level 1:colcon.colcon_core.package_identification:_identify(src/autodock/action_autodock) by extensions ['ignore', 'ignore_ament_install']
[0.458s] Level 1:colcon.colcon_core.package_identification:_identify(src/autodock/action_autodock) by extension 'ignore'
[0.458s] Level 1:colcon.colcon_core.package_identification:_identify(src/autodock/action_autodock) by extension 'ignore_ament_install'
[0.458s] Level 1:colcon.colcon_core.package_identification:_identify(src/autodock/action_autodock) by extensions ['colcon_pkg']
[0.458s] Level 1:colcon.colcon_core.package_identification:_identify(src/autodock/action_autodock) by extension 'colcon_pkg'
[0.458s] Level 1:colcon.colcon_core.package_identification:_identify(src/autodock/action_autodock) by extensions ['colcon_meta']
[0.458s] Level 1:colcon.colcon_core.package_identification:_identify(src/autodock/action_autodock) by extension 'colcon_meta'
[0.458s] Level 1:colcon.colcon_core.package_identification:_identify(src/autodock/action_autodock) by extensions ['ros']
[0.458s] Level 1:colcon.colcon_core.package_identification:_identify(src/autodock/action_autodock) by extension 'ros'
[0.474s] DEBUG:colcon.colcon_core.package_identification:Package 'src/autodock/action_autodock' with type 'ros.ament_python' and name 'action_autodock'
[0.475s] Level 1:colcon.colcon_core.package_identification:_identify(src/autodock/custom_interface) by extensions ['ignore', 'ignore_ament_install']
[0.475s] Level 1:colcon.colcon_core.package_identification:_identify(src/autodock/custom_interface) by extension 'ignore'
[0.475s] Level 1:colcon.colcon_core.package_identification:_identify(src/autodock/custom_interface) by extension 'ignore_ament_install'
[0.475s] Level 1:colcon.colcon_core.package_identification:_identify(src/autodock/custom_interface) by extensions ['colcon_pkg']
[0.476s] Level 1:colcon.colcon_core.package_identification:_identify(src/autodock/custom_interface) by extension 'colcon_pkg'
[0.476s] Level 1:colcon.colcon_core.package_identification:_identify(src/autodock/custom_interface) by extensions ['colcon_meta']
[0.476s] Level 1:colcon.colcon_core.package_identification:_identify(src/autodock/custom_interface) by extension 'colcon_meta'
[0.476s] Level 1:colcon.colcon_core.package_identification:_identify(src/autodock/custom_interface) by extensions ['ros']
[0.476s] Level 1:colcon.colcon_core.package_identification:_identify(src/autodock/custom_interface) by extension 'ros'
[0.477s] DEBUG:colcon.colcon_core.package_identification:Package 'src/autodock/custom_interface' with type 'ros.ament_cmake' and name 'custom_interface'
[0.477s] Level 1:colcon.colcon_core.package_identification:_identify(src/autodock/dock_lidar) by extensions ['ignore', 'ignore_ament_install']
[0.478s] Level 1:colcon.colcon_core.package_identification:_identify(src/autodock/dock_lidar) by extension 'ignore'
[0.478s] Level 1:colcon.colcon_core.package_identification:_identify(src/autodock/dock_lidar) by extension 'ignore_ament_install'
[0.478s] Level 1:colcon.colcon_core.package_identification:_identify(src/autodock/dock_lidar) by extensions ['colcon_pkg']
[0.478s] Level 1:colcon.colcon_core.package_identification:_identify(src/autodock/dock_lidar) by extension 'colcon_pkg'
[0.478s] Level 1:colcon.colcon_core.package_identification:_identify(src/autodock/dock_lidar) by extensions ['colcon_meta']
[0.478s] Level 1:colcon.colcon_core.package_identification:_identify(src/autodock/dock_lidar) by extension 'colcon_meta'
[0.478s] Level 1:colcon.colcon_core.package_identification:_identify(src/autodock/dock_lidar) by extensions ['ros']
[0.478s] Level 1:colcon.colcon_core.package_identification:_identify(src/autodock/dock_lidar) by extension 'ros'
[0.480s] DEBUG:colcon.colcon_core.package_identification:Package 'src/autodock/dock_lidar' with type 'ros.ament_cmake' and name 'dock_lidar'
[0.481s] Level 1:colcon.colcon_core.package_identification:_identify(src/bringup) by extensions ['ignore', 'ignore_ament_install']
[0.481s] Level 1:colcon.colcon_core.package_identification:_identify(src/bringup) by extension 'ignore'
[0.481s] Level 1:colcon.colcon_core.package_identification:_identify(src/bringup) by extension 'ignore_ament_install'
[0.481s] Level 1:colcon.colcon_core.package_identification:_identify(src/bringup) by extensions ['colcon_pkg']
[0.481s] Level 1:colcon.colcon_core.package_identification:_identify(src/bringup) by extension 'colcon_pkg'
[0.481s] Level 1:colcon.colcon_core.package_identification:_identify(src/bringup) by extensions ['colcon_meta']
[0.481s] Level 1:colcon.colcon_core.package_identification:_identify(src/bringup) by extension 'colcon_meta'
[0.481s] Level 1:colcon.colcon_core.package_identification:_identify(src/bringup) by extensions ['ros']
[0.481s] Level 1:colcon.colcon_core.package_identification:_identify(src/bringup) by extension 'ros'
[0.483s] DEBUG:colcon.colcon_core.package_identification:Package 'src/bringup' with type 'ros.ament_cmake' and name 'bringup'
[0.483s] Level 1:colcon.colcon_core.package_identification:_identify(src/description) by extensions ['ignore', 'ignore_ament_install']
[0.483s] Level 1:colcon.colcon_core.package_identification:_identify(src/description) by extension 'ignore'
[0.484s] Level 1:colcon.colcon_core.package_identification:_identify(src/description) by extension 'ignore_ament_install'
[0.484s] Level 1:colcon.colcon_core.package_identification:_identify(src/description) by extensions ['colcon_pkg']
[0.484s] Level 1:colcon.colcon_core.package_identification:_identify(src/description) by extension 'colcon_pkg'
[0.484s] Level 1:colcon.colcon_core.package_identification:_identify(src/description) by extensions ['colcon_meta']
[0.484s] Level 1:colcon.colcon_core.package_identification:_identify(src/description) by extension 'colcon_meta'
[0.484s] Level 1:colcon.colcon_core.package_identification:_identify(src/description) by extensions ['ros']
[0.484s] Level 1:colcon.colcon_core.package_identification:_identify(src/description) by extension 'ros'
[0.485s] DEBUG:colcon.colcon_core.package_identification:Package 'src/description' with type 'ros.ament_cmake' and name 'description'
[0.485s] Level 1:colcon.colcon_core.package_identification:_identify(src/navigation) by extensions ['ignore', 'ignore_ament_install']
[0.486s] Level 1:colcon.colcon_core.package_identification:_identify(src/navigation) by extension 'ignore'
[0.486s] Level 1:colcon.colcon_core.package_identification:_identify(src/navigation) by extension 'ignore_ament_install'
[0.486s] Level 1:colcon.colcon_core.package_identification:_identify(src/navigation) by extensions ['colcon_pkg']
[0.486s] Level 1:colcon.colcon_core.package_identification:_identify(src/navigation) by extension 'colcon_pkg'
[0.486s] Level 1:colcon.colcon_core.package_identification:_identify(src/navigation) by extensions ['colcon_meta']
[0.486s] Level 1:colcon.colcon_core.package_identification:_identify(src/navigation) by extension 'colcon_meta'
[0.486s] Level 1:colcon.colcon_core.package_identification:_identify(src/navigation) by extensions ['ros']
[0.486s] Level 1:colcon.colcon_core.package_identification:_identify(src/navigation) by extension 'ros'
[0.487s] DEBUG:colcon.colcon_core.package_identification:Package 'src/navigation' with type 'ros.ament_cmake' and name 'navigation'
[0.488s] Level 1:colcon.colcon_core.package_identification:_identify(src/python_pkg) by extensions ['ignore', 'ignore_ament_install']
[0.488s] Level 1:colcon.colcon_core.package_identification:_identify(src/python_pkg) by extension 'ignore'
[0.488s] Level 1:colcon.colcon_core.package_identification:_identify(src/python_pkg) by extension 'ignore_ament_install'
[0.488s] Level 1:colcon.colcon_core.package_identification:_identify(src/python_pkg) by extensions ['colcon_pkg']
[0.488s] Level 1:colcon.colcon_core.package_identification:_identify(src/python_pkg) by extension 'colcon_pkg'
[0.488s] Level 1:colcon.colcon_core.package_identification:_identify(src/python_pkg) by extensions ['colcon_meta']
[0.488s] Level 1:colcon.colcon_core.package_identification:_identify(src/python_pkg) by extension 'colcon_meta'
[0.488s] Level 1:colcon.colcon_core.package_identification:_identify(src/python_pkg) by extensions ['ros']
[0.488s] Level 1:colcon.colcon_core.package_identification:_identify(src/python_pkg) by extension 'ros'
[0.489s] DEBUG:colcon.colcon_core.package_identification:Package 'src/python_pkg' with type 'ros.ament_python' and name 'python_pkg'
[0.490s] Level 1:colcon.colcon_core.package_identification:_identify(src/robot_data_tool) by extensions ['ignore', 'ignore_ament_install']
[0.490s] Level 1:colcon.colcon_core.package_identification:_identify(src/robot_data_tool) by extension 'ignore'
[0.490s] Level 1:colcon.colcon_core.package_identification:_identify(src/robot_data_tool) by extension 'ignore_ament_install'
[0.490s] Level 1:colcon.colcon_core.package_identification:_identify(src/robot_data_tool) by extensions ['colcon_pkg']
[0.490s] Level 1:colcon.colcon_core.package_identification:_identify(src/robot_data_tool) by extension 'colcon_pkg'
[0.490s] Level 1:colcon.colcon_core.package_identification:_identify(src/robot_data_tool) by extensions ['colcon_meta']
[0.490s] Level 1:colcon.colcon_core.package_identification:_identify(src/robot_data_tool) by extension 'colcon_meta'
[0.490s] Level 1:colcon.colcon_core.package_identification:_identify(src/robot_data_tool) by extensions ['ros']
[0.490s] Level 1:colcon.colcon_core.package_identification:_identify(src/robot_data_tool) by extension 'ros'
[0.491s] DEBUG:colcon.colcon_core.package_identification:Package 'src/robot_data_tool' with type 'ros.ament_python' and name 'robot_data_tool'
[0.492s] Level 1:colcon.colcon_core.package_identification:_identify(src/robot_hardware_interface) by extensions ['ignore', 'ignore_ament_install']
[0.492s] Level 1:colcon.colcon_core.package_identification:_identify(src/robot_hardware_interface) by extension 'ignore'
[0.492s] Level 1:colcon.colcon_core.package_identification:_identify(src/robot_hardware_interface) by extension 'ignore_ament_install'
[0.492s] Level 1:colcon.colcon_core.package_identification:_identify(src/robot_hardware_interface) by extensions ['colcon_pkg']
[0.492s] Level 1:colcon.colcon_core.package_identification:_identify(src/robot_hardware_interface) by extension 'colcon_pkg'
[0.492s] Level 1:colcon.colcon_core.package_identification:_identify(src/robot_hardware_interface) by extensions ['colcon_meta']
[0.492s] Level 1:colcon.colcon_core.package_identification:_identify(src/robot_hardware_interface) by extension 'colcon_meta'
[0.492s] Level 1:colcon.colcon_core.package_identification:_identify(src/robot_hardware_interface) by extensions ['ros']
[0.492s] Level 1:colcon.colcon_core.package_identification:_identify(src/robot_hardware_interface) by extension 'ros'
[0.496s] DEBUG:colcon.colcon_core.package_identification:Package 'src/robot_hardware_interface' with type 'ros.ament_cmake' and name 'robot_hardware_interface'
[0.497s] Level 1:colcon.colcon_core.package_identification:_identify(src/sllidar_ros2) by extensions ['ignore', 'ignore_ament_install']
[0.497s] Level 1:colcon.colcon_core.package_identification:_identify(src/sllidar_ros2) by extension 'ignore'
[0.497s] Level 1:colcon.colcon_core.package_identification:_identify(src/sllidar_ros2) by extension 'ignore_ament_install'
[0.497s] Level 1:colcon.colcon_core.package_identification:_identify(src/sllidar_ros2) by extensions ['colcon_pkg']
[0.497s] Level 1:colcon.colcon_core.package_identification:_identify(src/sllidar_ros2) by extension 'colcon_pkg'
[0.497s] Level 1:colcon.colcon_core.package_identification:_identify(src/sllidar_ros2) by extensions ['colcon_meta']
[0.497s] Level 1:colcon.colcon_core.package_identification:_identify(src/sllidar_ros2) by extension 'colcon_meta'
[0.497s] Level 1:colcon.colcon_core.package_identification:_identify(src/sllidar_ros2) by extensions ['ros']
[0.497s] Level 1:colcon.colcon_core.package_identification:_identify(src/sllidar_ros2) by extension 'ros'
[0.501s] DEBUG:colcon.colcon_core.package_identification:Package 'src/sllidar_ros2' with type 'ros.ament_cmake' and name 'sllidar_ros2'
[0.502s] Level 1:colcon.colcon_core.package_identification:_identify(src/src) by extensions ['ignore', 'ignore_ament_install']
[0.503s] Level 1:colcon.colcon_core.package_identification:_identify(src/src) by extension 'ignore'
[0.503s] Level 1:colcon.colcon_core.package_identification:_identify(src/src) by extension 'ignore_ament_install'
[0.503s] Level 1:colcon.colcon_core.package_identification:_identify(src/src) by extensions ['colcon_pkg']
[0.503s] Level 1:colcon.colcon_core.package_identification:_identify(src/src) by extension 'colcon_pkg'
[0.503s] Level 1:colcon.colcon_core.package_identification:_identify(src/src) by extensions ['colcon_meta']
[0.503s] Level 1:colcon.colcon_core.package_identification:_identify(src/src) by extension 'colcon_meta'
[0.503s] Level 1:colcon.colcon_core.package_identification:_identify(src/src) by extensions ['ros']
[0.503s] Level 1:colcon.colcon_core.package_identification:_identify(src/src) by extension 'ros'
[0.503s] Level 1:colcon.colcon_core.package_identification:_identify(src/src) by extensions ['cmake', 'python']
[0.503s] Level 1:colcon.colcon_core.package_identification:_identify(src/src) by extension 'cmake'
[0.503s] Level 1:colcon.colcon_core.package_identification:_identify(src/src) by extension 'python'
[0.504s] Level 1:colcon.colcon_core.package_identification:_identify(src/src) by extensions ['python_setup_py']
[0.504s] Level 1:colcon.colcon_core.package_identification:_identify(src/src) by extension 'python_setup_py'
[0.504s] Level 1:colcon.colcon_core.package_identification:_identify(src/src/micro_ros_setup) by extensions ['ignore', 'ignore_ament_install']
[0.504s] Level 1:colcon.colcon_core.package_identification:_identify(src/src/micro_ros_setup) by extension 'ignore'
[0.504s] Level 1:colcon.colcon_core.package_identification:_identify(src/src/micro_ros_setup) by extension 'ignore_ament_install'
[0.504s] Level 1:colcon.colcon_core.package_identification:_identify(src/src/micro_ros_setup) by extensions ['colcon_pkg']
[0.504s] Level 1:colcon.colcon_core.package_identification:_identify(src/src/micro_ros_setup) by extension 'colcon_pkg'
[0.505s] Level 1:colcon.colcon_core.package_identification:_identify(src/src/micro_ros_setup) by extensions ['colcon_meta']
[0.505s] Level 1:colcon.colcon_core.package_identification:_identify(src/src/micro_ros_setup) by extension 'colcon_meta'
[0.505s] Level 1:colcon.colcon_core.package_identification:_identify(src/src/micro_ros_setup) by extensions ['ros']
[0.505s] Level 1:colcon.colcon_core.package_identification:_identify(src/src/micro_ros_setup) by extension 'ros'
[0.505s] Level 1:colcon.colcon_core.package_identification:_identify(src/src/micro_ros_setup) by extensions ['cmake', 'python']
[0.505s] Level 1:colcon.colcon_core.package_identification:_identify(src/src/micro_ros_setup) by extension 'cmake'
[0.505s] Level 1:colcon.colcon_core.package_identification:_identify(src/src/micro_ros_setup) by extension 'python'
[0.505s] Level 1:colcon.colcon_core.package_identification:_identify(src/src/micro_ros_setup) by extensions ['python_setup_py']
[0.505s] Level 1:colcon.colcon_core.package_identification:_identify(src/src/micro_ros_setup) by extension 'python_setup_py'
[0.505s] Level 1:colcon.colcon_core.package_identification:_identify(src/wis_pkg) by extensions ['ignore', 'ignore_ament_install']
[0.505s] Level 1:colcon.colcon_core.package_identification:_identify(src/wis_pkg) by extension 'ignore'
[0.505s] Level 1:colcon.colcon_core.package_identification:_identify(src/wis_pkg) by extension 'ignore_ament_install'
[0.505s] Level 1:colcon.colcon_core.package_identification:_identify(src/wis_pkg) by extensions ['colcon_pkg']
[0.505s] Level 1:colcon.colcon_core.package_identification:_identify(src/wis_pkg) by extension 'colcon_pkg'
[0.505s] Level 1:colcon.colcon_core.package_identification:_identify(src/wis_pkg) by extensions ['colcon_meta']
[0.505s] Level 1:colcon.colcon_core.package_identification:_identify(src/wis_pkg) by extension 'colcon_meta'
[0.506s] Level 1:colcon.colcon_core.package_identification:_identify(src/wis_pkg) by extensions ['ros']
[0.506s] Level 1:colcon.colcon_core.package_identification:_identify(src/wis_pkg) by extension 'ros'
[0.507s] DEBUG:colcon.colcon_core.package_identification:Package 'src/wis_pkg' with type 'ros.ament_python' and name 'wis_pkg'
[0.507s] Level 1:colcon.colcon_core.package_discovery:discover_packages(recursive) using defaults
[0.507s] Level 1:colcon.colcon_core.package_discovery:discover_packages(ignore) discover
[0.507s] Level 1:colcon.colcon_core.package_discovery:discover_packages(ignore) using defaults
[0.507s] Level 1:colcon.colcon_core.package_discovery:discover_packages(path) discover
[0.507s] Level 1:colcon.colcon_core.package_discovery:discover_packages(path) using defaults
[0.544s] Level 5:colcon.colcon_core.verb:set package 'action_autodock' build argument 'cmake_args' from command line to 'None'
[0.545s] Level 5:colcon.colcon_core.verb:set package 'action_autodock' build argument 'cmake_target' from command line to 'None'
[0.545s] Level 5:colcon.colcon_core.verb:set package 'action_autodock' build argument 'cmake_target_skip_unavailable' from command line to 'False'
[0.545s] Level 5:colcon.colcon_core.verb:set package 'action_autodock' build argument 'cmake_clean_cache' from command line to 'False'
[0.545s] Level 5:colcon.colcon_core.verb:set package 'action_autodock' build argument 'cmake_clean_first' from command line to 'False'
[0.545s] Level 5:colcon.colcon_core.verb:set package 'action_autodock' build argument 'cmake_force_configure' from command line to 'False'
[0.545s] Level 5:colcon.colcon_core.verb:set package 'action_autodock' build argument 'ament_cmake_args' from command line to 'None'
[0.545s] Level 5:colcon.colcon_core.verb:set package 'action_autodock' build argument 'catkin_cmake_args' from command line to 'None'
[0.545s] Level 5:colcon.colcon_core.verb:set package 'action_autodock' build argument 'catkin_skip_building_tests' from command line to 'False'
[0.545s] DEBUG:colcon.colcon_core.verb:Building package 'action_autodock' with the following arguments: {'ament_cmake_args': None, 'build_base': '/home/smr/workspaces/mini_amr/amrROS2_ws/build/action_autodock', 'catkin_cmake_args': None, 'catkin_skip_building_tests': False, 'cmake_args': None, 'cmake_clean_cache': False, 'cmake_clean_first': False, 'cmake_force_configure': False, 'cmake_target': None, 'cmake_target_skip_unavailable': False, 'install_base': '/home/smr/workspaces/mini_amr/amrROS2_ws/install/action_autodock', 'merge_install': False, 'path': '/home/smr/workspaces/mini_amr/amrROS2_ws/src/autodock/action_autodock', 'symlink_install': False, 'test_result_base': None}
[0.545s] Level 5:colcon.colcon_core.verb:set package 'bringup' build argument 'cmake_args' from command line to 'None'
[0.545s] Level 5:colcon.colcon_core.verb:set package 'bringup' build argument 'cmake_target' from command line to 'None'
[0.545s] Level 5:colcon.colcon_core.verb:set package 'bringup' build argument 'cmake_target_skip_unavailable' from command line to 'False'
[0.545s] Level 5:colcon.colcon_core.verb:set package 'bringup' build argument 'cmake_clean_cache' from command line to 'False'
[0.545s] Level 5:colcon.colcon_core.verb:set package 'bringup' build argument 'cmake_clean_first' from command line to 'False'
[0.545s] Level 5:colcon.colcon_core.verb:set package 'bringup' build argument 'cmake_force_configure' from command line to 'False'
[0.545s] Level 5:colcon.colcon_core.verb:set package 'bringup' build argument 'ament_cmake_args' from command line to 'None'
[0.545s] Level 5:colcon.colcon_core.verb:set package 'bringup' build argument 'catkin_cmake_args' from command line to 'None'
[0.545s] Level 5:colcon.colcon_core.verb:set package 'bringup' build argument 'catkin_skip_building_tests' from command line to 'False'
[0.545s] DEBUG:colcon.colcon_core.verb:Building package 'bringup' with the following arguments: {'ament_cmake_args': None, 'build_base': '/home/smr/workspaces/mini_amr/amrROS2_ws/build/bringup', 'catkin_cmake_args': None, 'catkin_skip_building_tests': False, 'cmake_args': None, 'cmake_clean_cache': False, 'cmake_clean_first': False, 'cmake_force_configure': False, 'cmake_target': None, 'cmake_target_skip_unavailable': False, 'install_base': '/home/smr/workspaces/mini_amr/amrROS2_ws/install/bringup', 'merge_install': False, 'path': '/home/smr/workspaces/mini_amr/amrROS2_ws/src/bringup', 'symlink_install': False, 'test_result_base': None}
[0.546s] Level 5:colcon.colcon_core.verb:set package 'custom_interface' build argument 'cmake_args' from command line to 'None'
[0.546s] Level 5:colcon.colcon_core.verb:set package 'custom_interface' build argument 'cmake_target' from command line to 'None'
[0.546s] Level 5:colcon.colcon_core.verb:set package 'custom_interface' build argument 'cmake_target_skip_unavailable' from command line to 'False'
[0.546s] Level 5:colcon.colcon_core.verb:set package 'custom_interface' build argument 'cmake_clean_cache' from command line to 'False'
[0.546s] Level 5:colcon.colcon_core.verb:set package 'custom_interface' build argument 'cmake_clean_first' from command line to 'False'
[0.546s] Level 5:colcon.colcon_core.verb:set package 'custom_interface' build argument 'cmake_force_configure' from command line to 'False'
[0.546s] Level 5:colcon.colcon_core.verb:set package 'custom_interface' build argument 'ament_cmake_args' from command line to 'None'
[0.546s] Level 5:colcon.colcon_core.verb:set package 'custom_interface' build argument 'catkin_cmake_args' from command line to 'None'
[0.546s] Level 5:colcon.colcon_core.verb:set package 'custom_interface' build argument 'catkin_skip_building_tests' from command line to 'False'
[0.546s] DEBUG:colcon.colcon_core.verb:Building package 'custom_interface' with the following arguments: {'ament_cmake_args': None, 'build_base': '/home/smr/workspaces/mini_amr/amrROS2_ws/build/custom_interface', 'catkin_cmake_args': None, 'catkin_skip_building_tests': False, 'cmake_args': None, 'cmake_clean_cache': False, 'cmake_clean_first': False, 'cmake_force_configure': False, 'cmake_target': None, 'cmake_target_skip_unavailable': False, 'install_base': '/home/smr/workspaces/mini_amr/amrROS2_ws/install/custom_interface', 'merge_install': False, 'path': '/home/smr/workspaces/mini_amr/amrROS2_ws/src/autodock/custom_interface', 'symlink_install': False, 'test_result_base': None}
[0.547s] Level 5:colcon.colcon_core.verb:set package 'description' build argument 'cmake_args' from command line to 'None'
[0.547s] Level 5:colcon.colcon_core.verb:set package 'description' build argument 'cmake_target' from command line to 'None'
[0.547s] Level 5:colcon.colcon_core.verb:set package 'description' build argument 'cmake_target_skip_unavailable' from command line to 'False'
[0.547s] Level 5:colcon.colcon_core.verb:set package 'description' build argument 'cmake_clean_cache' from command line to 'False'
[0.547s] Level 5:colcon.colcon_core.verb:set package 'description' build argument 'cmake_clean_first' from command line to 'False'
[0.547s] Level 5:colcon.colcon_core.verb:set package 'description' build argument 'cmake_force_configure' from command line to 'False'
[0.547s] Level 5:colcon.colcon_core.verb:set package 'description' build argument 'ament_cmake_args' from command line to 'None'
[0.547s] Level 5:colcon.colcon_core.verb:set package 'description' build argument 'catkin_cmake_args' from command line to 'None'
[0.547s] Level 5:colcon.colcon_core.verb:set package 'description' build argument 'catkin_skip_building_tests' from command line to 'False'
[0.547s] DEBUG:colcon.colcon_core.verb:Building package 'description' with the following arguments: {'ament_cmake_args': None, 'build_base': '/home/smr/workspaces/mini_amr/amrROS2_ws/build/description', 'catkin_cmake_args': None, 'catkin_skip_building_tests': False, 'cmake_args': None, 'cmake_clean_cache': False, 'cmake_clean_first': False, 'cmake_force_configure': False, 'cmake_target': None, 'cmake_target_skip_unavailable': False, 'install_base': '/home/smr/workspaces/mini_amr/amrROS2_ws/install/description', 'merge_install': False, 'path': '/home/smr/workspaces/mini_amr/amrROS2_ws/src/description', 'symlink_install': False, 'test_result_base': None}
[0.547s] Level 5:colcon.colcon_core.verb:set package 'navigation' build argument 'cmake_args' from command line to 'None'
[0.547s] Level 5:colcon.colcon_core.verb:set package 'navigation' build argument 'cmake_target' from command line to 'None'
[0.547s] Level 5:colcon.colcon_core.verb:set package 'navigation' build argument 'cmake_target_skip_unavailable' from command line to 'False'
[0.547s] Level 5:colcon.colcon_core.verb:set package 'navigation' build argument 'cmake_clean_cache' from command line to 'False'
[0.547s] Level 5:colcon.colcon_core.verb:set package 'navigation' build argument 'cmake_clean_first' from command line to 'False'
[0.547s] Level 5:colcon.colcon_core.verb:set package 'navigation' build argument 'cmake_force_configure' from command line to 'False'
[0.547s] Level 5:colcon.colcon_core.verb:set package 'navigation' build argument 'ament_cmake_args' from command line to 'None'
[0.547s] Level 5:colcon.colcon_core.verb:set package 'navigation' build argument 'catkin_cmake_args' from command line to 'None'
[0.547s] Level 5:colcon.colcon_core.verb:set package 'navigation' build argument 'catkin_skip_building_tests' from command line to 'False'
[0.547s] DEBUG:colcon.colcon_core.verb:Building package 'navigation' with the following arguments: {'ament_cmake_args': None, 'build_base': '/home/smr/workspaces/mini_amr/amrROS2_ws/build/navigation', 'catkin_cmake_args': None, 'catkin_skip_building_tests': False, 'cmake_args': None, 'cmake_clean_cache': False, 'cmake_clean_first': False, 'cmake_force_configure': False, 'cmake_target': None, 'cmake_target_skip_unavailable': False, 'install_base': '/home/smr/workspaces/mini_amr/amrROS2_ws/install/navigation', 'merge_install': False, 'path': '/home/smr/workspaces/mini_amr/amrROS2_ws/src/navigation', 'symlink_install': False, 'test_result_base': None}
[0.548s] Level 5:colcon.colcon_core.verb:set package 'python_pkg' build argument 'cmake_args' from command line to 'None'
[0.548s] Level 5:colcon.colcon_core.verb:set package 'python_pkg' build argument 'cmake_target' from command line to 'None'
[0.548s] Level 5:colcon.colcon_core.verb:set package 'python_pkg' build argument 'cmake_target_skip_unavailable' from command line to 'False'
[0.548s] Level 5:colcon.colcon_core.verb:set package 'python_pkg' build argument 'cmake_clean_cache' from command line to 'False'
[0.548s] Level 5:colcon.colcon_core.verb:set package 'python_pkg' build argument 'cmake_clean_first' from command line to 'False'
[0.548s] Level 5:colcon.colcon_core.verb:set package 'python_pkg' build argument 'cmake_force_configure' from command line to 'False'
[0.548s] Level 5:colcon.colcon_core.verb:set package 'python_pkg' build argument 'ament_cmake_args' from command line to 'None'
[0.548s] Level 5:colcon.colcon_core.verb:set package 'python_pkg' build argument 'catkin_cmake_args' from command line to 'None'
[0.548s] Level 5:colcon.colcon_core.verb:set package 'python_pkg' build argument 'catkin_skip_building_tests' from command line to 'False'
[0.548s] DEBUG:colcon.colcon_core.verb:Building package 'python_pkg' with the following arguments: {'ament_cmake_args': None, 'build_base': '/home/smr/workspaces/mini_amr/amrROS2_ws/build/python_pkg', 'catkin_cmake_args': None, 'catkin_skip_building_tests': False, 'cmake_args': None, 'cmake_clean_cache': False, 'cmake_clean_first': False, 'cmake_force_configure': False, 'cmake_target': None, 'cmake_target_skip_unavailable': False, 'install_base': '/home/smr/workspaces/mini_amr/amrROS2_ws/install/python_pkg', 'merge_install': False, 'path': '/home/smr/workspaces/mini_amr/amrROS2_ws/src/python_pkg', 'symlink_install': False, 'test_result_base': None}
[0.548s] Level 5:colcon.colcon_core.verb:set package 'robot_data_tool' build argument 'cmake_args' from command line to 'None'
[0.548s] Level 5:colcon.colcon_core.verb:set package 'robot_data_tool' build argument 'cmake_target' from command line to 'None'
[0.548s] Level 5:colcon.colcon_core.verb:set package 'robot_data_tool' build argument 'cmake_target_skip_unavailable' from command line to 'False'
[0.548s] Level 5:colcon.colcon_core.verb:set package 'robot_data_tool' build argument 'cmake_clean_cache' from command line to 'False'
[0.548s] Level 5:colcon.colcon_core.verb:set package 'robot_data_tool' build argument 'cmake_clean_first' from command line to 'False'
[0.548s] Level 5:colcon.colcon_core.verb:set package 'robot_data_tool' build argument 'cmake_force_configure' from command line to 'False'
[0.548s] Level 5:colcon.colcon_core.verb:set package 'robot_data_tool' build argument 'ament_cmake_args' from command line to 'None'
[0.548s] Level 5:colcon.colcon_core.verb:set package 'robot_data_tool' build argument 'catkin_cmake_args' from command line to 'None'
[0.548s] Level 5:colcon.colcon_core.verb:set package 'robot_data_tool' build argument 'catkin_skip_building_tests' from command line to 'False'
[0.549s] DEBUG:colcon.colcon_core.verb:Building package 'robot_data_tool' with the following arguments: {'ament_cmake_args': None, 'build_base': '/home/smr/workspaces/mini_amr/amrROS2_ws/build/robot_data_tool', 'catkin_cmake_args': None, 'catkin_skip_building_tests': False, 'cmake_args': None, 'cmake_clean_cache': False, 'cmake_clean_first': False, 'cmake_force_configure': False, 'cmake_target': None, 'cmake_target_skip_unavailable': False, 'install_base': '/home/smr/workspaces/mini_amr/amrROS2_ws/install/robot_data_tool', 'merge_install': False, 'path': '/home/smr/workspaces/mini_amr/amrROS2_ws/src/robot_data_tool', 'symlink_install': False, 'test_result_base': None}
[0.549s] Level 5:colcon.colcon_core.verb:set package 'robot_hardware_interface' build argument 'cmake_args' from command line to 'None'
[0.549s] Level 5:colcon.colcon_core.verb:set package 'robot_hardware_interface' build argument 'cmake_target' from command line to 'None'
[0.549s] Level 5:colcon.colcon_core.verb:set package 'robot_hardware_interface' build argument 'cmake_target_skip_unavailable' from command line to 'False'
[0.549s] Level 5:colcon.colcon_core.verb:set package 'robot_hardware_interface' build argument 'cmake_clean_cache' from command line to 'False'
[0.549s] Level 5:colcon.colcon_core.verb:set package 'robot_hardware_interface' build argument 'cmake_clean_first' from command line to 'False'
[0.549s] Level 5:colcon.colcon_core.verb:set package 'robot_hardware_interface' build argument 'cmake_force_configure' from command line to 'False'
[0.549s] Level 5:colcon.colcon_core.verb:set package 'robot_hardware_interface' build argument 'ament_cmake_args' from command line to 'None'
[0.549s] Level 5:colcon.colcon_core.verb:set package 'robot_hardware_interface' build argument 'catkin_cmake_args' from command line to 'None'
[0.549s] Level 5:colcon.colcon_core.verb:set package 'robot_hardware_interface' build argument 'catkin_skip_building_tests' from command line to 'False'
[0.549s] DEBUG:colcon.colcon_core.verb:Building package 'robot_hardware_interface' with the following arguments: {'ament_cmake_args': None, 'build_base': '/home/smr/workspaces/mini_amr/amrROS2_ws/build/robot_hardware_interface', 'catkin_cmake_args': None, 'catkin_skip_building_tests': False, 'cmake_args': None, 'cmake_clean_cache': False, 'cmake_clean_first': False, 'cmake_force_configure': False, 'cmake_target': None, 'cmake_target_skip_unavailable': False, 'install_base': '/home/smr/workspaces/mini_amr/amrROS2_ws/install/robot_hardware_interface', 'merge_install': False, 'path': '/home/smr/workspaces/mini_amr/amrROS2_ws/src/robot_hardware_interface', 'symlink_install': False, 'test_result_base': None}
[0.549s] Level 5:colcon.colcon_core.verb:set package 'sllidar_ros2' build argument 'cmake_args' from command line to 'None'
[0.549s] Level 5:colcon.colcon_core.verb:set package 'sllidar_ros2' build argument 'cmake_target' from command line to 'None'
[0.549s] Level 5:colcon.colcon_core.verb:set package 'sllidar_ros2' build argument 'cmake_target_skip_unavailable' from command line to 'False'
[0.549s] Level 5:colcon.colcon_core.verb:set package 'sllidar_ros2' build argument 'cmake_clean_cache' from command line to 'False'
[0.550s] Level 5:colcon.colcon_core.verb:set package 'sllidar_ros2' build argument 'cmake_clean_first' from command line to 'False'
[0.550s] Level 5:colcon.colcon_core.verb:set package 'sllidar_ros2' build argument 'cmake_force_configure' from command line to 'False'
[0.550s] Level 5:colcon.colcon_core.verb:set package 'sllidar_ros2' build argument 'ament_cmake_args' from command line to 'None'
[0.550s] Level 5:colcon.colcon_core.verb:set package 'sllidar_ros2' build argument 'catkin_cmake_args' from command line to 'None'
[0.550s] Level 5:colcon.colcon_core.verb:set package 'sllidar_ros2' build argument 'catkin_skip_building_tests' from command line to 'False'
[0.550s] DEBUG:colcon.colcon_core.verb:Building package 'sllidar_ros2' with the following arguments: {'ament_cmake_args': None, 'build_base': '/home/smr/workspaces/mini_amr/amrROS2_ws/build/sllidar_ros2', 'catkin_cmake_args': None, 'catkin_skip_building_tests': False, 'cmake_args': None, 'cmake_clean_cache': False, 'cmake_clean_first': False, 'cmake_force_configure': False, 'cmake_target': None, 'cmake_target_skip_unavailable': False, 'install_base': '/home/smr/workspaces/mini_amr/amrROS2_ws/install/sllidar_ros2', 'merge_install': False, 'path': '/home/smr/workspaces/mini_amr/amrROS2_ws/src/sllidar_ros2', 'symlink_install': False, 'test_result_base': None}
[0.550s] Level 5:colcon.colcon_core.verb:set package 'wis_pkg' build argument 'cmake_args' from command line to 'None'
[0.550s] Level 5:colcon.colcon_core.verb:set package 'wis_pkg' build argument 'cmake_target' from command line to 'None'
[0.550s] Level 5:colcon.colcon_core.verb:set package 'wis_pkg' build argument 'cmake_target_skip_unavailable' from command line to 'False'
[0.550s] Level 5:colcon.colcon_core.verb:set package 'wis_pkg' build argument 'cmake_clean_cache' from command line to 'False'
[0.550s] Level 5:colcon.colcon_core.verb:set package 'wis_pkg' build argument 'cmake_clean_first' from command line to 'False'
[0.550s] Level 5:colcon.colcon_core.verb:set package 'wis_pkg' build argument 'cmake_force_configure' from command line to 'False'
[0.550s] Level 5:colcon.colcon_core.verb:set package 'wis_pkg' build argument 'ament_cmake_args' from command line to 'None'
[0.550s] Level 5:colcon.colcon_core.verb:set package 'wis_pkg' build argument 'catkin_cmake_args' from command line to 'None'
[0.550s] Level 5:colcon.colcon_core.verb:set package 'wis_pkg' build argument 'catkin_skip_building_tests' from command line to 'False'
[0.550s] DEBUG:colcon.colcon_core.verb:Building package 'wis_pkg' with the following arguments: {'ament_cmake_args': None, 'build_base': '/home/smr/workspaces/mini_amr/amrROS2_ws/build/wis_pkg', 'catkin_cmake_args': None, 'catkin_skip_building_tests': False, 'cmake_args': None, 'cmake_clean_cache': False, 'cmake_clean_first': False, 'cmake_force_configure': False, 'cmake_target': None, 'cmake_target_skip_unavailable': False, 'install_base': '/home/smr/workspaces/mini_amr/amrROS2_ws/install/wis_pkg', 'merge_install': False, 'path': '/home/smr/workspaces/mini_amr/amrROS2_ws/src/wis_pkg', 'symlink_install': False, 'test_result_base': None}
[0.550s] Level 5:colcon.colcon_core.verb:set package 'dock_lidar' build argument 'cmake_args' from command line to 'None'
[0.551s] Level 5:colcon.colcon_core.verb:set package 'dock_lidar' build argument 'cmake_target' from command line to 'None'
[0.551s] Level 5:colcon.colcon_core.verb:set package 'dock_lidar' build argument 'cmake_target_skip_unavailable' from command line to 'False'
[0.551s] Level 5:colcon.colcon_core.verb:set package 'dock_lidar' build argument 'cmake_clean_cache' from command line to 'False'
[0.551s] Level 5:colcon.colcon_core.verb:set package 'dock_lidar' build argument 'cmake_clean_first' from command line to 'False'
[0.551s] Level 5:colcon.colcon_core.verb:set package 'dock_lidar' build argument 'cmake_force_configure' from command line to 'False'
[0.551s] Level 5:colcon.colcon_core.verb:set package 'dock_lidar' build argument 'ament_cmake_args' from command line to 'None'
[0.551s] Level 5:colcon.colcon_core.verb:set package 'dock_lidar' build argument 'catkin_cmake_args' from command line to 'None'
[0.551s] Level 5:colcon.colcon_core.verb:set package 'dock_lidar' build argument 'catkin_skip_building_tests' from command line to 'False'
[0.551s] DEBUG:colcon.colcon_core.verb:Building package 'dock_lidar' with the following arguments: {'ament_cmake_args': None, 'build_base': '/home/smr/workspaces/mini_amr/amrROS2_ws/build/dock_lidar', 'catkin_cmake_args': None, 'catkin_skip_building_tests': False, 'cmake_args': None, 'cmake_clean_cache': False, 'cmake_clean_first': False, 'cmake_force_configure': False, 'cmake_target': None, 'cmake_target_skip_unavailable': False, 'install_base': '/home/smr/workspaces/mini_amr/amrROS2_ws/install/dock_lidar', 'merge_install': False, 'path': '/home/smr/workspaces/mini_amr/amrROS2_ws/src/autodock/dock_lidar', 'symlink_install': False, 'test_result_base': None}
[0.551s] INFO:colcon.colcon_core.executor:Executing jobs using 'parallel' executor
[0.552s] DEBUG:colcon.colcon_parallel_executor.executor.parallel:run_until_complete
[0.553s] INFO:colcon.colcon_ros.task.ament_cmake.build:Building ROS package in '/home/smr/workspaces/mini_amr/amrROS2_ws/src/autodock/custom_interface' with build type 'ament_cmake'
[0.553s] INFO:colcon.colcon_cmake.task.cmake.build:Building CMake package in '/home/smr/workspaces/mini_amr/amrROS2_ws/src/autodock/custom_interface'
[0.562s] INFO:colcon.colcon_core.plugin_system:Skipping extension 'colcon_core.shell.bat': Not used on non-Windows systems
[0.562s] DEBUG:colcon.colcon_core.shell:Skip shell extension 'dsv' for command environment
[0.577s] INFO:colcon.colcon_ros.task.ament_python.build:Building ROS package in '/home/smr/workspaces/mini_amr/amrROS2_ws/src/autodock/action_autodock' with build type 'ament_python'
[0.578s] Level 1:colcon.colcon_core.shell:create_environment_hook('action_autodock', 'ament_prefix_path')
[0.578s] INFO:colcon.colcon_core.shell:Creating environment descriptor '/home/smr/workspaces/mini_amr/amrROS2_ws/install/action_autodock/share/action_autodock/hook/ament_prefix_path.dsv'
[0.579s] INFO:colcon.colcon_core.shell:Creating environment hook '/home/smr/workspaces/mini_amr/amrROS2_ws/install/action_autodock/share/action_autodock/hook/ament_prefix_path.sh'
[0.581s] DEBUG:colcon.colcon_core.shell:Skip shell extension 'dsv' for command environment
[0.588s] INFO:colcon.colcon_ros.task.ament_cmake.build:Building ROS package in '/home/smr/workspaces/mini_amr/amrROS2_ws/src/bringup' with build type 'ament_cmake'
[0.588s] INFO:colcon.colcon_cmake.task.cmake.build:Building CMake package in '/home/smr/workspaces/mini_amr/amrROS2_ws/src/bringup'
[0.589s] DEBUG:colcon.colcon_core.shell:Skip shell extension 'dsv' for command environment
[0.598s] INFO:colcon.colcon_ros.task.ament_cmake.build:Building ROS package in '/home/smr/workspaces/mini_amr/amrROS2_ws/src/description' with build type 'ament_cmake'
[0.598s] INFO:colcon.colcon_cmake.task.cmake.build:Building CMake package in '/home/smr/workspaces/mini_amr/amrROS2_ws/src/description'
[0.598s] DEBUG:colcon.colcon_core.shell:Skip shell extension 'dsv' for command environment
[0.606s] INFO:colcon.colcon_ros.task.ament_cmake.build:Building ROS package in '/home/smr/workspaces/mini_amr/amrROS2_ws/src/navigation' with build type 'ament_cmake'
[0.606s] INFO:colcon.colcon_cmake.task.cmake.build:Building CMake package in '/home/smr/workspaces/mini_amr/amrROS2_ws/src/navigation'
[0.606s] DEBUG:colcon.colcon_core.shell:Skip shell extension 'dsv' for command environment
[0.614s] INFO:colcon.colcon_ros.task.ament_python.build:Building ROS package in '/home/smr/workspaces/mini_amr/amrROS2_ws/src/python_pkg' with build type 'ament_python'
[0.614s] Level 1:colcon.colcon_core.shell:create_environment_hook('python_pkg', 'ament_prefix_path')
[0.614s] INFO:colcon.colcon_core.shell:Creating environment descriptor '/home/smr/workspaces/mini_amr/amrROS2_ws/install/python_pkg/share/python_pkg/hook/ament_prefix_path.dsv'
[0.615s] INFO:colcon.colcon_core.shell:Creating environment hook '/home/smr/workspaces/mini_amr/amrROS2_ws/install/python_pkg/share/python_pkg/hook/ament_prefix_path.sh'
[0.616s] DEBUG:colcon.colcon_core.shell:Skip shell extension 'dsv' for command environment
[0.622s] INFO:colcon.colcon_ros.task.ament_python.build:Building ROS package in '/home/smr/workspaces/mini_amr/amrROS2_ws/src/robot_data_tool' with build type 'ament_python'
[0.623s] Level 1:colcon.colcon_core.shell:create_environment_hook('robot_data_tool', 'ament_prefix_path')
[0.623s] INFO:colcon.colcon_core.shell:Creating environment descriptor '/home/smr/workspaces/mini_amr/amrROS2_ws/install/robot_data_tool/share/robot_data_tool/hook/ament_prefix_path.dsv'
[0.624s] INFO:colcon.colcon_core.shell:Creating environment hook '/home/smr/workspaces/mini_amr/amrROS2_ws/install/robot_data_tool/share/robot_data_tool/hook/ament_prefix_path.sh'
[0.625s] DEBUG:colcon.colcon_core.shell:Skip shell extension 'dsv' for command environment
[0.633s] INFO:colcon.colcon_ros.task.ament_cmake.build:Building ROS package in '/home/smr/workspaces/mini_amr/amrROS2_ws/src/robot_hardware_interface' with build type 'ament_cmake'
[0.633s] INFO:colcon.colcon_cmake.task.cmake.build:Building CMake package in '/home/smr/workspaces/mini_amr/amrROS2_ws/src/robot_hardware_interface'
[0.634s] DEBUG:colcon.colcon_core.shell:Skip shell extension 'dsv' for command environment
[0.655s] DEBUG:colcon.colcon_core.event_handler.log_command:Invoking command in '/home/smr/workspaces/mini_amr/amrROS2_ws/build/custom_interface': CMAKE_PREFIX_PATH=${CMAKE_PREFIX_PATH}:/home/smr/workspaces/mini_amr/amrROS2_ws/install/wis_pkg:/home/smr/workspaces/mini_amr/amrROS2_ws/install/robot_data_tool:/home/smr/workspaces/mini_amr/amrROS2_ws/install/python_pkg:/home/smr/workspaces/mini_amr/amrROS2_ws/install/action_autodock:/opt/ros/jazzy DEBUGINFOD_URLS=https://debuginfod.ubuntu.com /usr/bin/cmake --build /home/smr/workspaces/mini_amr/amrROS2_ws/build/custom_interface -- -j8 -l8
[1.024s] INFO:colcon.colcon_core.task.python.build:Building Python package in '/home/smr/workspaces/mini_amr/amrROS2_ws/src/autodock/action_autodock'
[1.024s] DEBUG:colcon.colcon_core.shell:Skip shell extension 'dsv' for command environment
[1.035s] DEBUG:colcon.colcon_core.event_handler.log_command:Invoking command in '/home/smr/workspaces/mini_amr/amrROS2_ws/build/bringup': CMAKE_PREFIX_PATH=${CMAKE_PREFIX_PATH}:/home/smr/workspaces/mini_amr/amrROS2_ws/install/wis_pkg:/home/smr/workspaces/mini_amr/amrROS2_ws/install/robot_data_tool:/home/smr/workspaces/mini_amr/amrROS2_ws/install/python_pkg:/home/smr/workspaces/mini_amr/amrROS2_ws/install/action_autodock:/opt/ros/jazzy DEBUGINFOD_URLS=https://debuginfod.ubuntu.com /usr/bin/cmake --build /home/smr/workspaces/mini_amr/amrROS2_ws/build/bringup -- -j8 -l8
[1.041s] DEBUG:colcon.colcon_core.event_handler.log_command:Invoking command in '/home/smr/workspaces/mini_amr/amrROS2_ws/build/description': CMAKE_PREFIX_PATH=${CMAKE_PREFIX_PATH}:/home/smr/workspaces/mini_amr/amrROS2_ws/install/wis_pkg:/home/smr/workspaces/mini_amr/amrROS2_ws/install/robot_data_tool:/home/smr/workspaces/mini_amr/amrROS2_ws/install/python_pkg:/home/smr/workspaces/mini_amr/amrROS2_ws/install/action_autodock:/opt/ros/jazzy DEBUGINFOD_URLS=https://debuginfod.ubuntu.com /usr/bin/cmake --build /home/smr/workspaces/mini_amr/amrROS2_ws/build/description -- -j8 -l8
[1.047s] DEBUG:colcon.colcon_core.event_handler.log_command:Invoking command in '/home/smr/workspaces/mini_amr/amrROS2_ws/build/navigation': CMAKE_PREFIX_PATH=${CMAKE_PREFIX_PATH}:/home/smr/workspaces/mini_amr/amrROS2_ws/install/wis_pkg:/home/smr/workspaces/mini_amr/amrROS2_ws/install/robot_data_tool:/home/smr/workspaces/mini_amr/amrROS2_ws/install/python_pkg:/home/smr/workspaces/mini_amr/amrROS2_ws/install/action_autodock:/opt/ros/jazzy DEBUGINFOD_URLS=https://debuginfod.ubuntu.com /usr/bin/cmake --build /home/smr/workspaces/mini_amr/amrROS2_ws/build/navigation -- -j8 -l8
[1.433s] INFO:colcon.colcon_core.task.python.build:Building Python package in '/home/smr/workspaces/mini_amr/amrROS2_ws/src/python_pkg'
[1.434s] DEBUG:colcon.colcon_core.shell:Skip shell extension 'dsv' for command environment
[1.790s] INFO:colcon.colcon_core.task.python.build:Building Python package in '/home/smr/workspaces/mini_amr/amrROS2_ws/src/robot_data_tool'
[1.790s] DEBUG:colcon.colcon_core.shell:Skip shell extension 'dsv' for command environment
[1.801s] DEBUG:colcon.colcon_core.event_handler.log_command:Invoking command in '/home/smr/workspaces/mini_amr/amrROS2_ws/build/robot_hardware_interface': CMAKE_PREFIX_PATH=${CMAKE_PREFIX_PATH}:/home/smr/workspaces/mini_amr/amrROS2_ws/install/wis_pkg:/home/smr/workspaces/mini_amr/amrROS2_ws/install/robot_data_tool:/home/smr/workspaces/mini_amr/amrROS2_ws/install/python_pkg:/home/smr/workspaces/mini_amr/amrROS2_ws/install/action_autodock:/opt/ros/jazzy DEBUGINFOD_URLS=https://debuginfod.ubuntu.com /usr/bin/cmake --build /home/smr/workspaces/mini_amr/amrROS2_ws/build/robot_hardware_interface -- -j8 -l8
[1.810s] DEBUG:colcon.colcon_core.event_handler.log_command:Invoked command in '/home/smr/workspaces/mini_amr/amrROS2_ws/build/custom_interface' returned '0': CMAKE_PREFIX_PATH=${CMAKE_PREFIX_PATH}:/home/smr/workspaces/mini_amr/amrROS2_ws/install/wis_pkg:/home/smr/workspaces/mini_amr/amrROS2_ws/install/robot_data_tool:/home/smr/workspaces/mini_amr/amrROS2_ws/install/python_pkg:/home/smr/workspaces/mini_amr/amrROS2_ws/install/action_autodock:/opt/ros/jazzy DEBUGINFOD_URLS=https://debuginfod.ubuntu.com /usr/bin/cmake --build /home/smr/workspaces/mini_amr/amrROS2_ws/build/custom_interface -- -j8 -l8
[1.852s] DEBUG:colcon.colcon_core.event_handler.log_command:Invoking command in '/home/smr/workspaces/mini_amr/amrROS2_ws/build/custom_interface': CMAKE_PREFIX_PATH=${CMAKE_PREFIX_PATH}:/home/smr/workspaces/mini_amr/amrROS2_ws/install/wis_pkg:/home/smr/workspaces/mini_amr/amrROS2_ws/install/robot_data_tool:/home/smr/workspaces/mini_amr/amrROS2_ws/install/python_pkg:/home/smr/workspaces/mini_amr/amrROS2_ws/install/action_autodock:/opt/ros/jazzy DEBUGINFOD_URLS=https://debuginfod.ubuntu.com /usr/bin/cmake --install /home/smr/workspaces/mini_amr/amrROS2_ws/build/custom_interface
[1.853s] DEBUG:colcon.colcon_core.event_handler.log_command:Invoked command in '/home/smr/workspaces/mini_amr/amrROS2_ws/build/bringup' returned '0': CMAKE_PREFIX_PATH=${CMAKE_PREFIX_PATH}:/home/smr/workspaces/mini_amr/amrROS2_ws/install/wis_pkg:/home/smr/workspaces/mini_amr/amrROS2_ws/install/robot_data_tool:/home/smr/workspaces/mini_amr/amrROS2_ws/install/python_pkg:/home/smr/workspaces/mini_amr/amrROS2_ws/install/action_autodock:/opt/ros/jazzy DEBUGINFOD_URLS=https://debuginfod.ubuntu.com /usr/bin/cmake --build /home/smr/workspaces/mini_amr/amrROS2_ws/build/bringup -- -j8 -l8
[1.857s] DEBUG:colcon.colcon_core.event_handler.log_command:Invoking command in '/home/smr/workspaces/mini_amr/amrROS2_ws/build/bringup': CMAKE_PREFIX_PATH=${CMAKE_PREFIX_PATH}:/home/smr/workspaces/mini_amr/amrROS2_ws/install/wis_pkg:/home/smr/workspaces/mini_amr/amrROS2_ws/install/robot_data_tool:/home/smr/workspaces/mini_amr/amrROS2_ws/install/python_pkg:/home/smr/workspaces/mini_amr/amrROS2_ws/install/action_autodock:/opt/ros/jazzy DEBUGINFOD_URLS=https://debuginfod.ubuntu.com /usr/bin/cmake --install /home/smr/workspaces/mini_amr/amrROS2_ws/build/bringup
[1.859s] DEBUG:colcon.colcon_core.event_handler.log_command:Invoked command in '/home/smr/workspaces/mini_amr/amrROS2_ws/build/description' returned '0': CMAKE_PREFIX_PATH=${CMAKE_PREFIX_PATH}:/home/smr/workspaces/mini_amr/amrROS2_ws/install/wis_pkg:/home/smr/workspaces/mini_amr/amrROS2_ws/install/robot_data_tool:/home/smr/workspaces/mini_amr/amrROS2_ws/install/python_pkg:/home/smr/workspaces/mini_amr/amrROS2_ws/install/action_autodock:/opt/ros/jazzy DEBUGINFOD_URLS=https://debuginfod.ubuntu.com /usr/bin/cmake --build /home/smr/workspaces/mini_amr/amrROS2_ws/build/description -- -j8 -l8
[1.864s] DEBUG:colcon.colcon_core.event_handler.log_command:Invoking command in '/home/smr/workspaces/mini_amr/amrROS2_ws/build/description': CMAKE_PREFIX_PATH=${CMAKE_PREFIX_PATH}:/home/smr/workspaces/mini_amr/amrROS2_ws/install/wis_pkg:/home/smr/workspaces/mini_amr/amrROS2_ws/install/robot_data_tool:/home/smr/workspaces/mini_amr/amrROS2_ws/install/python_pkg:/home/smr/workspaces/mini_amr/amrROS2_ws/install/action_autodock:/opt/ros/jazzy DEBUGINFOD_URLS=https://debuginfod.ubuntu.com /usr/bin/cmake --install /home/smr/workspaces/mini_amr/amrROS2_ws/build/description
[1.869s] DEBUG:colcon.colcon_core.event_handler.log_command:Invoked command in '/home/smr/workspaces/mini_amr/amrROS2_ws/build/navigation' returned '0': CMAKE_PREFIX_PATH=${CMAKE_PREFIX_PATH}:/home/smr/workspaces/mini_amr/amrROS2_ws/install/wis_pkg:/home/smr/workspaces/mini_amr/amrROS2_ws/install/robot_data_tool:/home/smr/workspaces/mini_amr/amrROS2_ws/install/python_pkg:/home/smr/workspaces/mini_amr/amrROS2_ws/install/action_autodock:/opt/ros/jazzy DEBUGINFOD_URLS=https://debuginfod.ubuntu.com /usr/bin/cmake --build /home/smr/workspaces/mini_amr/amrROS2_ws/build/navigation -- -j8 -l8
[1.875s] DEBUG:colcon.colcon_core.event_handler.log_command:Invoking command in '/home/smr/workspaces/mini_amr/amrROS2_ws/build/navigation': CMAKE_PREFIX_PATH=${CMAKE_PREFIX_PATH}:/home/smr/workspaces/mini_amr/amrROS2_ws/install/wis_pkg:/home/smr/workspaces/mini_amr/amrROS2_ws/install/robot_data_tool:/home/smr/workspaces/mini_amr/amrROS2_ws/install/python_pkg:/home/smr/workspaces/mini_amr/amrROS2_ws/install/action_autodock:/opt/ros/jazzy DEBUGINFOD_URLS=https://debuginfod.ubuntu.com /usr/bin/cmake --install /home/smr/workspaces/mini_amr/amrROS2_ws/build/navigation
[1.935s] Level 1:colcon.colcon_core.environment:create_environment_scripts_only(navigation)
[1.936s] DEBUG:colcon.colcon_core.event_handler.log_command:Invoked command in '/home/smr/workspaces/mini_amr/amrROS2_ws/build/navigation' returned '0': CMAKE_PREFIX_PATH=${CMAKE_PREFIX_PATH}:/home/smr/workspaces/mini_amr/amrROS2_ws/install/wis_pkg:/home/smr/workspaces/mini_amr/amrROS2_ws/install/robot_data_tool:/home/smr/workspaces/mini_amr/amrROS2_ws/install/python_pkg:/home/smr/workspaces/mini_amr/amrROS2_ws/install/action_autodock:/opt/ros/jazzy DEBUGINFOD_URLS=https://debuginfod.ubuntu.com /usr/bin/cmake --install /home/smr/workspaces/mini_amr/amrROS2_ws/build/navigation
[1.946s] Level 1:colcon.colcon_core.environment:checking '/home/smr/workspaces/mini_amr/amrROS2_ws/install/navigation' for CMake module files
[1.947s] Level 1:colcon.colcon_core.environment:checking '/home/smr/workspaces/mini_amr/amrROS2_ws/install/navigation' for CMake config files
[1.947s] Level 1:colcon.colcon_core.shell:create_environment_hook('navigation', 'cmake_prefix_path')
[1.948s] INFO:colcon.colcon_core.shell:Creating environment descriptor '/home/smr/workspaces/mini_amr/amrROS2_ws/install/navigation/share/navigation/hook/cmake_prefix_path.dsv'
[1.949s] INFO:colcon.colcon_core.shell:Creating environment hook '/home/smr/workspaces/mini_amr/amrROS2_ws/install/navigation/share/navigation/hook/cmake_prefix_path.sh'
[1.950s] Level 1:colcon.colcon_core.environment:checking '/home/smr/workspaces/mini_amr/amrROS2_ws/install/navigation/bin'
[1.950s] Level 1:colcon.colcon_core.environment:checking '/home/smr/workspaces/mini_amr/amrROS2_ws/install/navigation/lib/pkgconfig/navigation.pc'
[1.950s] Level 1:colcon.colcon_core.environment:checking '/home/smr/workspaces/mini_amr/amrROS2_ws/install/navigation/lib/python3.12/site-packages'
[1.951s] Level 1:colcon.colcon_core.environment:checking '/home/smr/workspaces/mini_amr/amrROS2_ws/install/navigation/bin'
[1.951s] INFO:colcon.colcon_core.shell:Creating package descriptor '/home/smr/workspaces/mini_amr/amrROS2_ws/install/navigation/share/navigation/package.dsv'
[1.952s] INFO:colcon.colcon_core.shell:Creating package script '/home/smr/workspaces/mini_amr/amrROS2_ws/install/navigation/share/navigation/package.sh'
[1.954s] INFO:colcon.colcon_core.shell:Creating package script '/home/smr/workspaces/mini_amr/amrROS2_ws/install/navigation/share/navigation/package.bash'
[1.955s] INFO:colcon.colcon_core.shell:Creating package script '/home/smr/workspaces/mini_amr/amrROS2_ws/install/navigation/share/navigation/package.zsh'
[1.957s] Level 1:colcon.colcon_core.environment:create_file_with_runtime_dependencies(/home/smr/workspaces/mini_amr/amrROS2_ws/install/navigation/share/colcon-core/packages/navigation)
[1.958s] Level 1:colcon.colcon_core.environment:create_environment_scripts_only(navigation)
[1.959s] Level 1:colcon.colcon_core.environment:checking '/home/smr/workspaces/mini_amr/amrROS2_ws/install/navigation' for CMake module files
[1.959s] Level 1:colcon.colcon_core.environment:checking '/home/smr/workspaces/mini_amr/amrROS2_ws/install/navigation' for CMake config files
[1.960s] Level 1:colcon.colcon_core.shell:create_environment_hook('navigation', 'cmake_prefix_path')
[1.960s] INFO:colcon.colcon_core.shell:Creating environment descriptor '/home/smr/workspaces/mini_amr/amrROS2_ws/install/navigation/share/navigation/hook/cmake_prefix_path.dsv'
[1.961s] INFO:colcon.colcon_core.shell:Creating environment hook '/home/smr/workspaces/mini_amr/amrROS2_ws/install/navigation/share/navigation/hook/cmake_prefix_path.sh'
[1.962s] Level 1:colcon.colcon_core.environment:checking '/home/smr/workspaces/mini_amr/amrROS2_ws/install/navigation/bin'
[1.962s] Level 1:colcon.colcon_core.environment:checking '/home/smr/workspaces/mini_amr/amrROS2_ws/install/navigation/lib/pkgconfig/navigation.pc'
[1.963s] Level 1:colcon.colcon_core.environment:checking '/home/smr/workspaces/mini_amr/amrROS2_ws/install/navigation/lib/python3.12/site-packages'
[1.963s] Level 1:colcon.colcon_core.environment:checking '/home/smr/workspaces/mini_amr/amrROS2_ws/install/navigation/bin'
[1.963s] INFO:colcon.colcon_core.shell:Creating package descriptor '/home/smr/workspaces/mini_amr/amrROS2_ws/install/navigation/share/navigation/package.dsv'
[1.964s] INFO:colcon.colcon_core.shell:Creating package script '/home/smr/workspaces/mini_amr/amrROS2_ws/install/navigation/share/navigation/package.sh'
[1.965s] INFO:colcon.colcon_core.shell:Creating package script '/home/smr/workspaces/mini_amr/amrROS2_ws/install/navigation/share/navigation/package.bash'
[1.966s] INFO:colcon.colcon_core.shell:Creating package script '/home/smr/workspaces/mini_amr/amrROS2_ws/install/navigation/share/navigation/package.zsh'
[1.966s] Level 1:colcon.colcon_core.environment:create_file_with_runtime_dependencies(/home/smr/workspaces/mini_amr/amrROS2_ws/install/navigation/share/colcon-core/packages/navigation)
[1.967s] Level 1:colcon.colcon_core.environment:create_environment_scripts_only(bringup)
[1.967s] Level 1:colcon.colcon_core.environment:checking '/home/smr/workspaces/mini_amr/amrROS2_ws/install/bringup' for CMake module files
[1.973s] DEBUG:colcon.colcon_core.event_handler.log_command:Invoked command in '/home/smr/workspaces/mini_amr/amrROS2_ws/build/bringup' returned '0': CMAKE_PREFIX_PATH=${CMAKE_PREFIX_PATH}:/home/smr/workspaces/mini_amr/amrROS2_ws/install/wis_pkg:/home/smr/workspaces/mini_amr/amrROS2_ws/install/robot_data_tool:/home/smr/workspaces/mini_amr/amrROS2_ws/install/python_pkg:/home/smr/workspaces/mini_amr/amrROS2_ws/install/action_autodock:/opt/ros/jazzy DEBUGINFOD_URLS=https://debuginfod.ubuntu.com /usr/bin/cmake --install /home/smr/workspaces/mini_amr/amrROS2_ws/build/bringup
[1.973s] Level 1:colcon.colcon_core.environment:checking '/home/smr/workspaces/mini_amr/amrROS2_ws/install/bringup' for CMake config files
[1.976s] Level 1:colcon.colcon_core.shell:create_environment_hook('bringup', 'cmake_prefix_path')
[1.978s] INFO:colcon.colcon_core.shell:Creating environment descriptor '/home/smr/workspaces/mini_amr/amrROS2_ws/install/bringup/share/bringup/hook/cmake_prefix_path.dsv'
[1.980s] INFO:colcon.colcon_core.shell:Creating environment hook '/home/smr/workspaces/mini_amr/amrROS2_ws/install/bringup/share/bringup/hook/cmake_prefix_path.sh'
[1.981s] Level 1:colcon.colcon_core.environment:checking '/home/smr/workspaces/mini_amr/amrROS2_ws/install/bringup/bin'
[1.981s] Level 1:colcon.colcon_core.environment:checking '/home/smr/workspaces/mini_amr/amrROS2_ws/install/bringup/lib/pkgconfig/bringup.pc'
[1.982s] Level 1:colcon.colcon_core.environment:checking '/home/smr/workspaces/mini_amr/amrROS2_ws/install/bringup/lib/python3.12/site-packages'
[1.982s] Level 1:colcon.colcon_core.environment:checking '/home/smr/workspaces/mini_amr/amrROS2_ws/install/bringup/bin'
[1.983s] INFO:colcon.colcon_core.shell:Creating package descriptor '/home/smr/workspaces/mini_amr/amrROS2_ws/install/bringup/share/bringup/package.dsv'
[1.983s] INFO:colcon.colcon_core.shell:Creating package script '/home/smr/workspaces/mini_amr/amrROS2_ws/install/bringup/share/bringup/package.sh'
[1.984s] INFO:colcon.colcon_core.shell:Creating package script '/home/smr/workspaces/mini_amr/amrROS2_ws/install/bringup/share/bringup/package.bash'
[1.985s] INFO:colcon.colcon_core.shell:Creating package script '/home/smr/workspaces/mini_amr/amrROS2_ws/install/bringup/share/bringup/package.zsh'
[1.985s] Level 1:colcon.colcon_core.environment:create_file_with_runtime_dependencies(/home/smr/workspaces/mini_amr/amrROS2_ws/install/bringup/share/colcon-core/packages/bringup)
[1.990s] Level 1:colcon.colcon_core.environment:create_environment_scripts_only(bringup)
[1.991s] Level 1:colcon.colcon_core.environment:checking '/home/smr/workspaces/mini_amr/amrROS2_ws/install/bringup' for CMake module files
[1.995s] Level 1:colcon.colcon_core.environment:checking '/home/smr/workspaces/mini_amr/amrROS2_ws/install/bringup' for CMake config files
[1.996s] Level 1:colcon.colcon_core.shell:create_environment_hook('bringup', 'cmake_prefix_path')
[2.000s] INFO:colcon.colcon_core.shell:Creating environment descriptor '/home/smr/workspaces/mini_amr/amrROS2_ws/install/bringup/share/bringup/hook/cmake_prefix_path.dsv'
[2.002s] INFO:colcon.colcon_core.shell:Creating environment hook '/home/smr/workspaces/mini_amr/amrROS2_ws/install/bringup/share/bringup/hook/cmake_prefix_path.sh'
[2.004s] Level 1:colcon.colcon_core.environment:checking '/home/smr/workspaces/mini_amr/amrROS2_ws/install/bringup/bin'
[2.005s] Level 1:colcon.colcon_core.environment:checking '/home/smr/workspaces/mini_amr/amrROS2_ws/install/bringup/lib/pkgconfig/bringup.pc'
[2.005s] Level 1:colcon.colcon_core.environment:checking '/home/smr/workspaces/mini_amr/amrROS2_ws/install/bringup/lib/python3.12/site-packages'
[2.005s] Level 1:colcon.colcon_core.environment:checking '/home/smr/workspaces/mini_amr/amrROS2_ws/install/bringup/bin'
[2.006s] INFO:colcon.colcon_core.shell:Creating package descriptor '/home/smr/workspaces/mini_amr/amrROS2_ws/install/bringup/share/bringup/package.dsv'
[2.007s] INFO:colcon.colcon_core.shell:Creating package script '/home/smr/workspaces/mini_amr/amrROS2_ws/install/bringup/share/bringup/package.sh'
[2.009s] INFO:colcon.colcon_core.shell:Creating package script '/home/smr/workspaces/mini_amr/amrROS2_ws/install/bringup/share/bringup/package.bash'
[2.010s] INFO:colcon.colcon_core.shell:Creating package script '/home/smr/workspaces/mini_amr/amrROS2_ws/install/bringup/share/bringup/package.zsh'
[2.010s] Level 1:colcon.colcon_core.environment:create_file_with_runtime_dependencies(/home/smr/workspaces/mini_amr/amrROS2_ws/install/bringup/share/colcon-core/packages/bringup)
[2.011s] INFO:colcon.colcon_ros.task.ament_cmake.build:Building ROS package in '/home/smr/workspaces/mini_amr/amrROS2_ws/src/sllidar_ros2' with build type 'ament_cmake'
[2.011s] INFO:colcon.colcon_cmake.task.cmake.build:Building CMake package in '/home/smr/workspaces/mini_amr/amrROS2_ws/src/sllidar_ros2'
[2.012s] DEBUG:colcon.colcon_core.shell:Skip shell extension 'dsv' for command environment
[2.034s] INFO:colcon.colcon_ros.task.ament_python.build:Building ROS package in '/home/smr/workspaces/mini_amr/amrROS2_ws/src/wis_pkg' with build type 'ament_python'
[2.037s] Level 1:colcon.colcon_core.shell:create_environment_hook('wis_pkg', 'ament_prefix_path')
[2.040s] INFO:colcon.colcon_core.shell:Creating environment descriptor '/home/smr/workspaces/mini_amr/amrROS2_ws/install/wis_pkg/share/wis_pkg/hook/ament_prefix_path.dsv'
[2.041s] INFO:colcon.colcon_core.shell:Creating environment hook '/home/smr/workspaces/mini_amr/amrROS2_ws/install/wis_pkg/share/wis_pkg/hook/ament_prefix_path.sh'
[2.042s] DEBUG:colcon.colcon_core.shell:Skip shell extension 'dsv' for command environment
[2.080s] Level 1:colcon.colcon_core.environment:create_environment_scripts_only(description)
[2.081s] Level 1:colcon.colcon_core.environment:checking '/home/smr/workspaces/mini_amr/amrROS2_ws/install/description' for CMake module files
[2.086s] DEBUG:colcon.colcon_core.event_handler.log_command:Invoked command in '/home/smr/workspaces/mini_amr/amrROS2_ws/build/description' returned '0': CMAKE_PREFIX_PATH=${CMAKE_PREFIX_PATH}:/home/smr/workspaces/mini_amr/amrROS2_ws/install/wis_pkg:/home/smr/workspaces/mini_amr/amrROS2_ws/install/robot_data_tool:/home/smr/workspaces/mini_amr/amrROS2_ws/install/python_pkg:/home/smr/workspaces/mini_amr/amrROS2_ws/install/action_autodock:/opt/ros/jazzy DEBUGINFOD_URLS=https://debuginfod.ubuntu.com /usr/bin/cmake --install /home/smr/workspaces/mini_amr/amrROS2_ws/build/description
[2.087s] Level 1:colcon.colcon_core.environment:checking '/home/smr/workspaces/mini_amr/amrROS2_ws/install/description' for CMake config files
[2.088s] Level 1:colcon.colcon_core.shell:create_environment_hook('description', 'cmake_prefix_path')
[2.088s] INFO:colcon.colcon_core.shell:Creating environment descriptor '/home/smr/workspaces/mini_amr/amrROS2_ws/install/description/share/description/hook/cmake_prefix_path.dsv'
[2.089s] INFO:colcon.colcon_core.shell:Creating environment hook '/home/smr/workspaces/mini_amr/amrROS2_ws/install/description/share/description/hook/cmake_prefix_path.sh'
[2.090s] Level 1:colcon.colcon_core.environment:checking '/home/smr/workspaces/mini_amr/amrROS2_ws/install/description/bin'
[2.090s] Level 1:colcon.colcon_core.environment:checking '/home/smr/workspaces/mini_amr/amrROS2_ws/install/description/lib/pkgconfig/description.pc'
[2.090s] Level 1:colcon.colcon_core.environment:checking '/home/smr/workspaces/mini_amr/amrROS2_ws/install/description/lib/python3.12/site-packages'
[2.090s] Level 1:colcon.colcon_core.environment:checking '/home/smr/workspaces/mini_amr/amrROS2_ws/install/description/bin'
[2.091s] INFO:colcon.colcon_core.shell:Creating package descriptor '/home/smr/workspaces/mini_amr/amrROS2_ws/install/description/share/description/package.dsv'
[2.092s] INFO:colcon.colcon_core.shell:Creating package script '/home/smr/workspaces/mini_amr/amrROS2_ws/install/description/share/description/package.sh'
[2.094s] INFO:colcon.colcon_core.shell:Creating package script '/home/smr/workspaces/mini_amr/amrROS2_ws/install/description/share/description/package.bash'
[2.094s] INFO:colcon.colcon_core.shell:Creating package script '/home/smr/workspaces/mini_amr/amrROS2_ws/install/description/share/description/package.zsh'
[2.095s] Level 1:colcon.colcon_core.environment:create_file_with_runtime_dependencies(/home/smr/workspaces/mini_amr/amrROS2_ws/install/description/share/colcon-core/packages/description)
[2.096s] Level 1:colcon.colcon_core.environment:create_environment_scripts_only(description)
[2.096s] Level 1:colcon.colcon_core.environment:checking '/home/smr/workspaces/mini_amr/amrROS2_ws/install/description' for CMake module files
[2.097s] Level 1:colcon.colcon_core.environment:checking '/home/smr/workspaces/mini_amr/amrROS2_ws/install/description' for CMake config files
[2.098s] Level 1:colcon.colcon_core.shell:create_environment_hook('description', 'cmake_prefix_path')
[2.098s] INFO:colcon.colcon_core.shell:Creating environment descriptor '/home/smr/workspaces/mini_amr/amrROS2_ws/install/description/share/description/hook/cmake_prefix_path.dsv'
[2.099s] INFO:colcon.colcon_core.shell:Creating environment hook '/home/smr/workspaces/mini_amr/amrROS2_ws/install/description/share/description/hook/cmake_prefix_path.sh'
[2.100s] Level 1:colcon.colcon_core.environment:checking '/home/smr/workspaces/mini_amr/amrROS2_ws/install/description/bin'
[2.100s] Level 1:colcon.colcon_core.environment:checking '/home/smr/workspaces/mini_amr/amrROS2_ws/install/description/lib/pkgconfig/description.pc'
[2.100s] Level 1:colcon.colcon_core.environment:checking '/home/smr/workspaces/mini_amr/amrROS2_ws/install/description/lib/python3.12/site-packages'
[2.101s] Level 1:colcon.colcon_core.environment:checking '/home/smr/workspaces/mini_amr/amrROS2_ws/install/description/bin'
[2.101s] INFO:colcon.colcon_core.shell:Creating package descriptor '/home/smr/workspaces/mini_amr/amrROS2_ws/install/description/share/description/package.dsv'
[2.102s] INFO:colcon.colcon_core.shell:Creating package script '/home/smr/workspaces/mini_amr/amrROS2_ws/install/description/share/description/package.sh'
[2.103s] INFO:colcon.colcon_core.shell:Creating package script '/home/smr/workspaces/mini_amr/amrROS2_ws/install/description/share/description/package.bash'
[2.103s] INFO:colcon.colcon_core.shell:Creating package script '/home/smr/workspaces/mini_amr/amrROS2_ws/install/description/share/description/package.zsh'
[2.104s] Level 1:colcon.colcon_core.environment:create_file_with_runtime_dependencies(/home/smr/workspaces/mini_amr/amrROS2_ws/install/description/share/colcon-core/packages/description)
[2.115s] DEBUG:colcon.colcon_core.event_handler.log_command:Invoking command in '/home/smr/workspaces/mini_amr/amrROS2_ws/build/sllidar_ros2': CMAKE_PREFIX_PATH=${CMAKE_PREFIX_PATH}:/home/smr/workspaces/mini_amr/amrROS2_ws/install/wis_pkg:/home/smr/workspaces/mini_amr/amrROS2_ws/install/robot_data_tool:/home/smr/workspaces/mini_amr/amrROS2_ws/install/python_pkg:/home/smr/workspaces/mini_amr/amrROS2_ws/install/action_autodock:/opt/ros/jazzy DEBUGINFOD_URLS=https://debuginfod.ubuntu.com /usr/bin/cmake --build /home/smr/workspaces/mini_amr/amrROS2_ws/build/sllidar_ros2 -- -j8 -l8
[2.521s] INFO:colcon.colcon_core.task.python.build:Building Python package in '/home/smr/workspaces/mini_amr/amrROS2_ws/src/wis_pkg'
[2.522s] DEBUG:colcon.colcon_core.shell:Skip shell extension 'dsv' for command environment
[2.528s] Level 1:colcon.colcon_core.environment:create_environment_scripts_only(custom_interface)
[2.529s] Level 1:colcon.colcon_core.environment:checking '/home/smr/workspaces/mini_amr/amrROS2_ws/install/custom_interface' for CMake module files
[2.532s] DEBUG:colcon.colcon_core.event_handler.log_command:Invoked command in '/home/smr/workspaces/mini_amr/amrROS2_ws/build/custom_interface' returned '0': CMAKE_PREFIX_PATH=${CMAKE_PREFIX_PATH}:/home/smr/workspaces/mini_amr/amrROS2_ws/install/wis_pkg:/home/smr/workspaces/mini_amr/amrROS2_ws/install/robot_data_tool:/home/smr/workspaces/mini_amr/amrROS2_ws/install/python_pkg:/home/smr/workspaces/mini_amr/amrROS2_ws/install/action_autodock:/opt/ros/jazzy DEBUGINFOD_URLS=https://debuginfod.ubuntu.com /usr/bin/cmake --install /home/smr/workspaces/mini_amr/amrROS2_ws/build/custom_interface
[2.533s] Level 1:colcon.colcon_core.environment:checking '/home/smr/workspaces/mini_amr/amrROS2_ws/install/custom_interface' for CMake config files
[2.534s] Level 1:colcon.colcon_core.shell:create_environment_hook('custom_interface', 'cmake_prefix_path')
[2.534s] INFO:colcon.colcon_core.shell:Creating environment descriptor '/home/smr/workspaces/mini_amr/amrROS2_ws/install/custom_interface/share/custom_interface/hook/cmake_prefix_path.dsv'
[2.535s] INFO:colcon.colcon_core.shell:Creating environment hook '/home/smr/workspaces/mini_amr/amrROS2_ws/install/custom_interface/share/custom_interface/hook/cmake_prefix_path.sh'
[2.535s] Level 1:colcon.colcon_core.environment:checking '/home/smr/workspaces/mini_amr/amrROS2_ws/install/custom_interface/lib'
[2.536s] Level 1:colcon.colcon_core.shell:create_environment_hook('custom_interface', 'ld_library_path_lib')
[2.536s] INFO:colcon.colcon_core.shell:Creating environment descriptor '/home/smr/workspaces/mini_amr/amrROS2_ws/install/custom_interface/share/custom_interface/hook/ld_library_path_lib.dsv'
[2.537s] INFO:colcon.colcon_core.shell:Creating environment hook '/home/smr/workspaces/mini_amr/amrROS2_ws/install/custom_interface/share/custom_interface/hook/ld_library_path_lib.sh'
[2.537s] Level 1:colcon.colcon_core.environment:checking '/home/smr/workspaces/mini_amr/amrROS2_ws/install/custom_interface/bin'
[2.537s] Level 1:colcon.colcon_core.environment:checking '/home/smr/workspaces/mini_amr/amrROS2_ws/install/custom_interface/lib/pkgconfig/custom_interface.pc'
[2.537s] Level 1:colcon.colcon_core.environment:checking '/home/smr/workspaces/mini_amr/amrROS2_ws/install/custom_interface/lib/python3.12/site-packages'
[2.538s] Level 1:colcon.colcon_core.shell:create_environment_hook('custom_interface', 'pythonpath')
[2.538s] INFO:colcon.colcon_core.shell:Creating environment descriptor '/home/smr/workspaces/mini_amr/amrROS2_ws/install/custom_interface/share/custom_interface/hook/pythonpath.dsv'
[2.538s] INFO:colcon.colcon_core.shell:Creating environment hook '/home/smr/workspaces/mini_amr/amrROS2_ws/install/custom_interface/share/custom_interface/hook/pythonpath.sh'
[2.539s] Level 1:colcon.colcon_core.environment:checking '/home/smr/workspaces/mini_amr/amrROS2_ws/install/custom_interface/bin'
[2.539s] INFO:colcon.colcon_core.shell:Creating package descriptor '/home/smr/workspaces/mini_amr/amrROS2_ws/install/custom_interface/share/custom_interface/package.dsv'
[2.540s] INFO:colcon.colcon_core.shell:Creating package script '/home/smr/workspaces/mini_amr/amrROS2_ws/install/custom_interface/share/custom_interface/package.sh'
[2.541s] INFO:colcon.colcon_core.shell:Creating package script '/home/smr/workspaces/mini_amr/amrROS2_ws/install/custom_interface/share/custom_interface/package.bash'
[2.541s] INFO:colcon.colcon_core.shell:Creating package script '/home/smr/workspaces/mini_amr/amrROS2_ws/install/custom_interface/share/custom_interface/package.zsh'
[2.542s] Level 1:colcon.colcon_core.environment:create_file_with_runtime_dependencies(/home/smr/workspaces/mini_amr/amrROS2_ws/install/custom_interface/share/colcon-core/packages/custom_interface)
[2.542s] Level 1:colcon.colcon_core.environment:create_environment_scripts_only(custom_interface)
[2.543s] Level 1:colcon.colcon_core.environment:checking '/home/smr/workspaces/mini_amr/amrROS2_ws/install/custom_interface' for CMake module files
[2.544s] Level 1:colcon.colcon_core.environment:checking '/home/smr/workspaces/mini_amr/amrROS2_ws/install/custom_interface' for CMake config files
[2.544s] Level 1:colcon.colcon_core.shell:create_environment_hook('custom_interface', 'cmake_prefix_path')
[2.544s] INFO:colcon.colcon_core.shell:Creating environment descriptor '/home/smr/workspaces/mini_amr/amrROS2_ws/install/custom_interface/share/custom_interface/hook/cmake_prefix_path.dsv'
[2.545s] INFO:colcon.colcon_core.shell:Creating environment hook '/home/smr/workspaces/mini_amr/amrROS2_ws/install/custom_interface/share/custom_interface/hook/cmake_prefix_path.sh'
[2.545s] Level 1:colcon.colcon_core.environment:checking '/home/smr/workspaces/mini_amr/amrROS2_ws/install/custom_interface/lib'
[2.545s] Level 1:colcon.colcon_core.shell:create_environment_hook('custom_interface', 'ld_library_path_lib')
[2.546s] INFO:colcon.colcon_core.shell:Creating environment descriptor '/home/smr/workspaces/mini_amr/amrROS2_ws/install/custom_interface/share/custom_interface/hook/ld_library_path_lib.dsv'
[2.546s] INFO:colcon.colcon_core.shell:Creating environment hook '/home/smr/workspaces/mini_amr/amrROS2_ws/install/custom_interface/share/custom_interface/hook/ld_library_path_lib.sh'
[2.546s] Level 1:colcon.colcon_core.environment:checking '/home/smr/workspaces/mini_amr/amrROS2_ws/install/custom_interface/bin'
[2.547s] Level 1:colcon.colcon_core.environment:checking '/home/smr/workspaces/mini_amr/amrROS2_ws/install/custom_interface/lib/pkgconfig/custom_interface.pc'
[2.547s] Level 1:colcon.colcon_core.environment:checking '/home/smr/workspaces/mini_amr/amrROS2_ws/install/custom_interface/lib/python3.12/site-packages'
[2.547s] Level 1:colcon.colcon_core.shell:create_environment_hook('custom_interface', 'pythonpath')
[2.547s] INFO:colcon.colcon_core.shell:Creating environment descriptor '/home/smr/workspaces/mini_amr/amrROS2_ws/install/custom_interface/share/custom_interface/hook/pythonpath.dsv'
[2.548s] INFO:colcon.colcon_core.shell:Creating environment hook '/home/smr/workspaces/mini_amr/amrROS2_ws/install/custom_interface/share/custom_interface/hook/pythonpath.sh'
[2.548s] Level 1:colcon.colcon_core.environment:checking '/home/smr/workspaces/mini_amr/amrROS2_ws/install/custom_interface/bin'
[2.549s] INFO:colcon.colcon_core.shell:Creating package descriptor '/home/smr/workspaces/mini_amr/amrROS2_ws/install/custom_interface/share/custom_interface/package.dsv'
[2.549s] INFO:colcon.colcon_core.shell:Creating package script '/home/smr/workspaces/mini_amr/amrROS2_ws/install/custom_interface/share/custom_interface/package.sh'
[2.550s] INFO:colcon.colcon_core.shell:Creating package script '/home/smr/workspaces/mini_amr/amrROS2_ws/install/custom_interface/share/custom_interface/package.bash'
[2.550s] INFO:colcon.colcon_core.shell:Creating package script '/home/smr/workspaces/mini_amr/amrROS2_ws/install/custom_interface/share/custom_interface/package.zsh'
[2.551s] Level 1:colcon.colcon_core.environment:create_file_with_runtime_dependencies(/home/smr/workspaces/mini_amr/amrROS2_ws/install/custom_interface/share/colcon-core/packages/custom_interface)
[2.553s] INFO:colcon.colcon_ros.task.ament_cmake.build:Building ROS package in '/home/smr/workspaces/mini_amr/amrROS2_ws/src/autodock/dock_lidar' with build type 'ament_cmake'
[2.553s] INFO:colcon.colcon_cmake.task.cmake.build:Building CMake package in '/home/smr/workspaces/mini_amr/amrROS2_ws/src/autodock/dock_lidar'
[2.553s] DEBUG:colcon.colcon_core.shell:Skip shell extension 'dsv' for command environment
[2.562s] DEBUG:colcon.colcon_core.event_handler.log_command:Invoked command in '/home/smr/workspaces/mini_amr/amrROS2_ws/build/sllidar_ros2' returned '0': CMAKE_PREFIX_PATH=${CMAKE_PREFIX_PATH}:/home/smr/workspaces/mini_amr/amrROS2_ws/install/wis_pkg:/home/smr/workspaces/mini_amr/amrROS2_ws/install/robot_data_tool:/home/smr/workspaces/mini_amr/amrROS2_ws/install/python_pkg:/home/smr/workspaces/mini_amr/amrROS2_ws/install/action_autodock:/opt/ros/jazzy DEBUGINFOD_URLS=https://debuginfod.ubuntu.com /usr/bin/cmake --build /home/smr/workspaces/mini_amr/amrROS2_ws/build/sllidar_ros2 -- -j8 -l8
[2.568s] DEBUG:colcon.colcon_core.event_handler.log_command:Invoking command in '/home/smr/workspaces/mini_amr/amrROS2_ws/build/sllidar_ros2': CMAKE_PREFIX_PATH=${CMAKE_PREFIX_PATH}:/home/smr/workspaces/mini_amr/amrROS2_ws/install/wis_pkg:/home/smr/workspaces/mini_amr/amrROS2_ws/install/robot_data_tool:/home/smr/workspaces/mini_amr/amrROS2_ws/install/python_pkg:/home/smr/workspaces/mini_amr/amrROS2_ws/install/action_autodock:/opt/ros/jazzy DEBUGINFOD_URLS=https://debuginfod.ubuntu.com /usr/bin/cmake --install /home/smr/workspaces/mini_amr/amrROS2_ws/build/sllidar_ros2
[2.570s] DEBUG:colcon.colcon_core.event_handler.log_command:Invoked command in '/home/smr/workspaces/mini_amr/amrROS2_ws/build/robot_hardware_interface' returned '0': CMAKE_PREFIX_PATH=${CMAKE_PREFIX_PATH}:/home/smr/workspaces/mini_amr/amrROS2_ws/install/wis_pkg:/home/smr/workspaces/mini_amr/amrROS2_ws/install/robot_data_tool:/home/smr/workspaces/mini_amr/amrROS2_ws/install/python_pkg:/home/smr/workspaces/mini_amr/amrROS2_ws/install/action_autodock:/opt/ros/jazzy DEBUGINFOD_URLS=https://debuginfod.ubuntu.com /usr/bin/cmake --build /home/smr/workspaces/mini_amr/amrROS2_ws/build/robot_hardware_interface -- -j8 -l8
[2.577s] DEBUG:colcon.colcon_core.event_handler.log_command:Invoking command in '/home/smr/workspaces/mini_amr/amrROS2_ws/build/robot_hardware_interface': CMAKE_PREFIX_PATH=${CMAKE_PREFIX_PATH}:/home/smr/workspaces/mini_amr/amrROS2_ws/install/wis_pkg:/home/smr/workspaces/mini_amr/amrROS2_ws/install/robot_data_tool:/home/smr/workspaces/mini_amr/amrROS2_ws/install/python_pkg:/home/smr/workspaces/mini_amr/amrROS2_ws/install/action_autodock:/opt/ros/jazzy DEBUGINFOD_URLS=https://debuginfod.ubuntu.com /usr/bin/cmake --install /home/smr/workspaces/mini_amr/amrROS2_ws/build/robot_hardware_interface
[2.585s] DEBUG:colcon.colcon_core.event_handler.log_command:Invoking command in '/home/smr/workspaces/mini_amr/amrROS2_ws/build/dock_lidar': CMAKE_PREFIX_PATH=/home/smr/workspaces/mini_amr/amrROS2_ws/install/custom_interface:/home/smr/workspaces/mini_amr/amrROS2_ws/install/sllidar_ros2:/home/smr/workspaces/mini_amr/amrROS2_ws/install/robot_hardware_interface:/home/smr/workspaces/mini_amr/amrROS2_ws/install/navigation:/home/smr/workspaces/mini_amr/amrROS2_ws/install/dock_lidar:/home/smr/workspaces/mini_amr/amrROS2_ws/install/description:/home/smr/workspaces/mini_amr/amrROS2_ws/install/bringup:/opt/ros/jazzy/opt/gz_sim_vendor:/opt/ros/jazzy/opt/gz_sensors_vendor:/opt/ros/jazzy/opt/gz_physics_vendor:/opt/ros/jazzy/opt/sdformat_vendor:/opt/ros/jazzy/opt/gz_gui_vendor:/opt/ros/jazzy/opt/gz_transport_vendor:/opt/ros/jazzy/opt/gz_rendering_vendor:/opt/ros/jazzy/opt/gz_plugin_vendor:/opt/ros/jazzy/opt/gz_fuel_tools_vendor:/opt/ros/jazzy/opt/gz_msgs_vendor:/opt/ros/jazzy/opt/gz_common_vendor:/opt/ros/jazzy/opt/gz_math_vendor:/opt/ros/jazzy/opt/gz_utils_vendor:/opt/ros/jazzy/opt/gz_tools_vendor:/opt/ros/jazzy/opt/gz_ogre_next_vendor:/opt/ros/jazzy/opt/gz_dartsim_vendor:/opt/ros/jazzy/opt/gz_cmake_vendor:/home/smr/workspaces/mini_amr/amrROS2_ws/install/wis_pkg:/home/smr/workspaces/mini_amr/amrROS2_ws/install/robot_data_tool:/home/smr/workspaces/mini_amr/amrROS2_ws/install/python_pkg:/home/smr/workspaces/mini_amr/amrROS2_ws/install/action_autodock:/opt/ros/jazzy DEBUGINFOD_URLS=https://debuginfod.ubuntu.com PYTHONPATH=/home/smr/workspaces/mini_amr/amrROS2_ws/install/custom_interface/lib/python3.12/site-packages:/home/smr/workspaces/mini_amr/amrROS2_ws/install/wis_pkg/lib/python3.12/site-packages:/home/smr/workspaces/mini_amr/amrROS2_ws/install/robot_data_tool/lib/python3.12/site-packages:/home/smr/workspaces/mini_amr/amrROS2_ws/install/python_pkg/lib/python3.12/site-packages:/home/smr/workspaces/mini_amr/amrROS2_ws/install/action_autodock/lib/python3.12/site-packages:/opt/ros/jazzy/lib/python3.12/site-packages /usr/bin/cmake --build /home/smr/workspaces/mini_amr/amrROS2_ws/build/dock_lidar -- -j8 -l8
[2.604s] Level 1:colcon.colcon_core.environment:create_environment_scripts_only(robot_hardware_interface)
[2.604s] Level 1:colcon.colcon_core.environment:checking '/home/smr/workspaces/mini_amr/amrROS2_ws/install/robot_hardware_interface' for CMake module files
[2.605s] Level 1:colcon.colcon_core.environment:checking '/home/smr/workspaces/mini_amr/amrROS2_ws/install/robot_hardware_interface' for CMake config files
[2.606s] Level 1:colcon.colcon_core.shell:create_environment_hook('robot_hardware_interface', 'cmake_prefix_path')
[2.606s] INFO:colcon.colcon_core.shell:Creating environment descriptor '/home/smr/workspaces/mini_amr/amrROS2_ws/install/robot_hardware_interface/share/robot_hardware_interface/hook/cmake_prefix_path.dsv'
[2.608s] DEBUG:colcon.colcon_core.event_handler.log_command:Invoked command in '/home/smr/workspaces/mini_amr/amrROS2_ws/build/robot_hardware_interface' returned '0': CMAKE_PREFIX_PATH=${CMAKE_PREFIX_PATH}:/home/smr/workspaces/mini_amr/amrROS2_ws/install/wis_pkg:/home/smr/workspaces/mini_amr/amrROS2_ws/install/robot_data_tool:/home/smr/workspaces/mini_amr/amrROS2_ws/install/python_pkg:/home/smr/workspaces/mini_amr/amrROS2_ws/install/action_autodock:/opt/ros/jazzy DEBUGINFOD_URLS=https://debuginfod.ubuntu.com /usr/bin/cmake --install /home/smr/workspaces/mini_amr/amrROS2_ws/build/robot_hardware_interface
[2.608s] INFO:colcon.colcon_core.shell:Creating environment hook '/home/smr/workspaces/mini_amr/amrROS2_ws/install/robot_hardware_interface/share/robot_hardware_interface/hook/cmake_prefix_path.sh'
[2.612s] Level 1:colcon.colcon_core.environment:checking '/home/smr/workspaces/mini_amr/amrROS2_ws/install/robot_hardware_interface/lib'
[2.612s] Level 1:colcon.colcon_core.environment:checking '/home/smr/workspaces/mini_amr/amrROS2_ws/install/robot_hardware_interface/bin'
[2.613s] Level 1:colcon.colcon_core.environment:checking '/home/smr/workspaces/mini_amr/amrROS2_ws/install/robot_hardware_interface/lib/pkgconfig/robot_hardware_interface.pc'
[2.613s] Level 1:colcon.colcon_core.environment:checking '/home/smr/workspaces/mini_amr/amrROS2_ws/install/robot_hardware_interface/lib/python3.12/site-packages'
[2.614s] Level 1:colcon.colcon_core.environment:checking '/home/smr/workspaces/mini_amr/amrROS2_ws/install/robot_hardware_interface/bin'
[2.615s] INFO:colcon.colcon_core.shell:Creating package descriptor '/home/smr/workspaces/mini_amr/amrROS2_ws/install/robot_hardware_interface/share/robot_hardware_interface/package.dsv'
[2.618s] INFO:colcon.colcon_core.shell:Creating package script '/home/smr/workspaces/mini_amr/amrROS2_ws/install/robot_hardware_interface/share/robot_hardware_interface/package.sh'
[2.622s] INFO:colcon.colcon_core.shell:Creating package script '/home/smr/workspaces/mini_amr/amrROS2_ws/install/robot_hardware_interface/share/robot_hardware_interface/package.bash'
[2.625s] INFO:colcon.colcon_core.shell:Creating package script '/home/smr/workspaces/mini_amr/amrROS2_ws/install/robot_hardware_interface/share/robot_hardware_interface/package.zsh'
[2.626s] Level 1:colcon.colcon_core.environment:create_file_with_runtime_dependencies(/home/smr/workspaces/mini_amr/amrROS2_ws/install/robot_hardware_interface/share/colcon-core/packages/robot_hardware_interface)
[2.627s] Level 1:colcon.colcon_core.environment:create_environment_scripts_only(robot_hardware_interface)
[2.627s] Level 1:colcon.colcon_core.environment:checking '/home/smr/workspaces/mini_amr/amrROS2_ws/install/robot_hardware_interface' for CMake module files
[2.628s] Level 1:colcon.colcon_core.environment:checking '/home/smr/workspaces/mini_amr/amrROS2_ws/install/robot_hardware_interface' for CMake config files
[2.628s] Level 1:colcon.colcon_core.shell:create_environment_hook('robot_hardware_interface', 'cmake_prefix_path')
[2.628s] INFO:colcon.colcon_core.shell:Creating environment descriptor '/home/smr/workspaces/mini_amr/amrROS2_ws/install/robot_hardware_interface/share/robot_hardware_interface/hook/cmake_prefix_path.dsv'
[2.629s] INFO:colcon.colcon_core.shell:Creating environment hook '/home/smr/workspaces/mini_amr/amrROS2_ws/install/robot_hardware_interface/share/robot_hardware_interface/hook/cmake_prefix_path.sh'
[2.630s] Level 1:colcon.colcon_core.environment:checking '/home/smr/workspaces/mini_amr/amrROS2_ws/install/robot_hardware_interface/lib'
[2.630s] Level 1:colcon.colcon_core.environment:checking '/home/smr/workspaces/mini_amr/amrROS2_ws/install/robot_hardware_interface/bin'
[2.630s] Level 1:colcon.colcon_core.environment:checking '/home/smr/workspaces/mini_amr/amrROS2_ws/install/robot_hardware_interface/lib/pkgconfig/robot_hardware_interface.pc'
[2.630s] Level 1:colcon.colcon_core.environment:checking '/home/smr/workspaces/mini_amr/amrROS2_ws/install/robot_hardware_interface/lib/python3.12/site-packages'
[2.630s] Level 1:colcon.colcon_core.environment:checking '/home/smr/workspaces/mini_amr/amrROS2_ws/install/robot_hardware_interface/bin'
[2.631s] INFO:colcon.colcon_core.shell:Creating package descriptor '/home/smr/workspaces/mini_amr/amrROS2_ws/install/robot_hardware_interface/share/robot_hardware_interface/package.dsv'
[2.631s] INFO:colcon.colcon_core.shell:Creating package script '/home/smr/workspaces/mini_amr/amrROS2_ws/install/robot_hardware_interface/share/robot_hardware_interface/package.sh'
[2.632s] INFO:colcon.colcon_core.shell:Creating package script '/home/smr/workspaces/mini_amr/amrROS2_ws/install/robot_hardware_interface/share/robot_hardware_interface/package.bash'
[2.633s] INFO:colcon.colcon_core.shell:Creating package script '/home/smr/workspaces/mini_amr/amrROS2_ws/install/robot_hardware_interface/share/robot_hardware_interface/package.zsh'
[2.633s] Level 1:colcon.colcon_core.environment:create_file_with_runtime_dependencies(/home/smr/workspaces/mini_amr/amrROS2_ws/install/robot_hardware_interface/share/colcon-core/packages/robot_hardware_interface)
[2.636s] Level 1:colcon.colcon_core.environment:create_environment_scripts_only(sllidar_ros2)
[2.637s] Level 1:colcon.colcon_core.environment:checking '/home/smr/workspaces/mini_amr/amrROS2_ws/install/sllidar_ros2' for CMake module files
[2.637s] DEBUG:colcon.colcon_core.event_handler.log_command:Invoked command in '/home/smr/workspaces/mini_amr/amrROS2_ws/build/sllidar_ros2' returned '0': CMAKE_PREFIX_PATH=${CMAKE_PREFIX_PATH}:/home/smr/workspaces/mini_amr/amrROS2_ws/install/wis_pkg:/home/smr/workspaces/mini_amr/amrROS2_ws/install/robot_data_tool:/home/smr/workspaces/mini_amr/amrROS2_ws/install/python_pkg:/home/smr/workspaces/mini_amr/amrROS2_ws/install/action_autodock:/opt/ros/jazzy DEBUGINFOD_URLS=https://debuginfod.ubuntu.com /usr/bin/cmake --install /home/smr/workspaces/mini_amr/amrROS2_ws/build/sllidar_ros2
[2.639s] Level 1:colcon.colcon_core.environment:checking '/home/smr/workspaces/mini_amr/amrROS2_ws/install/sllidar_ros2' for CMake config files
[2.640s] Level 1:colcon.colcon_core.shell:create_environment_hook('sllidar_ros2', 'cmake_prefix_path')
[2.642s] INFO:colcon.colcon_core.shell:Creating environment descriptor '/home/smr/workspaces/mini_amr/amrROS2_ws/install/sllidar_ros2/share/sllidar_ros2/hook/cmake_prefix_path.dsv'
[2.643s] INFO:colcon.colcon_core.shell:Creating environment hook '/home/smr/workspaces/mini_amr/amrROS2_ws/install/sllidar_ros2/share/sllidar_ros2/hook/cmake_prefix_path.sh'
[2.644s] Level 1:colcon.colcon_core.environment:checking '/home/smr/workspaces/mini_amr/amrROS2_ws/install/sllidar_ros2/lib'
[2.644s] Level 1:colcon.colcon_core.environment:checking '/home/smr/workspaces/mini_amr/amrROS2_ws/install/sllidar_ros2/bin'
[2.644s] Level 1:colcon.colcon_core.environment:checking '/home/smr/workspaces/mini_amr/amrROS2_ws/install/sllidar_ros2/lib/pkgconfig/sllidar_ros2.pc'
[2.645s] Level 1:colcon.colcon_core.environment:checking '/home/smr/workspaces/mini_amr/amrROS2_ws/install/sllidar_ros2/lib/python3.12/site-packages'
[2.645s] Level 1:colcon.colcon_core.environment:checking '/home/smr/workspaces/mini_amr/amrROS2_ws/install/sllidar_ros2/bin'
[2.646s] INFO:colcon.colcon_core.shell:Creating package descriptor '/home/smr/workspaces/mini_amr/amrROS2_ws/install/sllidar_ros2/share/sllidar_ros2/package.dsv'
[2.648s] INFO:colcon.colcon_core.shell:Creating package script '/home/smr/workspaces/mini_amr/amrROS2_ws/install/sllidar_ros2/share/sllidar_ros2/package.sh'
[2.649s] INFO:colcon.colcon_core.shell:Creating package script '/home/smr/workspaces/mini_amr/amrROS2_ws/install/sllidar_ros2/share/sllidar_ros2/package.bash'
[2.650s] INFO:colcon.colcon_core.shell:Creating package script '/home/smr/workspaces/mini_amr/amrROS2_ws/install/sllidar_ros2/share/sllidar_ros2/package.zsh'
[2.651s] Level 1:colcon.colcon_core.environment:create_file_with_runtime_dependencies(/home/smr/workspaces/mini_amr/amrROS2_ws/install/sllidar_ros2/share/colcon-core/packages/sllidar_ros2)
[2.653s] Level 1:colcon.colcon_core.environment:create_environment_scripts_only(sllidar_ros2)
[2.653s] Level 1:colcon.colcon_core.environment:checking '/home/smr/workspaces/mini_amr/amrROS2_ws/install/sllidar_ros2' for CMake module files
[2.654s] Level 1:colcon.colcon_core.environment:checking '/home/smr/workspaces/mini_amr/amrROS2_ws/install/sllidar_ros2' for CMake config files
[2.655s] Level 1:colcon.colcon_core.shell:create_environment_hook('sllidar_ros2', 'cmake_prefix_path')
[2.656s] INFO:colcon.colcon_core.shell:Creating environment descriptor '/home/smr/workspaces/mini_amr/amrROS2_ws/install/sllidar_ros2/share/sllidar_ros2/hook/cmake_prefix_path.dsv'
[2.657s] INFO:colcon.colcon_core.shell:Creating environment hook '/home/smr/workspaces/mini_amr/amrROS2_ws/install/sllidar_ros2/share/sllidar_ros2/hook/cmake_prefix_path.sh'
[2.658s] Level 1:colcon.colcon_core.environment:checking '/home/smr/workspaces/mini_amr/amrROS2_ws/install/sllidar_ros2/lib'
[2.658s] Level 1:colcon.colcon_core.environment:checking '/home/smr/workspaces/mini_amr/amrROS2_ws/install/sllidar_ros2/bin'
[2.658s] Level 1:colcon.colcon_core.environment:checking '/home/smr/workspaces/mini_amr/amrROS2_ws/install/sllidar_ros2/lib/pkgconfig/sllidar_ros2.pc'
[2.659s] Level 1:colcon.colcon_core.environment:checking '/home/smr/workspaces/mini_amr/amrROS2_ws/install/sllidar_ros2/lib/python3.12/site-packages'
[2.659s] Level 1:colcon.colcon_core.environment:checking '/home/smr/workspaces/mini_amr/amrROS2_ws/install/sllidar_ros2/bin'
[2.659s] INFO:colcon.colcon_core.shell:Creating package descriptor '/home/smr/workspaces/mini_amr/amrROS2_ws/install/sllidar_ros2/share/sllidar_ros2/package.dsv'
[2.660s] INFO:colcon.colcon_core.shell:Creating package script '/home/smr/workspaces/mini_amr/amrROS2_ws/install/sllidar_ros2/share/sllidar_ros2/package.sh'
[2.661s] INFO:colcon.colcon_core.shell:Creating package script '/home/smr/workspaces/mini_amr/amrROS2_ws/install/sllidar_ros2/share/sllidar_ros2/package.bash'
[2.662s] INFO:colcon.colcon_core.shell:Creating package script '/home/smr/workspaces/mini_amr/amrROS2_ws/install/sllidar_ros2/share/sllidar_ros2/package.zsh'
[2.662s] Level 1:colcon.colcon_core.environment:create_file_with_runtime_dependencies(/home/smr/workspaces/mini_amr/amrROS2_ws/install/sllidar_ros2/share/colcon-core/packages/sllidar_ros2)
[3.013s] DEBUG:colcon.colcon_core.event_handler.log_command:Invoked command in '/home/smr/workspaces/mini_amr/amrROS2_ws/build/dock_lidar' returned '0': CMAKE_PREFIX_PATH=/home/smr/workspaces/mini_amr/amrROS2_ws/install/custom_interface:/home/smr/workspaces/mini_amr/amrROS2_ws/install/sllidar_ros2:/home/smr/workspaces/mini_amr/amrROS2_ws/install/robot_hardware_interface:/home/smr/workspaces/mini_amr/amrROS2_ws/install/navigation:/home/smr/workspaces/mini_amr/amrROS2_ws/install/dock_lidar:/home/smr/workspaces/mini_amr/amrROS2_ws/install/description:/home/smr/workspaces/mini_amr/amrROS2_ws/install/bringup:/opt/ros/jazzy/opt/gz_sim_vendor:/opt/ros/jazzy/opt/gz_sensors_vendor:/opt/ros/jazzy/opt/gz_physics_vendor:/opt/ros/jazzy/opt/sdformat_vendor:/opt/ros/jazzy/opt/gz_gui_vendor:/opt/ros/jazzy/opt/gz_transport_vendor:/opt/ros/jazzy/opt/gz_rendering_vendor:/opt/ros/jazzy/opt/gz_plugin_vendor:/opt/ros/jazzy/opt/gz_fuel_tools_vendor:/opt/ros/jazzy/opt/gz_msgs_vendor:/opt/ros/jazzy/opt/gz_common_vendor:/opt/ros/jazzy/opt/gz_math_vendor:/opt/ros/jazzy/opt/gz_utils_vendor:/opt/ros/jazzy/opt/gz_tools_vendor:/opt/ros/jazzy/opt/gz_ogre_next_vendor:/opt/ros/jazzy/opt/gz_dartsim_vendor:/opt/ros/jazzy/opt/gz_cmake_vendor:/home/smr/workspaces/mini_amr/amrROS2_ws/install/wis_pkg:/home/smr/workspaces/mini_amr/amrROS2_ws/install/robot_data_tool:/home/smr/workspaces/mini_amr/amrROS2_ws/install/python_pkg:/home/smr/workspaces/mini_amr/amrROS2_ws/install/action_autodock:/opt/ros/jazzy DEBUGINFOD_URLS=https://debuginfod.ubuntu.com PYTHONPATH=/home/smr/workspaces/mini_amr/amrROS2_ws/install/custom_interface/lib/python3.12/site-packages:/home/smr/workspaces/mini_amr/amrROS2_ws/install/wis_pkg/lib/python3.12/site-packages:/home/smr/workspaces/mini_amr/amrROS2_ws/install/robot_data_tool/lib/python3.12/site-packages:/home/smr/workspaces/mini_amr/amrROS2_ws/install/python_pkg/lib/python3.12/site-packages:/home/smr/workspaces/mini_amr/amrROS2_ws/install/action_autodock/lib/python3.12/site-packages:/opt/ros/jazzy/lib/python3.12/site-packages /usr/bin/cmake --build /home/smr/workspaces/mini_amr/amrROS2_ws/build/dock_lidar -- -j8 -l8
[3.020s] DEBUG:colcon.colcon_core.event_handler.log_command:Invoking command in '/home/smr/workspaces/mini_amr/amrROS2_ws/build/dock_lidar': CMAKE_PREFIX_PATH=/home/smr/workspaces/mini_amr/amrROS2_ws/install/custom_interface:/home/smr/workspaces/mini_amr/amrROS2_ws/install/sllidar_ros2:/home/smr/workspaces/mini_amr/amrROS2_ws/install/robot_hardware_interface:/home/smr/workspaces/mini_amr/amrROS2_ws/install/navigation:/home/smr/workspaces/mini_amr/amrROS2_ws/install/dock_lidar:/home/smr/workspaces/mini_amr/amrROS2_ws/install/description:/home/smr/workspaces/mini_amr/amrROS2_ws/install/bringup:/opt/ros/jazzy/opt/gz_sim_vendor:/opt/ros/jazzy/opt/gz_sensors_vendor:/opt/ros/jazzy/opt/gz_physics_vendor:/opt/ros/jazzy/opt/sdformat_vendor:/opt/ros/jazzy/opt/gz_gui_vendor:/opt/ros/jazzy/opt/gz_transport_vendor:/opt/ros/jazzy/opt/gz_rendering_vendor:/opt/ros/jazzy/opt/gz_plugin_vendor:/opt/ros/jazzy/opt/gz_fuel_tools_vendor:/opt/ros/jazzy/opt/gz_msgs_vendor:/opt/ros/jazzy/opt/gz_common_vendor:/opt/ros/jazzy/opt/gz_math_vendor:/opt/ros/jazzy/opt/gz_utils_vendor:/opt/ros/jazzy/opt/gz_tools_vendor:/opt/ros/jazzy/opt/gz_ogre_next_vendor:/opt/ros/jazzy/opt/gz_dartsim_vendor:/opt/ros/jazzy/opt/gz_cmake_vendor:/home/smr/workspaces/mini_amr/amrROS2_ws/install/wis_pkg:/home/smr/workspaces/mini_amr/amrROS2_ws/install/robot_data_tool:/home/smr/workspaces/mini_amr/amrROS2_ws/install/python_pkg:/home/smr/workspaces/mini_amr/amrROS2_ws/install/action_autodock:/opt/ros/jazzy DEBUGINFOD_URLS=https://debuginfod.ubuntu.com PYTHONPATH=/home/smr/workspaces/mini_amr/amrROS2_ws/install/custom_interface/lib/python3.12/site-packages:/home/smr/workspaces/mini_amr/amrROS2_ws/install/wis_pkg/lib/python3.12/site-packages:/home/smr/workspaces/mini_amr/amrROS2_ws/install/robot_data_tool/lib/python3.12/site-packages:/home/smr/workspaces/mini_amr/amrROS2_ws/install/python_pkg/lib/python3.12/site-packages:/home/smr/workspaces/mini_amr/amrROS2_ws/install/action_autodock/lib/python3.12/site-packages:/opt/ros/jazzy/lib/python3.12/site-packages /usr/bin/cmake --install /home/smr/workspaces/mini_amr/amrROS2_ws/build/dock_lidar
[3.066s] Level 1:colcon.colcon_core.environment:create_environment_scripts_only(dock_lidar)
[3.067s] Level 1:colcon.colcon_core.environment:checking '/home/smr/workspaces/mini_amr/amrROS2_ws/install/dock_lidar' for CMake module files
[3.070s] DEBUG:colcon.colcon_core.event_handler.log_command:Invoked command in '/home/smr/workspaces/mini_amr/amrROS2_ws/build/dock_lidar' returned '0': CMAKE_PREFIX_PATH=/home/smr/workspaces/mini_amr/amrROS2_ws/install/custom_interface:/home/smr/workspaces/mini_amr/amrROS2_ws/install/sllidar_ros2:/home/smr/workspaces/mini_amr/amrROS2_ws/install/robot_hardware_interface:/home/smr/workspaces/mini_amr/amrROS2_ws/install/navigation:/home/smr/workspaces/mini_amr/amrROS2_ws/install/dock_lidar:/home/smr/workspaces/mini_amr/amrROS2_ws/install/description:/home/smr/workspaces/mini_amr/amrROS2_ws/install/bringup:/opt/ros/jazzy/opt/gz_sim_vendor:/opt/ros/jazzy/opt/gz_sensors_vendor:/opt/ros/jazzy/opt/gz_physics_vendor:/opt/ros/jazzy/opt/sdformat_vendor:/opt/ros/jazzy/opt/gz_gui_vendor:/opt/ros/jazzy/opt/gz_transport_vendor:/opt/ros/jazzy/opt/gz_rendering_vendor:/opt/ros/jazzy/opt/gz_plugin_vendor:/opt/ros/jazzy/opt/gz_fuel_tools_vendor:/opt/ros/jazzy/opt/gz_msgs_vendor:/opt/ros/jazzy/opt/gz_common_vendor:/opt/ros/jazzy/opt/gz_math_vendor:/opt/ros/jazzy/opt/gz_utils_vendor:/opt/ros/jazzy/opt/gz_tools_vendor:/opt/ros/jazzy/opt/gz_ogre_next_vendor:/opt/ros/jazzy/opt/gz_dartsim_vendor:/opt/ros/jazzy/opt/gz_cmake_vendor:/home/smr/workspaces/mini_amr/amrROS2_ws/install/wis_pkg:/home/smr/workspaces/mini_amr/amrROS2_ws/install/robot_data_tool:/home/smr/workspaces/mini_amr/amrROS2_ws/install/python_pkg:/home/smr/workspaces/mini_amr/amrROS2_ws/install/action_autodock:/opt/ros/jazzy DEBUGINFOD_URLS=https://debuginfod.ubuntu.com PYTHONPATH=/home/smr/workspaces/mini_amr/amrROS2_ws/install/custom_interface/lib/python3.12/site-packages:/home/smr/workspaces/mini_amr/amrROS2_ws/install/wis_pkg/lib/python3.12/site-packages:/home/smr/workspaces/mini_amr/amrROS2_ws/install/robot_data_tool/lib/python3.12/site-packages:/home/smr/workspaces/mini_amr/amrROS2_ws/install/python_pkg/lib/python3.12/site-packages:/home/smr/workspaces/mini_amr/amrROS2_ws/install/action_autodock/lib/python3.12/site-packages:/opt/ros/jazzy/lib/python3.12/site-packages /usr/bin/cmake --install /home/smr/workspaces/mini_amr/amrROS2_ws/build/dock_lidar
[3.072s] Level 1:colcon.colcon_core.environment:checking '/home/smr/workspaces/mini_amr/amrROS2_ws/install/dock_lidar' for CMake config files
[3.073s] Level 1:colcon.colcon_core.shell:create_environment_hook('dock_lidar', 'cmake_prefix_path')
[3.074s] INFO:colcon.colcon_core.shell:Creating environment descriptor '/home/smr/workspaces/mini_amr/amrROS2_ws/install/dock_lidar/share/dock_lidar/hook/cmake_prefix_path.dsv'
[3.076s] INFO:colcon.colcon_core.shell:Creating environment hook '/home/smr/workspaces/mini_amr/amrROS2_ws/install/dock_lidar/share/dock_lidar/hook/cmake_prefix_path.sh'
[3.079s] Level 1:colcon.colcon_core.environment:checking '/home/smr/workspaces/mini_amr/amrROS2_ws/install/dock_lidar/lib'
[3.081s] Level 1:colcon.colcon_core.environment:checking '/home/smr/workspaces/mini_amr/amrROS2_ws/install/dock_lidar/bin'
[3.081s] Level 1:colcon.colcon_core.environment:checking '/home/smr/workspaces/mini_amr/amrROS2_ws/install/dock_lidar/lib/pkgconfig/dock_lidar.pc'
[3.081s] Level 1:colcon.colcon_core.environment:checking '/home/smr/workspaces/mini_amr/amrROS2_ws/install/dock_lidar/lib/python3.12/site-packages'
[3.082s] Level 1:colcon.colcon_core.environment:checking '/home/smr/workspaces/mini_amr/amrROS2_ws/install/dock_lidar/bin'
[3.082s] INFO:colcon.colcon_core.shell:Creating package descriptor '/home/smr/workspaces/mini_amr/amrROS2_ws/install/dock_lidar/share/dock_lidar/package.dsv'
[3.083s] INFO:colcon.colcon_core.shell:Creating package script '/home/smr/workspaces/mini_amr/amrROS2_ws/install/dock_lidar/share/dock_lidar/package.sh'
[3.084s] INFO:colcon.colcon_core.shell:Creating package script '/home/smr/workspaces/mini_amr/amrROS2_ws/install/dock_lidar/share/dock_lidar/package.bash'
[3.085s] INFO:colcon.colcon_core.shell:Creating package script '/home/smr/workspaces/mini_amr/amrROS2_ws/install/dock_lidar/share/dock_lidar/package.zsh'
[3.086s] Level 1:colcon.colcon_core.environment:create_file_with_runtime_dependencies(/home/smr/workspaces/mini_amr/amrROS2_ws/install/dock_lidar/share/colcon-core/packages/dock_lidar)
[3.087s] Level 1:colcon.colcon_core.environment:create_environment_scripts_only(dock_lidar)
[3.087s] Level 1:colcon.colcon_core.environment:checking '/home/smr/workspaces/mini_amr/amrROS2_ws/install/dock_lidar' for CMake module files
[3.088s] Level 1:colcon.colcon_core.environment:checking '/home/smr/workspaces/mini_amr/amrROS2_ws/install/dock_lidar' for CMake config files
[3.088s] Level 1:colcon.colcon_core.shell:create_environment_hook('dock_lidar', 'cmake_prefix_path')
[3.089s] INFO:colcon.colcon_core.shell:Creating environment descriptor '/home/smr/workspaces/mini_amr/amrROS2_ws/install/dock_lidar/share/dock_lidar/hook/cmake_prefix_path.dsv'
[3.089s] INFO:colcon.colcon_core.shell:Creating environment hook '/home/smr/workspaces/mini_amr/amrROS2_ws/install/dock_lidar/share/dock_lidar/hook/cmake_prefix_path.sh'
[3.090s] Level 1:colcon.colcon_core.environment:checking '/home/smr/workspaces/mini_amr/amrROS2_ws/install/dock_lidar/lib'
[3.090s] Level 1:colcon.colcon_core.environment:checking '/home/smr/workspaces/mini_amr/amrROS2_ws/install/dock_lidar/bin'
[3.090s] Level 1:colcon.colcon_core.environment:checking '/home/smr/workspaces/mini_amr/amrROS2_ws/install/dock_lidar/lib/pkgconfig/dock_lidar.pc'
[3.091s] Level 1:colcon.colcon_core.environment:checking '/home/smr/workspaces/mini_amr/amrROS2_ws/install/dock_lidar/lib/python3.12/site-packages'
[3.091s] Level 1:colcon.colcon_core.environment:checking '/home/smr/workspaces/mini_amr/amrROS2_ws/install/dock_lidar/bin'
[3.091s] INFO:colcon.colcon_core.shell:Creating package descriptor '/home/smr/workspaces/mini_amr/amrROS2_ws/install/dock_lidar/share/dock_lidar/package.dsv'
[3.092s] INFO:colcon.colcon_core.shell:Creating package script '/home/smr/workspaces/mini_amr/amrROS2_ws/install/dock_lidar/share/dock_lidar/package.sh'
[3.093s] INFO:colcon.colcon_core.shell:Creating package script '/home/smr/workspaces/mini_amr/amrROS2_ws/install/dock_lidar/share/dock_lidar/package.bash'
[3.093s] INFO:colcon.colcon_core.shell:Creating package script '/home/smr/workspaces/mini_amr/amrROS2_ws/install/dock_lidar/share/dock_lidar/package.zsh'
[3.094s] Level 1:colcon.colcon_core.environment:create_file_with_runtime_dependencies(/home/smr/workspaces/mini_amr/amrROS2_ws/install/dock_lidar/share/colcon-core/packages/dock_lidar)
[3.276s] DEBUG:colcon.colcon_core.event_handler.log_command:Invoking command in '/home/smr/workspaces/mini_amr/amrROS2_ws/src/robot_data_tool': DEBUGINFOD_URLS=https://debuginfod.ubuntu.com PYTHONPATH=/home/smr/workspaces/mini_amr/amrROS2_ws/build/robot_data_tool/prefix_override:/usr/lib/python3/dist-packages/colcon_core/task/python/colcon_distutils_commands:/home/smr/workspaces/mini_amr/amrROS2_ws/install/robot_data_tool/lib/python3.12/site-packages:${PYTHONPATH} /usr/bin/python3 -W ignore:setup.py install is deprecated -W ignore:easy_install command is deprecated setup.py egg_info --egg-base ../../build/robot_data_tool build --build-base /home/smr/workspaces/mini_amr/amrROS2_ws/build/robot_data_tool/build install --record /home/smr/workspaces/mini_amr/amrROS2_ws/build/robot_data_tool/install.log --single-version-externally-managed install_data
[3.283s] DEBUG:colcon.colcon_core.event_handler.log_command:Invoking command in '/home/smr/workspaces/mini_amr/amrROS2_ws/src/autodock/action_autodock': DEBUGINFOD_URLS=https://debuginfod.ubuntu.com PYTHONPATH=/home/smr/workspaces/mini_amr/amrROS2_ws/build/action_autodock/prefix_override:/usr/lib/python3/dist-packages/colcon_core/task/python/colcon_distutils_commands:/home/smr/workspaces/mini_amr/amrROS2_ws/install/action_autodock/lib/python3.12/site-packages:${PYTHONPATH} /usr/bin/python3 -W ignore:setup.py install is deprecated -W ignore:easy_install command is deprecated setup.py egg_info --egg-base ../../../build/action_autodock build --build-base /home/smr/workspaces/mini_amr/amrROS2_ws/build/action_autodock/build install --record /home/smr/workspaces/mini_amr/amrROS2_ws/build/action_autodock/install.log --single-version-externally-managed install_data
[3.285s] DEBUG:colcon.colcon_core.event_handler.log_command:Invoking command in '/home/smr/workspaces/mini_amr/amrROS2_ws/src/python_pkg': DEBUGINFOD_URLS=https://debuginfod.ubuntu.com PYTHONPATH=/home/smr/workspaces/mini_amr/amrROS2_ws/build/python_pkg/prefix_override:/usr/lib/python3/dist-packages/colcon_core/task/python/colcon_distutils_commands:/home/smr/workspaces/mini_amr/amrROS2_ws/install/python_pkg/lib/python3.12/site-packages:${PYTHONPATH} /usr/bin/python3 -W ignore:setup.py install is deprecated -W ignore:easy_install command is deprecated setup.py egg_info --egg-base ../../build/python_pkg build --build-base /home/smr/workspaces/mini_amr/amrROS2_ws/build/python_pkg/build install --record /home/smr/workspaces/mini_amr/amrROS2_ws/build/python_pkg/install.log --single-version-externally-managed install_data
[3.592s] DEBUG:colcon.colcon_core.event_handler.log_command:Invoking command in '/home/smr/workspaces/mini_amr/amrROS2_ws/src/wis_pkg': DEBUGINFOD_URLS=https://debuginfod.ubuntu.com PYTHONPATH=/home/smr/workspaces/mini_amr/amrROS2_ws/build/wis_pkg/prefix_override:/usr/lib/python3/dist-packages/colcon_core/task/python/colcon_distutils_commands:/home/smr/workspaces/mini_amr/amrROS2_ws/install/wis_pkg/lib/python3.12/site-packages:${PYTHONPATH} /usr/bin/python3 -W ignore:setup.py install is deprecated -W ignore:easy_install command is deprecated setup.py egg_info --egg-base ../../build/wis_pkg build --build-base /home/smr/workspaces/mini_amr/amrROS2_ws/build/wis_pkg/build install --record /home/smr/workspaces/mini_amr/amrROS2_ws/build/wis_pkg/install.log --single-version-externally-managed install_data
[4.174s] Level 1:colcon.colcon_core.environment:checking '/home/smr/workspaces/mini_amr/amrROS2_ws/install/robot_data_tool' for CMake module files
[4.176s] DEBUG:colcon.colcon_core.event_handler.log_command:Invoked command in '/home/smr/workspaces/mini_amr/amrROS2_ws/src/robot_data_tool' returned '0': DEBUGINFOD_URLS=https://debuginfod.ubuntu.com PYTHONPATH=/home/smr/workspaces/mini_amr/amrROS2_ws/build/robot_data_tool/prefix_override:/usr/lib/python3/dist-packages/colcon_core/task/python/colcon_distutils_commands:/home/smr/workspaces/mini_amr/amrROS2_ws/install/robot_data_tool/lib/python3.12/site-packages:${PYTHONPATH} /usr/bin/python3 -W ignore:setup.py install is deprecated -W ignore:easy_install command is deprecated setup.py egg_info --egg-base ../../build/robot_data_tool build --build-base /home/smr/workspaces/mini_amr/amrROS2_ws/build/robot_data_tool/build install --record /home/smr/workspaces/mini_amr/amrROS2_ws/build/robot_data_tool/install.log --single-version-externally-managed install_data
[4.181s] Level 1:colcon.colcon_core.environment:checking '/home/smr/workspaces/mini_amr/amrROS2_ws/install/robot_data_tool' for CMake config files
[4.184s] Level 1:colcon.colcon_core.environment:checking '/home/smr/workspaces/mini_amr/amrROS2_ws/install/robot_data_tool/lib'
[4.185s] Level 1:colcon.colcon_core.environment:checking '/home/smr/workspaces/mini_amr/amrROS2_ws/install/robot_data_tool/bin'
[4.185s] Level 1:colcon.colcon_core.environment:checking '/home/smr/workspaces/mini_amr/amrROS2_ws/install/robot_data_tool/lib/pkgconfig/robot_data_tool.pc'
[4.187s] Level 1:colcon.colcon_core.environment:checking '/home/smr/workspaces/mini_amr/amrROS2_ws/install/robot_data_tool/lib/python3.12/site-packages'
[4.187s] Level 1:colcon.colcon_core.shell:create_environment_hook('robot_data_tool', 'pythonpath')
[4.189s] INFO:colcon.colcon_core.shell:Creating environment descriptor '/home/smr/workspaces/mini_amr/amrROS2_ws/install/robot_data_tool/share/robot_data_tool/hook/pythonpath.dsv'
[4.191s] INFO:colcon.colcon_core.shell:Creating environment hook '/home/smr/workspaces/mini_amr/amrROS2_ws/install/robot_data_tool/share/robot_data_tool/hook/pythonpath.sh'
[4.192s] Level 1:colcon.colcon_core.environment:checking '/home/smr/workspaces/mini_amr/amrROS2_ws/install/robot_data_tool/bin'
[4.192s] Level 1:colcon.colcon_core.environment:create_environment_scripts_only(robot_data_tool)
[4.193s] INFO:colcon.colcon_core.shell:Creating package descriptor '/home/smr/workspaces/mini_amr/amrROS2_ws/install/robot_data_tool/share/robot_data_tool/package.dsv'
[4.193s] INFO:colcon.colcon_core.shell:Creating package script '/home/smr/workspaces/mini_amr/amrROS2_ws/install/robot_data_tool/share/robot_data_tool/package.sh'
[4.194s] INFO:colcon.colcon_core.shell:Creating package script '/home/smr/workspaces/mini_amr/amrROS2_ws/install/robot_data_tool/share/robot_data_tool/package.bash'
[4.195s] INFO:colcon.colcon_core.shell:Creating package script '/home/smr/workspaces/mini_amr/amrROS2_ws/install/robot_data_tool/share/robot_data_tool/package.zsh'
[4.195s] Level 1:colcon.colcon_core.environment:create_file_with_runtime_dependencies(/home/smr/workspaces/mini_amr/amrROS2_ws/install/robot_data_tool/share/colcon-core/packages/robot_data_tool)
[4.197s] Level 1:colcon.colcon_core.environment:checking '/home/smr/workspaces/mini_amr/amrROS2_ws/install/action_autodock' for CMake module files
[4.198s] DEBUG:colcon.colcon_core.event_handler.log_command:Invoked command in '/home/smr/workspaces/mini_amr/amrROS2_ws/src/autodock/action_autodock' returned '0': DEBUGINFOD_URLS=https://debuginfod.ubuntu.com PYTHONPATH=/home/smr/workspaces/mini_amr/amrROS2_ws/build/action_autodock/prefix_override:/usr/lib/python3/dist-packages/colcon_core/task/python/colcon_distutils_commands:/home/smr/workspaces/mini_amr/amrROS2_ws/install/action_autodock/lib/python3.12/site-packages:${PYTHONPATH} /usr/bin/python3 -W ignore:setup.py install is deprecated -W ignore:easy_install command is deprecated setup.py egg_info --egg-base ../../../build/action_autodock build --build-base /home/smr/workspaces/mini_amr/amrROS2_ws/build/action_autodock/build install --record /home/smr/workspaces/mini_amr/amrROS2_ws/build/action_autodock/install.log --single-version-externally-managed install_data
[4.199s] Level 1:colcon.colcon_core.environment:checking '/home/smr/workspaces/mini_amr/amrROS2_ws/install/action_autodock' for CMake config files
[4.200s] Level 1:colcon.colcon_core.environment:checking '/home/smr/workspaces/mini_amr/amrROS2_ws/install/action_autodock/lib'
[4.200s] Level 1:colcon.colcon_core.environment:checking '/home/smr/workspaces/mini_amr/amrROS2_ws/install/action_autodock/bin'
[4.200s] Level 1:colcon.colcon_core.environment:checking '/home/smr/workspaces/mini_amr/amrROS2_ws/install/action_autodock/lib/pkgconfig/action_autodock.pc'
[4.200s] Level 1:colcon.colcon_core.environment:checking '/home/smr/workspaces/mini_amr/amrROS2_ws/install/action_autodock/lib/python3.12/site-packages'
[4.200s] Level 1:colcon.colcon_core.shell:create_environment_hook('action_autodock', 'pythonpath')
[4.201s] INFO:colcon.colcon_core.shell:Creating environment descriptor '/home/smr/workspaces/mini_amr/amrROS2_ws/install/action_autodock/share/action_autodock/hook/pythonpath.dsv'
[4.201s] INFO:colcon.colcon_core.shell:Creating environment hook '/home/smr/workspaces/mini_amr/amrROS2_ws/install/action_autodock/share/action_autodock/hook/pythonpath.sh'
[4.202s] Level 1:colcon.colcon_core.environment:checking '/home/smr/workspaces/mini_amr/amrROS2_ws/install/action_autodock/bin'
[4.202s] Level 1:colcon.colcon_core.environment:create_environment_scripts_only(action_autodock)
[4.203s] INFO:colcon.colcon_core.shell:Creating package descriptor '/home/smr/workspaces/mini_amr/amrROS2_ws/install/action_autodock/share/action_autodock/package.dsv'
[4.203s] INFO:colcon.colcon_core.shell:Creating package script '/home/smr/workspaces/mini_amr/amrROS2_ws/install/action_autodock/share/action_autodock/package.sh'
[4.204s] INFO:colcon.colcon_core.shell:Creating package script '/home/smr/workspaces/mini_amr/amrROS2_ws/install/action_autodock/share/action_autodock/package.bash'
[4.205s] INFO:colcon.colcon_core.shell:Creating package script '/home/smr/workspaces/mini_amr/amrROS2_ws/install/action_autodock/share/action_autodock/package.zsh'
[4.206s] Level 1:colcon.colcon_core.environment:create_file_with_runtime_dependencies(/home/smr/workspaces/mini_amr/amrROS2_ws/install/action_autodock/share/colcon-core/packages/action_autodock)
[4.207s] Level 1:colcon.colcon_core.environment:checking '/home/smr/workspaces/mini_amr/amrROS2_ws/install/python_pkg' for CMake module files
[4.208s] Level 1:colcon.colcon_core.environment:checking '/home/smr/workspaces/mini_amr/amrROS2_ws/install/python_pkg' for CMake config files
[4.210s] DEBUG:colcon.colcon_core.event_handler.log_command:Invoked command in '/home/smr/workspaces/mini_amr/amrROS2_ws/src/python_pkg' returned '0': DEBUGINFOD_URLS=https://debuginfod.ubuntu.com PYTHONPATH=/home/smr/workspaces/mini_amr/amrROS2_ws/build/python_pkg/prefix_override:/usr/lib/python3/dist-packages/colcon_core/task/python/colcon_distutils_commands:/home/smr/workspaces/mini_amr/amrROS2_ws/install/python_pkg/lib/python3.12/site-packages:${PYTHONPATH} /usr/bin/python3 -W ignore:setup.py install is deprecated -W ignore:easy_install command is deprecated setup.py egg_info --egg-base ../../build/python_pkg build --build-base /home/smr/workspaces/mini_amr/amrROS2_ws/build/python_pkg/build install --record /home/smr/workspaces/mini_amr/amrROS2_ws/build/python_pkg/install.log --single-version-externally-managed install_data
[4.211s] Level 1:colcon.colcon_core.environment:checking '/home/smr/workspaces/mini_amr/amrROS2_ws/install/python_pkg/lib'
[4.211s] Level 1:colcon.colcon_core.environment:checking '/home/smr/workspaces/mini_amr/amrROS2_ws/install/python_pkg/bin'
[4.212s] Level 1:colcon.colcon_core.environment:checking '/home/smr/workspaces/mini_amr/amrROS2_ws/install/python_pkg/lib/pkgconfig/python_pkg.pc'
[4.212s] Level 1:colcon.colcon_core.environment:checking '/home/smr/workspaces/mini_amr/amrROS2_ws/install/python_pkg/lib/python3.12/site-packages'
[4.212s] Level 1:colcon.colcon_core.shell:create_environment_hook('python_pkg', 'pythonpath')
[4.213s] INFO:colcon.colcon_core.shell:Creating environment descriptor '/home/smr/workspaces/mini_amr/amrROS2_ws/install/python_pkg/share/python_pkg/hook/pythonpath.dsv'
[4.214s] INFO:colcon.colcon_core.shell:Creating environment hook '/home/smr/workspaces/mini_amr/amrROS2_ws/install/python_pkg/share/python_pkg/hook/pythonpath.sh'
[4.215s] Level 1:colcon.colcon_core.environment:checking '/home/smr/workspaces/mini_amr/amrROS2_ws/install/python_pkg/bin'
[4.215s] Level 1:colcon.colcon_core.environment:create_environment_scripts_only(python_pkg)
[4.216s] INFO:colcon.colcon_core.shell:Creating package descriptor '/home/smr/workspaces/mini_amr/amrROS2_ws/install/python_pkg/share/python_pkg/package.dsv'
[4.217s] INFO:colcon.colcon_core.shell:Creating package script '/home/smr/workspaces/mini_amr/amrROS2_ws/install/python_pkg/share/python_pkg/package.sh'
[4.218s] INFO:colcon.colcon_core.shell:Creating package script '/home/smr/workspaces/mini_amr/amrROS2_ws/install/python_pkg/share/python_pkg/package.bash'
[4.219s] INFO:colcon.colcon_core.shell:Creating package script '/home/smr/workspaces/mini_amr/amrROS2_ws/install/python_pkg/share/python_pkg/package.zsh'
[4.220s] Level 1:colcon.colcon_core.environment:create_file_with_runtime_dependencies(/home/smr/workspaces/mini_amr/amrROS2_ws/install/python_pkg/share/colcon-core/packages/python_pkg)
[4.465s] Level 1:colcon.colcon_core.environment:checking '/home/smr/workspaces/mini_amr/amrROS2_ws/install/wis_pkg' for CMake module files
[4.465s] DEBUG:colcon.colcon_core.event_handler.log_command:Invoked command in '/home/smr/workspaces/mini_amr/amrROS2_ws/src/wis_pkg' returned '0': DEBUGINFOD_URLS=https://debuginfod.ubuntu.com PYTHONPATH=/home/smr/workspaces/mini_amr/amrROS2_ws/build/wis_pkg/prefix_override:/usr/lib/python3/dist-packages/colcon_core/task/python/colcon_distutils_commands:/home/smr/workspaces/mini_amr/amrROS2_ws/install/wis_pkg/lib/python3.12/site-packages:${PYTHONPATH} /usr/bin/python3 -W ignore:setup.py install is deprecated -W ignore:easy_install command is deprecated setup.py egg_info --egg-base ../../build/wis_pkg build --build-base /home/smr/workspaces/mini_amr/amrROS2_ws/build/wis_pkg/build install --record /home/smr/workspaces/mini_amr/amrROS2_ws/build/wis_pkg/install.log --single-version-externally-managed install_data
[4.466s] Level 1:colcon.colcon_core.environment:checking '/home/smr/workspaces/mini_amr/amrROS2_ws/install/wis_pkg' for CMake config files
[4.467s] Level 1:colcon.colcon_core.environment:checking '/home/smr/workspaces/mini_amr/amrROS2_ws/install/wis_pkg/lib'
[4.467s] Level 1:colcon.colcon_core.environment:checking '/home/smr/workspaces/mini_amr/amrROS2_ws/install/wis_pkg/bin'
[4.467s] Level 1:colcon.colcon_core.environment:checking '/home/smr/workspaces/mini_amr/amrROS2_ws/install/wis_pkg/lib/pkgconfig/wis_pkg.pc'
[4.467s] Level 1:colcon.colcon_core.environment:checking '/home/smr/workspaces/mini_amr/amrROS2_ws/install/wis_pkg/lib/python3.12/site-packages'
[4.468s] Level 1:colcon.colcon_core.shell:create_environment_hook('wis_pkg', 'pythonpath')
[4.468s] INFO:colcon.colcon_core.shell:Creating environment descriptor '/home/smr/workspaces/mini_amr/amrROS2_ws/install/wis_pkg/share/wis_pkg/hook/pythonpath.dsv'
[4.468s] INFO:colcon.colcon_core.shell:Creating environment hook '/home/smr/workspaces/mini_amr/amrROS2_ws/install/wis_pkg/share/wis_pkg/hook/pythonpath.sh'
[4.469s] Level 1:colcon.colcon_core.environment:checking '/home/smr/workspaces/mini_amr/amrROS2_ws/install/wis_pkg/bin'
[4.469s] Level 1:colcon.colcon_core.environment:create_environment_scripts_only(wis_pkg)
[4.470s] INFO:colcon.colcon_core.shell:Creating package descriptor '/home/smr/workspaces/mini_amr/amrROS2_ws/install/wis_pkg/share/wis_pkg/package.dsv'
[4.470s] INFO:colcon.colcon_core.shell:Creating package script '/home/smr/workspaces/mini_amr/amrROS2_ws/install/wis_pkg/share/wis_pkg/package.sh'
[4.471s] INFO:colcon.colcon_core.shell:Creating package script '/home/smr/workspaces/mini_amr/amrROS2_ws/install/wis_pkg/share/wis_pkg/package.bash'
[4.471s] INFO:colcon.colcon_core.shell:Creating package script '/home/smr/workspaces/mini_amr/amrROS2_ws/install/wis_pkg/share/wis_pkg/package.zsh'
[4.472s] Level 1:colcon.colcon_core.environment:create_file_with_runtime_dependencies(/home/smr/workspaces/mini_amr/amrROS2_ws/install/wis_pkg/share/colcon-core/packages/wis_pkg)
[4.472s] DEBUG:colcon.colcon_parallel_executor.executor.parallel:closing loop
[4.472s] DEBUG:colcon.colcon_parallel_executor.executor.parallel:loop closed
[4.472s] DEBUG:colcon.colcon_parallel_executor.executor.parallel:run_until_complete finished with '0'
[4.473s] DEBUG:colcon.colcon_core.event_reactor:joining thread
[4.485s] INFO:colcon.colcon_core.plugin_system:Skipping extension 'colcon_notification.desktop_notification.terminal_notifier': Not used on non-Darwin systems
[4.485s] INFO:colcon.colcon_core.plugin_system:Skipping extension 'colcon_notification.desktop_notification.win32': Not used on non-Windows systems
[4.485s] INFO:colcon.colcon_notification.desktop_notification:Sending desktop notification using 'notify2'
[4.535s] DEBUG:colcon.colcon_core.event_reactor:joined thread
[4.536s] INFO:colcon.colcon_core.shell:Creating prefix script '/home/smr/workspaces/mini_amr/amrROS2_ws/install/local_setup.sh'
[4.537s] INFO:colcon.colcon_core.shell:Creating prefix util module '/home/smr/workspaces/mini_amr/amrROS2_ws/install/_local_setup_util_sh.py'
[4.540s] INFO:colcon.colcon_core.shell:Creating prefix chain script '/home/smr/workspaces/mini_amr/amrROS2_ws/install/setup.sh'
[4.543s] INFO:colcon.colcon_core.shell:Creating prefix script '/home/smr/workspaces/mini_amr/amrROS2_ws/install/local_setup.bash'
[4.545s] INFO:colcon.colcon_core.shell:Creating prefix chain script '/home/smr/workspaces/mini_amr/amrROS2_ws/install/setup.bash'
[4.547s] INFO:colcon.colcon_core.shell:Creating prefix script '/home/smr/workspaces/mini_amr/amrROS2_ws/install/local_setup.zsh'
[4.548s] INFO:colcon.colcon_core.shell:Creating prefix chain script '/home/smr/workspaces/mini_amr/amrROS2_ws/install/setup.zsh'
