[0.151s] DEBUG:colcon:Command line arguments: ['/usr/bin/colcon', 'build']
[0.151s] DEBUG:colcon:Parsed command line arguments: Namespace(log_base=None, log_level=None, verb_name='build', build_base='build', install_base='install', merge_install=False, symlink_install=False, test_result_base=None, continue_on_error=False, executor='parallel', parallel_workers=8, event_handlers=None, ignore_user_meta=False, metas=['./colcon.meta'], base_paths=['.'], packages_ignore=None, packages_ignore_regex=None, paths=None, packages_up_to=None, packages_up_to_regex=None, packages_above=None, packages_above_and_dependencies=None, packages_above_depth=None, packages_select_by_dep=None, packages_skip_by_dep=None, packages_skip_up_to=None, packages_select_build_failed=False, packages_skip_build_finished=False, packages_select_test_failures=False, packages_skip_test_passed=False, packages_select=None, packages_skip=None, packages_select_regex=None, packages_skip_regex=None, packages_start=None, packages_end=None, cmake_args=None, cmake_target=None, cmake_target_skip_unavailable=False, cmake_clean_cache=False, cmake_clean_first=False, cmake_force_configure=False, ament_cmake_args=None, catkin_cmake_args=None, catkin_skip_building_tests=False, verb_parser=<colcon_defaults.argument_parser.defaults.DefaultArgumentsDecorator object at 0xffff9123d220>, verb_extension=<colcon_core.verb.build.BuildVerb object at 0xffff9123cfe0>, main=<bound method BuildVerb.main of <colcon_core.verb.build.BuildVerb object at 0xffff9123cfe0>>)
[0.213s] Level 1:colcon.colcon_core.package_discovery:discover_packages(colcon_meta) check parameters
[0.213s] Level 1:colcon.colcon_core.package_discovery:discover_packages(recursive) check parameters
[0.213s] Level 1:colcon.colcon_core.package_discovery:discover_packages(ignore) check parameters
[0.214s] Level 1:colcon.colcon_core.package_discovery:discover_packages(path) check parameters
[0.214s] Level 1:colcon.colcon_core.package_discovery:discover_packages(colcon_meta) discover
[0.214s] Level 1:colcon.colcon_core.package_discovery:discover_packages(recursive) discover
[0.214s] INFO:colcon.colcon_core.package_discovery:Crawling recursively for packages in '/home/smr/workspaces/mini_amr/amrROS2_ws'
[0.214s] Level 1:colcon.colcon_core.package_identification:_identify(.) by extensions ['ignore', 'ignore_ament_install']
[0.214s] Level 1:colcon.colcon_core.package_identification:_identify(.) by extension 'ignore'
[0.214s] Level 1:colcon.colcon_core.package_identification:_identify(.) by extension 'ignore_ament_install'
[0.214s] Level 1:colcon.colcon_core.package_identification:_identify(.) by extensions ['colcon_pkg']
[0.214s] Level 1:colcon.colcon_core.package_identification:_identify(.) by extension 'colcon_pkg'
[0.214s] Level 1:colcon.colcon_core.package_identification:_identify(.) by extensions ['colcon_meta']
[0.214s] Level 1:colcon.colcon_core.package_identification:_identify(.) by extension 'colcon_meta'
[0.214s] Level 1:colcon.colcon_core.package_identification:_identify(.) by extensions ['ros']
[0.214s] Level 1:colcon.colcon_core.package_identification:_identify(.) by extension 'ros'
[0.252s] Level 1:colcon.colcon_core.package_identification:_identify(.) by extensions ['cmake', 'python']
[0.252s] Level 1:colcon.colcon_core.package_identification:_identify(.) by extension 'cmake'
[0.252s] Level 1:colcon.colcon_core.package_identification:_identify(.) by extension 'python'
[0.252s] Level 1:colcon.colcon_core.package_identification:_identify(.) by extensions ['python_setup_py']
[0.252s] Level 1:colcon.colcon_core.package_identification:_identify(.) by extension 'python_setup_py'
[0.252s] Level 1:colcon.colcon_core.package_identification:_identify(build) by extensions ['ignore', 'ignore_ament_install']
[0.253s] Level 1:colcon.colcon_core.package_identification:_identify(build) by extension 'ignore'
[0.253s] Level 1:colcon.colcon_core.package_identification:_identify(build) ignored
[0.253s] Level 1:colcon.colcon_core.package_identification:_identify(install) by extensions ['ignore', 'ignore_ament_install']
[0.253s] Level 1:colcon.colcon_core.package_identification:_identify(install) by extension 'ignore'
[0.253s] Level 1:colcon.colcon_core.package_identification:_identify(install) ignored
[0.253s] Level 1:colcon.colcon_core.package_identification:_identify(log) by extensions ['ignore', 'ignore_ament_install']
[0.253s] Level 1:colcon.colcon_core.package_identification:_identify(log) by extension 'ignore'
[0.253s] Level 1:colcon.colcon_core.package_identification:_identify(log) ignored
[0.253s] Level 1:colcon.colcon_core.package_identification:_identify(maps) by extensions ['ignore', 'ignore_ament_install']
[0.254s] Level 1:colcon.colcon_core.package_identification:_identify(maps) by extension 'ignore'
[0.254s] Level 1:colcon.colcon_core.package_identification:_identify(maps) by extension 'ignore_ament_install'
[0.254s] Level 1:colcon.colcon_core.package_identification:_identify(maps) by extensions ['colcon_pkg']
[0.254s] Level 1:colcon.colcon_core.package_identification:_identify(maps) by extension 'colcon_pkg'
[0.254s] Level 1:colcon.colcon_core.package_identification:_identify(maps) by extensions ['colcon_meta']
[0.254s] Level 1:colcon.colcon_core.package_identification:_identify(maps) by extension 'colcon_meta'
[0.254s] Level 1:colcon.colcon_core.package_identification:_identify(maps) by extensions ['ros']
[0.254s] Level 1:colcon.colcon_core.package_identification:_identify(maps) by extension 'ros'
[0.254s] Level 1:colcon.colcon_core.package_identification:_identify(maps) by extensions ['cmake', 'python']
[0.254s] Level 1:colcon.colcon_core.package_identification:_identify(maps) by extension 'cmake'
[0.254s] Level 1:colcon.colcon_core.package_identification:_identify(maps) by extension 'python'
[0.254s] Level 1:colcon.colcon_core.package_identification:_identify(maps) by extensions ['python_setup_py']
[0.254s] Level 1:colcon.colcon_core.package_identification:_identify(maps) by extension 'python_setup_py'
[0.254s] Level 1:colcon.colcon_core.package_identification:_identify(src) by extensions ['ignore', 'ignore_ament_install']
[0.254s] Level 1:colcon.colcon_core.package_identification:_identify(src) by extension 'ignore'
[0.255s] Level 1:colcon.colcon_core.package_identification:_identify(src) by extension 'ignore_ament_install'
[0.255s] Level 1:colcon.colcon_core.package_identification:_identify(src) by extensions ['colcon_pkg']
[0.255s] Level 1:colcon.colcon_core.package_identification:_identify(src) by extension 'colcon_pkg'
[0.255s] Level 1:colcon.colcon_core.package_identification:_identify(src) by extensions ['colcon_meta']
[0.255s] Level 1:colcon.colcon_core.package_identification:_identify(src) by extension 'colcon_meta'
[0.255s] Level 1:colcon.colcon_core.package_identification:_identify(src) by extensions ['ros']
[0.255s] Level 1:colcon.colcon_core.package_identification:_identify(src) by extension 'ros'
[0.255s] Level 1:colcon.colcon_core.package_identification:_identify(src) by extensions ['cmake', 'python']
[0.255s] Level 1:colcon.colcon_core.package_identification:_identify(src) by extension 'cmake'
[0.255s] Level 1:colcon.colcon_core.package_identification:_identify(src) by extension 'python'
[0.255s] Level 1:colcon.colcon_core.package_identification:_identify(src) by extensions ['python_setup_py']
[0.255s] Level 1:colcon.colcon_core.package_identification:_identify(src) by extension 'python_setup_py'
[0.255s] Level 1:colcon.colcon_core.package_identification:_identify(src/autodock) by extensions ['ignore', 'ignore_ament_install']
[0.255s] Level 1:colcon.colcon_core.package_identification:_identify(src/autodock) by extension 'ignore'
[0.256s] Level 1:colcon.colcon_core.package_identification:_identify(src/autodock) by extension 'ignore_ament_install'
[0.256s] Level 1:colcon.colcon_core.package_identification:_identify(src/autodock) by extensions ['colcon_pkg']
[0.256s] Level 1:colcon.colcon_core.package_identification:_identify(src/autodock) by extension 'colcon_pkg'
[0.256s] Level 1:colcon.colcon_core.package_identification:_identify(src/autodock) by extensions ['colcon_meta']
[0.256s] Level 1:colcon.colcon_core.package_identification:_identify(src/autodock) by extension 'colcon_meta'
[0.256s] Level 1:colcon.colcon_core.package_identification:_identify(src/autodock) by extensions ['ros']
[0.256s] Level 1:colcon.colcon_core.package_identification:_identify(src/autodock) by extension 'ros'
[0.256s] Level 1:colcon.colcon_core.package_identification:_identify(src/autodock) by extensions ['cmake', 'python']
[0.256s] Level 1:colcon.colcon_core.package_identification:_identify(src/autodock) by extension 'cmake'
[0.256s] Level 1:colcon.colcon_core.package_identification:_identify(src/autodock) by extension 'python'
[0.256s] Level 1:colcon.colcon_core.package_identification:_identify(src/autodock) by extensions ['python_setup_py']
[0.256s] Level 1:colcon.colcon_core.package_identification:_identify(src/autodock) by extension 'python_setup_py'
[0.256s] Level 1:colcon.colcon_core.package_identification:_identify(src/autodock/action_autodock) by extensions ['ignore', 'ignore_ament_install']
[0.256s] Level 1:colcon.colcon_core.package_identification:_identify(src/autodock/action_autodock) by extension 'ignore'
[0.257s] Level 1:colcon.colcon_core.package_identification:_identify(src/autodock/action_autodock) by extension 'ignore_ament_install'
[0.257s] Level 1:colcon.colcon_core.package_identification:_identify(src/autodock/action_autodock) by extensions ['colcon_pkg']
[0.257s] Level 1:colcon.colcon_core.package_identification:_identify(src/autodock/action_autodock) by extension 'colcon_pkg'
[0.257s] Level 1:colcon.colcon_core.package_identification:_identify(src/autodock/action_autodock) by extensions ['colcon_meta']
[0.257s] Level 1:colcon.colcon_core.package_identification:_identify(src/autodock/action_autodock) by extension 'colcon_meta'
[0.257s] Level 1:colcon.colcon_core.package_identification:_identify(src/autodock/action_autodock) by extensions ['ros']
[0.257s] Level 1:colcon.colcon_core.package_identification:_identify(src/autodock/action_autodock) by extension 'ros'
[0.261s] DEBUG:colcon.colcon_core.package_identification:Package 'src/autodock/action_autodock' with type 'ros.ament_python' and name 'action_autodock'
[0.261s] Level 1:colcon.colcon_core.package_identification:_identify(src/autodock/custom_interface) by extensions ['ignore', 'ignore_ament_install']
[0.261s] Level 1:colcon.colcon_core.package_identification:_identify(src/autodock/custom_interface) by extension 'ignore'
[0.261s] Level 1:colcon.colcon_core.package_identification:_identify(src/autodock/custom_interface) by extension 'ignore_ament_install'
[0.262s] Level 1:colcon.colcon_core.package_identification:_identify(src/autodock/custom_interface) by extensions ['colcon_pkg']
[0.262s] Level 1:colcon.colcon_core.package_identification:_identify(src/autodock/custom_interface) by extension 'colcon_pkg'
[0.262s] Level 1:colcon.colcon_core.package_identification:_identify(src/autodock/custom_interface) by extensions ['colcon_meta']
[0.262s] Level 1:colcon.colcon_core.package_identification:_identify(src/autodock/custom_interface) by extension 'colcon_meta'
[0.262s] Level 1:colcon.colcon_core.package_identification:_identify(src/autodock/custom_interface) by extensions ['ros']
[0.262s] Level 1:colcon.colcon_core.package_identification:_identify(src/autodock/custom_interface) by extension 'ros'
[0.263s] DEBUG:colcon.colcon_core.package_identification:Package 'src/autodock/custom_interface' with type 'ros.ament_cmake' and name 'custom_interface'
[0.263s] Level 1:colcon.colcon_core.package_identification:_identify(src/autodock/dock_lidar) by extensions ['ignore', 'ignore_ament_install']
[0.263s] Level 1:colcon.colcon_core.package_identification:_identify(src/autodock/dock_lidar) by extension 'ignore'
[0.263s] Level 1:colcon.colcon_core.package_identification:_identify(src/autodock/dock_lidar) by extension 'ignore_ament_install'
[0.263s] Level 1:colcon.colcon_core.package_identification:_identify(src/autodock/dock_lidar) by extensions ['colcon_pkg']
[0.263s] Level 1:colcon.colcon_core.package_identification:_identify(src/autodock/dock_lidar) by extension 'colcon_pkg'
[0.263s] Level 1:colcon.colcon_core.package_identification:_identify(src/autodock/dock_lidar) by extensions ['colcon_meta']
[0.263s] Level 1:colcon.colcon_core.package_identification:_identify(src/autodock/dock_lidar) by extension 'colcon_meta'
[0.263s] Level 1:colcon.colcon_core.package_identification:_identify(src/autodock/dock_lidar) by extensions ['ros']
[0.263s] Level 1:colcon.colcon_core.package_identification:_identify(src/autodock/dock_lidar) by extension 'ros'
[0.267s] DEBUG:colcon.colcon_core.package_identification:Package 'src/autodock/dock_lidar' with type 'ros.ament_cmake' and name 'dock_lidar'
[0.267s] Level 1:colcon.colcon_core.package_identification:_identify(src/bringup) by extensions ['ignore', 'ignore_ament_install']
[0.268s] Level 1:colcon.colcon_core.package_identification:_identify(src/bringup) by extension 'ignore'
[0.268s] Level 1:colcon.colcon_core.package_identification:_identify(src/bringup) by extension 'ignore_ament_install'
[0.268s] Level 1:colcon.colcon_core.package_identification:_identify(src/bringup) by extensions ['colcon_pkg']
[0.268s] Level 1:colcon.colcon_core.package_identification:_identify(src/bringup) by extension 'colcon_pkg'
[0.268s] Level 1:colcon.colcon_core.package_identification:_identify(src/bringup) by extensions ['colcon_meta']
[0.268s] Level 1:colcon.colcon_core.package_identification:_identify(src/bringup) by extension 'colcon_meta'
[0.268s] Level 1:colcon.colcon_core.package_identification:_identify(src/bringup) by extensions ['ros']
[0.268s] Level 1:colcon.colcon_core.package_identification:_identify(src/bringup) by extension 'ros'
[0.269s] DEBUG:colcon.colcon_core.package_identification:Package 'src/bringup' with type 'ros.ament_cmake' and name 'bringup'
[0.269s] Level 1:colcon.colcon_core.package_identification:_identify(src/description) by extensions ['ignore', 'ignore_ament_install']
[0.269s] Level 1:colcon.colcon_core.package_identification:_identify(src/description) by extension 'ignore'
[0.269s] Level 1:colcon.colcon_core.package_identification:_identify(src/description) by extension 'ignore_ament_install'
[0.269s] Level 1:colcon.colcon_core.package_identification:_identify(src/description) by extensions ['colcon_pkg']
[0.269s] Level 1:colcon.colcon_core.package_identification:_identify(src/description) by extension 'colcon_pkg'
[0.269s] Level 1:colcon.colcon_core.package_identification:_identify(src/description) by extensions ['colcon_meta']
[0.269s] Level 1:colcon.colcon_core.package_identification:_identify(src/description) by extension 'colcon_meta'
[0.269s] Level 1:colcon.colcon_core.package_identification:_identify(src/description) by extensions ['ros']
[0.269s] Level 1:colcon.colcon_core.package_identification:_identify(src/description) by extension 'ros'
[0.270s] DEBUG:colcon.colcon_core.package_identification:Package 'src/description' with type 'ros.ament_cmake' and name 'description'
[0.270s] Level 1:colcon.colcon_core.package_identification:_identify(src/navigation) by extensions ['ignore', 'ignore_ament_install']
[0.270s] Level 1:colcon.colcon_core.package_identification:_identify(src/navigation) by extension 'ignore'
[0.270s] Level 1:colcon.colcon_core.package_identification:_identify(src/navigation) by extension 'ignore_ament_install'
[0.271s] Level 1:colcon.colcon_core.package_identification:_identify(src/navigation) by extensions ['colcon_pkg']
[0.271s] Level 1:colcon.colcon_core.package_identification:_identify(src/navigation) by extension 'colcon_pkg'
[0.271s] Level 1:colcon.colcon_core.package_identification:_identify(src/navigation) by extensions ['colcon_meta']
[0.271s] Level 1:colcon.colcon_core.package_identification:_identify(src/navigation) by extension 'colcon_meta'
[0.271s] Level 1:colcon.colcon_core.package_identification:_identify(src/navigation) by extensions ['ros']
[0.271s] Level 1:colcon.colcon_core.package_identification:_identify(src/navigation) by extension 'ros'
[0.271s] DEBUG:colcon.colcon_core.package_identification:Package 'src/navigation' with type 'ros.ament_cmake' and name 'navigation'
[0.272s] Level 1:colcon.colcon_core.package_identification:_identify(src/python_pkg) by extensions ['ignore', 'ignore_ament_install']
[0.272s] Level 1:colcon.colcon_core.package_identification:_identify(src/python_pkg) by extension 'ignore'
[0.272s] Level 1:colcon.colcon_core.package_identification:_identify(src/python_pkg) by extension 'ignore_ament_install'
[0.272s] Level 1:colcon.colcon_core.package_identification:_identify(src/python_pkg) by extensions ['colcon_pkg']
[0.272s] Level 1:colcon.colcon_core.package_identification:_identify(src/python_pkg) by extension 'colcon_pkg'
[0.272s] Level 1:colcon.colcon_core.package_identification:_identify(src/python_pkg) by extensions ['colcon_meta']
[0.272s] Level 1:colcon.colcon_core.package_identification:_identify(src/python_pkg) by extension 'colcon_meta'
[0.272s] Level 1:colcon.colcon_core.package_identification:_identify(src/python_pkg) by extensions ['ros']
[0.272s] Level 1:colcon.colcon_core.package_identification:_identify(src/python_pkg) by extension 'ros'
[0.273s] DEBUG:colcon.colcon_core.package_identification:Package 'src/python_pkg' with type 'ros.ament_python' and name 'python_pkg'
[0.273s] Level 1:colcon.colcon_core.package_identification:_identify(src/robot_hardware_interface) by extensions ['ignore', 'ignore_ament_install']
[0.273s] Level 1:colcon.colcon_core.package_identification:_identify(src/robot_hardware_interface) by extension 'ignore'
[0.273s] Level 1:colcon.colcon_core.package_identification:_identify(src/robot_hardware_interface) by extension 'ignore_ament_install'
[0.273s] Level 1:colcon.colcon_core.package_identification:_identify(src/robot_hardware_interface) by extensions ['colcon_pkg']
[0.273s] Level 1:colcon.colcon_core.package_identification:_identify(src/robot_hardware_interface) by extension 'colcon_pkg'
[0.273s] Level 1:colcon.colcon_core.package_identification:_identify(src/robot_hardware_interface) by extensions ['colcon_meta']
[0.273s] Level 1:colcon.colcon_core.package_identification:_identify(src/robot_hardware_interface) by extension 'colcon_meta'
[0.273s] Level 1:colcon.colcon_core.package_identification:_identify(src/robot_hardware_interface) by extensions ['ros']
[0.273s] Level 1:colcon.colcon_core.package_identification:_identify(src/robot_hardware_interface) by extension 'ros'
[0.274s] DEBUG:colcon.colcon_core.package_identification:Package 'src/robot_hardware_interface' with type 'ros.ament_cmake' and name 'robot_hardware_interface'
[0.274s] Level 1:colcon.colcon_core.package_identification:_identify(src/sllidar_ros2) by extensions ['ignore', 'ignore_ament_install']
[0.274s] Level 1:colcon.colcon_core.package_identification:_identify(src/sllidar_ros2) by extension 'ignore'
[0.274s] Level 1:colcon.colcon_core.package_identification:_identify(src/sllidar_ros2) by extension 'ignore_ament_install'
[0.275s] Level 1:colcon.colcon_core.package_identification:_identify(src/sllidar_ros2) by extensions ['colcon_pkg']
[0.275s] Level 1:colcon.colcon_core.package_identification:_identify(src/sllidar_ros2) by extension 'colcon_pkg'
[0.275s] Level 1:colcon.colcon_core.package_identification:_identify(src/sllidar_ros2) by extensions ['colcon_meta']
[0.275s] Level 1:colcon.colcon_core.package_identification:_identify(src/sllidar_ros2) by extension 'colcon_meta'
[0.275s] Level 1:colcon.colcon_core.package_identification:_identify(src/sllidar_ros2) by extensions ['ros']
[0.275s] Level 1:colcon.colcon_core.package_identification:_identify(src/sllidar_ros2) by extension 'ros'
[0.276s] DEBUG:colcon.colcon_core.package_identification:Package 'src/sllidar_ros2' with type 'ros.ament_cmake' and name 'sllidar_ros2'
[0.276s] Level 1:colcon.colcon_core.package_identification:_identify(src/src) by extensions ['ignore', 'ignore_ament_install']
[0.276s] Level 1:colcon.colcon_core.package_identification:_identify(src/src) by extension 'ignore'
[0.276s] Level 1:colcon.colcon_core.package_identification:_identify(src/src) by extension 'ignore_ament_install'
[0.276s] Level 1:colcon.colcon_core.package_identification:_identify(src/src) by extensions ['colcon_pkg']
[0.276s] Level 1:colcon.colcon_core.package_identification:_identify(src/src) by extension 'colcon_pkg'
[0.276s] Level 1:colcon.colcon_core.package_identification:_identify(src/src) by extensions ['colcon_meta']
[0.276s] Level 1:colcon.colcon_core.package_identification:_identify(src/src) by extension 'colcon_meta'
[0.276s] Level 1:colcon.colcon_core.package_identification:_identify(src/src) by extensions ['ros']
[0.276s] Level 1:colcon.colcon_core.package_identification:_identify(src/src) by extension 'ros'
[0.276s] Level 1:colcon.colcon_core.package_identification:_identify(src/src) by extensions ['cmake', 'python']
[0.276s] Level 1:colcon.colcon_core.package_identification:_identify(src/src) by extension 'cmake'
[0.276s] Level 1:colcon.colcon_core.package_identification:_identify(src/src) by extension 'python'
[0.276s] Level 1:colcon.colcon_core.package_identification:_identify(src/src) by extensions ['python_setup_py']
[0.276s] Level 1:colcon.colcon_core.package_identification:_identify(src/src) by extension 'python_setup_py'
[0.277s] Level 1:colcon.colcon_core.package_identification:_identify(src/src/micro_ros_setup) by extensions ['ignore', 'ignore_ament_install']
[0.277s] Level 1:colcon.colcon_core.package_identification:_identify(src/src/micro_ros_setup) by extension 'ignore'
[0.277s] Level 1:colcon.colcon_core.package_identification:_identify(src/src/micro_ros_setup) by extension 'ignore_ament_install'
[0.277s] Level 1:colcon.colcon_core.package_identification:_identify(src/src/micro_ros_setup) by extensions ['colcon_pkg']
[0.277s] Level 1:colcon.colcon_core.package_identification:_identify(src/src/micro_ros_setup) by extension 'colcon_pkg'
[0.277s] Level 1:colcon.colcon_core.package_identification:_identify(src/src/micro_ros_setup) by extensions ['colcon_meta']
[0.277s] Level 1:colcon.colcon_core.package_identification:_identify(src/src/micro_ros_setup) by extension 'colcon_meta'
[0.277s] Level 1:colcon.colcon_core.package_identification:_identify(src/src/micro_ros_setup) by extensions ['ros']
[0.277s] Level 1:colcon.colcon_core.package_identification:_identify(src/src/micro_ros_setup) by extension 'ros'
[0.277s] Level 1:colcon.colcon_core.package_identification:_identify(src/src/micro_ros_setup) by extensions ['cmake', 'python']
[0.277s] Level 1:colcon.colcon_core.package_identification:_identify(src/src/micro_ros_setup) by extension 'cmake'
[0.277s] Level 1:colcon.colcon_core.package_identification:_identify(src/src/micro_ros_setup) by extension 'python'
[0.277s] Level 1:colcon.colcon_core.package_identification:_identify(src/src/micro_ros_setup) by extensions ['python_setup_py']
[0.277s] Level 1:colcon.colcon_core.package_identification:_identify(src/src/micro_ros_setup) by extension 'python_setup_py'
[0.277s] Level 1:colcon.colcon_core.package_discovery:discover_packages(recursive) using defaults
[0.277s] Level 1:colcon.colcon_core.package_discovery:discover_packages(ignore) discover
[0.277s] Level 1:colcon.colcon_core.package_discovery:discover_packages(ignore) using defaults
[0.277s] Level 1:colcon.colcon_core.package_discovery:discover_packages(path) discover
[0.278s] Level 1:colcon.colcon_core.package_discovery:discover_packages(path) using defaults
[0.304s] Level 5:colcon.colcon_core.verb:set package 'action_autodock' build argument 'cmake_args' from command line to 'None'
[0.304s] Level 5:colcon.colcon_core.verb:set package 'action_autodock' build argument 'cmake_target' from command line to 'None'
[0.304s] Level 5:colcon.colcon_core.verb:set package 'action_autodock' build argument 'cmake_target_skip_unavailable' from command line to 'False'
[0.304s] Level 5:colcon.colcon_core.verb:set package 'action_autodock' build argument 'cmake_clean_cache' from command line to 'False'
[0.304s] Level 5:colcon.colcon_core.verb:set package 'action_autodock' build argument 'cmake_clean_first' from command line to 'False'
[0.304s] Level 5:colcon.colcon_core.verb:set package 'action_autodock' build argument 'cmake_force_configure' from command line to 'False'
[0.305s] Level 5:colcon.colcon_core.verb:set package 'action_autodock' build argument 'ament_cmake_args' from command line to 'None'
[0.305s] Level 5:colcon.colcon_core.verb:set package 'action_autodock' build argument 'catkin_cmake_args' from command line to 'None'
[0.305s] Level 5:colcon.colcon_core.verb:set package 'action_autodock' build argument 'catkin_skip_building_tests' from command line to 'False'
[0.305s] DEBUG:colcon.colcon_core.verb:Building package 'action_autodock' with the following arguments: {'ament_cmake_args': None, 'build_base': '/home/smr/workspaces/mini_amr/amrROS2_ws/build/action_autodock', 'catkin_cmake_args': None, 'catkin_skip_building_tests': False, 'cmake_args': None, 'cmake_clean_cache': False, 'cmake_clean_first': False, 'cmake_force_configure': False, 'cmake_target': None, 'cmake_target_skip_unavailable': False, 'install_base': '/home/smr/workspaces/mini_amr/amrROS2_ws/install/action_autodock', 'merge_install': False, 'path': '/home/smr/workspaces/mini_amr/amrROS2_ws/src/autodock/action_autodock', 'symlink_install': False, 'test_result_base': None}
[0.305s] Level 5:colcon.colcon_core.verb:set package 'bringup' build argument 'cmake_args' from command line to 'None'
[0.305s] Level 5:colcon.colcon_core.verb:set package 'bringup' build argument 'cmake_target' from command line to 'None'
[0.305s] Level 5:colcon.colcon_core.verb:set package 'bringup' build argument 'cmake_target_skip_unavailable' from command line to 'False'
[0.305s] Level 5:colcon.colcon_core.verb:set package 'bringup' build argument 'cmake_clean_cache' from command line to 'False'
[0.305s] Level 5:colcon.colcon_core.verb:set package 'bringup' build argument 'cmake_clean_first' from command line to 'False'
[0.305s] Level 5:colcon.colcon_core.verb:set package 'bringup' build argument 'cmake_force_configure' from command line to 'False'
[0.305s] Level 5:colcon.colcon_core.verb:set package 'bringup' build argument 'ament_cmake_args' from command line to 'None'
[0.305s] Level 5:colcon.colcon_core.verb:set package 'bringup' build argument 'catkin_cmake_args' from command line to 'None'
[0.305s] Level 5:colcon.colcon_core.verb:set package 'bringup' build argument 'catkin_skip_building_tests' from command line to 'False'
[0.305s] DEBUG:colcon.colcon_core.verb:Building package 'bringup' with the following arguments: {'ament_cmake_args': None, 'build_base': '/home/smr/workspaces/mini_amr/amrROS2_ws/build/bringup', 'catkin_cmake_args': None, 'catkin_skip_building_tests': False, 'cmake_args': None, 'cmake_clean_cache': False, 'cmake_clean_first': False, 'cmake_force_configure': False, 'cmake_target': None, 'cmake_target_skip_unavailable': False, 'install_base': '/home/smr/workspaces/mini_amr/amrROS2_ws/install/bringup', 'merge_install': False, 'path': '/home/smr/workspaces/mini_amr/amrROS2_ws/src/bringup', 'symlink_install': False, 'test_result_base': None}
[0.306s] Level 5:colcon.colcon_core.verb:set package 'custom_interface' build argument 'cmake_args' from command line to 'None'
[0.306s] Level 5:colcon.colcon_core.verb:set package 'custom_interface' build argument 'cmake_target' from command line to 'None'
[0.306s] Level 5:colcon.colcon_core.verb:set package 'custom_interface' build argument 'cmake_target_skip_unavailable' from command line to 'False'
[0.306s] Level 5:colcon.colcon_core.verb:set package 'custom_interface' build argument 'cmake_clean_cache' from command line to 'False'
[0.306s] Level 5:colcon.colcon_core.verb:set package 'custom_interface' build argument 'cmake_clean_first' from command line to 'False'
[0.306s] Level 5:colcon.colcon_core.verb:set package 'custom_interface' build argument 'cmake_force_configure' from command line to 'False'
[0.306s] Level 5:colcon.colcon_core.verb:set package 'custom_interface' build argument 'ament_cmake_args' from command line to 'None'
[0.306s] Level 5:colcon.colcon_core.verb:set package 'custom_interface' build argument 'catkin_cmake_args' from command line to 'None'
[0.306s] Level 5:colcon.colcon_core.verb:set package 'custom_interface' build argument 'catkin_skip_building_tests' from command line to 'False'
[0.306s] DEBUG:colcon.colcon_core.verb:Building package 'custom_interface' with the following arguments: {'ament_cmake_args': None, 'build_base': '/home/smr/workspaces/mini_amr/amrROS2_ws/build/custom_interface', 'catkin_cmake_args': None, 'catkin_skip_building_tests': False, 'cmake_args': None, 'cmake_clean_cache': False, 'cmake_clean_first': False, 'cmake_force_configure': False, 'cmake_target': None, 'cmake_target_skip_unavailable': False, 'install_base': '/home/smr/workspaces/mini_amr/amrROS2_ws/install/custom_interface', 'merge_install': False, 'path': '/home/smr/workspaces/mini_amr/amrROS2_ws/src/autodock/custom_interface', 'symlink_install': False, 'test_result_base': None}
[0.306s] Level 5:colcon.colcon_core.verb:set package 'description' build argument 'cmake_args' from command line to 'None'
[0.306s] Level 5:colcon.colcon_core.verb:set package 'description' build argument 'cmake_target' from command line to 'None'
[0.307s] Level 5:colcon.colcon_core.verb:set package 'description' build argument 'cmake_target_skip_unavailable' from command line to 'False'
[0.307s] Level 5:colcon.colcon_core.verb:set package 'description' build argument 'cmake_clean_cache' from command line to 'False'
[0.307s] Level 5:colcon.colcon_core.verb:set package 'description' build argument 'cmake_clean_first' from command line to 'False'
[0.307s] Level 5:colcon.colcon_core.verb:set package 'description' build argument 'cmake_force_configure' from command line to 'False'
[0.307s] Level 5:colcon.colcon_core.verb:set package 'description' build argument 'ament_cmake_args' from command line to 'None'
[0.307s] Level 5:colcon.colcon_core.verb:set package 'description' build argument 'catkin_cmake_args' from command line to 'None'
[0.307s] Level 5:colcon.colcon_core.verb:set package 'description' build argument 'catkin_skip_building_tests' from command line to 'False'
[0.307s] DEBUG:colcon.colcon_core.verb:Building package 'description' with the following arguments: {'ament_cmake_args': None, 'build_base': '/home/smr/workspaces/mini_amr/amrROS2_ws/build/description', 'catkin_cmake_args': None, 'catkin_skip_building_tests': False, 'cmake_args': None, 'cmake_clean_cache': False, 'cmake_clean_first': False, 'cmake_force_configure': False, 'cmake_target': None, 'cmake_target_skip_unavailable': False, 'install_base': '/home/smr/workspaces/mini_amr/amrROS2_ws/install/description', 'merge_install': False, 'path': '/home/smr/workspaces/mini_amr/amrROS2_ws/src/description', 'symlink_install': False, 'test_result_base': None}
[0.307s] Level 5:colcon.colcon_core.verb:set package 'navigation' build argument 'cmake_args' from command line to 'None'
[0.307s] Level 5:colcon.colcon_core.verb:set package 'navigation' build argument 'cmake_target' from command line to 'None'
[0.307s] Level 5:colcon.colcon_core.verb:set package 'navigation' build argument 'cmake_target_skip_unavailable' from command line to 'False'
[0.307s] Level 5:colcon.colcon_core.verb:set package 'navigation' build argument 'cmake_clean_cache' from command line to 'False'
[0.307s] Level 5:colcon.colcon_core.verb:set package 'navigation' build argument 'cmake_clean_first' from command line to 'False'
[0.307s] Level 5:colcon.colcon_core.verb:set package 'navigation' build argument 'cmake_force_configure' from command line to 'False'
[0.307s] Level 5:colcon.colcon_core.verb:set package 'navigation' build argument 'ament_cmake_args' from command line to 'None'
[0.307s] Level 5:colcon.colcon_core.verb:set package 'navigation' build argument 'catkin_cmake_args' from command line to 'None'
[0.307s] Level 5:colcon.colcon_core.verb:set package 'navigation' build argument 'catkin_skip_building_tests' from command line to 'False'
[0.307s] DEBUG:colcon.colcon_core.verb:Building package 'navigation' with the following arguments: {'ament_cmake_args': None, 'build_base': '/home/smr/workspaces/mini_amr/amrROS2_ws/build/navigation', 'catkin_cmake_args': None, 'catkin_skip_building_tests': False, 'cmake_args': None, 'cmake_clean_cache': False, 'cmake_clean_first': False, 'cmake_force_configure': False, 'cmake_target': None, 'cmake_target_skip_unavailable': False, 'install_base': '/home/smr/workspaces/mini_amr/amrROS2_ws/install/navigation', 'merge_install': False, 'path': '/home/smr/workspaces/mini_amr/amrROS2_ws/src/navigation', 'symlink_install': False, 'test_result_base': None}
[0.308s] Level 5:colcon.colcon_core.verb:set package 'python_pkg' build argument 'cmake_args' from command line to 'None'
[0.308s] Level 5:colcon.colcon_core.verb:set package 'python_pkg' build argument 'cmake_target' from command line to 'None'
[0.308s] Level 5:colcon.colcon_core.verb:set package 'python_pkg' build argument 'cmake_target_skip_unavailable' from command line to 'False'
[0.308s] Level 5:colcon.colcon_core.verb:set package 'python_pkg' build argument 'cmake_clean_cache' from command line to 'False'
[0.308s] Level 5:colcon.colcon_core.verb:set package 'python_pkg' build argument 'cmake_clean_first' from command line to 'False'
[0.308s] Level 5:colcon.colcon_core.verb:set package 'python_pkg' build argument 'cmake_force_configure' from command line to 'False'
[0.308s] Level 5:colcon.colcon_core.verb:set package 'python_pkg' build argument 'ament_cmake_args' from command line to 'None'
[0.308s] Level 5:colcon.colcon_core.verb:set package 'python_pkg' build argument 'catkin_cmake_args' from command line to 'None'
[0.308s] Level 5:colcon.colcon_core.verb:set package 'python_pkg' build argument 'catkin_skip_building_tests' from command line to 'False'
[0.308s] DEBUG:colcon.colcon_core.verb:Building package 'python_pkg' with the following arguments: {'ament_cmake_args': None, 'build_base': '/home/smr/workspaces/mini_amr/amrROS2_ws/build/python_pkg', 'catkin_cmake_args': None, 'catkin_skip_building_tests': False, 'cmake_args': None, 'cmake_clean_cache': False, 'cmake_clean_first': False, 'cmake_force_configure': False, 'cmake_target': None, 'cmake_target_skip_unavailable': False, 'install_base': '/home/smr/workspaces/mini_amr/amrROS2_ws/install/python_pkg', 'merge_install': False, 'path': '/home/smr/workspaces/mini_amr/amrROS2_ws/src/python_pkg', 'symlink_install': False, 'test_result_base': None}
[0.308s] Level 5:colcon.colcon_core.verb:set package 'robot_hardware_interface' build argument 'cmake_args' from command line to 'None'
[0.308s] Level 5:colcon.colcon_core.verb:set package 'robot_hardware_interface' build argument 'cmake_target' from command line to 'None'
[0.308s] Level 5:colcon.colcon_core.verb:set package 'robot_hardware_interface' build argument 'cmake_target_skip_unavailable' from command line to 'False'
[0.308s] Level 5:colcon.colcon_core.verb:set package 'robot_hardware_interface' build argument 'cmake_clean_cache' from command line to 'False'
[0.308s] Level 5:colcon.colcon_core.verb:set package 'robot_hardware_interface' build argument 'cmake_clean_first' from command line to 'False'
[0.308s] Level 5:colcon.colcon_core.verb:set package 'robot_hardware_interface' build argument 'cmake_force_configure' from command line to 'False'
[0.308s] Level 5:colcon.colcon_core.verb:set package 'robot_hardware_interface' build argument 'ament_cmake_args' from command line to 'None'
[0.308s] Level 5:colcon.colcon_core.verb:set package 'robot_hardware_interface' build argument 'catkin_cmake_args' from command line to 'None'
[0.309s] Level 5:colcon.colcon_core.verb:set package 'robot_hardware_interface' build argument 'catkin_skip_building_tests' from command line to 'False'
[0.309s] DEBUG:colcon.colcon_core.verb:Building package 'robot_hardware_interface' with the following arguments: {'ament_cmake_args': None, 'build_base': '/home/smr/workspaces/mini_amr/amrROS2_ws/build/robot_hardware_interface', 'catkin_cmake_args': None, 'catkin_skip_building_tests': False, 'cmake_args': None, 'cmake_clean_cache': False, 'cmake_clean_first': False, 'cmake_force_configure': False, 'cmake_target': None, 'cmake_target_skip_unavailable': False, 'install_base': '/home/smr/workspaces/mini_amr/amrROS2_ws/install/robot_hardware_interface', 'merge_install': False, 'path': '/home/smr/workspaces/mini_amr/amrROS2_ws/src/robot_hardware_interface', 'symlink_install': False, 'test_result_base': None}
[0.309s] Level 5:colcon.colcon_core.verb:set package 'sllidar_ros2' build argument 'cmake_args' from command line to 'None'
[0.309s] Level 5:colcon.colcon_core.verb:set package 'sllidar_ros2' build argument 'cmake_target' from command line to 'None'
[0.309s] Level 5:colcon.colcon_core.verb:set package 'sllidar_ros2' build argument 'cmake_target_skip_unavailable' from command line to 'False'
[0.309s] Level 5:colcon.colcon_core.verb:set package 'sllidar_ros2' build argument 'cmake_clean_cache' from command line to 'False'
[0.309s] Level 5:colcon.colcon_core.verb:set package 'sllidar_ros2' build argument 'cmake_clean_first' from command line to 'False'
[0.309s] Level 5:colcon.colcon_core.verb:set package 'sllidar_ros2' build argument 'cmake_force_configure' from command line to 'False'
[0.309s] Level 5:colcon.colcon_core.verb:set package 'sllidar_ros2' build argument 'ament_cmake_args' from command line to 'None'
[0.309s] Level 5:colcon.colcon_core.verb:set package 'sllidar_ros2' build argument 'catkin_cmake_args' from command line to 'None'
[0.309s] Level 5:colcon.colcon_core.verb:set package 'sllidar_ros2' build argument 'catkin_skip_building_tests' from command line to 'False'
[0.309s] DEBUG:colcon.colcon_core.verb:Building package 'sllidar_ros2' with the following arguments: {'ament_cmake_args': None, 'build_base': '/home/smr/workspaces/mini_amr/amrROS2_ws/build/sllidar_ros2', 'catkin_cmake_args': None, 'catkin_skip_building_tests': False, 'cmake_args': None, 'cmake_clean_cache': False, 'cmake_clean_first': False, 'cmake_force_configure': False, 'cmake_target': None, 'cmake_target_skip_unavailable': False, 'install_base': '/home/smr/workspaces/mini_amr/amrROS2_ws/install/sllidar_ros2', 'merge_install': False, 'path': '/home/smr/workspaces/mini_amr/amrROS2_ws/src/sllidar_ros2', 'symlink_install': False, 'test_result_base': None}
[0.309s] Level 5:colcon.colcon_core.verb:set package 'dock_lidar' build argument 'cmake_args' from command line to 'None'
[0.310s] Level 5:colcon.colcon_core.verb:set package 'dock_lidar' build argument 'cmake_target' from command line to 'None'
[0.310s] Level 5:colcon.colcon_core.verb:set package 'dock_lidar' build argument 'cmake_target_skip_unavailable' from command line to 'False'
[0.310s] Level 5:colcon.colcon_core.verb:set package 'dock_lidar' build argument 'cmake_clean_cache' from command line to 'False'
[0.310s] Level 5:colcon.colcon_core.verb:set package 'dock_lidar' build argument 'cmake_clean_first' from command line to 'False'
[0.310s] Level 5:colcon.colcon_core.verb:set package 'dock_lidar' build argument 'cmake_force_configure' from command line to 'False'
[0.310s] Level 5:colcon.colcon_core.verb:set package 'dock_lidar' build argument 'ament_cmake_args' from command line to 'None'
[0.310s] Level 5:colcon.colcon_core.verb:set package 'dock_lidar' build argument 'catkin_cmake_args' from command line to 'None'
[0.310s] Level 5:colcon.colcon_core.verb:set package 'dock_lidar' build argument 'catkin_skip_building_tests' from command line to 'False'
[0.310s] DEBUG:colcon.colcon_core.verb:Building package 'dock_lidar' with the following arguments: {'ament_cmake_args': None, 'build_base': '/home/smr/workspaces/mini_amr/amrROS2_ws/build/dock_lidar', 'catkin_cmake_args': None, 'catkin_skip_building_tests': False, 'cmake_args': None, 'cmake_clean_cache': False, 'cmake_clean_first': False, 'cmake_force_configure': False, 'cmake_target': None, 'cmake_target_skip_unavailable': False, 'install_base': '/home/smr/workspaces/mini_amr/amrROS2_ws/install/dock_lidar', 'merge_install': False, 'path': '/home/smr/workspaces/mini_amr/amrROS2_ws/src/autodock/dock_lidar', 'symlink_install': False, 'test_result_base': None}
[0.310s] INFO:colcon.colcon_core.executor:Executing jobs using 'parallel' executor
[0.311s] DEBUG:colcon.colcon_parallel_executor.executor.parallel:run_until_complete
[0.312s] INFO:colcon.colcon_ros.task.ament_cmake.build:Building ROS package in '/home/smr/workspaces/mini_amr/amrROS2_ws/src/autodock/custom_interface' with build type 'ament_cmake'
[0.312s] INFO:colcon.colcon_cmake.task.cmake.build:Building CMake package in '/home/smr/workspaces/mini_amr/amrROS2_ws/src/autodock/custom_interface'
[0.315s] INFO:colcon.colcon_core.plugin_system:Skipping extension 'colcon_core.shell.bat': Not used on non-Windows systems
[0.315s] DEBUG:colcon.colcon_core.shell:Skip shell extension 'dsv' for command environment
[0.324s] INFO:colcon.colcon_ros.task.ament_python.build:Building ROS package in '/home/smr/workspaces/mini_amr/amrROS2_ws/src/autodock/action_autodock' with build type 'ament_python'
[0.325s] Level 1:colcon.colcon_core.shell:create_environment_hook('action_autodock', 'ament_prefix_path')
[0.325s] INFO:colcon.colcon_core.shell:Creating environment descriptor '/home/smr/workspaces/mini_amr/amrROS2_ws/install/action_autodock/share/action_autodock/hook/ament_prefix_path.dsv'
[0.328s] INFO:colcon.colcon_core.shell:Creating environment hook '/home/smr/workspaces/mini_amr/amrROS2_ws/install/action_autodock/share/action_autodock/hook/ament_prefix_path.sh'
[0.329s] DEBUG:colcon.colcon_core.shell:Skip shell extension 'dsv' for command environment
[0.336s] INFO:colcon.colcon_ros.task.ament_cmake.build:Building ROS package in '/home/smr/workspaces/mini_amr/amrROS2_ws/src/bringup' with build type 'ament_cmake'
[0.336s] INFO:colcon.colcon_cmake.task.cmake.build:Building CMake package in '/home/smr/workspaces/mini_amr/amrROS2_ws/src/bringup'
[0.336s] DEBUG:colcon.colcon_core.shell:Skip shell extension 'dsv' for command environment
[0.343s] INFO:colcon.colcon_ros.task.ament_cmake.build:Building ROS package in '/home/smr/workspaces/mini_amr/amrROS2_ws/src/description' with build type 'ament_cmake'
[0.344s] INFO:colcon.colcon_cmake.task.cmake.build:Building CMake package in '/home/smr/workspaces/mini_amr/amrROS2_ws/src/description'
[0.344s] DEBUG:colcon.colcon_core.shell:Skip shell extension 'dsv' for command environment
[0.351s] INFO:colcon.colcon_ros.task.ament_cmake.build:Building ROS package in '/home/smr/workspaces/mini_amr/amrROS2_ws/src/navigation' with build type 'ament_cmake'
[0.351s] INFO:colcon.colcon_cmake.task.cmake.build:Building CMake package in '/home/smr/workspaces/mini_amr/amrROS2_ws/src/navigation'
[0.351s] DEBUG:colcon.colcon_core.shell:Skip shell extension 'dsv' for command environment
[0.359s] INFO:colcon.colcon_ros.task.ament_python.build:Building ROS package in '/home/smr/workspaces/mini_amr/amrROS2_ws/src/python_pkg' with build type 'ament_python'
[0.360s] Level 1:colcon.colcon_core.shell:create_environment_hook('python_pkg', 'ament_prefix_path')
[0.360s] INFO:colcon.colcon_core.shell:Creating environment descriptor '/home/smr/workspaces/mini_amr/amrROS2_ws/install/python_pkg/share/python_pkg/hook/ament_prefix_path.dsv'
[0.361s] INFO:colcon.colcon_core.shell:Creating environment hook '/home/smr/workspaces/mini_amr/amrROS2_ws/install/python_pkg/share/python_pkg/hook/ament_prefix_path.sh'
[0.362s] DEBUG:colcon.colcon_core.shell:Skip shell extension 'dsv' for command environment
[0.368s] INFO:colcon.colcon_ros.task.ament_cmake.build:Building ROS package in '/home/smr/workspaces/mini_amr/amrROS2_ws/src/robot_hardware_interface' with build type 'ament_cmake'
[0.368s] INFO:colcon.colcon_cmake.task.cmake.build:Building CMake package in '/home/smr/workspaces/mini_amr/amrROS2_ws/src/robot_hardware_interface'
[0.369s] DEBUG:colcon.colcon_core.shell:Skip shell extension 'dsv' for command environment
[0.376s] INFO:colcon.colcon_ros.task.ament_cmake.build:Building ROS package in '/home/smr/workspaces/mini_amr/amrROS2_ws/src/sllidar_ros2' with build type 'ament_cmake'
[0.376s] INFO:colcon.colcon_cmake.task.cmake.build:Building CMake package in '/home/smr/workspaces/mini_amr/amrROS2_ws/src/sllidar_ros2'
[0.377s] DEBUG:colcon.colcon_core.shell:Skip shell extension 'dsv' for command environment
[0.391s] DEBUG:colcon.colcon_core.event_handler.log_command:Invoking command in '/home/smr/workspaces/mini_amr/amrROS2_ws/build/custom_interface': CMAKE_PREFIX_PATH=${CMAKE_PREFIX_PATH}:/home/smr/workspaces/mini_amr/amrROS2_ws/install/python_pkg:/home/smr/workspaces/mini_amr/amrROS2_ws/install/action_autodock:/opt/ros/jazzy DEBUGINFOD_URLS=https://debuginfod.ubuntu.com /usr/bin/cmake --build /home/smr/workspaces/mini_amr/amrROS2_ws/build/custom_interface -- -j8 -l8
[0.772s] INFO:colcon.colcon_core.task.python.build:Building Python package in '/home/smr/workspaces/mini_amr/amrROS2_ws/src/autodock/action_autodock'
[0.772s] DEBUG:colcon.colcon_core.shell:Skip shell extension 'dsv' for command environment
[0.783s] DEBUG:colcon.colcon_core.event_handler.log_command:Invoking command in '/home/smr/workspaces/mini_amr/amrROS2_ws/build/bringup': CMAKE_PREFIX_PATH=${CMAKE_PREFIX_PATH}:/home/smr/workspaces/mini_amr/amrROS2_ws/install/python_pkg:/home/smr/workspaces/mini_amr/amrROS2_ws/install/action_autodock:/opt/ros/jazzy DEBUGINFOD_URLS=https://debuginfod.ubuntu.com /usr/bin/cmake --build /home/smr/workspaces/mini_amr/amrROS2_ws/build/bringup -- -j8 -l8
[0.788s] DEBUG:colcon.colcon_core.event_handler.log_command:Invoking command in '/home/smr/workspaces/mini_amr/amrROS2_ws/build/description': CMAKE_PREFIX_PATH=${CMAKE_PREFIX_PATH}:/home/smr/workspaces/mini_amr/amrROS2_ws/install/python_pkg:/home/smr/workspaces/mini_amr/amrROS2_ws/install/action_autodock:/opt/ros/jazzy DEBUGINFOD_URLS=https://debuginfod.ubuntu.com /usr/bin/cmake --build /home/smr/workspaces/mini_amr/amrROS2_ws/build/description -- -j8 -l8
[0.791s] DEBUG:colcon.colcon_core.event_handler.log_command:Invoking command in '/home/smr/workspaces/mini_amr/amrROS2_ws/build/navigation': CMAKE_PREFIX_PATH=${CMAKE_PREFIX_PATH}:/home/smr/workspaces/mini_amr/amrROS2_ws/install/python_pkg:/home/smr/workspaces/mini_amr/amrROS2_ws/install/action_autodock:/opt/ros/jazzy DEBUGINFOD_URLS=https://debuginfod.ubuntu.com /usr/bin/cmake --build /home/smr/workspaces/mini_amr/amrROS2_ws/build/navigation -- -j8 -l8
[1.185s] INFO:colcon.colcon_core.task.python.build:Building Python package in '/home/smr/workspaces/mini_amr/amrROS2_ws/src/python_pkg'
[1.186s] DEBUG:colcon.colcon_core.shell:Skip shell extension 'dsv' for command environment
[1.221s] DEBUG:colcon.colcon_core.event_handler.log_command:Invoking command in '/home/smr/workspaces/mini_amr/amrROS2_ws/build/robot_hardware_interface': CMAKE_PREFIX_PATH=${CMAKE_PREFIX_PATH}:/home/smr/workspaces/mini_amr/amrROS2_ws/install/python_pkg:/home/smr/workspaces/mini_amr/amrROS2_ws/install/action_autodock:/opt/ros/jazzy DEBUGINFOD_URLS=https://debuginfod.ubuntu.com /usr/bin/cmake --build /home/smr/workspaces/mini_amr/amrROS2_ws/build/robot_hardware_interface -- -j8 -l8
[1.234s] DEBUG:colcon.colcon_core.event_handler.log_command:Invoking command in '/home/smr/workspaces/mini_amr/amrROS2_ws/build/sllidar_ros2': CMAKE_PREFIX_PATH=${CMAKE_PREFIX_PATH}:/home/smr/workspaces/mini_amr/amrROS2_ws/install/python_pkg:/home/smr/workspaces/mini_amr/amrROS2_ws/install/action_autodock:/opt/ros/jazzy DEBUGINFOD_URLS=https://debuginfod.ubuntu.com /usr/bin/cmake --build /home/smr/workspaces/mini_amr/amrROS2_ws/build/sllidar_ros2 -- -j8 -l8
[1.235s] DEBUG:colcon.colcon_core.event_handler.log_command:Invoked command in '/home/smr/workspaces/mini_amr/amrROS2_ws/build/bringup' returned '0': CMAKE_PREFIX_PATH=${CMAKE_PREFIX_PATH}:/home/smr/workspaces/mini_amr/amrROS2_ws/install/python_pkg:/home/smr/workspaces/mini_amr/amrROS2_ws/install/action_autodock:/opt/ros/jazzy DEBUGINFOD_URLS=https://debuginfod.ubuntu.com /usr/bin/cmake --build /home/smr/workspaces/mini_amr/amrROS2_ws/build/bringup -- -j8 -l8
[1.254s] DEBUG:colcon.colcon_core.event_handler.log_command:Invoking command in '/home/smr/workspaces/mini_amr/amrROS2_ws/build/bringup': CMAKE_PREFIX_PATH=${CMAKE_PREFIX_PATH}:/home/smr/workspaces/mini_amr/amrROS2_ws/install/python_pkg:/home/smr/workspaces/mini_amr/amrROS2_ws/install/action_autodock:/opt/ros/jazzy DEBUGINFOD_URLS=https://debuginfod.ubuntu.com /usr/bin/cmake --install /home/smr/workspaces/mini_amr/amrROS2_ws/build/bringup
[1.256s] DEBUG:colcon.colcon_core.event_handler.log_command:Invoked command in '/home/smr/workspaces/mini_amr/amrROS2_ws/build/description' returned '0': CMAKE_PREFIX_PATH=${CMAKE_PREFIX_PATH}:/home/smr/workspaces/mini_amr/amrROS2_ws/install/python_pkg:/home/smr/workspaces/mini_amr/amrROS2_ws/install/action_autodock:/opt/ros/jazzy DEBUGINFOD_URLS=https://debuginfod.ubuntu.com /usr/bin/cmake --build /home/smr/workspaces/mini_amr/amrROS2_ws/build/description -- -j8 -l8
[1.259s] DEBUG:colcon.colcon_core.event_handler.log_command:Invoking command in '/home/smr/workspaces/mini_amr/amrROS2_ws/build/description': CMAKE_PREFIX_PATH=${CMAKE_PREFIX_PATH}:/home/smr/workspaces/mini_amr/amrROS2_ws/install/python_pkg:/home/smr/workspaces/mini_amr/amrROS2_ws/install/action_autodock:/opt/ros/jazzy DEBUGINFOD_URLS=https://debuginfod.ubuntu.com /usr/bin/cmake --install /home/smr/workspaces/mini_amr/amrROS2_ws/build/description
[1.260s] DEBUG:colcon.colcon_core.event_handler.log_command:Invoked command in '/home/smr/workspaces/mini_amr/amrROS2_ws/build/navigation' returned '0': CMAKE_PREFIX_PATH=${CMAKE_PREFIX_PATH}:/home/smr/workspaces/mini_amr/amrROS2_ws/install/python_pkg:/home/smr/workspaces/mini_amr/amrROS2_ws/install/action_autodock:/opt/ros/jazzy DEBUGINFOD_URLS=https://debuginfod.ubuntu.com /usr/bin/cmake --build /home/smr/workspaces/mini_amr/amrROS2_ws/build/navigation -- -j8 -l8
[1.262s] DEBUG:colcon.colcon_core.event_handler.log_command:Invoking command in '/home/smr/workspaces/mini_amr/amrROS2_ws/build/navigation': CMAKE_PREFIX_PATH=${CMAKE_PREFIX_PATH}:/home/smr/workspaces/mini_amr/amrROS2_ws/install/python_pkg:/home/smr/workspaces/mini_amr/amrROS2_ws/install/action_autodock:/opt/ros/jazzy DEBUGINFOD_URLS=https://debuginfod.ubuntu.com /usr/bin/cmake --install /home/smr/workspaces/mini_amr/amrROS2_ws/build/navigation
[1.291s] DEBUG:colcon.colcon_core.event_handler.log_command:Invoked command in '/home/smr/workspaces/mini_amr/amrROS2_ws/build/custom_interface' returned '0': CMAKE_PREFIX_PATH=${CMAKE_PREFIX_PATH}:/home/smr/workspaces/mini_amr/amrROS2_ws/install/python_pkg:/home/smr/workspaces/mini_amr/amrROS2_ws/install/action_autodock:/opt/ros/jazzy DEBUGINFOD_URLS=https://debuginfod.ubuntu.com /usr/bin/cmake --build /home/smr/workspaces/mini_amr/amrROS2_ws/build/custom_interface -- -j8 -l8
[1.292s] DEBUG:colcon.colcon_core.event_handler.log_command:Invoking command in '/home/smr/workspaces/mini_amr/amrROS2_ws/build/custom_interface': CMAKE_PREFIX_PATH=${CMAKE_PREFIX_PATH}:/home/smr/workspaces/mini_amr/amrROS2_ws/install/python_pkg:/home/smr/workspaces/mini_amr/amrROS2_ws/install/action_autodock:/opt/ros/jazzy DEBUGINFOD_URLS=https://debuginfod.ubuntu.com /usr/bin/cmake --install /home/smr/workspaces/mini_amr/amrROS2_ws/build/custom_interface
[1.301s] Level 1:colcon.colcon_core.environment:create_environment_scripts_only(bringup)
[1.304s] Level 1:colcon.colcon_core.environment:checking '/home/smr/workspaces/mini_amr/amrROS2_ws/install/bringup' for CMake module files
[1.305s] Level 1:colcon.colcon_core.environment:checking '/home/smr/workspaces/mini_amr/amrROS2_ws/install/bringup' for CMake config files
[1.305s] Level 1:colcon.colcon_core.shell:create_environment_hook('bringup', 'cmake_prefix_path')
[1.305s] INFO:colcon.colcon_core.shell:Creating environment descriptor '/home/smr/workspaces/mini_amr/amrROS2_ws/install/bringup/share/bringup/hook/cmake_prefix_path.dsv'
[1.306s] DEBUG:colcon.colcon_core.event_handler.log_command:Invoked command in '/home/smr/workspaces/mini_amr/amrROS2_ws/build/bringup' returned '0': CMAKE_PREFIX_PATH=${CMAKE_PREFIX_PATH}:/home/smr/workspaces/mini_amr/amrROS2_ws/install/python_pkg:/home/smr/workspaces/mini_amr/amrROS2_ws/install/action_autodock:/opt/ros/jazzy DEBUGINFOD_URLS=https://debuginfod.ubuntu.com /usr/bin/cmake --install /home/smr/workspaces/mini_amr/amrROS2_ws/build/bringup
[1.307s] INFO:colcon.colcon_core.shell:Creating environment hook '/home/smr/workspaces/mini_amr/amrROS2_ws/install/bringup/share/bringup/hook/cmake_prefix_path.sh'
[1.308s] Level 1:colcon.colcon_core.environment:checking '/home/smr/workspaces/mini_amr/amrROS2_ws/install/bringup/bin'
[1.308s] Level 1:colcon.colcon_core.environment:checking '/home/smr/workspaces/mini_amr/amrROS2_ws/install/bringup/lib/pkgconfig/bringup.pc'
[1.308s] Level 1:colcon.colcon_core.environment:checking '/home/smr/workspaces/mini_amr/amrROS2_ws/install/bringup/lib/python3.12/site-packages'
[1.309s] Level 1:colcon.colcon_core.environment:checking '/home/smr/workspaces/mini_amr/amrROS2_ws/install/bringup/bin'
[1.309s] INFO:colcon.colcon_core.shell:Creating package descriptor '/home/smr/workspaces/mini_amr/amrROS2_ws/install/bringup/share/bringup/package.dsv'
[1.310s] INFO:colcon.colcon_core.shell:Creating package script '/home/smr/workspaces/mini_amr/amrROS2_ws/install/bringup/share/bringup/package.sh'
[1.311s] INFO:colcon.colcon_core.shell:Creating package script '/home/smr/workspaces/mini_amr/amrROS2_ws/install/bringup/share/bringup/package.bash'
[1.312s] INFO:colcon.colcon_core.shell:Creating package script '/home/smr/workspaces/mini_amr/amrROS2_ws/install/bringup/share/bringup/package.zsh'
[1.314s] Level 1:colcon.colcon_core.environment:create_file_with_runtime_dependencies(/home/smr/workspaces/mini_amr/amrROS2_ws/install/bringup/share/colcon-core/packages/bringup)
[1.315s] Level 1:colcon.colcon_core.environment:create_environment_scripts_only(bringup)
[1.315s] Level 1:colcon.colcon_core.environment:checking '/home/smr/workspaces/mini_amr/amrROS2_ws/install/bringup' for CMake module files
[1.321s] Level 1:colcon.colcon_core.environment:checking '/home/smr/workspaces/mini_amr/amrROS2_ws/install/bringup' for CMake config files
[1.341s] Level 1:colcon.colcon_core.shell:create_environment_hook('bringup', 'cmake_prefix_path')
[1.341s] INFO:colcon.colcon_core.shell:Creating environment descriptor '/home/smr/workspaces/mini_amr/amrROS2_ws/install/bringup/share/bringup/hook/cmake_prefix_path.dsv'
[1.342s] INFO:colcon.colcon_core.shell:Creating environment hook '/home/smr/workspaces/mini_amr/amrROS2_ws/install/bringup/share/bringup/hook/cmake_prefix_path.sh'
[1.351s] Level 1:colcon.colcon_core.environment:checking '/home/smr/workspaces/mini_amr/amrROS2_ws/install/bringup/bin'
[1.351s] Level 1:colcon.colcon_core.environment:checking '/home/smr/workspaces/mini_amr/amrROS2_ws/install/bringup/lib/pkgconfig/bringup.pc'
[1.353s] Level 1:colcon.colcon_core.environment:checking '/home/smr/workspaces/mini_amr/amrROS2_ws/install/bringup/lib/python3.12/site-packages'
[1.354s] Level 1:colcon.colcon_core.environment:checking '/home/smr/workspaces/mini_amr/amrROS2_ws/install/bringup/bin'
[1.355s] INFO:colcon.colcon_core.shell:Creating package descriptor '/home/smr/workspaces/mini_amr/amrROS2_ws/install/bringup/share/bringup/package.dsv'
[1.358s] INFO:colcon.colcon_core.shell:Creating package script '/home/smr/workspaces/mini_amr/amrROS2_ws/install/bringup/share/bringup/package.sh'
[1.373s] INFO:colcon.colcon_core.shell:Creating package script '/home/smr/workspaces/mini_amr/amrROS2_ws/install/bringup/share/bringup/package.bash'
[1.376s] INFO:colcon.colcon_core.shell:Creating package script '/home/smr/workspaces/mini_amr/amrROS2_ws/install/bringup/share/bringup/package.zsh'
[1.378s] Level 1:colcon.colcon_core.environment:create_file_with_runtime_dependencies(/home/smr/workspaces/mini_amr/amrROS2_ws/install/bringup/share/colcon-core/packages/bringup)
[1.383s] Level 1:colcon.colcon_core.environment:create_environment_scripts_only(description)
[1.384s] Level 1:colcon.colcon_core.environment:checking '/home/smr/workspaces/mini_amr/amrROS2_ws/install/description' for CMake module files
[1.387s] Level 1:colcon.colcon_core.environment:checking '/home/smr/workspaces/mini_amr/amrROS2_ws/install/description' for CMake config files
[1.390s] Level 1:colcon.colcon_core.shell:create_environment_hook('description', 'cmake_prefix_path')
[1.393s] INFO:colcon.colcon_core.shell:Creating environment descriptor '/home/smr/workspaces/mini_amr/amrROS2_ws/install/description/share/description/hook/cmake_prefix_path.dsv'
[1.397s] INFO:colcon.colcon_core.shell:Creating environment hook '/home/smr/workspaces/mini_amr/amrROS2_ws/install/description/share/description/hook/cmake_prefix_path.sh'
[1.400s] Level 1:colcon.colcon_core.environment:checking '/home/smr/workspaces/mini_amr/amrROS2_ws/install/description/bin'
[1.401s] Level 1:colcon.colcon_core.environment:checking '/home/smr/workspaces/mini_amr/amrROS2_ws/install/description/lib/pkgconfig/description.pc'
[1.402s] Level 1:colcon.colcon_core.environment:checking '/home/smr/workspaces/mini_amr/amrROS2_ws/install/description/lib/python3.12/site-packages'
[1.402s] Level 1:colcon.colcon_core.environment:checking '/home/smr/workspaces/mini_amr/amrROS2_ws/install/description/bin'
[1.404s] INFO:colcon.colcon_core.shell:Creating package descriptor '/home/smr/workspaces/mini_amr/amrROS2_ws/install/description/share/description/package.dsv'
[1.406s] INFO:colcon.colcon_core.shell:Creating package script '/home/smr/workspaces/mini_amr/amrROS2_ws/install/description/share/description/package.sh'
[1.408s] INFO:colcon.colcon_core.shell:Creating package script '/home/smr/workspaces/mini_amr/amrROS2_ws/install/description/share/description/package.bash'
[1.410s] INFO:colcon.colcon_core.shell:Creating package script '/home/smr/workspaces/mini_amr/amrROS2_ws/install/description/share/description/package.zsh'
[1.411s] Level 1:colcon.colcon_core.environment:create_file_with_runtime_dependencies(/home/smr/workspaces/mini_amr/amrROS2_ws/install/description/share/colcon-core/packages/description)
[1.412s] Level 1:colcon.colcon_core.environment:create_environment_scripts_only(description)
[1.416s] Level 1:colcon.colcon_core.environment:checking '/home/smr/workspaces/mini_amr/amrROS2_ws/install/description' for CMake module files
[1.422s] DEBUG:colcon.colcon_core.event_handler.log_command:Invoked command in '/home/smr/workspaces/mini_amr/amrROS2_ws/build/description' returned '0': CMAKE_PREFIX_PATH=${CMAKE_PREFIX_PATH}:/home/smr/workspaces/mini_amr/amrROS2_ws/install/python_pkg:/home/smr/workspaces/mini_amr/amrROS2_ws/install/action_autodock:/opt/ros/jazzy DEBUGINFOD_URLS=https://debuginfod.ubuntu.com /usr/bin/cmake --install /home/smr/workspaces/mini_amr/amrROS2_ws/build/description
[1.425s] Level 1:colcon.colcon_core.environment:checking '/home/smr/workspaces/mini_amr/amrROS2_ws/install/description' for CMake config files
[1.427s] Level 1:colcon.colcon_core.shell:create_environment_hook('description', 'cmake_prefix_path')
[1.427s] INFO:colcon.colcon_core.shell:Creating environment descriptor '/home/smr/workspaces/mini_amr/amrROS2_ws/install/description/share/description/hook/cmake_prefix_path.dsv'
[1.429s] INFO:colcon.colcon_core.shell:Creating environment hook '/home/smr/workspaces/mini_amr/amrROS2_ws/install/description/share/description/hook/cmake_prefix_path.sh'
[1.432s] Level 1:colcon.colcon_core.environment:checking '/home/smr/workspaces/mini_amr/amrROS2_ws/install/description/bin'
[1.432s] Level 1:colcon.colcon_core.environment:checking '/home/smr/workspaces/mini_amr/amrROS2_ws/install/description/lib/pkgconfig/description.pc'
[1.432s] Level 1:colcon.colcon_core.environment:checking '/home/smr/workspaces/mini_amr/amrROS2_ws/install/description/lib/python3.12/site-packages'
[1.433s] Level 1:colcon.colcon_core.environment:checking '/home/smr/workspaces/mini_amr/amrROS2_ws/install/description/bin'
[1.433s] INFO:colcon.colcon_core.shell:Creating package descriptor '/home/smr/workspaces/mini_amr/amrROS2_ws/install/description/share/description/package.dsv'
[1.434s] INFO:colcon.colcon_core.shell:Creating package script '/home/smr/workspaces/mini_amr/amrROS2_ws/install/description/share/description/package.sh'
[1.435s] INFO:colcon.colcon_core.shell:Creating package script '/home/smr/workspaces/mini_amr/amrROS2_ws/install/description/share/description/package.bash'
[1.436s] INFO:colcon.colcon_core.shell:Creating package script '/home/smr/workspaces/mini_amr/amrROS2_ws/install/description/share/description/package.zsh'
[1.438s] Level 1:colcon.colcon_core.environment:create_file_with_runtime_dependencies(/home/smr/workspaces/mini_amr/amrROS2_ws/install/description/share/colcon-core/packages/description)
[1.443s] Level 1:colcon.colcon_core.environment:create_environment_scripts_only(navigation)
[1.444s] Level 1:colcon.colcon_core.environment:checking '/home/smr/workspaces/mini_amr/amrROS2_ws/install/navigation' for CMake module files
[1.447s] Level 1:colcon.colcon_core.environment:checking '/home/smr/workspaces/mini_amr/amrROS2_ws/install/navigation' for CMake config files
[1.447s] Level 1:colcon.colcon_core.shell:create_environment_hook('navigation', 'cmake_prefix_path')
[1.448s] INFO:colcon.colcon_core.shell:Creating environment descriptor '/home/smr/workspaces/mini_amr/amrROS2_ws/install/navigation/share/navigation/hook/cmake_prefix_path.dsv'
[1.449s] DEBUG:colcon.colcon_core.event_handler.log_command:Invoked command in '/home/smr/workspaces/mini_amr/amrROS2_ws/build/navigation' returned '0': CMAKE_PREFIX_PATH=${CMAKE_PREFIX_PATH}:/home/smr/workspaces/mini_amr/amrROS2_ws/install/python_pkg:/home/smr/workspaces/mini_amr/amrROS2_ws/install/action_autodock:/opt/ros/jazzy DEBUGINFOD_URLS=https://debuginfod.ubuntu.com /usr/bin/cmake --install /home/smr/workspaces/mini_amr/amrROS2_ws/build/navigation
[1.450s] INFO:colcon.colcon_core.shell:Creating environment hook '/home/smr/workspaces/mini_amr/amrROS2_ws/install/navigation/share/navigation/hook/cmake_prefix_path.sh'
[1.452s] Level 1:colcon.colcon_core.environment:checking '/home/smr/workspaces/mini_amr/amrROS2_ws/install/navigation/bin'
[1.452s] Level 1:colcon.colcon_core.environment:checking '/home/smr/workspaces/mini_amr/amrROS2_ws/install/navigation/lib/pkgconfig/navigation.pc'
[1.452s] Level 1:colcon.colcon_core.environment:checking '/home/smr/workspaces/mini_amr/amrROS2_ws/install/navigation/lib/python3.12/site-packages'
[1.452s] Level 1:colcon.colcon_core.environment:checking '/home/smr/workspaces/mini_amr/amrROS2_ws/install/navigation/bin'
[1.454s] INFO:colcon.colcon_core.shell:Creating package descriptor '/home/smr/workspaces/mini_amr/amrROS2_ws/install/navigation/share/navigation/package.dsv'
[1.457s] INFO:colcon.colcon_core.shell:Creating package script '/home/smr/workspaces/mini_amr/amrROS2_ws/install/navigation/share/navigation/package.sh'
[1.458s] INFO:colcon.colcon_core.shell:Creating package script '/home/smr/workspaces/mini_amr/amrROS2_ws/install/navigation/share/navigation/package.bash'
[1.460s] INFO:colcon.colcon_core.shell:Creating package script '/home/smr/workspaces/mini_amr/amrROS2_ws/install/navigation/share/navigation/package.zsh'
[1.461s] Level 1:colcon.colcon_core.environment:create_file_with_runtime_dependencies(/home/smr/workspaces/mini_amr/amrROS2_ws/install/navigation/share/colcon-core/packages/navigation)
[1.462s] Level 1:colcon.colcon_core.environment:create_environment_scripts_only(navigation)
[1.462s] Level 1:colcon.colcon_core.environment:checking '/home/smr/workspaces/mini_amr/amrROS2_ws/install/navigation' for CMake module files
[1.463s] Level 1:colcon.colcon_core.environment:checking '/home/smr/workspaces/mini_amr/amrROS2_ws/install/navigation' for CMake config files
[1.463s] Level 1:colcon.colcon_core.shell:create_environment_hook('navigation', 'cmake_prefix_path')
[1.464s] INFO:colcon.colcon_core.shell:Creating environment descriptor '/home/smr/workspaces/mini_amr/amrROS2_ws/install/navigation/share/navigation/hook/cmake_prefix_path.dsv'
[1.464s] INFO:colcon.colcon_core.shell:Creating environment hook '/home/smr/workspaces/mini_amr/amrROS2_ws/install/navigation/share/navigation/hook/cmake_prefix_path.sh'
[1.465s] Level 1:colcon.colcon_core.environment:checking '/home/smr/workspaces/mini_amr/amrROS2_ws/install/navigation/bin'
[1.466s] Level 1:colcon.colcon_core.environment:checking '/home/smr/workspaces/mini_amr/amrROS2_ws/install/navigation/lib/pkgconfig/navigation.pc'
[1.466s] Level 1:colcon.colcon_core.environment:checking '/home/smr/workspaces/mini_amr/amrROS2_ws/install/navigation/lib/python3.12/site-packages'
[1.467s] Level 1:colcon.colcon_core.environment:checking '/home/smr/workspaces/mini_amr/amrROS2_ws/install/navigation/bin'
[1.467s] INFO:colcon.colcon_core.shell:Creating package descriptor '/home/smr/workspaces/mini_amr/amrROS2_ws/install/navigation/share/navigation/package.dsv'
[1.468s] INFO:colcon.colcon_core.shell:Creating package script '/home/smr/workspaces/mini_amr/amrROS2_ws/install/navigation/share/navigation/package.sh'
[1.469s] INFO:colcon.colcon_core.shell:Creating package script '/home/smr/workspaces/mini_amr/amrROS2_ws/install/navigation/share/navigation/package.bash'
[1.472s] INFO:colcon.colcon_core.shell:Creating package script '/home/smr/workspaces/mini_amr/amrROS2_ws/install/navigation/share/navigation/package.zsh'
[1.474s] Level 1:colcon.colcon_core.environment:create_file_with_runtime_dependencies(/home/smr/workspaces/mini_amr/amrROS2_ws/install/navigation/share/colcon-core/packages/navigation)
[1.492s] Level 1:colcon.colcon_core.environment:create_environment_scripts_only(custom_interface)
[1.493s] Level 1:colcon.colcon_core.environment:checking '/home/smr/workspaces/mini_amr/amrROS2_ws/install/custom_interface' for CMake module files
[1.495s] Level 1:colcon.colcon_core.environment:checking '/home/smr/workspaces/mini_amr/amrROS2_ws/install/custom_interface' for CMake config files
[1.507s] Level 1:colcon.colcon_core.shell:create_environment_hook('custom_interface', 'cmake_prefix_path')
[1.508s] INFO:colcon.colcon_core.shell:Creating environment descriptor '/home/smr/workspaces/mini_amr/amrROS2_ws/install/custom_interface/share/custom_interface/hook/cmake_prefix_path.dsv'
[1.509s] INFO:colcon.colcon_core.shell:Creating environment hook '/home/smr/workspaces/mini_amr/amrROS2_ws/install/custom_interface/share/custom_interface/hook/cmake_prefix_path.sh'
[1.510s] Level 1:colcon.colcon_core.environment:checking '/home/smr/workspaces/mini_amr/amrROS2_ws/install/custom_interface/lib'
[1.510s] Level 1:colcon.colcon_core.shell:create_environment_hook('custom_interface', 'ld_library_path_lib')
[1.511s] INFO:colcon.colcon_core.shell:Creating environment descriptor '/home/smr/workspaces/mini_amr/amrROS2_ws/install/custom_interface/share/custom_interface/hook/ld_library_path_lib.dsv'
[1.512s] INFO:colcon.colcon_core.shell:Creating environment hook '/home/smr/workspaces/mini_amr/amrROS2_ws/install/custom_interface/share/custom_interface/hook/ld_library_path_lib.sh'
[1.519s] Level 1:colcon.colcon_core.environment:checking '/home/smr/workspaces/mini_amr/amrROS2_ws/install/custom_interface/bin'
[1.520s] Level 1:colcon.colcon_core.environment:checking '/home/smr/workspaces/mini_amr/amrROS2_ws/install/custom_interface/lib/pkgconfig/custom_interface.pc'
[1.520s] Level 1:colcon.colcon_core.environment:checking '/home/smr/workspaces/mini_amr/amrROS2_ws/install/custom_interface/lib/python3.12/site-packages'
[1.520s] Level 1:colcon.colcon_core.shell:create_environment_hook('custom_interface', 'pythonpath')
[1.521s] INFO:colcon.colcon_core.shell:Creating environment descriptor '/home/smr/workspaces/mini_amr/amrROS2_ws/install/custom_interface/share/custom_interface/hook/pythonpath.dsv'
[1.522s] INFO:colcon.colcon_core.shell:Creating environment hook '/home/smr/workspaces/mini_amr/amrROS2_ws/install/custom_interface/share/custom_interface/hook/pythonpath.sh'
[1.523s] Level 1:colcon.colcon_core.environment:checking '/home/smr/workspaces/mini_amr/amrROS2_ws/install/custom_interface/bin'
[1.524s] INFO:colcon.colcon_core.shell:Creating package descriptor '/home/smr/workspaces/mini_amr/amrROS2_ws/install/custom_interface/share/custom_interface/package.dsv'
[1.525s] INFO:colcon.colcon_core.shell:Creating package script '/home/smr/workspaces/mini_amr/amrROS2_ws/install/custom_interface/share/custom_interface/package.sh'
[1.526s] INFO:colcon.colcon_core.shell:Creating package script '/home/smr/workspaces/mini_amr/amrROS2_ws/install/custom_interface/share/custom_interface/package.bash'
[1.527s] INFO:colcon.colcon_core.shell:Creating package script '/home/smr/workspaces/mini_amr/amrROS2_ws/install/custom_interface/share/custom_interface/package.zsh'
[1.528s] Level 1:colcon.colcon_core.environment:create_file_with_runtime_dependencies(/home/smr/workspaces/mini_amr/amrROS2_ws/install/custom_interface/share/colcon-core/packages/custom_interface)
[1.530s] DEBUG:colcon.colcon_core.event_handler.log_command:Invoked command in '/home/smr/workspaces/mini_amr/amrROS2_ws/build/robot_hardware_interface' returned '0': CMAKE_PREFIX_PATH=${CMAKE_PREFIX_PATH}:/home/smr/workspaces/mini_amr/amrROS2_ws/install/python_pkg:/home/smr/workspaces/mini_amr/amrROS2_ws/install/action_autodock:/opt/ros/jazzy DEBUGINFOD_URLS=https://debuginfod.ubuntu.com /usr/bin/cmake --build /home/smr/workspaces/mini_amr/amrROS2_ws/build/robot_hardware_interface -- -j8 -l8
[1.531s] DEBUG:colcon.colcon_core.event_handler.log_command:Invoking command in '/home/smr/workspaces/mini_amr/amrROS2_ws/build/robot_hardware_interface': CMAKE_PREFIX_PATH=${CMAKE_PREFIX_PATH}:/home/smr/workspaces/mini_amr/amrROS2_ws/install/python_pkg:/home/smr/workspaces/mini_amr/amrROS2_ws/install/action_autodock:/opt/ros/jazzy DEBUGINFOD_URLS=https://debuginfod.ubuntu.com /usr/bin/cmake --install /home/smr/workspaces/mini_amr/amrROS2_ws/build/robot_hardware_interface
[1.531s] DEBUG:colcon.colcon_core.event_handler.log_command:Invoked command in '/home/smr/workspaces/mini_amr/amrROS2_ws/build/custom_interface' returned '0': CMAKE_PREFIX_PATH=${CMAKE_PREFIX_PATH}:/home/smr/workspaces/mini_amr/amrROS2_ws/install/python_pkg:/home/smr/workspaces/mini_amr/amrROS2_ws/install/action_autodock:/opt/ros/jazzy DEBUGINFOD_URLS=https://debuginfod.ubuntu.com /usr/bin/cmake --install /home/smr/workspaces/mini_amr/amrROS2_ws/build/custom_interface
[1.535s] Level 1:colcon.colcon_core.environment:create_environment_scripts_only(custom_interface)
[1.535s] Level 1:colcon.colcon_core.environment:checking '/home/smr/workspaces/mini_amr/amrROS2_ws/install/custom_interface' for CMake module files
[1.536s] Level 1:colcon.colcon_core.environment:checking '/home/smr/workspaces/mini_amr/amrROS2_ws/install/custom_interface' for CMake config files
[1.537s] Level 1:colcon.colcon_core.shell:create_environment_hook('custom_interface', 'cmake_prefix_path')
[1.537s] INFO:colcon.colcon_core.shell:Creating environment descriptor '/home/smr/workspaces/mini_amr/amrROS2_ws/install/custom_interface/share/custom_interface/hook/cmake_prefix_path.dsv'
[1.538s] INFO:colcon.colcon_core.shell:Creating environment hook '/home/smr/workspaces/mini_amr/amrROS2_ws/install/custom_interface/share/custom_interface/hook/cmake_prefix_path.sh'
[1.539s] Level 1:colcon.colcon_core.environment:checking '/home/smr/workspaces/mini_amr/amrROS2_ws/install/custom_interface/lib'
[1.539s] Level 1:colcon.colcon_core.shell:create_environment_hook('custom_interface', 'ld_library_path_lib')
[1.539s] INFO:colcon.colcon_core.shell:Creating environment descriptor '/home/smr/workspaces/mini_amr/amrROS2_ws/install/custom_interface/share/custom_interface/hook/ld_library_path_lib.dsv'
[1.540s] INFO:colcon.colcon_core.shell:Creating environment hook '/home/smr/workspaces/mini_amr/amrROS2_ws/install/custom_interface/share/custom_interface/hook/ld_library_path_lib.sh'
[1.541s] Level 1:colcon.colcon_core.environment:checking '/home/smr/workspaces/mini_amr/amrROS2_ws/install/custom_interface/bin'
[1.541s] Level 1:colcon.colcon_core.environment:checking '/home/smr/workspaces/mini_amr/amrROS2_ws/install/custom_interface/lib/pkgconfig/custom_interface.pc'
[1.541s] Level 1:colcon.colcon_core.environment:checking '/home/smr/workspaces/mini_amr/amrROS2_ws/install/custom_interface/lib/python3.12/site-packages'
[1.541s] Level 1:colcon.colcon_core.shell:create_environment_hook('custom_interface', 'pythonpath')
[1.542s] INFO:colcon.colcon_core.shell:Creating environment descriptor '/home/smr/workspaces/mini_amr/amrROS2_ws/install/custom_interface/share/custom_interface/hook/pythonpath.dsv'
[1.542s] INFO:colcon.colcon_core.shell:Creating environment hook '/home/smr/workspaces/mini_amr/amrROS2_ws/install/custom_interface/share/custom_interface/hook/pythonpath.sh'
[1.543s] Level 1:colcon.colcon_core.environment:checking '/home/smr/workspaces/mini_amr/amrROS2_ws/install/custom_interface/bin'
[1.543s] INFO:colcon.colcon_core.shell:Creating package descriptor '/home/smr/workspaces/mini_amr/amrROS2_ws/install/custom_interface/share/custom_interface/package.dsv'
[1.544s] INFO:colcon.colcon_core.shell:Creating package script '/home/smr/workspaces/mini_amr/amrROS2_ws/install/custom_interface/share/custom_interface/package.sh'
[1.545s] INFO:colcon.colcon_core.shell:Creating package script '/home/smr/workspaces/mini_amr/amrROS2_ws/install/custom_interface/share/custom_interface/package.bash'
[1.546s] INFO:colcon.colcon_core.shell:Creating package script '/home/smr/workspaces/mini_amr/amrROS2_ws/install/custom_interface/share/custom_interface/package.zsh'
[1.546s] Level 1:colcon.colcon_core.environment:create_file_with_runtime_dependencies(/home/smr/workspaces/mini_amr/amrROS2_ws/install/custom_interface/share/colcon-core/packages/custom_interface)
[1.548s] INFO:colcon.colcon_ros.task.ament_cmake.build:Building ROS package in '/home/smr/workspaces/mini_amr/amrROS2_ws/src/autodock/dock_lidar' with build type 'ament_cmake'
[1.548s] INFO:colcon.colcon_cmake.task.cmake.build:Building CMake package in '/home/smr/workspaces/mini_amr/amrROS2_ws/src/autodock/dock_lidar'
[1.548s] DEBUG:colcon.colcon_core.shell:Skip shell extension 'dsv' for command environment
[1.558s] Level 1:colcon.colcon_core.environment:create_environment_scripts_only(robot_hardware_interface)
[1.559s] Level 1:colcon.colcon_core.environment:checking '/home/smr/workspaces/mini_amr/amrROS2_ws/install/robot_hardware_interface' for CMake module files
[1.559s] DEBUG:colcon.colcon_core.event_handler.log_command:Invoked command in '/home/smr/workspaces/mini_amr/amrROS2_ws/build/robot_hardware_interface' returned '0': CMAKE_PREFIX_PATH=${CMAKE_PREFIX_PATH}:/home/smr/workspaces/mini_amr/amrROS2_ws/install/python_pkg:/home/smr/workspaces/mini_amr/amrROS2_ws/install/action_autodock:/opt/ros/jazzy DEBUGINFOD_URLS=https://debuginfod.ubuntu.com /usr/bin/cmake --install /home/smr/workspaces/mini_amr/amrROS2_ws/build/robot_hardware_interface
[1.562s] Level 1:colcon.colcon_core.environment:checking '/home/smr/workspaces/mini_amr/amrROS2_ws/install/robot_hardware_interface' for CMake config files
[1.562s] Level 1:colcon.colcon_core.shell:create_environment_hook('robot_hardware_interface', 'cmake_prefix_path')
[1.563s] INFO:colcon.colcon_core.shell:Creating environment descriptor '/home/smr/workspaces/mini_amr/amrROS2_ws/install/robot_hardware_interface/share/robot_hardware_interface/hook/cmake_prefix_path.dsv'
[1.564s] INFO:colcon.colcon_core.shell:Creating environment hook '/home/smr/workspaces/mini_amr/amrROS2_ws/install/robot_hardware_interface/share/robot_hardware_interface/hook/cmake_prefix_path.sh'
[1.565s] Level 1:colcon.colcon_core.environment:checking '/home/smr/workspaces/mini_amr/amrROS2_ws/install/robot_hardware_interface/lib'
[1.565s] Level 1:colcon.colcon_core.environment:checking '/home/smr/workspaces/mini_amr/amrROS2_ws/install/robot_hardware_interface/bin'
[1.565s] Level 1:colcon.colcon_core.environment:checking '/home/smr/workspaces/mini_amr/amrROS2_ws/install/robot_hardware_interface/lib/pkgconfig/robot_hardware_interface.pc'
[1.565s] Level 1:colcon.colcon_core.environment:checking '/home/smr/workspaces/mini_amr/amrROS2_ws/install/robot_hardware_interface/lib/python3.12/site-packages'
[1.566s] Level 1:colcon.colcon_core.environment:checking '/home/smr/workspaces/mini_amr/amrROS2_ws/install/robot_hardware_interface/bin'
[1.566s] INFO:colcon.colcon_core.shell:Creating package descriptor '/home/smr/workspaces/mini_amr/amrROS2_ws/install/robot_hardware_interface/share/robot_hardware_interface/package.dsv'
[1.567s] INFO:colcon.colcon_core.shell:Creating package script '/home/smr/workspaces/mini_amr/amrROS2_ws/install/robot_hardware_interface/share/robot_hardware_interface/package.sh'
[1.568s] INFO:colcon.colcon_core.shell:Creating package script '/home/smr/workspaces/mini_amr/amrROS2_ws/install/robot_hardware_interface/share/robot_hardware_interface/package.bash'
[1.568s] INFO:colcon.colcon_core.shell:Creating package script '/home/smr/workspaces/mini_amr/amrROS2_ws/install/robot_hardware_interface/share/robot_hardware_interface/package.zsh'
[1.569s] Level 1:colcon.colcon_core.environment:create_file_with_runtime_dependencies(/home/smr/workspaces/mini_amr/amrROS2_ws/install/robot_hardware_interface/share/colcon-core/packages/robot_hardware_interface)
[1.569s] Level 1:colcon.colcon_core.environment:create_environment_scripts_only(robot_hardware_interface)
[1.570s] Level 1:colcon.colcon_core.environment:checking '/home/smr/workspaces/mini_amr/amrROS2_ws/install/robot_hardware_interface' for CMake module files
[1.570s] Level 1:colcon.colcon_core.environment:checking '/home/smr/workspaces/mini_amr/amrROS2_ws/install/robot_hardware_interface' for CMake config files
[1.571s] Level 1:colcon.colcon_core.shell:create_environment_hook('robot_hardware_interface', 'cmake_prefix_path')
[1.571s] INFO:colcon.colcon_core.shell:Creating environment descriptor '/home/smr/workspaces/mini_amr/amrROS2_ws/install/robot_hardware_interface/share/robot_hardware_interface/hook/cmake_prefix_path.dsv'
[1.572s] INFO:colcon.colcon_core.shell:Creating environment hook '/home/smr/workspaces/mini_amr/amrROS2_ws/install/robot_hardware_interface/share/robot_hardware_interface/hook/cmake_prefix_path.sh'
[1.573s] Level 1:colcon.colcon_core.environment:checking '/home/smr/workspaces/mini_amr/amrROS2_ws/install/robot_hardware_interface/lib'
[1.573s] Level 1:colcon.colcon_core.environment:checking '/home/smr/workspaces/mini_amr/amrROS2_ws/install/robot_hardware_interface/bin'
[1.573s] Level 1:colcon.colcon_core.environment:checking '/home/smr/workspaces/mini_amr/amrROS2_ws/install/robot_hardware_interface/lib/pkgconfig/robot_hardware_interface.pc'
[1.573s] Level 1:colcon.colcon_core.environment:checking '/home/smr/workspaces/mini_amr/amrROS2_ws/install/robot_hardware_interface/lib/python3.12/site-packages'
[1.574s] Level 1:colcon.colcon_core.environment:checking '/home/smr/workspaces/mini_amr/amrROS2_ws/install/robot_hardware_interface/bin'
[1.574s] INFO:colcon.colcon_core.shell:Creating package descriptor '/home/smr/workspaces/mini_amr/amrROS2_ws/install/robot_hardware_interface/share/robot_hardware_interface/package.dsv'
[1.575s] INFO:colcon.colcon_core.shell:Creating package script '/home/smr/workspaces/mini_amr/amrROS2_ws/install/robot_hardware_interface/share/robot_hardware_interface/package.sh'
[1.576s] INFO:colcon.colcon_core.shell:Creating package script '/home/smr/workspaces/mini_amr/amrROS2_ws/install/robot_hardware_interface/share/robot_hardware_interface/package.bash'
[1.576s] INFO:colcon.colcon_core.shell:Creating package script '/home/smr/workspaces/mini_amr/amrROS2_ws/install/robot_hardware_interface/share/robot_hardware_interface/package.zsh'
[1.577s] Level 1:colcon.colcon_core.environment:create_file_with_runtime_dependencies(/home/smr/workspaces/mini_amr/amrROS2_ws/install/robot_hardware_interface/share/colcon-core/packages/robot_hardware_interface)
[1.579s] DEBUG:colcon.colcon_core.event_handler.log_command:Invoked command in '/home/smr/workspaces/mini_amr/amrROS2_ws/build/sllidar_ros2' returned '0': CMAKE_PREFIX_PATH=${CMAKE_PREFIX_PATH}:/home/smr/workspaces/mini_amr/amrROS2_ws/install/python_pkg:/home/smr/workspaces/mini_amr/amrROS2_ws/install/action_autodock:/opt/ros/jazzy DEBUGINFOD_URLS=https://debuginfod.ubuntu.com /usr/bin/cmake --build /home/smr/workspaces/mini_amr/amrROS2_ws/build/sllidar_ros2 -- -j8 -l8
[1.580s] DEBUG:colcon.colcon_core.event_handler.log_command:Invoking command in '/home/smr/workspaces/mini_amr/amrROS2_ws/build/sllidar_ros2': CMAKE_PREFIX_PATH=${CMAKE_PREFIX_PATH}:/home/smr/workspaces/mini_amr/amrROS2_ws/install/python_pkg:/home/smr/workspaces/mini_amr/amrROS2_ws/install/action_autodock:/opt/ros/jazzy DEBUGINFOD_URLS=https://debuginfod.ubuntu.com /usr/bin/cmake --install /home/smr/workspaces/mini_amr/amrROS2_ws/build/sllidar_ros2
[1.593s] DEBUG:colcon.colcon_core.event_handler.log_command:Invoking command in '/home/smr/workspaces/mini_amr/amrROS2_ws/build/dock_lidar': CMAKE_PREFIX_PATH=/home/smr/workspaces/mini_amr/amrROS2_ws/install/custom_interface:/opt/ros/jazzy/opt/gz_sim_vendor:/opt/ros/jazzy/opt/gz_sensors_vendor:/opt/ros/jazzy/opt/gz_physics_vendor:/opt/ros/jazzy/opt/sdformat_vendor:/opt/ros/jazzy/opt/gz_gui_vendor:/opt/ros/jazzy/opt/gz_transport_vendor:/opt/ros/jazzy/opt/gz_rendering_vendor:/opt/ros/jazzy/opt/gz_plugin_vendor:/opt/ros/jazzy/opt/gz_fuel_tools_vendor:/opt/ros/jazzy/opt/gz_msgs_vendor:/opt/ros/jazzy/opt/gz_common_vendor:/opt/ros/jazzy/opt/gz_tools_vendor:/opt/ros/jazzy/opt/gz_ogre_next_vendor:/opt/ros/jazzy/opt/gz_dartsim_vendor:/home/smr/workspaces/mini_amr/amrROS2_ws/install/sllidar_ros2:/home/smr/workspaces/mini_amr/amrROS2_ws/install/robot_hardware_interface:/home/smr/workspaces/mini_amr/amrROS2_ws/install/navigation:/home/smr/workspaces/mini_amr/amrROS2_ws/install/dock_lidar:/home/smr/workspaces/mini_amr/amrROS2_ws/install/description:/home/smr/workspaces/mini_amr/amrROS2_ws/install/bringup:/opt/ros/jazzy/opt/gz_math_vendor:/opt/ros/jazzy/opt/gz_utils_vendor:/opt/ros/jazzy/opt/gz_cmake_vendor:/home/smr/workspaces/mini_amr/amrROS2_ws/install/python_pkg:/home/smr/workspaces/mini_amr/amrROS2_ws/install/action_autodock:/opt/ros/jazzy DEBUGINFOD_URLS=https://debuginfod.ubuntu.com LD_LIBRARY_PATH=/home/smr/workspaces/mini_amr/amrROS2_ws/install/custom_interface/lib:/opt/ros/jazzy/opt/gz_sim_vendor/lib:/opt/ros/jazzy/opt/gz_sensors_vendor/lib:/opt/ros/jazzy/opt/gz_physics_vendor/lib:/opt/ros/jazzy/opt/sdformat_vendor/lib:/opt/ros/jazzy/opt/gz_gui_vendor/lib:/opt/ros/jazzy/opt/gz_transport_vendor/lib:/opt/ros/jazzy/opt/gz_rendering_vendor/lib:/opt/ros/jazzy/opt/gz_plugin_vendor/lib:/opt/ros/jazzy/opt/gz_fuel_tools_vendor/lib:/opt/ros/jazzy/opt/gz_msgs_vendor/lib:/opt/ros/jazzy/opt/gz_common_vendor/lib:/opt/ros/jazzy/opt/gz_tools_vendor/lib:/opt/ros/jazzy/opt/gz_ogre_next_vendor/lib:/opt/ros/jazzy/opt/gz_dartsim_vendor/lib:/opt/ros/jazzy/opt/rviz_ogre_vendor/lib:/opt/ros/jazzy/lib/aarch64-linux-gnu:/opt/ros/jazzy/opt/gz_math_vendor/lib:/opt/ros/jazzy/opt/gz_utils_vendor/lib:/opt/ros/jazzy/opt/gz_cmake_vendor/lib:/opt/ros/jazzy/lib PYTHONPATH=/home/smr/workspaces/mini_amr/amrROS2_ws/install/custom_interface/lib/python3.12/site-packages:/home/smr/workspaces/mini_amr/amrROS2_ws/install/python_pkg/lib/python3.12/site-packages:/home/smr/workspaces/mini_amr/amrROS2_ws/install/action_autodock/lib/python3.12/site-packages:/opt/ros/jazzy/lib/python3.12/site-packages /usr/bin/cmake --build /home/smr/workspaces/mini_amr/amrROS2_ws/build/dock_lidar -- -j8 -l8
[1.622s] Level 1:colcon.colcon_core.environment:create_environment_scripts_only(sllidar_ros2)
[1.622s] Level 1:colcon.colcon_core.environment:checking '/home/smr/workspaces/mini_amr/amrROS2_ws/install/sllidar_ros2' for CMake module files
[1.623s] Level 1:colcon.colcon_core.environment:checking '/home/smr/workspaces/mini_amr/amrROS2_ws/install/sllidar_ros2' for CMake config files
[1.624s] Level 1:colcon.colcon_core.shell:create_environment_hook('sllidar_ros2', 'cmake_prefix_path')
[1.624s] INFO:colcon.colcon_core.shell:Creating environment descriptor '/home/smr/workspaces/mini_amr/amrROS2_ws/install/sllidar_ros2/share/sllidar_ros2/hook/cmake_prefix_path.dsv'
[1.625s] INFO:colcon.colcon_core.shell:Creating environment hook '/home/smr/workspaces/mini_amr/amrROS2_ws/install/sllidar_ros2/share/sllidar_ros2/hook/cmake_prefix_path.sh'
[1.626s] Level 1:colcon.colcon_core.environment:checking '/home/smr/workspaces/mini_amr/amrROS2_ws/install/sllidar_ros2/lib'
[1.626s] Level 1:colcon.colcon_core.environment:checking '/home/smr/workspaces/mini_amr/amrROS2_ws/install/sllidar_ros2/bin'
[1.626s] Level 1:colcon.colcon_core.environment:checking '/home/smr/workspaces/mini_amr/amrROS2_ws/install/sllidar_ros2/lib/pkgconfig/sllidar_ros2.pc'
[1.627s] Level 1:colcon.colcon_core.environment:checking '/home/smr/workspaces/mini_amr/amrROS2_ws/install/sllidar_ros2/lib/python3.12/site-packages'
[1.627s] Level 1:colcon.colcon_core.environment:checking '/home/smr/workspaces/mini_amr/amrROS2_ws/install/sllidar_ros2/bin'
[1.628s] INFO:colcon.colcon_core.shell:Creating package descriptor '/home/smr/workspaces/mini_amr/amrROS2_ws/install/sllidar_ros2/share/sllidar_ros2/package.dsv'
[1.629s] INFO:colcon.colcon_core.shell:Creating package script '/home/smr/workspaces/mini_amr/amrROS2_ws/install/sllidar_ros2/share/sllidar_ros2/package.sh'
[1.630s] INFO:colcon.colcon_core.shell:Creating package script '/home/smr/workspaces/mini_amr/amrROS2_ws/install/sllidar_ros2/share/sllidar_ros2/package.bash'
[1.632s] INFO:colcon.colcon_core.shell:Creating package script '/home/smr/workspaces/mini_amr/amrROS2_ws/install/sllidar_ros2/share/sllidar_ros2/package.zsh'
[1.635s] DEBUG:colcon.colcon_core.event_handler.log_command:Invoked command in '/home/smr/workspaces/mini_amr/amrROS2_ws/build/sllidar_ros2' returned '0': CMAKE_PREFIX_PATH=${CMAKE_PREFIX_PATH}:/home/smr/workspaces/mini_amr/amrROS2_ws/install/python_pkg:/home/smr/workspaces/mini_amr/amrROS2_ws/install/action_autodock:/opt/ros/jazzy DEBUGINFOD_URLS=https://debuginfod.ubuntu.com /usr/bin/cmake --install /home/smr/workspaces/mini_amr/amrROS2_ws/build/sllidar_ros2
[1.635s] Level 1:colcon.colcon_core.environment:create_file_with_runtime_dependencies(/home/smr/workspaces/mini_amr/amrROS2_ws/install/sllidar_ros2/share/colcon-core/packages/sllidar_ros2)
[1.636s] Level 1:colcon.colcon_core.environment:create_environment_scripts_only(sllidar_ros2)
[1.636s] Level 1:colcon.colcon_core.environment:checking '/home/smr/workspaces/mini_amr/amrROS2_ws/install/sllidar_ros2' for CMake module files
[1.637s] Level 1:colcon.colcon_core.environment:checking '/home/smr/workspaces/mini_amr/amrROS2_ws/install/sllidar_ros2' for CMake config files
[1.638s] Level 1:colcon.colcon_core.shell:create_environment_hook('sllidar_ros2', 'cmake_prefix_path')
[1.638s] INFO:colcon.colcon_core.shell:Creating environment descriptor '/home/smr/workspaces/mini_amr/amrROS2_ws/install/sllidar_ros2/share/sllidar_ros2/hook/cmake_prefix_path.dsv'
[1.639s] INFO:colcon.colcon_core.shell:Creating environment hook '/home/smr/workspaces/mini_amr/amrROS2_ws/install/sllidar_ros2/share/sllidar_ros2/hook/cmake_prefix_path.sh'
[1.639s] Level 1:colcon.colcon_core.environment:checking '/home/smr/workspaces/mini_amr/amrROS2_ws/install/sllidar_ros2/lib'
[1.640s] Level 1:colcon.colcon_core.environment:checking '/home/smr/workspaces/mini_amr/amrROS2_ws/install/sllidar_ros2/bin'
[1.640s] Level 1:colcon.colcon_core.environment:checking '/home/smr/workspaces/mini_amr/amrROS2_ws/install/sllidar_ros2/lib/pkgconfig/sllidar_ros2.pc'
[1.640s] Level 1:colcon.colcon_core.environment:checking '/home/smr/workspaces/mini_amr/amrROS2_ws/install/sllidar_ros2/lib/python3.12/site-packages'
[1.640s] Level 1:colcon.colcon_core.environment:checking '/home/smr/workspaces/mini_amr/amrROS2_ws/install/sllidar_ros2/bin'
[1.641s] INFO:colcon.colcon_core.shell:Creating package descriptor '/home/smr/workspaces/mini_amr/amrROS2_ws/install/sllidar_ros2/share/sllidar_ros2/package.dsv'
[1.641s] INFO:colcon.colcon_core.shell:Creating package script '/home/smr/workspaces/mini_amr/amrROS2_ws/install/sllidar_ros2/share/sllidar_ros2/package.sh'
[1.642s] INFO:colcon.colcon_core.shell:Creating package script '/home/smr/workspaces/mini_amr/amrROS2_ws/install/sllidar_ros2/share/sllidar_ros2/package.bash'
[1.643s] INFO:colcon.colcon_core.shell:Creating package script '/home/smr/workspaces/mini_amr/amrROS2_ws/install/sllidar_ros2/share/sllidar_ros2/package.zsh'
[1.643s] Level 1:colcon.colcon_core.environment:create_file_with_runtime_dependencies(/home/smr/workspaces/mini_amr/amrROS2_ws/install/sllidar_ros2/share/colcon-core/packages/sllidar_ros2)
[1.866s] DEBUG:colcon.colcon_core.event_handler.log_command:Invoked command in '/home/smr/workspaces/mini_amr/amrROS2_ws/build/dock_lidar' returned '0': CMAKE_PREFIX_PATH=/home/smr/workspaces/mini_amr/amrROS2_ws/install/custom_interface:/opt/ros/jazzy/opt/gz_sim_vendor:/opt/ros/jazzy/opt/gz_sensors_vendor:/opt/ros/jazzy/opt/gz_physics_vendor:/opt/ros/jazzy/opt/sdformat_vendor:/opt/ros/jazzy/opt/gz_gui_vendor:/opt/ros/jazzy/opt/gz_transport_vendor:/opt/ros/jazzy/opt/gz_rendering_vendor:/opt/ros/jazzy/opt/gz_plugin_vendor:/opt/ros/jazzy/opt/gz_fuel_tools_vendor:/opt/ros/jazzy/opt/gz_msgs_vendor:/opt/ros/jazzy/opt/gz_common_vendor:/opt/ros/jazzy/opt/gz_tools_vendor:/opt/ros/jazzy/opt/gz_ogre_next_vendor:/opt/ros/jazzy/opt/gz_dartsim_vendor:/home/smr/workspaces/mini_amr/amrROS2_ws/install/sllidar_ros2:/home/smr/workspaces/mini_amr/amrROS2_ws/install/robot_hardware_interface:/home/smr/workspaces/mini_amr/amrROS2_ws/install/navigation:/home/smr/workspaces/mini_amr/amrROS2_ws/install/dock_lidar:/home/smr/workspaces/mini_amr/amrROS2_ws/install/description:/home/smr/workspaces/mini_amr/amrROS2_ws/install/bringup:/opt/ros/jazzy/opt/gz_math_vendor:/opt/ros/jazzy/opt/gz_utils_vendor:/opt/ros/jazzy/opt/gz_cmake_vendor:/home/smr/workspaces/mini_amr/amrROS2_ws/install/python_pkg:/home/smr/workspaces/mini_amr/amrROS2_ws/install/action_autodock:/opt/ros/jazzy DEBUGINFOD_URLS=https://debuginfod.ubuntu.com LD_LIBRARY_PATH=/home/smr/workspaces/mini_amr/amrROS2_ws/install/custom_interface/lib:/opt/ros/jazzy/opt/gz_sim_vendor/lib:/opt/ros/jazzy/opt/gz_sensors_vendor/lib:/opt/ros/jazzy/opt/gz_physics_vendor/lib:/opt/ros/jazzy/opt/sdformat_vendor/lib:/opt/ros/jazzy/opt/gz_gui_vendor/lib:/opt/ros/jazzy/opt/gz_transport_vendor/lib:/opt/ros/jazzy/opt/gz_rendering_vendor/lib:/opt/ros/jazzy/opt/gz_plugin_vendor/lib:/opt/ros/jazzy/opt/gz_fuel_tools_vendor/lib:/opt/ros/jazzy/opt/gz_msgs_vendor/lib:/opt/ros/jazzy/opt/gz_common_vendor/lib:/opt/ros/jazzy/opt/gz_tools_vendor/lib:/opt/ros/jazzy/opt/gz_ogre_next_vendor/lib:/opt/ros/jazzy/opt/gz_dartsim_vendor/lib:/opt/ros/jazzy/opt/rviz_ogre_vendor/lib:/opt/ros/jazzy/lib/aarch64-linux-gnu:/opt/ros/jazzy/opt/gz_math_vendor/lib:/opt/ros/jazzy/opt/gz_utils_vendor/lib:/opt/ros/jazzy/opt/gz_cmake_vendor/lib:/opt/ros/jazzy/lib PYTHONPATH=/home/smr/workspaces/mini_amr/amrROS2_ws/install/custom_interface/lib/python3.12/site-packages:/home/smr/workspaces/mini_amr/amrROS2_ws/install/python_pkg/lib/python3.12/site-packages:/home/smr/workspaces/mini_amr/amrROS2_ws/install/action_autodock/lib/python3.12/site-packages:/opt/ros/jazzy/lib/python3.12/site-packages /usr/bin/cmake --build /home/smr/workspaces/mini_amr/amrROS2_ws/build/dock_lidar -- -j8 -l8
[1.868s] DEBUG:colcon.colcon_core.event_handler.log_command:Invoking command in '/home/smr/workspaces/mini_amr/amrROS2_ws/build/dock_lidar': CMAKE_PREFIX_PATH=/home/smr/workspaces/mini_amr/amrROS2_ws/install/custom_interface:/opt/ros/jazzy/opt/gz_sim_vendor:/opt/ros/jazzy/opt/gz_sensors_vendor:/opt/ros/jazzy/opt/gz_physics_vendor:/opt/ros/jazzy/opt/sdformat_vendor:/opt/ros/jazzy/opt/gz_gui_vendor:/opt/ros/jazzy/opt/gz_transport_vendor:/opt/ros/jazzy/opt/gz_rendering_vendor:/opt/ros/jazzy/opt/gz_plugin_vendor:/opt/ros/jazzy/opt/gz_fuel_tools_vendor:/opt/ros/jazzy/opt/gz_msgs_vendor:/opt/ros/jazzy/opt/gz_common_vendor:/opt/ros/jazzy/opt/gz_tools_vendor:/opt/ros/jazzy/opt/gz_ogre_next_vendor:/opt/ros/jazzy/opt/gz_dartsim_vendor:/home/smr/workspaces/mini_amr/amrROS2_ws/install/sllidar_ros2:/home/smr/workspaces/mini_amr/amrROS2_ws/install/robot_hardware_interface:/home/smr/workspaces/mini_amr/amrROS2_ws/install/navigation:/home/smr/workspaces/mini_amr/amrROS2_ws/install/dock_lidar:/home/smr/workspaces/mini_amr/amrROS2_ws/install/description:/home/smr/workspaces/mini_amr/amrROS2_ws/install/bringup:/opt/ros/jazzy/opt/gz_math_vendor:/opt/ros/jazzy/opt/gz_utils_vendor:/opt/ros/jazzy/opt/gz_cmake_vendor:/home/smr/workspaces/mini_amr/amrROS2_ws/install/python_pkg:/home/smr/workspaces/mini_amr/amrROS2_ws/install/action_autodock:/opt/ros/jazzy DEBUGINFOD_URLS=https://debuginfod.ubuntu.com LD_LIBRARY_PATH=/home/smr/workspaces/mini_amr/amrROS2_ws/install/custom_interface/lib:/opt/ros/jazzy/opt/gz_sim_vendor/lib:/opt/ros/jazzy/opt/gz_sensors_vendor/lib:/opt/ros/jazzy/opt/gz_physics_vendor/lib:/opt/ros/jazzy/opt/sdformat_vendor/lib:/opt/ros/jazzy/opt/gz_gui_vendor/lib:/opt/ros/jazzy/opt/gz_transport_vendor/lib:/opt/ros/jazzy/opt/gz_rendering_vendor/lib:/opt/ros/jazzy/opt/gz_plugin_vendor/lib:/opt/ros/jazzy/opt/gz_fuel_tools_vendor/lib:/opt/ros/jazzy/opt/gz_msgs_vendor/lib:/opt/ros/jazzy/opt/gz_common_vendor/lib:/opt/ros/jazzy/opt/gz_tools_vendor/lib:/opt/ros/jazzy/opt/gz_ogre_next_vendor/lib:/opt/ros/jazzy/opt/gz_dartsim_vendor/lib:/opt/ros/jazzy/opt/rviz_ogre_vendor/lib:/opt/ros/jazzy/lib/aarch64-linux-gnu:/opt/ros/jazzy/opt/gz_math_vendor/lib:/opt/ros/jazzy/opt/gz_utils_vendor/lib:/opt/ros/jazzy/opt/gz_cmake_vendor/lib:/opt/ros/jazzy/lib PYTHONPATH=/home/smr/workspaces/mini_amr/amrROS2_ws/install/custom_interface/lib/python3.12/site-packages:/home/smr/workspaces/mini_amr/amrROS2_ws/install/python_pkg/lib/python3.12/site-packages:/home/smr/workspaces/mini_amr/amrROS2_ws/install/action_autodock/lib/python3.12/site-packages:/opt/ros/jazzy/lib/python3.12/site-packages /usr/bin/cmake --install /home/smr/workspaces/mini_amr/amrROS2_ws/build/dock_lidar
[1.902s] Level 1:colcon.colcon_core.environment:create_environment_scripts_only(dock_lidar)
[1.902s] Level 1:colcon.colcon_core.environment:checking '/home/smr/workspaces/mini_amr/amrROS2_ws/install/dock_lidar' for CMake module files
[1.905s] Level 1:colcon.colcon_core.environment:checking '/home/smr/workspaces/mini_amr/amrROS2_ws/install/dock_lidar' for CMake config files
[1.910s] Level 1:colcon.colcon_core.shell:create_environment_hook('dock_lidar', 'cmake_prefix_path')
[1.911s] INFO:colcon.colcon_core.shell:Creating environment descriptor '/home/smr/workspaces/mini_amr/amrROS2_ws/install/dock_lidar/share/dock_lidar/hook/cmake_prefix_path.dsv'
[1.913s] INFO:colcon.colcon_core.shell:Creating environment hook '/home/smr/workspaces/mini_amr/amrROS2_ws/install/dock_lidar/share/dock_lidar/hook/cmake_prefix_path.sh'
[1.917s] Level 1:colcon.colcon_core.environment:checking '/home/smr/workspaces/mini_amr/amrROS2_ws/install/dock_lidar/lib'
[1.918s] Level 1:colcon.colcon_core.environment:checking '/home/smr/workspaces/mini_amr/amrROS2_ws/install/dock_lidar/bin'
[1.918s] Level 1:colcon.colcon_core.environment:checking '/home/smr/workspaces/mini_amr/amrROS2_ws/install/dock_lidar/lib/pkgconfig/dock_lidar.pc'
[1.919s] Level 1:colcon.colcon_core.environment:checking '/home/smr/workspaces/mini_amr/amrROS2_ws/install/dock_lidar/lib/python3.12/site-packages'
[1.920s] Level 1:colcon.colcon_core.environment:checking '/home/smr/workspaces/mini_amr/amrROS2_ws/install/dock_lidar/bin'
[1.922s] INFO:colcon.colcon_core.shell:Creating package descriptor '/home/smr/workspaces/mini_amr/amrROS2_ws/install/dock_lidar/share/dock_lidar/package.dsv'
[1.924s] INFO:colcon.colcon_core.shell:Creating package script '/home/smr/workspaces/mini_amr/amrROS2_ws/install/dock_lidar/share/dock_lidar/package.sh'
[1.926s] DEBUG:colcon.colcon_core.event_handler.log_command:Invoked command in '/home/smr/workspaces/mini_amr/amrROS2_ws/build/dock_lidar' returned '0': CMAKE_PREFIX_PATH=/home/smr/workspaces/mini_amr/amrROS2_ws/install/custom_interface:/opt/ros/jazzy/opt/gz_sim_vendor:/opt/ros/jazzy/opt/gz_sensors_vendor:/opt/ros/jazzy/opt/gz_physics_vendor:/opt/ros/jazzy/opt/sdformat_vendor:/opt/ros/jazzy/opt/gz_gui_vendor:/opt/ros/jazzy/opt/gz_transport_vendor:/opt/ros/jazzy/opt/gz_rendering_vendor:/opt/ros/jazzy/opt/gz_plugin_vendor:/opt/ros/jazzy/opt/gz_fuel_tools_vendor:/opt/ros/jazzy/opt/gz_msgs_vendor:/opt/ros/jazzy/opt/gz_common_vendor:/opt/ros/jazzy/opt/gz_tools_vendor:/opt/ros/jazzy/opt/gz_ogre_next_vendor:/opt/ros/jazzy/opt/gz_dartsim_vendor:/home/smr/workspaces/mini_amr/amrROS2_ws/install/sllidar_ros2:/home/smr/workspaces/mini_amr/amrROS2_ws/install/robot_hardware_interface:/home/smr/workspaces/mini_amr/amrROS2_ws/install/navigation:/home/smr/workspaces/mini_amr/amrROS2_ws/install/dock_lidar:/home/smr/workspaces/mini_amr/amrROS2_ws/install/description:/home/smr/workspaces/mini_amr/amrROS2_ws/install/bringup:/opt/ros/jazzy/opt/gz_math_vendor:/opt/ros/jazzy/opt/gz_utils_vendor:/opt/ros/jazzy/opt/gz_cmake_vendor:/home/smr/workspaces/mini_amr/amrROS2_ws/install/python_pkg:/home/smr/workspaces/mini_amr/amrROS2_ws/install/action_autodock:/opt/ros/jazzy DEBUGINFOD_URLS=https://debuginfod.ubuntu.com LD_LIBRARY_PATH=/home/smr/workspaces/mini_amr/amrROS2_ws/install/custom_interface/lib:/opt/ros/jazzy/opt/gz_sim_vendor/lib:/opt/ros/jazzy/opt/gz_sensors_vendor/lib:/opt/ros/jazzy/opt/gz_physics_vendor/lib:/opt/ros/jazzy/opt/sdformat_vendor/lib:/opt/ros/jazzy/opt/gz_gui_vendor/lib:/opt/ros/jazzy/opt/gz_transport_vendor/lib:/opt/ros/jazzy/opt/gz_rendering_vendor/lib:/opt/ros/jazzy/opt/gz_plugin_vendor/lib:/opt/ros/jazzy/opt/gz_fuel_tools_vendor/lib:/opt/ros/jazzy/opt/gz_msgs_vendor/lib:/opt/ros/jazzy/opt/gz_common_vendor/lib:/opt/ros/jazzy/opt/gz_tools_vendor/lib:/opt/ros/jazzy/opt/gz_ogre_next_vendor/lib:/opt/ros/jazzy/opt/gz_dartsim_vendor/lib:/opt/ros/jazzy/opt/rviz_ogre_vendor/lib:/opt/ros/jazzy/lib/aarch64-linux-gnu:/opt/ros/jazzy/opt/gz_math_vendor/lib:/opt/ros/jazzy/opt/gz_utils_vendor/lib:/opt/ros/jazzy/opt/gz_cmake_vendor/lib:/opt/ros/jazzy/lib PYTHONPATH=/home/smr/workspaces/mini_amr/amrROS2_ws/install/custom_interface/lib/python3.12/site-packages:/home/smr/workspaces/mini_amr/amrROS2_ws/install/python_pkg/lib/python3.12/site-packages:/home/smr/workspaces/mini_amr/amrROS2_ws/install/action_autodock/lib/python3.12/site-packages:/opt/ros/jazzy/lib/python3.12/site-packages /usr/bin/cmake --install /home/smr/workspaces/mini_amr/amrROS2_ws/build/dock_lidar
[1.927s] INFO:colcon.colcon_core.shell:Creating package script '/home/smr/workspaces/mini_amr/amrROS2_ws/install/dock_lidar/share/dock_lidar/package.bash'
[1.929s] INFO:colcon.colcon_core.shell:Creating package script '/home/smr/workspaces/mini_amr/amrROS2_ws/install/dock_lidar/share/dock_lidar/package.zsh'
[1.930s] Level 1:colcon.colcon_core.environment:create_file_with_runtime_dependencies(/home/smr/workspaces/mini_amr/amrROS2_ws/install/dock_lidar/share/colcon-core/packages/dock_lidar)
[1.932s] Level 1:colcon.colcon_core.environment:create_environment_scripts_only(dock_lidar)
[1.932s] Level 1:colcon.colcon_core.environment:checking '/home/smr/workspaces/mini_amr/amrROS2_ws/install/dock_lidar' for CMake module files
[1.936s] Level 1:colcon.colcon_core.environment:checking '/home/smr/workspaces/mini_amr/amrROS2_ws/install/dock_lidar' for CMake config files
[1.937s] Level 1:colcon.colcon_core.shell:create_environment_hook('dock_lidar', 'cmake_prefix_path')
[1.938s] INFO:colcon.colcon_core.shell:Creating environment descriptor '/home/smr/workspaces/mini_amr/amrROS2_ws/install/dock_lidar/share/dock_lidar/hook/cmake_prefix_path.dsv'
[1.940s] INFO:colcon.colcon_core.shell:Creating environment hook '/home/smr/workspaces/mini_amr/amrROS2_ws/install/dock_lidar/share/dock_lidar/hook/cmake_prefix_path.sh'
[1.942s] Level 1:colcon.colcon_core.environment:checking '/home/smr/workspaces/mini_amr/amrROS2_ws/install/dock_lidar/lib'
[1.943s] Level 1:colcon.colcon_core.environment:checking '/home/smr/workspaces/mini_amr/amrROS2_ws/install/dock_lidar/bin'
[1.943s] Level 1:colcon.colcon_core.environment:checking '/home/smr/workspaces/mini_amr/amrROS2_ws/install/dock_lidar/lib/pkgconfig/dock_lidar.pc'
[1.944s] Level 1:colcon.colcon_core.environment:checking '/home/smr/workspaces/mini_amr/amrROS2_ws/install/dock_lidar/lib/python3.12/site-packages'
[1.945s] Level 1:colcon.colcon_core.environment:checking '/home/smr/workspaces/mini_amr/amrROS2_ws/install/dock_lidar/bin'
[1.946s] INFO:colcon.colcon_core.shell:Creating package descriptor '/home/smr/workspaces/mini_amr/amrROS2_ws/install/dock_lidar/share/dock_lidar/package.dsv'
[1.949s] INFO:colcon.colcon_core.shell:Creating package script '/home/smr/workspaces/mini_amr/amrROS2_ws/install/dock_lidar/share/dock_lidar/package.sh'
[1.951s] INFO:colcon.colcon_core.shell:Creating package script '/home/smr/workspaces/mini_amr/amrROS2_ws/install/dock_lidar/share/dock_lidar/package.bash'
[1.952s] INFO:colcon.colcon_core.shell:Creating package script '/home/smr/workspaces/mini_amr/amrROS2_ws/install/dock_lidar/share/dock_lidar/package.zsh'
[1.954s] Level 1:colcon.colcon_core.environment:create_file_with_runtime_dependencies(/home/smr/workspaces/mini_amr/amrROS2_ws/install/dock_lidar/share/colcon-core/packages/dock_lidar)
[2.248s] DEBUG:colcon.colcon_core.event_handler.log_command:Invoking command in '/home/smr/workspaces/mini_amr/amrROS2_ws/src/autodock/action_autodock': DEBUGINFOD_URLS=https://debuginfod.ubuntu.com PYTHONPATH=/home/smr/workspaces/mini_amr/amrROS2_ws/build/action_autodock/prefix_override:/usr/lib/python3/dist-packages/colcon_core/task/python/colcon_distutils_commands:/home/smr/workspaces/mini_amr/amrROS2_ws/install/action_autodock/lib/python3.12/site-packages:${PYTHONPATH} /usr/bin/python3 -W ignore:setup.py install is deprecated -W ignore:easy_install command is deprecated setup.py egg_info --egg-base ../../../build/action_autodock build --build-base /home/smr/workspaces/mini_amr/amrROS2_ws/build/action_autodock/build install --record /home/smr/workspaces/mini_amr/amrROS2_ws/build/action_autodock/install.log --single-version-externally-managed install_data
[2.300s] DEBUG:colcon.colcon_core.event_handler.log_command:Invoking command in '/home/smr/workspaces/mini_amr/amrROS2_ws/src/python_pkg': DEBUGINFOD_URLS=https://debuginfod.ubuntu.com PYTHONPATH=/home/smr/workspaces/mini_amr/amrROS2_ws/build/python_pkg/prefix_override:/usr/lib/python3/dist-packages/colcon_core/task/python/colcon_distutils_commands:/home/smr/workspaces/mini_amr/amrROS2_ws/install/python_pkg/lib/python3.12/site-packages:${PYTHONPATH} /usr/bin/python3 -W ignore:setup.py install is deprecated -W ignore:easy_install command is deprecated setup.py egg_info --egg-base ../../build/python_pkg build --build-base /home/smr/workspaces/mini_amr/amrROS2_ws/build/python_pkg/build install --record /home/smr/workspaces/mini_amr/amrROS2_ws/build/python_pkg/install.log --single-version-externally-managed install_data
[3.104s] Level 1:colcon.colcon_core.environment:checking '/home/smr/workspaces/mini_amr/amrROS2_ws/install/action_autodock' for CMake module files
[3.107s] DEBUG:colcon.colcon_core.event_handler.log_command:Invoked command in '/home/smr/workspaces/mini_amr/amrROS2_ws/src/autodock/action_autodock' returned '0': DEBUGINFOD_URLS=https://debuginfod.ubuntu.com PYTHONPATH=/home/smr/workspaces/mini_amr/amrROS2_ws/build/action_autodock/prefix_override:/usr/lib/python3/dist-packages/colcon_core/task/python/colcon_distutils_commands:/home/smr/workspaces/mini_amr/amrROS2_ws/install/action_autodock/lib/python3.12/site-packages:${PYTHONPATH} /usr/bin/python3 -W ignore:setup.py install is deprecated -W ignore:easy_install command is deprecated setup.py egg_info --egg-base ../../../build/action_autodock build --build-base /home/smr/workspaces/mini_amr/amrROS2_ws/build/action_autodock/build install --record /home/smr/workspaces/mini_amr/amrROS2_ws/build/action_autodock/install.log --single-version-externally-managed install_data
[3.108s] Level 1:colcon.colcon_core.environment:checking '/home/smr/workspaces/mini_amr/amrROS2_ws/install/action_autodock' for CMake config files
[3.111s] Level 1:colcon.colcon_core.environment:checking '/home/smr/workspaces/mini_amr/amrROS2_ws/install/action_autodock/lib'
[3.111s] Level 1:colcon.colcon_core.environment:checking '/home/smr/workspaces/mini_amr/amrROS2_ws/install/action_autodock/bin'
[3.111s] Level 1:colcon.colcon_core.environment:checking '/home/smr/workspaces/mini_amr/amrROS2_ws/install/action_autodock/lib/pkgconfig/action_autodock.pc'
[3.112s] Level 1:colcon.colcon_core.environment:checking '/home/smr/workspaces/mini_amr/amrROS2_ws/install/action_autodock/lib/python3.12/site-packages'
[3.113s] Level 1:colcon.colcon_core.shell:create_environment_hook('action_autodock', 'pythonpath')
[3.114s] INFO:colcon.colcon_core.shell:Creating environment descriptor '/home/smr/workspaces/mini_amr/amrROS2_ws/install/action_autodock/share/action_autodock/hook/pythonpath.dsv'
[3.115s] INFO:colcon.colcon_core.shell:Creating environment hook '/home/smr/workspaces/mini_amr/amrROS2_ws/install/action_autodock/share/action_autodock/hook/pythonpath.sh'
[3.118s] Level 1:colcon.colcon_core.environment:checking '/home/smr/workspaces/mini_amr/amrROS2_ws/install/action_autodock/bin'
[3.118s] Level 1:colcon.colcon_core.environment:create_environment_scripts_only(action_autodock)
[3.119s] INFO:colcon.colcon_core.shell:Creating package descriptor '/home/smr/workspaces/mini_amr/amrROS2_ws/install/action_autodock/share/action_autodock/package.dsv'
[3.121s] INFO:colcon.colcon_core.shell:Creating package script '/home/smr/workspaces/mini_amr/amrROS2_ws/install/action_autodock/share/action_autodock/package.sh'
[3.124s] INFO:colcon.colcon_core.shell:Creating package script '/home/smr/workspaces/mini_amr/amrROS2_ws/install/action_autodock/share/action_autodock/package.bash'
[3.125s] INFO:colcon.colcon_core.shell:Creating package script '/home/smr/workspaces/mini_amr/amrROS2_ws/install/action_autodock/share/action_autodock/package.zsh'
[3.127s] Level 1:colcon.colcon_core.environment:create_file_with_runtime_dependencies(/home/smr/workspaces/mini_amr/amrROS2_ws/install/action_autodock/share/colcon-core/packages/action_autodock)
[3.149s] Level 1:colcon.colcon_core.environment:checking '/home/smr/workspaces/mini_amr/amrROS2_ws/install/python_pkg' for CMake module files
[3.151s] DEBUG:colcon.colcon_core.event_handler.log_command:Invoked command in '/home/smr/workspaces/mini_amr/amrROS2_ws/src/python_pkg' returned '0': DEBUGINFOD_URLS=https://debuginfod.ubuntu.com PYTHONPATH=/home/smr/workspaces/mini_amr/amrROS2_ws/build/python_pkg/prefix_override:/usr/lib/python3/dist-packages/colcon_core/task/python/colcon_distutils_commands:/home/smr/workspaces/mini_amr/amrROS2_ws/install/python_pkg/lib/python3.12/site-packages:${PYTHONPATH} /usr/bin/python3 -W ignore:setup.py install is deprecated -W ignore:easy_install command is deprecated setup.py egg_info --egg-base ../../build/python_pkg build --build-base /home/smr/workspaces/mini_amr/amrROS2_ws/build/python_pkg/build install --record /home/smr/workspaces/mini_amr/amrROS2_ws/build/python_pkg/install.log --single-version-externally-managed install_data
[3.153s] Level 1:colcon.colcon_core.environment:checking '/home/smr/workspaces/mini_amr/amrROS2_ws/install/python_pkg' for CMake config files
[3.155s] Level 1:colcon.colcon_core.environment:checking '/home/smr/workspaces/mini_amr/amrROS2_ws/install/python_pkg/lib'
[3.156s] Level 1:colcon.colcon_core.environment:checking '/home/smr/workspaces/mini_amr/amrROS2_ws/install/python_pkg/bin'
[3.156s] Level 1:colcon.colcon_core.environment:checking '/home/smr/workspaces/mini_amr/amrROS2_ws/install/python_pkg/lib/pkgconfig/python_pkg.pc'
[3.157s] Level 1:colcon.colcon_core.environment:checking '/home/smr/workspaces/mini_amr/amrROS2_ws/install/python_pkg/lib/python3.12/site-packages'
[3.158s] Level 1:colcon.colcon_core.shell:create_environment_hook('python_pkg', 'pythonpath')
[3.159s] INFO:colcon.colcon_core.shell:Creating environment descriptor '/home/smr/workspaces/mini_amr/amrROS2_ws/install/python_pkg/share/python_pkg/hook/pythonpath.dsv'
[3.161s] INFO:colcon.colcon_core.shell:Creating environment hook '/home/smr/workspaces/mini_amr/amrROS2_ws/install/python_pkg/share/python_pkg/hook/pythonpath.sh'
[3.164s] Level 1:colcon.colcon_core.environment:checking '/home/smr/workspaces/mini_amr/amrROS2_ws/install/python_pkg/bin'
[3.164s] Level 1:colcon.colcon_core.environment:create_environment_scripts_only(python_pkg)
[3.165s] INFO:colcon.colcon_core.shell:Creating package descriptor '/home/smr/workspaces/mini_amr/amrROS2_ws/install/python_pkg/share/python_pkg/package.dsv'
[3.167s] INFO:colcon.colcon_core.shell:Creating package script '/home/smr/workspaces/mini_amr/amrROS2_ws/install/python_pkg/share/python_pkg/package.sh'
[3.169s] INFO:colcon.colcon_core.shell:Creating package script '/home/smr/workspaces/mini_amr/amrROS2_ws/install/python_pkg/share/python_pkg/package.bash'
[3.170s] INFO:colcon.colcon_core.shell:Creating package script '/home/smr/workspaces/mini_amr/amrROS2_ws/install/python_pkg/share/python_pkg/package.zsh'
[3.171s] Level 1:colcon.colcon_core.environment:create_file_with_runtime_dependencies(/home/smr/workspaces/mini_amr/amrROS2_ws/install/python_pkg/share/colcon-core/packages/python_pkg)
[3.172s] DEBUG:colcon.colcon_parallel_executor.executor.parallel:closing loop
[3.173s] DEBUG:colcon.colcon_parallel_executor.executor.parallel:loop closed
[3.174s] DEBUG:colcon.colcon_parallel_executor.executor.parallel:run_until_complete finished with '0'
[3.174s] DEBUG:colcon.colcon_core.event_reactor:joining thread
[3.197s] INFO:colcon.colcon_core.plugin_system:Skipping extension 'colcon_notification.desktop_notification.terminal_notifier': Not used on non-Darwin systems
[3.198s] INFO:colcon.colcon_core.plugin_system:Skipping extension 'colcon_notification.desktop_notification.win32': Not used on non-Windows systems
[3.198s] INFO:colcon.colcon_notification.desktop_notification:Sending desktop notification using 'notify2'
[3.226s] DEBUG:colcon.colcon_core.event_reactor:joined thread
[3.228s] INFO:colcon.colcon_core.shell:Creating prefix script '/home/smr/workspaces/mini_amr/amrROS2_ws/install/local_setup.sh'
[3.231s] INFO:colcon.colcon_core.shell:Creating prefix util module '/home/smr/workspaces/mini_amr/amrROS2_ws/install/_local_setup_util_sh.py'
[3.237s] INFO:colcon.colcon_core.shell:Creating prefix chain script '/home/smr/workspaces/mini_amr/amrROS2_ws/install/setup.sh'
[3.244s] INFO:colcon.colcon_core.shell:Creating prefix script '/home/smr/workspaces/mini_amr/amrROS2_ws/install/local_setup.bash'
[3.246s] INFO:colcon.colcon_core.shell:Creating prefix chain script '/home/smr/workspaces/mini_amr/amrROS2_ws/install/setup.bash'
[3.253s] INFO:colcon.colcon_core.shell:Creating prefix script '/home/smr/workspaces/mini_amr/amrROS2_ws/install/local_setup.zsh'
[3.255s] INFO:colcon.colcon_core.shell:Creating prefix chain script '/home/smr/workspaces/mini_amr/amrROS2_ws/install/setup.zsh'
