[INFO] [launch]: All log files can be found below /home/smr/.ros/log/2026-04-02-13-26-10-679469-one-11207
[INFO] [launch]: Default logging verbosity is set to INFO
[INFO] [robot_state_publisher-1]: process started with pid [11229]
[INFO] [joint_state_publisher-2]: process started with pid [11230]
[INFO] [sllidar_node-3]: process started with pid [11231]
[INFO] [scan_to_scan_filter_chain-4]: process started with pid [11232]
[INFO] [ekf_node-5]: process started with pid [11233]
[INFO] [robot_hardware-6]: process started with pid [11234]
[INFO] [taskset-7]: process started with pid [11235]
[INFO] [map_server-8]: process started with pid [11236]
[INFO] [costmap_filter_info_server-9]: process started with pid [11250]
[INFO] [controller_server-10]: process started with pid [11253]
[INFO] [smoother_server-11]: process started with pid [11256]
[INFO] [planner_server-12]: process started with pid [11257]
[INFO] [behavior_server-13]: process started with pid [11260]
[INFO] [bt_navigator-14]: process started with pid [11267]
[INFO] [waypoint_follower-15]: process started with pid [11277]
[INFO] [velocity_smoother-16]: process started with pid [11280]
[INFO] [collision_monitor-17]: process started with pid [11294]
[INFO] [collision_detector-18]: process started with pid [11297]
[INFO] [lifecycle_manager-19]: process started with pid [11331]
[robot_hardware-6] Serial port opened at port /dev/teensy with baudrate 460800
[robot_hardware-6] Created receive data thread
[sllidar_node-3] [INFO] [1775111171.696321328] [sllidar_node]: SLLidar running on ROS2 package SLLidar.ROS2 SDK Version:1.0.1, SLLIDAR SDK Version:2.1.0
[sllidar_node-3] [INFO] [1775111171.717737260] [sllidar_node]: SLLidar S/N: 6E42ED93C5E19FD9B5E192F9EE904B72
[sllidar_node-3] [INFO] [1775111171.717792091] [sllidar_node]: Firmware Ver: 1.00
[sllidar_node-3] [INFO] [1775111171.717802882] [sllidar_node]: Hardware Rev: 18
[sllidar_node-3] [INFO] [1775111171.719698931] [sllidar_node]: SLLidar health status : 0
[sllidar_node-3] [INFO] [1775111171.719758720] [sllidar_node]: SLLidar health status : OK.
[taskset-7] [INFO] [1775111171.881148613] [slam_toolbox]: Node using stack size 40000000
[costmap_filter_info_server-9] [INFO] [1775111171.818881155] [costmap_filter_info_server]: This is costmap filter info publisher
[costmap_filter_info_server-9] [INFO] [1775111171.843579955] [keepout_costmap_filter_info_server]: 
[costmap_filter_info_server-9] 	keepout_costmap_filter_info_server lifecycle node launched. 
[costmap_filter_info_server-9] 	Waiting on external lifecycle transitions to activate
[costmap_filter_info_server-9] 	See https://design.ros2.org/articles/node_lifecycle.html for more information.
[controller_server-10] [INFO] [1775111171.884088495] [controller_server]: 
[controller_server-10] 	controller_server lifecycle node launched. 
[controller_server-10] 	Waiting on external lifecycle transitions to activate
[controller_server-10] 	See https://design.ros2.org/articles/node_lifecycle.html for more information.
[controller_server-10] [INFO] [1775111171.898279258] [controller_server]: Creating controller server
[robot_state_publisher-1] [INFO] [1775111171.908891998] [robot_state_publisher]: Robot initialized
[controller_server-10] [INFO] [1775111171.987198728] [local_costmap.local_costmap]: 
[controller_server-10] 	local_costmap lifecycle node launched. 
[controller_server-10] 	Waiting on external lifecycle transitions to activate
[controller_server-10] 	See https://design.ros2.org/articles/node_lifecycle.html for more information.
[controller_server-10] [INFO] [1775111171.998627519] [local_costmap.local_costmap]: Creating Costmap
[sllidar_node-3] [INFO] [1775111172.012659914] [sllidar_node]: current scan mode: Standard, sample rate: 11 Khz, max_distance: 30.0 m, scan frequency:10.0 Hz, 
[behavior_server-13] [INFO] [1775111172.069553920] [behavior_server]: 
[behavior_server-13] 	behavior_server lifecycle node launched. 
[behavior_server-13] 	Waiting on external lifecycle transitions to activate
[behavior_server-13] 	See https://design.ros2.org/articles/node_lifecycle.html for more information.
[map_server-8] [INFO] [1775111172.098459551] [keepout_filter_mask_server]: 
[map_server-8] 	keepout_filter_mask_server lifecycle node launched. 
[map_server-8] 	Waiting on external lifecycle transitions to activate
[map_server-8] 	See https://design.ros2.org/articles/node_lifecycle.html for more information.
[map_server-8] [INFO] [1775111172.104911833] [keepout_filter_mask_server]: Creating
[taskset-7] [INFO] [1775111172.120278841] [slam_toolbox]: Configuring
[planner_server-12] [INFO] [1775111172.151906195] [planner_server]: 
[planner_server-12] 	planner_server lifecycle node launched. 
[planner_server-12] 	Waiting on external lifecycle transitions to activate
[planner_server-12] 	See https://design.ros2.org/articles/node_lifecycle.html for more information.
[taskset-7] [INFO] [1775111172.185069405] [slam_toolbox]: Using solver plugin solver_plugins::CeresSolver
[collision_monitor-17] [INFO] [1775111172.202948729] [collision_monitor]: 
[collision_monitor-17] 	collision_monitor lifecycle node launched. 
[collision_monitor-17] 	Waiting on external lifecycle transitions to activate
[collision_monitor-17] 	See https://design.ros2.org/articles/node_lifecycle.html for more information.
[taskset-7] [INFO] [1775111172.232483459] [slam_toolbox]: CeresSolver: Using SCHUR_JACOBI preconditioner.
[planner_server-12] [INFO] [1775111172.235296471] [planner_server]: Creating
[collision_detector-18] [INFO] [1775111172.277625229] [collision_detector]: 
[collision_detector-18] 	collision_detector lifecycle node launched. 
[collision_detector-18] 	Waiting on external lifecycle transitions to activate
[collision_detector-18] 	See https://design.ros2.org/articles/node_lifecycle.html for more information.
[lifecycle_manager-19] [INFO] [1775111172.310026636] [lifecycle_manager_navigation]: Creating
[waypoint_follower-15] [INFO] [1775111172.311313418] [waypoint_follower]: 
[waypoint_follower-15] 	waypoint_follower lifecycle node launched. 
[waypoint_follower-15] 	Waiting on external lifecycle transitions to activate
[waypoint_follower-15] 	See https://design.ros2.org/articles/node_lifecycle.html for more information.
[smoother_server-11] [INFO] [1775111172.311405289] [smoother_server]: 
[smoother_server-11] 	smoother_server lifecycle node launched. 
[smoother_server-11] 	Waiting on external lifecycle transitions to activate
[smoother_server-11] 	See https://design.ros2.org/articles/node_lifecycle.html for more information.
[smoother_server-11] [INFO] [1775111172.315433627] [smoother_server]: Creating smoother server
[waypoint_follower-15] [INFO] [1775111172.345674162] [waypoint_follower]: Creating
[bt_navigator-14] [INFO] [1775111172.357907046] [bt_navigator]: 
[bt_navigator-14] 	bt_navigator lifecycle node launched. 
[bt_navigator-14] 	Waiting on external lifecycle transitions to activate
[bt_navigator-14] 	See https://design.ros2.org/articles/node_lifecycle.html for more information.
[planner_server-12] [INFO] [1775111172.364846392] [global_costmap.global_costmap]: 
[planner_server-12] 	global_costmap lifecycle node launched. 
[planner_server-12] 	Waiting on external lifecycle transitions to activate
[planner_server-12] 	See https://design.ros2.org/articles/node_lifecycle.html for more information.
[planner_server-12] [INFO] [1775111172.391011341] [global_costmap.global_costmap]: Creating Costmap
[bt_navigator-14] [INFO] [1775111172.456130892] [bt_navigator]: Creating
[lifecycle_manager-19] [INFO] [1775111172.465803920] [lifecycle_manager_navigation]: [34m[1mCreating and initializing lifecycle service clients[0m[0m
[velocity_smoother-16] [INFO] [1775111172.619925480] [velocity_smoother]: 
[velocity_smoother-16] 	velocity_smoother lifecycle node launched. 
[velocity_smoother-16] 	Waiting on external lifecycle transitions to activate
[velocity_smoother-16] 	See https://design.ros2.org/articles/node_lifecycle.html for more information.
[scan_to_scan_filter_chain-4] [WARN] [1775111172.766306225] [scan_to_scan_filter_chain]: diagnostic_updater: No HW_ID was set. This is probably a bug. Please report it. For devices that do not have a HW_ID, set this value to 'none'. This warning only occurs once all diagnostics are OK. It is okay to wait until the device is open before calling setHardwareID.
[lifecycle_manager-19] [INFO] [1775111172.773242655] [lifecycle_manager_navigation]: [34m[1mStarting managed nodes bringup...[0m[0m
[lifecycle_manager-19] [INFO] [1775111172.773402482] [lifecycle_manager_navigation]: [34m[1mConfiguring controller_server[0m[0m
[controller_server-10] [INFO] [1775111172.774468481] [controller_server]: Configuring controller interface
[controller_server-10] [INFO] [1775111172.774576976] [controller_server]: getting progress checker plugins..
[controller_server-10] [INFO] [1775111172.775534771] [controller_server]: getting goal checker plugins..
[controller_server-10] [INFO] [1775111172.777279159] [controller_server]: Controller frequency set to 10.0000Hz
[controller_server-10] [INFO] [1775111172.777463777] [local_costmap.local_costmap]: Configuring
[taskset-7] Load From File /home/smr/workspaces/mini_amr/amrROS2_ws/maps/latest_map.posegraph 
[taskset-7] Mapper <- Module
[taskset-7] Mapper <- m_pSequentialScanMatcher
[taskset-7] Mapper <- m_pGraph
[taskset-7] MapperGraph <- Graph; Graph <- m_Edges; Graph <- m_Vertices
[taskset-7] MapperGraph <- m_pMapper; MapperGraph <- m_pLoopScanMatcher; MapperGraph <- m_pTraversal
[taskset-7] Mapper <- m_pMapperSensorManager
[taskset-7] MapperSensorManager <- m_ScanManagers; MapperSensorManager <- m_Scans
[taskset-7] Mapper <- m_Listeners
[taskset-7] **Finished serializing Mapper**
[taskset-7] Load From File
[taskset-7] **Serializing Dataset**
[taskset-7] Dataset <- m_SensorNameLookup
[taskset-7] Dataset <- m_Data
[taskset-7] Dataset <- m_Lasers
[taskset-7] Dataset <- m_pDatasetInfo
[taskset-7] **Finished serializing Dataset**
[taskset-7] Registering sensor: [Custom Described Lidar]
[INFO] [launch.user]: [LifecycleLaunch] Slamtoolbox node is activating.
[taskset-7] WARNING: Logging before InitGoogleLogging() is written to STDERR
[taskset-7] W20260402 13:26:12.806813 11235 preprocessor.cc:67] Specified options.num_threads: 50 exceeds maximum available from the threading model Ceres was compiled with: 8.  Bounding to maximum number available.
[controller_server-10] [INFO] [1775111172.815377462] [local_costmap.local_costmap]: Using plugin "obstacle_layer"
[taskset-7] [INFO] [1775111172.824784501] [slam_toolbox]: Activating
[controller_server-10] [INFO] [1775111172.853092239] [local_costmap.local_costmap]: Subscribed to Topics: scan
[controller_server-10] [INFO] [1775111172.894128383] [local_costmap.local_costmap]: Initialized plugin "obstacle_layer"
[controller_server-10] [INFO] [1775111172.894193713] [local_costmap.local_costmap]: Using plugin "denoise_layer"
[controller_server-10] [INFO] [1775111172.895345167] [local_costmap.local_costmap]: Initialized plugin "denoise_layer"
[controller_server-10] [INFO] [1775111172.895392415] [local_costmap.local_costmap]: Using plugin "inflation_layer"
[controller_server-10] [INFO] [1775111172.897263382] [local_costmap.local_costmap]: Initialized plugin "inflation_layer"
[controller_server-10] [INFO] [1775111172.897318796] [local_costmap.local_costmap]: Using costmap filter "keepout_filter"
[controller_server-10] [INFO] [1775111172.909826127] [local_costmap.local_costmap]: Initialized costmap filter "keepout_filter"
[controller_server-10] [INFO] [1775111172.909886500] [local_costmap.local_costmap]: Using costmap filter "inflation_layer2"
[controller_server-10] [INFO] [1775111172.918436073] [local_costmap.local_costmap]: Initialized costmap filter "inflation_layer2"
[controller_server-10] [INFO] [1775111172.969501063] [controller_server]: Created progress_checker : progress_checker of type nav2_controller::SimpleProgressChecker
[controller_server-10] [INFO] [1775111172.971586980] [controller_server]: Controller Server has progress_checker  progress checkers available.
[controller_server-10] [INFO] [1775111172.972447653] [controller_server]: Created goal checker : goal_checker of type nav2_controller::SimpleGoalChecker
[controller_server-10] [INFO] [1775111172.974974844] [controller_server]: Controller Server has goal_checker  goal checkers available.
[controller_server-10] [INFO] [1775111172.977252669] [controller_server]: Created controller : FollowPath of type nav2_mppi_controller::MPPIController
[controller_server-10] [INFO] [1775111172.991537345] [controller_server]: Controller period is equal to model dt. Control sequence shifting is ON
[controller_server-10] [INFO] [1775111172.996369776] [controller_server]: ConstraintCritic instantiated with 1 power and 4.000000 weight.
[controller_server-10] [INFO] [1775111172.996438898] [controller_server]: Critic loaded : mppi::critics::ConstraintCritic
[controller_server-10] [INFO] [1775111173.003079006] [controller_server]: InflationCostCritic instantiated with 1 power and 300.000000 / 0.015000 weights. Critic will collision check based on footprint cost.
[controller_server-10] [INFO] [1775111173.003139962] [controller_server]: Critic loaded : mppi::critics::CostCritic
[controller_server-10] [INFO] [1775111173.006914561] [controller_server]: GoalCritic instantiated with 1 power and 5.000000 weight.
[controller_server-10] [INFO] [1775111173.006967350] [controller_server]: Critic loaded : mppi::critics::GoalCritic
[controller_server-10] [INFO] [1775111173.010413837] [controller_server]: GoalAngleCritic instantiated with 1 power, 3.000000 weight, and 0.500000 angular threshold.
[controller_server-10] [INFO] [1775111173.010468085] [controller_server]: Critic loaded : mppi::critics::GoalAngleCritic
[controller_server-10] [INFO] [1775111173.016605380] [controller_server]: ReferenceTrajectoryCritic instantiated with 1 power and 2.000000 weight
[controller_server-10] [INFO] [1775111173.016660794] [controller_server]: Critic loaded : mppi::critics::PathAlignCritic
[controller_server-10] [INFO] [1775111173.019903122] [controller_server]: Critic loaded : mppi::critics::PathFollowCritic
[controller_server-10] [INFO] [1775111173.023655846] [controller_server]: PathAngleCritic instantiated with 1 power and 1.500000 weight. Mode set to: Forward Preference
[controller_server-10] [INFO] [1775111173.023718552] [controller_server]: Critic loaded : mppi::critics::PathAngleCritic
[controller_server-10] [INFO] [1775111173.026002211] [controller_server]: PreferForwardCritic instantiated with 1 power and 10.000000 weight.
[controller_server-10] [INFO] [1775111173.026058792] [controller_server]: Critic loaded : mppi::critics::PreferForwardCritic
[controller_server-10] [INFO] [1775111173.027780722] [controller_server]: Optimizer reset
[controller_server-10] [INFO] [1775111173.040402090] [MPPIController]: Configured MPPI Controller: FollowPath
[controller_server-10] [INFO] [1775111173.040444380] [controller_server]: Controller Server has FollowPath  controllers available.
[lifecycle_manager-19] [INFO] [1775111173.070774745] [lifecycle_manager_navigation]: [34m[1mConfiguring smoother_server[0m[0m
[smoother_server-11] [INFO] [1775111173.071698708] [smoother_server]: Configuring smoother server
[smoother_server-11] [INFO] [1775111173.120877566] [smoother_server]: Created smoother : simple_smoother of type nav2_smoother::SimpleSmoother
[smoother_server-11] [INFO] [1775111173.125347178] [smoother_server]: Smoother Server has simple_smoother  smoothers available.
[lifecycle_manager-19] [INFO] [1775111173.139021129] [lifecycle_manager_navigation]: [34m[1mConfiguring planner_server[0m[0m
[planner_server-12] [INFO] [1775111173.139681144] [planner_server]: Configuring
[planner_server-12] [INFO] [1775111173.139731309] [global_costmap.global_costmap]: Configuring
[planner_server-12] [INFO] [1775111173.159693341] [global_costmap.global_costmap]: Using plugin "static_layer"
[planner_server-12] [INFO] [1775111173.187821127] [global_costmap.global_costmap]: Subscribing to the map topic (/map) with transient local durability
[planner_server-12] [INFO] [1775111173.190455063] [global_costmap.global_costmap]: Initialized plugin "static_layer"
[planner_server-12] [INFO] [1775111173.190522727] [global_costmap.global_costmap]: Using plugin "obstacle_layer"
[planner_server-12] [INFO] [1775111173.196460239] [global_costmap.global_costmap]: Subscribed to Topics: scan
[planner_server-12] [INFO] [1775111173.212610048] [global_costmap.global_costmap]: Initialized plugin "obstacle_layer"
[planner_server-12] [INFO] [1775111173.212673046] [global_costmap.global_costmap]: Using plugin "inflation_layer"
[planner_server-12] [INFO] [1775111173.219221574] [global_costmap.global_costmap]: Initialized plugin "inflation_layer"
[planner_server-12] [INFO] [1775111173.219280489] [global_costmap.global_costmap]: Using costmap filter "keepout_filter"
[planner_server-12] [INFO] [1775111173.227172380] [global_costmap.global_costmap]: Initialized costmap filter "keepout_filter"
[planner_server-12] [INFO] [1775111173.227233628] [global_costmap.global_costmap]: Using costmap filter "inflation_layer2"
[planner_server-12] [INFO] [1775111173.236339095] [global_costmap.global_costmap]: Initialized costmap filter "inflation_layer2"
[joint_state_publisher-2] [INFO] [1775111173.295067028] [joint_state_publisher]: Waiting for robot_description to be published on the robot_description topic...
[planner_server-12] [INFO] [1775111173.300389148] [global_costmap.global_costmap]: StaticLayer: Resizing costmap to 276 X 287 at 0.050000 m/pix
[planner_server-12] [INFO] [1775111173.302079288] [planner_server]: Created global planner plugin GridBased of type nav2_smac_planner::SmacPlanner2D
[planner_server-12] [INFO] [1775111173.302141119] [planner_server]: Configuring GridBased of type SmacPlanner2D
[planner_server-12] [ERROR] [1775111173.313461706] [planner_server]: Inflation layer either not found or inflation is not set sufficiently for optimized non-circular collision checking capabilities. It is HIGHLY recommended to set the inflation radius to be at MINIMUM half of the robot's largest cross-section. See github.com/ros-planning/navigation2/tree/main/nav2_smac_planner#potential-fields for full instructions. This will substantially impact run-time performance.
[planner_server-12] [INFO] [1775111173.316644536] [planner_server]: Configured plugin GridBased of type SmacPlanner2D with tolerance 0.12, maximum iterations 1000000, max on approach iterations 1000, and not allowing unknown traversal.
[planner_server-12] [INFO] [1775111173.317561208] [planner_server]: Planner Server has GridBased  planners available.
[lifecycle_manager-19] [INFO] [1775111173.346822074] [lifecycle_manager_navigation]: [34m[1mConfiguring behavior_server[0m[0m
[behavior_server-13] [INFO] [1775111173.347625000] [behavior_server]: Configuring
[behavior_server-13] [INFO] [1775111173.368374500] [behavior_server]: Creating behavior plugin wait of type nav2_behaviors::Wait
[behavior_server-13] [INFO] [1775111173.381139946] [behavior_server]: Configuring wait
[lifecycle_manager-19] [INFO] [1775111173.397617575] [lifecycle_manager_navigation]: [34m[1mConfiguring velocity_smoother[0m[0m
[velocity_smoother-16] [INFO] [1775111173.398060599] [velocity_smoother]: Configuring velocity smoother
[lifecycle_manager-19] [INFO] [1775111173.408017116] [lifecycle_manager_navigation]: [34m[1mConfiguring collision_monitor[0m[0m
[collision_monitor-17] [INFO] [1775111173.408623758] [collision_monitor]: Configuring
[collision_monitor-17] [INFO] [1775111173.426058891] [collision_monitor]: [scan]: Creating Scan
[collision_monitor-17] [INFO] [1775111173.432734582] [collision_monitor]: [PolygonStop]: Creating Polygon
[collision_monitor-17] [INFO] [1775111173.437217318] [collision_monitor]: [PolygonSlow]: Creating Polygon
[collision_monitor-17] [INFO] [1775111173.441950586] [collision_monitor]: [FootprintApproach]: Creating Polygon
[collision_monitor-17] [INFO] [1775111173.442539729] [collision_monitor]: [FootprintApproach]: Polygon points are not defined. Using dynamic subscription instead.
[collision_monitor-17] [INFO] [1775111173.448131047] [collision_monitor]: [FootprintApproach]: Making footprint subscriber on /local_costmap/published_footprint topic
[lifecycle_manager-19] [INFO] [1775111173.466971665] [lifecycle_manager_navigation]: [34m[1mConfiguring collision_detector[0m[0m
[collision_detector-18] [INFO] [1775111173.467430730] [collision_detector]: Configuring
[collision_detector-18] [INFO] [1775111173.522264485] [collision_monitor]: [scan]: Creating Scan
[collision_detector-18] [INFO] [1775111173.528231746] [collision_monitor]: [PolygonStop]: Creating Polygon
[collision_detector-18] [INFO] [1775111173.532603945] [collision_monitor]: [PolygonSlow]: Creating Polygon
[lifecycle_manager-19] [INFO] [1775111173.539910485] [lifecycle_manager_navigation]: [34m[1mConfiguring bt_navigator[0m[0m
[bt_navigator-14] [INFO] [1775111173.540586541] [bt_navigator]: Configuring
[bt_navigator-14] [INFO] [1775111173.564478915] [bt_navigator]: Creating navigator id navigate_to_pose of type nav2_bt_navigator::NavigateToPoseNavigator
[bt_navigator-14] [INFO] [1775111173.717901961] [bt_navigator]: Creating navigator id navigate_through_poses of type nav2_bt_navigator::NavigateThroughPosesNavigator
[lifecycle_manager-19] [INFO] [1775111173.768470263] [lifecycle_manager_navigation]: [34m[1mConfiguring waypoint_follower[0m[0m
[waypoint_follower-15] [INFO] [1775111173.768866330] [waypoint_follower]: Configuring
[waypoint_follower-15] [INFO] [1775111173.825573969] [waypoint_follower]: Created waypoint_task_executor : wait_at_waypoint of type nav2_waypoint_follower::WaitAtWaypoint
[lifecycle_manager-19] [INFO] [1775111173.828721218] [lifecycle_manager_navigation]: [34m[1mConfiguring keepout_filter_mask_server[0m[0m
[map_server-8] [INFO] [1775111173.829144409] [keepout_filter_mask_server]: Configuring
[map_server-8] [INFO] [1775111173.829227531] [map_io]: Loading yaml file: /home/smr/workspaces/mini_amr/amrROS2_ws/maps/latest_map_keepout.yaml
[map_server-8] [INFO] [1775111173.829532602] [map_io]: resolution: 0.05
[map_server-8] [INFO] [1775111173.829545143] [map_io]: origin[0]: -7.999
[map_server-8] [INFO] [1775111173.829550101] [map_io]: origin[1]: -4.602
[map_server-8] [INFO] [1775111173.829554184] [map_io]: origin[2]: 0
[map_server-8] [INFO] [1775111173.829558851] [map_io]: free_thresh: 0.196
[map_server-8] [INFO] [1775111173.829562934] [map_io]: occupied_thresh: 0.65
[map_server-8] [INFO] [1775111173.829569350] [map_io]: mode: trinary
[map_server-8] [INFO] [1775111173.829574600] [map_io]: negate: 0
[map_server-8] [INFO] [1775111173.829811715] [map_io]: Loading image_file: /home/smr/workspaces/mini_amr/amrROS2_ws/maps/map_000.pgm
[map_server-8] [INFO] [1775111173.831683557] [map_io]: Read map /home/smr/workspaces/mini_amr/amrROS2_ws/maps/map_000.pgm: 276 X 287 map @ 0.05 m/cell
[lifecycle_manager-19] [INFO] [1775111173.844592205] [lifecycle_manager_navigation]: [34m[1mConfiguring keepout_costmap_filter_info_server[0m[0m
[costmap_filter_info_server-9] [INFO] [1775111173.845105518] [keepout_costmap_filter_info_server]: Configuring
[lifecycle_manager-19] [INFO] [1775111173.877894242] [lifecycle_manager_navigation]: [34m[1mActivating controller_server[0m[0m
[controller_server-10] [INFO] [1775111173.878639129] [controller_server]: Activating
[controller_server-10] [INFO] [1775111173.878696002] [local_costmap.local_costmap]: Activating
[controller_server-10] [INFO] [1775111173.878712335] [local_costmap.local_costmap]: Checking transform
[controller_server-10] [INFO] [1775111173.878892869] [local_costmap.local_costmap]: start
[controller_server-10] [INFO] [1775111173.879681796] [local_costmap.local_costmap]: KeepoutFilter: Subscribing to "/keepout_costmap_filter_info" topic for filter info...
[controller_server-10] [WARN] [1775111173.980279130] [local_costmap.local_costmap]: KeepoutFilter: Filter mask was not received
[controller_server-10] [WARN] [1775111173.986233266] [controller_server]: Parameter controller_server.verbose not found
[controller_server-10] [INFO] [1775111173.987773204] [controller_server]: Optimizer reset
[controller_server-10] [INFO] [1775111173.989604214] [MPPIController]: Activated MPPI Controller: FollowPath
[controller_server-10] [INFO] [1775111173.989715626] [controller_server]: Creating bond (controller_server) to lifecycle manager.
[taskset-7] Registering sensor: [Custom Described Lidar]
[lifecycle_manager-19] [INFO] [1775111174.098750246] [lifecycle_manager_navigation]: Server controller_server connected with bond.
[lifecycle_manager-19] [INFO] [1775111174.098804786] [lifecycle_manager_navigation]: [34m[1mActivating smoother_server[0m[0m
[smoother_server-11] [INFO] [1775111174.099195020] [smoother_server]: Activating
[smoother_server-11] [INFO] [1775111174.099241393] [smoother_server]: Creating bond (smoother_server) to lifecycle manager.
[lifecycle_manager-19] [INFO] [1775111174.203503664] [lifecycle_manager_navigation]: Server smoother_server connected with bond.
[lifecycle_manager-19] [INFO] [1775111174.203573661] [lifecycle_manager_navigation]: [34m[1mActivating planner_server[0m[0m
[planner_server-12] [INFO] [1775111174.204364629] [planner_server]: Activating
[planner_server-12] [INFO] [1775111174.204433751] [global_costmap.global_costmap]: Activating
[planner_server-12] [INFO] [1775111174.204450084] [global_costmap.global_costmap]: Checking transform
[planner_server-12] [INFO] [1775111174.204548955] [global_costmap.global_costmap]: Timed out waiting for transform from center_footprint to map to become available, tf error: Lookup would require extrapolation into the past.  Requested time 1775111174.188289 but the earliest data is at time 1775111174.215249, when looking up transform from frame [center_footprint] to frame [map]
[planner_server-12] [INFO] [1775111174.704890024] [global_costmap.global_costmap]: start
[planner_server-12] [INFO] [1775111174.707683496] [global_costmap.global_costmap]: KeepoutFilter: Subscribing to "/keepout_costmap_filter_info" topic for filter info...
[planner_server-12] [WARN] [1775111175.220852716] [global_costmap.global_costmap]: KeepoutFilter: Filter mask was not received
[planner_server-12] [INFO] [1775111175.262559083] [planner_server]: Activating plugin GridBased of type SmacPlanner2D
[planner_server-12] [INFO] [1775111175.263857822] [planner_server]: Creating bond (planner_server) to lifecycle manager.
[lifecycle_manager-19] [INFO] [1775111175.373895152] [lifecycle_manager_navigation]: Server planner_server connected with bond.
[lifecycle_manager-19] [INFO] [1775111175.373952900] [lifecycle_manager_navigation]: [34m[1mActivating behavior_server[0m[0m
[behavior_server-13] [INFO] [1775111175.374352759] [behavior_server]: Activating
[behavior_server-13] [INFO] [1775111175.374428881] [behavior_server]: Activating wait
[behavior_server-13] [INFO] [1775111175.374485754] [behavior_server]: Creating bond (behavior_server) to lifecycle manager.
[lifecycle_manager-19] [INFO] [1775111175.485498378] [lifecycle_manager_navigation]: Server behavior_server connected with bond.
[lifecycle_manager-19] [INFO] [1775111175.485613290] [lifecycle_manager_navigation]: [34m[1mActivating velocity_smoother[0m[0m
[velocity_smoother-16] [INFO] [1775111175.486383259] [velocity_smoother]: Activating
[velocity_smoother-16] [INFO] [1775111175.486552711] [velocity_smoother]: Creating bond (velocity_smoother) to lifecycle manager.
[lifecycle_manager-19] [INFO] [1775111175.596151392] [lifecycle_manager_navigation]: Server velocity_smoother connected with bond.
[lifecycle_manager-19] [INFO] [1775111175.596351759] [lifecycle_manager_navigation]: [34m[1mActivating collision_monitor[0m[0m
[collision_monitor-17] [INFO] [1775111175.597246848] [collision_monitor]: Activating
[collision_monitor-17] [INFO] [1775111175.597300804] [collision_monitor]: Creating bond (collision_monitor) to lifecycle manager.
[lifecycle_manager-19] [INFO] [1775111175.709595543] [lifecycle_manager_navigation]: Server collision_monitor connected with bond.
[lifecycle_manager-19] [INFO] [1775111175.709657957] [lifecycle_manager_navigation]: [34m[1mActivating collision_detector[0m[0m
[collision_detector-18] [INFO] [1775111175.710093690] [collision_detector]: Activating
[collision_detector-18] [INFO] [1775111175.710184395] [collision_detector]: Creating bond (collision_detector) to lifecycle manager.
[lifecycle_manager-19] [INFO] [1775111175.840676945] [lifecycle_manager_navigation]: Server collision_detector connected with bond.
[lifecycle_manager-19] [INFO] [1775111175.840733526] [lifecycle_manager_navigation]: [34m[1mActivating bt_navigator[0m[0m
[bt_navigator-14] [INFO] [1775111175.841234589] [bt_navigator]: Activating
[controller_server-10] [WARN] [1775111175.982192886] [local_costmap.local_costmap]: KeepoutFilter: Filter mask was not received
[bt_navigator-14] [INFO] [1775111175.998321696] [bt_navigator]: Creating bond (bt_navigator) to lifecycle manager.
[lifecycle_manager-19] [INFO] [1775111176.105433144] [lifecycle_manager_navigation]: Server bt_navigator connected with bond.
[lifecycle_manager-19] [INFO] [1775111176.105502266] [lifecycle_manager_navigation]: [34m[1mActivating waypoint_follower[0m[0m
[waypoint_follower-15] [INFO] [1775111176.105966581] [waypoint_follower]: Activating
[waypoint_follower-15] [INFO] [1775111176.106019078] [waypoint_follower]: Creating bond (waypoint_follower) to lifecycle manager.
[lifecycle_manager-19] [INFO] [1775111176.216822586] [lifecycle_manager_navigation]: Server waypoint_follower connected with bond.
[lifecycle_manager-19] [INFO] [1775111176.216917666] [lifecycle_manager_navigation]: [34m[1mActivating keepout_filter_mask_server[0m[0m
[map_server-8] [INFO] [1775111176.217805755] [keepout_filter_mask_server]: Activating
[map_server-8] [INFO] [1775111176.217995914] [keepout_filter_mask_server]: Creating bond (keepout_filter_mask_server) to lifecycle manager.
[lifecycle_manager-19] [INFO] [1775111176.332186702] [lifecycle_manager_navigation]: Server keepout_filter_mask_server connected with bond.
[lifecycle_manager-19] [INFO] [1775111176.332244450] [lifecycle_manager_navigation]: [34m[1mActivating keepout_costmap_filter_info_server[0m[0m
[costmap_filter_info_server-9] [INFO] [1775111176.332787220] [keepout_costmap_filter_info_server]: Activating
[costmap_filter_info_server-9] [INFO] [1775111176.332929256] [keepout_costmap_filter_info_server]: Creating bond (keepout_costmap_filter_info_server) to lifecycle manager.
[planner_server-12] [INFO] [1775111176.333048834] [global_costmap.global_costmap]: KeepoutFilter: Received filter info from /keepout_costmap_filter_info topic.
[planner_server-12] [INFO] [1775111176.333088499] [global_costmap.global_costmap]: KeepoutFilter: Subscribing to "/keepout_filter_mask" topic for filter mask...
[controller_server-10] [INFO] [1775111176.333059042] [local_costmap.local_costmap]: KeepoutFilter: Received filter info from /keepout_costmap_filter_info topic.
[controller_server-10] [INFO] [1775111176.333156163] [local_costmap.local_costmap]: KeepoutFilter: Subscribing to "/keepout_filter_mask" topic for filter mask...
[planner_server-12] [INFO] [1775111176.339527949] [global_costmap.global_costmap]: KeepoutFilter: Received filter mask from /keepout_filter_mask topic.
[controller_server-10] [INFO] [1775111176.340371707] [local_costmap.local_costmap]: KeepoutFilter: Received filter mask from /keepout_filter_mask topic.
[lifecycle_manager-19] [INFO] [1775111176.445945550] [lifecycle_manager_navigation]: Server keepout_costmap_filter_info_server connected with bond.
[lifecycle_manager-19] [INFO] [1775111176.446000381] [lifecycle_manager_navigation]: [34m[1mManaged nodes are active[0m[0m
[lifecycle_manager-19] [INFO] [1775111176.446015255] [lifecycle_manager_navigation]: [34m[1mCreating bond timer...[0m[0m
[INFO] [delivery_robot_main_controller-20]: process started with pid [11535]
[INFO] [robot_sound-21]: process started with pid [11536]
[INFO] [call_robot_button-22]: process started with pid [11537]
[INFO] [rpc_run_node-23]: process started with pid [11538]
[INFO] [dock_coordinates-24]: process started with pid [11539]
[INFO] [autodock_action_server-25]: process started with pid [11540]
[INFO] [battery_manager_node-26]: process started with pid [11541]
[dock_coordinates-24] [INFO] [1775111176.976515196] [dock_coordinates]: begin dock_coordinates
[dock_coordinates-24] [INFO] [1775111176.976750562] [dock coordinates]: max_alignment_error: 0.010000
[dock_coordinates-24] [INFO] [1775111176.976764561] [dock coordinates]: minimum_point_cloud: 5
[dock_coordinates-24] [INFO] [1775111176.976768936] [dock coordinates]: point_cloud_split_dist: 0.050000
[dock_coordinates-24] [INFO] [1775111176.976773311] [dock coordinates]: max_dock_width: 0.380000
[dock_coordinates-24] [INFO] [1775111176.976777394] [dock coordinates]: min_dock_width: 0.310000
[dock_coordinates-24] [INFO] [1775111176.976781477] [dock coordinates]: range_limit: 1.200000
[rpc_run_node-23] [0m[INFO] [1775111178.497017164] [rpc_run_node]: RPC run node started; RPC bridge configured.[0m
[rpc_run_node-23] 2026-04-02 13:26:18,498 [INFO] RPCServer listening on localhost:6000
[robot_sound-21] [0m[INFO] [1775111179.055886966] [robot_sound_node]: Sound volume set to 50% (API).[0m
[robot_sound-21] [0m[INFO] [1775111179.069108851] [robot_sound_node]: ✅ robot_sound_node started using .wav files[0m
[battery_manager_node-26] [INFO] [1775111179.244077323] [battery_manager]: SOC limits from API: target=1.00, resume=0.95
[autodock_action_server-25] [INFO] [1775111179.483477332] [autodock_action_server]: auto_dock_init_start
[autodock_action_server-25] [INFO] [1775111179.578901583] [autodock_action_server]: auto_dock_init_complete
[battery_manager_node-26] [INFO] [1775111179.646654778] [battery_manager]: State change: IDLE_ON_DOCK -> UNKNOWN
[delivery_robot_main_controller-20] [0m[INFO] [1775111179.949337495] [main_controller_node]: Delivery Robot Main Controller Node started.[0m
[delivery_robot_main_controller-20] [0m[INFO] [1775111179.958260970] [main_controller_node]: Initial state: STANDBY[0m
[delivery_robot_main_controller-20] [0m[INFO] [1775111179.964849747] [main_controller_node]: setting_batteryLowToCharge: 20[0m
[delivery_robot_main_controller-20] [33m[WARN] [1775111179.986978775] [rcl.logging_rosout]: Publisher already registered for node name: 'main_controller_node'. If this is due to multiple nodes with the same name then all logs for the logger named 'main_controller_node' will go out over the existing publisher. As soon as any node with that name is destructed it will unregister the publisher, preventing any further logs for that name from being published on the rosout topic.[0m
[delivery_robot_main_controller-20] [33m[WARN] [1775111180.023854169] [main_controller_node]: slam_toolbox_msgs not available; initial pose service calls will be skipped.[0m
[ekf_node-5] [ERROR] [1775111180.110123953] [ekf_filter_node]: Failed to meet update rate! Took 0.082491977999999993587seconds. Try decreasing the rate, limiting sensor output frequency, or limiting the number of sensors.
[delivery_robot_main_controller-20] [0m[INFO] [1775111181.249494146] [main_controller_node]: Waiting for Nav2 system...[0m
[delivery_robot_main_controller-20] [0m[INFO] [1775111183.267513963] [main_controller_node]: Waiting for localization pose to be received from slam_toolbox/pose[0m
[delivery_robot_main_controller-20] [0m[INFO] [1775111183.270979991] [main_controller_node]: Acquired localization pose from TF map->base_link[0m
[INFO] [bash-27]: process started with pid [11698]
[delivery_robot_main_controller-20] [0m[INFO] [1775111185.277287237] [main_controller_node]: Nav2 is ready for use![0m
[delivery_robot_main_controller-20] [0m[INFO] [1775111185.338780642] [main_controller_node]: No pending queue found or unexpected format.[0m
[delivery_robot_main_controller-20] [0m[INFO] [1775111185.339303287] [main_controller_node]: Robot is in STANDBY mode.[0m
[delivery_robot_main_controller-20] [33m[WARN] [1775111185.385418018] [main_controller_node]: Robot status id missing; refreshing before battery status.[0m
[delivery_robot_main_controller-20] [0m[INFO] [1775111186.297561880] [main_controller_node]: Current state: STANDBY, dock_state IDLE, charge_state NOT_CHARGE[0m
[delivery_robot_main_controller-20] [0m[INFO] [1775111187.289121635] [main_controller_node]: Current state: STANDBY, dock_state IDLE, charge_state NOT_CHARGE[0m
[delivery_robot_main_controller-20] [0m[INFO] [1775111187.410862204] [main_controller_node]: No pending queue found or unexpected format.[0m
[delivery_robot_main_controller-20] [0m[INFO] [1775111188.286594403] [main_controller_node]: Current state: STANDBY, dock_state IDLE, charge_state NOT_CHARGE[0m
[delivery_robot_main_controller-20] [0m[INFO] [1775111189.288711776] [main_controller_node]: Current state: STANDBY, dock_state IDLE, charge_state NOT_CHARGE[0m
[delivery_robot_main_controller-20] [0m[INFO] [1775111189.389053037] [main_controller_node]: No pending queue found or unexpected format.[0m
[controller_server-10] [WARN] [1775111189.979565068] [local_costmap.local_costmap]: Sensor origin at (0.00, 0.00) is out of map bounds (109.35, -1.95) to (113.33, 2.02). The costmap cannot raytrace for it.
[controller_server-10] [WARN] [1775111190.079194691] [local_costmap.local_costmap]: Sensor origin at (111.35, 0.03) is out of map bounds (102.45, -1.95) to (106.42, 2.02). The costmap cannot raytrace for it.
[controller_server-10] [WARN] [1775111190.179182175] [local_costmap.local_costmap]: Sensor origin at (108.43, 0.03) is out of map bounds (98.30, -1.95) to (102.27, 2.02). The costmap cannot raytrace for it.
[planner_server-12] [WARN] [1775111190.205163673] [nav2_costmap_2d]: Robot is out of bounds of the costmap!
[planner_server-12] [WARN] [1775111190.205221712] [global_costmap.global_costmap]: Sensor origin at (107.86, 12.59) is out of map bounds (-8.00, -4.60) to (5.78, 9.72). The costmap cannot raytrace for it.
[controller_server-10] [WARN] [1775111190.279244322] [local_costmap.local_costmap]: Sensor origin at (102.93, 0.03) is out of map bounds (94.05, -1.95) to (98.02, 2.02). The costmap cannot raytrace for it.
[controller_server-10] [WARN] [1775111190.379206724] [local_costmap.local_costmap]: Sensor origin at (98.44, 0.03) is out of map bounds (92.75, -1.95) to (96.72, 2.02). The costmap cannot raytrace for it.
[delivery_robot_main_controller-20] [0m[INFO] [1775111190.385145985] [main_controller_node]: Current state: STANDBY, dock_state IDLE, charge_state NOT_CHARGE[0m
[controller_server-10] [WARN] [1775111190.479251664] [local_costmap.local_costmap]: Sensor origin at (94.74, 0.03) is out of map bounds (90.10, -1.95) to (94.07, 2.02). The costmap cannot raytrace for it.
[controller_server-10] [WARN] [1775111190.579179941] [local_costmap.local_costmap]: Sensor origin at (92.06, 0.03) is out of map bounds (86.15, -1.95) to (90.12, 2.02). The costmap cannot raytrace for it.
[controller_server-10] [WARN] [1775111190.679166550] [local_costmap.local_costmap]: Sensor origin at (89.41, 0.03) is out of map bounds (84.10, -1.95) to (88.07, 2.02). The costmap cannot raytrace for it.
[planner_server-12] [WARN] [1775111190.705811563] [nav2_costmap_2d]: Robot is out of bounds of the costmap!
[planner_server-12] [WARN] [1775111190.705863186] [global_costmap.global_costmap]: Sensor origin at (88.96, 10.41) is out of map bounds (-8.00, -4.60) to (5.78, 9.72). The costmap cannot raytrace for it.
[controller_server-10] [WARN] [1775111190.779821632] [local_costmap.local_costmap]: Sensor origin at (87.02, 0.03) is out of map bounds (82.60, -1.95) to (86.57, 2.02). The costmap cannot raytrace for it.
[controller_server-10] [WARN] [1775111190.982610195] [local_costmap.local_costmap]: Sensor origin at (83.88, 0.03) is out of map bounds (79.80, -1.95) to (83.77, 2.02). The costmap cannot raytrace for it.
[planner_server-12] [WARN] [1775111191.205162756] [nav2_costmap_2d]: Robot is out of bounds of the costmap!
[planner_server-12] [WARN] [1775111191.205219629] [global_costmap.global_costmap]: Sensor origin at (81.01, 9.49) is out of map bounds (-8.00, -4.60) to (5.78, 9.72). The costmap cannot raytrace for it.
[delivery_robot_main_controller-20] [0m[INFO] [1775111191.408297513] [main_controller_node]: Current state: STANDBY, dock_state IDLE, charge_state NOT_CHARGE[0m
[delivery_robot_main_controller-20] [0m[INFO] [1775111191.539471078] [main_controller_node]: No pending queue found or unexpected format.[0m
[planner_server-12] [WARN] [1775111191.705541449] [nav2_costmap_2d]: Robot is out of bounds of the costmap!
[planner_server-12] [WARN] [1775111191.705610571] [global_costmap.global_costmap]: Sensor origin at (79.63, 13.26) is out of map bounds (-8.00, -4.60) to (5.78, 9.72). The costmap cannot raytrace for it.
[planner_server-12] [WARN] [1775111192.205146673] [nav2_costmap_2d]: Robot is out of bounds of the costmap!
[planner_server-12] [WARN] [1775111192.205195087] [global_costmap.global_costmap]: Sensor origin at (79.78, 15.19) is out of map bounds (-8.00, -4.60) to (5.78, 9.72). The costmap cannot raytrace for it.
[delivery_robot_main_controller-20] [0m[INFO] [1775111192.308158327] [main_controller_node]: Current state: STANDBY, dock_state IDLE, charge_state NOT_CHARGE[0m
[planner_server-12] [WARN] [1775111192.705566489] [nav2_costmap_2d]: Robot is out of bounds of the costmap!
[planner_server-12] [WARN] [1775111192.705612570] [global_costmap.global_costmap]: Sensor origin at (79.84, 16.49) is out of map bounds (-8.00, -4.60) to (5.78, 9.72). The costmap cannot raytrace for it.
[planner_server-12] [WARN] [1775111193.205356331] [nav2_costmap_2d]: Robot is out of bounds of the costmap!
[planner_server-12] [INFO] [1775111193.205396287] [global_costmap.global_costmap]: StaticLayer: Resizing costmap to 2429 X 537 at 0.050000 m/pix
[delivery_robot_main_controller-20] [0m[INFO] [1775111193.360971747] [main_controller_node]: Current state: STANDBY, dock_state IDLE, charge_state NOT_CHARGE[0m
[delivery_robot_main_controller-20] [0m[INFO] [1775111193.487152762] [main_controller_node]: No pending queue found or unexpected format.[0m
[delivery_robot_main_controller-20] [0m[INFO] [1775111194.303046114] [main_controller_node]: Current state: STANDBY, dock_state IDLE, charge_state NOT_CHARGE[0m
[call_robot_button-22] Error: Connection refused
[call_robot_button-22] 2026-04-02 13:26:34 mosquitto_pub -u smr -P smrbot25 -m "Auu,true" -t "Rsp" -r
[call_robot_button-22] [0m[INFO] [1775111195.039353539] [call_robot_button_node]: call_switch notified: station=Auu status=true.[0m
[delivery_robot_main_controller-20] [0m[INFO] [1775111195.323345257] [main_controller_node]: Current state: STANDBY, dock_state IDLE, charge_state NOT_CHARGE[0m
[delivery_robot_main_controller-20] [0m[INFO] [1775111195.434997772] [main_controller_node]: 1 pending queues [0m
[delivery_robot_main_controller-20] [0m[INFO] [1775111195.436034314] [main_controller_node]: Queue action: Request[0m
[delivery_robot_main_controller-20] [0m[INFO] [1775111195.512137882] [main_controller_node]: AGV start_pos: x=79.90, y=16.68[0m
[delivery_robot_main_controller-20] [0m[INFO] [1775111195.512713026] [main_controller_node]: AGV goal_pos: x=-0.63, y=6.07[0m
[delivery_robot_main_controller-20] [0m[INFO] [1775111195.513211756] [main_controller_node]: Path source: database routes[0m
[delivery_robot_main_controller-20] [0m[INFO] [1775111195.527295773] [main_controller_node]: Computed AGV path waypoints:[0m
[delivery_robot_main_controller-20] [0m[INFO] [1775111195.528684634] [main_controller_node]:   Waypoint 0: x=79.90, y=16.68[0m
[delivery_robot_main_controller-20] [0m[INFO] [1775111195.531571726] [main_controller_node]:   Waypoint 1: x=79.42, y=16.57[0m
[delivery_robot_main_controller-20] [0m[INFO] [1775111195.532262949] [main_controller_node]:   Waypoint 2: x=78.93, y=16.46[0m
[delivery_robot_main_controller-20] [0m[INFO] [1775111195.533076374] [main_controller_node]:   Waypoint 3: x=78.45, y=16.34[0m
[delivery_robot_main_controller-20] [0m[INFO] [1775111195.533735223] [main_controller_node]:   Waypoint 4: x=77.96, y=16.23[0m
[delivery_robot_main_controller-20] [0m[INFO] [1775111195.534340699] [main_controller_node]:   Waypoint 5: x=77.48, y=16.11[0m
[delivery_robot_main_controller-20] [0m[INFO] [1775111195.534927217] [main_controller_node]:   Waypoint 6: x=76.99, y=16.00[0m
[delivery_robot_main_controller-20] [0m[INFO] [1775111195.535509068] [main_controller_node]:   Waypoint 7: x=76.50, y=15.89[0m
[delivery_robot_main_controller-20] [0m[INFO] [1775111195.536192708] [main_controller_node]:   Waypoint 8: x=76.02, y=15.77[0m
[delivery_robot_main_controller-20] [0m[INFO] [1775111195.536793225] [main_controller_node]:   Waypoint 9: x=75.53, y=15.66[0m
[delivery_robot_main_controller-20] [0m[INFO] [1775111195.537374493] [main_controller_node]:   Waypoint 10: x=75.05, y=15.54[0m
[delivery_robot_main_controller-20] [0m[INFO] [1775111195.537955178] [main_controller_node]:   Waypoint 11: x=74.56, y=15.43[0m
[delivery_robot_main_controller-20] [0m[INFO] [1775111195.538637068] [main_controller_node]:   Waypoint 12: x=74.08, y=15.32[0m
[delivery_robot_main_controller-20] [0m[INFO] [1775111195.539455160] [main_controller_node]:   Waypoint 13: x=73.59, y=15.20[0m
[delivery_robot_main_controller-20] [0m[INFO] [1775111195.540108759] [main_controller_node]:   Waypoint 14: x=73.10, y=15.09[0m
[delivery_robot_main_controller-20] [0m[INFO] [1775111195.540822730] [main_controller_node]:   Waypoint 15: x=72.62, y=14.98[0m
[delivery_robot_main_controller-20] [0m[INFO] [1775111195.541427331] [main_controller_node]:   Waypoint 16: x=72.13, y=14.86[0m
[delivery_robot_main_controller-20] [0m[INFO] [1775111195.542005682] [main_controller_node]:   Waypoint 17: x=71.65, y=14.75[0m
[delivery_robot_main_controller-20] [0m[INFO] [1775111195.542642365] [main_controller_node]:   Waypoint 18: x=71.16, y=14.63[0m
[delivery_robot_main_controller-20] [0m[INFO] [1775111195.543231800] [main_controller_node]:   Waypoint 19: x=70.68, y=14.52[0m
[delivery_robot_main_controller-20] [0m[INFO] [1775111195.543809568] [main_controller_node]:   Waypoint 20: x=70.19, y=14.41[0m
[delivery_robot_main_controller-20] [0m[INFO] [1775111195.544387920] [main_controller_node]:   Waypoint 21: x=69.70, y=14.29[0m
[delivery_robot_main_controller-20] [0m[INFO] [1775111195.544963647] [main_controller_node]:   Waypoint 22: x=69.22, y=14.18[0m
[delivery_robot_main_controller-20] [0m[INFO] [1775111195.545540249] [main_controller_node]:   Waypoint 23: x=68.73, y=14.07[0m
[delivery_robot_main_controller-20] [0m[INFO] [1775111195.546230888] [main_controller_node]:   Waypoint 24: x=68.25, y=13.95[0m
[delivery_robot_main_controller-20] [0m[INFO] [1775111195.546916568] [main_controller_node]:   Waypoint 25: x=67.76, y=13.84[0m
[delivery_robot_main_controller-20] [0m[INFO] [1775111195.547663205] [main_controller_node]:   Waypoint 26: x=67.28, y=13.72[0m
[delivery_robot_main_controller-20] [0m[INFO] [1775111195.548304846] [main_controller_node]:   Waypoint 27: x=66.79, y=13.61[0m
[delivery_robot_main_controller-20] [0m[INFO] [1775111195.548907988] [main_controller_node]:   Waypoint 28: x=66.30, y=13.50[0m
[delivery_robot_main_controller-20] [0m[INFO] [1775111195.549600377] [main_controller_node]:   Waypoint 29: x=65.82, y=13.38[0m
[delivery_robot_main_controller-20] [0m[INFO] [1775111195.553672755] [main_controller_node]:   Waypoint 30: x=65.33, y=13.27[0m
[delivery_robot_main_controller-20] [0m[INFO] [1775111195.557359857] [main_controller_node]:   Waypoint 31: x=64.85, y=13.16[0m
[delivery_robot_main_controller-20] [0m[INFO] [1775111195.558105036] [main_controller_node]:   Waypoint 32: x=64.36, y=13.04[0m
[delivery_robot_main_controller-20] [0m[INFO] [1775111195.558750176] [main_controller_node]:   Waypoint 33: x=63.88, y=12.93[0m
[delivery_robot_main_controller-20] [0m[INFO] [1775111195.559448107] [main_controller_node]:   Waypoint 34: x=63.39, y=12.81[0m
[delivery_robot_main_controller-20] [0m[INFO] [1775111195.560110163] [main_controller_node]:   Waypoint 35: x=62.90, y=12.70[0m
[delivery_robot_main_controller-20] [0m[INFO] [1775111195.560737805] [main_controller_node]:   Waypoint 36: x=62.42, y=12.59[0m
[delivery_robot_main_controller-20] [0m[INFO] [1775111195.561390237] [main_controller_node]:   Waypoint 37: x=61.93, y=12.47[0m
[delivery_robot_main_controller-20] [0m[INFO] [1775111195.562085834] [main_controller_node]:   Waypoint 38: x=61.45, y=12.36[0m
[delivery_robot_main_controller-20] [0m[INFO] [1775111195.562866594] [main_controller_node]:   Waypoint 39: x=60.96, y=12.24[0m
[delivery_robot_main_controller-20] [0m[INFO] [1775111195.564048672] [main_controller_node]:   Waypoint 40: x=60.47, y=12.13[0m
[delivery_robot_main_controller-20] [0m[INFO] [1775111195.564851015] [main_controller_node]:   Waypoint 41: x=59.99, y=12.02[0m
[delivery_robot_main_controller-20] [0m[INFO] [1775111195.565542529] [main_controller_node]:   Waypoint 42: x=59.50, y=11.90[0m
[delivery_robot_main_controller-20] [0m[INFO] [1775111195.566216543] [main_controller_node]:   Waypoint 43: x=59.02, y=11.79[0m
[delivery_robot_main_controller-20] [0m[INFO] [1775111195.566846226] [main_controller_node]:   Waypoint 44: x=58.53, y=11.68[0m
[delivery_robot_main_controller-20] [0m[INFO] [1775111195.567475909] [main_controller_node]:   Waypoint 45: x=58.05, y=11.56[0m
[delivery_robot_main_controller-20] [0m[INFO] [1775111195.568121633] [main_controller_node]:   Waypoint 46: x=57.56, y=11.45[0m
[delivery_robot_main_controller-20] [0m[INFO] [1775111195.568746650] [main_controller_node]:   Waypoint 47: x=57.07, y=11.33[0m
[delivery_robot_main_controller-20] [0m[INFO] [1775111195.569384791] [main_controller_node]:   Waypoint 48: x=56.59, y=11.22[0m
[delivery_robot_main_controller-20] [0m[INFO] [1775111195.570004558] [main_controller_node]:   Waypoint 49: x=56.10, y=11.11[0m
[delivery_robot_main_controller-20] [0m[INFO] [1775111195.570614117] [main_controller_node]:   Waypoint 50: x=55.62, y=10.99[0m
[delivery_robot_main_controller-20] [0m[INFO] [1775111195.571219009] [main_controller_node]:   Waypoint 51: x=55.13, y=10.88[0m
[delivery_robot_main_controller-20] [0m[INFO] [1775111195.571819818] [main_controller_node]:   Waypoint 52: x=54.65, y=10.77[0m
[delivery_robot_main_controller-20] [0m[INFO] [1775111195.572440460] [main_controller_node]:   Waypoint 53: x=54.16, y=10.65[0m
[delivery_robot_main_controller-20] [0m[INFO] [1775111195.573085017] [main_controller_node]:   Waypoint 54: x=53.67, y=10.54[0m
[delivery_robot_main_controller-20] [0m[INFO] [1775111195.573703326] [main_controller_node]:   Waypoint 55: x=53.19, y=10.42[0m
[delivery_robot_main_controller-20] [0m[INFO] [1775111195.574306468] [main_controller_node]:   Waypoint 56: x=52.70, y=10.31[0m
[delivery_robot_main_controller-20] [0m[INFO] [1775111195.574904069] [main_controller_node]:   Waypoint 57: x=52.22, y=10.20[0m
[delivery_robot_main_controller-20] [0m[INFO] [1775111195.575524419] [main_controller_node]:   Waypoint 58: x=51.73, y=10.08[0m
[delivery_robot_main_controller-20] [0m[INFO] [1775111195.576180935] [main_controller_node]:   Waypoint 59: x=51.25, y=9.97[0m
[delivery_robot_main_controller-20] [0m[INFO] [1775111195.576819076] [main_controller_node]:   Waypoint 60: x=50.76, y=9.85[0m
[delivery_robot_main_controller-20] [0m[INFO] [1775111195.577437384] [main_controller_node]:   Waypoint 61: x=50.27, y=9.74[0m
[delivery_robot_main_controller-20] [0m[INFO] [1775111195.578075817] [main_controller_node]:   Waypoint 62: x=49.79, y=9.63[0m
[delivery_robot_main_controller-20] [0m[INFO] [1775111195.578902367] [main_controller_node]:   Waypoint 63: x=49.30, y=9.51[0m
[delivery_robot_main_controller-20] [0m[INFO] [1775111195.579640254] [main_controller_node]:   Waypoint 64: x=48.82, y=9.40[0m
[delivery_robot_main_controller-20] [0m[INFO] [1775111195.580302894] [main_controller_node]:   Waypoint 65: x=48.33, y=9.29[0m
[delivery_robot_main_controller-20] [0m[INFO] [1775111195.580980700] [main_controller_node]:   Waypoint 66: x=47.85, y=9.17[0m
[delivery_robot_main_controller-20] [0m[INFO] [1775111195.583431768] [main_controller_node]:   Waypoint 67: x=47.36, y=9.06[0m
[delivery_robot_main_controller-20] [0m[INFO] [1775111195.584125324] [main_controller_node]:   Waypoint 68: x=46.87, y=8.94[0m
[delivery_robot_main_controller-20] [0m[INFO] [1775111195.584759382] [main_controller_node]:   Waypoint 69: x=46.39, y=8.83[0m
[delivery_robot_main_controller-20] [0m[INFO] [1775111195.585393731] [main_controller_node]:   Waypoint 70: x=45.90, y=8.72[0m
[delivery_robot_main_controller-20] [0m[INFO] [1775111195.586026039] [main_controller_node]:   Waypoint 71: x=45.42, y=8.60[0m
[delivery_robot_main_controller-20] [0m[INFO] [1775111195.586651931] [main_controller_node]:   Waypoint 72: x=44.93, y=8.49[0m
[delivery_robot_main_controller-20] [0m[INFO] [1775111195.587266156] [main_controller_node]:   Waypoint 73: x=44.45, y=8.38[0m
[delivery_robot_main_controller-20] [0m[INFO] [1775111195.587879506] [main_controller_node]:   Waypoint 74: x=43.96, y=8.26[0m
[delivery_robot_main_controller-20] [0m[INFO] [1775111195.588500731] [main_controller_node]:   Waypoint 75: x=43.47, y=8.15[0m
[delivery_robot_main_controller-20] [0m[INFO] [1775111195.589124873] [main_controller_node]:   Waypoint 76: x=42.99, y=8.03[0m
[delivery_robot_main_controller-20] [0m[INFO] [1775111195.589749306] [main_controller_node]:   Waypoint 77: x=42.50, y=7.92[0m
[delivery_robot_main_controller-20] [0m[INFO] [1775111195.590370823] [main_controller_node]:   Waypoint 78: x=42.02, y=7.81[0m
[delivery_robot_main_controller-20] [0m[INFO] [1775111195.590970174] [main_controller_node]:   Waypoint 79: x=41.53, y=7.69[0m
[delivery_robot_main_controller-20] [0m[INFO] [1775111195.591568067] [main_controller_node]:   Waypoint 80: x=41.05, y=7.58[0m
[delivery_robot_main_controller-20] [0m[INFO] [1775111195.592154585] [main_controller_node]:   Waypoint 81: x=40.56, y=7.46[0m
[delivery_robot_main_controller-20] [0m[INFO] [1775111195.592770268] [main_controller_node]:   Waypoint 82: x=40.07, y=7.35[0m
[delivery_robot_main_controller-20] [0m[INFO] [1775111195.593378661] [main_controller_node]:   Waypoint 83: x=39.59, y=7.24[0m
[delivery_robot_main_controller-20] [0m[INFO] [1775111195.593988511] [main_controller_node]:   Waypoint 84: x=39.10, y=7.12[0m
[delivery_robot_main_controller-20] [0m[INFO] [1775111195.594609153] [main_controller_node]:   Waypoint 85: x=38.62, y=7.01[0m
[delivery_robot_main_controller-20] [0m[INFO] [1775111195.595237961] [main_controller_node]:   Waypoint 86: x=38.13, y=6.90[0m
[delivery_robot_main_controller-20] [0m[INFO] [1775111195.595883977] [main_controller_node]:   Waypoint 87: x=37.64, y=6.78[0m
[delivery_robot_main_controller-20] [0m[INFO] [1775111195.596510451] [main_controller_node]:   Waypoint 88: x=37.16, y=6.67[0m
[delivery_robot_main_controller-20] [0m[INFO] [1775111195.597189132] [main_controller_node]:   Waypoint 89: x=36.67, y=6.55[0m
[delivery_robot_main_controller-20] [0m[INFO] [1775111195.597815899] [main_controller_node]:   Waypoint 90: x=36.19, y=6.44[0m
[delivery_robot_main_controller-20] [0m[INFO] [1775111195.598436249] [main_controller_node]:   Waypoint 91: x=35.70, y=6.33[0m
[delivery_robot_main_controller-20] [0m[INFO] [1775111195.599074098] [main_controller_node]:   Waypoint 92: x=35.22, y=6.21[0m
[delivery_robot_main_controller-20] [0m[INFO] [1775111195.599685699] [main_controller_node]:   Waypoint 93: x=34.73, y=6.10[0m
[delivery_robot_main_controller-20] [0m[INFO] [1775111195.600532082] [main_controller_node]:   Waypoint 94: x=34.24, y=5.99[0m
[delivery_robot_main_controller-20] [0m[INFO] [1775111195.601325966] [main_controller_node]:   Waypoint 95: x=33.76, y=5.87[0m
[delivery_robot_main_controller-20] [0m[INFO] [1775111195.601979565] [main_controller_node]:   Waypoint 96: x=33.27, y=5.76[0m
[delivery_robot_main_controller-20] [0m[INFO] [1775111195.602648330] [main_controller_node]:   Waypoint 97: x=32.79, y=5.64[0m
[delivery_robot_main_controller-20] [0m[INFO] [1775111195.603307762] [main_controller_node]:   Waypoint 98: x=32.30, y=5.53[0m
[delivery_robot_main_controller-20] [0m[INFO] [1775111195.603944736] [main_controller_node]:   Waypoint 99: x=31.82, y=5.42[0m
[delivery_robot_main_controller-20] [0m[INFO] [1775111195.604564503] [main_controller_node]:   Waypoint 100: x=31.33, y=5.30[0m
[delivery_robot_main_controller-20] [0m[INFO] [1775111195.605183686] [main_controller_node]:   Waypoint 101: x=30.84, y=5.19[0m
[delivery_robot_main_controller-20] [0m[INFO] [1775111195.607560091] [main_controller_node]:   Waypoint 102: x=30.36, y=5.07[0m
[delivery_robot_main_controller-20] [0m[INFO] [1775111195.608284853] [main_controller_node]:   Waypoint 103: x=29.87, y=4.96[0m
[delivery_robot_main_controller-20] [0m[INFO] [1775111195.608932036] [main_controller_node]:   Waypoint 104: x=29.39, y=4.85[0m
[delivery_robot_main_controller-20] [0m[INFO] [1775111195.609696172] [main_controller_node]:   Waypoint 105: x=28.90, y=4.73[0m
[delivery_robot_main_controller-20] [0m[INFO] [1775111195.610351812] [main_controller_node]:   Waypoint 106: x=28.42, y=4.62[0m
[delivery_robot_main_controller-20] [0m[INFO] [1775111195.610977412] [main_controller_node]:   Waypoint 107: x=27.93, y=4.51[0m
[delivery_robot_main_controller-20] [0m[INFO] [1775111195.612871711] [main_controller_node]:   Waypoint 108: x=27.44, y=4.39[0m
[delivery_robot_main_controller-20] [0m[INFO] [1775111195.613704969] [main_controller_node]:   Waypoint 109: x=26.96, y=4.28[0m
[delivery_robot_main_controller-20] [0m[INFO] [1775111195.614497687] [main_controller_node]:   Waypoint 110: x=26.47, y=4.16[0m
[delivery_robot_main_controller-20] [0m[INFO] [1775111195.618395072] [main_controller_node]:   Waypoint 111: x=25.99, y=4.05[0m
[delivery_robot_main_controller-20] [0m[INFO] [1775111195.619117793] [main_controller_node]:   Waypoint 112: x=25.50, y=3.94[0m
[delivery_robot_main_controller-20] [0m[INFO] [1775111195.619751268] [main_controller_node]:   Waypoint 113: x=25.02, y=3.82[0m
[delivery_robot_main_controller-20] [0m[INFO] [1775111195.620367826] [main_controller_node]:   Waypoint 114: x=24.53, y=3.71[0m
[delivery_robot_main_controller-20] [0m[INFO] [1775111195.620956094] [main_controller_node]:   Waypoint 115: x=24.04, y=3.60[0m
[delivery_robot_main_controller-20] [0m[INFO] [1775111195.621553112] [main_controller_node]:   Waypoint 116: x=23.56, y=3.48[0m
[delivery_robot_main_controller-20] [0m[INFO] [1775111195.622246084] [main_controller_node]:   Waypoint 117: x=23.07, y=3.37[0m
[delivery_robot_main_controller-20] [0m[INFO] [1775111195.622988055] [main_controller_node]:   Waypoint 118: x=22.59, y=3.25[0m
[delivery_robot_main_controller-20] [0m[INFO] [1775111195.623605780] [main_controller_node]:   Waypoint 119: x=22.10, y=3.14[0m
[delivery_robot_main_controller-20] [0m[INFO] [1775111195.624198423] [main_controller_node]:   Waypoint 120: x=21.62, y=3.03[0m
[delivery_robot_main_controller-20] [0m[INFO] [1775111195.625337335] [main_controller_node]:   Waypoint 121: x=21.13, y=2.91[0m
[delivery_robot_main_controller-20] [0m[INFO] [1775111195.626928021] [main_controller_node]:   Waypoint 122: x=20.64, y=2.80[0m
[delivery_robot_main_controller-20] [0m[INFO] [1775111195.627631201] [main_controller_node]:   Waypoint 123: x=20.16, y=2.68[0m
[delivery_robot_main_controller-20] [0m[INFO] [1775111195.628241927] [main_controller_node]:   Waypoint 124: x=19.67, y=2.57[0m
[delivery_robot_main_controller-20] [0m[INFO] [1775111195.630995441] [main_controller_node]:   Waypoint 125: x=19.19, y=2.46[0m
[delivery_robot_main_controller-20] [0m[INFO] [1775111195.631764535] [main_controller_node]:   Waypoint 126: x=18.70, y=2.34[0m
[delivery_robot_main_controller-20] [0m[INFO] [1775111195.632417551] [main_controller_node]:   Waypoint 127: x=18.22, y=2.23[0m
[delivery_robot_main_controller-20] [0m[INFO] [1775111195.633111981] [main_controller_node]:   Waypoint 128: x=17.73, y=2.12[0m
[delivery_robot_main_controller-20] [0m[INFO] [1775111195.633750997] [main_controller_node]:   Waypoint 129: x=17.24, y=2.00[0m
[delivery_robot_main_controller-20] [0m[INFO] [1775111195.634392346] [main_controller_node]:   Waypoint 130: x=16.76, y=1.89[0m
[delivery_robot_main_controller-20] [0m[INFO] [1775111195.635001905] [main_controller_node]:   Waypoint 131: x=16.27, y=1.77[0m
[delivery_robot_main_controller-20] [0m[INFO] [1775111195.635656087] [main_controller_node]:   Waypoint 132: x=15.79, y=1.66[0m
[delivery_robot_main_controller-20] [0m[INFO] [1775111195.636277312] [main_controller_node]:   Waypoint 133: x=15.30, y=1.55[0m
[delivery_robot_main_controller-20] [0m[INFO] [1775111195.636872872] [main_controller_node]:   Waypoint 134: x=14.81, y=1.43[0m
[delivery_robot_main_controller-20] [0m[INFO] [1775111195.637464056] [main_controller_node]:   Waypoint 135: x=14.33, y=1.32[0m
[delivery_robot_main_controller-20] [0m[INFO] [1775111195.638046783] [main_controller_node]:   Waypoint 136: x=13.84, y=1.21[0m
[delivery_robot_main_controller-20] [0m[INFO] [1775111195.638678799] [main_controller_node]:   Waypoint 137: x=13.36, y=1.09[0m
[delivery_robot_main_controller-20] [0m[INFO] [1775111195.639315190] [main_controller_node]:   Waypoint 138: x=12.87, y=0.98[0m
[delivery_robot_main_controller-20] [0m[INFO] [1775111195.639922416] [main_controller_node]:   Waypoint 139: x=12.39, y=0.86[0m
[delivery_robot_main_controller-20] [0m[INFO] [1775111195.640629096] [main_controller_node]:   Waypoint 140: x=11.90, y=0.75[0m
[delivery_robot_main_controller-20] [0m[INFO] [1775111195.641267529] [main_controller_node]:   Waypoint 141: x=11.41, y=0.64[0m
[delivery_robot_main_controller-20] [0m[INFO] [1775111195.641985875] [main_controller_node]:   Waypoint 142: x=10.93, y=0.52[0m
[delivery_robot_main_controller-20] [0m[INFO] [1775111195.642723470] [main_controller_node]:   Waypoint 143: x=10.44, y=0.41[0m
[delivery_robot_main_controller-20] [0m[INFO] [1775111195.643627892] [main_controller_node]:   Waypoint 144: x=9.96, y=0.30[0m
[delivery_robot_main_controller-20] [0m[INFO] [1775111195.644336322] [main_controller_node]:   Waypoint 145: x=9.47, y=0.18[0m
[delivery_robot_main_controller-20] [0m[INFO] [1775111195.645069543] [main_controller_node]:   Waypoint 146: x=8.99, y=0.07[0m
[delivery_robot_main_controller-20] [0m[INFO] [1775111195.645781764] [main_controller_node]:   Waypoint 147: x=8.50, y=-0.05[0m
[delivery_robot_main_controller-20] [0m[INFO] [1775111195.646524609] [main_controller_node]:   Waypoint 148: x=8.01, y=-0.16[0m
[delivery_robot_main_controller-20] [0m[INFO] [1775111195.647221956] [main_controller_node]:   Waypoint 149: x=7.53, y=-0.27[0m
[delivery_robot_main_controller-20] [0m[INFO] [1775111195.647850473] [main_controller_node]:   Waypoint 150: x=7.04, y=-0.39[0m
[delivery_robot_main_controller-20] [0m[INFO] [1775111195.648445740] [main_controller_node]:   Waypoint 151: x=6.56, y=-0.50[0m
[delivery_robot_main_controller-20] [0m[INFO] [1775111195.649049466] [main_controller_node]:   Waypoint 152: x=6.07, y=-0.62[0m
[delivery_robot_main_controller-20] [0m[INFO] [1775111195.649730189] [main_controller_node]:   Waypoint 153: x=5.59, y=-0.73[0m
[delivery_robot_main_controller-20] [0m[INFO] [1775111195.654469873] [main_controller_node]:   Waypoint 154: x=5.10, y=-0.84[0m
[delivery_robot_main_controller-20] [0m[INFO] [1775111195.657309134] [main_controller_node]:   Waypoint 155: x=5.00, y=-0.38[0m
[delivery_robot_main_controller-20] [0m[INFO] [1775111195.657989274] [main_controller_node]:   Waypoint 156: x=4.90, y=0.08[0m
[delivery_robot_main_controller-20] [0m[INFO] [1775111195.658605249] [main_controller_node]:   Waypoint 157: x=4.80, y=0.54[0m
[delivery_robot_main_controller-20] [0m[INFO] [1775111195.659245432] [main_controller_node]:   Waypoint 158: x=4.71, y=1.00[0m
[delivery_robot_main_controller-20] [0m[INFO] [1775111195.659861407] [main_controller_node]:   Waypoint 159: x=4.61, y=1.45[0m
[delivery_robot_main_controller-20] [0m[INFO] [1775111195.660454341] [main_controller_node]:   Waypoint 160: x=4.51, y=1.91[0m
[delivery_robot_main_controller-20] [0m[INFO] [1775111195.661041443] [main_controller_node]:   Waypoint 161: x=4.41, y=2.37[0m
[delivery_robot_main_controller-20] [0m[INFO] [1775111195.661653335] [main_controller_node]:   Waypoint 162: x=4.31, y=2.83[0m
[delivery_robot_main_controller-20] [0m[INFO] [1775111195.662267560] [main_controller_node]:   Waypoint 163: x=4.15, y=3.29[0m
[delivery_robot_main_controller-20] [0m[INFO] [1775111195.662971324] [main_controller_node]:   Waypoint 164: x=3.98, y=3.74[0m
[delivery_robot_main_controller-20] [0m[INFO] [1775111195.663616756] [main_controller_node]:   Waypoint 165: x=3.81, y=4.19[0m
[delivery_robot_main_controller-20] [0m[INFO] [1775111195.664281438] [main_controller_node]:   Waypoint 166: x=3.65, y=4.65[0m
[delivery_robot_main_controller-20] [0m[INFO] [1775111195.664908496] [main_controller_node]:   Waypoint 167: x=3.48, y=5.10[0m
[delivery_robot_main_controller-20] [0m[INFO] [1775111195.665501430] [main_controller_node]:   Waypoint 168: x=3.31, y=5.55[0m
[delivery_robot_main_controller-20] [0m[INFO] [1775111195.666103698] [main_controller_node]:   Waypoint 169: x=2.87, y=5.48[0m
[delivery_robot_main_controller-20] [0m[INFO] [1775111195.666723173] [main_controller_node]:   Waypoint 170: x=2.42, y=5.40[0m
[delivery_robot_main_controller-20] [0m[INFO] [1775111195.667312316] [main_controller_node]:   Waypoint 171: x=1.98, y=5.33[0m
[delivery_robot_main_controller-20] [0m[INFO] [1775111195.667906417] [main_controller_node]:   Waypoint 172: x=1.53, y=5.26[0m
[delivery_robot_main_controller-20] [0m[INFO] [1775111195.668522976] [main_controller_node]:   Waypoint 173: x=1.09, y=5.18[0m
[delivery_robot_main_controller-20] [0m[INFO] [1775111195.669140992] [main_controller_node]:   Waypoint 174: x=0.66, y=5.41[0m
[delivery_robot_main_controller-20] [0m[INFO] [1775111195.669744426] [main_controller_node]:   Waypoint 175: x=0.23, y=5.63[0m
[delivery_robot_main_controller-20] [0m[INFO] [1775111195.670347277] [main_controller_node]:   Waypoint 176: x=-0.20, y=5.85[0m
[delivery_robot_main_controller-20] [0m[INFO] [1775111195.670994460] [main_controller_node]:   Waypoint 177: x=-0.63, y=6.07[0m
[delivery_robot_main_controller-20] [0m[INFO] [1775111195.672387404] [main_controller_node]: Navigating with 178 goals....[0m
[delivery_robot_main_controller-20] [0m[INFO] [1775111195.678216711] [main_controller_node]: State change: STANDBY -> MOVE[0m
[bt_navigator-14] [INFO] [1775111195.680041888] [bt_navigator]: Begin navigating from current location through 178 poses to (-0.63, 6.07)
[controller_server-10] [INFO] [1775111195.680722319] [local_costmap.local_costmap]: Received request to clear entirely the local_costmap
[controller_server-10] [INFO] [1775111195.684763782] [local_costmap.local_costmap]: KeepoutFilter: Subscribing to "/keepout_costmap_filter_info" topic for filter info...
[controller_server-10] [INFO] [1775111195.690298518] [local_costmap.local_costmap]: KeepoutFilter: Received filter info from /keepout_costmap_filter_info topic.
[controller_server-10] [INFO] [1775111195.690354224] [local_costmap.local_costmap]: KeepoutFilter: Subscribing to "/keepout_filter_mask" topic for filter mask...
[planner_server-12] [INFO] [1775111195.692465222] [global_costmap.global_costmap]: Received request to clear entirely the global_costmap
[planner_server-12] [INFO] [1775111195.696540808] [global_costmap.global_costmap]: KeepoutFilter: Subscribing to "/keepout_costmap_filter_info" topic for filter info...
[controller_server-10] [WARN] [1775111195.698942587] [local_costmap.local_costmap]: KeepoutFilter: New filter mask arrived from /keepout_filter_mask topic. Updating old filter mask.
[delivery_robot_main_controller-20] [0m[INFO] [1775111195.713079394] [main_controller_node]: Robot is MOVING.[0m
[planner_server-12] [WARN] [1775111195.795117849] [planner_server]: GridBased plugin failed to plan from (77.95, 16.20) to (77.48, 16.11): "no valid path found"
[planner_server-12] [WARN] [1775111195.795305383] [planner_server]: [compute_path_through_poses] [ActionServer] Aborting handle.
[planner_server-12] [INFO] [1775111195.815756520] [global_costmap.global_costmap]: KeepoutFilter: Received filter info from /keepout_costmap_filter_info topic.
[planner_server-12] [INFO] [1775111195.815853933] [global_costmap.global_costmap]: KeepoutFilter: Subscribing to "/keepout_filter_mask" topic for filter mask...
[planner_server-12] [INFO] [1775111195.817770981] [global_costmap.global_costmap]: Received request to clear entirely the global_costmap
[planner_server-12] [INFO] [1775111195.826295472] [global_costmap.global_costmap]: KeepoutFilter: Subscribing to "/keepout_costmap_filter_info" topic for filter info...
[planner_server-12] [INFO] [1775111195.843720105] [global_costmap.global_costmap]: KeepoutFilter: Received filter info from /keepout_costmap_filter_info topic.
[planner_server-12] [INFO] [1775111195.844511073] [global_costmap.global_costmap]: KeepoutFilter: Subscribing to "/keepout_filter_mask" topic for filter mask...
[planner_server-12] [WARN] [1775111195.858124068] [global_costmap.global_costmap]: KeepoutFilter: New filter mask arrived from /keepout_filter_mask topic. Updating old filter mask.
[planner_server-12] [WARN] [1775111196.319080053] [planner_server]: GridBased plugin failed to plan from (77.95, 16.20) to (77.48, 16.11): "no valid path found"
[planner_server-12] [WARN] [1775111196.319301127] [planner_server]: [compute_path_through_poses] [ActionServer] Aborting handle.
[bt_navigator-14] [WARN] [1775111196.341314660] [bt_navigator]: [navigate_through_poses] [ActionServer] Aborting handle.
[bt_navigator-14] [ERROR] [1775111196.342298704] [bt_navigator]: Goal failed
[delivery_robot_main_controller-20] [33m[WARN] [1775111196.348260714] [main_controller_node]: Goal failed! (obstacle retry 1/3)[0m
[delivery_robot_main_controller-20] [0m[INFO] [1775111196.349063932] [main_controller_node]: Published message: "obstacle_alert"[0m
[delivery_robot_main_controller-20] [0m[INFO] [1775111196.363106534] [main_controller_node]: Pre-resume: waiting 3 seconds before wiggle...[0m
[robot_sound-21] [0m[INFO] [1775111196.350785571] [robot_sound_node]: 🔔 Received sound command: obstacle_alert[0m
[robot_sound-21] amixer: Unable to find simple control 'PCM',0
[robot_sound-21] 
[robot_sound-21] [0m[INFO] [1775111196.369503694] [robot_sound_node]: 🔊 Playing sound: /home/smr/workspaces/mini_amr/amrROS2_ws/sounds/robot_obstacle.wav[0m
[delivery_robot_main_controller-20] [0m[INFO] [1775111196.380321760] [main_controller_node]: Current state: MOVE, dock_state IDLE, charge_state NOT_CHARGE[0m
[robot_sound-21] aplay: main:834: audio open error: No such file or directory
[delivery_robot_main_controller-20] [0m[INFO] [1775111196.665239190] [main_controller_node]: Pre-resume: clearing local/global costmaps.[0m
[controller_server-10] [INFO] [1775111196.665849624] [local_costmap.local_costmap]: Received request to clear entirely the local_costmap
[controller_server-10] [INFO] [1775111196.671031166] [local_costmap.local_costmap]: KeepoutFilter: Subscribing to "/keepout_costmap_filter_info" topic for filter info...
[controller_server-10] [INFO] [1775111196.678786271] [local_costmap.local_costmap]: KeepoutFilter: Received filter info from /keepout_costmap_filter_info topic.
[controller_server-10] [INFO] [1775111196.681647406] [local_costmap.local_costmap]: KeepoutFilter: Subscribing to "/keepout_filter_mask" topic for filter mask...
[planner_server-12] [INFO] [1775111196.685017771] [global_costmap.global_costmap]: Received request to clear entirely the global_costmap
[planner_server-12] [INFO] [1775111196.691325392] [global_costmap.global_costmap]: KeepoutFilter: Subscribing to "/keepout_costmap_filter_info" topic for filter info...
[controller_server-10] [WARN] [1775111196.692169734] [local_costmap.local_costmap]: KeepoutFilter: New filter mask arrived from /keepout_filter_mask topic. Updating old filter mask.
[planner_server-12] [INFO] [1775111196.704724604] [global_costmap.global_costmap]: KeepoutFilter: Received filter info from /keepout_costmap_filter_info topic.
[planner_server-12] [INFO] [1775111196.704884723] [global_costmap.global_costmap]: KeepoutFilter: Subscribing to "/keepout_filter_mask" topic for filter mask...
[planner_server-12] [WARN] [1775111196.720597050] [global_costmap.global_costmap]: KeepoutFilter: New filter mask arrived from /keepout_filter_mask topic. Updating old filter mask.
[call_robot_button-22] Error: Connection refused
[call_robot_button-22] 2026-04-02 13:26:36 mosquitto_pub -u smr -P smrbot25 -m "Auu,blink" -t "Rsp" -r
[call_robot_button-22] [0m[INFO] [1775111196.935069602] [call_robot_button_node]: call_switch notified: station=Auu status=blink.[0m
[delivery_robot_main_controller-20] [0m[INFO] [1775111197.337729595] [main_controller_node]: Current state: MOVE, dock_state IDLE, charge_state NOT_CHARGE[0m
[delivery_robot_main_controller-20] [0m[INFO] [1775111197.724033578] [main_controller_node]: Pre-resume wiggle complete. Switching to STANDBY.[0m
[delivery_robot_main_controller-20] [0m[INFO] [1775111197.726371776] [main_controller_node]: State change: MOVE -> STANDBY[0m
[delivery_robot_main_controller-20] [0m[INFO] [1775111197.750220985] [main_controller_node]: Robot is in STANDBY mode.[0m
[delivery_robot_main_controller-20] [0m[INFO] [1775111198.324234970] [main_controller_node]: Current state: STANDBY, dock_state IDLE, charge_state NOT_CHARGE[0m
[delivery_robot_main_controller-20] [0m[INFO] [1775111199.302026278] [main_controller_node]: Current state: STANDBY, dock_state IDLE, charge_state NOT_CHARGE[0m
[delivery_robot_main_controller-20] [0m[INFO] [1775111199.399933387] [main_controller_node]: 1 pending queues [0m
[delivery_robot_main_controller-20] [0m[INFO] [1775111199.412346222] [main_controller_node]: Queue action: Request[0m
[delivery_robot_main_controller-20] [0m[INFO] [1775111199.439562879] [main_controller_node]: AGV start_pos: x=79.93, y=16.65[0m
[delivery_robot_main_controller-20] [0m[INFO] [1775111199.440155813] [main_controller_node]: AGV goal_pos: x=-0.63, y=6.07[0m
[delivery_robot_main_controller-20] [0m[INFO] [1775111199.440791329] [main_controller_node]: Path source: database routes[0m
[delivery_robot_main_controller-20] [0m[INFO] [1775111199.458225296] [main_controller_node]: Computed AGV path waypoints:[0m
[delivery_robot_main_controller-20] [0m[INFO] [1775111199.458949767] [main_controller_node]:   Waypoint 0: x=79.93, y=16.65[0m
[delivery_robot_main_controller-20] [0m[INFO] [1775111199.459616490] [main_controller_node]:   Waypoint 1: x=79.44, y=16.53[0m
[delivery_robot_main_controller-20] [0m[INFO] [1775111199.460251714] [main_controller_node]:   Waypoint 2: x=78.95, y=16.42[0m
[delivery_robot_main_controller-20] [0m[INFO] [1775111199.460911729] [main_controller_node]:   Waypoint 3: x=78.47, y=16.31[0m
[delivery_robot_main_controller-20] [0m[INFO] [1775111199.461554829] [main_controller_node]:   Waypoint 4: x=77.98, y=16.19[0m
[delivery_robot_main_controller-20] [0m[INFO] [1775111199.462318965] [main_controller_node]:   Waypoint 5: x=77.50, y=16.08[0m
[delivery_robot_main_controller-20] [0m[INFO] [1775111199.462979563] [main_controller_node]:   Waypoint 6: x=77.01, y=15.97[0m
[delivery_robot_main_controller-20] [0m[INFO] [1775111199.463607205] [main_controller_node]:   Waypoint 7: x=76.52, y=15.85[0m
[delivery_robot_main_controller-20] [0m[INFO] [1775111199.464234554] [main_controller_node]:   Waypoint 8: x=76.04, y=15.74[0m
[delivery_robot_main_controller-20] [0m[INFO] [1775111199.464847321] [main_controller_node]:   Waypoint 9: x=75.55, y=15.62[0m
[delivery_robot_main_controller-20] [0m[INFO] [1775111199.465458630] [main_controller_node]:   Waypoint 10: x=75.07, y=15.51[0m
[delivery_robot_main_controller-20] [0m[INFO] [1775111199.466142853] [main_controller_node]:   Waypoint 11: x=74.58, y=15.40[0m
[delivery_robot_main_controller-20] [0m[INFO] [1775111199.466759703] [main_controller_node]:   Waypoint 12: x=74.09, y=15.28[0m
[delivery_robot_main_controller-20] [0m[INFO] [1775111199.467418843] [main_controller_node]:   Waypoint 13: x=73.61, y=15.17[0m
[delivery_robot_main_controller-20] [0m[INFO] [1775111199.468212145] [main_controller_node]:   Waypoint 14: x=73.12, y=15.06[0m
[delivery_robot_main_controller-20] [0m[INFO] [1775111199.468918241] [main_controller_node]:   Waypoint 15: x=72.64, y=14.94[0m
[delivery_robot_main_controller-20] [0m[INFO] [1775111199.469566299] [main_controller_node]:   Waypoint 16: x=72.15, y=14.83[0m
[delivery_robot_main_controller-20] [0m[INFO] [1775111199.470178191] [main_controller_node]:   Waypoint 17: x=71.67, y=14.72[0m
[delivery_robot_main_controller-20] [0m[INFO] [1775111199.470780750] [main_controller_node]:   Waypoint 18: x=71.18, y=14.60[0m
[delivery_robot_main_controller-20] [0m[INFO] [1775111199.471382434] [main_controller_node]:   Waypoint 19: x=70.69, y=14.49[0m
[delivery_robot_main_controller-20] [0m[INFO] [1775111199.471977118] [main_controller_node]:   Waypoint 20: x=70.21, y=14.38[0m
[delivery_robot_main_controller-20] [0m[INFO] [1775111199.472604468] [main_controller_node]:   Waypoint 21: x=69.72, y=14.26[0m
[delivery_robot_main_controller-20] [0m[INFO] [1775111199.473211694] [main_controller_node]:   Waypoint 22: x=69.24, y=14.15[0m
[delivery_robot_main_controller-20] [0m[INFO] [1775111199.473800253] [main_controller_node]:   Waypoint 23: x=68.75, y=14.03[0m
[delivery_robot_main_controller-20] [0m[INFO] [1775111199.474497309] [main_controller_node]:   Waypoint 24: x=68.26, y=13.92[0m
[delivery_robot_main_controller-20] [0m[INFO] [1775111199.475136908] [main_controller_node]:   Waypoint 25: x=67.78, y=13.81[0m
[delivery_robot_main_controller-20] [0m[INFO] [1775111199.475801590] [main_controller_node]:   Waypoint 26: x=67.29, y=13.69[0m
[delivery_robot_main_controller-20] [0m[INFO] [1775111199.476460730] [main_controller_node]:   Waypoint 27: x=66.81, y=13.58[0m
[delivery_robot_main_controller-20] [0m[INFO] [1775111199.477084580] [main_controller_node]:   Waypoint 28: x=66.32, y=13.47[0m
[delivery_robot_main_controller-20] [0m[INFO] [1775111199.477696180] [main_controller_node]:   Waypoint 29: x=65.83, y=13.35[0m
[delivery_robot_main_controller-20] [0m[INFO] [1775111199.480552066] [main_controller_node]:   Waypoint 30: x=65.35, y=13.24[0m
[delivery_robot_main_controller-20] [0m[INFO] [1775111199.481292578] [main_controller_node]:   Waypoint 31: x=64.86, y=13.13[0m
[delivery_robot_main_controller-20] [0m[INFO] [1775111199.482393867] [main_controller_node]:   Waypoint 32: x=64.38, y=13.01[0m
[delivery_robot_main_controller-20] [0m[INFO] [1775111199.483107838] [main_controller_node]:   Waypoint 33: x=63.89, y=12.90[0m
[delivery_robot_main_controller-20] [0m[INFO] [1775111199.483745104] [main_controller_node]:   Waypoint 34: x=63.41, y=12.79[0m
[delivery_robot_main_controller-20] [0m[INFO] [1775111199.484447992] [main_controller_node]:   Waypoint 35: x=62.92, y=12.67[0m
[delivery_robot_main_controller-20] [0m[INFO] [1775111199.485119965] [main_controller_node]:   Waypoint 36: x=62.43, y=12.56[0m
[delivery_robot_main_controller-20] [0m[INFO] [1775111199.485820229] [main_controller_node]:   Waypoint 37: x=61.95, y=12.44[0m
[delivery_robot_main_controller-20] [0m[INFO] [1775111199.486441454] [main_controller_node]:   Waypoint 38: x=61.46, y=12.33[0m
[delivery_robot_main_controller-20] [0m[INFO] [1775111199.487139676] [main_controller_node]:   Waypoint 39: x=60.98, y=12.22[0m
[delivery_robot_main_controller-20] [0m[INFO] [1775111199.487777525] [main_controller_node]:   Waypoint 40: x=60.49, y=12.10[0m
[delivery_robot_main_controller-20] [0m[INFO] [1775111199.488372210] [main_controller_node]:   Waypoint 41: x=60.00, y=11.99[0m
[delivery_robot_main_controller-20] [0m[INFO] [1775111199.488966603] [main_controller_node]:   Waypoint 42: x=59.52, y=11.88[0m
[delivery_robot_main_controller-20] [0m[INFO] [1775111199.489574995] [main_controller_node]:   Waypoint 43: x=59.03, y=11.76[0m
[delivery_robot_main_controller-20] [0m[INFO] [1775111199.490204678] [main_controller_node]:   Waypoint 44: x=58.55, y=11.65[0m
[delivery_robot_main_controller-20] [0m[INFO] [1775111199.490792654] [main_controller_node]:   Waypoint 45: x=58.06, y=11.54[0m
[delivery_robot_main_controller-20] [0m[INFO] [1775111199.491380631] [main_controller_node]:   Waypoint 46: x=57.57, y=11.42[0m
[delivery_robot_main_controller-20] [0m[INFO] [1775111199.491958691] [main_controller_node]:   Waypoint 47: x=57.09, y=11.31[0m
[delivery_robot_main_controller-20] [0m[INFO] [1775111199.492573499] [main_controller_node]:   Waypoint 48: x=56.60, y=11.20[0m
[delivery_robot_main_controller-20] [0m[INFO] [1775111199.493253639] [main_controller_node]:   Waypoint 49: x=56.12, y=11.08[0m
[delivery_robot_main_controller-20] [0m[INFO] [1775111199.493917445] [main_controller_node]:   Waypoint 50: x=55.63, y=10.97[0m
[delivery_robot_main_controller-20] [0m[INFO] [1775111199.494523213] [main_controller_node]:   Waypoint 51: x=55.15, y=10.85[0m
[delivery_robot_main_controller-20] [0m[INFO] [1775111199.495112356] [main_controller_node]:   Waypoint 52: x=54.66, y=10.74[0m
[delivery_robot_main_controller-20] [0m[INFO] [1775111199.495712873] [main_controller_node]:   Waypoint 53: x=54.17, y=10.63[0m
[delivery_robot_main_controller-20] [0m[INFO] [1775111199.497791498] [main_controller_node]:   Waypoint 54: x=53.69, y=10.51[0m
[delivery_robot_main_controller-20] [0m[INFO] [1775111199.498525594] [main_controller_node]:   Waypoint 55: x=53.20, y=10.40[0m
[delivery_robot_main_controller-20] [0m[INFO] [1775111199.499218857] [main_controller_node]:   Waypoint 56: x=52.72, y=10.29[0m
[delivery_robot_main_controller-20] [0m[INFO] [1775111199.499964036] [main_controller_node]:   Waypoint 57: x=52.23, y=10.17[0m
[delivery_robot_main_controller-20] [0m[INFO] [1775111199.500725839] [main_controller_node]:   Waypoint 58: x=51.74, y=10.06[0m
[delivery_robot_main_controller-20] [0m[INFO] [1775111199.503543225] [main_controller_node]:   Waypoint 59: x=51.26, y=9.95[0m
[delivery_robot_main_controller-20] [0m[INFO] [1775111199.504240281] [main_controller_node]:   Waypoint 60: x=50.77, y=9.83[0m
[delivery_robot_main_controller-20] [0m[INFO] [1775111199.507408529] [main_controller_node]:   Waypoint 61: x=50.29, y=9.72[0m
[delivery_robot_main_controller-20] [0m[INFO] [1775111199.508131833] [main_controller_node]:   Waypoint 62: x=49.80, y=9.61[0m
[delivery_robot_main_controller-20] [0m[INFO] [1775111199.514555825] [main_controller_node]:   Waypoint 63: x=49.32, y=9.49[0m
[delivery_robot_main_controller-20] [0m[INFO] [1775111199.515261046] [main_controller_node]:   Waypoint 64: x=48.83, y=9.38[0m
[delivery_robot_main_controller-20] [0m[INFO] [1775111199.515930103] [main_controller_node]:   Waypoint 65: x=48.34, y=9.26[0m
[delivery_robot_main_controller-20] [0m[INFO] [1775111199.516558328] [main_controller_node]:   Waypoint 66: x=47.86, y=9.15[0m
[delivery_robot_main_controller-20] [0m[INFO] [1775111199.517161178] [main_controller_node]:   Waypoint 67: x=47.37, y=9.04[0m
[delivery_robot_main_controller-20] [0m[INFO] [1775111199.517764904] [main_controller_node]:   Waypoint 68: x=46.89, y=8.92[0m
[delivery_robot_main_controller-20] [0m[INFO] [1775111199.518378838] [main_controller_node]:   Waypoint 69: x=46.40, y=8.81[0m
[delivery_robot_main_controller-20] [0m[INFO] [1775111199.518988397] [main_controller_node]:   Waypoint 70: x=45.91, y=8.70[0m
[delivery_robot_main_controller-20] [0m[INFO] [1775111199.519622163] [main_controller_node]:   Waypoint 71: x=45.43, y=8.58[0m
[delivery_robot_main_controller-20] [0m[INFO] [1775111199.520253596] [main_controller_node]:   Waypoint 72: x=44.94, y=8.47[0m
[delivery_robot_main_controller-20] [0m[INFO] [1775111199.520863155] [main_controller_node]:   Waypoint 73: x=44.46, y=8.36[0m
[delivery_robot_main_controller-20] [0m[INFO] [1775111199.521463089] [main_controller_node]:   Waypoint 74: x=43.97, y=8.24[0m
[delivery_robot_main_controller-20] [0m[INFO] [1775111199.522070023] [main_controller_node]:   Waypoint 75: x=43.48, y=8.13[0m
[delivery_robot_main_controller-20] [0m[INFO] [1775111199.522686290] [main_controller_node]:   Waypoint 76: x=43.00, y=8.02[0m
[delivery_robot_main_controller-20] [0m[INFO] [1775111199.523296140] [main_controller_node]:   Waypoint 77: x=42.51, y=7.90[0m
[delivery_robot_main_controller-20] [0m[INFO] [1775111199.523899574] [main_controller_node]:   Waypoint 78: x=42.03, y=7.79[0m
[delivery_robot_main_controller-20] [0m[INFO] [1775111199.524496884] [main_controller_node]:   Waypoint 79: x=41.54, y=7.67[0m
[delivery_robot_main_controller-20] [0m[INFO] [1775111199.525115484] [main_controller_node]:   Waypoint 80: x=41.06, y=7.56[0m
[delivery_robot_main_controller-20] [0m[INFO] [1775111199.525806706] [main_controller_node]:   Waypoint 81: x=40.57, y=7.45[0m
[delivery_robot_main_controller-20] [0m[INFO] [1775111199.526427931] [main_controller_node]:   Waypoint 82: x=40.08, y=7.33[0m
[delivery_robot_main_controller-20] [0m[INFO] [1775111199.527024366] [main_controller_node]:   Waypoint 83: x=39.60, y=7.22[0m
[delivery_robot_main_controller-20] [0m[INFO] [1775111199.527616134] [main_controller_node]:   Waypoint 84: x=39.11, y=7.11[0m
[delivery_robot_main_controller-20] [0m[INFO] [1775111199.528206735] [main_controller_node]:   Waypoint 85: x=38.63, y=6.99[0m
[delivery_robot_main_controller-20] [0m[INFO] [1775111199.531244029] [main_controller_node]:   Waypoint 86: x=38.14, y=6.88[0m
[delivery_robot_main_controller-20] [0m[INFO] [1775111199.532861839] [main_controller_node]:   Waypoint 87: x=37.65, y=6.77[0m
[delivery_robot_main_controller-20] [0m[INFO] [1775111199.533681390] [main_controller_node]:   Waypoint 88: x=37.17, y=6.65[0m
[delivery_robot_main_controller-20] [0m[INFO] [1775111199.534371445] [main_controller_node]:   Waypoint 89: x=36.68, y=6.54[0m
[delivery_robot_main_controller-20] [0m[INFO] [1775111199.535119249] [main_controller_node]:   Waypoint 90: x=36.20, y=6.43[0m
[delivery_robot_main_controller-20] [0m[INFO] [1775111199.535921300] [main_controller_node]:   Waypoint 91: x=35.71, y=6.31[0m
[delivery_robot_main_controller-20] [0m[INFO] [1775111199.536590940] [main_controller_node]:   Waypoint 92: x=35.22, y=6.20[0m
[delivery_robot_main_controller-20] [0m[INFO] [1775111199.537229956] [main_controller_node]:   Waypoint 93: x=34.74, y=6.08[0m
[delivery_robot_main_controller-20] [0m[INFO] [1775111199.537856431] [main_controller_node]:   Waypoint 94: x=34.25, y=5.97[0m
[delivery_robot_main_controller-20] [0m[INFO] [1775111199.538476489] [main_controller_node]:   Waypoint 95: x=33.77, y=5.86[0m
[delivery_robot_main_controller-20] [0m[INFO] [1775111199.539116380] [main_controller_node]:   Waypoint 96: x=33.28, y=5.74[0m
[delivery_robot_main_controller-20] [0m[INFO] [1775111199.539713689] [main_controller_node]:   Waypoint 97: x=32.80, y=5.63[0m
[delivery_robot_main_controller-20] [0m[INFO] [1775111199.540316832] [main_controller_node]:   Waypoint 98: x=32.31, y=5.52[0m
[delivery_robot_main_controller-20] [0m[INFO] [1775111199.540932224] [main_controller_node]:   Waypoint 99: x=31.82, y=5.40[0m
[delivery_robot_main_controller-20] [0m[INFO] [1775111199.541526325] [main_controller_node]:   Waypoint 100: x=31.34, y=5.29[0m
[delivery_robot_main_controller-20] [0m[INFO] [1775111199.542112551] [main_controller_node]:   Waypoint 101: x=30.85, y=5.18[0m
[delivery_robot_main_controller-20] [0m[INFO] [1775111199.542723277] [main_controller_node]:   Waypoint 102: x=30.37, y=5.06[0m
[delivery_robot_main_controller-20] [0m[INFO] [1775111199.543417707] [main_controller_node]:   Waypoint 103: x=29.88, y=4.95[0m
[delivery_robot_main_controller-20] [0m[INFO] [1775111199.544039515] [main_controller_node]:   Waypoint 104: x=29.39, y=4.84[0m
[delivery_robot_main_controller-20] [0m[INFO] [1775111199.544640616] [main_controller_node]:   Waypoint 105: x=28.91, y=4.72[0m
[delivery_robot_main_controller-20] [0m[INFO] [1775111199.545224510] [main_controller_node]:   Waypoint 106: x=28.42, y=4.61[0m
[delivery_robot_main_controller-20] [0m[INFO] [1775111199.545826485] [main_controller_node]:   Waypoint 107: x=27.94, y=4.49[0m
[delivery_robot_main_controller-20] [0m[INFO] [1775111199.546507208] [main_controller_node]:   Waypoint 108: x=27.45, y=4.38[0m
[delivery_robot_main_controller-20] [0m[INFO] [1775111199.547140391] [main_controller_node]:   Waypoint 109: x=26.96, y=4.27[0m
[delivery_robot_main_controller-20] [0m[INFO] [1775111199.547751408] [main_controller_node]:   Waypoint 110: x=26.48, y=4.15[0m
[delivery_robot_main_controller-20] [0m[INFO] [1775111199.548347842] [main_controller_node]:   Waypoint 111: x=25.99, y=4.04[0m
[delivery_robot_main_controller-20] [0m[INFO] [1775111199.548953901] [main_controller_node]:   Waypoint 112: x=25.51, y=3.93[0m
[delivery_robot_main_controller-20] [0m[INFO] [1775111199.549556169] [main_controller_node]:   Waypoint 113: x=25.02, y=3.81[0m
[delivery_robot_main_controller-20] [0m[INFO] [1775111199.550378344] [main_controller_node]:   Waypoint 114: x=24.54, y=3.70[0m
[delivery_robot_main_controller-20] [0m[INFO] [1775111199.555419892] [main_controller_node]:   Waypoint 115: x=24.05, y=3.59[0m
[delivery_robot_main_controller-20] [0m[INFO] [1775111199.556148737] [main_controller_node]:   Waypoint 116: x=23.56, y=3.47[0m
[delivery_robot_main_controller-20] [0m[INFO] [1775111199.556806128] [main_controller_node]:   Waypoint 117: x=23.08, y=3.36[0m
[delivery_robot_main_controller-20] [0m[INFO] [1775111199.557416562] [main_controller_node]:   Waypoint 118: x=22.59, y=3.25[0m
[delivery_robot_main_controller-20] [0m[INFO] [1775111199.558017954] [main_controller_node]:   Waypoint 119: x=22.11, y=3.13[0m
[delivery_robot_main_controller-20] [0m[INFO] [1775111199.558635679] [main_controller_node]:   Waypoint 120: x=21.62, y=3.02[0m
[delivery_robot_main_controller-20] [0m[INFO] [1775111199.559280528] [main_controller_node]:   Waypoint 121: x=21.13, y=2.90[0m
[delivery_robot_main_controller-20] [0m[INFO] [1775111199.559882212] [main_controller_node]:   Waypoint 122: x=20.65, y=2.79[0m
[delivery_robot_main_controller-20] [0m[INFO] [1775111199.560471355] [main_controller_node]:   Waypoint 123: x=20.16, y=2.68[0m
[delivery_robot_main_controller-20] [0m[INFO] [1775111199.561079456] [main_controller_node]:   Waypoint 124: x=19.68, y=2.56[0m
[delivery_robot_main_controller-20] [0m[INFO] [1775111199.561678224] [main_controller_node]:   Waypoint 125: x=19.19, y=2.45[0m
[delivery_robot_main_controller-20] [0m[INFO] [1775111199.562284283] [main_controller_node]:   Waypoint 126: x=18.70, y=2.34[0m
[delivery_robot_main_controller-20] [0m[INFO] [1775111199.562934382] [main_controller_node]:   Waypoint 127: x=18.22, y=2.22[0m
[delivery_robot_main_controller-20] [0m[INFO] [1775111199.563569023] [main_controller_node]:   Waypoint 128: x=17.73, y=2.11[0m
[delivery_robot_main_controller-20] [0m[INFO] [1775111199.564219705] [main_controller_node]:   Waypoint 129: x=17.25, y=2.00[0m
[delivery_robot_main_controller-20] [0m[INFO] [1775111199.564821389] [main_controller_node]:   Waypoint 130: x=16.76, y=1.88[0m
[delivery_robot_main_controller-20] [0m[INFO] [1775111199.565416074] [main_controller_node]:   Waypoint 131: x=16.28, y=1.77[0m
[delivery_robot_main_controller-20] [0m[INFO] [1775111199.566032632] [main_controller_node]:   Waypoint 132: x=15.79, y=1.66[0m
[delivery_robot_main_controller-20] [0m[INFO] [1775111199.566627025] [main_controller_node]:   Waypoint 133: x=15.30, y=1.54[0m
[delivery_robot_main_controller-20] [0m[INFO] [1775111199.567213251] [main_controller_node]:   Waypoint 134: x=14.82, y=1.43[0m
[delivery_robot_main_controller-20] [0m[INFO] [1775111199.567811144] [main_controller_node]:   Waypoint 135: x=14.33, y=1.31[0m
[delivery_robot_main_controller-20] [0m[INFO] [1775111199.569798772] [main_controller_node]:   Waypoint 136: x=13.85, y=1.20[0m
[delivery_robot_main_controller-20] [0m[INFO] [1775111199.570519452] [main_controller_node]:   Waypoint 137: x=13.36, y=1.09[0m
[delivery_robot_main_controller-20] [0m[INFO] [1775111199.571158760] [main_controller_node]:   Waypoint 138: x=12.87, y=0.97[0m
[delivery_robot_main_controller-20] [0m[INFO] [1775111199.571772110] [main_controller_node]:   Waypoint 139: x=12.39, y=0.86[0m
[delivery_robot_main_controller-20] [0m[INFO] [1775111199.572457207] [main_controller_node]:   Waypoint 140: x=11.90, y=0.75[0m
[delivery_robot_main_controller-20] [0m[INFO] [1775111199.573095057] [main_controller_node]:   Waypoint 141: x=11.42, y=0.63[0m
[delivery_robot_main_controller-20] [0m[INFO] [1775111199.573690908] [main_controller_node]:   Waypoint 142: x=10.93, y=0.52[0m
[delivery_robot_main_controller-20] [0m[INFO] [1775111199.574282092] [main_controller_node]:   Waypoint 143: x=10.44, y=0.41[0m
[delivery_robot_main_controller-20] [0m[INFO] [1775111199.574894568] [main_controller_node]:   Waypoint 144: x=9.96, y=0.29[0m
[delivery_robot_main_controller-20] [0m[INFO] [1775111199.575497127] [main_controller_node]:   Waypoint 145: x=9.47, y=0.18[0m
[delivery_robot_main_controller-20] [0m[INFO] [1775111199.576145768] [main_controller_node]:   Waypoint 146: x=8.99, y=0.07[0m
[delivery_robot_main_controller-20] [0m[INFO] [1775111199.576759118] [main_controller_node]:   Waypoint 147: x=8.50, y=-0.05[0m
[delivery_robot_main_controller-20] [0m[INFO] [1775111199.577362260] [main_controller_node]:   Waypoint 148: x=8.02, y=-0.16[0m
[delivery_robot_main_controller-20] [0m[INFO] [1775111199.578040941] [main_controller_node]:   Waypoint 149: x=7.53, y=-0.28[0m
[delivery_robot_main_controller-20] [0m[INFO] [1775111199.581812040] [main_controller_node]:   Waypoint 150: x=7.04, y=-0.39[0m
[delivery_robot_main_controller-20] [0m[INFO] [1775111199.584978538] [main_controller_node]:   Waypoint 151: x=6.56, y=-0.50[0m
[delivery_robot_main_controller-20] [0m[INFO] [1775111199.585738007] [main_controller_node]:   Waypoint 152: x=6.07, y=-0.62[0m
[delivery_robot_main_controller-20] [0m[INFO] [1775111199.586518768] [main_controller_node]:   Waypoint 153: x=5.59, y=-0.73[0m
[delivery_robot_main_controller-20] [0m[INFO] [1775111199.587202698] [main_controller_node]:   Waypoint 154: x=5.10, y=-0.84[0m
[delivery_robot_main_controller-20] [0m[INFO] [1775111199.587909670] [main_controller_node]:   Waypoint 155: x=5.00, y=-0.38[0m
[delivery_robot_main_controller-20] [0m[INFO] [1775111199.588535853] [main_controller_node]:   Waypoint 156: x=4.90, y=0.08[0m
[delivery_robot_main_controller-20] [0m[INFO] [1775111199.589196743] [main_controller_node]:   Waypoint 157: x=4.80, y=0.54[0m
[delivery_robot_main_controller-20] [0m[INFO] [1775111199.589810677] [main_controller_node]:   Waypoint 158: x=4.71, y=1.00[0m
[delivery_robot_main_controller-20] [0m[INFO] [1775111199.590404486] [main_controller_node]:   Waypoint 159: x=4.61, y=1.45[0m
[delivery_robot_main_controller-20] [0m[INFO] [1775111199.591035044] [main_controller_node]:   Waypoint 160: x=4.51, y=1.91[0m
[delivery_robot_main_controller-20] [0m[INFO] [1775111199.591639937] [main_controller_node]:   Waypoint 161: x=4.41, y=2.37[0m
[delivery_robot_main_controller-20] [0m[INFO] [1775111199.592267870] [main_controller_node]:   Waypoint 162: x=4.31, y=2.83[0m
[delivery_robot_main_controller-20] [0m[INFO] [1775111199.592892303] [main_controller_node]:   Waypoint 163: x=4.15, y=3.29[0m
[delivery_robot_main_controller-20] [0m[INFO] [1775111199.593507987] [main_controller_node]:   Waypoint 164: x=3.98, y=3.74[0m
[delivery_robot_main_controller-20] [0m[INFO] [1775111199.594120171] [main_controller_node]:   Waypoint 165: x=3.81, y=4.19[0m
[delivery_robot_main_controller-20] [0m[INFO] [1775111199.594720105] [main_controller_node]:   Waypoint 166: x=3.65, y=4.65[0m
[delivery_robot_main_controller-20] [0m[INFO] [1775111199.595314789] [main_controller_node]:   Waypoint 167: x=3.48, y=5.10[0m
[delivery_robot_main_controller-20] [0m[INFO] [1775111199.595961097] [main_controller_node]:   Waypoint 168: x=3.31, y=5.55[0m
[delivery_robot_main_controller-20] [0m[INFO] [1775111199.596563947] [main_controller_node]:   Waypoint 169: x=2.87, y=5.48[0m
[delivery_robot_main_controller-20] [0m[INFO] [1775111199.597175839] [main_controller_node]:   Waypoint 170: x=2.42, y=5.40[0m
[delivery_robot_main_controller-20] [0m[INFO] [1775111199.597779857] [main_controller_node]:   Waypoint 171: x=1.98, y=5.33[0m
[delivery_robot_main_controller-20] [0m[INFO] [1775111199.598830106] [main_controller_node]:   Waypoint 172: x=1.53, y=5.26[0m
[delivery_robot_main_controller-20] [0m[INFO] [1775111199.600168511] [main_controller_node]:   Waypoint 173: x=1.09, y=5.18[0m
[delivery_robot_main_controller-20] [0m[INFO] [1775111199.601776405] [main_controller_node]:   Waypoint 174: x=0.66, y=5.41[0m
[delivery_robot_main_controller-20] [0m[INFO] [1775111199.602777364] [main_controller_node]:   Waypoint 175: x=0.23, y=5.63[0m
[delivery_robot_main_controller-20] [0m[INFO] [1775111199.603645330] [main_controller_node]:   Waypoint 176: x=-0.20, y=5.85[0m
[delivery_robot_main_controller-20] [0m[INFO] [1775111199.604389633] [main_controller_node]:   Waypoint 177: x=-0.63, y=6.07[0m
[delivery_robot_main_controller-20] [0m[INFO] [1775111199.606061399] [main_controller_node]: Navigating with 178 goals....[0m
[bt_navigator-14] [INFO] [1775111199.612835377] [bt_navigator]: Begin navigating from current location through 178 poses to (-0.63, 6.07)
[controller_server-10] [INFO] [1775111199.613434728] [local_costmap.local_costmap]: Received request to clear entirely the local_costmap
[delivery_robot_main_controller-20] [0m[INFO] [1775111199.619189372] [main_controller_node]: State change: STANDBY -> MOVE[0m
[controller_server-10] [INFO] [1775111199.619719017] [local_costmap.local_costmap]: KeepoutFilter: Subscribing to "/keepout_costmap_filter_info" topic for filter info...
[controller_server-10] [INFO] [1775111199.624967931] [local_costmap.local_costmap]: KeepoutFilter: Received filter info from /keepout_costmap_filter_info topic.
[controller_server-10] [INFO] [1775111199.625025096] [local_costmap.local_costmap]: KeepoutFilter: Subscribing to "/keepout_filter_mask" topic for filter mask...
[planner_server-12] [INFO] [1775111199.625922226] [global_costmap.global_costmap]: Received request to clear entirely the global_costmap
[controller_server-10] [WARN] [1775111199.629736198] [local_costmap.local_costmap]: KeepoutFilter: New filter mask arrived from /keepout_filter_mask topic. Updating old filter mask.
[planner_server-12] [INFO] [1775111199.633755495] [global_costmap.global_costmap]: KeepoutFilter: Subscribing to "/keepout_costmap_filter_info" topic for filter info...
[delivery_robot_main_controller-20] [0m[INFO] [1775111199.638810167] [main_controller_node]: Robot is MOVING.[0m
[planner_server-12] [INFO] [1775111199.644688764] [global_costmap.global_costmap]: KeepoutFilter: Received filter info from /keepout_costmap_filter_info topic.
[planner_server-12] [INFO] [1775111199.644786760] [global_costmap.global_costmap]: KeepoutFilter: Subscribing to "/keepout_filter_mask" topic for filter mask...
[planner_server-12] [WARN] [1775111199.656606369] [global_costmap.global_costmap]: KeepoutFilter: New filter mask arrived from /keepout_filter_mask topic. Updating old filter mask.
[planner_server-12] [WARN] [1775111199.771193808] [planner_server]: GridBased plugin failed to plan from (77.95, 16.15) to (77.50, 16.08): "no valid path found"
[planner_server-12] [WARN] [1775111199.771286263] [planner_server]: [compute_path_through_poses] [ActionServer] Aborting handle.
[planner_server-12] [INFO] [1775111199.783670807] [global_costmap.global_costmap]: Received request to clear entirely the global_costmap
[planner_server-12] [INFO] [1775111199.788324453] [global_costmap.global_costmap]: KeepoutFilter: Subscribing to "/keepout_costmap_filter_info" topic for filter info...
[planner_server-12] [INFO] [1775111199.793697612] [global_costmap.global_costmap]: KeepoutFilter: Received filter info from /keepout_costmap_filter_info topic.
[planner_server-12] [INFO] [1775111199.793750110] [global_costmap.global_costmap]: KeepoutFilter: Subscribing to "/keepout_filter_mask" topic for filter mask...
[planner_server-12] [WARN] [1775111199.800496381] [global_costmap.global_costmap]: KeepoutFilter: New filter mask arrived from /keepout_filter_mask topic. Updating old filter mask.
[planner_server-12] [WARN] [1775111200.313343323] [planner_server]: GridBased plugin failed to plan from (77.95, 16.15) to (77.50, 16.08): "no valid path found"
[planner_server-12] [WARN] [1775111200.313652186] [planner_server]: [compute_path_through_poses] [ActionServer] Aborting handle.
[bt_navigator-14] [WARN] [1775111200.324763073] [bt_navigator]: [navigate_through_poses] [ActionServer] Aborting handle.
[bt_navigator-14] [ERROR] [1775111200.325732534] [bt_navigator]: Goal failed
[delivery_robot_main_controller-20] [33m[WARN] [1775111200.332909579] [main_controller_node]: Goal failed! (obstacle retry 2/3)[0m
[delivery_robot_main_controller-20] [0m[INFO] [1775111200.333883123] [main_controller_node]: Published message: "obstacle_alert"[0m
[delivery_robot_main_controller-20] [0m[INFO] [1775111200.336238820] [main_controller_node]: Pre-resume: waiting 3 seconds before wiggle...[0m
[robot_sound-21] [0m[INFO] [1775111200.348414539] [robot_sound_node]: 🔔 Received sound command: obstacle_alert[0m
[robot_sound-21] amixer: Unable to find simple control 'PCM',0
[robot_sound-21] 
[robot_sound-21] [0m[INFO] [1775111200.366501813] [robot_sound_node]: 🔊 Playing sound: /home/smr/workspaces/mini_amr/amrROS2_ws/sounds/robot_obstacle.wav[0m
[delivery_robot_main_controller-20] [0m[INFO] [1775111200.371998050] [main_controller_node]: Current state: MOVE, dock_state IDLE, charge_state NOT_CHARGE[0m
[robot_sound-21] aplay: main:834: audio open error: No such file or directory
[delivery_robot_main_controller-20] [0m[INFO] [1775111200.640833335] [main_controller_node]: Pre-resume: clearing local/global costmaps.[0m
[controller_server-10] [INFO] [1775111200.643623598] [local_costmap.local_costmap]: Received request to clear entirely the local_costmap
[controller_server-10] [INFO] [1775111200.654715528] [local_costmap.local_costmap]: KeepoutFilter: Subscribing to "/keepout_costmap_filter_info" topic for filter info...
[controller_server-10] [INFO] [1775111200.661929905] [local_costmap.local_costmap]: KeepoutFilter: Received filter info from /keepout_costmap_filter_info topic.
[controller_server-10] [INFO] [1775111200.661990861] [local_costmap.local_costmap]: KeepoutFilter: Subscribing to "/keepout_filter_mask" topic for filter mask...
[planner_server-12] [INFO] [1775111200.665141609] [global_costmap.global_costmap]: Received request to clear entirely the global_costmap
[planner_server-12] [INFO] [1775111200.672988002] [global_costmap.global_costmap]: KeepoutFilter: Subscribing to "/keepout_costmap_filter_info" topic for filter info...
[controller_server-10] [WARN] [1775111200.673194202] [local_costmap.local_costmap]: KeepoutFilter: New filter mask arrived from /keepout_filter_mask topic. Updating old filter mask.
[planner_server-12] [INFO] [1775111200.683693489] [global_costmap.global_costmap]: KeepoutFilter: Received filter info from /keepout_costmap_filter_info topic.
[planner_server-12] [INFO] [1775111200.683751820] [global_costmap.global_costmap]: KeepoutFilter: Subscribing to "/keepout_filter_mask" topic for filter mask...
[planner_server-12] [WARN] [1775111200.697267402] [global_costmap.global_costmap]: KeepoutFilter: New filter mask arrived from /keepout_filter_mask topic. Updating old filter mask.
[delivery_robot_main_controller-20] [0m[INFO] [1775111201.295228009] [main_controller_node]: Current state: MOVE, dock_state IDLE, charge_state NOT_CHARGE[0m
[delivery_robot_main_controller-20] [0m[INFO] [1775111201.685791904] [main_controller_node]: Pre-resume wiggle complete. Switching to STANDBY.[0m
[delivery_robot_main_controller-20] [0m[INFO] [1775111201.687392506] [main_controller_node]: State change: MOVE -> STANDBY[0m
[delivery_robot_main_controller-20] [0m[INFO] [1775111201.700993252] [main_controller_node]: Robot is in STANDBY mode.[0m
[delivery_robot_main_controller-20] [0m[INFO] [1775111202.293109968] [main_controller_node]: Current state: STANDBY, dock_state IDLE, charge_state NOT_CHARGE[0m
[delivery_robot_main_controller-20] [0m[INFO] [1775111203.293850438] [main_controller_node]: Current state: STANDBY, dock_state IDLE, charge_state NOT_CHARGE[0m
[delivery_robot_main_controller-20] [0m[INFO] [1775111203.374209252] [main_controller_node]: 1 pending queues [0m
[delivery_robot_main_controller-20] [0m[INFO] [1775111203.378420458] [main_controller_node]: Queue action: Request[0m
[delivery_robot_main_controller-20] [0m[INFO] [1775111203.427225414] [main_controller_node]: AGV start_pos: x=79.93, y=16.65[0m
[delivery_robot_main_controller-20] [0m[INFO] [1775111203.430054175] [main_controller_node]: AGV goal_pos: x=-0.63, y=6.07[0m
[delivery_robot_main_controller-20] [0m[INFO] [1775111203.430660818] [main_controller_node]: Path source: database routes[0m
[delivery_robot_main_controller-20] [0m[INFO] [1775111203.440632501] [main_controller_node]: Computed AGV path waypoints:[0m
[delivery_robot_main_controller-20] [0m[INFO] [1775111203.441330431] [main_controller_node]:   Waypoint 0: x=79.93, y=16.65[0m
[delivery_robot_main_controller-20] [0m[INFO] [1775111203.441969155] [main_controller_node]:   Waypoint 1: x=79.44, y=16.53[0m
[delivery_robot_main_controller-20] [0m[INFO] [1775111203.442596213] [main_controller_node]:   Waypoint 2: x=78.95, y=16.42[0m
[delivery_robot_main_controller-20] [0m[INFO] [1775111203.443189731] [main_controller_node]:   Waypoint 3: x=78.47, y=16.31[0m
[delivery_robot_main_controller-20] [0m[INFO] [1775111203.443774791] [main_controller_node]:   Waypoint 4: x=77.98, y=16.19[0m
[delivery_robot_main_controller-20] [0m[INFO] [1775111203.444366559] [main_controller_node]:   Waypoint 5: x=77.50, y=16.08[0m
[delivery_robot_main_controller-20] [0m[INFO] [1775111203.444946661] [main_controller_node]:   Waypoint 6: x=77.01, y=15.97[0m
[delivery_robot_main_controller-20] [0m[INFO] [1775111203.445526762] [main_controller_node]:   Waypoint 7: x=76.52, y=15.85[0m
[delivery_robot_main_controller-20] [0m[INFO] [1775111203.446127571] [main_controller_node]:   Waypoint 8: x=76.04, y=15.74[0m
[delivery_robot_main_controller-20] [0m[INFO] [1775111203.446722839] [main_controller_node]:   Waypoint 9: x=75.55, y=15.63[0m
[delivery_robot_main_controller-20] [0m[INFO] [1775111203.447327440] [main_controller_node]:   Waypoint 10: x=75.07, y=15.51[0m
[delivery_robot_main_controller-20] [0m[INFO] [1775111203.447925333] [main_controller_node]:   Waypoint 11: x=74.58, y=15.40[0m
[delivery_robot_main_controller-20] [0m[INFO] [1775111203.448515642] [main_controller_node]:   Waypoint 12: x=74.09, y=15.28[0m
[delivery_robot_main_controller-20] [0m[INFO] [1775111203.449118201] [main_controller_node]:   Waypoint 13: x=73.61, y=15.17[0m
[delivery_robot_main_controller-20] [0m[INFO] [1775111203.451484690] [main_controller_node]:   Waypoint 14: x=73.12, y=15.06[0m
[delivery_robot_main_controller-20] [0m[INFO] [1775111203.452193703] [main_controller_node]:   Waypoint 15: x=72.64, y=14.94[0m
[delivery_robot_main_controller-20] [0m[INFO] [1775111203.452872676] [main_controller_node]:   Waypoint 16: x=72.15, y=14.83[0m
[delivery_robot_main_controller-20] [0m[INFO] [1775111203.453670644] [main_controller_node]:   Waypoint 17: x=71.67, y=14.72[0m
[delivery_robot_main_controller-20] [0m[INFO] [1775111203.455631731] [main_controller_node]:   Waypoint 18: x=71.18, y=14.60[0m
[delivery_robot_main_controller-20] [0m[INFO] [1775111203.456458282] [main_controller_node]:   Waypoint 19: x=70.69, y=14.49[0m
[delivery_robot_main_controller-20] [0m[INFO] [1775111203.457057049] [main_controller_node]:   Waypoint 20: x=70.21, y=14.38[0m
[delivery_robot_main_controller-20] [0m[INFO] [1775111203.457655525] [main_controller_node]:   Waypoint 21: x=69.72, y=14.26[0m
[delivery_robot_main_controller-20] [0m[INFO] [1775111203.458237960] [main_controller_node]:   Waypoint 22: x=69.24, y=14.15[0m
[delivery_robot_main_controller-20] [0m[INFO] [1775111203.458817770] [main_controller_node]:   Waypoint 23: x=68.75, y=14.04[0m
[delivery_robot_main_controller-20] [0m[INFO] [1775111203.459421204] [main_controller_node]:   Waypoint 24: x=68.26, y=13.92[0m
[delivery_robot_main_controller-20] [0m[INFO] [1775111203.460004222] [main_controller_node]:   Waypoint 25: x=67.78, y=13.81[0m
[delivery_robot_main_controller-20] [0m[INFO] [1775111203.460586657] [main_controller_node]:   Waypoint 26: x=67.29, y=13.69[0m
[delivery_robot_main_controller-20] [0m[INFO] [1775111203.461305587] [main_controller_node]:   Waypoint 27: x=66.81, y=13.58[0m
[delivery_robot_main_controller-20] [0m[INFO] [1775111203.461908729] [main_controller_node]:   Waypoint 28: x=66.32, y=13.47[0m
[delivery_robot_main_controller-20] [0m[INFO] [1775111203.462519163] [main_controller_node]:   Waypoint 29: x=65.83, y=13.35[0m
[delivery_robot_main_controller-20] [0m[INFO] [1775111203.463196678] [main_controller_node]:   Waypoint 30: x=65.35, y=13.24[0m
[delivery_robot_main_controller-20] [0m[INFO] [1775111203.463799528] [main_controller_node]:   Waypoint 31: x=64.86, y=13.13[0m
[delivery_robot_main_controller-20] [0m[INFO] [1775111203.464390713] [main_controller_node]:   Waypoint 32: x=64.38, y=13.01[0m
[delivery_robot_main_controller-20] [0m[INFO] [1775111203.464973440] [main_controller_node]:   Waypoint 33: x=63.89, y=12.90[0m
[delivery_robot_main_controller-20] [0m[INFO] [1775111203.465552958] [main_controller_node]:   Waypoint 34: x=63.41, y=12.79[0m
[delivery_robot_main_controller-20] [0m[INFO] [1775111203.466166600] [main_controller_node]:   Waypoint 35: x=62.92, y=12.67[0m
[delivery_robot_main_controller-20] [0m[INFO] [1775111203.466765368] [main_controller_node]:   Waypoint 36: x=62.43, y=12.56[0m
[delivery_robot_main_controller-20] [0m[INFO] [1775111203.467344303] [main_controller_node]:   Waypoint 37: x=61.95, y=12.45[0m
[delivery_robot_main_controller-20] [0m[INFO] [1775111203.467941904] [main_controller_node]:   Waypoint 38: x=61.46, y=12.33[0m
[delivery_robot_main_controller-20] [0m[INFO] [1775111203.468549129] [main_controller_node]:   Waypoint 39: x=60.98, y=12.22[0m
[delivery_robot_main_controller-20] [0m[INFO] [1775111203.469176187] [main_controller_node]:   Waypoint 40: x=60.49, y=12.10[0m
[delivery_robot_main_controller-20] [0m[INFO] [1775111203.469785163] [main_controller_node]:   Waypoint 41: x=60.00, y=11.99[0m
[delivery_robot_main_controller-20] [0m[INFO] [1775111203.470381889] [main_controller_node]:   Waypoint 42: x=59.52, y=11.88[0m
[delivery_robot_main_controller-20] [0m[INFO] [1775111203.470963741] [main_controller_node]:   Waypoint 43: x=59.03, y=11.76[0m
[delivery_robot_main_controller-20] [0m[INFO] [1775111203.471554050] [main_controller_node]:   Waypoint 44: x=58.55, y=11.65[0m
[delivery_robot_main_controller-20] [0m[INFO] [1775111203.472144943] [main_controller_node]:   Waypoint 45: x=58.06, y=11.54[0m
[delivery_robot_main_controller-20] [0m[INFO] [1775111203.472744002] [main_controller_node]:   Waypoint 46: x=57.57, y=11.42[0m
[delivery_robot_main_controller-20] [0m[INFO] [1775111203.473323812] [main_controller_node]:   Waypoint 47: x=57.09, y=11.31[0m
[delivery_robot_main_controller-20] [0m[INFO] [1775111203.473898664] [main_controller_node]:   Waypoint 48: x=56.60, y=11.20[0m
[delivery_robot_main_controller-20] [0m[INFO] [1775111203.474472641] [main_controller_node]:   Waypoint 49: x=56.12, y=11.08[0m
[delivery_robot_main_controller-20] [0m[INFO] [1775111203.475064992] [main_controller_node]:   Waypoint 50: x=55.63, y=10.97[0m
[delivery_robot_main_controller-20] [0m[INFO] [1775111203.475655885] [main_controller_node]:   Waypoint 51: x=55.15, y=10.86[0m
[delivery_robot_main_controller-20] [0m[INFO] [1775111203.476279152] [main_controller_node]:   Waypoint 52: x=54.66, y=10.74[0m
[delivery_robot_main_controller-20] [0m[INFO] [1775111203.476864212] [main_controller_node]:   Waypoint 53: x=54.17, y=10.63[0m
[delivery_robot_main_controller-20] [0m[INFO] [1775111203.477440814] [main_controller_node]:   Waypoint 54: x=53.69, y=10.51[0m
[delivery_robot_main_controller-20] [0m[INFO] [1775111203.478012749] [main_controller_node]:   Waypoint 55: x=53.20, y=10.40[0m
[delivery_robot_main_controller-20] [0m[INFO] [1775111203.478677722] [main_controller_node]:   Waypoint 56: x=52.72, y=10.29[0m
[delivery_robot_main_controller-20] [0m[INFO] [1775111203.479317030] [main_controller_node]:   Waypoint 57: x=52.23, y=10.17[0m
[delivery_robot_main_controller-20] [0m[INFO] [1775111203.481409363] [main_controller_node]:   Waypoint 58: x=51.74, y=10.06[0m
[delivery_robot_main_controller-20] [0m[INFO] [1775111203.484644399] [main_controller_node]:   Waypoint 59: x=51.26, y=9.95[0m
[delivery_robot_main_controller-20] [0m[INFO] [1775111203.485361287] [main_controller_node]:   Waypoint 60: x=50.77, y=9.83[0m
[delivery_robot_main_controller-20] [0m[INFO] [1775111203.486008470] [main_controller_node]:   Waypoint 61: x=50.29, y=9.72[0m
[delivery_robot_main_controller-20] [0m[INFO] [1775111203.486643694] [main_controller_node]:   Waypoint 62: x=49.80, y=9.61[0m
[delivery_robot_main_controller-20] [0m[INFO] [1775111203.487271919] [main_controller_node]:   Waypoint 63: x=49.31, y=9.49[0m
[delivery_robot_main_controller-20] [0m[INFO] [1775111203.487931642] [main_controller_node]:   Waypoint 64: x=48.83, y=9.38[0m
[delivery_robot_main_controller-20] [0m[INFO] [1775111203.488530410] [main_controller_node]:   Waypoint 65: x=48.34, y=9.27[0m
[delivery_robot_main_controller-20] [0m[INFO] [1775111203.489133552] [main_controller_node]:   Waypoint 66: x=47.86, y=9.15[0m
[delivery_robot_main_controller-20] [0m[INFO] [1775111203.489790068] [main_controller_node]:   Waypoint 67: x=47.37, y=9.04[0m
[delivery_robot_main_controller-20] [0m[INFO] [1775111203.490410709] [main_controller_node]:   Waypoint 68: x=46.89, y=8.92[0m
[delivery_robot_main_controller-20] [0m[INFO] [1775111203.491017060] [main_controller_node]:   Waypoint 69: x=46.40, y=8.81[0m
[delivery_robot_main_controller-20] [0m[INFO] [1775111203.491609411] [main_controller_node]:   Waypoint 70: x=45.91, y=8.70[0m
[delivery_robot_main_controller-20] [0m[INFO] [1775111203.492265343] [main_controller_node]:   Waypoint 71: x=45.43, y=8.58[0m
[delivery_robot_main_controller-20] [0m[INFO] [1775111203.492895901] [main_controller_node]:   Waypoint 72: x=44.94, y=8.47[0m
[delivery_robot_main_controller-20] [0m[INFO] [1775111203.493527334] [main_controller_node]:   Waypoint 73: x=44.46, y=8.36[0m
[delivery_robot_main_controller-20] [0m[INFO] [1775111203.494142143] [main_controller_node]:   Waypoint 74: x=43.97, y=8.24[0m
[delivery_robot_main_controller-20] [0m[INFO] [1775111203.494748202] [main_controller_node]:   Waypoint 75: x=43.48, y=8.13[0m
[delivery_robot_main_controller-20] [0m[INFO] [1775111203.495367385] [main_controller_node]:   Waypoint 76: x=43.00, y=8.02[0m
[delivery_robot_main_controller-20] [0m[INFO] [1775111203.496482966] [main_controller_node]:   Waypoint 77: x=42.51, y=7.90[0m
[delivery_robot_main_controller-20] [0m[INFO] [1775111203.497717833] [main_controller_node]:   Waypoint 78: x=42.03, y=7.79[0m
[delivery_robot_main_controller-20] [0m[INFO] [1775111203.498456303] [main_controller_node]:   Waypoint 79: x=41.54, y=7.68[0m
[delivery_robot_main_controller-20] [0m[INFO] [1775111203.499153942] [main_controller_node]:   Waypoint 80: x=41.05, y=7.56[0m
[delivery_robot_main_controller-20] [0m[INFO] [1775111203.500180567] [main_controller_node]:   Waypoint 81: x=40.57, y=7.45[0m
[delivery_robot_main_controller-20] [0m[INFO] [1775111203.511264330] [main_controller_node]:   Waypoint 82: x=40.08, y=7.33[0m
[delivery_robot_main_controller-20] [0m[INFO] [1775111203.512015925] [main_controller_node]:   Waypoint 83: x=39.60, y=7.22[0m
[delivery_robot_main_controller-20] [0m[INFO] [1775111203.512706856] [main_controller_node]:   Waypoint 84: x=39.11, y=7.11[0m
[delivery_robot_main_controller-20] [0m[INFO] [1775111203.513439493] [main_controller_node]:   Waypoint 85: x=38.63, y=6.99[0m
[delivery_robot_main_controller-20] [0m[INFO] [1775111203.514431995] [main_controller_node]:   Waypoint 86: x=38.14, y=6.88[0m
[delivery_robot_main_controller-20] [0m[INFO] [1775111203.515109217] [main_controller_node]:   Waypoint 87: x=37.65, y=6.77[0m
[delivery_robot_main_controller-20] [0m[INFO] [1775111203.515757858] [main_controller_node]:   Waypoint 88: x=37.17, y=6.65[0m
[delivery_robot_main_controller-20] [0m[INFO] [1775111203.516384624] [main_controller_node]:   Waypoint 89: x=36.68, y=6.54[0m
[delivery_robot_main_controller-20] [0m[INFO] [1775111203.517008766] [main_controller_node]:   Waypoint 90: x=36.20, y=6.43[0m
[delivery_robot_main_controller-20] [0m[INFO] [1775111203.517607534] [main_controller_node]:   Waypoint 91: x=35.71, y=6.31[0m
[delivery_robot_main_controller-20] [0m[INFO] [1775111203.518329671] [main_controller_node]:   Waypoint 92: x=35.22, y=6.20[0m
[delivery_robot_main_controller-20] [0m[INFO] [1775111203.518959063] [main_controller_node]:   Waypoint 93: x=34.74, y=6.08[0m
[delivery_robot_main_controller-20] [0m[INFO] [1775111203.519616453] [main_controller_node]:   Waypoint 94: x=34.25, y=5.97[0m
[delivery_robot_main_controller-20] [0m[INFO] [1775111203.520315258] [main_controller_node]:   Waypoint 95: x=33.77, y=5.86[0m
[delivery_robot_main_controller-20] [0m[INFO] [1775111203.520966524] [main_controller_node]:   Waypoint 96: x=33.28, y=5.74[0m
[delivery_robot_main_controller-20] [0m[INFO] [1775111203.521585707] [main_controller_node]:   Waypoint 97: x=32.80, y=5.63[0m
[delivery_robot_main_controller-20] [0m[INFO] [1775111203.522200516] [main_controller_node]:   Waypoint 98: x=32.31, y=5.52[0m
[delivery_robot_main_controller-20] [0m[INFO] [1775111203.522826699] [main_controller_node]:   Waypoint 99: x=31.82, y=5.40[0m
[delivery_robot_main_controller-20] [0m[INFO] [1775111203.523435091] [main_controller_node]:   Waypoint 100: x=31.34, y=5.29[0m
[delivery_robot_main_controller-20] [0m[INFO] [1775111203.524021901] [main_controller_node]:   Waypoint 101: x=30.85, y=5.18[0m
[delivery_robot_main_controller-20] [0m[INFO] [1775111203.524641668] [main_controller_node]:   Waypoint 102: x=30.37, y=5.06[0m
[delivery_robot_main_controller-20] [0m[INFO] [1775111203.525311308] [main_controller_node]:   Waypoint 103: x=29.88, y=4.95[0m
[delivery_robot_main_controller-20] [0m[INFO] [1775111203.525917950] [main_controller_node]:   Waypoint 104: x=29.39, y=4.84[0m
[delivery_robot_main_controller-20] [0m[INFO] [1775111203.526599547] [main_controller_node]:   Waypoint 105: x=28.91, y=4.72[0m
[delivery_robot_main_controller-20] [0m[INFO] [1775111203.527195690] [main_controller_node]:   Waypoint 106: x=28.42, y=4.61[0m
[delivery_robot_main_controller-20] [0m[INFO] [1775111203.527790958] [main_controller_node]:   Waypoint 107: x=27.94, y=4.49[0m
[delivery_robot_main_controller-20] [0m[INFO] [1775111203.528390601] [main_controller_node]:   Waypoint 108: x=27.45, y=4.38[0m
[delivery_robot_main_controller-20] [0m[INFO] [1775111203.533514978] [main_controller_node]:   Waypoint 109: x=26.96, y=4.27[0m
[delivery_robot_main_controller-20] [0m[INFO] [1775111203.534239449] [main_controller_node]:   Waypoint 110: x=26.48, y=4.15[0m
[delivery_robot_main_controller-20] [0m[INFO] [1775111203.534865340] [main_controller_node]:   Waypoint 111: x=25.99, y=4.04[0m
[delivery_robot_main_controller-20] [0m[INFO] [1775111203.535461775] [main_controller_node]:   Waypoint 112: x=25.51, y=3.93[0m
[delivery_robot_main_controller-20] [0m[INFO] [1775111203.536074250] [main_controller_node]:   Waypoint 113: x=25.02, y=3.81[0m
[delivery_robot_main_controller-20] [0m[INFO] [1775111203.536665435] [main_controller_node]:   Waypoint 114: x=24.54, y=3.70[0m
[delivery_robot_main_controller-20] [0m[INFO] [1775111203.537246120] [main_controller_node]:   Waypoint 115: x=24.05, y=3.59[0m
[delivery_robot_main_controller-20] [0m[INFO] [1775111203.537840513] [main_controller_node]:   Waypoint 116: x=23.56, y=3.47[0m
[delivery_robot_main_controller-20] [0m[INFO] [1775111203.538420906] [main_controller_node]:   Waypoint 117: x=23.08, y=3.36[0m
[delivery_robot_main_controller-20] [0m[INFO] [1775111203.539004216] [main_controller_node]:   Waypoint 118: x=22.59, y=3.25[0m
[delivery_robot_main_controller-20] [0m[INFO] [1775111203.539602984] [main_controller_node]:   Waypoint 119: x=22.11, y=3.13[0m
[delivery_robot_main_controller-20] [0m[INFO] [1775111203.540204959] [main_controller_node]:   Waypoint 120: x=21.62, y=3.02[0m
[delivery_robot_main_controller-20] [0m[INFO] [1775111203.540810143] [main_controller_node]:   Waypoint 121: x=21.13, y=2.90[0m
[delivery_robot_main_controller-20] [0m[INFO] [1775111203.541396661] [main_controller_node]:   Waypoint 122: x=20.65, y=2.79[0m
[delivery_robot_main_controller-20] [0m[INFO] [1775111203.541975888] [main_controller_node]:   Waypoint 123: x=20.16, y=2.68[0m
[delivery_robot_main_controller-20] [0m[INFO] [1775111203.542648736] [main_controller_node]:   Waypoint 124: x=19.68, y=2.56[0m
[delivery_robot_main_controller-20] [0m[INFO] [1775111203.543310501] [main_controller_node]:   Waypoint 125: x=19.19, y=2.45[0m
[delivery_robot_main_controller-20] [0m[INFO] [1775111203.543905186] [main_controller_node]:   Waypoint 126: x=18.70, y=2.34[0m
[delivery_robot_main_controller-20] [0m[INFO] [1775111203.544487037] [main_controller_node]:   Waypoint 127: x=18.22, y=2.22[0m
[delivery_robot_main_controller-20] [0m[INFO] [1775111203.545066556] [main_controller_node]:   Waypoint 128: x=17.73, y=2.11[0m
[delivery_robot_main_controller-20] [0m[INFO] [1775111203.545641991] [main_controller_node]:   Waypoint 129: x=17.25, y=2.00[0m
[delivery_robot_main_controller-20] [0m[INFO] [1775111203.546251258] [main_controller_node]:   Waypoint 130: x=16.76, y=1.88[0m
[delivery_robot_main_controller-20] [0m[INFO] [1775111203.546841568] [main_controller_node]:   Waypoint 131: x=16.28, y=1.77[0m
[delivery_robot_main_controller-20] [0m[INFO] [1775111203.547459001] [main_controller_node]:   Waypoint 132: x=15.79, y=1.66[0m
[delivery_robot_main_controller-20] [0m[INFO] [1775111203.548063310] [main_controller_node]:   Waypoint 133: x=15.30, y=1.54[0m
[delivery_robot_main_controller-20] [0m[INFO] [1775111203.548648370] [main_controller_node]:   Waypoint 134: x=14.82, y=1.43[0m
[delivery_robot_main_controller-20] [0m[INFO] [1775111203.549245680] [main_controller_node]:   Waypoint 135: x=14.33, y=1.31[0m
[delivery_robot_main_controller-20] [0m[INFO] [1775111203.549848530] [main_controller_node]:   Waypoint 136: x=13.85, y=1.20[0m
[delivery_robot_main_controller-20] [0m[INFO] [1775111203.553303767] [main_controller_node]:   Waypoint 137: x=13.36, y=1.09[0m
[delivery_robot_main_controller-20] [0m[INFO] [1775111203.554113401] [main_controller_node]:   Waypoint 138: x=12.87, y=0.97[0m
[delivery_robot_main_controller-20] [0m[INFO] [1775111203.556805668] [main_controller_node]:   Waypoint 139: x=12.39, y=0.86[0m
[delivery_robot_main_controller-20] [0m[INFO] [1775111203.557585261] [main_controller_node]:   Waypoint 140: x=11.90, y=0.75[0m
[delivery_robot_main_controller-20] [0m[INFO] [1775111203.558291650] [main_controller_node]:   Waypoint 141: x=11.42, y=0.63[0m
[delivery_robot_main_controller-20] [0m[INFO] [1775111203.558922499] [main_controller_node]:   Waypoint 142: x=10.93, y=0.52[0m
[delivery_robot_main_controller-20] [0m[INFO] [1775111203.559562682] [main_controller_node]:   Waypoint 143: x=10.44, y=0.41[0m
[delivery_robot_main_controller-20] [0m[INFO] [1775111203.560175741] [main_controller_node]:   Waypoint 144: x=9.96, y=0.29[0m
[delivery_robot_main_controller-20] [0m[INFO] [1775111203.560771008] [main_controller_node]:   Waypoint 145: x=9.47, y=0.18[0m
[delivery_robot_main_controller-20] [0m[INFO] [1775111203.561362776] [main_controller_node]:   Waypoint 146: x=8.99, y=0.07[0m
[delivery_robot_main_controller-20] [0m[INFO] [1775111203.561960669] [main_controller_node]:   Waypoint 147: x=8.50, y=-0.05[0m
[delivery_robot_main_controller-20] [0m[INFO] [1775111203.562595893] [main_controller_node]:   Waypoint 148: x=8.02, y=-0.16[0m
[delivery_robot_main_controller-20] [0m[INFO] [1775111203.563197577] [main_controller_node]:   Waypoint 149: x=7.53, y=-0.28[0m
[delivery_robot_main_controller-20] [0m[INFO] [1775111203.563786137] [main_controller_node]:   Waypoint 150: x=7.04, y=-0.39[0m
[delivery_robot_main_controller-20] [0m[INFO] [1775111203.564433611] [main_controller_node]:   Waypoint 151: x=6.56, y=-0.50[0m
[delivery_robot_main_controller-20] [0m[INFO] [1775111203.565044628] [main_controller_node]:   Waypoint 152: x=6.07, y=-0.62[0m
[delivery_robot_main_controller-20] [0m[INFO] [1775111203.565636105] [main_controller_node]:   Waypoint 153: x=5.59, y=-0.73[0m
[delivery_robot_main_controller-20] [0m[INFO] [1775111203.566242163] [main_controller_node]:   Waypoint 154: x=5.10, y=-0.84[0m
[delivery_robot_main_controller-20] [0m[INFO] [1775111203.566833056] [main_controller_node]:   Waypoint 155: x=5.00, y=-0.38[0m
[delivery_robot_main_controller-20] [0m[INFO] [1775111203.567435032] [main_controller_node]:   Waypoint 156: x=4.90, y=0.08[0m
[delivery_robot_main_controller-20] [0m[INFO] [1775111203.568065299] [main_controller_node]:   Waypoint 157: x=4.80, y=0.54[0m
[delivery_robot_main_controller-20] [0m[INFO] [1775111203.568679232] [main_controller_node]:   Waypoint 158: x=4.71, y=1.00[0m
[delivery_robot_main_controller-20] [0m[INFO] [1775111203.569363163] [main_controller_node]:   Waypoint 159: x=4.61, y=1.45[0m
[delivery_robot_main_controller-20] [0m[INFO] [1775111203.569982638] [main_controller_node]:   Waypoint 160: x=4.51, y=1.91[0m
[delivery_robot_main_controller-20] [0m[INFO] [1775111203.570579948] [main_controller_node]:   Waypoint 161: x=4.41, y=2.37[0m
[delivery_robot_main_controller-20] [0m[INFO] [1775111203.571168507] [main_controller_node]:   Waypoint 162: x=4.31, y=2.83[0m
[delivery_robot_main_controller-20] [0m[INFO] [1775111203.571749776] [main_controller_node]:   Waypoint 163: x=4.15, y=3.29[0m
[delivery_robot_main_controller-20] [0m[INFO] [1775111203.572379750] [main_controller_node]:   Waypoint 164: x=3.98, y=3.74[0m
[delivery_robot_main_controller-20] [0m[INFO] [1775111203.572972976] [main_controller_node]:   Waypoint 165: x=3.81, y=4.19[0m
[delivery_robot_main_controller-20] [0m[INFO] [1775111203.573558036] [main_controller_node]:   Waypoint 166: x=3.65, y=4.65[0m
[delivery_robot_main_controller-20] [0m[INFO] [1775111203.574162054] [main_controller_node]:   Waypoint 167: x=3.48, y=5.10[0m
[delivery_robot_main_controller-20] [0m[INFO] [1775111203.574758780] [main_controller_node]:   Waypoint 168: x=3.31, y=5.55[0m
[delivery_robot_main_controller-20] [0m[INFO] [1775111203.575350548] [main_controller_node]:   Waypoint 169: x=2.87, y=5.48[0m
[delivery_robot_main_controller-20] [0m[INFO] [1775111203.576040020] [main_controller_node]:   Waypoint 170: x=2.42, y=5.40[0m
[delivery_robot_main_controller-20] [0m[INFO] [1775111203.576682244] [main_controller_node]:   Waypoint 171: x=1.98, y=5.33[0m
[delivery_robot_main_controller-20] [0m[INFO] [1775111203.577349842] [main_controller_node]:   Waypoint 172: x=1.53, y=5.26[0m
[delivery_robot_main_controller-20] [0m[INFO] [1775111203.578055064] [main_controller_node]:   Waypoint 173: x=1.09, y=5.18[0m
[delivery_robot_main_controller-20] [0m[INFO] [1775111203.578794993] [main_controller_node]:   Waypoint 174: x=0.66, y=5.41[0m
[delivery_robot_main_controller-20] [0m[INFO] [1775111203.579480382] [main_controller_node]:   Waypoint 175: x=0.23, y=5.63[0m
[delivery_robot_main_controller-20] [0m[INFO] [1775111203.580117939] [main_controller_node]:   Waypoint 176: x=-0.20, y=5.85[0m
[delivery_robot_main_controller-20] [0m[INFO] [1775111203.580730998] [main_controller_node]:   Waypoint 177: x=-0.63, y=6.07[0m
[delivery_robot_main_controller-20] [0m[INFO] [1775111203.583950286] [main_controller_node]: Navigating with 178 goals....[0m
[delivery_robot_main_controller-20] [0m[INFO] [1775111203.587971916] [main_controller_node]: State change: STANDBY -> MOVE[0m
[bt_navigator-14] [INFO] [1775111203.589663223] [bt_navigator]: Begin navigating from current location through 178 poses to (-0.63, 6.07)
[controller_server-10] [INFO] [1775111203.590027791] [local_costmap.local_costmap]: Received request to clear entirely the local_costmap
[controller_server-10] [INFO] [1775111203.599180799] [local_costmap.local_costmap]: KeepoutFilter: Subscribing to "/keepout_costmap_filter_info" topic for filter info...
[delivery_robot_main_controller-20] [0m[INFO] [1775111203.604883528] [main_controller_node]: Robot is MOVING.[0m
[planner_server-12] [INFO] [1775111203.610985825] [global_costmap.global_costmap]: Received request to clear entirely the global_costmap
[controller_server-10] [INFO] [1775111203.613854834] [local_costmap.local_costmap]: KeepoutFilter: Received filter info from /keepout_costmap_filter_info topic.
[controller_server-10] [INFO] [1775111203.613904416] [local_costmap.local_costmap]: KeepoutFilter: Subscribing to "/keepout_filter_mask" topic for filter mask...
[planner_server-12] [INFO] [1775111203.618187660] [global_costmap.global_costmap]: KeepoutFilter: Subscribing to "/keepout_costmap_filter_info" topic for filter info...
[controller_server-10] [WARN] [1775111203.623115754] [local_costmap.local_costmap]: KeepoutFilter: New filter mask arrived from /keepout_filter_mask topic. Updating old filter mask.
[planner_server-12] [INFO] [1775111203.629077181] [global_costmap.global_costmap]: KeepoutFilter: Received filter info from /keepout_costmap_filter_info topic.
[planner_server-12] [INFO] [1775111203.629181010] [global_costmap.global_costmap]: KeepoutFilter: Subscribing to "/keepout_filter_mask" topic for filter mask...
[planner_server-12] [WARN] [1775111203.641171529] [global_costmap.global_costmap]: KeepoutFilter: New filter mask arrived from /keepout_filter_mask topic. Updating old filter mask.
[planner_server-12] [WARN] [1775111203.765210921] [planner_server]: GridBased plugin failed to plan from (77.95, 16.15) to (77.50, 16.08): "no valid path found"
[planner_server-12] [WARN] [1775111203.765302501] [planner_server]: [compute_path_through_poses] [ActionServer] Aborting handle.
[planner_server-12] [INFO] [1775111203.783682596] [global_costmap.global_costmap]: Received request to clear entirely the global_costmap
[planner_server-12] [INFO] [1775111203.787753808] [global_costmap.global_costmap]: KeepoutFilter: Subscribing to "/keepout_costmap_filter_info" topic for filter info...
[planner_server-12] [INFO] [1775111203.792352623] [global_costmap.global_costmap]: KeepoutFilter: Received filter info from /keepout_costmap_filter_info topic.
[planner_server-12] [INFO] [1775111203.792440994] [global_costmap.global_costmap]: KeepoutFilter: Subscribing to "/keepout_filter_mask" topic for filter mask...
[planner_server-12] [WARN] [1775111203.798415838] [global_costmap.global_costmap]: KeepoutFilter: New filter mask arrived from /keepout_filter_mask topic. Updating old filter mask.
[planner_server-12] [WARN] [1775111204.285423901] [planner_server]: GridBased plugin failed to plan from (77.95, 16.15) to (77.50, 16.08): "no valid path found"
[planner_server-12] [WARN] [1775111204.288599732] [planner_server]: [compute_path_through_poses] [ActionServer] Aborting handle.
[bt_navigator-14] [WARN] [1775111204.313356571] [bt_navigator]: [navigate_through_poses] [ActionServer] Aborting handle.
[bt_navigator-14] [ERROR] [1775111204.313960296] [bt_navigator]: Goal failed
[delivery_robot_main_controller-20] [33m[WARN] [1775111204.324568370] [main_controller_node]: Goal failed! (obstacle retry 3/3)[0m
[delivery_robot_main_controller-20] [0m[INFO] [1775111204.325469293] [main_controller_node]: Published message: "obstacle_alert"[0m
[robot_sound-21] [0m[INFO] [1775111204.329669415] [robot_sound_node]: 🔔 Received sound command: obstacle_alert[0m
[robot_sound-21] amixer: Unable to find simple control 'PCM',0
[robot_sound-21] 
[robot_sound-21] [0m[INFO] [1775111204.347291791] [robot_sound_node]: 🔊 Playing sound: /home/smr/workspaces/mini_amr/amrROS2_ws/sounds/robot_obstacle.wav[0m
[delivery_robot_main_controller-20] [0m[INFO] [1775111204.364293525] [main_controller_node]: Current state: MOVE, dock_state IDLE, charge_state NOT_CHARGE[0m
[delivery_robot_main_controller-20] [0m[INFO] [1775111204.367124619] [main_controller_node]: Pre-resume: waiting 3 seconds before wiggle...[0m
[robot_sound-21] aplay: main:834: audio open error: No such file or directory
[delivery_robot_main_controller-20] [0m[INFO] [1775111204.668197984] [main_controller_node]: Pre-resume: clearing local/global costmaps.[0m
[controller_server-10] [INFO] [1775111204.670449269] [local_costmap.local_costmap]: Received request to clear entirely the local_costmap
[controller_server-10] [INFO] [1775111204.676903010] [local_costmap.local_costmap]: KeepoutFilter: Subscribing to "/keepout_costmap_filter_info" topic for filter info...
[controller_server-10] [INFO] [1775111204.685791778] [local_costmap.local_costmap]: KeepoutFilter: Received filter info from /keepout_costmap_filter_info topic.
[controller_server-10] [INFO] [1775111204.685843984] [local_costmap.local_costmap]: KeepoutFilter: Subscribing to "/keepout_filter_mask" topic for filter mask...
[planner_server-12] [INFO] [1775111204.695671881] [global_costmap.global_costmap]: Received request to clear entirely the global_costmap
[controller_server-10] [WARN] [1775111204.712233799] [local_costmap.local_costmap]: KeepoutFilter: New filter mask arrived from /keepout_filter_mask topic. Updating old filter mask.
[planner_server-12] [INFO] [1775111204.712770152] [global_costmap.global_costmap]: KeepoutFilter: Subscribing to "/keepout_costmap_filter_info" topic for filter info...
[planner_server-12] [INFO] [1775111204.723604842] [global_costmap.global_costmap]: KeepoutFilter: Received filter info from /keepout_costmap_filter_info topic.
[planner_server-12] [INFO] [1775111204.723661423] [global_costmap.global_costmap]: KeepoutFilter: Subscribing to "/keepout_filter_mask" topic for filter mask...
[planner_server-12] [WARN] [1775111204.737269168] [global_costmap.global_costmap]: KeepoutFilter: New filter mask arrived from /keepout_filter_mask topic. Updating old filter mask.
[delivery_robot_main_controller-20] [0m[INFO] [1775111205.346512155] [main_controller_node]: Current state: MOVE, dock_state IDLE, charge_state NOT_CHARGE[0m
[delivery_robot_main_controller-20] [0m[INFO] [1775111205.723984535] [main_controller_node]: Pre-resume wiggle complete. Switching to STANDBY.[0m
[delivery_robot_main_controller-20] [0m[INFO] [1775111205.724643092] [main_controller_node]: State change: MOVE -> STANDBY[0m
[delivery_robot_main_controller-20] [0m[INFO] [1775111205.739227298] [main_controller_node]: Robot is in STANDBY mode.[0m
[delivery_robot_main_controller-20] [0m[INFO] [1775111206.316126334] [main_controller_node]: Current state: STANDBY, dock_state IDLE, charge_state NOT_CHARGE[0m
[delivery_robot_main_controller-20] [0m[INFO] [1775111207.307428266] [main_controller_node]: Current state: STANDBY, dock_state IDLE, charge_state NOT_CHARGE[0m
[delivery_robot_main_controller-20] [0m[INFO] [1775111207.382483043] [main_controller_node]: 1 pending queues [0m
[delivery_robot_main_controller-20] [0m[INFO] [1775111207.383460087] [main_controller_node]: Queue action: Request[0m
[delivery_robot_main_controller-20] [0m[INFO] [1775111207.417109777] [main_controller_node]: AGV start_pos: x=79.93, y=16.65[0m
[delivery_robot_main_controller-20] [0m[INFO] [1775111207.417744126] [main_controller_node]: AGV goal_pos: x=-0.63, y=6.07[0m
[delivery_robot_main_controller-20] [0m[INFO] [1775111207.418454890] [main_controller_node]: Path source: database routes[0m
[delivery_robot_main_controller-20] [0m[INFO] [1775111207.432200296] [main_controller_node]: Computed AGV path waypoints:[0m
[delivery_robot_main_controller-20] [0m[INFO] [1775111207.433183756] [main_controller_node]:   Waypoint 0: x=79.93, y=16.65[0m
[delivery_robot_main_controller-20] [0m[INFO] [1775111207.434002723] [main_controller_node]:   Waypoint 1: x=79.44, y=16.53[0m
[delivery_robot_main_controller-20] [0m[INFO] [1775111207.434707653] [main_controller_node]:   Waypoint 2: x=78.95, y=16.42[0m
[delivery_robot_main_controller-20] [0m[INFO] [1775111207.435354836] [main_controller_node]:   Waypoint 3: x=78.47, y=16.31[0m
[delivery_robot_main_controller-20] [0m[INFO] [1775111207.435999976] [main_controller_node]:   Waypoint 4: x=77.98, y=16.19[0m
[delivery_robot_main_controller-20] [0m[INFO] [1775111207.436630534] [main_controller_node]:   Waypoint 5: x=77.50, y=16.08[0m
[delivery_robot_main_controller-20] [0m[INFO] [1775111207.437236302] [main_controller_node]:   Waypoint 6: x=77.01, y=15.97[0m
[delivery_robot_main_controller-20] [0m[INFO] [1775111207.437902733] [main_controller_node]:   Waypoint 7: x=76.52, y=15.85[0m
[delivery_robot_main_controller-20] [0m[INFO] [1775111207.438521042] [main_controller_node]:   Waypoint 8: x=76.04, y=15.74[0m
[delivery_robot_main_controller-20] [0m[INFO] [1775111207.439137017] [main_controller_node]:   Waypoint 9: x=75.55, y=15.63[0m
[delivery_robot_main_controller-20] [0m[INFO] [1775111207.439740743] [main_controller_node]:   Waypoint 10: x=75.07, y=15.51[0m
[delivery_robot_main_controller-20] [0m[INFO] [1775111207.440445381] [main_controller_node]:   Waypoint 11: x=74.58, y=15.40[0m
[delivery_robot_main_controller-20] [0m[INFO] [1775111207.441073314] [main_controller_node]:   Waypoint 12: x=74.09, y=15.28[0m
[delivery_robot_main_controller-20] [0m[INFO] [1775111207.441665374] [main_controller_node]:   Waypoint 13: x=73.61, y=15.17[0m
[delivery_robot_main_controller-20] [0m[INFO] [1775111207.442246351] [main_controller_node]:   Waypoint 14: x=73.12, y=15.06[0m
[delivery_robot_main_controller-20] [0m[INFO] [1775111207.442957989] [main_controller_node]:   Waypoint 15: x=72.64, y=14.94[0m
[delivery_robot_main_controller-20] [0m[INFO] [1775111207.443554715] [main_controller_node]:   Waypoint 16: x=72.15, y=14.83[0m
[delivery_robot_main_controller-20] [0m[INFO] [1775111207.444154941] [main_controller_node]:   Waypoint 17: x=71.67, y=14.72[0m
[delivery_robot_main_controller-20] [0m[INFO] [1775111207.444749333] [main_controller_node]:   Waypoint 18: x=71.18, y=14.60[0m
[delivery_robot_main_controller-20] [0m[INFO] [1775111207.445390391] [main_controller_node]:   Waypoint 19: x=70.69, y=14.49[0m
[delivery_robot_main_controller-20] [0m[INFO] [1775111207.446132653] [main_controller_node]:   Waypoint 20: x=70.21, y=14.38[0m
[delivery_robot_main_controller-20] [0m[INFO] [1775111207.446777502] [main_controller_node]:   Waypoint 21: x=69.72, y=14.26[0m
[delivery_robot_main_controller-20] [0m[INFO] [1775111207.447472807] [main_controller_node]:   Waypoint 22: x=69.24, y=14.15[0m
[delivery_robot_main_controller-20] [0m[INFO] [1775111207.448121740] [main_controller_node]:   Waypoint 23: x=68.75, y=14.04[0m
[delivery_robot_main_controller-20] [0m[INFO] [1775111207.448745589] [main_controller_node]:   Waypoint 24: x=68.26, y=13.92[0m
[delivery_robot_main_controller-20] [0m[INFO] [1775111207.449379356] [main_controller_node]:   Waypoint 25: x=67.78, y=13.81[0m
[delivery_robot_main_controller-20] [0m[INFO] [1775111207.450126867] [main_controller_node]:   Waypoint 26: x=67.29, y=13.69[0m
[delivery_robot_main_controller-20] [0m[INFO] [1775111207.457914346] [main_controller_node]:   Waypoint 27: x=66.81, y=13.58[0m
[delivery_robot_main_controller-20] [0m[INFO] [1775111207.458614318] [main_controller_node]:   Waypoint 28: x=66.32, y=13.47[0m
[delivery_robot_main_controller-20] [0m[INFO] [1775111207.459275792] [main_controller_node]:   Waypoint 29: x=65.83, y=13.35[0m
[delivery_robot_main_controller-20] [0m[INFO] [1775111207.459890892] [main_controller_node]:   Waypoint 30: x=65.35, y=13.24[0m
[delivery_robot_main_controller-20] [0m[INFO] [1775111207.460487618] [main_controller_node]:   Waypoint 31: x=64.86, y=13.13[0m
[delivery_robot_main_controller-20] [0m[INFO] [1775111207.461086677] [main_controller_node]:   Waypoint 32: x=64.38, y=13.01[0m
[delivery_robot_main_controller-20] [0m[INFO] [1775111207.461765941] [main_controller_node]:   Waypoint 33: x=63.89, y=12.90[0m
[delivery_robot_main_controller-20] [0m[INFO] [1775111207.462397666] [main_controller_node]:   Waypoint 34: x=63.41, y=12.79[0m
[delivery_robot_main_controller-20] [0m[INFO] [1775111207.463116887] [main_controller_node]:   Waypoint 35: x=62.92, y=12.67[0m
[delivery_robot_main_controller-20] [0m[INFO] [1775111207.463827359] [main_controller_node]:   Waypoint 36: x=62.43, y=12.56[0m
[delivery_robot_main_controller-20] [0m[INFO] [1775111207.464447125] [main_controller_node]:   Waypoint 37: x=61.95, y=12.45[0m
[delivery_robot_main_controller-20] [0m[INFO] [1775111207.465043268] [main_controller_node]:   Waypoint 38: x=61.46, y=12.33[0m
[delivery_robot_main_controller-20] [0m[INFO] [1775111207.465633869] [main_controller_node]:   Waypoint 39: x=60.98, y=12.22[0m
[delivery_robot_main_controller-20] [0m[INFO] [1775111207.466266761] [main_controller_node]:   Waypoint 40: x=60.49, y=12.10[0m
[delivery_robot_main_controller-20] [0m[INFO] [1775111207.466913943] [main_controller_node]:   Waypoint 41: x=60.00, y=11.99[0m
[delivery_robot_main_controller-20] [0m[INFO] [1775111207.467512711] [main_controller_node]:   Waypoint 42: x=59.52, y=11.88[0m
[delivery_robot_main_controller-20] [0m[INFO] [1775111207.468143560] [main_controller_node]:   Waypoint 43: x=59.03, y=11.76[0m
[delivery_robot_main_controller-20] [0m[INFO] [1775111207.468739703] [main_controller_node]:   Waypoint 44: x=58.55, y=11.65[0m
[delivery_robot_main_controller-20] [0m[INFO] [1775111207.469343137] [main_controller_node]:   Waypoint 45: x=58.06, y=11.54[0m
[delivery_robot_main_controller-20] [0m[INFO] [1775111207.469927905] [main_controller_node]:   Waypoint 46: x=57.57, y=11.42[0m
[delivery_robot_main_controller-20] [0m[INFO] [1775111207.470508007] [main_controller_node]:   Waypoint 47: x=57.09, y=11.31[0m
[delivery_robot_main_controller-20] [0m[INFO] [1775111207.471187563] [main_controller_node]:   Waypoint 48: x=56.60, y=11.20[0m
[delivery_robot_main_controller-20] [0m[INFO] [1775111207.471786039] [main_controller_node]:   Waypoint 49: x=56.12, y=11.08[0m
[delivery_robot_main_controller-20] [0m[INFO] [1775111207.472395015] [main_controller_node]:   Waypoint 50: x=55.63, y=10.97[0m
[delivery_robot_main_controller-20] [0m[INFO] [1775111207.473071071] [main_controller_node]:   Waypoint 51: x=55.15, y=10.86[0m
[delivery_robot_main_controller-20] [0m[INFO] [1775111207.473672463] [main_controller_node]:   Waypoint 52: x=54.66, y=10.74[0m
[delivery_robot_main_controller-20] [0m[INFO] [1775111207.474266273] [main_controller_node]:   Waypoint 53: x=54.17, y=10.63[0m
[delivery_robot_main_controller-20] [0m[INFO] [1775111207.475064241] [main_controller_node]:   Waypoint 54: x=53.69, y=10.51[0m
[delivery_robot_main_controller-20] [0m[INFO] [1775111207.475738839] [main_controller_node]:   Waypoint 55: x=53.20, y=10.40[0m
[delivery_robot_main_controller-20] [0m[INFO] [1775111207.476355689] [main_controller_node]:   Waypoint 56: x=52.72, y=10.29[0m
[delivery_robot_main_controller-20] [0m[INFO] [1775111207.476943957] [main_controller_node]:   Waypoint 57: x=52.23, y=10.17[0m
[delivery_robot_main_controller-20] [0m[INFO] [1775111207.477526975] [main_controller_node]:   Waypoint 58: x=51.74, y=10.06[0m
[delivery_robot_main_controller-20] [0m[INFO] [1775111207.478111452] [main_controller_node]:   Waypoint 59: x=51.26, y=9.95[0m
[delivery_robot_main_controller-20] [0m[INFO] [1775111207.478894837] [main_controller_node]:   Waypoint 60: x=50.77, y=9.83[0m
[delivery_robot_main_controller-20] [0m[INFO] [1775111207.479561852] [main_controller_node]:   Waypoint 61: x=50.29, y=9.72[0m
[delivery_robot_main_controller-20] [0m[INFO] [1775111207.484247872] [main_controller_node]:   Waypoint 62: x=49.80, y=9.61[0m
[delivery_robot_main_controller-20] [0m[INFO] [1775111207.484922761] [main_controller_node]:   Waypoint 63: x=49.31, y=9.49[0m
[delivery_robot_main_controller-20] [0m[INFO] [1775111207.485563819] [main_controller_node]:   Waypoint 64: x=48.83, y=9.38[0m
[delivery_robot_main_controller-20] [0m[INFO] [1775111207.486200793] [main_controller_node]:   Waypoint 65: x=48.34, y=9.27[0m
[delivery_robot_main_controller-20] [0m[INFO] [1775111207.486945388] [main_controller_node]:   Waypoint 66: x=47.86, y=9.15[0m
[delivery_robot_main_controller-20] [0m[INFO] [1775111207.487592279] [main_controller_node]:   Waypoint 67: x=47.37, y=9.04[0m
[delivery_robot_main_controller-20] [0m[INFO] [1775111207.488206504] [main_controller_node]:   Waypoint 68: x=46.89, y=8.92[0m
[delivery_robot_main_controller-20] [0m[INFO] [1775111207.488895102] [main_controller_node]:   Waypoint 69: x=46.40, y=8.81[0m
[delivery_robot_main_controller-20] [0m[INFO] [1775111207.489545492] [main_controller_node]:   Waypoint 70: x=45.91, y=8.70[0m
[delivery_robot_main_controller-20] [0m[INFO] [1775111207.490239923] [main_controller_node]:   Waypoint 71: x=45.43, y=8.58[0m
[delivery_robot_main_controller-20] [0m[INFO] [1775111207.490883314] [main_controller_node]:   Waypoint 72: x=44.94, y=8.47[0m
[delivery_robot_main_controller-20] [0m[INFO] [1775111207.491487039] [main_controller_node]:   Waypoint 73: x=44.46, y=8.36[0m
[delivery_robot_main_controller-20] [0m[INFO] [1775111207.492079099] [main_controller_node]:   Waypoint 74: x=43.97, y=8.24[0m
[delivery_robot_main_controller-20] [0m[INFO] [1775111207.492704990] [main_controller_node]:   Waypoint 75: x=43.48, y=8.13[0m
[delivery_robot_main_controller-20] [0m[INFO] [1775111207.493350131] [main_controller_node]:   Waypoint 76: x=43.00, y=8.02[0m
[delivery_robot_main_controller-20] [0m[INFO] [1775111207.493983022] [main_controller_node]:   Waypoint 77: x=42.51, y=7.90[0m
[delivery_robot_main_controller-20] [0m[INFO] [1775111207.494672786] [main_controller_node]:   Waypoint 78: x=42.03, y=7.79[0m
[delivery_robot_main_controller-20] [0m[INFO] [1775111207.495288470] [main_controller_node]:   Waypoint 79: x=41.54, y=7.68[0m
[delivery_robot_main_controller-20] [0m[INFO] [1775111207.495915236] [main_controller_node]:   Waypoint 80: x=41.05, y=7.56[0m
[delivery_robot_main_controller-20] [0m[INFO] [1775111207.496516337] [main_controller_node]:   Waypoint 81: x=40.57, y=7.45[0m
[delivery_robot_main_controller-20] [0m[INFO] [1775111207.497128813] [main_controller_node]:   Waypoint 82: x=40.08, y=7.33[0m
[delivery_robot_main_controller-20] [0m[INFO] [1775111207.497869325] [main_controller_node]:   Waypoint 83: x=39.60, y=7.22[0m
[delivery_robot_main_controller-20] [0m[INFO] [1775111207.498531965] [main_controller_node]:   Waypoint 84: x=39.11, y=7.11[0m
[delivery_robot_main_controller-20] [0m[INFO] [1775111207.499271602] [main_controller_node]:   Waypoint 85: x=38.63, y=6.99[0m
[delivery_robot_main_controller-20] [0m[INFO] [1775111207.503550471] [main_controller_node]:   Waypoint 86: x=38.14, y=6.88[0m
[delivery_robot_main_controller-20] [0m[INFO] [1775111207.513369910] [main_controller_node]:   Waypoint 87: x=37.65, y=6.77[0m
[delivery_robot_main_controller-20] [0m[INFO] [1775111207.514097589] [main_controller_node]:   Waypoint 88: x=37.17, y=6.65[0m
[delivery_robot_main_controller-20] [0m[INFO] [1775111207.514768396] [main_controller_node]:   Waypoint 89: x=36.68, y=6.54[0m
[delivery_robot_main_controller-20] [0m[INFO] [1775111207.515532532] [main_controller_node]:   Waypoint 90: x=36.20, y=6.43[0m
[delivery_robot_main_controller-20] [0m[INFO] [1775111207.516208588] [main_controller_node]:   Waypoint 91: x=35.71, y=6.31[0m
[delivery_robot_main_controller-20] [0m[INFO] [1775111207.516842938] [main_controller_node]:   Waypoint 92: x=35.22, y=6.20[0m
[delivery_robot_main_controller-20] [0m[INFO] [1775111207.517553992] [main_controller_node]:   Waypoint 93: x=34.74, y=6.08[0m
[delivery_robot_main_controller-20] [0m[INFO] [1775111207.518287213] [main_controller_node]:   Waypoint 94: x=34.25, y=5.97[0m
[delivery_robot_main_controller-20] [0m[INFO] [1775111207.518955686] [main_controller_node]:   Waypoint 95: x=33.77, y=5.86[0m
[delivery_robot_main_controller-20] [0m[INFO] [1775111207.519635534] [main_controller_node]:   Waypoint 96: x=33.28, y=5.74[0m
[delivery_robot_main_controller-20] [0m[INFO] [1775111207.520270758] [main_controller_node]:   Waypoint 97: x=32.80, y=5.63[0m
[delivery_robot_main_controller-20] [0m[INFO] [1775111207.520933398] [main_controller_node]:   Waypoint 98: x=32.31, y=5.52[0m
[delivery_robot_main_controller-20] [0m[INFO] [1775111207.521656703] [main_controller_node]:   Waypoint 99: x=31.82, y=5.40[0m
[delivery_robot_main_controller-20] [0m[INFO] [1775111207.522389631] [main_controller_node]:   Waypoint 100: x=31.34, y=5.29[0m
[delivery_robot_main_controller-20] [0m[INFO] [1775111207.523019898] [main_controller_node]:   Waypoint 101: x=30.85, y=5.18[0m
[delivery_robot_main_controller-20] [0m[INFO] [1775111207.523708495] [main_controller_node]:   Waypoint 102: x=30.37, y=5.06[0m
[delivery_robot_main_controller-20] [0m[INFO] [1775111207.524326512] [main_controller_node]:   Waypoint 103: x=29.88, y=4.95[0m
[delivery_robot_main_controller-20] [0m[INFO] [1775111207.525073440] [main_controller_node]:   Waypoint 104: x=29.39, y=4.84[0m
[delivery_robot_main_controller-20] [0m[INFO] [1775111207.525771371] [main_controller_node]:   Waypoint 105: x=28.91, y=4.72[0m
[delivery_robot_main_controller-20] [0m[INFO] [1775111207.526442760] [main_controller_node]:   Waypoint 106: x=28.42, y=4.61[0m
[delivery_robot_main_controller-20] [0m[INFO] [1775111207.527059319] [main_controller_node]:   Waypoint 107: x=27.94, y=4.49[0m
[delivery_robot_main_controller-20] [0m[INFO] [1775111207.527764541] [main_controller_node]:   Waypoint 108: x=27.45, y=4.38[0m
[delivery_robot_main_controller-20] [0m[INFO] [1775111207.528391890] [main_controller_node]:   Waypoint 109: x=26.96, y=4.27[0m
[delivery_robot_main_controller-20] [0m[INFO] [1775111207.532482059] [main_controller_node]:   Waypoint 110: x=26.48, y=4.15[0m
[delivery_robot_main_controller-20] [0m[INFO] [1775111207.533218780] [main_controller_node]:   Waypoint 111: x=25.99, y=4.04[0m
[delivery_robot_main_controller-20] [0m[INFO] [1775111207.533898044] [main_controller_node]:   Waypoint 112: x=25.51, y=3.93[0m
[delivery_robot_main_controller-20] [0m[INFO] [1775111207.534522477] [main_controller_node]:   Waypoint 113: x=25.02, y=3.81[0m
[delivery_robot_main_controller-20] [0m[INFO] [1775111207.535127370] [main_controller_node]:   Waypoint 114: x=24.54, y=3.70[0m
[delivery_robot_main_controller-20] [0m[INFO] [1775111207.535751803] [main_controller_node]:   Waypoint 115: x=24.05, y=3.59[0m
[delivery_robot_main_controller-20] [0m[INFO] [1775111207.536366320] [main_controller_node]:   Waypoint 116: x=23.56, y=3.47[0m
[delivery_robot_main_controller-20] [0m[INFO] [1775111207.536964504] [main_controller_node]:   Waypoint 117: x=23.08, y=3.36[0m
[delivery_robot_main_controller-20] [0m[INFO] [1775111207.537562689] [main_controller_node]:   Waypoint 118: x=22.59, y=3.25[0m
[delivery_robot_main_controller-20] [0m[INFO] [1775111207.538167289] [main_controller_node]:   Waypoint 119: x=22.11, y=3.13[0m
[delivery_robot_main_controller-20] [0m[INFO] [1775111207.538780056] [main_controller_node]:   Waypoint 120: x=21.62, y=3.02[0m
[delivery_robot_main_controller-20] [0m[INFO] [1775111207.539410906] [main_controller_node]:   Waypoint 121: x=21.13, y=2.90[0m
[delivery_robot_main_controller-20] [0m[INFO] [1775111207.540022798] [main_controller_node]:   Waypoint 122: x=20.65, y=2.79[0m
[delivery_robot_main_controller-20] [0m[INFO] [1775111207.540640232] [main_controller_node]:   Waypoint 123: x=20.16, y=2.68[0m
[delivery_robot_main_controller-20] [0m[INFO] [1775111207.541252415] [main_controller_node]:   Waypoint 124: x=19.68, y=2.56[0m
[delivery_robot_main_controller-20] [0m[INFO] [1775111207.541858474] [main_controller_node]:   Waypoint 125: x=19.19, y=2.45[0m
[delivery_robot_main_controller-20] [0m[INFO] [1775111207.542484074] [main_controller_node]:   Waypoint 126: x=18.70, y=2.34[0m
[delivery_robot_main_controller-20] [0m[INFO] [1775111207.543088383] [main_controller_node]:   Waypoint 127: x=18.22, y=2.22[0m
[delivery_robot_main_controller-20] [0m[INFO] [1775111207.543693859] [main_controller_node]:   Waypoint 128: x=17.73, y=2.11[0m
[delivery_robot_main_controller-20] [0m[INFO] [1775111207.544285335] [main_controller_node]:   Waypoint 129: x=17.25, y=2.00[0m
[delivery_robot_main_controller-20] [0m[INFO] [1775111207.544876228] [main_controller_node]:   Waypoint 130: x=16.76, y=1.88[0m
[delivery_robot_main_controller-20] [0m[INFO] [1775111207.545518452] [main_controller_node]:   Waypoint 131: x=16.28, y=1.77[0m
[delivery_robot_main_controller-20] [0m[INFO] [1775111207.546145802] [main_controller_node]:   Waypoint 132: x=15.79, y=1.66[0m
[delivery_robot_main_controller-20] [0m[INFO] [1775111207.546752153] [main_controller_node]:   Waypoint 133: x=15.30, y=1.54[0m
[delivery_robot_main_controller-20] [0m[INFO] [1775111207.547363170] [main_controller_node]:   Waypoint 134: x=14.82, y=1.43[0m
[delivery_robot_main_controller-20] [0m[INFO] [1775111207.547969812] [main_controller_node]:   Waypoint 135: x=14.33, y=1.31[0m
[delivery_robot_main_controller-20] [0m[INFO] [1775111207.548583746] [main_controller_node]:   Waypoint 136: x=13.85, y=1.20[0m
[delivery_robot_main_controller-20] [0m[INFO] [1775111207.549208179] [main_controller_node]:   Waypoint 137: x=13.36, y=1.09[0m
[delivery_robot_main_controller-20] [0m[INFO] [1775111207.549814821] [main_controller_node]:   Waypoint 138: x=12.87, y=0.97[0m
[delivery_robot_main_controller-20] [0m[INFO] [1775111207.550643122] [main_controller_node]:   Waypoint 139: x=12.39, y=0.86[0m
[delivery_robot_main_controller-20] [0m[INFO] [1775111207.551310136] [main_controller_node]:   Waypoint 140: x=11.90, y=0.75[0m
[delivery_robot_main_controller-20] [0m[INFO] [1775111207.551926403] [main_controller_node]:   Waypoint 141: x=11.42, y=0.63[0m
[delivery_robot_main_controller-20] [0m[INFO] [1775111207.554205687] [main_controller_node]:   Waypoint 142: x=10.93, y=0.52[0m
[delivery_robot_main_controller-20] [0m[INFO] [1775111207.557341852] [main_controller_node]:   Waypoint 143: x=10.44, y=0.41[0m
[delivery_robot_main_controller-20] [0m[INFO] [1775111207.558066907] [main_controller_node]:   Waypoint 144: x=9.96, y=0.29[0m
[delivery_robot_main_controller-20] [0m[INFO] [1775111207.558707673] [main_controller_node]:   Waypoint 145: x=9.47, y=0.18[0m
[delivery_robot_main_controller-20] [0m[INFO] [1775111207.559350480] [main_controller_node]:   Waypoint 146: x=8.99, y=0.07[0m
[delivery_robot_main_controller-20] [0m[INFO] [1775111207.559981621] [main_controller_node]:   Waypoint 147: x=8.50, y=-0.05[0m
[delivery_robot_main_controller-20] [0m[INFO] [1775111207.560687426] [main_controller_node]:   Waypoint 148: x=8.02, y=-0.16[0m
[delivery_robot_main_controller-20] [0m[INFO] [1775111207.561347733] [main_controller_node]:   Waypoint 149: x=7.53, y=-0.28[0m
[delivery_robot_main_controller-20] [0m[INFO] [1775111207.561969542] [main_controller_node]:   Waypoint 150: x=7.04, y=-0.39[0m
[delivery_robot_main_controller-20] [0m[INFO] [1775111207.562638598] [main_controller_node]:   Waypoint 151: x=6.56, y=-0.50[0m
[delivery_robot_main_controller-20] [0m[INFO] [1775111207.563281989] [main_controller_node]:   Waypoint 152: x=6.07, y=-0.62[0m
[delivery_robot_main_controller-20] [0m[INFO] [1775111207.563895631] [main_controller_node]:   Waypoint 153: x=5.59, y=-0.73[0m
[delivery_robot_main_controller-20] [0m[INFO] [1775111207.564505190] [main_controller_node]:   Waypoint 154: x=5.10, y=-0.84[0m
[delivery_robot_main_controller-20] [0m[INFO] [1775111207.565120873] [main_controller_node]:   Waypoint 155: x=5.00, y=-0.38[0m
[delivery_robot_main_controller-20] [0m[INFO] [1775111207.565798096] [main_controller_node]:   Waypoint 156: x=4.90, y=0.08[0m
[delivery_robot_main_controller-20] [0m[INFO] [1775111207.566444987] [main_controller_node]:   Waypoint 157: x=4.80, y=0.54[0m
[delivery_robot_main_controller-20] [0m[INFO] [1775111207.567064170] [main_controller_node]:   Waypoint 158: x=4.71, y=1.00[0m
[delivery_robot_main_controller-20] [0m[INFO] [1775111207.567981133] [main_controller_node]:   Waypoint 159: x=4.61, y=1.45[0m
[delivery_robot_main_controller-20] [0m[INFO] [1775111207.568761894] [main_controller_node]:   Waypoint 160: x=4.51, y=1.91[0m
[delivery_robot_main_controller-20] [0m[INFO] [1775111207.569422784] [main_controller_node]:   Waypoint 161: x=4.41, y=2.37[0m
[delivery_robot_main_controller-20] [0m[INFO] [1775111207.570097382] [main_controller_node]:   Waypoint 162: x=4.31, y=2.83[0m
[delivery_robot_main_controller-20] [0m[INFO] [1775111207.570716274] [main_controller_node]:   Waypoint 163: x=4.15, y=3.29[0m
[delivery_robot_main_controller-20] [0m[INFO] [1775111207.571335457] [main_controller_node]:   Waypoint 164: x=3.98, y=3.74[0m
[delivery_robot_main_controller-20] [0m[INFO] [1775111207.571952016] [main_controller_node]:   Waypoint 165: x=3.81, y=4.19[0m
[delivery_robot_main_controller-20] [0m[INFO] [1775111207.572579074] [main_controller_node]:   Waypoint 166: x=3.65, y=4.65[0m
[delivery_robot_main_controller-20] [0m[INFO] [1775111207.573204090] [main_controller_node]:   Waypoint 167: x=3.48, y=5.10[0m
[delivery_robot_main_controller-20] [0m[INFO] [1775111207.573848356] [main_controller_node]:   Waypoint 168: x=3.31, y=5.55[0m
[delivery_robot_main_controller-20] [0m[INFO] [1775111207.574653324] [main_controller_node]:   Waypoint 169: x=2.87, y=5.48[0m
[delivery_robot_main_controller-20] [0m[INFO] [1775111207.575310714] [main_controller_node]:   Waypoint 170: x=2.42, y=5.40[0m
[delivery_robot_main_controller-20] [0m[INFO] [1775111207.575975104] [main_controller_node]:   Waypoint 171: x=1.98, y=5.33[0m
[delivery_robot_main_controller-20] [0m[INFO] [1775111207.576659618] [main_controller_node]:   Waypoint 172: x=1.53, y=5.26[0m
[delivery_robot_main_controller-20] [0m[INFO] [1775111207.577367465] [main_controller_node]:   Waypoint 173: x=1.09, y=5.18[0m
[delivery_robot_main_controller-20] [0m[INFO] [1775111207.578608165] [main_controller_node]:   Waypoint 174: x=0.66, y=5.41[0m
[delivery_robot_main_controller-20] [0m[INFO] [1775111207.579509087] [main_controller_node]:   Waypoint 175: x=0.23, y=5.63[0m
[delivery_robot_main_controller-20] [0m[INFO] [1775111207.580282556] [main_controller_node]:   Waypoint 176: x=-0.20, y=5.85[0m
[delivery_robot_main_controller-20] [0m[INFO] [1775111207.580978445] [main_controller_node]:   Waypoint 177: x=-0.63, y=6.07[0m
[delivery_robot_main_controller-20] [0m[INFO] [1775111207.582462093] [main_controller_node]: Navigating with 178 goals....[0m
[bt_navigator-14] [INFO] [1775111207.588677844] [bt_navigator]: Begin navigating from current location through 178 poses to (-0.63, 6.07)
[delivery_robot_main_controller-20] [0m[INFO] [1775111207.590725262] [main_controller_node]: State change: STANDBY -> MOVE[0m
[controller_server-10] [INFO] [1775111207.589921461] [local_costmap.local_costmap]: Received request to clear entirely the local_costmap
[controller_server-10] [INFO] [1775111207.613787585] [local_costmap.local_costmap]: KeepoutFilter: Subscribing to "/keepout_costmap_filter_info" topic for filter info...
[controller_server-10] [INFO] [1775111207.621652061] [local_costmap.local_costmap]: KeepoutFilter: Received filter info from /keepout_costmap_filter_info topic.
[controller_server-10] [INFO] [1775111207.621703684] [local_costmap.local_costmap]: KeepoutFilter: Subscribing to "/keepout_filter_mask" topic for filter mask...
[planner_server-12] [INFO] [1775111207.631588454] [global_costmap.global_costmap]: Received request to clear entirely the global_costmap
[controller_server-10] [WARN] [1775111207.632018353] [local_costmap.local_costmap]: KeepoutFilter: New filter mask arrived from /keepout_filter_mask topic. Updating old filter mask.
[planner_server-12] [INFO] [1775111207.647321780] [global_costmap.global_costmap]: KeepoutFilter: Subscribing to "/keepout_costmap_filter_info" topic for filter info...
[delivery_robot_main_controller-20] [0m[INFO] [1775111207.655438537] [main_controller_node]: Robot is MOVING.[0m
[planner_server-12] [INFO] [1775111207.662729911] [global_costmap.global_costmap]: KeepoutFilter: Received filter info from /keepout_costmap_filter_info topic.
[planner_server-12] [INFO] [1775111207.662787075] [global_costmap.global_costmap]: KeepoutFilter: Subscribing to "/keepout_filter_mask" topic for filter mask...
[planner_server-12] [WARN] [1775111207.676970547] [global_costmap.global_costmap]: KeepoutFilter: New filter mask arrived from /keepout_filter_mask topic. Updating old filter mask.
[planner_server-12] [WARN] [1775111207.797606618] [planner_server]: GridBased plugin failed to plan from (77.95, 16.15) to (77.50, 16.08): "no valid path found"
[planner_server-12] [WARN] [1775111207.797801736] [planner_server]: [compute_path_through_poses] [ActionServer] Aborting handle.
[planner_server-12] [INFO] [1775111207.811326942] [global_costmap.global_costmap]: Received request to clear entirely the global_costmap
[planner_server-12] [INFO] [1775111207.819153503] [global_costmap.global_costmap]: KeepoutFilter: Subscribing to "/keepout_costmap_filter_info" topic for filter info...
[planner_server-12] [INFO] [1775111207.826077391] [global_costmap.global_costmap]: KeepoutFilter: Received filter info from /keepout_costmap_filter_info topic.
[planner_server-12] [INFO] [1775111207.826149722] [global_costmap.global_costmap]: KeepoutFilter: Subscribing to "/keepout_filter_mask" topic for filter mask...
[planner_server-12] [WARN] [1775111207.840068954] [global_costmap.global_costmap]: KeepoutFilter: New filter mask arrived from /keepout_filter_mask topic. Updating old filter mask.
[planner_server-12] [WARN] [1775111208.283919960] [planner_server]: GridBased plugin failed to plan from (77.95, 16.15) to (77.50, 16.08): "no valid path found"
[planner_server-12] [WARN] [1775111208.284747676] [planner_server]: [compute_path_through_poses] [ActionServer] Aborting handle.
[bt_navigator-14] [WARN] [1775111208.303081982] [bt_navigator]: [navigate_through_poses] [ActionServer] Aborting handle.
[bt_navigator-14] [ERROR] [1775111208.303305681] [bt_navigator]: Goal failed
[delivery_robot_main_controller-20] [33m[WARN] [1775111208.316271785] [main_controller_node]: Goal failed! (obstacle retry 4/3)[0m
[delivery_robot_main_controller-20] [33m[WARN] [1775111208.317507527] [main_controller_node]: 3 obstacle retries exhausted; switching to SAFE_STOP.[0m
[delivery_robot_main_controller-20] [0m[INFO] [1775111208.318435282] [main_controller_node]: State change: MOVE -> SAFE_STOP[0m
[delivery_robot_main_controller-20] [0m[INFO] [1775111208.356183599] [main_controller_node]: Robot is in SAFE_STOP. Awaiting user to switch to STANDBY.[0m
[delivery_robot_main_controller-20] [0m[INFO] [1775111208.359517506] [main_controller_node]: Robot is in SAFE_STOP. Awaiting user to switch to STANDBY.[0m
[delivery_robot_main_controller-20] [0m[INFO] [1775111208.385385551] [main_controller_node]: Current state: SAFE_STOP, dock_state IDLE, charge_state NOT_CHARGE[0m
[delivery_robot_main_controller-20] [0m[INFO] [1775111209.335335477] [main_controller_node]: Current state: SAFE_STOP, dock_state IDLE, charge_state NOT_CHARGE[0m
[robot_sound-21] [0m[INFO] [1775111209.461285210] [robot_sound_node]: 🔔 Received sound command: safe_stop[0m
[delivery_robot_main_controller-20] [0m[INFO] [1775111209.461953683] [main_controller_node]: Published message: "safe_stop"[0m
[robot_sound-21] [33m[WARN] [1775111209.464539787] [robot_sound_node]: Sound file not found: /home/smr/workspaces/mini_amr/amrROS2_ws/sounds/robot_safestop.wav[0m
[delivery_robot_main_controller-20] [0m[INFO] [1775111210.309335854] [main_controller_node]: Current state: SAFE_STOP, dock_state IDLE, charge_state NOT_CHARGE[0m
[delivery_robot_main_controller-20] [0m[INFO] [1775111211.332424968] [main_controller_node]: Current state: SAFE_STOP, dock_state IDLE, charge_state NOT_CHARGE[0m
[delivery_robot_main_controller-20] [0m[INFO] [1775111212.323644945] [main_controller_node]: Current state: SAFE_STOP, dock_state IDLE, charge_state NOT_CHARGE[0m
[delivery_robot_main_controller-20] [0m[INFO] [1775111213.304188310] [main_controller_node]: Current state: SAFE_STOP, dock_state IDLE, charge_state NOT_CHARGE[0m
[delivery_robot_main_controller-20] [0m[INFO] [1775111214.307701252] [main_controller_node]: Current state: SAFE_STOP, dock_state IDLE, charge_state NOT_CHARGE[0m
[delivery_robot_main_controller-20] [0m[INFO] [1775111215.337328103] [main_controller_node]: Current state: SAFE_STOP, dock_state IDLE, charge_state NOT_CHARGE[0m
[delivery_robot_main_controller-20] [0m[INFO] [1775111216.285815963] [main_controller_node]: Current state: SAFE_STOP, dock_state IDLE, charge_state NOT_CHARGE[0m
[delivery_robot_main_controller-20] [0m[INFO] [1775111217.291688393] [main_controller_node]: Current state: SAFE_STOP, dock_state IDLE, charge_state NOT_CHARGE[0m
[delivery_robot_main_controller-20] [0m[INFO] [1775111218.286737217] [main_controller_node]: Current state: SAFE_STOP, dock_state IDLE, charge_state NOT_CHARGE[0m
[delivery_robot_main_controller-20] [0m[INFO] [1775111218.370749592] [main_controller_node]: SAFE_STOP cleared to STANDBY via API/GUI.[0m
[delivery_robot_main_controller-20] [0m[INFO] [1775111218.372507688] [main_controller_node]: Pre-resume: waiting 3 seconds before wiggle...[0m
[delivery_robot_main_controller-20] [0m[INFO] [1775111218.673311273] [main_controller_node]: Pre-resume: clearing local/global costmaps.[0m
[controller_server-10] [INFO] [1775111218.673894874] [local_costmap.local_costmap]: Received request to clear entirely the local_costmap
[controller_server-10] [INFO] [1775111218.679638435] [local_costmap.local_costmap]: KeepoutFilter: Subscribing to "/keepout_costmap_filter_info" topic for filter info...
[planner_server-12] [INFO] [1775111218.684505865] [global_costmap.global_costmap]: Received request to clear entirely the global_costmap
[controller_server-10] [INFO] [1775111218.686005846] [local_costmap.local_costmap]: KeepoutFilter: Received filter info from /keepout_costmap_filter_info topic.
[controller_server-10] [INFO] [1775111218.686063302] [local_costmap.local_costmap]: KeepoutFilter: Subscribing to "/keepout_filter_mask" topic for filter mask...
[planner_server-12] [INFO] [1775111218.691784114] [global_costmap.global_costmap]: KeepoutFilter: Subscribing to "/keepout_costmap_filter_info" topic for filter info...
[controller_server-10] [WARN] [1775111218.695218351] [local_costmap.local_costmap]: KeepoutFilter: New filter mask arrived from /keepout_filter_mask topic. Updating old filter mask.
[planner_server-12] [INFO] [1775111218.702394813] [global_costmap.global_costmap]: KeepoutFilter: Received filter info from /keepout_costmap_filter_info topic.
[planner_server-12] [INFO] [1775111218.702449936] [global_costmap.global_costmap]: KeepoutFilter: Subscribing to "/keepout_filter_mask" topic for filter mask...
[planner_server-12] [WARN] [1775111218.713938516] [global_costmap.global_costmap]: KeepoutFilter: New filter mask arrived from /keepout_filter_mask topic. Updating old filter mask.
[delivery_robot_main_controller-20] [0m[INFO] [1775111219.286255361] [main_controller_node]: Current state: SAFE_STOP, dock_state IDLE, charge_state NOT_CHARGE[0m
[delivery_robot_main_controller-20] [0m[INFO] [1775111219.698766583] [main_controller_node]: Pre-resume wiggle complete. Switching to STANDBY.[0m
[delivery_robot_main_controller-20] [0m[INFO] [1775111219.699463930] [main_controller_node]: State change: SAFE_STOP -> STANDBY[0m
[delivery_robot_main_controller-20] [0m[INFO] [1775111219.707291949] [main_controller_node]: Robot is in STANDBY mode.[0m
[delivery_robot_main_controller-20] [0m[INFO] [1775111220.287270278] [main_controller_node]: Current state: STANDBY, dock_state IDLE, charge_state NOT_CHARGE[0m
[delivery_robot_main_controller-20] [0m[INFO] [1775111221.288801716] [main_controller_node]: Current state: STANDBY, dock_state IDLE, charge_state NOT_CHARGE[0m
[delivery_robot_main_controller-20] [0m[INFO] [1775111221.386911525] [main_controller_node]: 1 pending queues [0m
[delivery_robot_main_controller-20] [0m[INFO] [1775111221.390950654] [main_controller_node]: Queue action: Request[0m
[delivery_robot_main_controller-20] [0m[INFO] [1775111221.426384398] [main_controller_node]: AGV start_pos: x=80.05, y=16.22[0m
[delivery_robot_main_controller-20] [0m[INFO] [1775111221.426926584] [main_controller_node]: AGV goal_pos: x=-0.63, y=6.07[0m
[delivery_robot_main_controller-20] [0m[INFO] [1775111221.427421231] [main_controller_node]: Path source: database routes[0m
[delivery_robot_main_controller-20] [0m[INFO] [1775111221.436925099] [main_controller_node]: Computed AGV path waypoints:[0m
[delivery_robot_main_controller-20] [0m[INFO] [1775111221.437588906] [main_controller_node]:   Waypoint 0: x=80.05, y=16.22[0m
[delivery_robot_main_controller-20] [0m[INFO] [1775111221.438196423] [main_controller_node]:   Waypoint 1: x=79.57, y=16.11[0m
[delivery_robot_main_controller-20] [0m[INFO] [1775111221.438786150] [main_controller_node]:   Waypoint 2: x=79.08, y=16.00[0m
[delivery_robot_main_controller-20] [0m[INFO] [1775111221.439385209] [main_controller_node]:   Waypoint 3: x=78.59, y=15.89[0m
[delivery_robot_main_controller-20] [0m[INFO] [1775111221.439971727] [main_controller_node]:   Waypoint 4: x=78.11, y=15.78[0m
[delivery_robot_main_controller-20] [0m[INFO] [1775111221.440571953] [main_controller_node]:   Waypoint 5: x=77.62, y=15.67[0m
[delivery_robot_main_controller-20] [0m[INFO] [1775111221.441156430] [main_controller_node]:   Waypoint 6: x=77.13, y=15.56[0m
[delivery_robot_main_controller-20] [0m[INFO] [1775111221.441739448] [main_controller_node]:   Waypoint 7: x=76.65, y=15.45[0m
[delivery_robot_main_controller-20] [0m[INFO] [1775111221.442314883] [main_controller_node]:   Waypoint 8: x=76.16, y=15.33[0m
[delivery_robot_main_controller-20] [0m[INFO] [1775111221.442911026] [main_controller_node]:   Waypoint 9: x=75.67, y=15.22[0m
[delivery_robot_main_controller-20] [0m[INFO] [1775111221.443495211] [main_controller_node]:   Waypoint 10: x=75.19, y=15.11[0m
[delivery_robot_main_controller-20] [0m[INFO] [1775111221.444075604] [main_controller_node]:   Waypoint 11: x=74.70, y=15.00[0m
[delivery_robot_main_controller-20] [0m[INFO] [1775111221.444658622] [main_controller_node]:   Waypoint 12: x=74.21, y=14.89[0m
[delivery_robot_main_controller-20] [0m[INFO] [1775111221.445235516] [main_controller_node]:   Waypoint 13: x=73.73, y=14.78[0m
[delivery_robot_main_controller-20] [0m[INFO] [1775111221.445834575] [main_controller_node]:   Waypoint 14: x=73.24, y=14.67[0m
[delivery_robot_main_controller-20] [0m[INFO] [1775111221.446413218] [main_controller_node]:   Waypoint 15: x=72.75, y=14.56[0m
[delivery_robot_main_controller-20] [0m[INFO] [1775111221.446991278] [main_controller_node]:   Waypoint 16: x=72.27, y=14.45[0m
[delivery_robot_main_controller-20] [0m[INFO] [1775111221.447581588] [main_controller_node]:   Waypoint 17: x=71.78, y=14.34[0m
[delivery_robot_main_controller-20] [0m[INFO] [1775111221.448161690] [main_controller_node]:   Waypoint 18: x=71.29, y=14.23[0m
[delivery_robot_main_controller-20] [0m[INFO] [1775111221.448738292] [main_controller_node]:   Waypoint 19: x=70.81, y=14.12[0m
[delivery_robot_main_controller-20] [0m[INFO] [1775111221.449346976] [main_controller_node]:   Waypoint 20: x=70.32, y=14.00[0m
[delivery_robot_main_controller-20] [0m[INFO] [1775111221.449955076] [main_controller_node]:   Waypoint 21: x=69.83, y=13.89[0m
[delivery_robot_main_controller-20] [0m[INFO] [1775111221.451824293] [main_controller_node]:   Waypoint 22: x=69.35, y=13.78[0m
[delivery_robot_main_controller-20] [0m[INFO] [1775111221.452518723] [main_controller_node]:   Waypoint 23: x=68.86, y=13.67[0m
[delivery_robot_main_controller-20] [0m[INFO] [1775111221.453173489] [main_controller_node]:   Waypoint 24: x=68.37, y=13.56[0m
[delivery_robot_main_controller-20] [0m[INFO] [1775111221.455433814] [main_controller_node]:   Waypoint 25: x=67.89, y=13.45[0m
[delivery_robot_main_controller-20] [0m[INFO] [1775111221.456154785] [main_controller_node]:   Waypoint 26: x=67.40, y=13.34[0m
[delivery_robot_main_controller-20] [0m[INFO] [1775111221.456790010] [main_controller_node]:   Waypoint 27: x=66.91, y=13.23[0m
[delivery_robot_main_controller-20] [0m[INFO] [1775111221.457389652] [main_controller_node]:   Waypoint 28: x=66.43, y=13.12[0m
[delivery_robot_main_controller-20] [0m[INFO] [1775111221.457978504] [main_controller_node]:   Waypoint 29: x=65.94, y=13.01[0m
[delivery_robot_main_controller-20] [0m[INFO] [1775111221.458563272] [main_controller_node]:   Waypoint 30: x=65.45, y=12.90[0m
[delivery_robot_main_controller-20] [0m[INFO] [1775111221.459171956] [main_controller_node]:   Waypoint 31: x=64.97, y=12.79[0m
[delivery_robot_main_controller-20] [0m[INFO] [1775111221.459760807] [main_controller_node]:   Waypoint 32: x=64.48, y=12.68[0m
[delivery_robot_main_controller-20] [0m[INFO] [1775111221.460340617] [main_controller_node]:   Waypoint 33: x=63.99, y=12.56[0m
[delivery_robot_main_controller-20] [0m[INFO] [1775111221.460914886] [main_controller_node]:   Waypoint 34: x=63.51, y=12.45[0m
[delivery_robot_main_controller-20] [0m[INFO] [1775111221.461563818] [main_controller_node]:   Waypoint 35: x=63.02, y=12.34[0m
[delivery_robot_main_controller-20] [0m[INFO] [1775111221.462169294] [main_controller_node]:   Waypoint 36: x=62.53, y=12.23[0m
[delivery_robot_main_controller-20] [0m[INFO] [1775111221.462789352] [main_controller_node]:   Waypoint 37: x=62.05, y=12.12[0m
[delivery_robot_main_controller-20] [0m[INFO] [1775111221.463397744] [main_controller_node]:   Waypoint 38: x=61.56, y=12.01[0m
[delivery_robot_main_controller-20] [0m[INFO] [1775111221.463991262] [main_controller_node]:   Waypoint 39: x=61.07, y=11.90[0m
[delivery_robot_main_controller-20] [0m[INFO] [1775111221.464647778] [main_controller_node]:   Waypoint 40: x=60.59, y=11.79[0m
[delivery_robot_main_controller-20] [0m[INFO] [1775111221.465281835] [main_controller_node]:   Waypoint 41: x=60.10, y=11.68[0m
[delivery_robot_main_controller-20] [0m[INFO] [1775111221.465892269] [main_controller_node]:   Waypoint 42: x=59.61, y=11.57[0m
[delivery_robot_main_controller-20] [0m[INFO] [1775111221.466477329] [main_controller_node]:   Waypoint 43: x=59.13, y=11.46[0m
[delivery_robot_main_controller-20] [0m[INFO] [1775111221.467052473] [main_controller_node]:   Waypoint 44: x=58.64, y=11.35[0m
[delivery_robot_main_controller-20] [0m[INFO] [1775111221.467627616] [main_controller_node]:   Waypoint 45: x=58.15, y=11.23[0m
[delivery_robot_main_controller-20] [0m[INFO] [1775111221.468223759] [main_controller_node]:   Waypoint 46: x=57.67, y=11.12[0m
[delivery_robot_main_controller-20] [0m[INFO] [1775111221.468829818] [main_controller_node]:   Waypoint 47: x=57.18, y=11.01[0m
[delivery_robot_main_controller-20] [0m[INFO] [1775111221.469436752] [main_controller_node]:   Waypoint 48: x=56.69, y=10.90[0m
[delivery_robot_main_controller-20] [0m[INFO] [1775111221.470017729] [main_controller_node]:   Waypoint 49: x=56.21, y=10.79[0m
[delivery_robot_main_controller-20] [0m[INFO] [1775111221.470593747] [main_controller_node]:   Waypoint 50: x=55.72, y=10.68[0m
[delivery_robot_main_controller-20] [0m[INFO] [1775111221.471170057] [main_controller_node]:   Waypoint 51: x=55.23, y=10.57[0m
[delivery_robot_main_controller-20] [0m[INFO] [1775111221.471739951] [main_controller_node]:   Waypoint 52: x=54.75, y=10.46[0m
[delivery_robot_main_controller-20] [0m[INFO] [1775111221.472308678] [main_controller_node]:   Waypoint 53: x=54.26, y=10.35[0m
[delivery_robot_main_controller-20] [0m[INFO] [1775111221.472901321] [main_controller_node]:   Waypoint 54: x=53.77, y=10.24[0m
[delivery_robot_main_controller-20] [0m[INFO] [1775111221.473489006] [main_controller_node]:   Waypoint 55: x=53.29, y=10.13[0m
[delivery_robot_main_controller-20] [0m[INFO] [1775111221.474067066] [main_controller_node]:   Waypoint 56: x=52.80, y=10.02[0m
[delivery_robot_main_controller-20] [0m[INFO] [1775111221.474657084] [main_controller_node]:   Waypoint 57: x=52.31, y=9.91[0m
[delivery_robot_main_controller-20] [0m[INFO] [1775111221.475356764] [main_controller_node]:   Waypoint 58: x=51.82, y=9.79[0m
[delivery_robot_main_controller-20] [0m[INFO] [1775111221.475994030] [main_controller_node]:   Waypoint 59: x=51.34, y=9.68[0m
[delivery_robot_main_controller-20] [0m[INFO] [1775111221.476584048] [main_controller_node]:   Waypoint 60: x=50.85, y=9.57[0m
[delivery_robot_main_controller-20] [0m[INFO] [1775111221.477194774] [main_controller_node]:   Waypoint 61: x=50.36, y=9.46[0m
[delivery_robot_main_controller-20] [0m[INFO] [1775111221.477771959] [main_controller_node]:   Waypoint 62: x=49.88, y=9.35[0m
[delivery_robot_main_controller-20] [0m[INFO] [1775111221.478345352] [main_controller_node]:   Waypoint 63: x=49.39, y=9.24[0m
[delivery_robot_main_controller-20] [0m[INFO] [1775111221.478917288] [main_controller_node]:   Waypoint 64: x=48.90, y=9.13[0m
[delivery_robot_main_controller-20] [0m[INFO] [1775111221.479509056] [main_controller_node]:   Waypoint 65: x=48.42, y=9.02[0m
[delivery_robot_main_controller-20] [0m[INFO] [1775111221.480099949] [main_controller_node]:   Waypoint 66: x=47.93, y=8.91[0m
[delivery_robot_main_controller-20] [0m[INFO] [1775111221.480689383] [main_controller_node]:   Waypoint 67: x=47.44, y=8.80[0m
[delivery_robot_main_controller-20] [0m[INFO] [1775111221.481285526] [main_controller_node]:   Waypoint 68: x=46.96, y=8.69[0m
[delivery_robot_main_controller-20] [0m[INFO] [1775111221.481878169] [main_controller_node]:   Waypoint 69: x=46.47, y=8.58[0m
[delivery_robot_main_controller-20] [0m[INFO] [1775111221.482491519] [main_controller_node]:   Waypoint 70: x=45.98, y=8.46[0m
[delivery_robot_main_controller-20] [0m[INFO] [1775111221.483083870] [main_controller_node]:   Waypoint 71: x=45.50, y=8.35[0m
[delivery_robot_main_controller-20] [0m[INFO] [1775111221.483684971] [main_controller_node]:   Waypoint 72: x=45.01, y=8.24[0m
[delivery_robot_main_controller-20] [0m[INFO] [1775111221.484299780] [main_controller_node]:   Waypoint 73: x=44.52, y=8.13[0m
[delivery_robot_main_controller-20] [0m[INFO] [1775111221.484903797] [main_controller_node]:   Waypoint 74: x=44.04, y=8.02[0m
[delivery_robot_main_controller-20] [0m[INFO] [1775111221.485489149] [main_controller_node]:   Waypoint 75: x=43.55, y=7.91[0m
[delivery_robot_main_controller-20] [0m[INFO] [1775111221.486096083] [main_controller_node]:   Waypoint 76: x=43.06, y=7.80[0m
[delivery_robot_main_controller-20] [0m[INFO] [1775111221.486746473] [main_controller_node]:   Waypoint 77: x=42.58, y=7.69[0m
[delivery_robot_main_controller-20] [0m[INFO] [1775111221.487351657] [main_controller_node]:   Waypoint 78: x=42.09, y=7.58[0m
[delivery_robot_main_controller-20] [0m[INFO] [1775111221.487947800] [main_controller_node]:   Waypoint 79: x=41.60, y=7.47[0m
[delivery_robot_main_controller-20] [0m[INFO] [1775111221.488551817] [main_controller_node]:   Waypoint 80: x=41.12, y=7.36[0m
[delivery_robot_main_controller-20] [0m[INFO] [1775111221.489169251] [main_controller_node]:   Waypoint 81: x=40.63, y=7.25[0m
[delivery_robot_main_controller-20] [0m[INFO] [1775111221.489768894] [main_controller_node]:   Waypoint 82: x=40.14, y=7.13[0m
[delivery_robot_main_controller-20] [0m[INFO] [1775111221.490351620] [main_controller_node]:   Waypoint 83: x=39.66, y=7.02[0m
[delivery_robot_main_controller-20] [0m[INFO] [1775111221.490941346] [main_controller_node]:   Waypoint 84: x=39.17, y=6.91[0m
[delivery_robot_main_controller-20] [0m[INFO] [1775111221.491525823] [main_controller_node]:   Waypoint 85: x=38.68, y=6.80[0m
[delivery_robot_main_controller-20] [0m[INFO] [1775111221.492105341] [main_controller_node]:   Waypoint 86: x=38.20, y=6.69[0m
[delivery_robot_main_controller-20] [0m[INFO] [1775111221.492730941] [main_controller_node]:   Waypoint 87: x=37.71, y=6.58[0m
[delivery_robot_main_controller-20] [0m[INFO] [1775111221.493383082] [main_controller_node]:   Waypoint 88: x=37.22, y=6.47[0m
[delivery_robot_main_controller-20] [0m[INFO] [1775111221.493993807] [main_controller_node]:   Waypoint 89: x=36.74, y=6.36[0m
[delivery_robot_main_controller-20] [0m[INFO] [1775111221.494581200] [main_controller_node]:   Waypoint 90: x=36.25, y=6.25[0m
[delivery_robot_main_controller-20] [0m[INFO] [1775111221.495156927] [main_controller_node]:   Waypoint 91: x=35.76, y=6.14[0m
[delivery_robot_main_controller-20] [0m[INFO] [1775111221.495751028] [main_controller_node]:   Waypoint 92: x=35.28, y=6.03[0m
[delivery_robot_main_controller-20] [0m[INFO] [1775111221.496336380] [main_controller_node]:   Waypoint 93: x=34.79, y=5.92[0m
[delivery_robot_main_controller-20] [0m[INFO] [1775111221.496939522] [main_controller_node]:   Waypoint 94: x=34.30, y=5.81[0m
[delivery_robot_main_controller-20] [0m[INFO] [1775111221.497550539] [main_controller_node]:   Waypoint 95: x=33.82, y=5.69[0m
[delivery_robot_main_controller-20] [0m[INFO] [1775111221.498147849] [main_controller_node]:   Waypoint 96: x=33.33, y=5.58[0m
[delivery_robot_main_controller-20] [0m[INFO] [1775111221.498730284] [main_controller_node]:   Waypoint 97: x=32.84, y=5.47[0m
[delivery_robot_main_controller-20] [0m[INFO] [1775111221.499343634] [main_controller_node]:   Waypoint 98: x=32.36, y=5.36[0m
[delivery_robot_main_controller-20] [0m[INFO] [1775111221.499968067] [main_controller_node]:   Waypoint 99: x=31.87, y=5.25[0m
[delivery_robot_main_controller-20] [0m[INFO] [1775111221.500582584] [main_controller_node]:   Waypoint 100: x=31.38, y=5.14[0m
[delivery_robot_main_controller-20] [0m[INFO] [1775111221.502994279] [main_controller_node]:   Waypoint 101: x=30.90, y=5.03[0m
[delivery_robot_main_controller-20] [0m[INFO] [1775111221.503682876] [main_controller_node]:   Waypoint 102: x=30.41, y=4.92[0m
[delivery_robot_main_controller-20] [0m[INFO] [1775111221.506229024] [main_controller_node]:   Waypoint 103: x=29.92, y=4.81[0m
[delivery_robot_main_controller-20] [0m[INFO] [1775111221.506937746] [main_controller_node]:   Waypoint 104: x=29.44, y=4.70[0m
[delivery_robot_main_controller-20] [0m[INFO] [1775111221.507566262] [main_controller_node]:   Waypoint 105: x=28.95, y=4.59[0m
[delivery_robot_main_controller-20] [0m[INFO] [1775111221.508375896] [main_controller_node]:   Waypoint 106: x=28.46, y=4.48[0m
[delivery_robot_main_controller-20] [0m[INFO] [1775111221.509081701] [main_controller_node]:   Waypoint 107: x=27.98, y=4.36[0m
[delivery_robot_main_controller-20] [0m[INFO] [1775111221.512716888] [main_controller_node]:   Waypoint 108: x=27.49, y=4.25[0m
[delivery_robot_main_controller-20] [0m[INFO] [1775111221.513800095] [main_controller_node]:   Waypoint 109: x=27.00, y=4.14[0m
[delivery_robot_main_controller-20] [0m[INFO] [1775111221.514473526] [main_controller_node]:   Waypoint 110: x=26.52, y=4.03[0m
[delivery_robot_main_controller-20] [0m[INFO] [1775111221.515076960] [main_controller_node]:   Waypoint 111: x=26.03, y=3.92[0m
[delivery_robot_main_controller-20] [0m[INFO] [1775111221.515768474] [main_controller_node]:   Waypoint 112: x=25.54, y=3.81[0m
[delivery_robot_main_controller-20] [0m[INFO] [1775111221.516366367] [main_controller_node]:   Waypoint 113: x=25.06, y=3.70[0m
[delivery_robot_main_controller-20] [0m[INFO] [1775111221.516963093] [main_controller_node]:   Waypoint 114: x=24.57, y=3.59[0m
[delivery_robot_main_controller-20] [0m[INFO] [1775111221.517869848] [main_controller_node]:   Waypoint 115: x=24.08, y=3.48[0m
[delivery_robot_main_controller-20] [0m[INFO] [1775111221.518514114] [main_controller_node]:   Waypoint 116: x=23.60, y=3.37[0m
[delivery_robot_main_controller-20] [0m[INFO] [1775111221.519138839] [main_controller_node]:   Waypoint 117: x=23.11, y=3.26[0m
[delivery_robot_main_controller-20] [0m[INFO] [1775111221.519733523] [main_controller_node]:   Waypoint 118: x=22.62, y=3.15[0m
[delivery_robot_main_controller-20] [0m[INFO] [1775111221.520350957] [main_controller_node]:   Waypoint 119: x=22.14, y=3.04[0m
[delivery_robot_main_controller-20] [0m[INFO] [1775111221.520941850] [main_controller_node]:   Waypoint 120: x=21.65, y=2.92[0m
[delivery_robot_main_controller-20] [0m[INFO] [1775111221.521544701] [main_controller_node]:   Waypoint 121: x=21.16, y=2.81[0m
[delivery_robot_main_controller-20] [0m[INFO] [1775111221.522255755] [main_controller_node]:   Waypoint 122: x=20.67, y=2.70[0m
[delivery_robot_main_controller-20] [0m[INFO] [1775111221.522922479] [main_controller_node]:   Waypoint 123: x=20.19, y=2.59[0m
[delivery_robot_main_controller-20] [0m[INFO] [1775111221.523525329] [main_controller_node]:   Waypoint 124: x=19.70, y=2.48[0m
[delivery_robot_main_controller-20] [0m[INFO] [1775111221.524111556] [main_controller_node]:   Waypoint 125: x=19.21, y=2.37[0m
[delivery_robot_main_controller-20] [0m[INFO] [1775111221.525020936] [main_controller_node]:   Waypoint 126: x=18.73, y=2.26[0m
[delivery_robot_main_controller-20] [0m[INFO] [1775111221.525666077] [main_controller_node]:   Waypoint 127: x=18.24, y=2.15[0m
[delivery_robot_main_controller-20] [0m[INFO] [1775111221.526330175] [main_controller_node]:   Waypoint 128: x=17.75, y=2.04[0m
[delivery_robot_main_controller-20] [0m[INFO] [1775111221.526942067] [main_controller_node]:   Waypoint 129: x=17.27, y=1.93[0m
[delivery_robot_main_controller-20] [0m[INFO] [1775111221.527545501] [main_controller_node]:   Waypoint 130: x=16.78, y=1.82[0m
[delivery_robot_main_controller-20] [0m[INFO] [1775111221.528137269] [main_controller_node]:   Waypoint 131: x=16.29, y=1.71[0m
[delivery_robot_main_controller-20] [0m[INFO] [1775111221.528726120] [main_controller_node]:   Waypoint 132: x=15.81, y=1.59[0m
[delivery_robot_main_controller-20] [0m[INFO] [1775111221.529471299] [main_controller_node]:   Waypoint 133: x=15.32, y=1.48[0m
[delivery_robot_main_controller-20] [0m[INFO] [1775111221.530109440] [main_controller_node]:   Waypoint 134: x=14.83, y=1.37[0m
[delivery_robot_main_controller-20] [0m[INFO] [1775111221.530715791] [main_controller_node]:   Waypoint 135: x=14.35, y=1.26[0m
[delivery_robot_main_controller-20] [0m[INFO] [1775111221.533330477] [main_controller_node]:   Waypoint 136: x=13.86, y=1.15[0m
[delivery_robot_main_controller-20] [0m[INFO] [1775111221.535350188] [main_controller_node]:   Waypoint 137: x=13.37, y=1.04[0m
[delivery_robot_main_controller-20] [0m[INFO] [1775111221.536072325] [main_controller_node]:   Waypoint 138: x=12.89, y=0.93[0m
[delivery_robot_main_controller-20] [0m[INFO] [1775111221.536702008] [main_controller_node]:   Waypoint 139: x=12.40, y=0.82[0m
[delivery_robot_main_controller-20] [0m[INFO] [1775111221.537303984] [main_controller_node]:   Waypoint 140: x=11.91, y=0.71[0m
[delivery_robot_main_controller-20] [0m[INFO] [1775111221.537894002] [main_controller_node]:   Waypoint 141: x=11.43, y=0.60[0m
[delivery_robot_main_controller-20] [0m[INFO] [1775111221.538495978] [main_controller_node]:   Waypoint 142: x=10.94, y=0.49[0m
[delivery_robot_main_controller-20] [0m[INFO] [1775111221.539101162] [main_controller_node]:   Waypoint 143: x=10.45, y=0.38[0m
[delivery_robot_main_controller-20] [0m[INFO] [1775111221.539719762] [main_controller_node]:   Waypoint 144: x=9.97, y=0.27[0m
[delivery_robot_main_controller-20] [0m[INFO] [1775111221.540330779] [main_controller_node]:   Waypoint 145: x=9.48, y=0.15[0m
[delivery_robot_main_controller-20] [0m[INFO] [1775111221.540927797] [main_controller_node]:   Waypoint 146: x=8.99, y=0.04[0m
[delivery_robot_main_controller-20] [0m[INFO] [1775111221.541539981] [main_controller_node]:   Waypoint 147: x=8.51, y=-0.07[0m
[delivery_robot_main_controller-20] [0m[INFO] [1775111221.542169955] [main_controller_node]:   Waypoint 148: x=8.02, y=-0.18[0m
[delivery_robot_main_controller-20] [0m[INFO] [1775111221.542793514] [main_controller_node]:   Waypoint 149: x=7.53, y=-0.29[0m
[delivery_robot_main_controller-20] [0m[INFO] [1775111221.543392281] [main_controller_node]:   Waypoint 150: x=7.05, y=-0.40[0m
[delivery_robot_main_controller-20] [0m[INFO] [1775111221.543983758] [main_controller_node]:   Waypoint 151: x=6.56, y=-0.51[0m
[delivery_robot_main_controller-20] [0m[INFO] [1775111221.544564734] [main_controller_node]:   Waypoint 152: x=6.07, y=-0.62[0m
[delivery_robot_main_controller-20] [0m[INFO] [1775111221.545143378] [main_controller_node]:   Waypoint 153: x=5.59, y=-0.73[0m
[delivery_robot_main_controller-20] [0m[INFO] [1775111221.545768103] [main_controller_node]:   Waypoint 154: x=5.10, y=-0.84[0m
[delivery_robot_main_controller-20] [0m[INFO] [1775111221.546363079] [main_controller_node]:   Waypoint 155: x=5.00, y=-0.38[0m
[delivery_robot_main_controller-20] [0m[INFO] [1775111221.546946389] [main_controller_node]:   Waypoint 156: x=4.90, y=0.08[0m
[delivery_robot_main_controller-20] [0m[INFO] [1775111221.547536698] [main_controller_node]:   Waypoint 157: x=4.80, y=0.54[0m
[delivery_robot_main_controller-20] [0m[INFO] [1775111221.548129049] [main_controller_node]:   Waypoint 158: x=4.71, y=1.00[0m
[delivery_robot_main_controller-20] [0m[INFO] [1775111221.548712651] [main_controller_node]:   Waypoint 159: x=4.61, y=1.45[0m
[delivery_robot_main_controller-20] [0m[INFO] [1775111221.549326001] [main_controller_node]:   Waypoint 160: x=4.51, y=1.91[0m
[delivery_robot_main_controller-20] [0m[INFO] [1775111221.550027431] [main_controller_node]:   Waypoint 161: x=4.41, y=2.37[0m
[delivery_robot_main_controller-20] [0m[INFO] [1775111221.550707279] [main_controller_node]:   Waypoint 162: x=4.31, y=2.83[0m
[delivery_robot_main_controller-20] [0m[INFO] [1775111221.552486666] [main_controller_node]:   Waypoint 163: x=4.15, y=3.29[0m
[delivery_robot_main_controller-20] [0m[INFO] [1775111221.553284051] [main_controller_node]:   Waypoint 164: x=3.98, y=3.74[0m
[delivery_robot_main_controller-20] [0m[INFO] [1775111221.553954565] [main_controller_node]:   Waypoint 165: x=3.81, y=4.19[0m
[delivery_robot_main_controller-20] [0m[INFO] [1775111221.554576957] [main_controller_node]:   Waypoint 166: x=3.65, y=4.65[0m
[delivery_robot_main_controller-20] [0m[INFO] [1775111221.555176016] [main_controller_node]:   Waypoint 167: x=3.48, y=5.10[0m
[delivery_robot_main_controller-20] [0m[INFO] [1775111221.555799283] [main_controller_node]:   Waypoint 168: x=3.31, y=5.55[0m
[delivery_robot_main_controller-20] [0m[INFO] [1775111221.556404759] [main_controller_node]:   Waypoint 169: x=2.87, y=5.48[0m
[delivery_robot_main_controller-20] [0m[INFO] [1775111221.556998276] [main_controller_node]:   Waypoint 170: x=2.42, y=5.40[0m
[delivery_robot_main_controller-20] [0m[INFO] [1775111221.557582753] [main_controller_node]:   Waypoint 171: x=1.98, y=5.33[0m
[delivery_robot_main_controller-20] [0m[INFO] [1775111221.558166646] [main_controller_node]:   Waypoint 172: x=1.53, y=5.26[0m
[delivery_robot_main_controller-20] [0m[INFO] [1775111221.558747040] [main_controller_node]:   Waypoint 173: x=1.09, y=5.18[0m
[delivery_robot_main_controller-20] [0m[INFO] [1775111221.559359223] [main_controller_node]:   Waypoint 174: x=0.66, y=5.41[0m
[delivery_robot_main_controller-20] [0m[INFO] [1775111221.559961782] [main_controller_node]:   Waypoint 175: x=0.23, y=5.63[0m
[delivery_robot_main_controller-20] [0m[INFO] [1775111221.560548592] [main_controller_node]:   Waypoint 176: x=-0.20, y=5.85[0m
[delivery_robot_main_controller-20] [0m[INFO] [1775111221.561152318] [main_controller_node]:   Waypoint 177: x=-0.63, y=6.07[0m
[delivery_robot_main_controller-20] [0m[INFO] [1775111221.562603593] [main_controller_node]: Navigating with 178 goals....[0m
[bt_navigator-14] [INFO] [1775111221.566018873] [bt_navigator]: Begin navigating from current location through 178 poses to (-0.63, 6.07)
[controller_server-10] [INFO] [1775111221.566343776] [local_costmap.local_costmap]: Received request to clear entirely the local_costmap
[delivery_robot_main_controller-20] [0m[INFO] [1775111221.568056666] [main_controller_node]: State change: STANDBY -> MOVE[0m
[controller_server-10] [INFO] [1775111221.573514113] [local_costmap.local_costmap]: KeepoutFilter: Subscribing to "/keepout_costmap_filter_info" topic for filter info...
[planner_server-12] [INFO] [1775111221.581767365] [global_costmap.global_costmap]: Received request to clear entirely the global_costmap
[delivery_robot_main_controller-20] [0m[INFO] [1775111221.585096898] [main_controller_node]: Robot is MOVING.[0m
[planner_server-12] [INFO] [1775111221.588478637] [global_costmap.global_costmap]: KeepoutFilter: Subscribing to "/keepout_costmap_filter_info" topic for filter info...
[controller_server-10] [INFO] [1775111221.588727127] [local_costmap.local_costmap]: KeepoutFilter: Received filter info from /keepout_costmap_filter_info topic.
[controller_server-10] [INFO] [1775111221.588807332] [local_costmap.local_costmap]: KeepoutFilter: Subscribing to "/keepout_filter_mask" topic for filter mask...
[controller_server-10] [WARN] [1775111221.594521728] [local_costmap.local_costmap]: KeepoutFilter: New filter mask arrived from /keepout_filter_mask topic. Updating old filter mask.
[planner_server-12] [INFO] [1775111221.599893720] [global_costmap.global_costmap]: KeepoutFilter: Received filter info from /keepout_costmap_filter_info topic.
[planner_server-12] [INFO] [1775111221.599952634] [global_costmap.global_costmap]: KeepoutFilter: Subscribing to "/keepout_filter_mask" topic for filter mask...
[planner_server-12] [WARN] [1775111221.616075612] [global_costmap.global_costmap]: KeepoutFilter: New filter mask arrived from /keepout_filter_mask topic. Updating old filter mask.
[planner_server-12] [WARN] [1775111221.797647444] [planner_server]: GridBased plugin failed to plan from (76.15, 15.30) to (75.67, 15.22): "no valid path found"
[planner_server-12] [WARN] [1775111221.797815437] [planner_server]: [compute_path_through_poses] [ActionServer] Aborting handle.
[planner_server-12] [INFO] [1775111221.813056158] [global_costmap.global_costmap]: Received request to clear entirely the global_costmap
[planner_server-12] [INFO] [1775111221.821512693] [global_costmap.global_costmap]: KeepoutFilter: Subscribing to "/keepout_costmap_filter_info" topic for filter info...
[planner_server-12] [INFO] [1775111221.827573575] [global_costmap.global_costmap]: KeepoutFilter: Received filter info from /keepout_costmap_filter_info topic.
[planner_server-12] [INFO] [1775111221.827630156] [global_costmap.global_costmap]: KeepoutFilter: Subscribing to "/keepout_filter_mask" topic for filter mask...
[planner_server-12] [WARN] [1775111221.834361844] [global_costmap.global_costmap]: KeepoutFilter: New filter mask arrived from /keepout_filter_mask topic. Updating old filter mask.
[planner_server-12] [WARN] [1775111222.262391443] [planner_server]: GridBased plugin failed to plan from (76.15, 15.30) to (75.67, 15.22): "no valid path found"
[planner_server-12] [WARN] [1775111222.262479814] [planner_server]: [compute_path_through_poses] [ActionServer] Aborting handle.
[bt_navigator-14] [WARN] [1775111222.292042252] [bt_navigator]: [navigate_through_poses] [ActionServer] Aborting handle.
[bt_navigator-14] [ERROR] [1775111222.293419738] [bt_navigator]: Goal failed
[delivery_robot_main_controller-20] [33m[WARN] [1775111222.294656355] [main_controller_node]: Goal failed! (obstacle retry 1/3)[0m
[delivery_robot_main_controller-20] [0m[INFO] [1775111222.295290121] [main_controller_node]: Published message: "obstacle_alert"[0m
[robot_sound-21] [0m[INFO] [1775111222.296131546] [robot_sound_node]: 🔔 Received sound command: obstacle_alert[0m
[delivery_robot_main_controller-20] [0m[INFO] [1775111222.297996679] [main_controller_node]: Pre-resume: waiting 3 seconds before wiggle...[0m
[delivery_robot_main_controller-20] [0m[INFO] [1775111222.311638548] [main_controller_node]: Current state: MOVE, dock_state IDLE, charge_state NOT_CHARGE[0m
[robot_sound-21] amixer: Unable to find simple control 'PCM',0
[robot_sound-21] 
[robot_sound-21] [0m[INFO] [1775111222.322905762] [robot_sound_node]: 🔊 Playing sound: /home/smr/workspaces/mini_amr/amrROS2_ws/sounds/robot_obstacle.wav[0m
[robot_sound-21] aplay: main:834: audio open error: No such file or directory
[delivery_robot_main_controller-20] [0m[INFO] [1775111222.606932770] [main_controller_node]: Pre-resume: clearing local/global costmaps.[0m
[controller_server-10] [INFO] [1775111222.609406879] [local_costmap.local_costmap]: Received request to clear entirely the local_costmap
[controller_server-10] [INFO] [1775111222.614121773] [local_costmap.local_costmap]: KeepoutFilter: Subscribing to "/keepout_costmap_filter_info" topic for filter info...
[controller_server-10] [INFO] [1775111222.620547223] [local_costmap.local_costmap]: KeepoutFilter: Received filter info from /keepout_costmap_filter_info topic.
[controller_server-10] [INFO] [1775111222.620711134] [local_costmap.local_costmap]: KeepoutFilter: Subscribing to "/keepout_filter_mask" topic for filter mask...
[planner_server-12] [INFO] [1775111222.623758053] [global_costmap.global_costmap]: Received request to clear entirely the global_costmap
[planner_server-12] [INFO] [1775111222.627495611] [global_costmap.global_costmap]: KeepoutFilter: Subscribing to "/keepout_costmap_filter_info" topic for filter info...
[controller_server-10] [WARN] [1775111222.633411832] [local_costmap.local_costmap]: KeepoutFilter: New filter mask arrived from /keepout_filter_mask topic. Updating old filter mask.
[planner_server-12] [INFO] [1775111222.638192931] [global_costmap.global_costmap]: KeepoutFilter: Received filter info from /keepout_costmap_filter_info topic.
[planner_server-12] [INFO] [1775111222.638249512] [global_costmap.global_costmap]: KeepoutFilter: Subscribing to "/keepout_filter_mask" topic for filter mask...
[planner_server-12] [WARN] [1775111222.649818589] [global_costmap.global_costmap]: KeepoutFilter: New filter mask arrived from /keepout_filter_mask topic. Updating old filter mask.
[planner_server-12] [INFO] [1775111223.205146242] [global_costmap.global_costmap]: StaticLayer: Resizing costmap to 1946 X 474 at 0.050000 m/pix
[delivery_robot_main_controller-20] [0m[INFO] [1775111223.287093700] [main_controller_node]: Current state: MOVE, dock_state IDLE, charge_state NOT_CHARGE[0m
[delivery_robot_main_controller-20] [0m[INFO] [1775111223.637929233] [main_controller_node]: Pre-resume wiggle complete. Switching to STANDBY.[0m
[delivery_robot_main_controller-20] [0m[INFO] [1775111223.638793407] [main_controller_node]: State change: MOVE -> STANDBY[0m
[delivery_robot_main_controller-20] [0m[INFO] [1775111223.658545447] [main_controller_node]: Robot is in STANDBY mode.[0m
[delivery_robot_main_controller-20] [0m[INFO] [1775111224.366193106] [main_controller_node]: Current state: STANDBY, dock_state IDLE, charge_state NOT_CHARGE[0m
[delivery_robot_main_controller-20] [0m[INFO] [1775111225.334128810] [main_controller_node]: Current state: STANDBY, dock_state IDLE, charge_state NOT_CHARGE[0m
[delivery_robot_main_controller-20] [0m[INFO] [1775111225.433074211] [main_controller_node]: 1 pending queues [0m
[delivery_robot_main_controller-20] [0m[INFO] [1775111225.434063796] [main_controller_node]: Queue action: Request[0m
[delivery_robot_main_controller-20] [0m[INFO] [1775111225.457150910] [main_controller_node]: AGV start_pos: x=80.17, y=15.48[0m
[delivery_robot_main_controller-20] [0m[INFO] [1775111225.457761052] [main_controller_node]: AGV goal_pos: x=-0.63, y=6.07[0m
[delivery_robot_main_controller-20] [0m[INFO] [1775111225.458273490] [main_controller_node]: Path source: database routes[0m
[delivery_robot_main_controller-20] [0m[INFO] [1775111225.477297851] [main_controller_node]: Computed AGV path waypoints:[0m
[delivery_robot_main_controller-20] [0m[INFO] [1775111225.477998115] [main_controller_node]:   Waypoint 0: x=80.17, y=15.48[0m
[delivery_robot_main_controller-20] [0m[INFO] [1775111225.481589554] [main_controller_node]:   Waypoint 1: x=79.68, y=15.37[0m
[delivery_robot_main_controller-20] [0m[INFO] [1775111225.482310233] [main_controller_node]:   Waypoint 2: x=79.19, y=15.27[0m
[delivery_robot_main_controller-20] [0m[INFO] [1775111225.482986872] [main_controller_node]:   Waypoint 3: x=78.71, y=15.16[0m
[delivery_robot_main_controller-20] [0m[INFO] [1775111225.483591765] [main_controller_node]:   Waypoint 4: x=78.22, y=15.06[0m
[delivery_robot_main_controller-20] [0m[INFO] [1775111225.484177991] [main_controller_node]:   Waypoint 5: x=77.73, y=14.95[0m
[delivery_robot_main_controller-20] [0m[INFO] [1775111225.484842965] [main_controller_node]:   Waypoint 6: x=77.24, y=14.84[0m
[delivery_robot_main_controller-20] [0m[INFO] [1775111225.485438232] [main_controller_node]:   Waypoint 7: x=76.76, y=14.74[0m
[delivery_robot_main_controller-20] [0m[INFO] [1775111225.486166203] [main_controller_node]:   Waypoint 8: x=76.27, y=14.63[0m
[delivery_robot_main_controller-20] [0m[INFO] [1775111225.486924506] [main_controller_node]:   Waypoint 9: x=75.78, y=14.53[0m
[delivery_robot_main_controller-20] [0m[INFO] [1775111225.487542814] [main_controller_node]:   Waypoint 10: x=75.30, y=14.42[0m
[delivery_robot_main_controller-20] [0m[INFO] [1775111225.488126708] [main_controller_node]:   Waypoint 11: x=74.81, y=14.31[0m
[delivery_robot_main_controller-20] [0m[INFO] [1775111225.488704476] [main_controller_node]:   Waypoint 12: x=74.32, y=14.21[0m
[delivery_robot_main_controller-20] [0m[INFO] [1775111225.489298286] [main_controller_node]:   Waypoint 13: x=73.83, y=14.10[0m
[delivery_robot_main_controller-20] [0m[INFO] [1775111225.489880137] [main_controller_node]:   Waypoint 14: x=73.35, y=14.00[0m
[delivery_robot_main_controller-20] [0m[INFO] [1775111225.490457906] [main_controller_node]:   Waypoint 15: x=72.86, y=13.89[0m
[delivery_robot_main_controller-20] [0m[INFO] [1775111225.491034799] [main_controller_node]:   Waypoint 16: x=72.37, y=13.78[0m
[delivery_robot_main_controller-20] [0m[INFO] [1775111225.491607318] [main_controller_node]:   Waypoint 17: x=71.88, y=13.68[0m
[delivery_robot_main_controller-20] [0m[INFO] [1775111225.492180128] [main_controller_node]:   Waypoint 18: x=71.40, y=13.57[0m
[delivery_robot_main_controller-20] [0m[INFO] [1775111225.492771896] [main_controller_node]:   Waypoint 19: x=70.91, y=13.47[0m
[delivery_robot_main_controller-20] [0m[INFO] [1775111225.493370955] [main_controller_node]:   Waypoint 20: x=70.42, y=13.36[0m
[delivery_robot_main_controller-20] [0m[INFO] [1775111225.494052261] [main_controller_node]:   Waypoint 21: x=69.93, y=13.25[0m
[delivery_robot_main_controller-20] [0m[INFO] [1775111225.494656862] [main_controller_node]:   Waypoint 22: x=69.45, y=13.15[0m
[delivery_robot_main_controller-20] [0m[INFO] [1775111225.495244838] [main_controller_node]:   Waypoint 23: x=68.96, y=13.04[0m
[delivery_robot_main_controller-20] [0m[INFO] [1775111225.495853231] [main_controller_node]:   Waypoint 24: x=68.47, y=12.94[0m
[delivery_robot_main_controller-20] [0m[INFO] [1775111225.496439749] [main_controller_node]:   Waypoint 25: x=67.98, y=12.83[0m
[delivery_robot_main_controller-20] [0m[INFO] [1775111225.497039100] [main_controller_node]:   Waypoint 26: x=67.50, y=12.72[0m
[delivery_robot_main_controller-20] [0m[INFO] [1775111225.497633201] [main_controller_node]:   Waypoint 27: x=67.01, y=12.62[0m
[delivery_robot_main_controller-20] [0m[INFO] [1775111225.498223510] [main_controller_node]:   Waypoint 28: x=66.52, y=12.51[0m
[delivery_robot_main_controller-20] [0m[INFO] [1775111225.498919982] [main_controller_node]:   Waypoint 29: x=66.03, y=12.41[0m
[delivery_robot_main_controller-20] [0m[INFO] [1775111225.499557540] [main_controller_node]:   Waypoint 30: x=65.55, y=12.30[0m
[delivery_robot_main_controller-20] [0m[INFO] [1775111225.503498090] [main_controller_node]:   Waypoint 31: x=65.06, y=12.19[0m
[delivery_robot_main_controller-20] [0m[INFO] [1775111225.506777459] [main_controller_node]:   Waypoint 32: x=64.57, y=12.09[0m
[delivery_robot_main_controller-20] [0m[INFO] [1775111225.507588259] [main_controller_node]:   Waypoint 33: x=64.08, y=11.98[0m
[delivery_robot_main_controller-20] [0m[INFO] [1775111225.509817961] [main_controller_node]:   Waypoint 34: x=63.60, y=11.88[0m
[delivery_robot_main_controller-20] [0m[INFO] [1775111225.510510350] [main_controller_node]:   Waypoint 35: x=63.11, y=11.77[0m
[delivery_robot_main_controller-20] [0m[INFO] [1775111225.511142367] [main_controller_node]:   Waypoint 36: x=62.62, y=11.66[0m
[delivery_robot_main_controller-20] [0m[INFO] [1775111225.511836505] [main_controller_node]:   Waypoint 37: x=62.13, y=11.56[0m
[delivery_robot_main_controller-20] [0m[INFO] [1775111225.512472313] [main_controller_node]:   Waypoint 38: x=61.65, y=11.45[0m
[delivery_robot_main_controller-20] [0m[INFO] [1775111225.513064373] [main_controller_node]:   Waypoint 39: x=61.16, y=11.35[0m
[delivery_robot_main_controller-20] [0m[INFO] [1775111225.513642724] [main_controller_node]:   Waypoint 40: x=60.67, y=11.24[0m
[delivery_robot_main_controller-20] [0m[INFO] [1775111225.514267158] [main_controller_node]:   Waypoint 41: x=60.18, y=11.13[0m
[delivery_robot_main_controller-20] [0m[INFO] [1775111225.514847551] [main_controller_node]:   Waypoint 42: x=59.70, y=11.03[0m
[delivery_robot_main_controller-20] [0m[INFO] [1775111225.515420945] [main_controller_node]:   Waypoint 43: x=59.21, y=10.92[0m
[delivery_robot_main_controller-20] [0m[INFO] [1775111225.516017379] [main_controller_node]:   Waypoint 44: x=58.72, y=10.82[0m
[delivery_robot_main_controller-20] [0m[INFO] [1775111225.516603022] [main_controller_node]:   Waypoint 45: x=58.23, y=10.71[0m
[delivery_robot_main_controller-20] [0m[INFO] [1775111225.517182832] [main_controller_node]:   Waypoint 46: x=57.75, y=10.60[0m
[delivery_robot_main_controller-20] [0m[INFO] [1775111225.517778392] [main_controller_node]:   Waypoint 47: x=57.26, y=10.50[0m
[delivery_robot_main_controller-20] [0m[INFO] [1775111225.518367535] [main_controller_node]:   Waypoint 48: x=56.77, y=10.39[0m
[delivery_robot_main_controller-20] [0m[INFO] [1775111225.518955219] [main_controller_node]:   Waypoint 49: x=56.28, y=10.29[0m
[delivery_robot_main_controller-20] [0m[INFO] [1775111225.519554570] [main_controller_node]:   Waypoint 50: x=55.80, y=10.18[0m
[delivery_robot_main_controller-20] [0m[INFO] [1775111225.520200294] [main_controller_node]:   Waypoint 51: x=55.31, y=10.07[0m
[delivery_robot_main_controller-20] [0m[INFO] [1775111225.520786521] [main_controller_node]:   Waypoint 52: x=54.82, y=9.97[0m
[delivery_robot_main_controller-20] [0m[INFO] [1775111225.521371289] [main_controller_node]:   Waypoint 53: x=54.33, y=9.86[0m
[delivery_robot_main_controller-20] [0m[INFO] [1775111225.521967432] [main_controller_node]:   Waypoint 54: x=53.85, y=9.76[0m
[delivery_robot_main_controller-20] [0m[INFO] [1775111225.522566491] [main_controller_node]:   Waypoint 55: x=53.36, y=9.65[0m
[delivery_robot_main_controller-20] [0m[INFO] [1775111225.523148051] [main_controller_node]:   Waypoint 56: x=52.87, y=9.54[0m
[delivery_robot_main_controller-20] [0m[INFO] [1775111225.523722028] [main_controller_node]:   Waypoint 57: x=52.38, y=9.44[0m
[delivery_robot_main_controller-20] [0m[INFO] [1775111225.524302421] [main_controller_node]:   Waypoint 58: x=51.90, y=9.33[0m
[delivery_robot_main_controller-20] [0m[INFO] [1775111225.524911397] [main_controller_node]:   Waypoint 59: x=51.41, y=9.23[0m
[delivery_robot_main_controller-20] [0m[INFO] [1775111225.525492082] [main_controller_node]:   Waypoint 60: x=50.92, y=9.12[0m
[delivery_robot_main_controller-20] [0m[INFO] [1775111225.526088516] [main_controller_node]:   Waypoint 61: x=50.43, y=9.01[0m
[delivery_robot_main_controller-20] [0m[INFO] [1775111225.526674743] [main_controller_node]:   Waypoint 62: x=49.95, y=8.91[0m
[delivery_robot_main_controller-20] [0m[INFO] [1775111225.527246678] [main_controller_node]:   Waypoint 63: x=49.46, y=8.80[0m
[delivery_robot_main_controller-20] [0m[INFO] [1775111225.527828530] [main_controller_node]:   Waypoint 64: x=48.97, y=8.70[0m
[delivery_robot_main_controller-20] [0m[INFO] [1775111225.528469879] [main_controller_node]:   Waypoint 65: x=48.48, y=8.59[0m
[delivery_robot_main_controller-20] [0m[INFO] [1775111225.529083229] [main_controller_node]:   Waypoint 66: x=48.00, y=8.48[0m
[delivery_robot_main_controller-20] [0m[INFO] [1775111225.529668289] [main_controller_node]:   Waypoint 67: x=47.51, y=8.38[0m
[delivery_robot_main_controller-20] [0m[INFO] [1775111225.530236141] [main_controller_node]:   Waypoint 68: x=47.02, y=8.27[0m
[delivery_robot_main_controller-20] [0m[INFO] [1775111225.530801077] [main_controller_node]:   Waypoint 69: x=46.53, y=8.17[0m
[delivery_robot_main_controller-20] [0m[INFO] [1775111225.531368346] [main_controller_node]:   Waypoint 70: x=46.05, y=8.06[0m
[delivery_robot_main_controller-20] [0m[INFO] [1775111225.531963322] [main_controller_node]:   Waypoint 71: x=45.56, y=7.95[0m
[delivery_robot_main_controller-20] [0m[INFO] [1775111225.532591547] [main_controller_node]:   Waypoint 72: x=45.07, y=7.85[0m
[delivery_robot_main_controller-20] [0m[INFO] [1775111225.533190898] [main_controller_node]:   Waypoint 73: x=44.58, y=7.74[0m
[delivery_robot_main_controller-20] [0m[INFO] [1775111225.533784415] [main_controller_node]:   Waypoint 74: x=44.10, y=7.64[0m
[delivery_robot_main_controller-20] [0m[INFO] [1775111225.534365684] [main_controller_node]:   Waypoint 75: x=43.61, y=7.53[0m
[delivery_robot_main_controller-20] [0m[INFO] [1775111225.534992742] [main_controller_node]:   Waypoint 76: x=43.12, y=7.42[0m
[delivery_robot_main_controller-20] [0m[INFO] [1775111225.535587426] [main_controller_node]:   Waypoint 77: x=42.63, y=7.32[0m
[delivery_robot_main_controller-20] [0m[INFO] [1775111225.537022369] [main_controller_node]:   Waypoint 78: x=42.15, y=7.21[0m
[delivery_robot_main_controller-20] [0m[INFO] [1775111225.538158073] [main_controller_node]:   Waypoint 79: x=41.66, y=7.11[0m
[delivery_robot_main_controller-20] [0m[INFO] [1775111225.538774340] [main_controller_node]:   Waypoint 80: x=41.17, y=7.00[0m
[delivery_robot_main_controller-20] [0m[INFO] [1775111225.539381566] [main_controller_node]:   Waypoint 81: x=40.68, y=6.89[0m
[delivery_robot_main_controller-20] [0m[INFO] [1775111225.539973333] [main_controller_node]:   Waypoint 82: x=40.20, y=6.79[0m
[delivery_robot_main_controller-20] [0m[INFO] [1775111225.540578518] [main_controller_node]:   Waypoint 83: x=39.71, y=6.68[0m
[delivery_robot_main_controller-20] [0m[INFO] [1775111225.541177285] [main_controller_node]:   Waypoint 84: x=39.22, y=6.58[0m
[delivery_robot_main_controller-20] [0m[INFO] [1775111225.541772845] [main_controller_node]:   Waypoint 85: x=38.74, y=6.47[0m
[delivery_robot_main_controller-20] [0m[INFO] [1775111225.542357029] [main_controller_node]:   Waypoint 86: x=38.25, y=6.36[0m
[delivery_robot_main_controller-20] [0m[INFO] [1775111225.543052335] [main_controller_node]:   Waypoint 87: x=37.76, y=6.26[0m
[delivery_robot_main_controller-20] [0m[INFO] [1775111225.543672685] [main_controller_node]:   Waypoint 88: x=37.27, y=6.15[0m
[delivery_robot_main_controller-20] [0m[INFO] [1775111225.544303243] [main_controller_node]:   Waypoint 89: x=36.79, y=6.05[0m
[delivery_robot_main_controller-20] [0m[INFO] [1775111225.544886844] [main_controller_node]:   Waypoint 90: x=36.30, y=5.94[0m
[delivery_robot_main_controller-20] [0m[INFO] [1775111225.545471029] [main_controller_node]:   Waypoint 91: x=35.81, y=5.83[0m
[delivery_robot_main_controller-20] [0m[INFO] [1775111225.546068339] [main_controller_node]:   Waypoint 92: x=35.32, y=5.73[0m
[delivery_robot_main_controller-20] [0m[INFO] [1775111225.546653982] [main_controller_node]:   Waypoint 93: x=34.84, y=5.62[0m
[delivery_robot_main_controller-20] [0m[INFO] [1775111225.547250416] [main_controller_node]:   Waypoint 94: x=34.35, y=5.52[0m
[delivery_robot_main_controller-20] [0m[INFO] [1775111225.547835184] [main_controller_node]:   Waypoint 95: x=33.86, y=5.41[0m
[delivery_robot_main_controller-20] [0m[INFO] [1775111225.548412953] [main_controller_node]:   Waypoint 96: x=33.37, y=5.30[0m
[delivery_robot_main_controller-20] [0m[INFO] [1775111225.549003554] [main_controller_node]:   Waypoint 97: x=32.89, y=5.20[0m
[delivery_robot_main_controller-20] [0m[INFO] [1775111225.549708776] [main_controller_node]:   Waypoint 98: x=32.40, y=5.09[0m
[delivery_robot_main_controller-20] [0m[INFO] [1775111225.550333501] [main_controller_node]:   Waypoint 99: x=31.91, y=4.99[0m
[delivery_robot_main_controller-20] [0m[INFO] [1775111225.550955601] [main_controller_node]:   Waypoint 100: x=31.42, y=4.88[0m
[delivery_robot_main_controller-20] [0m[INFO] [1775111225.551551743] [main_controller_node]:   Waypoint 101: x=30.94, y=4.77[0m
[delivery_robot_main_controller-20] [0m[INFO] [1775111225.552147886] [main_controller_node]:   Waypoint 102: x=30.45, y=4.67[0m
[delivery_robot_main_controller-20] [0m[INFO] [1775111225.552771153] [main_controller_node]:   Waypoint 103: x=29.96, y=4.56[0m
[delivery_robot_main_controller-20] [0m[INFO] [1775111225.558931780] [main_controller_node]:   Waypoint 104: x=29.47, y=4.46[0m
[delivery_robot_main_controller-20] [0m[INFO] [1775111225.559710791] [main_controller_node]:   Waypoint 105: x=28.99, y=4.35[0m
[delivery_robot_main_controller-20] [0m[INFO] [1775111225.560458011] [main_controller_node]:   Waypoint 106: x=28.50, y=4.24[0m
[delivery_robot_main_controller-20] [0m[INFO] [1775111225.561120067] [main_controller_node]:   Waypoint 107: x=28.01, y=4.14[0m
[delivery_robot_main_controller-20] [0m[INFO] [1775111225.561735751] [main_controller_node]:   Waypoint 108: x=27.52, y=4.03[0m
[delivery_robot_main_controller-20] [0m[INFO] [1775111225.562326352] [main_controller_node]:   Waypoint 109: x=27.04, y=3.93[0m
[delivery_robot_main_controller-20] [0m[INFO] [1775111225.562933578] [main_controller_node]:   Waypoint 110: x=26.55, y=3.82[0m
[delivery_robot_main_controller-20] [0m[INFO] [1775111225.563524471] [main_controller_node]:   Waypoint 111: x=26.06, y=3.71[0m
[delivery_robot_main_controller-20] [0m[INFO] [1775111225.564223276] [main_controller_node]:   Waypoint 112: x=25.57, y=3.61[0m
[delivery_robot_main_controller-20] [0m[INFO] [1775111225.564841293] [main_controller_node]:   Waypoint 113: x=25.09, y=3.50[0m
[delivery_robot_main_controller-20] [0m[INFO] [1775111225.565455810] [main_controller_node]:   Waypoint 114: x=24.60, y=3.40[0m
[delivery_robot_main_controller-20] [0m[INFO] [1775111225.566082285] [main_controller_node]:   Waypoint 115: x=24.11, y=3.29[0m
[delivery_robot_main_controller-20] [0m[INFO] [1775111225.566701760] [main_controller_node]:   Waypoint 116: x=23.62, y=3.18[0m
[delivery_robot_main_controller-20] [0m[INFO] [1775111225.567295278] [main_controller_node]:   Waypoint 117: x=23.14, y=3.08[0m
[delivery_robot_main_controller-20] [0m[INFO] [1775111225.567888504] [main_controller_node]:   Waypoint 118: x=22.65, y=2.97[0m
[delivery_robot_main_controller-20] [0m[INFO] [1775111225.568497771] [main_controller_node]:   Waypoint 119: x=22.16, y=2.87[0m
[delivery_robot_main_controller-20] [0m[INFO] [1775111225.569118996] [main_controller_node]:   Waypoint 120: x=21.67, y=2.76[0m
[delivery_robot_main_controller-20] [0m[INFO] [1775111225.569713389] [main_controller_node]:   Waypoint 121: x=21.19, y=2.65[0m
[delivery_robot_main_controller-20] [0m[INFO] [1775111225.570298157] [main_controller_node]:   Waypoint 122: x=20.70, y=2.55[0m
[delivery_robot_main_controller-20] [0m[INFO] [1775111225.570880592] [main_controller_node]:   Waypoint 123: x=20.21, y=2.44[0m
[delivery_robot_main_controller-20] [0m[INFO] [1775111225.571460402] [main_controller_node]:   Waypoint 124: x=19.72, y=2.34[0m
[delivery_robot_main_controller-20] [0m[INFO] [1775111225.572039046] [main_controller_node]:   Waypoint 125: x=19.24, y=2.23[0m
[delivery_robot_main_controller-20] [0m[INFO] [1775111225.572633730] [main_controller_node]:   Waypoint 126: x=18.75, y=2.12[0m
[delivery_robot_main_controller-20] [0m[INFO] [1775111225.573215290] [main_controller_node]:   Waypoint 127: x=18.26, y=2.02[0m
[delivery_robot_main_controller-20] [0m[INFO] [1775111225.573794225] [main_controller_node]:   Waypoint 128: x=17.77, y=1.91[0m
[delivery_robot_main_controller-20] [0m[INFO] [1775111225.574385118] [main_controller_node]:   Waypoint 129: x=17.29, y=1.81[0m
[delivery_robot_main_controller-20] [0m[INFO] [1775111225.574994385] [main_controller_node]:   Waypoint 130: x=16.80, y=1.70[0m
[delivery_robot_main_controller-20] [0m[INFO] [1775111225.575581778] [main_controller_node]:   Waypoint 131: x=16.31, y=1.59[0m
[delivery_robot_main_controller-20] [0m[INFO] [1775111225.576180254] [main_controller_node]:   Waypoint 132: x=15.82, y=1.49[0m
[delivery_robot_main_controller-20] [0m[INFO] [1775111225.576765314] [main_controller_node]:   Waypoint 133: x=15.34, y=1.38[0m
[delivery_robot_main_controller-20] [0m[INFO] [1775111225.577368748] [main_controller_node]:   Waypoint 134: x=14.85, y=1.28[0m
[delivery_robot_main_controller-20] [0m[INFO] [1775111225.578036930] [main_controller_node]:   Waypoint 135: x=14.36, y=1.17[0m
[delivery_robot_main_controller-20] [0m[INFO] [1775111225.579463122] [main_controller_node]:   Waypoint 136: x=13.87, y=1.06[0m
[delivery_robot_main_controller-20] [0m[INFO] [1775111225.580195760] [main_controller_node]:   Waypoint 137: x=13.39, y=0.96[0m
[delivery_robot_main_controller-20] [0m[INFO] [1775111225.580944438] [main_controller_node]:   Waypoint 138: x=12.90, y=0.85[0m
[delivery_robot_main_controller-20] [0m[INFO] [1775111225.583347383] [main_controller_node]:   Waypoint 139: x=12.41, y=0.75[0m
[delivery_robot_main_controller-20] [0m[INFO] [1775111225.584157600] [main_controller_node]:   Waypoint 140: x=11.92, y=0.64[0m
[delivery_robot_main_controller-20] [0m[INFO] [1775111225.584822865] [main_controller_node]:   Waypoint 141: x=11.44, y=0.53[0m
[delivery_robot_main_controller-20] [0m[INFO] [1775111225.585589626] [main_controller_node]:   Waypoint 142: x=10.95, y=0.43[0m
[delivery_robot_main_controller-20] [0m[INFO] [1775111225.586275890] [main_controller_node]:   Waypoint 143: x=10.46, y=0.32[0m
[delivery_robot_main_controller-20] [0m[INFO] [1775111225.586964488] [main_controller_node]:   Waypoint 144: x=9.97, y=0.22[0m
[delivery_robot_main_controller-20] [0m[INFO] [1775111225.587596504] [main_controller_node]:   Waypoint 145: x=9.49, y=0.11[0m
[delivery_robot_main_controller-20] [0m[INFO] [1775111225.588193522] [main_controller_node]:   Waypoint 146: x=9.00, y=0.00[0m
[delivery_robot_main_controller-20] [0m[INFO] [1775111225.588783248] [main_controller_node]:   Waypoint 147: x=8.51, y=-0.10[0m
[delivery_robot_main_controller-20] [0m[INFO] [1775111225.589396015] [main_controller_node]:   Waypoint 148: x=8.02, y=-0.21[0m
[delivery_robot_main_controller-20] [0m[INFO] [1775111225.590007324] [main_controller_node]:   Waypoint 149: x=7.54, y=-0.31[0m
[delivery_robot_main_controller-20] [0m[INFO] [1775111225.590602300] [main_controller_node]:   Waypoint 150: x=7.05, y=-0.42[0m
[delivery_robot_main_controller-20] [0m[INFO] [1775111225.591189110] [main_controller_node]:   Waypoint 151: x=6.56, y=-0.53[0m
[delivery_robot_main_controller-20] [0m[INFO] [1775111225.591770670] [main_controller_node]:   Waypoint 152: x=6.07, y=-0.63[0m
[delivery_robot_main_controller-20] [0m[INFO] [1775111225.592349605] [main_controller_node]:   Waypoint 153: x=5.59, y=-0.74[0m
[delivery_robot_main_controller-20] [0m[INFO] [1775111225.593062118] [main_controller_node]:   Waypoint 154: x=5.10, y=-0.84[0m
[delivery_robot_main_controller-20] [0m[INFO] [1775111225.593686843] [main_controller_node]:   Waypoint 155: x=5.00, y=-0.38[0m
[delivery_robot_main_controller-20] [0m[INFO] [1775111225.594303110] [main_controller_node]:   Waypoint 156: x=4.90, y=0.08[0m
[delivery_robot_main_controller-20] [0m[INFO] [1775111225.594898961] [main_controller_node]:   Waypoint 157: x=4.80, y=0.54[0m
[delivery_robot_main_controller-20] [0m[INFO] [1775111225.595493062] [main_controller_node]:   Waypoint 158: x=4.71, y=1.00[0m
[delivery_robot_main_controller-20] [0m[INFO] [1775111225.596103204] [main_controller_node]:   Waypoint 159: x=4.61, y=1.45[0m
[delivery_robot_main_controller-20] [0m[INFO] [1775111225.596778385] [main_controller_node]:   Waypoint 160: x=4.51, y=1.91[0m
[delivery_robot_main_controller-20] [0m[INFO] [1775111225.597500231] [main_controller_node]:   Waypoint 161: x=4.41, y=2.37[0m
[delivery_robot_main_controller-20] [0m[INFO] [1775111225.598149455] [main_controller_node]:   Waypoint 162: x=4.31, y=2.83[0m
[delivery_robot_main_controller-20] [0m[INFO] [1775111225.598754931] [main_controller_node]:   Waypoint 163: x=4.15, y=3.29[0m
[delivery_robot_main_controller-20] [0m[INFO] [1775111225.599370323] [main_controller_node]:   Waypoint 164: x=3.98, y=3.74[0m
[delivery_robot_main_controller-20] [0m[INFO] [1775111225.605584615] [main_controller_node]:   Waypoint 165: x=3.81, y=4.19[0m
[delivery_robot_main_controller-20] [0m[INFO] [1775111225.607571368] [main_controller_node]:   Waypoint 166: x=3.65, y=4.65[0m
[delivery_robot_main_controller-20] [0m[INFO] [1775111225.608280965] [main_controller_node]:   Waypoint 167: x=3.48, y=5.10[0m
[delivery_robot_main_controller-20] [0m[INFO] [1775111225.609043059] [main_controller_node]:   Waypoint 168: x=3.31, y=5.55[0m
[delivery_robot_main_controller-20] [0m[INFO] [1775111225.611402839] [main_controller_node]:   Waypoint 169: x=2.87, y=5.48[0m
[delivery_robot_main_controller-20] [0m[INFO] [1775111225.612342843] [main_controller_node]:   Waypoint 170: x=2.42, y=5.40[0m
[delivery_robot_main_controller-20] [0m[INFO] [1775111225.613158019] [main_controller_node]:   Waypoint 171: x=1.98, y=5.33[0m
[delivery_robot_main_controller-20] [0m[INFO] [1775111225.613930905] [main_controller_node]:   Waypoint 172: x=1.53, y=5.26[0m
[delivery_robot_main_controller-20] [0m[INFO] [1775111225.614564671] [main_controller_node]:   Waypoint 173: x=1.09, y=5.18[0m
[delivery_robot_main_controller-20] [0m[INFO] [1775111225.615164897] [main_controller_node]:   Waypoint 174: x=0.66, y=5.41[0m
[delivery_robot_main_controller-20] [0m[INFO] [1775111225.615766581] [main_controller_node]:   Waypoint 175: x=0.23, y=5.63[0m
[delivery_robot_main_controller-20] [0m[INFO] [1775111225.616359807] [main_controller_node]:   Waypoint 176: x=-0.20, y=5.85[0m
[delivery_robot_main_controller-20] [0m[INFO] [1775111225.616943700] [main_controller_node]:   Waypoint 177: x=-0.63, y=6.07[0m
[delivery_robot_main_controller-20] [0m[INFO] [1775111225.618230190] [main_controller_node]: Navigating with 178 goals....[0m
[delivery_robot_main_controller-20] [0m[INFO] [1775111225.622220613] [main_controller_node]: State change: STANDBY -> MOVE[0m
[bt_navigator-14] [INFO] [1775111225.623930878] [bt_navigator]: Begin navigating from current location through 178 poses to (-0.63, 6.07)
[controller_server-10] [INFO] [1775111225.625359404] [local_costmap.local_costmap]: Received request to clear entirely the local_costmap
[controller_server-10] [INFO] [1775111225.631480075] [local_costmap.local_costmap]: KeepoutFilter: Subscribing to "/keepout_costmap_filter_info" topic for filter info...
[delivery_robot_main_controller-20] [0m[INFO] [1775111225.637780405] [main_controller_node]: Robot is MOVING.[0m
[planner_server-12] [INFO] [1775111225.639786991] [global_costmap.global_costmap]: Received request to clear entirely the global_costmap
[planner_server-12] [INFO] [1775111225.644185731] [global_costmap.global_costmap]: KeepoutFilter: Subscribing to "/keepout_costmap_filter_info" topic for filter info...
[controller_server-10] [INFO] [1775111225.646143611] [local_costmap.local_costmap]: KeepoutFilter: Received filter info from /keepout_costmap_filter_info topic.
[controller_server-10] [INFO] [1775111225.646242773] [local_costmap.local_costmap]: KeepoutFilter: Subscribing to "/keepout_filter_mask" topic for filter mask...
[controller_server-10] [WARN] [1775111225.654808679] [local_costmap.local_costmap]: KeepoutFilter: New filter mask arrived from /keepout_filter_mask topic. Updating old filter mask.
[planner_server-12] [INFO] [1775111225.654856802] [global_costmap.global_costmap]: KeepoutFilter: Received filter info from /keepout_costmap_filter_info topic.
[planner_server-12] [INFO] [1775111225.654898217] [global_costmap.global_costmap]: KeepoutFilter: Subscribing to "/keepout_filter_mask" topic for filter mask...
[planner_server-12] [WARN] [1775111225.666122558] [global_costmap.global_costmap]: KeepoutFilter: New filter mask arrived from /keepout_filter_mask topic. Updating old filter mask.
[planner_server-12] [WARN] [1775111225.759004161] [planner_server]: GridBased plugin failed to plan from (76.30, 14.65) to (75.78, 14.53): "no valid path found"
[planner_server-12] [WARN] [1775111225.759189362] [planner_server]: [compute_path_through_poses] [ActionServer] Aborting handle.
[planner_server-12] [INFO] [1775111225.775015143] [global_costmap.global_costmap]: Received request to clear entirely the global_costmap
[planner_server-12] [INFO] [1775111225.782403054] [global_costmap.global_costmap]: KeepoutFilter: Subscribing to "/keepout_costmap_filter_info" topic for filter info...
[planner_server-12] [INFO] [1775111225.787644385] [global_costmap.global_costmap]: KeepoutFilter: Received filter info from /keepout_costmap_filter_info topic.
[planner_server-12] [INFO] [1775111225.787761047] [global_costmap.global_costmap]: KeepoutFilter: Subscribing to "/keepout_filter_mask" topic for filter mask...
[planner_server-12] [WARN] [1775111225.795145167] [global_costmap.global_costmap]: KeepoutFilter: New filter mask arrived from /keepout_filter_mask topic. Updating old filter mask.
[planner_server-12] [WARN] [1775111226.278708494] [planner_server]: GridBased plugin failed to plan from (76.30, 14.65) to (75.78, 14.53): "no valid path found"
[planner_server-12] [WARN] [1775111226.282464135] [planner_server]: [compute_path_through_poses] [ActionServer] Aborting handle.
[bt_navigator-14] [WARN] [1775111226.305284093] [bt_navigator]: [navigate_through_poses] [ActionServer] Aborting handle.
[bt_navigator-14] [ERROR] [1775111226.305619788] [bt_navigator]: Goal failed
[delivery_robot_main_controller-20] [33m[WARN] [1775111226.315811379] [main_controller_node]: Goal failed! (obstacle retry 2/3)[0m
[delivery_robot_main_controller-20] [0m[INFO] [1775111226.316681677] [main_controller_node]: Published message: "obstacle_alert"[0m
[robot_sound-21] [0m[INFO] [1775111226.319836800] [robot_sound_node]: 🔔 Received sound command: obstacle_alert[0m
[delivery_robot_main_controller-20] [0m[INFO] [1775111226.334767201] [main_controller_node]: Current state: MOVE, dock_state IDLE, charge_state NOT_CHARGE[0m
[robot_sound-21] amixer: Unable to find simple control 'PCM',0
[robot_sound-21] 
[robot_sound-21] [0m[INFO] [1775111226.345636597] [robot_sound_node]: 🔊 Playing sound: /home/smr/workspaces/mini_amr/amrROS2_ws/sounds/robot_obstacle.wav[0m
[robot_sound-21] aplay: main:834: audio open error: No such file or directory
[delivery_robot_main_controller-20] [0m[INFO] [1775111226.358530663] [main_controller_node]: Pre-resume: waiting 3 seconds before wiggle...[0m
[delivery_robot_main_controller-20] [0m[INFO] [1775111226.661642404] [main_controller_node]: Pre-resume: clearing local/global costmaps.[0m
[controller_server-10] [INFO] [1775111226.663615158] [local_costmap.local_costmap]: Received request to clear entirely the local_costmap
[controller_server-10] [INFO] [1775111226.669010775] [local_costmap.local_costmap]: KeepoutFilter: Subscribing to "/keepout_costmap_filter_info" topic for filter info...
[controller_server-10] [INFO] [1775111226.672544175] [local_costmap.local_costmap]: KeepoutFilter: Received filter info from /keepout_costmap_filter_info topic.
[controller_server-10] [INFO] [1775111226.672609214] [local_costmap.local_costmap]: KeepoutFilter: Subscribing to "/keepout_filter_mask" topic for filter mask...
[controller_server-10] [WARN] [1775111226.678821464] [local_costmap.local_costmap]: KeepoutFilter: New filter mask arrived from /keepout_filter_mask topic. Updating old filter mask.
[planner_server-12] [INFO] [1775111226.682296825] [global_costmap.global_costmap]: Received request to clear entirely the global_costmap
[planner_server-12] [INFO] [1775111226.687693608] [global_costmap.global_costmap]: KeepoutFilter: Subscribing to "/keepout_costmap_filter_info" topic for filter info...
[planner_server-12] [INFO] [1775111226.699286892] [global_costmap.global_costmap]: KeepoutFilter: Received filter info from /keepout_costmap_filter_info topic.
[planner_server-12] [INFO] [1775111226.699340557] [global_costmap.global_costmap]: KeepoutFilter: Subscribing to "/keepout_filter_mask" topic for filter mask...
[planner_server-12] [WARN] [1775111226.715381579] [global_costmap.global_costmap]: KeepoutFilter: New filter mask arrived from /keepout_filter_mask topic. Updating old filter mask.
[delivery_robot_main_controller-20] [0m[INFO] [1775111227.325799060] [main_controller_node]: Current state: MOVE, dock_state IDLE, charge_state NOT_CHARGE[0m
[delivery_robot_main_controller-20] [0m[INFO] [1775111227.708955795] [main_controller_node]: Pre-resume wiggle complete. Switching to STANDBY.[0m
[delivery_robot_main_controller-20] [0m[INFO] [1775111227.711791264] [main_controller_node]: State change: MOVE -> STANDBY[0m
[delivery_robot_main_controller-20] [0m[INFO] [1775111227.743719899] [main_controller_node]: Robot is in STANDBY mode.[0m
[planner_server-12] [INFO] [1775111228.205770464] [global_costmap.global_costmap]: StaticLayer: Resizing costmap to 1948 X 474 at 0.050000 m/pix
[delivery_robot_main_controller-20] [0m[INFO] [1775111228.293283283] [main_controller_node]: Current state: STANDBY, dock_state IDLE, charge_state NOT_CHARGE[0m
[delivery_robot_main_controller-20] [0m[INFO] [1775111229.299745731] [main_controller_node]: Current state: STANDBY, dock_state IDLE, charge_state NOT_CHARGE[0m
[delivery_robot_main_controller-20] [0m[INFO] [1775111229.383777356] [main_controller_node]: 1 pending queues [0m
[delivery_robot_main_controller-20] [0m[INFO] [1775111229.384813606] [main_controller_node]: Queue action: Request[0m
[delivery_robot_main_controller-20] [0m[INFO] [1775111229.413193674] [main_controller_node]: AGV start_pos: x=80.17, y=15.47[0m
[delivery_robot_main_controller-20] [0m[INFO] [1775111229.413731777] [main_controller_node]: AGV goal_pos: x=-0.63, y=6.07[0m
[delivery_robot_main_controller-20] [0m[INFO] [1775111229.414231382] [main_controller_node]: Path source: database routes[0m
[delivery_robot_main_controller-20] [0m[INFO] [1775111229.423738459] [main_controller_node]: Computed AGV path waypoints:[0m
[delivery_robot_main_controller-20] [0m[INFO] [1775111229.424433181] [main_controller_node]:   Waypoint 0: x=80.17, y=15.47[0m
[delivery_robot_main_controller-20] [0m[INFO] [1775111229.425070739] [main_controller_node]:   Waypoint 1: x=79.68, y=15.36[0m
[delivery_robot_main_controller-20] [0m[INFO] [1775111229.425679423] [main_controller_node]:   Waypoint 2: x=79.20, y=15.26[0m
[delivery_robot_main_controller-20] [0m[INFO] [1775111229.426318147] [main_controller_node]:   Waypoint 3: x=78.71, y=15.15[0m
[delivery_robot_main_controller-20] [0m[INFO] [1775111229.426920123] [main_controller_node]:   Waypoint 4: x=78.22, y=15.05[0m
[delivery_robot_main_controller-20] [0m[INFO] [1775111229.427514224] [main_controller_node]:   Waypoint 5: x=77.73, y=14.94[0m
[delivery_robot_main_controller-20] [0m[INFO] [1775111229.428228195] [main_controller_node]:   Waypoint 6: x=77.25, y=14.83[0m
[delivery_robot_main_controller-20] [0m[INFO] [1775111229.432116831] [main_controller_node]:   Waypoint 7: x=76.76, y=14.73[0m
[delivery_robot_main_controller-20] [0m[INFO] [1775111229.433218703] [main_controller_node]:   Waypoint 8: x=76.27, y=14.62[0m
[delivery_robot_main_controller-20] [0m[INFO] [1775111229.433931508] [main_controller_node]:   Waypoint 9: x=75.78, y=14.52[0m
[delivery_robot_main_controller-20] [0m[INFO] [1775111229.434550691] [main_controller_node]:   Waypoint 10: x=75.30, y=14.41[0m
[delivery_robot_main_controller-20] [0m[INFO] [1775111229.435142751] [main_controller_node]:   Waypoint 11: x=74.81, y=14.30[0m
[delivery_robot_main_controller-20] [0m[INFO] [1775111229.435759893] [main_controller_node]:   Waypoint 12: x=74.32, y=14.20[0m
[delivery_robot_main_controller-20] [0m[INFO] [1775111229.436356035] [main_controller_node]:   Waypoint 13: x=73.83, y=14.09[0m
[delivery_robot_main_controller-20] [0m[INFO] [1775111229.436943428] [main_controller_node]:   Waypoint 14: x=73.35, y=13.99[0m
[delivery_robot_main_controller-20] [0m[INFO] [1775111229.437532863] [main_controller_node]:   Waypoint 15: x=72.86, y=13.88[0m
[delivery_robot_main_controller-20] [0m[INFO] [1775111229.438115881] [main_controller_node]:   Waypoint 16: x=72.37, y=13.77[0m
[delivery_robot_main_controller-20] [0m[INFO] [1775111229.438701233] [main_controller_node]:   Waypoint 17: x=71.88, y=13.67[0m
[delivery_robot_main_controller-20] [0m[INFO] [1775111229.439328874] [main_controller_node]:   Waypoint 18: x=71.40, y=13.56[0m
[delivery_robot_main_controller-20] [0m[INFO] [1775111229.439922392] [main_controller_node]:   Waypoint 19: x=70.91, y=13.46[0m
[delivery_robot_main_controller-20] [0m[INFO] [1775111229.440511535] [main_controller_node]:   Waypoint 20: x=70.42, y=13.35[0m
[delivery_robot_main_controller-20] [0m[INFO] [1775111229.441124885] [main_controller_node]:   Waypoint 21: x=69.93, y=13.24[0m
[delivery_robot_main_controller-20] [0m[INFO] [1775111229.441742319] [main_controller_node]:   Waypoint 22: x=69.45, y=13.14[0m
[delivery_robot_main_controller-20] [0m[INFO] [1775111229.442341962] [main_controller_node]:   Waypoint 23: x=68.96, y=13.03[0m
[delivery_robot_main_controller-20] [0m[INFO] [1775111229.442959103] [main_controller_node]:   Waypoint 24: x=68.47, y=12.93[0m
[delivery_robot_main_controller-20] [0m[INFO] [1775111229.443546497] [main_controller_node]:   Waypoint 25: x=67.98, y=12.82[0m
[delivery_robot_main_controller-20] [0m[INFO] [1775111229.444126598] [main_controller_node]:   Waypoint 26: x=67.50, y=12.72[0m
[delivery_robot_main_controller-20] [0m[INFO] [1775111229.444707283] [main_controller_node]:   Waypoint 27: x=67.01, y=12.61[0m
[delivery_robot_main_controller-20] [0m[INFO] [1775111229.445289718] [main_controller_node]:   Waypoint 28: x=66.52, y=12.50[0m
[delivery_robot_main_controller-20] [0m[INFO] [1775111229.445902194] [main_controller_node]:   Waypoint 29: x=66.03, y=12.40[0m
[delivery_robot_main_controller-20] [0m[INFO] [1775111229.446497753] [main_controller_node]:   Waypoint 30: x=65.55, y=12.29[0m
[delivery_robot_main_controller-20] [0m[INFO] [1775111229.447095062] [main_controller_node]:   Waypoint 31: x=65.06, y=12.19[0m
[delivery_robot_main_controller-20] [0m[INFO] [1775111229.447699371] [main_controller_node]:   Waypoint 32: x=64.57, y=12.08[0m
[delivery_robot_main_controller-20] [0m[INFO] [1775111229.448357637] [main_controller_node]:   Waypoint 33: x=64.09, y=11.97[0m
[delivery_robot_main_controller-20] [0m[INFO] [1775111229.448960487] [main_controller_node]:   Waypoint 34: x=63.60, y=11.87[0m
[delivery_robot_main_controller-20] [0m[INFO] [1775111229.449575588] [main_controller_node]:   Waypoint 35: x=63.11, y=11.76[0m
[delivery_robot_main_controller-20] [0m[INFO] [1775111229.450335932] [main_controller_node]:   Waypoint 36: x=62.62, y=11.66[0m
[delivery_robot_main_controller-20] [0m[INFO] [1775111229.452267271] [main_controller_node]:   Waypoint 37: x=62.14, y=11.55[0m
[delivery_robot_main_controller-20] [0m[INFO] [1775111229.452961702] [main_controller_node]:   Waypoint 38: x=61.65, y=11.44[0m
[delivery_robot_main_controller-20] [0m[INFO] [1775111229.455003870] [main_controller_node]:   Waypoint 39: x=61.16, y=11.34[0m
[delivery_robot_main_controller-20] [0m[INFO] [1775111229.456172239] [main_controller_node]:   Waypoint 40: x=60.67, y=11.23[0m
[delivery_robot_main_controller-20] [0m[INFO] [1775111229.456823797] [main_controller_node]:   Waypoint 41: x=60.19, y=11.13[0m
[delivery_robot_main_controller-20] [0m[INFO] [1775111229.457445022] [main_controller_node]:   Waypoint 42: x=59.70, y=11.02[0m
[delivery_robot_main_controller-20] [0m[INFO] [1775111229.458039414] [main_controller_node]:   Waypoint 43: x=59.21, y=10.91[0m
[delivery_robot_main_controller-20] [0m[INFO] [1775111229.458648682] [main_controller_node]:   Waypoint 44: x=58.72, y=10.81[0m
[delivery_robot_main_controller-20] [0m[INFO] [1775111229.459267282] [main_controller_node]:   Waypoint 45: x=58.24, y=10.70[0m
[delivery_robot_main_controller-20] [0m[INFO] [1775111229.459862841] [main_controller_node]:   Waypoint 46: x=57.75, y=10.60[0m
[delivery_robot_main_controller-20] [0m[INFO] [1775111229.460448193] [main_controller_node]:   Waypoint 47: x=57.26, y=10.49[0m
[delivery_robot_main_controller-20] [0m[INFO] [1775111229.461030336] [main_controller_node]:   Waypoint 48: x=56.77, y=10.38[0m
[delivery_robot_main_controller-20] [0m[INFO] [1775111229.461608979] [main_controller_node]:   Waypoint 49: x=56.29, y=10.28[0m
[delivery_robot_main_controller-20] [0m[INFO] [1775111229.462189081] [main_controller_node]:   Waypoint 50: x=55.80, y=10.17[0m
[delivery_robot_main_controller-20] [0m[INFO] [1775111229.462785224] [main_controller_node]:   Waypoint 51: x=55.31, y=10.07[0m
[delivery_robot_main_controller-20] [0m[INFO] [1775111229.463402074] [main_controller_node]:   Waypoint 52: x=54.82, y=9.96[0m
[delivery_robot_main_controller-20] [0m[INFO] [1775111229.464001133] [main_controller_node]:   Waypoint 53: x=54.34, y=9.86[0m
[delivery_robot_main_controller-20] [0m[INFO] [1775111229.464602526] [main_controller_node]:   Waypoint 54: x=53.85, y=9.75[0m
[delivery_robot_main_controller-20] [0m[INFO] [1775111229.465197210] [main_controller_node]:   Waypoint 55: x=53.36, y=9.64[0m
[delivery_robot_main_controller-20] [0m[INFO] [1775111229.465808811] [main_controller_node]:   Waypoint 56: x=52.87, y=9.54[0m
[delivery_robot_main_controller-20] [0m[INFO] [1775111229.466409620] [main_controller_node]:   Waypoint 57: x=52.39, y=9.43[0m
[delivery_robot_main_controller-20] [0m[INFO] [1775111229.467013929] [main_controller_node]:   Waypoint 58: x=51.90, y=9.33[0m
[delivery_robot_main_controller-20] [0m[INFO] [1775111229.467617363] [main_controller_node]:   Waypoint 59: x=51.41, y=9.22[0m
[delivery_robot_main_controller-20] [0m[INFO] [1775111229.468231297] [main_controller_node]:   Waypoint 60: x=50.92, y=9.11[0m
[delivery_robot_main_controller-20] [0m[INFO] [1775111229.468832398] [main_controller_node]:   Waypoint 61: x=50.44, y=9.01[0m
[delivery_robot_main_controller-20] [0m[INFO] [1775111229.469444873] [main_controller_node]:   Waypoint 62: x=49.95, y=8.90[0m
[delivery_robot_main_controller-20] [0m[INFO] [1775111229.470033433] [main_controller_node]:   Waypoint 63: x=49.46, y=8.80[0m
[delivery_robot_main_controller-20] [0m[INFO] [1775111229.470626367] [main_controller_node]:   Waypoint 64: x=48.97, y=8.69[0m
[delivery_robot_main_controller-20] [0m[INFO] [1775111229.471215510] [main_controller_node]:   Waypoint 65: x=48.49, y=8.58[0m
[delivery_robot_main_controller-20] [0m[INFO] [1775111229.471795612] [main_controller_node]:   Waypoint 66: x=48.00, y=8.48[0m
[delivery_robot_main_controller-20] [0m[INFO] [1775111229.472392921] [main_controller_node]:   Waypoint 67: x=47.51, y=8.37[0m
[delivery_robot_main_controller-20] [0m[INFO] [1775111229.472977981] [main_controller_node]:   Waypoint 68: x=47.02, y=8.27[0m
[delivery_robot_main_controller-20] [0m[INFO] [1775111229.473560124] [main_controller_node]:   Waypoint 69: x=46.54, y=8.16[0m
[delivery_robot_main_controller-20] [0m[INFO] [1775111229.474141393] [main_controller_node]:   Waypoint 70: x=46.05, y=8.05[0m
[delivery_robot_main_controller-20] [0m[INFO] [1775111229.474741327] [main_controller_node]:   Waypoint 71: x=45.56, y=7.95[0m
[delivery_robot_main_controller-20] [0m[INFO] [1775111229.475343303] [main_controller_node]:   Waypoint 72: x=45.07, y=7.84[0m
[delivery_robot_main_controller-20] [0m[INFO] [1775111229.475954028] [main_controller_node]:   Waypoint 73: x=44.59, y=7.74[0m
[delivery_robot_main_controller-20] [0m[INFO] [1775111229.476546379] [main_controller_node]:   Waypoint 74: x=44.10, y=7.63[0m
[delivery_robot_main_controller-20] [0m[INFO] [1775111229.477131439] [main_controller_node]:   Waypoint 75: x=43.61, y=7.52[0m
[delivery_robot_main_controller-20] [0m[INFO] [1775111229.477733123] [main_controller_node]:   Waypoint 76: x=43.12, y=7.42[0m
[delivery_robot_main_controller-20] [0m[INFO] [1775111229.478339766] [main_controller_node]:   Waypoint 77: x=42.64, y=7.31[0m
[delivery_robot_main_controller-20] [0m[INFO] [1775111229.478960991] [main_controller_node]:   Waypoint 78: x=42.15, y=7.21[0m
[delivery_robot_main_controller-20] [0m[INFO] [1775111229.483495642] [main_controller_node]:   Waypoint 79: x=41.66, y=7.10[0m
[delivery_robot_main_controller-20] [0m[INFO] [1775111229.484343483] [main_controller_node]:   Waypoint 80: x=41.17, y=7.00[0m
[delivery_robot_main_controller-20] [0m[INFO] [1775111229.485094786] [main_controller_node]:   Waypoint 81: x=40.69, y=6.89[0m
[delivery_robot_main_controller-20] [0m[INFO] [1775111229.485826548] [main_controller_node]:   Waypoint 82: x=40.20, y=6.78[0m
[delivery_robot_main_controller-20] [0m[INFO] [1775111229.486495021] [main_controller_node]:   Waypoint 83: x=39.71, y=6.68[0m
[delivery_robot_main_controller-20] [0m[INFO] [1775111229.487134621] [main_controller_node]:   Waypoint 84: x=39.22, y=6.57[0m
[delivery_robot_main_controller-20] [0m[INFO] [1775111229.487758179] [main_controller_node]:   Waypoint 85: x=38.74, y=6.47[0m
[delivery_robot_main_controller-20] [0m[INFO] [1775111229.488360155] [main_controller_node]:   Waypoint 86: x=38.25, y=6.36[0m
[delivery_robot_main_controller-20] [0m[INFO] [1775111229.488983713] [main_controller_node]:   Waypoint 87: x=37.76, y=6.25[0m
[delivery_robot_main_controller-20] [0m[INFO] [1775111229.489615438] [main_controller_node]:   Waypoint 88: x=37.27, y=6.15[0m
[delivery_robot_main_controller-20] [0m[INFO] [1775111229.490224413] [main_controller_node]:   Waypoint 89: x=36.79, y=6.04[0m
[delivery_robot_main_controller-20] [0m[INFO] [1775111229.490823181] [main_controller_node]:   Waypoint 90: x=36.30, y=5.94[0m
[delivery_robot_main_controller-20] [0m[INFO] [1775111229.491412324] [main_controller_node]:   Waypoint 91: x=35.81, y=5.83[0m
[delivery_robot_main_controller-20] [0m[INFO] [1775111229.492003508] [main_controller_node]:   Waypoint 92: x=35.32, y=5.72[0m
[delivery_robot_main_controller-20] [0m[INFO] [1775111229.492613359] [main_controller_node]:   Waypoint 93: x=34.84, y=5.62[0m
[delivery_robot_main_controller-20] [0m[INFO] [1775111229.493236626] [main_controller_node]:   Waypoint 94: x=34.35, y=5.51[0m
[delivery_robot_main_controller-20] [0m[INFO] [1775111229.493882933] [main_controller_node]:   Waypoint 95: x=33.86, y=5.41[0m
[delivery_robot_main_controller-20] [0m[INFO] [1775111229.494495700] [main_controller_node]:   Waypoint 96: x=33.37, y=5.30[0m
[delivery_robot_main_controller-20] [0m[INFO] [1775111229.495099717] [main_controller_node]:   Waypoint 97: x=32.89, y=5.19[0m
[delivery_robot_main_controller-20] [0m[INFO] [1775111229.495723567] [main_controller_node]:   Waypoint 98: x=32.40, y=5.09[0m
[delivery_robot_main_controller-20] [0m[INFO] [1775111229.496368708] [main_controller_node]:   Waypoint 99: x=31.91, y=4.98[0m
[delivery_robot_main_controller-20] [0m[INFO] [1775111229.497013266] [main_controller_node]:   Waypoint 100: x=31.42, y=4.88[0m
[delivery_robot_main_controller-20] [0m[INFO] [1775111229.497642074] [main_controller_node]:   Waypoint 101: x=30.94, y=4.77[0m
[delivery_robot_main_controller-20] [0m[INFO] [1775111229.498259507] [main_controller_node]:   Waypoint 102: x=30.45, y=4.66[0m
[delivery_robot_main_controller-20] [0m[INFO] [1775111229.498862650] [main_controller_node]:   Waypoint 103: x=29.96, y=4.56[0m
[delivery_robot_main_controller-20] [0m[INFO] [1775111229.499515957] [main_controller_node]:   Waypoint 104: x=29.47, y=4.45[0m
[delivery_robot_main_controller-20] [0m[INFO] [1775111229.500146515] [main_controller_node]:   Waypoint 105: x=28.99, y=4.35[0m
[delivery_robot_main_controller-20] [0m[INFO] [1775111229.504897866] [main_controller_node]:   Waypoint 106: x=28.50, y=4.24[0m
[delivery_robot_main_controller-20] [0m[INFO] [1775111229.513926628] [main_controller_node]:   Waypoint 107: x=28.01, y=4.14[0m
[delivery_robot_main_controller-20] [0m[INFO] [1775111229.514674140] [main_controller_node]:   Waypoint 108: x=27.52, y=4.03[0m
[delivery_robot_main_controller-20] [0m[INFO] [1775111229.515330363] [main_controller_node]:   Waypoint 109: x=27.04, y=3.92[0m
[delivery_robot_main_controller-20] [0m[INFO] [1775111229.515965296] [main_controller_node]:   Waypoint 110: x=26.55, y=3.82[0m
[delivery_robot_main_controller-20] [0m[INFO] [1775111229.516584479] [main_controller_node]:   Waypoint 111: x=26.06, y=3.71[0m
[delivery_robot_main_controller-20] [0m[INFO] [1775111229.517187330] [main_controller_node]:   Waypoint 112: x=25.57, y=3.61[0m
[delivery_robot_main_controller-20] [0m[INFO] [1775111229.517802139] [main_controller_node]:   Waypoint 113: x=25.09, y=3.50[0m
[delivery_robot_main_controller-20] [0m[INFO] [1775111229.518404115] [main_controller_node]:   Waypoint 114: x=24.60, y=3.39[0m
[delivery_robot_main_controller-20] [0m[INFO] [1775111229.519019215] [main_controller_node]:   Waypoint 115: x=24.11, y=3.29[0m
[delivery_robot_main_controller-20] [0m[INFO] [1775111229.519662023] [main_controller_node]:   Waypoint 116: x=23.62, y=3.18[0m
[delivery_robot_main_controller-20] [0m[INFO] [1775111229.520269831] [main_controller_node]:   Waypoint 117: x=23.14, y=3.08[0m
[delivery_robot_main_controller-20] [0m[INFO] [1775111229.520865682] [main_controller_node]:   Waypoint 118: x=22.65, y=2.97[0m
[delivery_robot_main_controller-20] [0m[INFO] [1775111229.521472033] [main_controller_node]:   Waypoint 119: x=22.16, y=2.86[0m
[delivery_robot_main_controller-20] [0m[INFO] [1775111229.522095883] [main_controller_node]:   Waypoint 120: x=21.67, y=2.76[0m
[delivery_robot_main_controller-20] [0m[INFO] [1775111229.522721483] [main_controller_node]:   Waypoint 121: x=21.19, y=2.65[0m
[delivery_robot_main_controller-20] [0m[INFO] [1775111229.523335125] [main_controller_node]:   Waypoint 122: x=20.70, y=2.55[0m
[delivery_robot_main_controller-20] [0m[INFO] [1775111229.523929809] [main_controller_node]:   Waypoint 123: x=20.21, y=2.44[0m
[delivery_robot_main_controller-20] [0m[INFO] [1775111229.524530035] [main_controller_node]:   Waypoint 124: x=19.72, y=2.33[0m
[delivery_robot_main_controller-20] [0m[INFO] [1775111229.525149510] [main_controller_node]:   Waypoint 125: x=19.24, y=2.23[0m
[delivery_robot_main_controller-20] [0m[INFO] [1775111229.525773360] [main_controller_node]:   Waypoint 126: x=18.75, y=2.12[0m
[delivery_robot_main_controller-20] [0m[INFO] [1775111229.526402460] [main_controller_node]:   Waypoint 127: x=18.26, y=2.02[0m
[delivery_robot_main_controller-20] [0m[INFO] [1775111229.527002394] [main_controller_node]:   Waypoint 128: x=17.77, y=1.91[0m
[delivery_robot_main_controller-20] [0m[INFO] [1775111229.527641702] [main_controller_node]:   Waypoint 129: x=17.29, y=1.81[0m
[delivery_robot_main_controller-20] [0m[INFO] [1775111229.528238720] [main_controller_node]:   Waypoint 130: x=16.80, y=1.70[0m
[delivery_robot_main_controller-20] [0m[INFO] [1775111229.528833404] [main_controller_node]:   Waypoint 131: x=16.31, y=1.59[0m
[delivery_robot_main_controller-20] [0m[INFO] [1775111229.532729331] [main_controller_node]:   Waypoint 132: x=15.82, y=1.49[0m
[delivery_robot_main_controller-20] [0m[INFO] [1775111229.533444177] [main_controller_node]:   Waypoint 133: x=15.34, y=1.38[0m
[delivery_robot_main_controller-20] [0m[INFO] [1775111229.534086693] [main_controller_node]:   Waypoint 134: x=14.85, y=1.28[0m
[delivery_robot_main_controller-20] [0m[INFO] [1775111229.534694502] [main_controller_node]:   Waypoint 135: x=14.36, y=1.17[0m
[delivery_robot_main_controller-20] [0m[INFO] [1775111229.535285395] [main_controller_node]:   Waypoint 136: x=13.87, y=1.06[0m
[delivery_robot_main_controller-20] [0m[INFO] [1775111229.535887371] [main_controller_node]:   Waypoint 137: x=13.39, y=0.96[0m
[delivery_robot_main_controller-20] [0m[INFO] [1775111229.536476805] [main_controller_node]:   Waypoint 138: x=12.90, y=0.85[0m
[delivery_robot_main_controller-20] [0m[INFO] [1775111229.537063032] [main_controller_node]:   Waypoint 139: x=12.41, y=0.75[0m
[delivery_robot_main_controller-20] [0m[INFO] [1775111229.537648092] [main_controller_node]:   Waypoint 140: x=11.92, y=0.64[0m
[delivery_robot_main_controller-20] [0m[INFO] [1775111229.538289441] [main_controller_node]:   Waypoint 141: x=11.44, y=0.53[0m
[delivery_robot_main_controller-20] [0m[INFO] [1775111229.538912416] [main_controller_node]:   Waypoint 142: x=10.95, y=0.43[0m
[delivery_robot_main_controller-20] [0m[INFO] [1775111229.539534224] [main_controller_node]:   Waypoint 143: x=10.46, y=0.32[0m
[delivery_robot_main_controller-20] [0m[INFO] [1775111229.540150491] [main_controller_node]:   Waypoint 144: x=9.97, y=0.22[0m
[delivery_robot_main_controller-20] [0m[INFO] [1775111229.540781341] [main_controller_node]:   Waypoint 145: x=9.49, y=0.11[0m
[delivery_robot_main_controller-20] [0m[INFO] [1775111229.541385067] [main_controller_node]:   Waypoint 146: x=9.00, y=0.00[0m
[delivery_robot_main_controller-20] [0m[INFO] [1775111229.541979459] [main_controller_node]:   Waypoint 147: x=8.51, y=-0.10[0m
[delivery_robot_main_controller-20] [0m[INFO] [1775111229.542580560] [main_controller_node]:   Waypoint 148: x=8.02, y=-0.21[0m
[delivery_robot_main_controller-20] [0m[INFO] [1775111229.543175828] [main_controller_node]:   Waypoint 149: x=7.54, y=-0.31[0m
[delivery_robot_main_controller-20] [0m[INFO] [1775111229.543762346] [main_controller_node]:   Waypoint 150: x=7.05, y=-0.42[0m
[delivery_robot_main_controller-20] [0m[INFO] [1775111229.544344198] [main_controller_node]:   Waypoint 151: x=6.56, y=-0.53[0m
[delivery_robot_main_controller-20] [0m[INFO] [1775111229.544923133] [main_controller_node]:   Waypoint 152: x=6.07, y=-0.63[0m
[delivery_robot_main_controller-20] [0m[INFO] [1775111229.545498860] [main_controller_node]:   Waypoint 153: x=5.59, y=-0.74[0m
[delivery_robot_main_controller-20] [0m[INFO] [1775111229.546092378] [main_controller_node]:   Waypoint 154: x=5.10, y=-0.84[0m
[delivery_robot_main_controller-20] [0m[INFO] [1775111229.546680354] [main_controller_node]:   Waypoint 155: x=5.00, y=-0.38[0m
[delivery_robot_main_controller-20] [0m[INFO] [1775111229.547287288] [main_controller_node]:   Waypoint 156: x=4.90, y=0.08[0m
[delivery_robot_main_controller-20] [0m[INFO] [1775111229.547892180] [main_controller_node]:   Waypoint 157: x=4.80, y=0.54[0m
[delivery_robot_main_controller-20] [0m[INFO] [1775111229.548489198] [main_controller_node]:   Waypoint 158: x=4.71, y=1.00[0m
[delivery_robot_main_controller-20] [0m[INFO] [1775111229.549095840] [main_controller_node]:   Waypoint 159: x=4.61, y=1.45[0m
[delivery_robot_main_controller-20] [0m[INFO] [1775111229.551584532] [main_controller_node]:   Waypoint 160: x=4.51, y=1.91[0m
[delivery_robot_main_controller-20] [0m[INFO] [1775111229.552268171] [main_controller_node]:   Waypoint 161: x=4.41, y=2.37[0m
[delivery_robot_main_controller-20] [0m[INFO] [1775111229.552918562] [main_controller_node]:   Waypoint 162: x=4.31, y=2.83[0m
[delivery_robot_main_controller-20] [0m[INFO] [1775111229.553698155] [main_controller_node]:   Waypoint 163: x=4.15, y=3.29[0m
[delivery_robot_main_controller-20] [0m[INFO] [1775111229.554370128] [main_controller_node]:   Waypoint 164: x=3.98, y=3.74[0m
[delivery_robot_main_controller-20] [0m[INFO] [1775111229.556111017] [main_controller_node]:   Waypoint 165: x=3.81, y=4.19[0m
[delivery_robot_main_controller-20] [0m[INFO] [1775111229.557652413] [main_controller_node]:   Waypoint 166: x=3.65, y=4.65[0m
[delivery_robot_main_controller-20] [0m[INFO] [1775111229.558308345] [main_controller_node]:   Waypoint 167: x=3.48, y=5.10[0m
[delivery_robot_main_controller-20] [0m[INFO] [1775111229.558919654] [main_controller_node]:   Waypoint 168: x=3.31, y=5.55[0m
[delivery_robot_main_controller-20] [0m[INFO] [1775111229.559563045] [main_controller_node]:   Waypoint 169: x=2.87, y=5.48[0m
[delivery_robot_main_controller-20] [0m[INFO] [1775111229.560160646] [main_controller_node]:   Waypoint 170: x=2.42, y=5.40[0m
[delivery_robot_main_controller-20] [0m[INFO] [1775111229.560760580] [main_controller_node]:   Waypoint 171: x=1.98, y=5.33[0m
[delivery_robot_main_controller-20] [0m[INFO] [1775111229.561363139] [main_controller_node]:   Waypoint 172: x=1.53, y=5.26[0m
[delivery_robot_main_controller-20] [0m[INFO] [1775111229.561959574] [main_controller_node]:   Waypoint 173: x=1.09, y=5.18[0m
[delivery_robot_main_controller-20] [0m[INFO] [1775111229.562584298] [main_controller_node]:   Waypoint 174: x=0.66, y=5.41[0m
[delivery_robot_main_controller-20] [0m[INFO] [1775111229.563186274] [main_controller_node]:   Waypoint 175: x=0.23, y=5.63[0m
[delivery_robot_main_controller-20] [0m[INFO] [1775111229.563777751] [main_controller_node]:   Waypoint 176: x=-0.20, y=5.85[0m
[delivery_robot_main_controller-20] [0m[INFO] [1775111229.564413558] [main_controller_node]:   Waypoint 177: x=-0.63, y=6.07[0m
[delivery_robot_main_controller-20] [0m[INFO] [1775111229.565621301] [main_controller_node]: Navigating with 178 goals....[0m
[bt_navigator-14] [INFO] [1775111229.569256489] [bt_navigator]: Begin navigating from current location through 178 poses to (-0.63, 6.07)
[delivery_robot_main_controller-20] [0m[INFO] [1775111229.569906879] [main_controller_node]: State change: STANDBY -> MOVE[0m
[controller_server-10] [INFO] [1775111229.570220992] [local_costmap.local_costmap]: Received request to clear entirely the local_costmap
[controller_server-10] [INFO] [1775111229.576500906] [local_costmap.local_costmap]: KeepoutFilter: Subscribing to "/keepout_costmap_filter_info" topic for filter info...
[controller_server-10] [INFO] [1775111229.587464799] [local_costmap.local_costmap]: KeepoutFilter: Received filter info from /keepout_costmap_filter_info topic.
[controller_server-10] [INFO] [1775111229.587517589] [local_costmap.local_costmap]: KeepoutFilter: Subscribing to "/keepout_filter_mask" topic for filter mask...
[planner_server-12] [INFO] [1775111229.587948071] [global_costmap.global_costmap]: Received request to clear entirely the global_costmap
[delivery_robot_main_controller-20] [0m[INFO] [1775111229.595794464] [main_controller_node]: Robot is MOVING.[0m
[controller_server-10] [WARN] [1775111229.595809339] [local_costmap.local_costmap]: KeepoutFilter: New filter mask arrived from /keepout_filter_mask topic. Updating old filter mask.
[planner_server-12] [INFO] [1775111229.598174369] [global_costmap.global_costmap]: KeepoutFilter: Subscribing to "/keepout_costmap_filter_info" topic for filter info...
[planner_server-12] [INFO] [1775111229.611446127] [global_costmap.global_costmap]: KeepoutFilter: Received filter info from /keepout_costmap_filter_info topic.
[planner_server-12] [INFO] [1775111229.612731159] [global_costmap.global_costmap]: KeepoutFilter: Subscribing to "/keepout_filter_mask" topic for filter mask...
[planner_server-12] [WARN] [1775111229.624157617] [global_costmap.global_costmap]: KeepoutFilter: New filter mask arrived from /keepout_filter_mask topic. Updating old filter mask.
[planner_server-12] [WARN] [1775111229.746102635] [planner_server]: GridBased plugin failed to plan from (76.30, 14.60) to (75.78, 14.52): "no valid path found"
[planner_server-12] [WARN] [1775111229.746191882] [planner_server]: [compute_path_through_poses] [ActionServer] Aborting handle.
[planner_server-12] [INFO] [1775111229.760731756] [global_costmap.global_costmap]: Received request to clear entirely the global_costmap
[planner_server-12] [INFO] [1775111229.768490361] [global_costmap.global_costmap]: KeepoutFilter: Subscribing to "/keepout_costmap_filter_info" topic for filter info...
[planner_server-12] [INFO] [1775111229.773080718] [global_costmap.global_costmap]: KeepoutFilter: Received filter info from /keepout_costmap_filter_info topic.
[planner_server-12] [INFO] [1775111229.773132633] [global_costmap.global_costmap]: KeepoutFilter: Subscribing to "/keepout_filter_mask" topic for filter mask...
[planner_server-12] [WARN] [1775111229.779348675] [global_costmap.global_costmap]: KeepoutFilter: New filter mask arrived from /keepout_filter_mask topic. Updating old filter mask.
[planner_server-12] [WARN] [1775111230.275833191] [planner_server]: GridBased plugin failed to plan from (76.30, 14.60) to (75.78, 14.52): "no valid path found"
[planner_server-12] [WARN] [1775111230.277541706] [planner_server]: [compute_path_through_poses] [ActionServer] Aborting handle.
[bt_navigator-14] [WARN] [1775111230.300147881] [bt_navigator]: [navigate_through_poses] [ActionServer] Aborting handle.
[bt_navigator-14] [ERROR] [1775111230.300618612] [bt_navigator]: Goal failed
[delivery_robot_main_controller-20] [33m[WARN] [1775111230.303354627] [main_controller_node]: Goal failed! (obstacle retry 3/3)[0m
[delivery_robot_main_controller-20] [0m[INFO] [1775111230.304391169] [main_controller_node]: Published message: "obstacle_alert"[0m
[robot_sound-21] [0m[INFO] [1775111230.312418388] [robot_sound_node]: 🔔 Received sound command: obstacle_alert[0m
[robot_sound-21] amixer: Unable to find simple control 'PCM',0
[robot_sound-21] 
[robot_sound-21] [0m[INFO] [1775111230.335487128] [robot_sound_node]: 🔊 Playing sound: /home/smr/workspaces/mini_amr/amrROS2_ws/sounds/robot_obstacle.wav[0m
[delivery_robot_main_controller-20] [0m[INFO] [1775111230.341217856] [main_controller_node]: Pre-resume: waiting 3 seconds before wiggle...[0m
[robot_sound-21] aplay: main:834: audio open error: No such file or directory
[delivery_robot_main_controller-20] [0m[INFO] [1775111230.440745400] [main_controller_node]: Current state: MOVE, dock_state IDLE, charge_state NOT_CHARGE[0m
[delivery_robot_main_controller-20] [0m[INFO] [1775111230.647681297] [main_controller_node]: Pre-resume: clearing local/global costmaps.[0m
[controller_server-10] [INFO] [1775111230.648231358] [local_costmap.local_costmap]: Received request to clear entirely the local_costmap
[controller_server-10] [INFO] [1775111230.654567270] [local_costmap.local_costmap]: KeepoutFilter: Subscribing to "/keepout_costmap_filter_info" topic for filter info...
[controller_server-10] [INFO] [1775111230.660951597] [local_costmap.local_costmap]: KeepoutFilter: Received filter info from /keepout_costmap_filter_info topic.
[controller_server-10] [INFO] [1775111230.661013428] [local_costmap.local_costmap]: KeepoutFilter: Subscribing to "/keepout_filter_mask" topic for filter mask...
[planner_server-12] [INFO] [1775111230.663380499] [global_costmap.global_costmap]: Received request to clear entirely the global_costmap
[planner_server-12] [INFO] [1775111230.668395798] [global_costmap.global_costmap]: KeepoutFilter: Subscribing to "/keepout_costmap_filter_info" topic for filter info...
[controller_server-10] [WARN] [1775111230.672968073] [local_costmap.local_costmap]: KeepoutFilter: New filter mask arrived from /keepout_filter_mask topic. Updating old filter mask.
[planner_server-12] [INFO] [1775111230.679579890] [global_costmap.global_costmap]: KeepoutFilter: Received filter info from /keepout_costmap_filter_info topic.
[planner_server-12] [INFO] [1775111230.680290945] [global_costmap.global_costmap]: KeepoutFilter: Subscribing to "/keepout_filter_mask" topic for filter mask...
[planner_server-12] [WARN] [1775111230.696753409] [global_costmap.global_costmap]: KeepoutFilter: New filter mask arrived from /keepout_filter_mask topic. Updating old filter mask.
[delivery_robot_main_controller-20] [0m[INFO] [1775111231.307855113] [main_controller_node]: Current state: MOVE, dock_state IDLE, charge_state NOT_CHARGE[0m
[delivery_robot_main_controller-20] [0m[INFO] [1775111231.675788625] [main_controller_node]: Pre-resume wiggle complete. Switching to STANDBY.[0m
[delivery_robot_main_controller-20] [0m[INFO] [1775111231.676404017] [main_controller_node]: State change: MOVE -> STANDBY[0m
[delivery_robot_main_controller-20] [0m[INFO] [1775111231.693787236] [main_controller_node]: Robot is in STANDBY mode.[0m
[delivery_robot_main_controller-20] [0m[INFO] [1775111232.304975561] [main_controller_node]: Current state: STANDBY, dock_state IDLE, charge_state NOT_CHARGE[0m
[delivery_robot_main_controller-20] [0m[INFO] [1775111233.292505812] [main_controller_node]: Current state: STANDBY, dock_state IDLE, charge_state NOT_CHARGE[0m
[delivery_robot_main_controller-20] [0m[INFO] [1775111233.381713145] [main_controller_node]: 1 pending queues [0m
[delivery_robot_main_controller-20] [0m[INFO] [1775111233.382933429] [main_controller_node]: Queue action: Request[0m
[delivery_robot_main_controller-20] [0m[INFO] [1775111233.420325927] [main_controller_node]: AGV start_pos: x=80.17, y=15.47[0m
[delivery_robot_main_controller-20] [0m[INFO] [1775111233.420891155] [main_controller_node]: AGV goal_pos: x=-0.63, y=6.07[0m
[delivery_robot_main_controller-20] [0m[INFO] [1775111233.421406509] [main_controller_node]: Path source: database routes[0m
[delivery_robot_main_controller-20] [0m[INFO] [1775111233.444404960] [main_controller_node]: Computed AGV path waypoints:[0m
[delivery_robot_main_controller-20] [0m[INFO] [1775111233.445098807] [main_controller_node]:   Waypoint 0: x=80.17, y=15.47[0m
[delivery_robot_main_controller-20] [0m[INFO] [1775111233.445756781] [main_controller_node]:   Waypoint 1: x=79.68, y=15.36[0m
[delivery_robot_main_controller-20] [0m[INFO] [1775111233.446371881] [main_controller_node]:   Waypoint 2: x=79.20, y=15.26[0m
[delivery_robot_main_controller-20] [0m[INFO] [1775111233.446996606] [main_controller_node]:   Waypoint 3: x=78.71, y=15.15[0m
[delivery_robot_main_controller-20] [0m[INFO] [1775111233.447625414] [main_controller_node]:   Waypoint 4: x=78.22, y=15.05[0m
[delivery_robot_main_controller-20] [0m[INFO] [1775111233.448227682] [main_controller_node]:   Waypoint 5: x=77.73, y=14.94[0m
[delivery_robot_main_controller-20] [0m[INFO] [1775111233.448840740] [main_controller_node]:   Waypoint 6: x=77.25, y=14.83[0m
[delivery_robot_main_controller-20] [0m[INFO] [1775111233.449468673] [main_controller_node]:   Waypoint 7: x=76.76, y=14.73[0m
[delivery_robot_main_controller-20] [0m[INFO] [1775111233.451449886] [main_controller_node]:   Waypoint 8: x=76.27, y=14.62[0m
[delivery_robot_main_controller-20] [0m[INFO] [1775111233.452141108] [main_controller_node]:   Waypoint 9: x=75.78, y=14.52[0m
[delivery_robot_main_controller-20] [0m[INFO] [1775111233.452807248] [main_controller_node]:   Waypoint 10: x=75.30, y=14.41[0m
[delivery_robot_main_controller-20] [0m[INFO] [1775111233.455610343] [main_controller_node]:   Waypoint 11: x=74.81, y=14.30[0m
[delivery_robot_main_controller-20] [0m[INFO] [1775111233.456327523] [main_controller_node]:   Waypoint 12: x=74.32, y=14.20[0m
[delivery_robot_main_controller-20] [0m[INFO] [1775111233.456967706] [main_controller_node]:   Waypoint 13: x=73.83, y=14.09[0m
[delivery_robot_main_controller-20] [0m[INFO] [1775111233.457580181] [main_controller_node]:   Waypoint 14: x=73.35, y=13.99[0m
[delivery_robot_main_controller-20] [0m[INFO] [1775111233.458178365] [main_controller_node]:   Waypoint 15: x=72.86, y=13.88[0m
[delivery_robot_main_controller-20] [0m[INFO] [1775111233.458773341] [main_controller_node]:   Waypoint 16: x=72.37, y=13.77[0m
[delivery_robot_main_controller-20] [0m[INFO] [1775111233.459391650] [main_controller_node]:   Waypoint 17: x=71.88, y=13.67[0m
[delivery_robot_main_controller-20] [0m[INFO] [1775111233.459987209] [main_controller_node]:   Waypoint 18: x=71.40, y=13.56[0m
[delivery_robot_main_controller-20] [0m[INFO] [1775111233.460571394] [main_controller_node]:   Waypoint 19: x=70.91, y=13.46[0m
[delivery_robot_main_controller-20] [0m[INFO] [1775111233.461156162] [main_controller_node]:   Waypoint 20: x=70.42, y=13.35[0m
[delivery_robot_main_controller-20] [0m[INFO] [1775111233.461734806] [main_controller_node]:   Waypoint 21: x=69.93, y=13.24[0m
[delivery_robot_main_controller-20] [0m[INFO] [1775111233.462322199] [main_controller_node]:   Waypoint 22: x=69.45, y=13.14[0m
[delivery_robot_main_controller-20] [0m[INFO] [1775111233.462927091] [main_controller_node]:   Waypoint 23: x=68.96, y=13.03[0m
[delivery_robot_main_controller-20] [0m[INFO] [1775111233.463515068] [main_controller_node]:   Waypoint 24: x=68.47, y=12.93[0m
[delivery_robot_main_controller-20] [0m[INFO] [1775111233.464103336] [main_controller_node]:   Waypoint 25: x=67.98, y=12.82[0m
[delivery_robot_main_controller-20] [0m[INFO] [1775111233.464686937] [main_controller_node]:   Waypoint 26: x=67.50, y=12.72[0m
[delivery_robot_main_controller-20] [0m[INFO] [1775111233.465271413] [main_controller_node]:   Waypoint 27: x=67.01, y=12.61[0m
[delivery_robot_main_controller-20] [0m[INFO] [1775111233.465886222] [main_controller_node]:   Waypoint 28: x=66.52, y=12.50[0m
[delivery_robot_main_controller-20] [0m[INFO] [1775111233.466473907] [main_controller_node]:   Waypoint 29: x=66.03, y=12.40[0m
[delivery_robot_main_controller-20] [0m[INFO] [1775111233.467108256] [main_controller_node]:   Waypoint 30: x=65.55, y=12.29[0m
[delivery_robot_main_controller-20] [0m[INFO] [1775111233.467703815] [main_controller_node]:   Waypoint 31: x=65.06, y=12.19[0m
[delivery_robot_main_controller-20] [0m[INFO] [1775111233.468312207] [main_controller_node]:   Waypoint 32: x=64.57, y=12.08[0m
[delivery_robot_main_controller-20] [0m[INFO] [1775111233.468916808] [main_controller_node]:   Waypoint 33: x=64.09, y=11.97[0m
[delivery_robot_main_controller-20] [0m[INFO] [1775111233.469531033] [main_controller_node]:   Waypoint 34: x=63.60, y=11.87[0m
[delivery_robot_main_controller-20] [0m[INFO] [1775111233.470128342] [main_controller_node]:   Waypoint 35: x=63.11, y=11.76[0m
[delivery_robot_main_controller-20] [0m[INFO] [1775111233.470717776] [main_controller_node]:   Waypoint 36: x=62.62, y=11.66[0m
[delivery_robot_main_controller-20] [0m[INFO] [1775111233.471298753] [main_controller_node]:   Waypoint 37: x=62.14, y=11.55[0m
[delivery_robot_main_controller-20] [0m[INFO] [1775111233.471877105] [main_controller_node]:   Waypoint 38: x=61.65, y=11.44[0m
[delivery_robot_main_controller-20] [0m[INFO] [1775111233.472478205] [main_controller_node]:   Waypoint 39: x=61.16, y=11.34[0m
[delivery_robot_main_controller-20] [0m[INFO] [1775111233.473066765] [main_controller_node]:   Waypoint 40: x=60.67, y=11.23[0m
[delivery_robot_main_controller-20] [0m[INFO] [1775111233.473648616] [main_controller_node]:   Waypoint 41: x=60.19, y=11.13[0m
[delivery_robot_main_controller-20] [0m[INFO] [1775111233.474249425] [main_controller_node]:   Waypoint 42: x=59.70, y=11.02[0m
[delivery_robot_main_controller-20] [0m[INFO] [1775111233.474858984] [main_controller_node]:   Waypoint 43: x=59.21, y=10.91[0m
[delivery_robot_main_controller-20] [0m[INFO] [1775111233.475475542] [main_controller_node]:   Waypoint 44: x=58.72, y=10.81[0m
[delivery_robot_main_controller-20] [0m[INFO] [1775111233.476212846] [main_controller_node]:   Waypoint 45: x=58.24, y=10.70[0m
[delivery_robot_main_controller-20] [0m[INFO] [1775111233.476823863] [main_controller_node]:   Waypoint 46: x=57.75, y=10.60[0m
[delivery_robot_main_controller-20] [0m[INFO] [1775111233.477408922] [main_controller_node]:   Waypoint 47: x=57.26, y=10.49[0m
[delivery_robot_main_controller-20] [0m[INFO] [1775111233.477992815] [main_controller_node]:   Waypoint 48: x=56.77, y=10.38[0m
[delivery_robot_main_controller-20] [0m[INFO] [1775111233.478577292] [main_controller_node]:   Waypoint 49: x=56.29, y=10.28[0m
[delivery_robot_main_controller-20] [0m[INFO] [1775111233.480304180] [main_controller_node]:   Waypoint 50: x=55.80, y=10.17[0m
[delivery_robot_main_controller-20] [0m[INFO] [1775111233.481768579] [main_controller_node]:   Waypoint 51: x=55.31, y=10.07[0m
[delivery_robot_main_controller-20] [0m[INFO] [1775111233.482453968] [main_controller_node]:   Waypoint 52: x=54.82, y=9.96[0m
[delivery_robot_main_controller-20] [0m[INFO] [1775111233.483075485] [main_controller_node]:   Waypoint 53: x=54.34, y=9.86[0m
[delivery_robot_main_controller-20] [0m[INFO] [1775111233.483675127] [main_controller_node]:   Waypoint 54: x=53.85, y=9.75[0m
[delivery_robot_main_controller-20] [0m[INFO] [1775111233.484269228] [main_controller_node]:   Waypoint 55: x=53.36, y=9.64[0m
[delivery_robot_main_controller-20] [0m[INFO] [1775111233.484866829] [main_controller_node]:   Waypoint 56: x=52.87, y=9.54[0m
[delivery_robot_main_controller-20] [0m[INFO] [1775111233.485458013] [main_controller_node]:   Waypoint 57: x=52.39, y=9.43[0m
[delivery_robot_main_controller-20] [0m[INFO] [1775111233.486068155] [main_controller_node]:   Waypoint 58: x=51.90, y=9.33[0m
[delivery_robot_main_controller-20] [0m[INFO] [1775111233.486678006] [main_controller_node]:   Waypoint 59: x=51.41, y=9.22[0m
[delivery_robot_main_controller-20] [0m[INFO] [1775111233.487276190] [main_controller_node]:   Waypoint 60: x=50.92, y=9.11[0m
[delivery_robot_main_controller-20] [0m[INFO] [1775111233.487889832] [main_controller_node]:   Waypoint 61: x=50.44, y=9.01[0m
[delivery_robot_main_controller-20] [0m[INFO] [1775111233.488480433] [main_controller_node]:   Waypoint 62: x=49.95, y=8.90[0m
[delivery_robot_main_controller-20] [0m[INFO] [1775111233.489082992] [main_controller_node]:   Waypoint 63: x=49.46, y=8.80[0m
[delivery_robot_main_controller-20] [0m[INFO] [1775111233.489692550] [main_controller_node]:   Waypoint 64: x=48.97, y=8.69[0m
[delivery_robot_main_controller-20] [0m[INFO] [1775111233.490278777] [main_controller_node]:   Waypoint 65: x=48.49, y=8.58[0m
[delivery_robot_main_controller-20] [0m[INFO] [1775111233.490859170] [main_controller_node]:   Waypoint 66: x=48.00, y=8.48[0m
[delivery_robot_main_controller-20] [0m[INFO] [1775111233.491437230] [main_controller_node]:   Waypoint 67: x=47.51, y=8.37[0m
[delivery_robot_main_controller-20] [0m[INFO] [1775111233.492015581] [main_controller_node]:   Waypoint 68: x=47.02, y=8.27[0m
[delivery_robot_main_controller-20] [0m[INFO] [1775111233.492621348] [main_controller_node]:   Waypoint 69: x=46.54, y=8.16[0m
[delivery_robot_main_controller-20] [0m[INFO] [1775111233.493227991] [main_controller_node]:   Waypoint 70: x=46.05, y=8.05[0m
[delivery_robot_main_controller-20] [0m[INFO] [1775111233.493836383] [main_controller_node]:   Waypoint 71: x=45.56, y=7.95[0m
[delivery_robot_main_controller-20] [0m[INFO] [1775111233.494444483] [main_controller_node]:   Waypoint 72: x=45.07, y=7.84[0m
[delivery_robot_main_controller-20] [0m[INFO] [1775111233.495050542] [main_controller_node]:   Waypoint 73: x=44.59, y=7.74[0m
[delivery_robot_main_controller-20] [0m[INFO] [1775111233.495654851] [main_controller_node]:   Waypoint 74: x=44.10, y=7.63[0m
[delivery_robot_main_controller-20] [0m[INFO] [1775111233.496275492] [main_controller_node]:   Waypoint 75: x=43.61, y=7.52[0m
[delivery_robot_main_controller-20] [0m[INFO] [1775111233.496897592] [main_controller_node]:   Waypoint 76: x=43.12, y=7.42[0m
[delivery_robot_main_controller-20] [0m[INFO] [1775111233.497509192] [main_controller_node]:   Waypoint 77: x=42.64, y=7.31[0m
[delivery_robot_main_controller-20] [0m[INFO] [1775111233.498173874] [main_controller_node]:   Waypoint 78: x=42.15, y=7.21[0m
[delivery_robot_main_controller-20] [0m[INFO] [1775111233.498800640] [main_controller_node]:   Waypoint 79: x=41.66, y=7.10[0m
[delivery_robot_main_controller-20] [0m[INFO] [1775111233.499445489] [main_controller_node]:   Waypoint 80: x=41.17, y=7.00[0m
[delivery_robot_main_controller-20] [0m[INFO] [1775111233.500178418] [main_controller_node]:   Waypoint 81: x=40.69, y=6.89[0m
[delivery_robot_main_controller-20] [0m[INFO] [1775111233.502722815] [main_controller_node]:   Waypoint 82: x=40.20, y=6.78[0m
[delivery_robot_main_controller-20] [0m[INFO] [1775111233.505226088] [main_controller_node]:   Waypoint 83: x=39.71, y=6.68[0m
[delivery_robot_main_controller-20] [0m[INFO] [1775111233.505995474] [main_controller_node]:   Waypoint 84: x=39.22, y=6.57[0m
[delivery_robot_main_controller-20] [0m[INFO] [1775111233.507308504] [main_controller_node]:   Waypoint 85: x=38.74, y=6.47[0m
[delivery_robot_main_controller-20] [0m[INFO] [1775111233.508243550] [main_controller_node]:   Waypoint 86: x=38.25, y=6.36[0m
[delivery_robot_main_controller-20] [0m[INFO] [1775111233.512091644] [main_controller_node]:   Waypoint 87: x=37.76, y=6.25[0m
[delivery_robot_main_controller-20] [0m[INFO] [1775111233.514417008] [main_controller_node]:   Waypoint 88: x=37.27, y=6.15[0m
[delivery_robot_main_controller-20] [0m[INFO] [1775111233.515084315] [main_controller_node]:   Waypoint 89: x=36.79, y=6.04[0m
[delivery_robot_main_controller-20] [0m[INFO] [1775111233.515710206] [main_controller_node]:   Waypoint 90: x=36.30, y=5.94[0m
[delivery_robot_main_controller-20] [0m[INFO] [1775111233.516318598] [main_controller_node]:   Waypoint 91: x=35.81, y=5.83[0m
[delivery_robot_main_controller-20] [0m[INFO] [1775111233.516957614] [main_controller_node]:   Waypoint 92: x=35.32, y=5.72[0m
[delivery_robot_main_controller-20] [0m[INFO] [1775111233.517566297] [main_controller_node]:   Waypoint 93: x=34.84, y=5.62[0m
[delivery_robot_main_controller-20] [0m[INFO] [1775111233.518187522] [main_controller_node]:   Waypoint 94: x=34.35, y=5.51[0m
[delivery_robot_main_controller-20] [0m[INFO] [1775111233.518797664] [main_controller_node]:   Waypoint 95: x=33.86, y=5.41[0m
[delivery_robot_main_controller-20] [0m[INFO] [1775111233.519416848] [main_controller_node]:   Waypoint 96: x=33.37, y=5.30[0m
[delivery_robot_main_controller-20] [0m[INFO] [1775111233.520006865] [main_controller_node]:   Waypoint 97: x=32.89, y=5.19[0m
[delivery_robot_main_controller-20] [0m[INFO] [1775111233.520586967] [main_controller_node]:   Waypoint 98: x=32.40, y=5.09[0m
[delivery_robot_main_controller-20] [0m[INFO] [1775111233.521169110] [main_controller_node]:   Waypoint 99: x=31.91, y=4.98[0m
[delivery_robot_main_controller-20] [0m[INFO] [1775111233.521764086] [main_controller_node]:   Waypoint 100: x=31.42, y=4.88[0m
[delivery_robot_main_controller-20] [0m[INFO] [1775111233.522387352] [main_controller_node]:   Waypoint 101: x=30.94, y=4.77[0m
[delivery_robot_main_controller-20] [0m[INFO] [1775111233.522986120] [main_controller_node]:   Waypoint 102: x=30.45, y=4.66[0m
[delivery_robot_main_controller-20] [0m[INFO] [1775111233.523569721] [main_controller_node]:   Waypoint 103: x=29.96, y=4.56[0m
[delivery_robot_main_controller-20] [0m[INFO] [1775111233.524150989] [main_controller_node]:   Waypoint 104: x=29.47, y=4.45[0m
[delivery_robot_main_controller-20] [0m[INFO] [1775111233.524757048] [main_controller_node]:   Waypoint 105: x=28.99, y=4.35[0m
[delivery_robot_main_controller-20] [0m[INFO] [1775111233.525347358] [main_controller_node]:   Waypoint 106: x=28.50, y=4.24[0m
[delivery_robot_main_controller-20] [0m[INFO] [1775111233.525954875] [main_controller_node]:   Waypoint 107: x=28.01, y=4.14[0m
[delivery_robot_main_controller-20] [0m[INFO] [1775111233.526595057] [main_controller_node]:   Waypoint 108: x=27.52, y=4.03[0m
[delivery_robot_main_controller-20] [0m[INFO] [1775111233.527186825] [main_controller_node]:   Waypoint 109: x=27.04, y=3.92[0m
[delivery_robot_main_controller-20] [0m[INFO] [1775111233.527768093] [main_controller_node]:   Waypoint 110: x=26.55, y=3.82[0m
[delivery_robot_main_controller-20] [0m[INFO] [1775111233.531901717] [main_controller_node]:   Waypoint 111: x=26.06, y=3.71[0m
[delivery_robot_main_controller-20] [0m[INFO] [1775111233.532629396] [main_controller_node]:   Waypoint 112: x=25.57, y=3.61[0m
[delivery_robot_main_controller-20] [0m[INFO] [1775111233.533275995] [main_controller_node]:   Waypoint 113: x=25.09, y=3.50[0m
[delivery_robot_main_controller-20] [0m[INFO] [1775111233.533949134] [main_controller_node]:   Waypoint 114: x=24.60, y=3.39[0m
[delivery_robot_main_controller-20] [0m[INFO] [1775111233.534565693] [main_controller_node]:   Waypoint 115: x=24.11, y=3.29[0m
[delivery_robot_main_controller-20] [0m[INFO] [1775111233.535158044] [main_controller_node]:   Waypoint 116: x=23.62, y=3.18[0m
[delivery_robot_main_controller-20] [0m[INFO] [1775111233.535762644] [main_controller_node]:   Waypoint 117: x=23.14, y=3.08[0m
[delivery_robot_main_controller-20] [0m[INFO] [1775111233.536356454] [main_controller_node]:   Waypoint 118: x=22.65, y=2.97[0m
[delivery_robot_main_controller-20] [0m[INFO] [1775111233.536934805] [main_controller_node]:   Waypoint 119: x=22.16, y=2.86[0m
[delivery_robot_main_controller-20] [0m[INFO] [1775111233.537513740] [main_controller_node]:   Waypoint 120: x=21.67, y=2.76[0m
[delivery_robot_main_controller-20] [0m[INFO] [1775111233.538090050] [main_controller_node]:   Waypoint 121: x=21.19, y=2.65[0m
[delivery_robot_main_controller-20] [0m[INFO] [1775111233.538668985] [main_controller_node]:   Waypoint 122: x=20.70, y=2.55[0m
[delivery_robot_main_controller-20] [0m[INFO] [1775111233.539263378] [main_controller_node]:   Waypoint 123: x=20.21, y=2.44[0m
[delivery_robot_main_controller-20] [0m[INFO] [1775111233.539848146] [main_controller_node]:   Waypoint 124: x=19.72, y=2.33[0m
[delivery_robot_main_controller-20] [0m[INFO] [1775111233.540504953] [main_controller_node]:   Waypoint 125: x=19.24, y=2.23[0m
[delivery_robot_main_controller-20] [0m[INFO] [1775111233.541162634] [main_controller_node]:   Waypoint 126: x=18.75, y=2.12[0m
[delivery_robot_main_controller-20] [0m[INFO] [1775111233.541771610] [main_controller_node]:   Waypoint 127: x=18.26, y=2.02[0m
[delivery_robot_main_controller-20] [0m[INFO] [1775111233.542380293] [main_controller_node]:   Waypoint 128: x=17.77, y=1.91[0m
[delivery_robot_main_controller-20] [0m[INFO] [1775111233.542972644] [main_controller_node]:   Waypoint 129: x=17.29, y=1.81[0m
[delivery_robot_main_controller-20] [0m[INFO] [1775111233.543565287] [main_controller_node]:   Waypoint 130: x=16.80, y=1.70[0m
[delivery_robot_main_controller-20] [0m[INFO] [1775111233.544204595] [main_controller_node]:   Waypoint 131: x=16.31, y=1.59[0m
[delivery_robot_main_controller-20] [0m[INFO] [1775111233.544818820] [main_controller_node]:   Waypoint 132: x=15.82, y=1.49[0m
[delivery_robot_main_controller-20] [0m[INFO] [1775111233.545421670] [main_controller_node]:   Waypoint 133: x=15.34, y=1.38[0m
[delivery_robot_main_controller-20] [0m[INFO] [1775111233.546035604] [main_controller_node]:   Waypoint 134: x=14.85, y=1.28[0m
[delivery_robot_main_controller-20] [0m[INFO] [1775111233.546635538] [main_controller_node]:   Waypoint 135: x=14.36, y=1.17[0m
[delivery_robot_main_controller-20] [0m[INFO] [1775111233.547250055] [main_controller_node]:   Waypoint 136: x=13.87, y=1.06[0m
[delivery_robot_main_controller-20] [0m[INFO] [1775111233.547852322] [main_controller_node]:   Waypoint 137: x=13.39, y=0.96[0m
[delivery_robot_main_controller-20] [0m[INFO] [1775111233.548443798] [main_controller_node]:   Waypoint 138: x=12.90, y=0.85[0m
[delivery_robot_main_controller-20] [0m[INFO] [1775111233.549042565] [main_controller_node]:   Waypoint 139: x=12.41, y=0.75[0m
[delivery_robot_main_controller-20] [0m[INFO] [1775111233.549636375] [main_controller_node]:   Waypoint 140: x=11.92, y=0.64[0m
[delivery_robot_main_controller-20] [0m[INFO] [1775111233.551955614] [main_controller_node]:   Waypoint 141: x=11.44, y=0.53[0m
[delivery_robot_main_controller-20] [0m[INFO] [1775111233.553508676] [main_controller_node]:   Waypoint 142: x=10.95, y=0.43[0m
[delivery_robot_main_controller-20] [0m[INFO] [1775111233.554236064] [main_controller_node]:   Waypoint 143: x=10.46, y=0.32[0m
[delivery_robot_main_controller-20] [0m[INFO] [1775111233.554880913] [main_controller_node]:   Waypoint 144: x=9.97, y=0.22[0m
[delivery_robot_main_controller-20] [0m[INFO] [1775111233.557703548] [main_controller_node]:   Waypoint 145: x=9.49, y=0.11[0m
[delivery_robot_main_controller-20] [0m[INFO] [1775111233.560721010] [main_controller_node]:   Waypoint 146: x=9.00, y=0.00[0m
[delivery_robot_main_controller-20] [0m[INFO] [1775111233.561409315] [main_controller_node]:   Waypoint 147: x=8.51, y=-0.10[0m
[delivery_robot_main_controller-20] [0m[INFO] [1775111233.562058539] [main_controller_node]:   Waypoint 148: x=8.02, y=-0.21[0m
[delivery_robot_main_controller-20] [0m[INFO] [1775111233.562713012] [main_controller_node]:   Waypoint 149: x=7.54, y=-0.31[0m
[delivery_robot_main_controller-20] [0m[INFO] [1775111233.563340945] [main_controller_node]:   Waypoint 150: x=7.05, y=-0.42[0m
[delivery_robot_main_controller-20] [0m[INFO] [1775111233.563945546] [main_controller_node]:   Waypoint 151: x=6.56, y=-0.53[0m
[delivery_robot_main_controller-20] [0m[INFO] [1775111233.564546646] [main_controller_node]:   Waypoint 152: x=6.07, y=-0.63[0m
[delivery_robot_main_controller-20] [0m[INFO] [1775111233.565145705] [main_controller_node]:   Waypoint 153: x=5.59, y=-0.74[0m
[delivery_robot_main_controller-20] [0m[INFO] [1775111233.565771014] [main_controller_node]:   Waypoint 154: x=5.10, y=-0.84[0m
[delivery_robot_main_controller-20] [0m[INFO] [1775111233.566372697] [main_controller_node]:   Waypoint 155: x=5.00, y=-0.38[0m
[delivery_robot_main_controller-20] [0m[INFO] [1775111233.566973507] [main_controller_node]:   Waypoint 156: x=4.90, y=0.08[0m
[delivery_robot_main_controller-20] [0m[INFO] [1775111233.567579274] [main_controller_node]:   Waypoint 157: x=4.80, y=0.54[0m
[delivery_robot_main_controller-20] [0m[INFO] [1775111233.568201957] [main_controller_node]:   Waypoint 158: x=4.71, y=1.00[0m
[delivery_robot_main_controller-20] [0m[INFO] [1775111233.568818224] [main_controller_node]:   Waypoint 159: x=4.61, y=1.45[0m
[delivery_robot_main_controller-20] [0m[INFO] [1775111233.569447323] [main_controller_node]:   Waypoint 160: x=4.51, y=1.91[0m
[delivery_robot_main_controller-20] [0m[INFO] [1775111233.570058340] [main_controller_node]:   Waypoint 161: x=4.41, y=2.37[0m
[delivery_robot_main_controller-20] [0m[INFO] [1775111233.570655941] [main_controller_node]:   Waypoint 162: x=4.31, y=2.83[0m
[delivery_robot_main_controller-20] [0m[INFO] [1775111233.571251500] [main_controller_node]:   Waypoint 163: x=4.15, y=3.29[0m
[delivery_robot_main_controller-20] [0m[INFO] [1775111233.571844143] [main_controller_node]:   Waypoint 164: x=3.98, y=3.74[0m
[delivery_robot_main_controller-20] [0m[INFO] [1775111233.572453993] [main_controller_node]:   Waypoint 165: x=3.81, y=4.19[0m
[delivery_robot_main_controller-20] [0m[INFO] [1775111233.573049261] [main_controller_node]:   Waypoint 166: x=3.65, y=4.65[0m
[delivery_robot_main_controller-20] [0m[INFO] [1775111233.573643945] [main_controller_node]:   Waypoint 167: x=3.48, y=5.10[0m
[delivery_robot_main_controller-20] [0m[INFO] [1775111233.574254670] [main_controller_node]:   Waypoint 168: x=3.31, y=5.55[0m
[delivery_robot_main_controller-20] [0m[INFO] [1775111233.574860729] [main_controller_node]:   Waypoint 169: x=2.87, y=5.48[0m
[delivery_robot_main_controller-20] [0m[INFO] [1775111233.575467371] [main_controller_node]:   Waypoint 170: x=2.42, y=5.40[0m
[delivery_robot_main_controller-20] [0m[INFO] [1775111233.576105220] [main_controller_node]:   Waypoint 171: x=1.98, y=5.33[0m
[delivery_robot_main_controller-20] [0m[INFO] [1775111233.576724695] [main_controller_node]:   Waypoint 172: x=1.53, y=5.26[0m
[delivery_robot_main_controller-20] [0m[INFO] [1775111233.577493789] [main_controller_node]:   Waypoint 173: x=1.09, y=5.18[0m
[delivery_robot_main_controller-20] [0m[INFO] [1775111233.578142430] [main_controller_node]:   Waypoint 174: x=0.66, y=5.41[0m
[delivery_robot_main_controller-20] [0m[INFO] [1775111233.578972479] [main_controller_node]:   Waypoint 175: x=0.23, y=5.63[0m
[delivery_robot_main_controller-20] [0m[INFO] [1775111233.579943982] [main_controller_node]:   Waypoint 176: x=-0.20, y=5.85[0m
[delivery_robot_main_controller-20] [0m[INFO] [1775111233.580651828] [main_controller_node]:   Waypoint 177: x=-0.63, y=6.07[0m
[delivery_robot_main_controller-20] [0m[INFO] [1775111233.584441008] [main_controller_node]: Navigating with 178 goals....[0m
[delivery_robot_main_controller-20] [0m[INFO] [1775111233.588420639] [main_controller_node]: State change: STANDBY -> MOVE[0m
[bt_navigator-14] [INFO] [1775111233.590312895] [bt_navigator]: Begin navigating from current location through 178 poses to (-0.63, 6.07)
[controller_server-10] [INFO] [1775111233.590909330] [local_costmap.local_costmap]: Received request to clear entirely the local_costmap
[delivery_robot_main_controller-20] [0m[INFO] [1775111233.616243929] [main_controller_node]: Robot is MOVING.[0m
[controller_server-10] [INFO] [1775111233.598952296] [local_costmap.local_costmap]: KeepoutFilter: Subscribing to "/keepout_costmap_filter_info" topic for filter info...
[controller_server-10] [INFO] [1775111233.606894349] [local_costmap.local_costmap]: KeepoutFilter: Received filter info from /keepout_costmap_filter_info topic.
[controller_server-10] [INFO] [1775111233.606942473] [local_costmap.local_costmap]: KeepoutFilter: Subscribing to "/keepout_filter_mask" topic for filter mask...
[planner_server-12] [INFO] [1775111233.608026845] [global_costmap.global_costmap]: Received request to clear entirely the global_costmap
[planner_server-12] [INFO] [1775111233.616835697] [global_costmap.global_costmap]: KeepoutFilter: Subscribing to "/keepout_costmap_filter_info" topic for filter info...
[controller_server-10] [WARN] [1775111233.623342809] [local_costmap.local_costmap]: KeepoutFilter: New filter mask arrived from /keepout_filter_mask topic. Updating old filter mask.
[planner_server-12] [INFO] [1775111233.628560223] [global_costmap.global_costmap]: KeepoutFilter: Received filter info from /keepout_costmap_filter_info topic.
[planner_server-12] [INFO] [1775111233.628614471] [global_costmap.global_costmap]: KeepoutFilter: Subscribing to "/keepout_filter_mask" topic for filter mask...
[planner_server-12] [WARN] [1775111233.641397120] [global_costmap.global_costmap]: KeepoutFilter: New filter mask arrived from /keepout_filter_mask topic. Updating old filter mask.
[planner_server-12] [WARN] [1775111233.760296059] [planner_server]: GridBased plugin failed to plan from (76.30, 14.60) to (75.78, 14.52): "no valid path found"
[planner_server-12] [WARN] [1775111233.760476010] [planner_server]: [compute_path_through_poses] [ActionServer] Aborting handle.
[planner_server-12] [INFO] [1775111233.761711752] [global_costmap.global_costmap]: Received request to clear entirely the global_costmap
[planner_server-12] [INFO] [1775111233.766025035] [global_costmap.global_costmap]: KeepoutFilter: Subscribing to "/keepout_costmap_filter_info" topic for filter info...
[planner_server-12] [INFO] [1775111233.775146541] [global_costmap.global_costmap]: KeepoutFilter: Received filter info from /keepout_costmap_filter_info topic.
[planner_server-12] [INFO] [1775111233.775204872] [global_costmap.global_costmap]: KeepoutFilter: Subscribing to "/keepout_filter_mask" topic for filter mask...
[planner_server-12] [WARN] [1775111233.780740482] [global_costmap.global_costmap]: KeepoutFilter: New filter mask arrived from /keepout_filter_mask topic. Updating old filter mask.
[planner_server-12] [WARN] [1775111234.265422161] [planner_server]: GridBased plugin failed to plan from (76.30, 14.60) to (75.78, 14.52): "no valid path found"
[planner_server-12] [WARN] [1775111234.265541156] [planner_server]: [compute_path_through_poses] [ActionServer] Aborting handle.
[bt_navigator-14] [WARN] [1775111234.290765219] [bt_navigator]: [navigate_through_poses] [ActionServer] Aborting handle.
[bt_navigator-14] [ERROR] [1775111234.291099455] [bt_navigator]: Goal failed
[delivery_robot_main_controller-20] [33m[WARN] [1775111234.295019880] [main_controller_node]: Goal failed! (obstacle retry 4/3)[0m
[delivery_robot_main_controller-20] [33m[WARN] [1775111234.296971926] [main_controller_node]: 3 obstacle retries exhausted; switching to SAFE_STOP.[0m
[delivery_robot_main_controller-20] [0m[INFO] [1775111234.298015175] [main_controller_node]: State change: MOVE -> SAFE_STOP[0m
[delivery_robot_main_controller-20] [0m[INFO] [1775111234.344160225] [main_controller_node]: Robot is in SAFE_STOP. Awaiting user to switch to STANDBY.[0m
[delivery_robot_main_controller-20] [0m[INFO] [1775111234.349669002] [main_controller_node]: Robot is in SAFE_STOP. Awaiting user to switch to STANDBY.[0m
[delivery_robot_main_controller-20] [0m[INFO] [1775111234.373645073] [main_controller_node]: Current state: SAFE_STOP, dock_state IDLE, charge_state NOT_CHARGE[0m
[delivery_robot_main_controller-20] [0m[INFO] [1775111235.310797485] [main_controller_node]: Current state: SAFE_STOP, dock_state IDLE, charge_state NOT_CHARGE[0m
[delivery_robot_main_controller-20] [0m[INFO] [1775111235.445131966] [main_controller_node]: Published message: "safe_stop"[0m
[robot_sound-21] [0m[INFO] [1775111235.446249588] [robot_sound_node]: 🔔 Received sound command: safe_stop[0m
[robot_sound-21] [33m[WARN] [1775111235.448810317] [robot_sound_node]: Sound file not found: /home/smr/workspaces/mini_amr/amrROS2_ws/sounds/robot_safestop.wav[0m
[delivery_robot_main_controller-20] [0m[INFO] [1775111236.311374331] [main_controller_node]: Current state: SAFE_STOP, dock_state IDLE, charge_state NOT_CHARGE[0m
[delivery_robot_main_controller-20] [0m[INFO] [1775111237.286271549] [main_controller_node]: Current state: SAFE_STOP, dock_state IDLE, charge_state NOT_CHARGE[0m
[delivery_robot_main_controller-20] [0m[INFO] [1775111238.314155456] [main_controller_node]: Current state: SAFE_STOP, dock_state IDLE, charge_state NOT_CHARGE[0m
[delivery_robot_main_controller-20] [0m[INFO] [1775111239.319253827] [main_controller_node]: Current state: SAFE_STOP, dock_state IDLE, charge_state NOT_CHARGE[0m
[delivery_robot_main_controller-20] [0m[INFO] [1775111240.295145588] [main_controller_node]: Current state: SAFE_STOP, dock_state IDLE, charge_state NOT_CHARGE[0m
[delivery_robot_main_controller-20] [0m[INFO] [1775111241.306596494] [main_controller_node]: Current state: SAFE_STOP, dock_state IDLE, charge_state NOT_CHARGE[0m
[delivery_robot_main_controller-20] [0m[INFO] [1775111242.296683972] [main_controller_node]: Current state: SAFE_STOP, dock_state IDLE, charge_state NOT_CHARGE[0m
[delivery_robot_main_controller-20] [0m[INFO] [1775111243.307941511] [main_controller_node]: Current state: SAFE_STOP, dock_state IDLE, charge_state NOT_CHARGE[0m
[delivery_robot_main_controller-20] [0m[INFO] [1775111244.344306158] [main_controller_node]: Current state: SAFE_STOP, dock_state IDLE, charge_state NOT_CHARGE[0m
[bash-27] 4
[bash-27] Queue empty: current state-> STANDBY : queue_action-> 
[bash-27] queue action->Idle :  current state-> STANDBY : previous state-> 
[bash-27] Auu
[bash-27] queue action->Request :  current state-> MOVE : previous state-> STANDBY
[bash-27] queue action->Request :  current state-> STANDBY : previous state-> MOVE
[bash-27] queue action->Request :  current state-> MOVE : previous state-> STANDBY
[bash-27] queue action->Request :  current state-> STANDBY : previous state-> MOVE
[bash-27] queue action->Request :  current state-> MOVE : previous state-> STANDBY
[bash-27] queue action->Request :  current state-> STANDBY : previous state-> MOVE
[bash-27] queue action->Request :  current state-> MOVE : previous state-> STANDBY
[bash-27] queue action->Request :  current state-> SAFE_STOP : previous state-> MOVE
[bash-27] Dialog rejected!
[bash-27] queue action->Request :  current state-> STANDBY : previous state-> SAFE_STOP
[bash-27] queue action->Request :  current state-> MOVE : previous state-> STANDBY
[bash-27] queue action->Request :  current state-> STANDBY : previous state-> MOVE
[bash-27] queue action->Request :  current state-> MOVE : previous state-> STANDBY
[bash-27] queue action->Request :  current state-> STANDBY : previous state-> MOVE
[bash-27] queue action->Request :  current state-> MOVE : previous state-> STANDBY
[bash-27] queue action->Request :  current state-> STANDBY : previous state-> MOVE
[bash-27] queue action->Request :  current state-> MOVE : previous state-> STANDBY
[bash-27] queue action->Request :  current state-> SAFE_STOP : previous state-> MOVE
[bash-27] Dialog rejected!
[bash-27] queue action->Request :  current state-> STANDBY : previous state-> SAFE_STOP
[delivery_robot_main_controller-20] [0m[INFO] [1775111245.388633858] [main_controller_node]: Current state: SAFE_STOP, dock_state IDLE, charge_state NOT_CHARGE[0m
[delivery_robot_main_controller-20] [0m[INFO] [1775111245.622839423] [main_controller_node]: SAFE_STOP cleared to STANDBY via API/GUI.[0m
[delivery_robot_main_controller-20] [0m[INFO] [1775111245.628860638] [main_controller_node]: Pre-resume: waiting 3 seconds before wiggle...[0m
[INFO] [bash-27]: process has finished cleanly [pid 11698]
[INFO] [battery_manager_node-26]: sending signal 'SIGINT' to process[battery_manager_node-26]
[INFO] [autodock_action_server-25]: sending signal 'SIGINT' to process[autodock_action_server-25]
[INFO] [dock_coordinates-24]: sending signal 'SIGINT' to process[dock_coordinates-24]
[INFO] [rpc_run_node-23]: sending signal 'SIGINT' to process[rpc_run_node-23]
[INFO] [dock_coordinates-24]: process has finished cleanly [pid 11539]
[INFO] [call_robot_button-22]: sending signal 'SIGINT' to process[call_robot_button-22]
[INFO] [robot_sound-21]: sending signal 'SIGINT' to process[robot_sound-21]
[INFO] [delivery_robot_main_controller-20]: sending signal 'SIGINT' to process[delivery_robot_main_controller-20]
[INFO] [lifecycle_manager-19]: sending signal 'SIGINT' to process[lifecycle_manager-19]
[INFO] [collision_detector-18]: sending signal 'SIGINT' to process[collision_detector-18]
[INFO] [collision_monitor-17]: sending signal 'SIGINT' to process[collision_monitor-17]
[INFO] [velocity_smoother-16]: sending signal 'SIGINT' to process[velocity_smoother-16]
[INFO] [waypoint_follower-15]: sending signal 'SIGINT' to process[waypoint_follower-15]
[INFO] [bt_navigator-14]: sending signal 'SIGINT' to process[bt_navigator-14]
[INFO] [behavior_server-13]: sending signal 'SIGINT' to process[behavior_server-13]
[INFO] [planner_server-12]: sending signal 'SIGINT' to process[planner_server-12]
[INFO] [smoother_server-11]: sending signal 'SIGINT' to process[smoother_server-11]
[INFO] [controller_server-10]: sending signal 'SIGINT' to process[controller_server-10]
[INFO] [costmap_filter_info_server-9]: sending signal 'SIGINT' to process[costmap_filter_info_server-9]
[INFO] [map_server-8]: sending signal 'SIGINT' to process[map_server-8]
[INFO] [taskset-7]: sending signal 'SIGINT' to process[taskset-7]
[INFO] [robot_hardware-6]: sending signal 'SIGINT' to process[robot_hardware-6]
[INFO] [ekf_node-5]: sending signal 'SIGINT' to process[ekf_node-5]
[INFO] [scan_to_scan_filter_chain-4]: sending signal 'SIGINT' to process[scan_to_scan_filter_chain-4]
[INFO] [sllidar_node-3]: sending signal 'SIGINT' to process[sllidar_node-3]
[INFO] [joint_state_publisher-2]: sending signal 'SIGINT' to process[joint_state_publisher-2]
[INFO] [robot_state_publisher-1]: sending signal 'SIGINT' to process[robot_state_publisher-1]
[delivery_robot_main_controller-20] [0m[INFO] [1775111245.936262532] [main_controller_node]: Pre-resume: clearing local/global costmaps.[0m
[controller_server-10] [INFO] [1775111245.940216206] [local_costmap.local_costmap]: Received request to clear entirely the local_costmap
[controller_server-10] [INFO] [1775111245.945101133] [local_costmap.local_costmap]: KeepoutFilter: Subscribing to "/keepout_costmap_filter_info" topic for filter info...
[controller_server-10] [INFO] [1775111245.950100681] [local_costmap.local_costmap]: KeepoutFilter: Received filter info from /keepout_costmap_filter_info topic.
[controller_server-10] [INFO] [1775111245.950151720] [local_costmap.local_costmap]: KeepoutFilter: Subscribing to "/keepout_filter_mask" topic for filter mask...
[controller_server-10] [WARN] [1775111245.958975155] [local_costmap.local_costmap]: KeepoutFilter: New filter mask arrived from /keepout_filter_mask topic. Updating old filter mask.
[planner_server-12] [INFO] [1775111245.953182014] [global_costmap.global_costmap]: Received request to clear entirely the global_costmap
[planner_server-12] [INFO] [1775111245.959491384] [global_costmap.global_costmap]: KeepoutFilter: Subscribing to "/keepout_costmap_filter_info" topic for filter info...
[planner_server-12] [INFO] [1775111245.970437191] [global_costmap.global_costmap]: KeepoutFilter: Received filter info from /keepout_costmap_filter_info topic.
[planner_server-12] [INFO] [1775111245.970516521] [global_costmap.global_costmap]: KeepoutFilter: Subscribing to "/keepout_filter_mask" topic for filter mask...
[planner_server-12] [WARN] [1775111245.985249758] [global_costmap.global_costmap]: KeepoutFilter: New filter mask arrived from /keepout_filter_mask topic. Updating old filter mask.
[battery_manager_node-26] Traceback (most recent call last):
[battery_manager_node-26]   File "/home/smr/workspaces/mini_amr/amrROS2_ws/install/battery_management/lib/battery_management/battery_manager_node", line 33, in <module>
[battery_manager_node-26]     sys.exit(load_entry_point('battery-management==0.0.0', 'console_scripts', 'battery_manager_node')())
[battery_manager_node-26]              ^^^^^^^^^^^^^^^^^^^^^^^^^^^^^^^^^^^^^^^^^^^^^^^^^^^^^^^^^^^^^^^^^^^^^^^^^^^^^^^^^^^^^^^^^^
[battery_manager_node-26]   File "/home/smr/workspaces/mini_amr/amrROS2_ws/install/battery_management/lib/python3.12/site-packages/battery_management/battery_manager_node.py", line 311, in main
[battery_manager_node-26]     rclpy.spin(node)
[battery_manager_node-26]   File "/opt/ros/jazzy/lib/python3.12/site-packages/rclpy/__init__.py", line 247, in spin
[battery_manager_node-26]     executor.spin_once()
[battery_manager_node-26]   File "/opt/ros/jazzy/lib/python3.12/site-packages/rclpy/executors.py", line 923, in spin_once
[battery_manager_node-26]     self._spin_once_impl(timeout_sec)
[battery_manager_node-26]   File "/opt/ros/jazzy/lib/python3.12/site-packages/rclpy/executors.py", line 904, in _spin_once_impl
[battery_manager_node-26]     handler, entity, node = self.wait_for_ready_callbacks(
[battery_manager_node-26]                             ^^^^^^^^^^^^^^^^^^^^^^^^^^^^^^
[battery_manager_node-26]   File "/opt/ros/jazzy/lib/python3.12/site-packages/rclpy/executors.py", line 874, in wait_for_ready_callbacks
[battery_manager_node-26]     return next(self._cb_iter)
[battery_manager_node-26]            ^^^^^^^^^^^^^^^^^^^
[battery_manager_node-26]   File "/opt/ros/jazzy/lib/python3.12/site-packages/rclpy/executors.py", line 778, in _wait_for_ready_callbacks
[battery_manager_node-26]     wait_set.wait(timeout_nsec)
[battery_manager_node-26] KeyboardInterrupt
[dock_coordinates-24] [INFO] [1775111246.205082571] [rclcpp]: signal_handler(SIGINT/SIGTERM)
[rpc_run_node-23] [0m[INFO] [1775111246.228263883] [rpc_run_node]: RPC run node stopped by user.[0m
[rpc_run_node-23] Failed to publish log message to rosout: publisher's context is invalid, at ./src/rcl/publisher.c:423
[rpc_run_node-23] 2026-04-02 13:27:26,232 [INFO] RPCServer stopped.
[call_robot_button-22] [0m[INFO] [1775111246.232867364] [call_robot_button_node]: CallRobotButton interrupted by user.[0m
[call_robot_button-22] Failed to publish log message to rosout: publisher's context is invalid, at ./src/rcl/publisher.c:423
[robot_sound-21] [0m[INFO] [1775111246.256889517] [robot_sound_node]: 🔚 robot_sound_node stopped by user.[0m
[robot_sound-21] Failed to publish log message to rosout: publisher's context is invalid, at ./src/rcl/publisher.c:423
[delivery_robot_main_controller-20] [0m[INFO] [1775111246.300559291] [main_controller_node]: Node stopped by user.[0m
[delivery_robot_main_controller-20] Failed to publish log message to rosout: publisher's context is invalid, at ./src/rcl/publisher.c:423
[lifecycle_manager-19] [INFO] [1775111246.367930982] [rclcpp]: signal_handler(SIGINT/SIGTERM)
[lifecycle_manager-19] [INFO] [1775111246.368041519] [lifecycle_manager_navigation]: Running Nav2 LifecycleManager rcl preshutdown (lifecycle_manager_navigation)
[lifecycle_manager-19] [INFO] [1775111246.368090517] [lifecycle_manager_navigation]: [34m[1mTerminating bond timer...[0m[0m
[collision_detector-18] [INFO] [1775111246.447796875] [rclcpp]: signal_handler(SIGINT/SIGTERM)
[collision_detector-18] [INFO] [1775111246.447918495] [collision_detector]: Running Nav2 LifecycleNode rcl preshutdown (collision_detector)
[collision_detector-18] [INFO] [1775111246.447987909] [collision_detector]: Deactivating
[collision_detector-18] [INFO] [1775111246.448010075] [collision_detector]: Destroying bond (collision_detector) to lifecycle manager.
[collision_detector-18] [INFO] [1775111246.458576439] [collision_detector]: Cleaning up
[collision_detector-18] [INFO] [1775111246.458630395] [collision_monitor]: [PolygonStop]: Destroying Polygon
[collision_detector-18] [INFO] [1775111246.458653144] [collision_monitor]: [PolygonSlow]: Destroying Polygon
[collision_detector-18] [INFO] [1775111246.458661019] [collision_monitor]: [scan]: Destroying Scan
[collision_monitor-17] [INFO] [1775111246.467866813] [rclcpp]: signal_handler(SIGINT/SIGTERM)
[collision_monitor-17] [INFO] [1775111246.468057263] [collision_monitor]: Running Nav2 LifecycleNode rcl preshutdown (collision_monitor)
[collision_monitor-17] [INFO] [1775111246.468216799] [collision_monitor]: Deactivating
[collision_monitor-17] [INFO] [1775111246.468270755] [collision_monitor]: Destroying bond (collision_monitor) to lifecycle manager.
[collision_detector-18] [INFO] [1775111246.470978479] [collision_detector]: Destroying bond (collision_detector) to lifecycle manager.
[collision_monitor-17] [INFO] [1775111246.479676210] [collision_monitor]: Cleaning up
[collision_monitor-17] [INFO] [1775111246.479775956] [collision_monitor]: [PolygonStop]: Destroying Polygon
[collision_monitor-17] [INFO] [1775111246.479818829] [collision_monitor]: [PolygonSlow]: Destroying Polygon
[collision_monitor-17] [INFO] [1775111246.479852370] [collision_monitor]: [FootprintApproach]: Destroying Polygon
[collision_monitor-17] [INFO] [1775111246.479889993] [collision_monitor]: [scan]: Destroying Scan
[collision_monitor-17] [INFO] [1775111246.489334944] [collision_monitor]: Destroying bond (collision_monitor) to lifecycle manager.
[velocity_smoother-16] [INFO] [1775111246.483567469] [rclcpp]: signal_handler(SIGINT/SIGTERM)
[velocity_smoother-16] [INFO] [1775111246.483702505] [velocity_smoother]: Running Nav2 LifecycleNode rcl preshutdown (velocity_smoother)
[velocity_smoother-16] [INFO] [1775111246.483783002] [velocity_smoother]: Deactivating
[velocity_smoother-16] [INFO] [1775111246.483816834] [velocity_smoother]: Destroying bond (velocity_smoother) to lifecycle manager.
[velocity_smoother-16] [INFO] [1775111246.494289577] [velocity_smoother]: Cleaning up
[velocity_smoother-16] [INFO] [1775111246.494350825] [velocity_smoother]: Destroying bond (velocity_smoother) to lifecycle manager.
[waypoint_follower-15] [INFO] [1775111246.523371067] [rclcpp]: signal_handler(SIGINT/SIGTERM)
[waypoint_follower-15] [INFO] [1775111246.523513103] [waypoint_follower]: Running Nav2 LifecycleNode rcl preshutdown (waypoint_follower)
[waypoint_follower-15] [INFO] [1775111246.523596808] [waypoint_follower]: Deactivating
[waypoint_follower-15] [INFO] [1775111246.523630056] [waypoint_follower]: Destroying bond (waypoint_follower) to lifecycle manager.
[bt_navigator-14] [INFO] [1775111246.539907898] [rclcpp]: signal_handler(SIGINT/SIGTERM)
[bt_navigator-14] [INFO] [1775111246.540016685] [bt_navigator]: Running Nav2 LifecycleNode rcl preshutdown (bt_navigator)
[bt_navigator-14] [INFO] [1775111246.540202761] [bt_navigator]: Deactivating
[bt_navigator-14] [INFO] [1775111246.540285882] [bt_navigator]: Destroying bond (bt_navigator) to lifecycle manager.
[waypoint_follower-15] [INFO] [1775111246.544229348] [waypoint_follower]: Cleaning up
[bt_navigator-14] [INFO] [1775111246.552336770] [bt_navigator]: Cleaning up
[behavior_server-13] [INFO] [1775111246.553403352] [rclcpp]: signal_handler(SIGINT/SIGTERM)
[behavior_server-13] [INFO] [1775111246.553608677] [behavior_server]: Running Nav2 LifecycleNode rcl preshutdown (behavior_server)
[behavior_server-13] [INFO] [1775111246.553786003] [behavior_server]: Deactivating
[behavior_server-13] [INFO] [1775111246.553844334] [behavior_server]: Destroying bond (behavior_server) to lifecycle manager.
[behavior_server-13] [INFO] [1775111246.568760439] [behavior_server]: Cleaning up
[behavior_server-13] [INFO] [1775111246.588739088] [behavior_server]: Destroying bond (behavior_server) to lifecycle manager.
[planner_server-12] [INFO] [1775111246.597603938] [rclcpp]: signal_handler(SIGINT/SIGTERM)
[planner_server-12] [INFO] [1775111246.597673060] [planner_server]: Running Nav2 LifecycleNode rcl preshutdown (planner_server)
[planner_server-12] [INFO] [1775111246.597753557] [planner_server]: Deactivating
[planner_server-12] [INFO] [1775111246.597786222] [global_costmap.global_costmap]: Deactivating
[velocity_smoother-16] [INFO] [1775111246.624015911] [velocity_smoother]: Destroying
[collision_monitor-17] [INFO] [1775111246.631751473] [collision_monitor]: Destroying
[waypoint_follower-15] [INFO] [1775111246.635471239] [waypoint_follower]: Destroying bond (waypoint_follower) to lifecycle manager.
[smoother_server-11] [INFO] [1775111246.644103348] [rclcpp]: signal_handler(SIGINT/SIGTERM)
[smoother_server-11] [INFO] [1775111246.644208636] [smoother_server]: Running Nav2 LifecycleNode rcl preshutdown (smoother_server)
[smoother_server-11] [INFO] [1775111246.644289716] [smoother_server]: Deactivating
[smoother_server-11] [INFO] [1775111246.644311006] [smoother_server]: Destroying bond (smoother_server) to lifecycle manager.
[delivery_robot_main_controller-20] Traceback (most recent call last):
[delivery_robot_main_controller-20]   File "/home/smr/workspaces/mini_amr/amrROS2_ws/install/delivery_robot_main_controller/lib/delivery_robot_main_controller/delivery_robot_main_controller", line 33, in <module>
[delivery_robot_main_controller-20]     sys.exit(load_entry_point('delivery-robot-main-controller==0.0.1', 'console_scripts', 'delivery_robot_main_controller')())
[delivery_robot_main_controller-20]              ^^^^^^^^^^^^^^^^^^^^^^^^^^^^^^^^^^^^^^^^^^^^^^^^^^^^^^^^^^^^^^^^^^^^^^^^^^^^^^^^^^^^^^^^^^^^^^^^^^^^^^^^^^^^^^^^
[delivery_robot_main_controller-20]   File "/home/smr/workspaces/mini_amr/amrROS2_ws/build/delivery_robot_main_controller/delivery_robot_main_controller/main_controller_node.py", line 1792, in main
[delivery_robot_main_controller-20]     rclpy.shutdown()
[delivery_robot_main_controller-20]   File "/opt/ros/jazzy/lib/python3.12/site-packages/rclpy/__init__.py", line 134, in shutdown
[delivery_robot_main_controller-20]     _shutdown(context=context)
[delivery_robot_main_controller-20]   File "/opt/ros/jazzy/lib/python3.12/site-packages/rclpy/utilities.py", line 82, in shutdown
[delivery_robot_main_controller-20]     context.shutdown()
[delivery_robot_main_controller-20]   File "/opt/ros/jazzy/lib/python3.12/site-packages/rclpy/context.py", line 129, in shutdown
[smoother_server-11] [INFO] [1775111246.654699753] [smoother_server]: Cleaning up
[smoother_server-11] [INFO] [1775111246.778545158] [smoother_server]: Destroying bond (smoother_server) to lifecycle manager.
[collision_detector-18] [INFO] [1775111246.668544901] [collision_detector]: Destroying
[planner_server-12] [INFO] [1775111246.705232166] [planner_server]: Deactivating plugin GridBased of type SmacPlanner2D
[planner_server-12] [INFO] [1775111246.705289331] [planner_server]: Destroying bond (planner_server) to lifecycle manager.
[planner_server-12] [INFO] [1775111246.745654364] [planner_server]: Cleaning up
[controller_server-10] [INFO] [1775111246.776613236] [rclcpp]: signal_handler(SIGINT/SIGTERM)
[controller_server-10] [INFO] [1775111246.776735148] [controller_server]: Running Nav2 LifecycleNode rcl preshutdown (controller_server)
[controller_server-10] [INFO] [1775111246.776817978] [controller_server]: Deactivating
[controller_server-10] [INFO] [1775111246.776844519] [MPPIController]: Deactivated MPPI Controller: FollowPath
[controller_server-10] [INFO] [1775111246.776862310] [local_costmap.local_costmap]: Deactivating
[controller_server-10] [INFO] [1775111246.797700175] [controller_server]: Destroying bond (controller_server) to lifecycle manager.
[controller_server-10] [INFO] [1775111246.818073725] [controller_server]: Cleaning up
[controller_server-10] [INFO] [1775111246.818200012] [MPPIController]: Cleaned up MPPI Controller: FollowPath
[controller_server-10] [INFO] [1775111246.818321924] [local_costmap.local_costmap]: Cleaning up
[behavior_server-13] [INFO] [1775111246.780727320] [behavior_server]: Destroying
[waypoint_follower-15] [INFO] [1775111246.786456588] [waypoint_follower]: Destroying
[ekf_node-5] [ERROR] [1775111246.819477752] [ekf_filter_node]: Failed to meet update rate! Took 0.041753893000000000257seconds. Try decreasing the rate, limiting sensor output frequency, or limiting the number of sensors.
[delivery_robot_main_controller-20]     self.__context.shutdown()
[delivery_robot_main_controller-20] rclpy._rclpy_pybind11.RCLError: failed to shutdown: rcl_shutdown already called on the given context, at ./src/rcl/init.c:333
[costmap_filter_info_server-9] [INFO] [1775111246.870125661] [rclcpp]: signal_handler(SIGINT/SIGTERM)
[costmap_filter_info_server-9] [INFO] [1775111246.870310570] [keepout_costmap_filter_info_server]: Running Nav2 LifecycleNode rcl preshutdown (keepout_costmap_filter_info_server)
[costmap_filter_info_server-9] [INFO] [1775111246.870401858] [keepout_costmap_filter_info_server]: Deactivating
[costmap_filter_info_server-9] [INFO] [1775111246.870421107] [keepout_costmap_filter_info_server]: Destroying bond (keepout_costmap_filter_info_server) to lifecycle manager.
[planner_server-12] [INFO] [1775111246.871890756] [global_costmap.global_costmap]: Cleaning up
[smoother_server-11] [INFO] [1775111246.887729073] [smoother_server]: Destroying
[map_server-8] [INFO] [1775111246.906037999] [rclcpp]: signal_handler(SIGINT/SIGTERM)
[map_server-8] [INFO] [1775111246.906215325] [keepout_filter_mask_server]: Running Nav2 LifecycleNode rcl preshutdown (keepout_filter_mask_server)
[map_server-8] [INFO] [1775111246.906299614] [keepout_filter_mask_server]: Deactivating
[map_server-8] [INFO] [1775111246.906316821] [keepout_filter_mask_server]: Destroying bond (keepout_filter_mask_server) to lifecycle manager.
[map_server-8] [INFO] [1775111246.916741441] [keepout_filter_mask_server]: Cleaning up
[map_server-8] [INFO] [1775111246.916811147] [keepout_filter_mask_server]: Destroying bond (keepout_filter_mask_server) to lifecycle manager.
[planner_server-12] [INFO] [1775111246.915217836] [planner_server]: Cleaning up plugin GridBased of type SmacPlanner2D
[planner_server-12] [INFO] [1775111246.916317958] [planner_server]: Destroying plugin GridBased of type SmacPlanner2D
[costmap_filter_info_server-9] [INFO] [1775111246.952288919] [keepout_costmap_filter_info_server]: Cleaning up
[costmap_filter_info_server-9] [INFO] [1775111246.952348417] [keepout_costmap_filter_info_server]: Destroying bond (keepout_costmap_filter_info_server) to lifecycle manager.
[taskset-7] [INFO] [1775111246.985889893] [rclcpp]: signal_handler(SIGINT/SIGTERM)
[robot_hardware-6] [INFO] [1775111246.995676955] [rclcpp]: signal_handler(SIGINT/SIGTERM)
[taskset-7] Unregistering sensor: Custom Described Lidar
[map_server-8] [INFO] [1775111247.031858200] [keepout_filter_mask_server]: Destroying
[costmap_filter_info_server-9] [INFO] [1775111247.045267324] [keepout_costmap_filter_info_server]: Destroying
[controller_server-10] [INFO] [1775111247.126482412] [controller_server]: Destroying bond (controller_server) to lifecycle manager.
[ekf_node-5] [INFO] [1775111247.150500774] [rclcpp]: signal_handler(SIGINT/SIGTERM)
[lifecycle_manager-19] [INFO] [1775111247.160603698] [lifecycle_manager_navigation]: Destroying lifecycle_manager_navigation
[controller_server-10] [INFO] [1775111247.228118883] [local_costmap.local_costmap]: Destroying
[scan_to_scan_filter_chain-4] [INFO] [1775111247.247504890] [rclcpp]: signal_handler(SIGINT/SIGTERM)
[robot_state_publisher-1] [INFO] [1775111247.295724772] [rclcpp]: signal_handler(SIGINT/SIGTERM)
[sllidar_node-3] [INFO] [1775111247.405290172] [sllidar_node]: Stop motor
[planner_server-12] [INFO] [1775111247.471813730] [planner_server]: Destroying bond (planner_server) to lifecycle manager.
[planner_server-12] [INFO] [1775111247.527247112] [global_costmap.global_costmap]: Destroying
[autodock_action_server-25] Traceback (most recent call last):
[autodock_action_server-25]   File "/home/smr/workspaces/mini_amr/amrROS2_ws/install/action_autodock/lib/python3.12/site-packages/action_autodock/autodock_action_server.py", line 1409, in main
[autodock_action_server-25]     executor.spin()
[autodock_action_server-25]   File "/opt/ros/jazzy/lib/python3.12/site-packages/rclpy/executors.py", line 359, in spin
[autodock_action_server-25]     self._spin_once_impl()
[autodock_action_server-25]   File "/opt/ros/jazzy/lib/python3.12/site-packages/rclpy/executors.py", line 988, in _spin_once_impl
[autodock_action_server-25]     handler, entity, node = self.wait_for_ready_callbacks(
[autodock_action_server-25]                             ^^^^^^^^^^^^^^^^^^^^^^^^^^^^^^
[autodock_action_server-25]   File "/opt/ros/jazzy/lib/python3.12/site-packages/rclpy/executors.py", line 874, in wait_for_ready_callbacks
[autodock_action_server-25]     return next(self._cb_iter)
[autodock_action_server-25]            ^^^^^^^^^^^^^^^^^^^
[autodock_action_server-25]   File "/opt/ros/jazzy/lib/python3.12/site-packages/rclpy/executors.py", line 699, in _wait_for_ready_callbacks
[autodock_action_server-25]     entity_count = NumberOfEntities(
[autodock_action_server-25]                    ^^^^^^^^^^^^^^^^^
[autodock_action_server-25]   File "/opt/ros/jazzy/lib/python3.12/site-packages/rclpy/waitable.py", line 26, in __init__
[autodock_action_server-25]     def __init__(
[autodock_action_server-25] 
[autodock_action_server-25] KeyboardInterrupt
[autodock_action_server-25] 
[autodock_action_server-25] During handling of the above exception, another exception occurred:
[autodock_action_server-25] 
[autodock_action_server-25] Traceback (most recent call last):
[autodock_action_server-25]   File "/home/smr/workspaces/mini_amr/amrROS2_ws/install/action_autodock/lib/action_autodock/autodock_action_server", line 33, in <module>
[autodock_action_server-25]     sys.exit(load_entry_point('action-autodock==0.0.0', 'console_scripts', 'autodock_action_server')())
[autodock_action_server-25]              ^^^^^^^^^^^^^^^^^^^^^^^^^^^^^^^^^^^^^^^^^^^^^^^^^^^^^^^^^^^^^^^^^^^^^^^^^^^^^^^^^^^^^^^^^
[autodock_action_server-25]   File "/home/smr/workspaces/mini_amr/amrROS2_ws/install/action_autodock/lib/python3.12/site-packages/action_autodock/autodock_action_server.py", line 1420, in main
[autodock_action_server-25]     rclpy.shutdown()   
[autodock_action_server-25]     ^^^^^^^^^^^^^^^^
[autodock_action_server-25]   File "/opt/ros/jazzy/lib/python3.12/site-packages/rclpy/__init__.py", line 134, in shutdown
[autodock_action_server-25]     _shutdown(context=context)
[autodock_action_server-25]   File "/opt/ros/jazzy/lib/python3.12/site-packages/rclpy/utilities.py", line 82, in shutdown
[autodock_action_server-25]     context.shutdown()
[autodock_action_server-25]   File "/opt/ros/jazzy/lib/python3.12/site-packages/rclpy/context.py", line 129, in shutdown
[autodock_action_server-25]     self.__context.shutdown()
[autodock_action_server-25] rclpy._rclpy_pybind11.RCLError: failed to shutdown: rcl_shutdown already called on the given context, at ./src/rcl/init.c:333
[controller_server-10] [INFO] [1775111247.573068716] [controller_server]: Destroying
[planner_server-12] [INFO] [1775111247.703240116] [planner_server]: Destroying
[call_robot_button-22] Traceback (most recent call last):
[call_robot_button-22]   File "/home/smr/workspaces/mini_amr/amrROS2_ws/install/delivery_robot_main_controller/lib/delivery_robot_main_controller/call_robot_button", line 33, in <module>
[call_robot_button-22]     sys.exit(load_entry_point('delivery-robot-main-controller==0.0.1', 'console_scripts', 'call_robot_button')())
[call_robot_button-22]              ^^^^^^^^^^^^^^^^^^^^^^^^^^^^^^^^^^^^^^^^^^^^^^^^^^^^^^^^^^^^^^^^^^^^^^^^^^^^^^^^^^^^^^^^^^^^^^^^^^^
[call_robot_button-22]   File "/home/smr/workspaces/mini_amr/amrROS2_ws/build/delivery_robot_main_controller/delivery_robot_main_controller/call_button.py", line 251, in main
[call_robot_button-22]     rclpy.shutdown()
[call_robot_button-22]   File "/opt/ros/jazzy/lib/python3.12/site-packages/rclpy/__init__.py", line 134, in shutdown
[call_robot_button-22]     _shutdown(context=context)
[call_robot_button-22]   File "/opt/ros/jazzy/lib/python3.12/site-packages/rclpy/utilities.py", line 82, in shutdown
[call_robot_button-22]     context.shutdown()
[call_robot_button-22]   File "/opt/ros/jazzy/lib/python3.12/site-packages/rclpy/context.py", line 129, in shutdown
[call_robot_button-22]     self.__context.shutdown()
[call_robot_button-22] rclpy._rclpy_pybind11.RCLError: failed to shutdown: rcl_shutdown already called on the given context, at ./src/rcl/init.c:333
[bt_navigator-14] [INFO] [1775111247.770478228] [bt_navigator]: Completed Cleaning up
[bt_navigator-14] [INFO] [1775111247.770558434] [bt_navigator]: Destroying bond (bt_navigator) to lifecycle manager.
[robot_sound-21] Traceback (most recent call last):
[robot_sound-21]   File "/home/smr/workspaces/mini_amr/amrROS2_ws/install/delivery_robot_main_controller/lib/delivery_robot_main_controller/robot_sound", line 33, in <module>
[robot_sound-21]     sys.exit(load_entry_point('delivery-robot-main-controller==0.0.1', 'console_scripts', 'robot_sound')())
[robot_sound-21]              ^^^^^^^^^^^^^^^^^^^^^^^^^^^^^^^^^^^^^^^^^^^^^^^^^^^^^^^^^^^^^^^^^^^^^^^^^^^^^^^^^^^^^^^^^^^^^
[robot_sound-21]   File "/home/smr/workspaces/mini_amr/amrROS2_ws/build/delivery_robot_main_controller/delivery_robot_main_controller/robot_sound.py", line 147, in main
[robot_sound-21]     rclpy.shutdown()
[robot_sound-21]   File "/opt/ros/jazzy/lib/python3.12/site-packages/rclpy/__init__.py", line 134, in shutdown
[robot_sound-21]     _shutdown(context=context)
[robot_sound-21]   File "/opt/ros/jazzy/lib/python3.12/site-packages/rclpy/utilities.py", line 82, in shutdown
[robot_sound-21]     context.shutdown()
[robot_sound-21]   File "/opt/ros/jazzy/lib/python3.12/site-packages/rclpy/context.py", line 129, in shutdown
[robot_sound-21]     self.__context.shutdown()
[robot_sound-21] rclpy._rclpy_pybind11.RCLError: failed to shutdown: rcl_shutdown already called on the given context, at ./src/rcl/init.c:333
[INFO] [velocity_smoother-16]: process has finished cleanly [pid 11280]
[ERROR] [battery_manager_node-26]: process has died [pid 11541, exit code -2, cmd '/home/smr/workspaces/mini_amr/amrROS2_ws/install/battery_management/lib/battery_management/battery_manager_node --ros-args -r __node:=battery_manager -r __ns:=/ --params-file /home/smr/workspaces/mini_amr/amrROS2_ws/install/battery_management/share/battery_management/config/battery_manager.yaml -r /tf:=tf -r /tf_static:=tf_static'].
[autodock_action_server-25] The following exception was never retrieved: cannot use Destroyable because destruction was requested
[bt_navigator-14] [INFO] [1775111247.876003042] [bt_navigator]: Destroying
[rpc_run_node-23] Traceback (most recent call last):
[rpc_run_node-23]   File "/home/smr/workspaces/mini_amr/amrROS2_ws/install/delivery_robot_main_controller/lib/delivery_robot_main_controller/rpc_run_node", line 33, in <module>
[rpc_run_node-23]     sys.exit(load_entry_point('delivery-robot-main-controller==0.0.1', 'console_scripts', 'rpc_run_node')())
[rpc_run_node-23]              ^^^^^^^^^^^^^^^^^^^^^^^^^^^^^^^^^^^^^^^^^^^^^^^^^^^^^^^^^^^^^^^^^^^^^^^^^^^^^^^^^^^^^^^^^^^^^^
[rpc_run_node-23]   File "/home/smr/workspaces/mini_amr/amrROS2_ws/build/delivery_robot_main_controller/delivery_robot_main_controller/rpc_run_node.py", line 57, in main
[rpc_run_node-23]     rclpy.shutdown()
[rpc_run_node-23]   File "/opt/ros/jazzy/lib/python3.12/site-packages/rclpy/__init__.py", line 134, in shutdown
[rpc_run_node-23]     _shutdown(context=context)
[rpc_run_node-23]   File "/opt/ros/jazzy/lib/python3.12/site-packages/rclpy/utilities.py", line 82, in shutdown
[rpc_run_node-23]     context.shutdown()
[rpc_run_node-23]   File "/opt/ros/jazzy/lib/python3.12/site-packages/rclpy/context.py", line 129, in shutdown
[rpc_run_node-23]     self.__context.shutdown()
[rpc_run_node-23] rclpy._rclpy_pybind11.RCLError: failed to shutdown: rcl_shutdown already called on the given context, at ./src/rcl/init.c:333
[ERROR] [delivery_robot_main_controller-20]: process has died [pid 11535, exit code -11, cmd '/home/smr/workspaces/mini_amr/amrROS2_ws/install/delivery_robot_main_controller/lib/delivery_robot_main_controller/delivery_robot_main_controller --ros-args -r __node:=main_controller_node -r __ns:=/ --params-file /tmp/launch_params__5u29mbq -r /tf:=tf -r /tf_static:=tf_static'].
[INFO] [collision_detector-18]: process has finished cleanly [pid 11297]
[INFO] [behavior_server-13]: process has finished cleanly [pid 11260]
[ERROR] [call_robot_button-22]: process has died [pid 11537, exit code 1, cmd '/home/smr/workspaces/mini_amr/amrROS2_ws/install/delivery_robot_main_controller/lib/delivery_robot_main_controller/call_robot_button --ros-args -r __node:=call_robot_button_node -r __ns:=/ -r /tf:=tf -r /tf_static:=tf_static'].
[ERROR] [robot_sound-21]: process has died [pid 11536, exit code 1, cmd '/home/smr/workspaces/mini_amr/amrROS2_ws/install/delivery_robot_main_controller/lib/delivery_robot_main_controller/robot_sound --ros-args -r __node:=robot_sound_node -r __ns:=/ -r /tf:=tf -r /tf_static:=tf_static'].
[ERROR] [rpc_run_node-23]: process has died [pid 11538, exit code 1, cmd '/home/smr/workspaces/mini_amr/amrROS2_ws/install/delivery_robot_main_controller/lib/delivery_robot_main_controller/rpc_run_node --ros-args -r __node:=rpc_run_node -r __ns:=/ -r /tf:=tf -r /tf_static:=tf_static'].
[INFO] [waypoint_follower-15]: process has finished cleanly [pid 11277]
[INFO] [collision_monitor-17]: process has finished cleanly [pid 11294]
[INFO] [costmap_filter_info_server-9]: process has finished cleanly [pid 11250]
[INFO] [robot_hardware-6]: process has finished cleanly [pid 11234]
[INFO] [smoother_server-11]: process has finished cleanly [pid 11256]
[INFO] [map_server-8]: process has finished cleanly [pid 11236]
[INFO] [lifecycle_manager-19]: process has finished cleanly [pid 11331]
[INFO] [joint_state_publisher-2]: process has finished cleanly [pid 11230]
[INFO] [scan_to_scan_filter_chain-4]: process has finished cleanly [pid 11232]
[INFO] [controller_server-10]: process has finished cleanly [pid 11253]
[INFO] [planner_server-12]: process has finished cleanly [pid 11257]
[INFO] [bt_navigator-14]: process has finished cleanly [pid 11267]
[ERROR] [autodock_action_server-25]: process has died [pid 11540, exit code 1, cmd '/home/smr/workspaces/mini_amr/amrROS2_ws/install/action_autodock/lib/action_autodock/autodock_action_server --ros-args -r __ns:=/ --params-file /home/smr/workspaces/mini_amr/amrROS2_ws/install/action_autodock/share/action_autodock/config/auto_dock_config.yaml --params-file /tmp/launch_params_vuwq6f8d -r /tf:=tf -r /tf_static:=tf_static'].
[INFO] [ekf_node-5]: process has finished cleanly [pid 11233]
[INFO] [taskset-7]: process has finished cleanly [pid 11235]
[INFO] [robot_state_publisher-1]: process has finished cleanly [pid 11229]
[INFO] [sllidar_node-3]: process has finished cleanly [pid 11231]
