[INFO] [launch]: All log files can be found below /home/smr/.ros/log/2026-03-13-13-58-44-753771-two-10604
[INFO] [launch]: Default logging verbosity is set to INFO
[INFO] [robot_state_publisher-1]: process started with pid [10626]
[INFO] [joint_state_publisher-2]: process started with pid [10627]
[INFO] [rplidar_node-3]: process started with pid [10628]
[INFO] [scan_to_scan_filter_chain-4]: process started with pid [10629]
[INFO] [ekf_node-5]: process started with pid [10630]
[INFO] [robot_hardware-6]: process started with pid [10631]
[INFO] [taskset-7]: process started with pid [10632]
[INFO] [map_server-8]: process started with pid [10633]
[INFO] [costmap_filter_info_server-9]: process started with pid [10634]
[INFO] [controller_server-10]: process started with pid [10639]
[INFO] [smoother_server-11]: process started with pid [10644]
[INFO] [planner_server-12]: process started with pid [10658]
[INFO] [behavior_server-13]: process started with pid [10668]
[INFO] [bt_navigator-14]: process started with pid [10670]
[INFO] [waypoint_follower-15]: process started with pid [10691]
[INFO] [velocity_smoother-16]: process started with pid [10694]
[INFO] [collision_monitor-17]: process started with pid [10713]
[INFO] [collision_detector-18]: process started with pid [10720]
[INFO] [lifecycle_manager-19]: process started with pid [10721]
[robot_hardware-6] Serial port opened at port /dev/teensy with baudrate 460800
[robot_hardware-6] Created receive data thread
[rplidar_node-3] [INFO] [1773385126.009115850] [rplidar_node]: RPLidar running on ROS2 package rplidar_ros. RPLIDAR SDK Version:2.1.0
[costmap_filter_info_server-9] [INFO] [1773385126.011739583] [costmap_filter_info_server]: This is costmap filter info publisher
[rplidar_node-3] [INFO] [1773385126.038445309] [rplidar_node]: RPLidar S/N: CEDCEDF9C7E29BCEA7E39EF25E0F4304
[rplidar_node-3] [INFO] [1773385126.038508015] [rplidar_node]: Firmware Ver: 1.02
[rplidar_node-3] [INFO] [1773385126.038519098] [rplidar_node]: Hardware Rev: 18
[rplidar_node-3] [INFO] [1773385126.041426903] [rplidar_node]: RPLidar health status : 0
[rplidar_node-3] [INFO] [1773385126.041482901] [rplidar_node]: RPLidar health status : OK.
[rplidar_node-3] [INFO] [1773385126.042849890] [rplidar_node]: Start
[velocity_smoother-16] [INFO] [1773385126.104481652] [velocity_smoother]: 
[velocity_smoother-16] 	velocity_smoother lifecycle node launched. 
[velocity_smoother-16] 	Waiting on external lifecycle transitions to activate
[velocity_smoother-16] 	See https://design.ros2.org/articles/node_lifecycle.html for more information.
[behavior_server-13] [INFO] [1773385126.109311758] [behavior_server]: 
[behavior_server-13] 	behavior_server lifecycle node launched. 
[behavior_server-13] 	Waiting on external lifecycle transitions to activate
[behavior_server-13] 	See https://design.ros2.org/articles/node_lifecycle.html for more information.
[taskset-7] [INFO] [1773385126.119579489] [slam_toolbox]: Node using stack size 40000000
[lifecycle_manager-19] [INFO] [1773385126.151462683] [lifecycle_manager_navigation]: Creating
[robot_state_publisher-1] [INFO] [1773385126.156250500] [robot_state_publisher]: Robot initialized
[lifecycle_manager-19] [INFO] [1773385126.175679421] [lifecycle_manager_navigation]: [34m[1mCreating and initializing lifecycle service clients[0m[0m
[bt_navigator-14] [INFO] [1773385126.178035998] [bt_navigator]: 
[bt_navigator-14] 	bt_navigator lifecycle node launched. 
[bt_navigator-14] 	Waiting on external lifecycle transitions to activate
[bt_navigator-14] 	See https://design.ros2.org/articles/node_lifecycle.html for more information.
[smoother_server-11] [INFO] [1773385126.181783187] [smoother_server]: 
[smoother_server-11] 	smoother_server lifecycle node launched. 
[smoother_server-11] 	Waiting on external lifecycle transitions to activate
[smoother_server-11] 	See https://design.ros2.org/articles/node_lifecycle.html for more information.
[rplidar_node-3] [INFO] [1773385126.186287223] [rplidar_node]: current scan mode: Sensitivity, sample rate: 32 Khz, max_distance: 30.0 m, scan frequency:10.0 Hz, 
[bt_navigator-14] [INFO] [1773385126.195115634] [bt_navigator]: Creating
[collision_monitor-17] [INFO] [1773385126.242170455] [collision_monitor]: 
[collision_monitor-17] 	collision_monitor lifecycle node launched. 
[collision_monitor-17] 	Waiting on external lifecycle transitions to activate
[collision_monitor-17] 	See https://design.ros2.org/articles/node_lifecycle.html for more information.
[controller_server-10] [INFO] [1773385126.265831881] [controller_server]: 
[controller_server-10] 	controller_server lifecycle node launched. 
[controller_server-10] 	Waiting on external lifecycle transitions to activate
[controller_server-10] 	See https://design.ros2.org/articles/node_lifecycle.html for more information.
[smoother_server-11] [INFO] [1773385126.268379783] [smoother_server]: Creating smoother server
[taskset-7] [INFO] [1773385126.270291293] [slam_toolbox]: Configuring
[taskset-7] [INFO] [1773385126.287808413] [slam_toolbox]: Using solver plugin solver_plugins::CeresSolver
[taskset-7] [INFO] [1773385126.288902413] [slam_toolbox]: CeresSolver: Using SCHUR_JACOBI preconditioner.
[collision_detector-18] [INFO] [1773385126.309005642] [collision_detector]: 
[collision_detector-18] 	collision_detector lifecycle node launched. 
[collision_detector-18] 	Waiting on external lifecycle transitions to activate
[collision_detector-18] 	See https://design.ros2.org/articles/node_lifecycle.html for more information.
[costmap_filter_info_server-9] [INFO] [1773385126.321389334] [keepout_costmap_filter_info_server]: 
[costmap_filter_info_server-9] 	keepout_costmap_filter_info_server lifecycle node launched. 
[costmap_filter_info_server-9] 	Waiting on external lifecycle transitions to activate
[costmap_filter_info_server-9] 	See https://design.ros2.org/articles/node_lifecycle.html for more information.
[controller_server-10] [INFO] [1773385126.500551838] [controller_server]: Creating controller server
[planner_server-12] [INFO] [1773385126.503759173] [planner_server]: 
[planner_server-12] 	planner_server lifecycle node launched. 
[planner_server-12] 	Waiting on external lifecycle transitions to activate
[planner_server-12] 	See https://design.ros2.org/articles/node_lifecycle.html for more information.
[waypoint_follower-15] [INFO] [1773385126.521054344] [waypoint_follower]: 
[waypoint_follower-15] 	waypoint_follower lifecycle node launched. 
[waypoint_follower-15] 	Waiting on external lifecycle transitions to activate
[waypoint_follower-15] 	See https://design.ros2.org/articles/node_lifecycle.html for more information.
[waypoint_follower-15] [INFO] [1773385126.524040312] [waypoint_follower]: Creating
[controller_server-10] [INFO] [1773385126.644621772] [local_costmap.local_costmap]: 
[controller_server-10] 	local_costmap lifecycle node launched. 
[controller_server-10] 	Waiting on external lifecycle transitions to activate
[controller_server-10] 	See https://design.ros2.org/articles/node_lifecycle.html for more information.
[planner_server-12] [INFO] [1773385126.653631884] [planner_server]: Creating
[map_server-8] [INFO] [1773385126.662913237] [keepout_filter_mask_server]: 
[map_server-8] 	keepout_filter_mask_server lifecycle node launched. 
[map_server-8] 	Waiting on external lifecycle transitions to activate
[map_server-8] 	See https://design.ros2.org/articles/node_lifecycle.html for more information.
[map_server-8] [INFO] [1773385126.667146908] [keepout_filter_mask_server]: Creating
[controller_server-10] [INFO] [1773385126.692401356] [local_costmap.local_costmap]: Creating Costmap
[taskset-7] [ERROR] [1773385126.718202075] [slam_toolbox]: LocalizationSlamToolbox: Incorrect number of arguments for map starting pose. Must be in format: [x, y, theta]. Starting at the origin
[scan_to_scan_filter_chain-4] [WARN] [1773385126.803214398] [scan_to_scan_filter_chain]: diagnostic_updater: No HW_ID was set. This is probably a bug. Please report it. For devices that do not have a HW_ID, set this value to 'none'. This warning only occurs once all diagnostics are OK. It is okay to wait until the device is open before calling setHardwareID.
[planner_server-12] [INFO] [1773385126.812132348] [global_costmap.global_costmap]: 
[planner_server-12] 	global_costmap lifecycle node launched. 
[planner_server-12] 	Waiting on external lifecycle transitions to activate
[planner_server-12] 	See https://design.ros2.org/articles/node_lifecycle.html for more information.
[planner_server-12] [INFO] [1773385126.866765253] [global_costmap.global_costmap]: Creating Costmap
[rplidar_node-3] [INFO] [1773385126.893594641] [rplidar_node]: set lidar scan frequency to 10.0 Hz(600.0 Rpm) 
[lifecycle_manager-19] [INFO] [1773385127.314897110] [lifecycle_manager_navigation]: [34m[1mStarting managed nodes bringup...[0m[0m
[lifecycle_manager-19] [INFO] [1773385127.315503753] [lifecycle_manager_navigation]: [34m[1mConfiguring controller_server[0m[0m
[controller_server-10] [INFO] [1773385127.320427773] [controller_server]: Configuring controller interface
[controller_server-10] [INFO] [1773385127.321976755] [controller_server]: getting progress checker plugins..
[controller_server-10] [INFO] [1773385127.322838889] [controller_server]: getting goal checker plugins..
[controller_server-10] [INFO] [1773385127.338030639] [controller_server]: Controller frequency set to 10.0000Hz
[controller_server-10] [INFO] [1773385127.338158384] [local_costmap.local_costmap]: Configuring
[controller_server-10] [INFO] [1773385127.375287294] [local_costmap.local_costmap]: Using plugin "obstacle_layer"
[controller_server-10] [INFO] [1773385127.405262478] [local_costmap.local_costmap]: Subscribed to Topics: scan
[controller_server-10] [INFO] [1773385127.443158441] [local_costmap.local_costmap]: Initialized plugin "obstacle_layer"
[controller_server-10] [INFO] [1773385127.443300769] [local_costmap.local_costmap]: Using plugin "denoise_layer"
[controller_server-10] [INFO] [1773385127.446925172] [local_costmap.local_costmap]: Initialized plugin "denoise_layer"
[controller_server-10] [INFO] [1773385127.447057292] [local_costmap.local_costmap]: Using plugin "inflation_layer"
[controller_server-10] [INFO] [1773385127.453443380] [local_costmap.local_costmap]: Initialized plugin "inflation_layer"
[controller_server-10] [INFO] [1773385127.453618082] [local_costmap.local_costmap]: Using costmap filter "keepout_filter"
[controller_server-10] [INFO] [1773385127.470971875] [local_costmap.local_costmap]: Initialized costmap filter "keepout_filter"
[controller_server-10] [INFO] [1773385127.471232031] [local_costmap.local_costmap]: Using costmap filter "inflation_layer"
[controller_server-10] [INFO] [1773385127.471589309] [local_costmap.local_costmap]: Initialized costmap filter "inflation_layer"
[controller_server-10] [INFO] [1773385127.554997236] [controller_server]: Created progress_checker : progress_checker of type nav2_controller::SimpleProgressChecker
[controller_server-10] [INFO] [1773385127.557269815] [controller_server]: Controller Server has progress_checker  progress checkers available.
[controller_server-10] [INFO] [1773385127.558346024] [controller_server]: Created goal checker : goal_checker of type nav2_controller::SimpleGoalChecker
[controller_server-10] [INFO] [1773385127.559853591] [controller_server]: Controller Server has goal_checker  goal checkers available.
[controller_server-10] [INFO] [1773385127.562932598] [controller_server]: Created controller : FollowPath of type nav2_mppi_controller::MPPIController
[controller_server-10] [INFO] [1773385127.569096153] [controller_server]: Controller period is equal to model dt. Control sequence shifting is ON
[controller_server-10] [INFO] [1773385127.573085417] [controller_server]: ConstraintCritic instantiated with 1 power and 4.000000 weight.
[controller_server-10] [INFO] [1773385127.573169414] [controller_server]: Critic loaded : mppi::critics::ConstraintCritic
[controller_server-10] [INFO] [1773385127.577028016] [controller_server]: InflationCostCritic instantiated with 1 power and 300.000000 / 0.015000 weights. Critic will collision check based on footprint cost.
[controller_server-10] [INFO] [1773385127.577112304] [controller_server]: Critic loaded : mppi::critics::CostCritic
[controller_server-10] [INFO] [1773385127.580848703] [controller_server]: GoalCritic instantiated with 1 power and 5.000000 weight.
[controller_server-10] [INFO] [1773385127.580917242] [controller_server]: Critic loaded : mppi::critics::GoalCritic
[controller_server-10] [INFO] [1773385127.581614007] [controller_server]: GoalAngleCritic instantiated with 1 power, 3.000000 weight, and 0.500000 angular threshold.
[controller_server-10] [INFO] [1773385127.581673213] [controller_server]: Critic loaded : mppi::critics::GoalAngleCritic
[controller_server-10] [INFO] [1773385127.583613597] [controller_server]: ReferenceTrajectoryCritic instantiated with 1 power and 2.000000 weight
[controller_server-10] [INFO] [1773385127.583673969] [controller_server]: Critic loaded : mppi::critics::PathAlignCritic
[controller_server-10] [INFO] [1773385127.586200289] [controller_server]: Critic loaded : mppi::critics::PathFollowCritic
[controller_server-10] [INFO] [1773385127.589835775] [controller_server]: PathAngleCritic instantiated with 1 power and 1.500000 weight. Mode set to: Forward Preference
[controller_server-10] [INFO] [1773385127.589909855] [controller_server]: Critic loaded : mppi::critics::PathAngleCritic
[controller_server-10] [INFO] [1773385127.591379216] [controller_server]: PreferForwardCritic instantiated with 1 power and 10.000000 weight.
[controller_server-10] [INFO] [1773385127.591466712] [controller_server]: Critic loaded : mppi::critics::PreferForwardCritic
[controller_server-10] [INFO] [1773385127.592965821] [controller_server]: Optimizer reset
[controller_server-10] [INFO] [1773385127.603199721] [MPPIController]: Configured MPPI Controller: FollowPath
[controller_server-10] [INFO] [1773385127.603233844] [controller_server]: Controller Server has FollowPath  controllers available.
[lifecycle_manager-19] [INFO] [1773385127.636486069] [lifecycle_manager_navigation]: [34m[1mConfiguring smoother_server[0m[0m
[smoother_server-11] [INFO] [1773385127.637282872] [smoother_server]: Configuring smoother server
[smoother_server-11] [INFO] [1773385127.708161862] [smoother_server]: Created smoother : simple_smoother of type nav2_smoother::SimpleSmoother
[smoother_server-11] [INFO] [1773385127.720653175] [smoother_server]: Smoother Server has simple_smoother  smoothers available.
[taskset-7] Load From File /home/smr/workspaces/mini_amr/amrROS2_ws/maps/latest_map.posegraph 
[taskset-7] Mapper <- Module
[taskset-7] Mapper <- m_pSequentialScanMatcher
[taskset-7] Mapper <- m_pGraph
[taskset-7] MapperGraph <- Graph; Graph <- m_Edges; Graph <- m_Vertices
[taskset-7] MapperGraph <- m_pMapper; MapperGraph <- m_pLoopScanMatcher; MapperGraph <- m_pTraversal
[taskset-7] Mapper <- m_pMapperSensorManager
[taskset-7] MapperSensorManager <- m_ScanManagers; MapperSensorManager <- m_Scans
[taskset-7] Mapper <- m_Listeners
[taskset-7] **Finished serializing Mapper**
[taskset-7] Load From File
[taskset-7] **Serializing Dataset**
[taskset-7] Dataset <- m_SensorNameLookup
[taskset-7] Dataset <- m_Data
[taskset-7] Dataset <- m_Lasers
[taskset-7] Dataset <- m_pDatasetInfo
[taskset-7] **Finished serializing Dataset**
[taskset-7] Registering sensor: [Custom Described Lidar]
[taskset-7] WARNING: Logging before InitGoogleLogging() is written to STDERR
[taskset-7] W20260313 13:58:47.739156 10632 preprocessor.cc:67] Specified options.num_threads: 50 exceeds maximum available from the threading model Ceres was compiled with: 8.  Bounding to maximum number available.
[lifecycle_manager-19] [INFO] [1773385127.748391070] [lifecycle_manager_navigation]: [34m[1mConfiguring planner_server[0m[0m
[planner_server-12] [INFO] [1773385127.749101251] [planner_server]: Configuring
[planner_server-12] [INFO] [1773385127.749786641] [global_costmap.global_costmap]: Configuring
[INFO] [launch.user]: [LifecycleLaunch] Slamtoolbox node is activating.
[taskset-7] [INFO] [1773385127.771698717] [slam_toolbox]: Activating
[planner_server-12] [INFO] [1773385127.798944006] [global_costmap.global_costmap]: Using plugin "static_layer"
[planner_server-12] [INFO] [1773385127.841714116] [global_costmap.global_costmap]: Subscribing to the map topic (/map) with transient local durability
[planner_server-12] [INFO] [1773385127.844966366] [global_costmap.global_costmap]: Initialized plugin "static_layer"
[planner_server-12] [INFO] [1773385127.845062904] [global_costmap.global_costmap]: Using plugin "obstacle_layer"
[planner_server-12] [INFO] [1773385127.857394389] [global_costmap.global_costmap]: Subscribed to Topics: scan
[planner_server-12] [INFO] [1773385127.888921764] [global_costmap.global_costmap]: Initialized plugin "obstacle_layer"
[planner_server-12] [INFO] [1773385127.889007511] [global_costmap.global_costmap]: Using plugin "inflation_layer"
[planner_server-12] [INFO] [1773385127.901454783] [global_costmap.global_costmap]: Initialized plugin "inflation_layer"
[planner_server-12] [INFO] [1773385127.901554238] [global_costmap.global_costmap]: Using costmap filter "keepout_filter"
[planner_server-12] [INFO] [1773385127.914947349] [global_costmap.global_costmap]: Initialized costmap filter "keepout_filter"
[planner_server-12] [INFO] [1773385127.915038637] [global_costmap.global_costmap]: Using costmap filter "inflation_layer2"
[planner_server-12] [INFO] [1773385127.925659272] [global_costmap.global_costmap]: Initialized costmap filter "inflation_layer2"
[taskset-7] Registering sensor: [Custom Described Lidar]
[joint_state_publisher-2] [INFO] [1773385128.023887671] [joint_state_publisher]: Waiting for robot_description to be published on the robot_description topic...
[planner_server-12] [INFO] [1773385128.025834763] [planner_server]: Created global planner plugin GridBased of type nav2_smac_planner::SmacPlanner2D
[planner_server-12] [INFO] [1773385128.025942384] [planner_server]: Configuring GridBased of type SmacPlanner2D
[planner_server-12] [ERROR] [1773385128.032365513] [planner_server]: Inflation layer either not found or inflation is not set sufficiently for optimized non-circular collision checking capabilities. It is HIGHLY recommended to set the inflation radius to be at MINIMUM half of the robot's largest cross-section. See github.com/ros-planning/navigation2/tree/main/nav2_smac_planner#potential-fields for full instructions. This will substantially impact run-time performance.
[planner_server-12] [INFO] [1773385128.038100918] [planner_server]: Configured plugin GridBased of type SmacPlanner2D with tolerance 0.12, maximum iterations 1000000, max on approach iterations 1000, and not allowing unknown traversal.
[planner_server-12] [INFO] [1773385128.038200956] [planner_server]: Planner Server has GridBased  planners available.
[lifecycle_manager-19] [INFO] [1773385128.070818247] [lifecycle_manager_navigation]: [34m[1mConfiguring behavior_server[0m[0m
[behavior_server-13] [INFO] [1773385128.071420807] [behavior_server]: Configuring
[behavior_server-13] [INFO] [1773385128.083465887] [behavior_server]: Creating behavior plugin wait of type nav2_behaviors::Wait
[behavior_server-13] [INFO] [1773385128.096091361] [behavior_server]: Configuring wait
[lifecycle_manager-19] [INFO] [1773385128.113770933] [lifecycle_manager_navigation]: [34m[1mConfiguring velocity_smoother[0m[0m
[velocity_smoother-16] [INFO] [1773385128.114619359] [velocity_smoother]: Configuring velocity smoother
[lifecycle_manager-19] [INFO] [1773385128.136469604] [lifecycle_manager_navigation]: [34m[1mConfiguring collision_monitor[0m[0m
[collision_monitor-17] [INFO] [1773385128.136939170] [collision_monitor]: Configuring
[collision_monitor-17] [INFO] [1773385128.156709911] [collision_monitor]: [scan]: Creating Scan
[collision_monitor-17] [INFO] [1773385128.164031047] [collision_monitor]: [PolygonStop]: Creating Polygon
[collision_monitor-17] [INFO] [1773385128.164176875] [collision_monitor]: [PolygonStop]: Creating Circle
[collision_monitor-17] [INFO] [1773385128.171312810] [collision_monitor]: [PolygonSlow]: Creating Polygon
[collision_monitor-17] [INFO] [1773385128.181066936] [collision_monitor]: [FootprintApproach]: Creating Polygon
[collision_monitor-17] [INFO] [1773385128.182353136] [collision_monitor]: [FootprintApproach]: Polygon points are not defined. Using dynamic subscription instead.
[collision_monitor-17] [INFO] [1773385128.190981472] [collision_monitor]: [FootprintApproach]: Making footprint subscriber on /local_costmap/published_footprint topic
[lifecycle_manager-19] [INFO] [1773385128.212540062] [lifecycle_manager_navigation]: [34m[1mConfiguring collision_detector[0m[0m
[collision_detector-18] [INFO] [1773385128.213300408] [collision_detector]: Configuring
[planner_server-12] [INFO] [1773385128.219421965] [global_costmap.global_costmap]: StaticLayer: Resizing costmap to 787 X 922 at 0.050000 m/pix
[collision_detector-18] [INFO] [1773385128.285048823] [collision_monitor]: [scan]: Creating Scan
[collision_detector-18] [INFO] [1773385128.294653622] [collision_monitor]: [PolygonStop]: Creating Polygon
[collision_detector-18] [INFO] [1773385128.294716036] [collision_monitor]: [PolygonStop]: Creating Circle
[collision_detector-18] [INFO] [1773385128.307376800] [collision_monitor]: [PolygonSlow]: Creating Polygon
[lifecycle_manager-19] [INFO] [1773385128.315419492] [lifecycle_manager_navigation]: [34m[1mConfiguring bt_navigator[0m[0m
[bt_navigator-14] [INFO] [1773385128.316715026] [bt_navigator]: Configuring
[bt_navigator-14] [INFO] [1773385128.331943233] [bt_navigator]: Creating navigator id navigate_to_pose of type nav2_bt_navigator::NavigateToPoseNavigator
[bt_navigator-14] [INFO] [1773385128.468594910] [bt_navigator]: Creating navigator id navigate_through_poses of type nav2_bt_navigator::NavigateThroughPosesNavigator
[lifecycle_manager-19] [INFO] [1773385128.544728657] [lifecycle_manager_navigation]: [34m[1mConfiguring waypoint_follower[0m[0m
[waypoint_follower-15] [INFO] [1773385128.545244304] [waypoint_follower]: Configuring
[waypoint_follower-15] [INFO] [1773385128.609027899] [waypoint_follower]: Created waypoint_task_executor : wait_at_waypoint of type nav2_waypoint_follower::WaitAtWaypoint
[lifecycle_manager-19] [INFO] [1773385128.612058200] [lifecycle_manager_navigation]: [34m[1mConfiguring keepout_filter_mask_server[0m[0m
[map_server-8] [INFO] [1773385128.612881252] [keepout_filter_mask_server]: Configuring
[map_server-8] [INFO] [1773385128.613000830] [map_io]: Loading yaml file: /home/smr/workspaces/mini_amr/amrROS2_ws/maps/latest_map_keepout.yaml
[map_server-8] [INFO] [1773385128.613289569] [map_io]: resolution: 0.05
[map_server-8] [INFO] [1773385128.613301527] [map_io]: origin[0]: -26.12
[map_server-8] [INFO] [1773385128.613306777] [map_io]: origin[1]: -29.258
[map_server-8] [INFO] [1773385128.613311152] [map_io]: origin[2]: 0
[map_server-8] [INFO] [1773385128.613316110] [map_io]: free_thresh: 0.196
[map_server-8] [INFO] [1773385128.613320485] [map_io]: occupied_thresh: 0.65
[map_server-8] [INFO] [1773385128.613326318] [map_io]: mode: trinary
[map_server-8] [INFO] [1773385128.613331859] [map_io]: negate: 0
[map_server-8] [INFO] [1773385128.613567225] [map_io]: Loading image_file: /home/smr/workspaces/mini_amr/amrROS2_ws/maps/latest_map_keepout.pgm
[map_server-8] [INFO] [1773385128.627388779] [map_io]: Read map /home/smr/workspaces/mini_amr/amrROS2_ws/maps/latest_map_keepout.pgm: 787 X 922 map @ 0.05 m/cell
[lifecycle_manager-19] [INFO] [1773385128.641623316] [lifecycle_manager_navigation]: [34m[1mConfiguring keepout_costmap_filter_info_server[0m[0m
[costmap_filter_info_server-9] [INFO] [1773385128.642434993] [keepout_costmap_filter_info_server]: Configuring
[lifecycle_manager-19] [INFO] [1773385128.676192365] [lifecycle_manager_navigation]: [34m[1mActivating controller_server[0m[0m
[controller_server-10] [INFO] [1773385128.677162995] [controller_server]: Activating
[controller_server-10] [INFO] [1773385128.677257783] [local_costmap.local_costmap]: Activating
[controller_server-10] [INFO] [1773385128.677292198] [local_costmap.local_costmap]: Checking transform
[controller_server-10] [INFO] [1773385128.677460483] [local_costmap.local_costmap]: start
[controller_server-10] [INFO] [1773385128.678426155] [local_costmap.local_costmap]: KeepoutFilter: Subscribing to "/keepout_costmap_filter_info" topic for filter info...
[controller_server-10] [WARN] [1773385128.780836894] [local_costmap.local_costmap]: KeepoutFilter: Filter mask was not received
[controller_server-10] [WARN] [1773385128.782292255] [controller_server]: Parameter controller_server.verbose not found
[controller_server-10] [INFO] [1773385128.782883441] [controller_server]: Optimizer reset
[controller_server-10] [INFO] [1773385128.784693455] [MPPIController]: Activated MPPI Controller: FollowPath
[controller_server-10] [INFO] [1773385128.784758785] [controller_server]: Creating bond (controller_server) to lifecycle manager.
[lifecycle_manager-19] [INFO] [1773385128.892958594] [lifecycle_manager_navigation]: Server controller_server connected with bond.
[lifecycle_manager-19] [INFO] [1773385128.893156045] [lifecycle_manager_navigation]: [34m[1mActivating smoother_server[0m[0m
[smoother_server-11] [INFO] [1773385128.895286589] [smoother_server]: Activating
[smoother_server-11] [INFO] [1773385128.895493956] [smoother_server]: Creating bond (smoother_server) to lifecycle manager.
[lifecycle_manager-19] [INFO] [1773385129.008343045] [lifecycle_manager_navigation]: Server smoother_server connected with bond.
[lifecycle_manager-19] [INFO] [1773385129.008532038] [lifecycle_manager_navigation]: [34m[1mActivating planner_server[0m[0m
[planner_server-12] [INFO] [1773385129.010527836] [planner_server]: Activating
[planner_server-12] [INFO] [1773385129.010644498] [global_costmap.global_costmap]: Activating
[planner_server-12] [INFO] [1773385129.010689705] [global_costmap.global_costmap]: Checking transform
[planner_server-12] [INFO] [1773385129.010919238] [global_costmap.global_costmap]: start
[planner_server-12] [INFO] [1773385129.013010407] [global_costmap.global_costmap]: KeepoutFilter: Subscribing to "/keepout_costmap_filter_info" topic for filter info...
[planner_server-12] [WARN] [1773385129.557457987] [global_costmap.global_costmap]: KeepoutFilter: Filter mask was not received
[planner_server-12] [INFO] [1773385129.617313859] [planner_server]: Activating plugin GridBased of type SmacPlanner2D
[planner_server-12] [INFO] [1773385129.618856716] [planner_server]: Creating bond (planner_server) to lifecycle manager.
[lifecycle_manager-19] [INFO] [1773385129.724806403] [lifecycle_manager_navigation]: Server planner_server connected with bond.
[lifecycle_manager-19] [INFO] [1773385129.725005604] [lifecycle_manager_navigation]: [34m[1mActivating behavior_server[0m[0m
[behavior_server-13] [INFO] [1773385129.726696039] [behavior_server]: Activating
[behavior_server-13] [INFO] [1773385129.726796660] [behavior_server]: Activating wait
[behavior_server-13] [INFO] [1773385129.726843325] [behavior_server]: Creating bond (behavior_server) to lifecycle manager.
[lifecycle_manager-19] [INFO] [1773385129.838445587] [lifecycle_manager_navigation]: Server behavior_server connected with bond.
[lifecycle_manager-19] [INFO] [1773385129.838740159] [lifecycle_manager_navigation]: [34m[1mActivating velocity_smoother[0m[0m
[velocity_smoother-16] [INFO] [1773385129.839863908] [velocity_smoother]: Activating
[velocity_smoother-16] [INFO] [1773385129.840166063] [velocity_smoother]: Creating bond (velocity_smoother) to lifecycle manager.
[lifecycle_manager-19] [INFO] [1773385129.958366155] [lifecycle_manager_navigation]: Server velocity_smoother connected with bond.
[lifecycle_manager-19] [INFO] [1773385129.958475234] [lifecycle_manager_navigation]: [34m[1mActivating collision_monitor[0m[0m
[collision_monitor-17] [INFO] [1773385129.959277287] [collision_monitor]: Activating
[collision_monitor-17] [INFO] [1773385129.959384908] [collision_monitor]: Creating bond (collision_monitor) to lifecycle manager.
[lifecycle_manager-19] [INFO] [1773385130.069364982] [lifecycle_manager_navigation]: Server collision_monitor connected with bond.
[lifecycle_manager-19] [INFO] [1773385130.069629222] [lifecycle_manager_navigation]: [34m[1mActivating collision_detector[0m[0m
[collision_detector-18] [INFO] [1773385130.070795552] [collision_detector]: Activating
[collision_detector-18] [INFO] [1773385130.071078166] [collision_detector]: Creating bond (collision_detector) to lifecycle manager.
[lifecycle_manager-19] [INFO] [1773385130.186264291] [lifecycle_manager_navigation]: Server collision_detector connected with bond.
[lifecycle_manager-19] [INFO] [1773385130.186363745] [lifecycle_manager_navigation]: [34m[1mActivating bt_navigator[0m[0m
[bt_navigator-14] [INFO] [1773385130.187497410] [bt_navigator]: Activating
[bt_navigator-14] [INFO] [1773385130.316995944] [bt_navigator]: Creating bond (bt_navigator) to lifecycle manager.
[lifecycle_manager-19] [INFO] [1773385130.424867932] [lifecycle_manager_navigation]: Server bt_navigator connected with bond.
[lifecycle_manager-19] [INFO] [1773385130.424986928] [lifecycle_manager_navigation]: [34m[1mActivating waypoint_follower[0m[0m
[waypoint_follower-15] [INFO] [1773385130.425605821] [waypoint_follower]: Activating
[waypoint_follower-15] [INFO] [1773385130.425758357] [waypoint_follower]: Creating bond (waypoint_follower) to lifecycle manager.
[lifecycle_manager-19] [INFO] [1773385130.533124906] [lifecycle_manager_navigation]: Server waypoint_follower connected with bond.
[lifecycle_manager-19] [INFO] [1773385130.533218236] [lifecycle_manager_navigation]: [34m[1mActivating keepout_filter_mask_server[0m[0m
[map_server-8] [INFO] [1773385130.535013084] [keepout_filter_mask_server]: Activating
[map_server-8] [INFO] [1773385130.536526776] [keepout_filter_mask_server]: Creating bond (keepout_filter_mask_server) to lifecycle manager.
[lifecycle_manager-19] [INFO] [1773385130.645868708] [lifecycle_manager_navigation]: Server keepout_filter_mask_server connected with bond.
[lifecycle_manager-19] [INFO] [1773385130.647098327] [lifecycle_manager_navigation]: [34m[1mActivating keepout_costmap_filter_info_server[0m[0m
[costmap_filter_info_server-9] [INFO] [1773385130.647905921] [keepout_costmap_filter_info_server]: Activating
[costmap_filter_info_server-9] [INFO] [1773385130.648068373] [keepout_costmap_filter_info_server]: Creating bond (keepout_costmap_filter_info_server) to lifecycle manager.
[planner_server-12] [INFO] [1773385130.648224992] [global_costmap.global_costmap]: KeepoutFilter: Received filter info from /keepout_costmap_filter_info topic.
[planner_server-12] [INFO] [1773385130.648313364] [global_costmap.global_costmap]: KeepoutFilter: Subscribing to "/keepout_filter_mask" topic for filter mask...
[controller_server-10] [INFO] [1773385130.648242491] [local_costmap.local_costmap]: KeepoutFilter: Received filter info from /keepout_costmap_filter_info topic.
[controller_server-10] [INFO] [1773385130.648416318] [local_costmap.local_costmap]: KeepoutFilter: Subscribing to "/keepout_filter_mask" topic for filter mask...
[planner_server-12] [INFO] [1773385130.677030346] [global_costmap.global_costmap]: KeepoutFilter: Received filter mask from /keepout_filter_mask topic.
[controller_server-10] [INFO] [1773385130.682730461] [local_costmap.local_costmap]: KeepoutFilter: Received filter mask from /keepout_filter_mask topic.
[lifecycle_manager-19] [INFO] [1773385130.765988185] [lifecycle_manager_navigation]: Server keepout_costmap_filter_info_server connected with bond.
[lifecycle_manager-19] [INFO] [1773385130.766084139] [lifecycle_manager_navigation]: [34m[1mManaged nodes are active[0m[0m
[lifecycle_manager-19] [INFO] [1773385130.766117096] [lifecycle_manager_navigation]: [34m[1mCreating bond timer...[0m[0m
[INFO] [delivery_robot_main_controller-20]: process started with pid [10906]
[INFO] [robot_sound-21]: process started with pid [10907]
[INFO] [call_robot_button-22]: process started with pid [10908]
[INFO] [rpc_run_node-23]: process started with pid [10909]
[INFO] [dock_coordinates-24]: process started with pid [10910]
[INFO] [autodock_action_server-25]: process started with pid [10911]
[INFO] [battery_manager_node-26]: process started with pid [10912]
[dock_coordinates-24] [INFO] [1773385131.143434710] [dock_coordinates]: begin dock_coordinates
[dock_coordinates-24] [INFO] [1773385131.145310055] [dock coordinates]: max_alignment_error: 0.010000
[dock_coordinates-24] [INFO] [1773385131.145338929] [dock coordinates]: minimum_point_cloud: 5
[dock_coordinates-24] [INFO] [1773385131.145343887] [dock coordinates]: point_cloud_split_dist: 0.050000
[dock_coordinates-24] [INFO] [1773385131.145347970] [dock coordinates]: max_dock_width: 0.380000
[dock_coordinates-24] [INFO] [1773385131.145352345] [dock coordinates]: min_dock_width: 0.310000
[dock_coordinates-24] [INFO] [1773385131.145356137] [dock coordinates]: range_limit: 1.200000
[robot_sound-21] [0m[INFO] [1773385133.332975829] [robot_sound_node]: Obstacle sound alarm disabled (API).[0m
[robot_sound-21] [0m[INFO] [1773385133.334500313] [robot_sound_node]: Obstacle sound alarm is enabled.[0m
[robot_sound-21] [0m[INFO] [1773385133.336318785] [robot_sound_node]: Sound volume set to 100% (API).[0m
[robot_sound-21] [0m[INFO] [1773385133.337278331] [robot_sound_node]: ✅ robot_sound_node started using .wav files[0m
[robot_sound-21] [33m[WARN] [1773385133.477849857] [robot_sound_node]: Map not available yet; skipping obstacle classification.[0m
[robot_sound-21] [0m[INFO] [1773385133.484024787] [robot_sound_node]: Obstacle detected but sound alarm disabled.[0m
[robot_sound-21] [0m[INFO] [1773385133.559168072] [robot_sound_node]: Received map (width=787, height=922, resolution=0.050 m/cell)[0m
[rpc_run_node-23] [0m[INFO] [1773385133.606870076] [rpc_run_node]: RPC run node started; RPC bridge configured.[0m
[rpc_run_node-23] 2026-03-13 13:58:53,614 [INFO] RPCServer listening on localhost:6000
[battery_manager_node-26] [INFO] [1773385133.689708983] [battery_manager]: SOC limits from API: target=1.00, resume=0.95
[battery_manager_node-26] [INFO] [1773385133.699390778] [battery_manager]: IR state: IDLE -> READY (10)
[delivery_robot_main_controller-20] [0m[INFO] [1773385133.762006294] [main_controller_node]: Delivery Robot Main Controller Node started.[0m
[delivery_robot_main_controller-20] [0m[INFO] [1773385133.777573697] [main_controller_node]: Initial state: STANDBY[0m
[delivery_robot_main_controller-20] [0m[INFO] [1773385133.782876285] [main_controller_node]: setting_batteryLowToCharge: 40[0m
[delivery_robot_main_controller-20] [33m[WARN] [1773385133.839600943] [rcl.logging_rosout]: Publisher already registered for node name: 'main_controller_node'. If this is due to multiple nodes with the same name then all logs for the logger named 'main_controller_node' will go out over the existing publisher. As soon as any node with that name is destructed it will unregister the publisher, preventing any further logs for that name from being published on the rosout topic.[0m
[battery_manager_node-26] [INFO] [1773385133.915315290] [battery_manager]: Charger READY; starting charge
[delivery_robot_main_controller-20] [33m[WARN] [1773385133.947739505] [main_controller_node]: slam_toolbox_msgs not available; initial pose service calls will be skipped.[0m
[autodock_action_server-25] [INFO] [1773385133.988098499] [autodock_action_server]: auto_dock_init_start
[battery_manager_node-26] [INFO] [1773385134.019347050] [battery_manager]: State change: IDLE_ON_DOCK -> CHARGING
[autodock_action_server-25] [INFO] [1773385134.072542385] [autodock_action_server]: auto_dock_init_complete
[battery_manager_node-26] [INFO] [1773385134.414854342] [battery_manager]: State change: CHARGING -> IDLE_ON_DOCK
[battery_manager_node-26] [INFO] [1773385134.415760224] [battery_manager]: Charger READY; starting charge
[battery_manager_node-26] [INFO] [1773385134.517298038] [battery_manager]: State change: IDLE_ON_DOCK -> CHARGING
[battery_manager_node-26] [INFO] [1773385134.518675235] [battery_manager]: IR state: READY -> CHARGING (11)
[autodock_action_server-25] [INFO] [1773385134.521615706] [charge_status]: IR Charge State: CHARGING (11)
[delivery_robot_main_controller-20] [0m[INFO] [1773385135.206967591] [main_controller_node]: Waiting for Nav2 system...[0m
[call_robot_button-22] 2026-03-13 13:58:55 mosquitto_pub -u smr -P smrbot25 -m "Production1,blink" -t "Rsp" -r
[call_robot_button-22] [0m[INFO] [1773385135.616597716] [call_robot_button_node]: call_switch notified: station=Production1 status=blink.[0m
[INFO] [bash-27]: process started with pid [11034]
[delivery_robot_main_controller-20] [0m[INFO] [1773385137.225749675] [main_controller_node]: Waiting for localization pose to be received from slam_toolbox/pose[0m
[delivery_robot_main_controller-20] [0m[INFO] [1773385137.228774434] [main_controller_node]: Acquired localization pose from TF map->base_link[0m
[delivery_robot_main_controller-20] [0m[INFO] [1773385139.270009032] [main_controller_node]: Nav2 is ready for use![0m
[delivery_robot_main_controller-20] [0m[INFO] [1773385139.326056758] [main_controller_node]: Robot is in STANDBY mode.[0m
[delivery_robot_main_controller-20] [0m[INFO] [1773385139.351600820] [main_controller_node]: Dock State change: IDLE -> DOCKED[0m
[delivery_robot_main_controller-20] [33m[WARN] [1773385139.384594346] [main_controller_node]: Robot status id missing; refreshing before battery status.[0m
[delivery_robot_main_controller-20] [0m[INFO] [1773385140.282821485] [main_controller_node]: Current state: STANDBY, dock_state DOCKED, charge_state CHARGING[0m
[delivery_robot_main_controller-20] [0m[INFO] [1773385141.308054086] [main_controller_node]: Current state: STANDBY, dock_state DOCKED, charge_state CHARGING[0m
[delivery_robot_main_controller-20] [0m[INFO] [1773385141.405175361] [main_controller_node]: 1 pending queues [0m
[delivery_robot_main_controller-20] [0m[INFO] [1773385142.278515829] [main_controller_node]: Current state: STANDBY, dock_state DOCKED, charge_state CHARGING[0m
[delivery_robot_main_controller-20] [0m[INFO] [1773385143.279164498] [main_controller_node]: Current state: STANDBY, dock_state DOCKED, charge_state CHARGING[0m
[delivery_robot_main_controller-20] [0m[INFO] [1773385143.359048935] [main_controller_node]: State change: STANDBY -> DOCK[0m
[delivery_robot_main_controller-20] [0m[INFO] [1773385143.378519855] [main_controller_node]: Robot is UNDOCKING.[0m
[delivery_robot_main_controller-20] [0m[INFO] [1773385143.380169166] [main_controller_node]: Dock State change: DOCKED -> UNDOCKING[0m
[delivery_robot_main_controller-20] [0m[INFO] [1773385143.391268116] [main_controller_node]: Sending autodock UNDOCK goal...[0m
[delivery_robot_main_controller-20] [0m[INFO] [1773385143.392731643] [main_controller_node]: Undock goal sent (future created)[0m
[autodock_action_server-25] [INFO] [1773385143.404272742] [autodock_action_server]: Executing goal...
[battery_manager_node-26] [INFO] [1773385143.418587485] [battery_manager]: request_stop_charge received: False -> True
[autodock_action_server-25] [INFO] [1773385143.422990608] [autodock_action_server]: Published request_stop_charge: (True)
[delivery_robot_main_controller-20] [0m[INFO] [1773385143.445884396] [main_controller_node]: Undock goal response callback triggered[0m
[battery_manager_node-26] [WARN] [1773385143.917478770] [battery_manager]: Request stop charge for undock
[battery_manager_node-26] [INFO] [1773385144.020975051] [battery_manager]: State change: CHARGING -> COOLDOWN
[delivery_robot_main_controller-20] [0m[INFO] [1773385144.278342640] [main_controller_node]: Current state: DOCK, dock_state UNDOCKING, charge_state CHARGING[0m
[autodock_action_server-25] [WARN] [1773385144.432199073] [autodock_action_server]: Attempt 1: IR state = CHARGING, want Stop Charge
[autodock_action_server-25] [INFO] [1773385144.432860256] [autodock_action_server]: Published request_stop_charge: (True)
[battery_manager_node-26] [INFO] [1773385144.866926152] [battery_manager]: IR state: CHARGING -> READY (10)
[autodock_action_server-25] [INFO] [1773385144.867543879] [charge_status]: IR Charge State: READY (10)
[battery_manager_node-26] [INFO] [1773385144.914811608] [battery_manager]: State change: COOLDOWN -> IDLE_ON_DOCK
[delivery_robot_main_controller-20] [0m[INFO] [1773385145.282635544] [main_controller_node]: Current state: DOCK, dock_state UNDOCKING, charge_state NOT_CHARGE[0m
[autodock_action_server-25] [INFO] [1773385145.433588256] [autodock_action_server]: Confirm: Robot stop charge (after 2 attempt(s)) ✅
[autodock_action_server-25] [INFO] [1773385145.434169817] [autodock_action_server]: Stop charging successfully
[delivery_robot_main_controller-20] [0m[INFO] [1773385146.279513108] [main_controller_node]: Current state: DOCK, dock_state UNDOCKING, charge_state NOT_CHARGE[0m
[delivery_robot_main_controller-20] [0m[INFO] [1773385146.490619762] [main_controller_node]: Received feedback undock: 1[0m
[delivery_robot_main_controller-20] [0m[INFO] [1773385147.296428278] [main_controller_node]: Current state: DOCK, dock_state UNDOCKING, charge_state NOT_CHARGE[0m
[battery_manager_node-26] [INFO] [1773385147.610763182] [battery_manager]: IR state: READY -> IDLE (0)
[autodock_action_server-25] [INFO] [1773385147.616383383] [charge_status]: IR Charge State: IDLE (0)
[battery_manager_node-26] [INFO] [1773385147.914863021] [battery_manager]: State change: IDLE_ON_DOCK -> UNKNOWN
[delivery_robot_main_controller-20] [0m[INFO] [1773385148.289358576] [main_controller_node]: Current state: DOCK, dock_state UNDOCKING, charge_state NOT_CHARGE[0m
[delivery_robot_main_controller-20] [0m[INFO] [1773385149.332795729] [main_controller_node]: Current state: DOCK, dock_state UNDOCKING, charge_state NOT_CHARGE[0m
[robot_sound-21] [0m[INFO] [1773385149.643975796] [robot_sound_node]: Obstacle detected but sound alarm disabled.[0m
[delivery_robot_main_controller-20] [0m[INFO] [1773385150.279574756] [main_controller_node]: Current state: DOCK, dock_state UNDOCKING, charge_state NOT_CHARGE[0m
[delivery_robot_main_controller-20] [0m[INFO] [1773385151.283819829] [main_controller_node]: Current state: DOCK, dock_state UNDOCKING, charge_state NOT_CHARGE[0m
[delivery_robot_main_controller-20] [0m[INFO] [1773385152.298076267] [main_controller_node]: Current state: DOCK, dock_state UNDOCKING, charge_state NOT_CHARGE[0m
[autodock_action_server-25] [INFO] [1773385152.655433855] [autodock_action_server]: Published request_stop_charge: (False)
[autodock_action_server-25] [INFO] [1773385152.656062956] [autodock_action_server]: finish undocking
[battery_manager_node-26] [INFO] [1773385152.657386780] [battery_manager]: request_stop_charge received: True -> False
[delivery_robot_main_controller-20] [0m[INFO] [1773385152.670203580] [main_controller_node]: Undock successful. Proceeding to STANDBY.[0m
[delivery_robot_main_controller-20] [0m[INFO] [1773385152.670862138] [main_controller_node]: Dock State change: UNDOCKING -> IDLE[0m
[delivery_robot_main_controller-20] [0m[INFO] [1773385152.692514641] [main_controller_node]: State change: DOCK -> STANDBY[0m
[delivery_robot_main_controller-20] [0m[INFO] [1773385152.707564939] [main_controller_node]: Robot is in STANDBY mode.[0m
[delivery_robot_main_controller-20] [0m[INFO] [1773385153.363068802] [main_controller_node]: Current state: STANDBY, dock_state IDLE, charge_state NOT_CHARGE[0m
[delivery_robot_main_controller-20] [0m[INFO] [1773385153.493926742] [main_controller_node]: 1 pending queues [0m
[delivery_robot_main_controller-20] [0m[INFO] [1773385153.495010826] [main_controller_node]: Queue action: Request[0m
[delivery_robot_main_controller-20] [0m[INFO] [1773385153.525598778] [main_controller_node]: AGV start_pos: x=0.49, y=0.03[0m
[delivery_robot_main_controller-20] [0m[INFO] [1773385153.528768198] [main_controller_node]: AGV goal_pos: x=3.40, y=-0.73[0m
[delivery_robot_main_controller-20] Graph before shortest_path: Graph with 11 nodes and 10 edges
[delivery_robot_main_controller-20] [0m[INFO] [1773385153.568538631] [main_controller_node]: Computed AGV path waypoints:[0m
[delivery_robot_main_controller-20] [0m[INFO] [1773385153.569368683] [main_controller_node]:   Waypoint 0: x=0.49, y=0.03[0m
[delivery_robot_main_controller-20] [0m[INFO] [1773385153.570259690] [main_controller_node]:   Waypoint 1: x=1.99, y=-1.51[0m
[delivery_robot_main_controller-20] [0m[INFO] [1773385153.571055618] [main_controller_node]:   Waypoint 2: x=3.40, y=-0.73[0m
[delivery_robot_main_controller-20] [0m[INFO] [1773385153.574476737] [main_controller_node]: Navigating with 3 goals....[0m
[bt_navigator-14] [INFO] [1773385153.576222003] [bt_navigator]: Begin navigating from current location through 3 poses to (3.40, -0.73)
[controller_server-10] [INFO] [1773385153.576749316] [local_costmap.local_costmap]: Received request to clear entirely the local_costmap
[delivery_robot_main_controller-20] [0m[INFO] [1773385153.582780168] [main_controller_node]: State change: STANDBY -> MOVE[0m
[controller_server-10] [INFO] [1773385153.585600769] [local_costmap.local_costmap]: KeepoutFilter: Subscribing to "/keepout_costmap_filter_info" topic for filter info...
[controller_server-10] [INFO] [1773385153.591585247] [local_costmap.local_costmap]: KeepoutFilter: Received filter info from /keepout_costmap_filter_info topic.
[controller_server-10] [INFO] [1773385153.591842196] [local_costmap.local_costmap]: KeepoutFilter: Subscribing to "/keepout_filter_mask" topic for filter mask...
[planner_server-12] [INFO] [1773385153.592259263] [global_costmap.global_costmap]: Received request to clear entirely the global_costmap
[delivery_robot_main_controller-20] [0m[INFO] [1773385153.600864850] [main_controller_node]: Robot is MOVING.[0m
[controller_server-10] [WARN] [1773385153.604222679] [local_costmap.local_costmap]: KeepoutFilter: New filter mask arrived from /keepout_filter_mask topic. Updating old filter mask.
[planner_server-12] [INFO] [1773385153.666469251] [global_costmap.global_costmap]: KeepoutFilter: Subscribing to "/keepout_costmap_filter_info" topic for filter info...
[planner_server-12] [INFO] [1773385153.677990226] [global_costmap.global_costmap]: KeepoutFilter: Received filter info from /keepout_costmap_filter_info topic.
[planner_server-12] [INFO] [1773385153.678253590] [global_costmap.global_costmap]: KeepoutFilter: Subscribing to "/keepout_filter_mask" topic for filter mask...
[planner_server-12] [WARN] [1773385153.698284489] [global_costmap.global_costmap]: KeepoutFilter: New filter mask arrived from /keepout_filter_mask topic. Updating old filter mask.
[planner_server-12] [WARN] [1773385154.143228260] [planner_server]: Planner loop missed its desired rate of 5.0000 Hz. Current loop rate is 2.1631 Hz
[controller_server-10] [INFO] [1773385154.160611801] [controller_server]: Received a goal, begin computing control effort.
[controller_server-10] [WARN] [1773385154.160791753] [controller_server]: No goal checker was specified in parameter 'current_goal_checker'. Server will use only plugin loaded goal_checker . This warning will appear once.
[controller_server-10] [WARN] [1773385154.160899665] [controller_server]: No progress checker was specified in parameter 'current_progress_checker'. Server will use only plugin loaded progress_checker . This warning will appear once.
[controller_server-10] [INFO] [1773385154.361230525] [controller_server]: Passing new path to controller.
[controller_server-10] [INFO] [1773385154.461198941] [controller_server]: Passing new path to controller.
[controller_server-10] [INFO] [1773385154.661205188] [controller_server]: Passing new path to controller.
[controller_server-10] [INFO] [1773385154.861202394] [controller_server]: Passing new path to controller.
[controller_server-10] [INFO] [1773385154.961170518] [controller_server]: Passing new path to controller.
[controller_server-10] [INFO] [1773385155.164959245] [controller_server]: Passing new path to controller.
[controller_server-10] [INFO] [1773385155.361170471] [controller_server]: Passing new path to controller.
[controller_server-10] [INFO] [1773385155.461171261] [controller_server]: Passing new path to controller.
[controller_server-10] [INFO] [1773385155.561172051] [controller_server]: Passing new path to controller.
[controller_server-10] [INFO] [1773385155.661165550] [controller_server]: Passing new path to controller.
[controller_server-10] [INFO] [1773385155.861176463] [controller_server]: Passing new path to controller.
[controller_server-10] [INFO] [1773385155.961168212] [controller_server]: Passing new path to controller.
[controller_server-10] [INFO] [1773385156.061170169] [controller_server]: Passing new path to controller.
[controller_server-10] [INFO] [1773385156.261171458] [controller_server]: Passing new path to controller.
[controller_server-10] [INFO] [1773385156.361172540] [controller_server]: Passing new path to controller.
[controller_server-10] [INFO] [1773385156.461177705] [controller_server]: Passing new path to controller.
[controller_server-10] [INFO] [1773385156.561170620] [controller_server]: Passing new path to controller.
[controller_server-10] [INFO] [1773385156.761208658] [controller_server]: Passing new path to controller.
[controller_server-10] [INFO] [1773385156.861172407] [controller_server]: Passing new path to controller.
[controller_server-10] [INFO] [1773385156.961203821] [controller_server]: Passing new path to controller.
[controller_server-10] [INFO] [1773385157.061256526] [controller_server]: Passing new path to controller.
[controller_server-10] [INFO] [1773385157.261200942] [controller_server]: Passing new path to controller.
[controller_server-10] [INFO] [1773385157.361201149] [controller_server]: Passing new path to controller.
[controller_server-10] [INFO] [1773385157.461206314] [controller_server]: Passing new path to controller.
[controller_server-10] [INFO] [1773385157.661208478] [controller_server]: Passing new path to controller.
[controller_server-10] [INFO] [1773385157.761202852] [controller_server]: Passing new path to controller.
[controller_server-10] [INFO] [1773385157.861209183] [controller_server]: Passing new path to controller.
[controller_server-10] [INFO] [1773385157.961196266] [controller_server]: Passing new path to controller.
[controller_server-10] [INFO] [1773385158.161206596] [controller_server]: Passing new path to controller.
[controller_server-10] [INFO] [1773385158.261207969] [controller_server]: Passing new path to controller.
[controller_server-10] [INFO] [1773385158.361198551] [controller_server]: Passing new path to controller.
[controller_server-10] [INFO] [1773385158.561200423] [controller_server]: Passing new path to controller.
[controller_server-10] [INFO] [1773385158.661200339] [controller_server]: Passing new path to controller.
[controller_server-10] [INFO] [1773385158.861180045] [controller_server]: Passing new path to controller.
[controller_server-10] [INFO] [1773385158.961169460] [controller_server]: Passing new path to controller.
[controller_server-10] [INFO] [1773385159.061171709] [controller_server]: Passing new path to controller.
[controller_server-10] [INFO] [1773385159.161173374] [controller_server]: Passing new path to controller.
[controller_server-10] [INFO] [1773385159.361172913] [controller_server]: Passing new path to controller.
[controller_server-10] [INFO] [1773385159.461168162] [controller_server]: Passing new path to controller.
[controller_server-10] [INFO] [1773385159.661168575] [controller_server]: Passing new path to controller.
[controller_server-10] [INFO] [1773385159.861168406] [controller_server]: Passing new path to controller.
[controller_server-10] [INFO] [1773385159.961170654] [controller_server]: Passing new path to controller.
[controller_server-10] [INFO] [1773385160.061172028] [controller_server]: Passing new path to controller.
[controller_server-10] [INFO] [1773385160.161168443] [controller_server]: Passing new path to controller.
[controller_server-10] [INFO] [1773385160.361171482] [controller_server]: Passing new path to controller.
[controller_server-10] [INFO] [1773385160.461169355] [controller_server]: Passing new path to controller.
[controller_server-10] [INFO] [1773385160.561171021] [controller_server]: Passing new path to controller.
[controller_server-10] [INFO] [1773385160.661165394] [controller_server]: Passing new path to controller.
[robot_sound-21] [0m[INFO] [1773385160.720638322] [robot_sound_node]: Obstacle detected but sound alarm disabled.[0m
[controller_server-10] [INFO] [1773385160.861167558] [controller_server]: Passing new path to controller.
[controller_server-10] [INFO] [1773385160.961175640] [controller_server]: Passing new path to controller.
[controller_server-10] [INFO] [1773385161.061173222] [controller_server]: Passing new path to controller.
[controller_server-10] [INFO] [1773385161.261180635] [controller_server]: Passing new path to controller.
[controller_server-10] [INFO] [1773385161.361170342] [controller_server]: Passing new path to controller.
[controller_server-10] [INFO] [1773385161.461171132] [controller_server]: Passing new path to controller.
[controller_server-10] [INFO] [1773385161.561165215] [controller_server]: Passing new path to controller.
[controller_server-10] [INFO] [1773385161.761176420] [controller_server]: Passing new path to controller.
[controller_server-10] [INFO] [1773385161.861174293] [controller_server]: Passing new path to controller.
[controller_server-10] [INFO] [1773385161.961171584] [controller_server]: Passing new path to controller.
[controller_server-10] [INFO] [1773385162.161173164] [controller_server]: Passing new path to controller.
[controller_server-10] [INFO] [1773385162.261173662] [controller_server]: Passing new path to controller.
[controller_server-10] [INFO] [1773385162.361170953] [controller_server]: Passing new path to controller.
[controller_server-10] [INFO] [1773385162.561173700] [controller_server]: Passing new path to controller.
[controller_server-10] [INFO] [1773385162.661175657] [controller_server]: Passing new path to controller.
[controller_server-10] [INFO] [1773385162.761176155] [controller_server]: Passing new path to controller.
[controller_server-10] [INFO] [1773385162.861167612] [controller_server]: Passing new path to controller.
[controller_server-10] [INFO] [1773385163.061210608] [controller_server]: Passing new path to controller.
[controller_server-10] [INFO] [1773385163.161209940] [controller_server]: Passing new path to controller.
[controller_server-10] [INFO] [1773385163.261175440] [controller_server]: Passing new path to controller.
[controller_server-10] [INFO] [1773385163.461169437] [controller_server]: Passing new path to controller.
[controller_server-10] [INFO] [1773385163.561171977] [controller_server]: Passing new path to controller.
[controller_server-10] [INFO] [1773385163.661176267] [controller_server]: Passing new path to controller.
[controller_server-10] [INFO] [1773385163.861200013] [controller_server]: Passing new path to controller.
[controller_server-10] [INFO] [1773385163.961179513] [controller_server]: Passing new path to controller.
[controller_server-10] [INFO] [1773385164.161175551] [controller_server]: Passing new path to controller.
[controller_server-10] [INFO] [1773385164.361197839] [controller_server]: Passing new path to controller.
[controller_server-10] [INFO] [1773385164.461264835] [controller_server]: Passing new path to controller.
[controller_server-10] [INFO] [1773385164.561201170] [controller_server]: Passing new path to controller.
[controller_server-10] [INFO] [1773385164.661202252] [controller_server]: Passing new path to controller.
[controller_server-10] [INFO] [1773385164.761194292] [controller_server]: Passing new path to controller.
[controller_server-10] [INFO] [1773385164.961259745] [controller_server]: Passing new path to controller.
[controller_server-10] [INFO] [1773385165.061200454] [controller_server]: Passing new path to controller.
[controller_server-10] [INFO] [1773385165.161206202] [controller_server]: Passing new path to controller.
[controller_server-10] [INFO] [1773385165.361200491] [controller_server]: Passing new path to controller.
[controller_server-10] [INFO] [1773385165.461204198] [controller_server]: Passing new path to controller.
[controller_server-10] [INFO] [1773385165.561197405] [controller_server]: Passing new path to controller.
[controller_server-10] [INFO] [1773385165.661196737] [controller_server]: Passing new path to controller.
[controller_server-10] [INFO] [1773385165.861200943] [controller_server]: Passing new path to controller.
[controller_server-10] [INFO] [1773385165.961202316] [controller_server]: Passing new path to controller.
[controller_server-10] [INFO] [1773385166.061205731] [controller_server]: Passing new path to controller.
[controller_server-10] [INFO] [1773385166.067016092] [controller_server]: Reached the goal!
[controller_server-10] [INFO] [1773385166.068829897] [controller_server]: Optimizer reset
[bt_navigator-14] [INFO] [1773385166.108199596] [bt_navigator]: Goal succeeded
[delivery_robot_main_controller-20] [0m[INFO] [1773385166.198898034] [main_controller_node]: Goal succeeded![0m
[delivery_robot_main_controller-20] [0m[INFO] [1773385166.199593341] [main_controller_node]: State change: MOVE -> AFTER_MOVE[0m
[delivery_robot_main_controller-20] [0m[INFO] [1773385166.210881575] [main_controller_node]: Evaluating post-move action...[0m
[delivery_robot_main_controller-20] [0m[INFO] [1773385166.211430179] [main_controller_node]: Post-move action is: Request[0m
[delivery_robot_main_controller-20] [0m[INFO] [1773385166.212009990] [main_controller_node]: Published message: "arrive_target"[0m
[robot_sound-21] [0m[INFO] [1773385166.212742337] [robot_sound_node]: 🔔 Received sound command: arrive_target[0m
[robot_sound-21] Simple mixer control 'PCM',0
[robot_sound-21]   Capabilities: pvolume pswitch pswitch-joined
[robot_sound-21]   Playback channels: Front Left - Front Right
[robot_sound-21]   Limits: Playback 0 - 147
[robot_sound-21]   Mono:
[robot_sound-21]   Front Left: Playback 147 [100%] [-0.94dB] [on]
[robot_sound-21]   Front Right: Playback 147 [100%] [-0.94dB] [on]
[robot_sound-21] [0m[INFO] [1773385166.242696230] [robot_sound_node]: 🔊 Playing sound: /home/smr/workspaces/mini_amr/amrROS2_ws/sounds/robot_target.wav[0m
[delivery_robot_main_controller-20] [0m[INFO] [1773385166.259335467] [main_controller_node]: Successfully removed queue ID: 1927[0m
[delivery_robot_main_controller-20] [0m[INFO] [1773385166.259956109] [main_controller_node]: Waiting 15s for LOAD_IN command...[0m
[delivery_robot_main_controller-20] [0m[INFO] [1773385166.260589585] [main_controller_node]: State change: AFTER_MOVE -> STANDBY[0m
[robot_sound-21] Playing WAVE '/home/smr/workspaces/mini_amr/amrROS2_ws/sounds/robot_target.wav' : Signed 16 bit Little Endian, Rate 44100 Hz, Mono
[delivery_robot_main_controller-20] [0m[INFO] [1773385166.271348756] [main_controller_node]: Robot is in STANDBY mode.[0m
[delivery_robot_main_controller-20] [0m[INFO] [1773385166.297584333] [main_controller_node]: Current state: STANDBY, dock_state IDLE, charge_state NOT_CHARGE[0m
[delivery_robot_main_controller-20] [0m[INFO] [1773385166.394949724] [main_controller_node]: Enter to wait_for_load_in_loop and wait for timeout...in 14.865644454956055 seconds[0m
[delivery_robot_main_controller-20] [0m[INFO] [1773385167.281853339] [main_controller_node]: Current state: STANDBY, dock_state IDLE, charge_state NOT_CHARGE[0m
[delivery_robot_main_controller-20] [0m[INFO] [1773385167.356935376] [main_controller_node]: Enter to wait_for_load_in_loop and wait for timeout...in 13.905064344406128 seconds[0m
[call_robot_button-22] 2026-03-13 13:59:27 mosquitto_pub -u smr -P smrbot25 -m "Production1,false" -t "Rsp" -r
[call_robot_button-22] [0m[INFO] [1773385167.583701305] [call_robot_button_node]: call_switch notified: station=Production1 status=false.[0m
[delivery_robot_main_controller-20] [0m[INFO] [1773385168.317970231] [main_controller_node]: Current state: STANDBY, dock_state IDLE, charge_state NOT_CHARGE[0m
[delivery_robot_main_controller-20] [0m[INFO] [1773385169.280508861] [main_controller_node]: Current state: STANDBY, dock_state IDLE, charge_state NOT_CHARGE[0m
[delivery_robot_main_controller-20] [0m[INFO] [1773385169.362148189] [main_controller_node]: Enter to wait_for_load_in_loop and wait for timeout...in 11.899728298187256 seconds[0m
[delivery_robot_main_controller-20] [0m[INFO] [1773385170.294169739] [main_controller_node]: Current state: STANDBY, dock_state IDLE, charge_state NOT_CHARGE[0m
[delivery_robot_main_controller-20] [0m[INFO] [1773385171.277158669] [main_controller_node]: Current state: STANDBY, dock_state IDLE, charge_state NOT_CHARGE[0m
[delivery_robot_main_controller-20] [0m[INFO] [1773385171.339033380] [main_controller_node]: Enter to wait_for_load_in_loop and wait for timeout...in 9.921568155288696 seconds[0m
[robot_sound-21] [0m[INFO] [1773385171.712173320] [robot_sound_node]: Obstacle detected but sound alarm disabled.[0m
[delivery_robot_main_controller-20] [0m[INFO] [1773385172.280182580] [main_controller_node]: Current state: STANDBY, dock_state IDLE, charge_state NOT_CHARGE[0m
[delivery_robot_main_controller-20] [0m[INFO] [1773385173.296784512] [main_controller_node]: Current state: STANDBY, dock_state IDLE, charge_state NOT_CHARGE[0m
[delivery_robot_main_controller-20] [0m[INFO] [1773385173.368726879] [main_controller_node]: Enter to wait_for_load_in_loop and wait for timeout...in 7.893146991729736 seconds[0m
[delivery_robot_main_controller-20] [0m[INFO] [1773385174.303331330] [main_controller_node]: Current state: STANDBY, dock_state IDLE, charge_state NOT_CHARGE[0m
[delivery_robot_main_controller-20] [0m[INFO] [1773385175.293806764] [main_controller_node]: Current state: STANDBY, dock_state IDLE, charge_state NOT_CHARGE[0m
[delivery_robot_main_controller-20] [0m[INFO] [1773385175.371149423] [main_controller_node]: Enter to wait_for_load_in_loop and wait for timeout...in 5.890965700149536 seconds[0m
[delivery_robot_main_controller-20] [0m[INFO] [1773385176.284837219] [main_controller_node]: Current state: STANDBY, dock_state IDLE, charge_state NOT_CHARGE[0m
[delivery_robot_main_controller-20] [0m[INFO] [1773385177.282485044] [main_controller_node]: Current state: STANDBY, dock_state IDLE, charge_state NOT_CHARGE[0m
[delivery_robot_main_controller-20] [0m[INFO] [1773385177.348366226] [main_controller_node]: Enter to wait_for_load_in_loop and wait for timeout...in 3.9122231006622314 seconds[0m
[delivery_robot_main_controller-20] [0m[INFO] [1773385178.281022711] [main_controller_node]: Current state: STANDBY, dock_state IDLE, charge_state NOT_CHARGE[0m
[delivery_robot_main_controller-20] [0m[INFO] [1773385179.286025796] [main_controller_node]: Current state: STANDBY, dock_state IDLE, charge_state NOT_CHARGE[0m
[delivery_robot_main_controller-20] [0m[INFO] [1773385179.355267433] [main_controller_node]: Enter to wait_for_load_in_loop and wait for timeout...in 1.9052989482879639 seconds[0m
[delivery_robot_main_controller-20] [0m[INFO] [1773385180.319449833] [main_controller_node]: Current state: STANDBY, dock_state IDLE, charge_state NOT_CHARGE[0m
[delivery_robot_main_controller-20] [0m[INFO] [1773385181.300139059] [main_controller_node]: Current state: STANDBY, dock_state IDLE, charge_state NOT_CHARGE[0m
[delivery_robot_main_controller-20] [0m[INFO] [1773385181.362967775] [main_controller_node]: No pending queue found or unexpected format.[0m
[delivery_robot_main_controller-20] [0m[INFO] [1773385182.282933455] [main_controller_node]: Current state: STANDBY, dock_state IDLE, charge_state NOT_CHARGE[0m
[robot_sound-21] [0m[INFO] [1773385182.524123497] [robot_sound_node]: Obstacle detected but sound alarm disabled.[0m
[delivery_robot_main_controller-20] [0m[INFO] [1773385183.283774033] [main_controller_node]: Current state: STANDBY, dock_state IDLE, charge_state NOT_CHARGE[0m
[delivery_robot_main_controller-20] [0m[INFO] [1773385183.384674580] [main_controller_node]: No pending queue found or unexpected format.[0m
[delivery_robot_main_controller-20] [0m[INFO] [1773385184.338097810] [main_controller_node]: Current state: STANDBY, dock_state IDLE, charge_state NOT_CHARGE[0m
[delivery_robot_main_controller-20] [0m[INFO] [1773385185.285282238] [main_controller_node]: Current state: STANDBY, dock_state IDLE, charge_state NOT_CHARGE[0m
[delivery_robot_main_controller-20] [0m[INFO] [1773385185.366646534] [main_controller_node]: No pending queue found or unexpected format.[0m
[delivery_robot_main_controller-20] [0m[INFO] [1773385186.355114504] [main_controller_node]: Current state: STANDBY, dock_state IDLE, charge_state NOT_CHARGE[0m
[delivery_robot_main_controller-20] [0m[INFO] [1773385187.278869663] [main_controller_node]: Current state: STANDBY, dock_state IDLE, charge_state NOT_CHARGE[0m
[delivery_robot_main_controller-20] [0m[INFO] [1773385187.349614783] [main_controller_node]: No pending queue found or unexpected format.[0m
[delivery_robot_main_controller-20] [0m[INFO] [1773385188.280327093] [main_controller_node]: Current state: STANDBY, dock_state IDLE, charge_state NOT_CHARGE[0m
[delivery_robot_main_controller-20] [0m[INFO] [1773385189.346841486] [main_controller_node]: Current state: STANDBY, dock_state IDLE, charge_state NOT_CHARGE[0m
[delivery_robot_main_controller-20] [0m[INFO] [1773385189.421649950] [main_controller_node]: No pending queue found or unexpected format.[0m
[delivery_robot_main_controller-20] [0m[INFO] [1773385190.289712912] [main_controller_node]: Current state: STANDBY, dock_state IDLE, charge_state NOT_CHARGE[0m
[delivery_robot_main_controller-20] [0m[INFO] [1773385191.308999825] [main_controller_node]: Current state: STANDBY, dock_state IDLE, charge_state NOT_CHARGE[0m
[delivery_robot_main_controller-20] [0m[INFO] [1773385191.409243855] [main_controller_node]: No pending queue found or unexpected format.[0m
[delivery_robot_main_controller-20] [0m[INFO] [1773385192.313870790] [main_controller_node]: Current state: STANDBY, dock_state IDLE, charge_state NOT_CHARGE[0m
[delivery_robot_main_controller-20] [0m[INFO] [1773385193.281120531] [main_controller_node]: Current state: STANDBY, dock_state IDLE, charge_state NOT_CHARGE[0m
[delivery_robot_main_controller-20] [0m[INFO] [1773385193.368706714] [main_controller_node]: 1 pending queues [0m
[delivery_robot_main_controller-20] [0m[INFO] [1773385193.373592527] [main_controller_node]: Queue action: Request[0m
[delivery_robot_main_controller-20] [0m[INFO] [1773385193.454730790] [main_controller_node]: AGV start_pos: x=3.33, y=-0.74[0m
[delivery_robot_main_controller-20] [0m[INFO] [1773385193.455328393] [main_controller_node]: AGV goal_pos: x=-0.32, y=-7.98[0m
[delivery_robot_main_controller-20] Graph before shortest_path: Graph with 11 nodes and 10 edges
[delivery_robot_main_controller-20] [0m[INFO] [1773385193.479029192] [main_controller_node]: Computed AGV path waypoints:[0m
[delivery_robot_main_controller-20] [0m[INFO] [1773385193.479702333] [main_controller_node]:   Waypoint 0: x=3.33, y=-0.74[0m
[delivery_robot_main_controller-20] [0m[INFO] [1773385193.480346600] [main_controller_node]:   Waypoint 1: x=1.99, y=-1.51[0m
[delivery_robot_main_controller-20] [0m[INFO] [1773385193.480962868] [main_controller_node]:   Waypoint 2: x=2.11, y=-6.76[0m
[delivery_robot_main_controller-20] [0m[INFO] [1773385193.481563095] [main_controller_node]:   Waypoint 3: x=-0.34, y=-6.81[0m
[delivery_robot_main_controller-20] [0m[INFO] [1773385193.482147572] [main_controller_node]:   Waypoint 4: x=-0.32, y=-7.98[0m
[delivery_robot_main_controller-20] [0m[INFO] [1773385193.483586892] [main_controller_node]: Navigating with 5 goals....[0m
[bt_navigator-14] [INFO] [1773385193.484592812] [bt_navigator]: Begin navigating from current location through 5 poses to (-0.32, -7.98)
[controller_server-10] [INFO] [1773385193.485098834] [local_costmap.local_costmap]: Received request to clear entirely the local_costmap
[controller_server-10] [INFO] [1773385193.496560020] [local_costmap.local_costmap]: KeepoutFilter: Subscribing to "/keepout_costmap_filter_info" topic for filter info...
[planner_server-12] [INFO] [1773385193.506526179] [global_costmap.global_costmap]: Received request to clear entirely the global_costmap
[controller_server-10] [INFO] [1773385193.506742879] [local_costmap.local_costmap]: KeepoutFilter: Received filter info from /keepout_costmap_filter_info topic.
[controller_server-10] [INFO] [1773385193.507115032] [local_costmap.local_costmap]: KeepoutFilter: Subscribing to "/keepout_filter_mask" topic for filter mask...
[planner_server-12] [INFO] [1773385193.524421868] [global_costmap.global_costmap]: KeepoutFilter: Subscribing to "/keepout_costmap_filter_info" topic for filter info...
[planner_server-12] [INFO] [1773385193.540977691] [global_costmap.global_costmap]: KeepoutFilter: Received filter info from /keepout_costmap_filter_info topic.
[planner_server-12] [INFO] [1773385193.542670460] [global_costmap.global_costmap]: KeepoutFilter: Subscribing to "/keepout_filter_mask" topic for filter mask...
[controller_server-10] [WARN] [1773385193.543025988] [local_costmap.local_costmap]: KeepoutFilter: New filter mask arrived from /keepout_filter_mask topic. Updating old filter mask.
[delivery_robot_main_controller-20] [0m[INFO] [1773385193.558628390] [main_controller_node]: State change: STANDBY -> MOVE[0m
[planner_server-12] [WARN] [1773385193.562834353] [global_costmap.global_costmap]: KeepoutFilter: New filter mask arrived from /keepout_filter_mask topic. Updating old filter mask.
[delivery_robot_main_controller-20] [0m[INFO] [1773385193.571742970] [main_controller_node]: Robot is MOVING.[0m
[call_robot_button-22] 2026-03-13 13:59:53 mosquitto_pub -u smr -P smrbot25 -m "Packing,blink" -t "Rsp" -r
[call_robot_button-22] [0m[INFO] [1773385193.662806561] [call_robot_button_node]: call_switch notified: station=Packing status=blink.[0m
[controller_server-10] [INFO] [1773385193.716456296] [controller_server]: Received a goal, begin computing control effort.
[controller_server-10] [INFO] [1773385193.916764697] [controller_server]: Passing new path to controller.
[controller_server-10] [INFO] [1773385194.016763738] [controller_server]: Passing new path to controller.
[robot_sound-21] [0m[INFO] [1773385194.122811129] [robot_sound_node]: Obstacle detected but sound alarm disabled.[0m
[controller_server-10] [INFO] [1773385194.216774651] [controller_server]: Passing new path to controller.
[controller_server-10] [INFO] [1773385194.316776316] [controller_server]: Passing new path to controller.
[controller_server-10] [INFO] [1773385194.516753106] [controller_server]: Passing new path to controller.
[controller_server-10] [INFO] [1773385194.716799310] [controller_server]: Passing new path to controller.
[controller_server-10] [INFO] [1773385194.816754601] [controller_server]: Passing new path to controller.
[controller_server-10] [INFO] [1773385195.016793222] [controller_server]: Passing new path to controller.
[controller_server-10] [INFO] [1773385195.116831053] [controller_server]: Passing new path to controller.
[controller_server-10] [INFO] [1773385195.216793928] [controller_server]: Passing new path to controller.
[controller_server-10] [INFO] [1773385195.416891171] [controller_server]: Passing new path to controller.
[controller_server-10] [INFO] [1773385195.516797465] [controller_server]: Passing new path to controller.
[controller_server-10] [INFO] [1773385195.616798838] [controller_server]: Passing new path to controller.
[controller_server-10] [INFO] [1773385195.816749671] [controller_server]: Passing new path to controller.
[controller_server-10] [INFO] [1773385195.916750461] [controller_server]: Passing new path to controller.
[controller_server-10] [INFO] [1773385196.016759709] [controller_server]: Passing new path to controller.
[controller_server-10] [INFO] [1773385196.216746415] [controller_server]: Passing new path to controller.
[controller_server-10] [INFO] [1773385196.316793287] [controller_server]: Passing new path to controller.
[controller_server-10] [INFO] [1773385196.416750912] [controller_server]: Passing new path to controller.
[controller_server-10] [INFO] [1773385196.616766492] [controller_server]: Passing new path to controller.
[controller_server-10] [INFO] [1773385196.716761449] [controller_server]: Passing new path to controller.
[controller_server-10] [INFO] [1773385196.816754073] [controller_server]: Passing new path to controller.
[controller_server-10] [INFO] [1773385197.016837900] [controller_server]: Passing new path to controller.
[controller_server-10] [INFO] [1773385197.116830815] [controller_server]: Passing new path to controller.
[controller_server-10] [INFO] [1773385197.216807690] [controller_server]: Passing new path to controller.
[controller_server-10] [INFO] [1773385197.416811312] [controller_server]: Passing new path to controller.
[controller_server-10] [INFO] [1773385197.516803644] [controller_server]: Passing new path to controller.
[controller_server-10] [INFO] [1773385197.616802392] [controller_server]: Passing new path to controller.
[controller_server-10] [INFO] [1773385197.816791140] [controller_server]: Passing new path to controller.
[controller_server-10] [INFO] [1773385197.916821096] [controller_server]: Passing new path to controller.
[controller_server-10] [INFO] [1773385198.016805261] [controller_server]: Passing new path to controller.
[controller_server-10] [WARN] [1773385198.229792802] [controller_server]: Control loop missed its desired rate of 10.0000 Hz. Current loop rate is 8.8513 Hz.
[controller_server-10] [INFO] [1773385198.229885257] [controller_server]: Passing new path to controller.
[controller_server-10] [INFO] [1773385198.316756592] [controller_server]: Passing new path to controller.
[controller_server-10] [INFO] [1773385198.416795006] [controller_server]: Passing new path to controller.
[controller_server-10] [INFO] [1773385198.616755463] [controller_server]: Passing new path to controller.
[controller_server-10] [INFO] [1773385198.716769669] [controller_server]: Passing new path to controller.
[controller_server-10] [INFO] [1773385198.816815375] [controller_server]: Passing new path to controller.
[controller_server-10] [INFO] [1773385199.016795956] [controller_server]: Passing new path to controller.
[controller_server-10] [INFO] [1773385199.216826410] [controller_server]: Passing new path to controller.
[controller_server-10] [INFO] [1773385199.316799493] [controller_server]: Passing new path to controller.
[controller_server-10] [INFO] [1773385199.416749535] [controller_server]: Passing new path to controller.
[controller_server-10] [INFO] [1773385199.716753947] [controller_server]: Passing new path to controller.
[controller_server-10] [INFO] [1773385199.816757362] [controller_server]: Passing new path to controller.
[controller_server-10] [INFO] [1773385200.016760984] [controller_server]: Passing new path to controller.
[controller_server-10] [INFO] [1773385200.116750108] [controller_server]: Passing new path to controller.
[controller_server-10] [INFO] [1773385200.216745649] [controller_server]: Passing new path to controller.
[controller_server-10] [INFO] [1773385200.316793395] [controller_server]: Passing new path to controller.
[controller_server-10] [INFO] [1773385200.516759977] [controller_server]: Passing new path to controller.
[controller_server-10] [INFO] [1773385200.616751143] [controller_server]: Passing new path to controller.
[controller_server-10] [INFO] [1773385200.716795389] [controller_server]: Passing new path to controller.
[controller_server-10] [INFO] [1773385200.916793470] [controller_server]: Passing new path to controller.
[controller_server-10] [INFO] [1773385201.016757511] [controller_server]: Passing new path to controller.
[controller_server-10] [INFO] [1773385201.216752384] [controller_server]: Passing new path to controller.
[controller_server-10] [INFO] [1773385201.316754924] [controller_server]: Passing new path to controller.
[controller_server-10] [INFO] [1773385201.416798879] [controller_server]: Passing new path to controller.
[call_robot_button-22] 2026-03-13 14:00:01 mosquitto_pub -u smr -P smrbot25 -m "Production1,true" -t "Rsp" -r
[call_robot_button-22] [0m[INFO] [1773385201.592754923] [call_robot_button_node]: call_switch notified: station=Production1 status=true.[0m
[controller_server-10] [INFO] [1773385201.616809792] [controller_server]: Passing new path to controller.
[controller_server-10] [INFO] [1773385201.716750502] [controller_server]: Passing new path to controller.
[controller_server-10] [INFO] [1773385201.816758292] [controller_server]: Passing new path to controller.
[controller_server-10] [INFO] [1773385202.016751706] [controller_server]: Passing new path to controller.
[controller_server-10] [INFO] [1773385202.116765329] [controller_server]: Passing new path to controller.
[controller_server-10] [INFO] [1773385202.216762036] [controller_server]: Passing new path to controller.
[controller_server-10] [INFO] [1773385202.416750783] [controller_server]: Passing new path to controller.
[controller_server-10] [INFO] [1773385202.516935025] [controller_server]: Passing new path to controller.
[controller_server-10] [INFO] [1773385202.616796403] [controller_server]: Passing new path to controller.
[controller_server-10] [INFO] [1773385202.816796526] [controller_server]: Passing new path to controller.
[controller_server-10] [INFO] [1773385202.916796732] [controller_server]: Passing new path to controller.
[controller_server-10] [INFO] [1773385203.016748525] [controller_server]: Passing new path to controller.
[controller_server-10] [INFO] [1773385203.216797936] [controller_server]: Passing new path to controller.
[controller_server-10] [INFO] [1773385203.316774228] [controller_server]: Passing new path to controller.
[controller_server-10] [INFO] [1773385203.416798933] [controller_server]: Passing new path to controller.
[controller_server-10] [INFO] [1773385203.616790014] [controller_server]: Passing new path to controller.
[controller_server-10] [INFO] [1773385203.716788763] [controller_server]: Passing new path to controller.
[controller_server-10] [INFO] [1773385203.816774679] [controller_server]: Passing new path to controller.
[controller_server-10] [INFO] [1773385203.916809884] [controller_server]: Passing new path to controller.
[controller_server-10] [INFO] [1773385204.216778714] [controller_server]: Passing new path to controller.
[controller_server-10] [INFO] [1773385204.316774838] [controller_server]: Passing new path to controller.
[controller_server-10] [INFO] [1773385204.416797502] [controller_server]: Passing new path to controller.
[controller_server-10] [INFO] [1773385204.716795790] [controller_server]: Passing new path to controller.
[controller_server-10] [INFO] [1773385204.816748165] [controller_server]: Passing new path to controller.
[controller_server-10] [INFO] [1773385204.916748080] [controller_server]: Passing new path to controller.
[controller_server-10] [INFO] [1773385205.016747121] [controller_server]: Passing new path to controller.
[controller_server-10] [INFO] [1773385205.216751909] [controller_server]: Passing new path to controller.
[controller_server-10] [INFO] [1773385205.316747741] [controller_server]: Passing new path to controller.
[controller_server-10] [INFO] [1773385205.416757281] [controller_server]: Passing new path to controller.
[controller_server-10] [INFO] [1773385205.616840817] [controller_server]: Passing new path to controller.
[controller_server-10] [INFO] [1773385205.716812733] [controller_server]: Passing new path to controller.
[controller_server-10] [INFO] [1773385205.816767442] [controller_server]: Passing new path to controller.
[controller_server-10] [INFO] [1773385206.016794396] [controller_server]: Passing new path to controller.
[controller_server-10] [INFO] [1773385206.116793145] [controller_server]: Passing new path to controller.
[controller_server-10] [INFO] [1773385206.216795976] [controller_server]: Passing new path to controller.
[controller_server-10] [INFO] [1773385206.416748559] [controller_server]: Passing new path to controller.
[controller_server-10] [INFO] [1773385206.516761890] [controller_server]: Passing new path to controller.
[controller_server-10] [INFO] [1773385206.616748681] [controller_server]: Passing new path to controller.
[controller_server-10] [INFO] [1773385206.716792636] [controller_server]: Passing new path to controller.
[controller_server-10] [INFO] [1773385206.916794508] [controller_server]: Passing new path to controller.
[controller_server-10] [INFO] [1773385207.016794423] [controller_server]: Passing new path to controller.
[controller_server-10] [INFO] [1773385207.116796672] [controller_server]: Passing new path to controller.
[controller_server-10] [INFO] [1773385207.217175156] [controller_server]: Passing new path to controller.
[controller_server-10] [INFO] [1773385207.416790584] [controller_server]: Passing new path to controller.
[controller_server-10] [INFO] [1773385207.516801582] [controller_server]: Passing new path to controller.
[controller_server-10] [INFO] [1773385207.616810539] [controller_server]: Passing new path to controller.
[controller_server-10] [INFO] [1773385207.716830870] [controller_server]: Passing new path to controller.
[controller_server-10] [INFO] [1773385207.916826617] [controller_server]: Passing new path to controller.
[controller_server-10] [INFO] [1773385208.016788909] [controller_server]: Passing new path to controller.
[controller_server-10] [INFO] [1773385208.116832864] [controller_server]: Passing new path to controller.
[controller_server-10] [INFO] [1773385208.216824613] [controller_server]: Passing new path to controller.
[controller_server-10] [INFO] [1773385208.416758821] [controller_server]: Passing new path to controller.
[controller_server-10] [INFO] [1773385208.516751153] [controller_server]: Passing new path to controller.
[controller_server-10] [INFO] [1773385208.716746025] [controller_server]: Passing new path to controller.
[controller_server-10] [INFO] [1773385208.816805730] [controller_server]: Passing new path to controller.
[controller_server-10] [INFO] [1773385208.916812353] [controller_server]: Passing new path to controller.
[controller_server-10] [INFO] [1773385209.216751143] [controller_server]: Passing new path to controller.
[controller_server-10] [INFO] [1773385209.316798015] [controller_server]: Passing new path to controller.
[controller_server-10] [INFO] [1773385209.416748057] [controller_server]: Passing new path to controller.
[controller_server-10] [INFO] [1773385209.616791052] [controller_server]: Passing new path to controller.
[controller_server-10] [INFO] [1773385209.716813717] [controller_server]: Passing new path to controller.
[controller_server-10] [INFO] [1773385209.816800799] [controller_server]: Passing new path to controller.
[controller_server-10] [INFO] [1773385209.916752299] [controller_server]: Passing new path to controller.
[controller_server-10] [INFO] [1773385210.116784212] [controller_server]: Passing new path to controller.
[controller_server-10] [INFO] [1773385210.218755135] [controller_server]: Passing new path to controller.
[controller_server-10] [INFO] [1773385210.316753418] [controller_server]: Passing new path to controller.
[controller_server-10] [INFO] [1773385210.416775500] [controller_server]: Passing new path to controller.
[controller_server-10] [INFO] [1773385210.616793996] [controller_server]: Passing new path to controller.
[controller_server-10] [INFO] [1773385210.716810535] [controller_server]: Passing new path to controller.
[controller_server-10] [INFO] [1773385210.816797618] [controller_server]: Passing new path to controller.
[controller_server-10] [INFO] [1773385210.916785284] [controller_server]: Passing new path to controller.
[controller_server-10] [INFO] [1773385211.116743116] [controller_server]: Passing new path to controller.
[controller_server-10] [INFO] [1773385211.216751780] [controller_server]: Passing new path to controller.
[controller_server-10] [INFO] [1773385211.316791069] [controller_server]: Passing new path to controller.
[controller_server-10] [INFO] [1773385211.516771359] [controller_server]: Passing new path to controller.
[controller_server-10] [INFO] [1773385211.616780899] [controller_server]: Passing new path to controller.
[controller_server-10] [INFO] [1773385211.716817271] [controller_server]: Passing new path to controller.
[controller_server-10] [INFO] [1773385211.916793185] [controller_server]: Passing new path to controller.
[controller_server-10] [INFO] [1773385212.016791059] [controller_server]: Passing new path to controller.
[controller_server-10] [INFO] [1773385212.116804099] [controller_server]: Passing new path to controller.
[controller_server-10] [INFO] [1773385212.216771640] [controller_server]: Passing new path to controller.
[controller_server-10] [INFO] [1773385212.416785470] [controller_server]: Passing new path to controller.
[controller_server-10] [INFO] [1773385212.516755053] [controller_server]: Passing new path to controller.
[controller_server-10] [INFO] [1773385212.616741261] [controller_server]: Passing new path to controller.
[controller_server-10] [INFO] [1773385212.716793965] [controller_server]: Passing new path to controller.
[controller_server-10] [INFO] [1773385212.916795546] [controller_server]: Passing new path to controller.
[controller_server-10] [INFO] [1773385213.016794586] [controller_server]: Passing new path to controller.
[controller_server-10] [INFO] [1773385213.116786918] [controller_server]: Passing new path to controller.
[controller_server-10] [INFO] [1773385213.216777501] [controller_server]: Passing new path to controller.
[controller_server-10] [INFO] [1773385213.416848787] [controller_server]: Passing new path to controller.
[controller_server-10] [INFO] [1773385213.516845202] [controller_server]: Passing new path to controller.
[controller_server-10] [INFO] [1773385213.716784951] [controller_server]: Passing new path to controller.
[controller_server-10] [INFO] [1773385213.816877613] [controller_server]: Passing new path to controller.
[controller_server-10] [INFO] [1773385213.916830572] [controller_server]: Passing new path to controller.
[controller_server-10] [INFO] [1773385214.116835652] [controller_server]: Passing new path to controller.
[controller_server-10] [INFO] [1773385214.216824484] [controller_server]: Passing new path to controller.
[controller_server-10] [INFO] [1773385214.316839566] [controller_server]: Passing new path to controller.
[controller_server-10] [INFO] [1773385214.416747026] [controller_server]: Passing new path to controller.
[controller_server-10] [INFO] [1773385214.716743563] [controller_server]: Passing new path to controller.
[controller_server-10] [INFO] [1773385214.816795102] [controller_server]: Passing new path to controller.
[controller_server-10] [INFO] [1773385214.916830890] [controller_server]: Passing new path to controller.
[controller_server-10] [INFO] [1773385215.016775974] [controller_server]: Passing new path to controller.
[controller_server-10] [INFO] [1773385215.216751014] [controller_server]: Passing new path to controller.
[controller_server-10] [INFO] [1773385215.316791761] [controller_server]: Passing new path to controller.
[controller_server-10] [INFO] [1773385215.416781468] [controller_server]: Passing new path to controller.
[controller_server-10] [INFO] [1773385215.516817841] [controller_server]: Passing new path to controller.
[controller_server-10] [INFO] [1773385215.716791422] [controller_server]: Passing new path to controller.
[controller_server-10] [INFO] [1773385215.816753130] [controller_server]: Passing new path to controller.
[controller_server-10] [INFO] [1773385215.916789503] [controller_server]: Passing new path to controller.
[controller_server-10] [INFO] [1773385216.116794874] [controller_server]: Passing new path to controller.
[controller_server-10] [INFO] [1773385216.216791581] [controller_server]: Passing new path to controller.
[controller_server-10] [INFO] [1773385216.316822704] [controller_server]: Passing new path to controller.
[controller_server-10] [INFO] [1773385216.416751455] [controller_server]: Passing new path to controller.
[controller_server-10] [INFO] [1773385216.616820700] [controller_server]: Passing new path to controller.
[controller_server-10] [INFO] [1773385216.716795241] [controller_server]: Passing new path to controller.
[controller_server-10] [INFO] [1773385216.816756949] [controller_server]: Passing new path to controller.
[controller_server-10] [INFO] [1773385217.016815694] [controller_server]: Passing new path to controller.
[controller_server-10] [INFO] [1773385217.116799860] [controller_server]: Passing new path to controller.
[controller_server-10] [INFO] [1773385217.216858398] [controller_server]: Passing new path to controller.
[controller_server-10] [INFO] [1773385217.218701369] [controller_server]: Reached the goal!
[controller_server-10] [INFO] [1773385217.219395509] [controller_server]: Optimizer reset
[bt_navigator-14] [INFO] [1773385217.255136722] [bt_navigator]: Goal succeeded
[delivery_robot_main_controller-20] [0m[INFO] [1773385217.377188416] [main_controller_node]: Goal succeeded![0m
[delivery_robot_main_controller-20] [0m[INFO] [1773385217.379022929] [main_controller_node]: State change: MOVE -> AFTER_MOVE[0m
[delivery_robot_main_controller-20] [0m[INFO] [1773385217.393332130] [main_controller_node]: Evaluating post-move action...[0m
[delivery_robot_main_controller-20] [0m[INFO] [1773385217.394182306] [main_controller_node]: Post-move action is: Request[0m
[delivery_robot_main_controller-20] [0m[INFO] [1773385217.394979109] [main_controller_node]: Published message: "arrive_target"[0m
[delivery_robot_main_controller-20] [0m[INFO] [1773385217.437064120] [main_controller_node]: Successfully removed queue ID: 1928[0m
[delivery_robot_main_controller-20] [0m[INFO] [1773385217.437752427] [main_controller_node]: Waiting 15s for LOAD_IN command...[0m
[delivery_robot_main_controller-20] [0m[INFO] [1773385217.438482732] [main_controller_node]: State change: AFTER_MOVE -> STANDBY[0m
[delivery_robot_main_controller-20] [0m[INFO] [1773385217.453267332] [main_controller_node]: Robot is in STANDBY mode.[0m
[delivery_robot_main_controller-20] [0m[INFO] [1773385217.475584226] [main_controller_node]: Current state: STANDBY, dock_state IDLE, charge_state NOT_CHARGE[0m
[delivery_robot_main_controller-20] [0m[INFO] [1773385217.534867286] [main_controller_node]: Enter to wait_for_load_in_loop and wait for timeout...in 14.903590679168701 seconds[0m
[call_robot_button-22] 2026-03-13 14:00:17 mosquitto_pub -u smr -P smrbot25 -m "Packing,false" -t "Rsp" -r
[call_robot_button-22] [0m[INFO] [1773385217.587650804] [call_robot_button_node]: call_switch notified: station=Packing status=false.[0m
[robot_sound-21] [0m[INFO] [1773385217.639188661] [robot_sound_node]: 🔔 Received sound command: arrive_target[0m
[robot_sound-21] Simple mixer control 'PCM',0
[robot_sound-21]   Capabilities: pvolume pswitch pswitch-joined
[robot_sound-21]   Playback channels: Front Left - Front Right
[robot_sound-21]   Limits: Playback 0 - 147
[robot_sound-21]   Mono:
[robot_sound-21]   Front Left: Playback 147 [100%] [-0.94dB] [on]
[robot_sound-21]   Front Right: Playback 147 [100%] [-0.94dB] [on]
[robot_sound-21] [0m[INFO] [1773385217.655751484] [robot_sound_node]: 🔊 Playing sound: /home/smr/workspaces/mini_amr/amrROS2_ws/sounds/robot_target.wav[0m
[robot_sound-21] Playing WAVE '/home/smr/workspaces/mini_amr/amrROS2_ws/sounds/robot_target.wav' : Signed 16 bit Little Endian, Rate 44100 Hz, Mono
[delivery_robot_main_controller-20] [0m[INFO] [1773385218.307427660] [main_controller_node]: Current state: STANDBY, dock_state IDLE, charge_state NOT_CHARGE[0m
[delivery_robot_main_controller-20] [0m[INFO] [1773385219.280104235] [main_controller_node]: Current state: STANDBY, dock_state IDLE, charge_state NOT_CHARGE[0m
[delivery_robot_main_controller-20] [0m[INFO] [1773385219.356629384] [main_controller_node]: Enter to wait_for_load_in_loop and wait for timeout...in 13.083061218261719 seconds[0m
[delivery_robot_main_controller-20] [0m[INFO] [1773385220.278048966] [main_controller_node]: Current state: STANDBY, dock_state IDLE, charge_state NOT_CHARGE[0m
[delivery_robot_main_controller-20] [0m[INFO] [1773385221.280478192] [main_controller_node]: Current state: STANDBY, dock_state IDLE, charge_state NOT_CHARGE[0m
[delivery_robot_main_controller-20] [0m[INFO] [1773385221.338436261] [main_controller_node]: Enter to wait_for_load_in_loop and wait for timeout...in 11.099994897842407 seconds[0m
[delivery_robot_main_controller-20] [0m[INFO] [1773385222.296883548] [main_controller_node]: Current state: STANDBY, dock_state IDLE, charge_state NOT_CHARGE[0m
[delivery_robot_main_controller-20] [0m[INFO] [1773385223.277223663] [main_controller_node]: Current state: STANDBY, dock_state IDLE, charge_state NOT_CHARGE[0m
[delivery_robot_main_controller-20] [0m[INFO] [1773385223.354899975] [main_controller_node]: Enter to wait_for_load_in_loop and wait for timeout...in 9.083562850952148 seconds[0m
[delivery_robot_main_controller-20] [0m[INFO] [1773385224.282137501] [main_controller_node]: Current state: STANDBY, dock_state IDLE, charge_state NOT_CHARGE[0m
[delivery_robot_main_controller-20] [0m[INFO] [1773385225.279706580] [main_controller_node]: Current state: STANDBY, dock_state IDLE, charge_state NOT_CHARGE[0m
[delivery_robot_main_controller-20] [0m[INFO] [1773385225.359850590] [main_controller_node]: Enter to wait_for_load_in_loop and wait for timeout...in 7.078701496124268 seconds[0m
[delivery_robot_main_controller-20] [0m[INFO] [1773385226.328924636] [main_controller_node]: Current state: STANDBY, dock_state IDLE, charge_state NOT_CHARGE[0m
[delivery_robot_main_controller-20] [0m[INFO] [1773385227.287734160] [main_controller_node]: Current state: STANDBY, dock_state IDLE, charge_state NOT_CHARGE[0m
[delivery_robot_main_controller-20] [0m[INFO] [1773385227.364610170] [main_controller_node]: Enter to wait_for_load_in_loop and wait for timeout...in 5.073899745941162 seconds[0m
[delivery_robot_main_controller-20] [0m[INFO] [1773385228.285554354] [main_controller_node]: Current state: STANDBY, dock_state IDLE, charge_state NOT_CHARGE[0m
[delivery_robot_main_controller-20] [0m[INFO] [1773385229.278047169] [main_controller_node]: Current state: STANDBY, dock_state IDLE, charge_state NOT_CHARGE[0m
[delivery_robot_main_controller-20] [0m[INFO] [1773385229.321626039] [main_controller_node]: Enter to wait_for_load_in_loop and wait for timeout...in 3.118457555770874 seconds[0m
[delivery_robot_main_controller-20] [0m[INFO] [1773385230.277228519] [main_controller_node]: Current state: STANDBY, dock_state IDLE, charge_state NOT_CHARGE[0m
[delivery_robot_main_controller-20] [0m[INFO] [1773385231.280312220] [main_controller_node]: Current state: STANDBY, dock_state IDLE, charge_state NOT_CHARGE[0m
[delivery_robot_main_controller-20] [0m[INFO] [1773385231.348736929] [main_controller_node]: Enter to wait_for_load_in_loop and wait for timeout...in 1.0901987552642822 seconds[0m
[delivery_robot_main_controller-20] [0m[INFO] [1773385232.330553695] [main_controller_node]: Current state: STANDBY, dock_state IDLE, charge_state NOT_CHARGE[0m
[delivery_robot_main_controller-20] [0m[INFO] [1773385233.292483932] [main_controller_node]: Current state: STANDBY, dock_state IDLE, charge_state NOT_CHARGE[0m
[delivery_robot_main_controller-20] [0m[INFO] [1773385233.394532144] [main_controller_node]: 1 pending queues [0m
[delivery_robot_main_controller-20] [0m[INFO] [1773385233.398195629] [main_controller_node]: Queue action: Request[0m
[delivery_robot_main_controller-20] [0m[INFO] [1773385233.478687292] [main_controller_node]: AGV start_pos: x=-0.32, y=-7.96[0m
[delivery_robot_main_controller-20] [0m[INFO] [1773385233.479285186] [main_controller_node]: AGV goal_pos: x=3.40, y=-0.73[0m
[delivery_robot_main_controller-20] Graph before shortest_path: Graph with 11 nodes and 10 edges
[delivery_robot_main_controller-20] [0m[INFO] [1773385233.499345541] [main_controller_node]: Computed AGV path waypoints:[0m
[delivery_robot_main_controller-20] [0m[INFO] [1773385233.500005558] [main_controller_node]:   Waypoint 0: x=-0.32, y=-7.96[0m
[delivery_robot_main_controller-20] [0m[INFO] [1773385233.500632909] [main_controller_node]:   Waypoint 1: x=-0.34, y=-6.81[0m
[delivery_robot_main_controller-20] [0m[INFO] [1773385233.501223511] [main_controller_node]:   Waypoint 2: x=2.11, y=-6.76[0m
[delivery_robot_main_controller-20] [0m[INFO] [1773385233.501804197] [main_controller_node]:   Waypoint 3: x=1.99, y=-1.51[0m
[delivery_robot_main_controller-20] [0m[INFO] [1773385233.502386341] [main_controller_node]:   Waypoint 4: x=3.40, y=-0.73[0m
[delivery_robot_main_controller-20] [0m[INFO] [1773385233.503739040] [main_controller_node]: Navigating with 5 goals....[0m
[bt_navigator-14] [INFO] [1773385233.504726002] [bt_navigator]: Begin navigating from current location through 5 poses to (3.40, -0.73)
[controller_server-10] [INFO] [1773385233.505478181] [local_costmap.local_costmap]: Received request to clear entirely the local_costmap
[controller_server-10] [INFO] [1773385233.519148074] [local_costmap.local_costmap]: KeepoutFilter: Subscribing to "/keepout_costmap_filter_info" topic for filter info...
[controller_server-10] [INFO] [1773385233.529242853] [local_costmap.local_costmap]: KeepoutFilter: Received filter info from /keepout_costmap_filter_info topic.
[controller_server-10] [INFO] [1773385233.529309642] [local_costmap.local_costmap]: KeepoutFilter: Subscribing to "/keepout_filter_mask" topic for filter mask...
[planner_server-12] [INFO] [1773385233.529056194] [global_costmap.global_costmap]: Received request to clear entirely the global_costmap
[controller_server-10] [WARN] [1773385233.562350125] [local_costmap.local_costmap]: KeepoutFilter: New filter mask arrived from /keepout_filter_mask topic. Updating old filter mask.
[call_robot_button-22] 2026-03-13 14:00:33 mosquitto_pub -u smr -P smrbot25 -m "Production1,blink" -t "Rsp" -r
[call_robot_button-22] [0m[INFO] [1773385233.616553713] [call_robot_button_node]: call_switch notified: station=Production1 status=blink.[0m
[planner_server-12] [INFO] [1773385233.659404612] [global_costmap.global_costmap]: KeepoutFilter: Subscribing to "/keepout_costmap_filter_info" topic for filter info...
[planner_server-12] [INFO] [1773385233.668555886] [global_costmap.global_costmap]: KeepoutFilter: Received filter info from /keepout_costmap_filter_info topic.
[planner_server-12] [INFO] [1773385233.668953412] [global_costmap.global_costmap]: KeepoutFilter: Subscribing to "/keepout_filter_mask" topic for filter mask...
[planner_server-12] [WARN] [1773385233.688105261] [global_costmap.global_costmap]: KeepoutFilter: New filter mask arrived from /keepout_filter_mask topic. Updating old filter mask.
[delivery_robot_main_controller-20] [0m[INFO] [1773385233.775109591] [main_controller_node]: State change: STANDBY -> MOVE[0m
[delivery_robot_main_controller-20] [0m[INFO] [1773385233.789755655] [main_controller_node]: Robot is MOVING.[0m
[planner_server-12] [WARN] [1773385234.166591454] [planner_server]: Planner loop missed its desired rate of 5.0000 Hz. Current loop rate is 2.0254 Hz
[controller_server-10] [INFO] [1773385234.187986425] [controller_server]: Received a goal, begin computing control effort.
[controller_server-10] [INFO] [1773385234.389102421] [controller_server]: Passing new path to controller.
[controller_server-10] [INFO] [1773385234.489139960] [controller_server]: Passing new path to controller.
[controller_server-10] [INFO] [1773385234.689101000] [controller_server]: Passing new path to controller.
[controller_server-10] [INFO] [1773385234.789102374] [controller_server]: Passing new path to controller.
[controller_server-10] [INFO] [1773385234.989100162] [controller_server]: Passing new path to controller.
[controller_server-10] [INFO] [1773385235.189108159] [controller_server]: Passing new path to controller.
[controller_server-10] [INFO] [1773385235.289098742] [controller_server]: Passing new path to controller.
[controller_server-10] [INFO] [1773385235.489134154] [controller_server]: Passing new path to controller.
[controller_server-10] [INFO] [1773385235.589108695] [controller_server]: Passing new path to controller.
[controller_server-10] [INFO] [1773385235.689091986] [controller_server]: Passing new path to controller.
[controller_server-10] [INFO] [1773385235.889099399] [controller_server]: Passing new path to controller.
[controller_server-10] [INFO] [1773385235.989103690] [controller_server]: Passing new path to controller.
[controller_server-10] [INFO] [1773385236.189099728] [controller_server]: Passing new path to controller.
[controller_server-10] [INFO] [1773385236.289096727] [controller_server]: Passing new path to controller.
[controller_server-10] [INFO] [1773385236.389101309] [controller_server]: Passing new path to controller.
[controller_server-10] [INFO] [1773385236.589100556] [controller_server]: Passing new path to controller.
[controller_server-10] [INFO] [1773385236.689136636] [controller_server]: Passing new path to controller.
[controller_server-10] [INFO] [1773385236.789104470] [controller_server]: Passing new path to controller.
[controller_server-10] [INFO] [1773385236.989106050] [controller_server]: Passing new path to controller.
[controller_server-10] [INFO] [1773385237.089102757] [controller_server]: Passing new path to controller.
[controller_server-10] [INFO] [1773385237.189101797] [controller_server]: Passing new path to controller.
[controller_server-10] [INFO] [1773385237.389099878] [controller_server]: Passing new path to controller.
[controller_server-10] [INFO] [1773385237.489100960] [controller_server]: Passing new path to controller.
[controller_server-10] [INFO] [1773385237.589105541] [controller_server]: Passing new path to controller.
[controller_server-10] [INFO] [1773385237.789104788] [controller_server]: Passing new path to controller.
[controller_server-10] [INFO] [1773385237.889099745] [controller_server]: Passing new path to controller.
[controller_server-10] [INFO] [1773385237.989101119] [controller_server]: Passing new path to controller.
[controller_server-10] [INFO] [1773385238.189102408] [controller_server]: Passing new path to controller.
[controller_server-10] [INFO] [1773385238.289096490] [controller_server]: Passing new path to controller.
[controller_server-10] [INFO] [1773385238.389134612] [controller_server]: Passing new path to controller.
[controller_server-10] [INFO] [1773385238.589109943] [controller_server]: Passing new path to controller.
[controller_server-10] [INFO] [1773385238.689095567] [controller_server]: Passing new path to controller.
[controller_server-10] [INFO] [1773385238.789097816] [controller_server]: Passing new path to controller.
[controller_server-10] [INFO] [1773385238.989337387] [controller_server]: Passing new path to controller.
[controller_server-10] [INFO] [1773385239.189135392] [controller_server]: Passing new path to controller.
[controller_server-10] [INFO] [1773385239.389108973] [controller_server]: Passing new path to controller.
[controller_server-10] [INFO] [1773385239.489097222] [controller_server]: Passing new path to controller.
[controller_server-10] [INFO] [1773385239.689106969] [controller_server]: Passing new path to controller.
[controller_server-10] [INFO] [1773385239.889100091] [controller_server]: Passing new path to controller.
[controller_server-10] [INFO] [1773385239.989100007] [controller_server]: Passing new path to controller.
[controller_server-10] [INFO] [1773385240.089094964] [controller_server]: Passing new path to controller.
[controller_server-10] [INFO] [1773385240.189104504] [controller_server]: Passing new path to controller.
[controller_server-10] [INFO] [1773385240.389098793] [controller_server]: Passing new path to controller.
[controller_server-10] [INFO] [1773385240.489135456] [controller_server]: Passing new path to controller.
[controller_server-10] [INFO] [1773385240.590005963] [controller_server]: Passing new path to controller.
[controller_server-10] [INFO] [1773385240.789105745] [controller_server]: Passing new path to controller.
[controller_server-10] [INFO] [1773385240.889099535] [controller_server]: Passing new path to controller.
[controller_server-10] [INFO] [1773385240.989095076] [controller_server]: Passing new path to controller.
[controller_server-10] [INFO] [1773385241.189100156] [controller_server]: Passing new path to controller.
[controller_server-10] [INFO] [1773385241.289101821] [controller_server]: Passing new path to controller.
[controller_server-10] [INFO] [1773385241.389109028] [controller_server]: Passing new path to controller.
[controller_server-10] [INFO] [1773385241.589101858] [controller_server]: Passing new path to controller.
[controller_server-10] [INFO] [1773385241.689100024] [controller_server]: Passing new path to controller.
[controller_server-10] [INFO] [1773385241.889097521] [controller_server]: Passing new path to controller.
[controller_server-10] [INFO] [1773385241.989100061] [controller_server]: Passing new path to controller.
[controller_server-10] [INFO] [1773385242.089099393] [controller_server]: Passing new path to controller.
[controller_server-10] [INFO] [1773385242.289105931] [controller_server]: Passing new path to controller.
[controller_server-10] [INFO] [1773385242.389098847] [controller_server]: Passing new path to controller.
[controller_server-10] [INFO] [1773385242.489097887] [controller_server]: Passing new path to controller.
[controller_server-10] [INFO] [1773385242.689096259] [controller_server]: Passing new path to controller.
[controller_server-10] [INFO] [1773385242.789100841] [controller_server]: Passing new path to controller.
[controller_server-10] [INFO] [1773385242.889100173] [controller_server]: Passing new path to controller.
[controller_server-10] [INFO] [1773385243.089099128] [controller_server]: Passing new path to controller.
[controller_server-10] [INFO] [1773385243.189105460] [controller_server]: Passing new path to controller.
[controller_server-10] [INFO] [1773385243.289099250] [controller_server]: Passing new path to controller.
[controller_server-10] [INFO] [1773385243.489097039] [controller_server]: Passing new path to controller.
[controller_server-10] [INFO] [1773385243.689131577] [controller_server]: Passing new path to controller.
[controller_server-10] [INFO] [1773385243.889185363] [controller_server]: Passing new path to controller.
[controller_server-10] [INFO] [1773385243.989209194] [controller_server]: Passing new path to controller.
[controller_server-10] [INFO] [1773385244.189290397] [controller_server]: Passing new path to controller.
[controller_server-10] [INFO] [1773385244.289138068] [controller_server]: Passing new path to controller.
[controller_server-10] [INFO] [1773385244.489133523] [controller_server]: Passing new path to controller.
[controller_server-10] [INFO] [1773385244.589302016] [controller_server]: Passing new path to controller.
[controller_server-10] [INFO] [1773385244.689452717] [controller_server]: Passing new path to controller.
[controller_server-10] [INFO] [1773385244.789104687] [controller_server]: Passing new path to controller.
[controller_server-10] [INFO] [1773385244.989100142] [controller_server]: Passing new path to controller.
[controller_server-10] [INFO] [1773385245.089103558] [controller_server]: Passing new path to controller.
[controller_server-10] [INFO] [1773385245.289131970] [controller_server]: Passing new path to controller.
[controller_server-10] [INFO] [1773385245.389149676] [controller_server]: Passing new path to controller.
[controller_server-10] [INFO] [1773385245.489128592] [controller_server]: Passing new path to controller.
[controller_server-10] [INFO] [1773385245.589111008] [controller_server]: Passing new path to controller.
[controller_server-10] [INFO] [1773385245.789107922] [controller_server]: Passing new path to controller.
[controller_server-10] [INFO] [1773385245.889096755] [controller_server]: Passing new path to controller.
[controller_server-10] [INFO] [1773385245.989098420] [controller_server]: Passing new path to controller.
[planner_server-12] [WARN] [1773385246.101799640] [planner_server]: GridBased plugin failed to plan from (1.83, -4.43) to (1.99, -1.51): "no valid path found"
[planner_server-12] [WARN] [1773385246.101919802] [planner_server]: [compute_path_through_poses] [ActionServer] Aborting handle.
[planner_server-12] [INFO] [1773385246.117253589] [global_costmap.global_costmap]: Received request to clear entirely the global_costmap
[planner_server-12] [INFO] [1773385246.120129020] [global_costmap.global_costmap]: KeepoutFilter: Subscribing to "/keepout_costmap_filter_info" topic for filter info...
[planner_server-12] [INFO] [1773385246.128432452] [global_costmap.global_costmap]: KeepoutFilter: Received filter info from /keepout_costmap_filter_info topic.
[planner_server-12] [INFO] [1773385246.128615320] [global_costmap.global_costmap]: KeepoutFilter: Subscribing to "/keepout_filter_mask" topic for filter mask...
[planner_server-12] [WARN] [1773385246.138904925] [global_costmap.global_costmap]: KeepoutFilter: New filter mask arrived from /keepout_filter_mask topic. Updating old filter mask.
[planner_server-12] [WARN] [1773385246.653210202] [planner_server]: GridBased plugin failed to plan from (1.78, -4.09) to (1.99, -1.51): "no valid path found"
[planner_server-12] [WARN] [1773385246.653333864] [planner_server]: [compute_path_through_poses] [ActionServer] Aborting handle.
[controller_server-10] [INFO] [1773385246.689096951] [controller_server]: Cancellation was successful. Stopping the robot.
[controller_server-10] [INFO] [1773385246.689183573] [controller_server]: [follow_path] [ActionServer] Client requested to cancel the goal. Cancelling.
[controller_server-10] [INFO] [1773385246.689832798] [local_costmap.local_costmap]: Received request to clear entirely the local_costmap
[controller_server-10] [INFO] [1773385246.689965501] [controller_server]: Optimizer reset
[controller_server-10] [INFO] [1773385246.693960306] [local_costmap.local_costmap]: KeepoutFilter: Subscribing to "/keepout_costmap_filter_info" topic for filter info...
[planner_server-12] [INFO] [1773385246.697559918] [global_costmap.global_costmap]: Received request to clear entirely the global_costmap
[controller_server-10] [INFO] [1773385246.697766411] [local_costmap.local_costmap]: KeepoutFilter: Received filter info from /keepout_costmap_filter_info topic.
[controller_server-10] [INFO] [1773385246.697906988] [local_costmap.local_costmap]: KeepoutFilter: Subscribing to "/keepout_filter_mask" topic for filter mask...
[planner_server-12] [INFO] [1773385246.705651025] [global_costmap.global_costmap]: KeepoutFilter: Subscribing to "/keepout_costmap_filter_info" topic for filter info...
[planner_server-12] [INFO] [1773385246.716261743] [global_costmap.global_costmap]: KeepoutFilter: Received filter info from /keepout_costmap_filter_info topic.
[planner_server-12] [INFO] [1773385246.716346031] [global_costmap.global_costmap]: KeepoutFilter: Subscribing to "/keepout_filter_mask" topic for filter mask...
[controller_server-10] [INFO] [1773385246.719171298] [local_costmap.local_costmap]: Received request to clear entirely the local_costmap
[controller_server-10] [INFO] [1773385246.723176603] [local_costmap.local_costmap]: KeepoutFilter: Subscribing to "/keepout_costmap_filter_info" topic for filter info...
[planner_server-12] [INFO] [1773385246.733397669] [global_costmap.global_costmap]: Received request to clear entirely the global_costmap
[controller_server-10] [INFO] [1773385246.735087813] [local_costmap.local_costmap]: KeepoutFilter: Received filter info from /keepout_costmap_filter_info topic.
[controller_server-10] [INFO] [1773385246.735174143] [local_costmap.local_costmap]: KeepoutFilter: Subscribing to "/keepout_filter_mask" topic for filter mask...
[planner_server-12] [INFO] [1773385246.737474138] [global_costmap.global_costmap]: KeepoutFilter: Subscribing to "/keepout_costmap_filter_info" topic for filter info...
[planner_server-12] [INFO] [1773385246.748286681] [global_costmap.global_costmap]: KeepoutFilter: Received filter info from /keepout_costmap_filter_info topic.
[planner_server-12] [INFO] [1773385246.748370387] [global_costmap.global_costmap]: KeepoutFilter: Subscribing to "/keepout_filter_mask" topic for filter mask...
[controller_server-10] [WARN] [1773385246.754330950] [local_costmap.local_costmap]: KeepoutFilter: New filter mask arrived from /keepout_filter_mask topic. Updating old filter mask.
[planner_server-12] [WARN] [1773385246.763478724] [global_costmap.global_costmap]: KeepoutFilter: New filter mask arrived from /keepout_filter_mask topic. Updating old filter mask.
[planner_server-12] [WARN] [1773385247.144775977] [planner_server]: GridBased plugin failed to plan from (1.79, -3.81) to (1.99, -1.51): "no valid path found"
[planner_server-12] [WARN] [1773385247.144891473] [planner_server]: [compute_path_through_poses] [ActionServer] Aborting handle.
[planner_server-12] [INFO] [1773385247.163493259] [global_costmap.global_costmap]: Received request to clear entirely the global_costmap
[planner_server-12] [INFO] [1773385247.167370527] [global_costmap.global_costmap]: KeepoutFilter: Subscribing to "/keepout_costmap_filter_info" topic for filter info...
[planner_server-12] [INFO] [1773385247.171082718] [global_costmap.global_costmap]: KeepoutFilter: Received filter info from /keepout_costmap_filter_info topic.
[planner_server-12] [INFO] [1773385247.171289210] [global_costmap.global_costmap]: KeepoutFilter: Subscribing to "/keepout_filter_mask" topic for filter mask...
[planner_server-12] [WARN] [1773385247.186816656] [global_costmap.global_costmap]: KeepoutFilter: New filter mask arrived from /keepout_filter_mask topic. Updating old filter mask.
[planner_server-12] [WARN] [1773385247.674833567] [planner_server]: GridBased plugin failed to plan from (1.78, -3.54) to (1.99, -1.51): "no valid path found"
[planner_server-12] [WARN] [1773385247.674956354] [planner_server]: [compute_path_through_poses] [ActionServer] Aborting handle.
[behavior_server-13] [INFO] [1773385247.694587685] [behavior_server]: Running wait
[behavior_server-13] [INFO] [1773385252.694906308] [behavior_server]: wait completed successfully
[controller_server-10] [INFO] [1773385252.713455305] [local_costmap.local_costmap]: Received request to clear entirely the local_costmap
[controller_server-10] [INFO] [1773385252.717186454] [local_costmap.local_costmap]: KeepoutFilter: Subscribing to "/keepout_costmap_filter_info" topic for filter info...
[planner_server-12] [INFO] [1773385252.719820686] [global_costmap.global_costmap]: Received request to clear entirely the global_costmap
[controller_server-10] [INFO] [1773385252.721640908] [local_costmap.local_costmap]: KeepoutFilter: Received filter info from /keepout_costmap_filter_info topic.
[controller_server-10] [INFO] [1773385252.721721113] [local_costmap.local_costmap]: KeepoutFilter: Subscribing to "/keepout_filter_mask" topic for filter mask...
[planner_server-12] [INFO] [1773385252.727886710] [global_costmap.global_costmap]: KeepoutFilter: Subscribing to "/keepout_costmap_filter_info" topic for filter info...
[planner_server-12] [INFO] [1773385252.738761085] [global_costmap.global_costmap]: KeepoutFilter: Received filter info from /keepout_costmap_filter_info topic.
[planner_server-12] [INFO] [1773385252.738851206] [global_costmap.global_costmap]: KeepoutFilter: Subscribing to "/keepout_filter_mask" topic for filter mask...
[controller_server-10] [WARN] [1773385252.742975215] [local_costmap.local_costmap]: KeepoutFilter: New filter mask arrived from /keepout_filter_mask topic. Updating old filter mask.
[planner_server-12] [WARN] [1773385252.768089085] [global_costmap.global_costmap]: KeepoutFilter: New filter mask arrived from /keepout_filter_mask topic. Updating old filter mask.
[planner_server-12] [WARN] [1773385253.181504023] [planner_server]: GridBased plugin failed to plan from (1.81, -3.23) to (1.99, -1.51): "no valid path found"
[planner_server-12] [WARN] [1773385253.181623602] [planner_server]: [compute_path_through_poses] [ActionServer] Aborting handle.
[planner_server-12] [INFO] [1773385253.193836092] [global_costmap.global_costmap]: Received request to clear entirely the global_costmap
[planner_server-12] [INFO] [1773385253.198499080] [global_costmap.global_costmap]: KeepoutFilter: Subscribing to "/keepout_costmap_filter_info" topic for filter info...
[planner_server-12] [INFO] [1773385253.203018865] [global_costmap.global_costmap]: KeepoutFilter: Received filter info from /keepout_costmap_filter_info topic.
[planner_server-12] [INFO] [1773385253.203135527] [global_costmap.global_costmap]: KeepoutFilter: Subscribing to "/keepout_filter_mask" topic for filter mask...
[planner_server-12] [WARN] [1773385253.222683444] [global_costmap.global_costmap]: KeepoutFilter: New filter mask arrived from /keepout_filter_mask topic. Updating old filter mask.
[planner_server-12] [WARN] [1773385253.648016008] [planner_server]: GridBased plugin failed to plan from (1.81, -3.23) to (1.99, -1.51): "no valid path found"
[planner_server-12] [WARN] [1773385253.648122463] [planner_server]: [compute_path_through_poses] [ActionServer] Aborting handle.
[controller_server-10] [INFO] [1773385253.664246636] [local_costmap.local_costmap]: Received request to clear entirely the local_costmap
[controller_server-10] [INFO] [1773385253.667428889] [local_costmap.local_costmap]: KeepoutFilter: Subscribing to "/keepout_costmap_filter_info" topic for filter info...
[controller_server-10] [INFO] [1773385253.671500691] [local_costmap.local_costmap]: KeepoutFilter: Received filter info from /keepout_costmap_filter_info topic.
[controller_server-10] [INFO] [1773385253.671641852] [local_costmap.local_costmap]: KeepoutFilter: Subscribing to "/keepout_filter_mask" topic for filter mask...
[planner_server-12] [INFO] [1773385253.679406888] [global_costmap.global_costmap]: Received request to clear entirely the global_costmap
[planner_server-12] [INFO] [1773385253.685133835] [global_costmap.global_costmap]: KeepoutFilter: Subscribing to "/keepout_costmap_filter_info" topic for filter info...
[controller_server-10] [WARN] [1773385253.690481338] [local_costmap.local_costmap]: KeepoutFilter: New filter mask arrived from /keepout_filter_mask topic. Updating old filter mask.
[controller_server-10] [INFO] [1773385253.691799913] [local_costmap.local_costmap]: Received request to clear entirely the local_costmap
[planner_server-12] [INFO] [1773385253.696870635] [global_costmap.global_costmap]: KeepoutFilter: Received filter info from /keepout_costmap_filter_info topic.
[planner_server-12] [INFO] [1773385253.697048253] [global_costmap.global_costmap]: KeepoutFilter: Subscribing to "/keepout_filter_mask" topic for filter mask...
[controller_server-10] [INFO] [1773385253.702282594] [local_costmap.local_costmap]: KeepoutFilter: Subscribing to "/keepout_costmap_filter_info" topic for filter info...
[planner_server-12] [INFO] [1773385253.708323071] [global_costmap.global_costmap]: Received request to clear entirely the global_costmap
[planner_server-12] [INFO] [1773385253.713091346] [global_costmap.global_costmap]: KeepoutFilter: Subscribing to "/keepout_costmap_filter_info" topic for filter info...
[controller_server-10] [INFO] [1773385253.717263770] [local_costmap.local_costmap]: KeepoutFilter: Received filter info from /keepout_costmap_filter_info topic.
[controller_server-10] [INFO] [1773385253.718253648] [local_costmap.local_costmap]: KeepoutFilter: Subscribing to "/keepout_filter_mask" topic for filter mask...
[planner_server-12] [INFO] [1773385253.724822313] [global_costmap.global_costmap]: KeepoutFilter: Received filter info from /keepout_costmap_filter_info topic.
[planner_server-12] [INFO] [1773385253.725043680] [global_costmap.global_costmap]: KeepoutFilter: Subscribing to "/keepout_filter_mask" topic for filter mask...
[controller_server-10] [WARN] [1773385253.748325662] [local_costmap.local_costmap]: KeepoutFilter: New filter mask arrived from /keepout_filter_mask topic. Updating old filter mask.
[planner_server-12] [WARN] [1773385253.756440392] [global_costmap.global_costmap]: KeepoutFilter: New filter mask arrived from /keepout_filter_mask topic. Updating old filter mask.
[planner_server-12] [WARN] [1773385254.184359649] [planner_server]: GridBased plugin failed to plan from (1.81, -3.23) to (1.99, -1.51): "no valid path found"
[planner_server-12] [WARN] [1773385254.185182118] [planner_server]: [compute_path_through_poses] [ActionServer] Aborting handle.
[planner_server-12] [INFO] [1773385254.201054884] [global_costmap.global_costmap]: Received request to clear entirely the global_costmap
[planner_server-12] [INFO] [1773385254.205825493] [global_costmap.global_costmap]: KeepoutFilter: Subscribing to "/keepout_costmap_filter_info" topic for filter info...
[planner_server-12] [INFO] [1773385254.211290825] [global_costmap.global_costmap]: KeepoutFilter: Received filter info from /keepout_costmap_filter_info topic.
[planner_server-12] [INFO] [1773385254.211422945] [global_costmap.global_costmap]: KeepoutFilter: Subscribing to "/keepout_filter_mask" topic for filter mask...
[planner_server-12] [WARN] [1773385254.233577678] [global_costmap.global_costmap]: KeepoutFilter: New filter mask arrived from /keepout_filter_mask topic. Updating old filter mask.
[planner_server-12] [WARN] [1773385254.645065940] [planner_server]: GridBased plugin failed to plan from (1.81, -3.23) to (1.99, -1.51): "no valid path found"
[planner_server-12] [WARN] [1773385254.645182603] [planner_server]: [compute_path_through_poses] [ActionServer] Aborting handle.
[bt_navigator-14] [WARN] [1773385254.670188852] [bt_navigator]: [navigate_through_poses] [ActionServer] Aborting handle.
[bt_navigator-14] [ERROR] [1773385254.670410802] [bt_navigator]: Goal failed
[delivery_robot_main_controller-20] [33m[WARN] [1773385254.818386002] [main_controller_node]: Goal failed![0m
[delivery_robot_main_controller-20] [33m[WARN] [1773385254.820990777] [main_controller_node]: Blocked lane encountered; stopping with FAILED per setting.[0m
[delivery_robot_main_controller-20] [0m[INFO] [1773385254.825773636] [main_controller_node]: State change: MOVE -> SAFE_STOP[0m
[delivery_robot_main_controller-20] [0m[INFO] [1773385254.837022204] [main_controller_node]: Robot is in SAFE_STOP. Awaiting user to switch to STANDBY.[0m
[delivery_robot_main_controller-20] [0m[INFO] [1773385254.838045915] [main_controller_node]: Robot is in SAFE_STOP. Awaiting user to switch to STANDBY.[0m
[delivery_robot_main_controller-20] [0m[INFO] [1773385254.852866972] [main_controller_node]: Current state: SAFE_STOP, dock_state IDLE, charge_state NOT_CHARGE[0m
[delivery_robot_main_controller-20] [0m[INFO] [1773385255.355450324] [main_controller_node]: Current state: SAFE_STOP, dock_state IDLE, charge_state NOT_CHARGE[0m
[delivery_robot_main_controller-20] [0m[INFO] [1773385255.841057577] [main_controller_node]: Published message: "safe_stop"[0m
[robot_sound-21] [0m[INFO] [1773385256.053736254] [robot_sound_node]: 🔔 Received sound command: safe_stop[0m
[robot_sound-21] Simple mixer control 'PCM',0
[robot_sound-21]   Capabilities: pvolume pswitch pswitch-joined
[robot_sound-21]   Playback channels: Front Left - Front Right
[robot_sound-21]   Limits: Playback 0 - 147
[robot_sound-21]   Mono:
[robot_sound-21]   Front Left: Playback 147 [100%] [-0.94dB] [on]
[robot_sound-21]   Front Right: Playback 147 [100%] [-0.94dB] [on]
[robot_sound-21] [0m[INFO] [1773385256.083138044] [robot_sound_node]: 🔊 Playing sound: /home/smr/workspaces/mini_amr/amrROS2_ws/sounds/robot_safestop.wav[0m
[robot_sound-21] Playing WAVE '/home/smr/workspaces/mini_amr/amrROS2_ws/sounds/robot_safestop.wav' : Signed 16 bit Little Endian, Rate 22050 Hz, Mono
[delivery_robot_main_controller-20] [0m[INFO] [1773385256.279763420] [main_controller_node]: Current state: SAFE_STOP, dock_state IDLE, charge_state NOT_CHARGE[0m
[delivery_robot_main_controller-20] [0m[INFO] [1773385257.280702870] [main_controller_node]: Current state: SAFE_STOP, dock_state IDLE, charge_state NOT_CHARGE[0m
[delivery_robot_main_controller-20] [0m[INFO] [1773385258.345984727] [main_controller_node]: Current state: SAFE_STOP, dock_state IDLE, charge_state NOT_CHARGE[0m
[delivery_robot_main_controller-20] [0m[INFO] [1773385259.335142753] [main_controller_node]: Current state: SAFE_STOP, dock_state IDLE, charge_state NOT_CHARGE[0m
[delivery_robot_main_controller-20] [0m[INFO] [1773385260.306638706] [main_controller_node]: Current state: SAFE_STOP, dock_state IDLE, charge_state NOT_CHARGE[0m
[delivery_robot_main_controller-20] [0m[INFO] [1773385261.313857498] [main_controller_node]: Current state: SAFE_STOP, dock_state IDLE, charge_state NOT_CHARGE[0m
[delivery_robot_main_controller-20] [0m[INFO] [1773385262.279172106] [main_controller_node]: Current state: SAFE_STOP, dock_state IDLE, charge_state NOT_CHARGE[0m
[delivery_robot_main_controller-20] [0m[INFO] [1773385263.281460753] [main_controller_node]: Current state: SAFE_STOP, dock_state IDLE, charge_state NOT_CHARGE[0m
[delivery_robot_main_controller-20] [0m[INFO] [1773385264.318748934] [main_controller_node]: Current state: SAFE_STOP, dock_state IDLE, charge_state NOT_CHARGE[0m
[delivery_robot_main_controller-20] [0m[INFO] [1773385265.287035511] [main_controller_node]: Current state: SAFE_STOP, dock_state IDLE, charge_state NOT_CHARGE[0m
[delivery_robot_main_controller-20] [0m[INFO] [1773385266.296534465] [main_controller_node]: Current state: SAFE_STOP, dock_state IDLE, charge_state NOT_CHARGE[0m
[delivery_robot_main_controller-20] [0m[INFO] [1773385267.284483871] [main_controller_node]: Current state: SAFE_STOP, dock_state IDLE, charge_state NOT_CHARGE[0m
[delivery_robot_main_controller-20] [0m[INFO] [1773385268.282237568] [main_controller_node]: Current state: SAFE_STOP, dock_state IDLE, charge_state NOT_CHARGE[0m
[delivery_robot_main_controller-20] [0m[INFO] [1773385269.298488638] [main_controller_node]: Current state: SAFE_STOP, dock_state IDLE, charge_state NOT_CHARGE[0m
[delivery_robot_main_controller-20] [0m[INFO] [1773385270.334690694] [main_controller_node]: Current state: SAFE_STOP, dock_state IDLE, charge_state NOT_CHARGE[0m
[delivery_robot_main_controller-20] [0m[INFO] [1773385271.318019694] [main_controller_node]: Current state: SAFE_STOP, dock_state IDLE, charge_state NOT_CHARGE[0m
[delivery_robot_main_controller-20] [0m[INFO] [1773385272.280972767] [main_controller_node]: Current state: SAFE_STOP, dock_state IDLE, charge_state NOT_CHARGE[0m
[delivery_robot_main_controller-20] [0m[INFO] [1773385273.280332318] [main_controller_node]: Current state: SAFE_STOP, dock_state IDLE, charge_state NOT_CHARGE[0m
[delivery_robot_main_controller-20] [0m[INFO] [1773385274.278303590] [main_controller_node]: Current state: SAFE_STOP, dock_state IDLE, charge_state NOT_CHARGE[0m
[delivery_robot_main_controller-20] [0m[INFO] [1773385274.898403102] [main_controller_node]: Published message: "safe_stop"[0m
[delivery_robot_main_controller-20] [0m[INFO] [1773385274.906444919] [main_controller_node]: SAFE_STOP cleared to STANDBY via API/GUI.[0m
[delivery_robot_main_controller-20] [0m[INFO] [1773385274.908877326] [main_controller_node]: State change: SAFE_STOP -> STANDBY[0m
[delivery_robot_main_controller-20] [0m[INFO] [1773385274.918231884] [main_controller_node]: Robot is in STANDBY mode.[0m
[robot_sound-21] [0m[INFO] [1773385275.139250450] [robot_sound_node]: 🔔 Received sound command: safe_stop[0m
[robot_sound-21] Simple mixer control 'PCM',0
[robot_sound-21]   Capabilities: pvolume pswitch pswitch-joined
[robot_sound-21]   Playback channels: Front Left - Front Right
[robot_sound-21]   Limits: Playback 0 - 147
[robot_sound-21]   Mono:
[robot_sound-21]   Front Left: Playback 147 [100%] [-0.94dB] [on]
[robot_sound-21]   Front Right: Playback 147 [100%] [-0.94dB] [on]
[robot_sound-21] [0m[INFO] [1773385275.169487248] [robot_sound_node]: 🔊 Playing sound: /home/smr/workspaces/mini_amr/amrROS2_ws/sounds/robot_safestop.wav[0m
[robot_sound-21] Playing WAVE '/home/smr/workspaces/mini_amr/amrROS2_ws/sounds/robot_safestop.wav' : Signed 16 bit Little Endian, Rate 22050 Hz, Mono
[delivery_robot_main_controller-20] [0m[INFO] [1773385275.285754831] [main_controller_node]: Current state: STANDBY, dock_state IDLE, charge_state NOT_CHARGE[0m
[delivery_robot_main_controller-20] [0m[INFO] [1773385275.359904446] [main_controller_node]: 1 pending queues [0m
[delivery_robot_main_controller-20] [0m[INFO] [1773385275.363729508] [main_controller_node]: Queue action: Request[0m
[delivery_robot_main_controller-20] [0m[INFO] [1773385275.404542026] [main_controller_node]: AGV start_pos: x=1.81, y=-3.23[0m
[delivery_robot_main_controller-20] [0m[INFO] [1773385275.405292747] [main_controller_node]: AGV goal_pos: x=3.40, y=-0.73[0m
[delivery_robot_main_controller-20] Graph before shortest_path: Graph with 11 nodes and 10 edges
[delivery_robot_main_controller-20] [0m[INFO] [1773385275.426681594] [main_controller_node]: Computed AGV path waypoints:[0m
[delivery_robot_main_controller-20] [0m[INFO] [1773385275.429889221] [main_controller_node]:   Waypoint 0: x=1.81, y=-3.23[0m
[delivery_robot_main_controller-20] [0m[INFO] [1773385275.431101049] [main_controller_node]:   Waypoint 1: x=3.40, y=-0.73[0m
[delivery_robot_main_controller-20] [0m[INFO] [1773385275.432609200] [main_controller_node]: Navigating with 2 goals....[0m
[bt_navigator-14] [INFO] [1773385275.433895401] [bt_navigator]: Begin navigating from current location through 2 poses to (3.40, -0.73)
[controller_server-10] [INFO] [1773385275.434337550] [local_costmap.local_costmap]: Received request to clear entirely the local_costmap
[controller_server-10] [INFO] [1773385275.453110247] [local_costmap.local_costmap]: KeepoutFilter: Subscribing to "/keepout_costmap_filter_info" topic for filter info...
[controller_server-10] [INFO] [1773385275.457120218] [local_costmap.local_costmap]: KeepoutFilter: Received filter info from /keepout_costmap_filter_info topic.
[controller_server-10] [INFO] [1773385275.457191382] [local_costmap.local_costmap]: KeepoutFilter: Subscribing to "/keepout_filter_mask" topic for filter mask...
[planner_server-12] [INFO] [1773385275.457369292] [global_costmap.global_costmap]: Received request to clear entirely the global_costmap
[planner_server-12] [INFO] [1773385275.465175743] [global_costmap.global_costmap]: KeepoutFilter: Subscribing to "/keepout_costmap_filter_info" topic for filter info...
[controller_server-10] [WARN] [1773385275.474523009] [local_costmap.local_costmap]: KeepoutFilter: New filter mask arrived from /keepout_filter_mask topic. Updating old filter mask.
[planner_server-12] [INFO] [1773385275.477921087] [global_costmap.global_costmap]: KeepoutFilter: Received filter info from /keepout_costmap_filter_info topic.
[planner_server-12] [INFO] [1773385275.478067207] [global_costmap.global_costmap]: KeepoutFilter: Subscribing to "/keepout_filter_mask" topic for filter mask...
[planner_server-12] [WARN] [1773385275.494802690] [global_costmap.global_costmap]: KeepoutFilter: New filter mask arrived from /keepout_filter_mask topic. Updating old filter mask.
[planner_server-12] [WARN] [1773385275.649926658] [planner_server]: GridBased plugin failed to plan from (1.81, -3.23) to (3.40, -0.73): "no valid path found"
[planner_server-12] [WARN] [1773385275.650173398] [planner_server]: [compute_path_through_poses] [ActionServer] Aborting handle.
[planner_server-12] [INFO] [1773385275.665207072] [global_costmap.global_costmap]: Received request to clear entirely the global_costmap
[planner_server-12] [INFO] [1773385275.669331955] [global_costmap.global_costmap]: KeepoutFilter: Subscribing to "/keepout_costmap_filter_info" topic for filter info...
[planner_server-12] [INFO] [1773385275.676308063] [global_costmap.global_costmap]: KeepoutFilter: Received filter info from /keepout_costmap_filter_info topic.
[planner_server-12] [INFO] [1773385275.676389726] [global_costmap.global_costmap]: KeepoutFilter: Subscribing to "/keepout_filter_mask" topic for filter mask...
[planner_server-12] [WARN] [1773385275.685637247] [global_costmap.global_costmap]: KeepoutFilter: New filter mask arrived from /keepout_filter_mask topic. Updating old filter mask.
[delivery_robot_main_controller-20] [0m[INFO] [1773385275.786790076] [main_controller_node]: State change: STANDBY -> MOVE[0m
[delivery_robot_main_controller-20] [0m[INFO] [1773385275.806041671] [main_controller_node]: Robot is MOVING.[0m
[planner_server-12] [WARN] [1773385276.181489190] [planner_server]: GridBased plugin failed to plan from (1.81, -3.23) to (3.40, -0.73): "no valid path found"
[planner_server-12] [WARN] [1773385276.181700057] [planner_server]: [compute_path_through_poses] [ActionServer] Aborting handle.
[controller_server-10] [INFO] [1773385276.194565564] [local_costmap.local_costmap]: Received request to clear entirely the local_costmap
[controller_server-10] [INFO] [1773385276.198235173] [local_costmap.local_costmap]: KeepoutFilter: Subscribing to "/keepout_costmap_filter_info" topic for filter info...
[planner_server-12] [INFO] [1773385276.203152485] [global_costmap.global_costmap]: Received request to clear entirely the global_costmap
[controller_server-10] [INFO] [1773385276.205083827] [local_costmap.local_costmap]: KeepoutFilter: Received filter info from /keepout_costmap_filter_info topic.
[controller_server-10] [INFO] [1773385276.205423314] [local_costmap.local_costmap]: KeepoutFilter: Subscribing to "/keepout_filter_mask" topic for filter mask...
[planner_server-12] [INFO] [1773385276.208182667] [global_costmap.global_costmap]: KeepoutFilter: Subscribing to "/keepout_costmap_filter_info" topic for filter info...
[controller_server-10] [INFO] [1773385276.217589139] [local_costmap.local_costmap]: Received request to clear entirely the local_costmap
[planner_server-12] [INFO] [1773385276.219705975] [global_costmap.global_costmap]: KeepoutFilter: Received filter info from /keepout_costmap_filter_info topic.
[planner_server-12] [INFO] [1773385276.219825845] [global_costmap.global_costmap]: KeepoutFilter: Subscribing to "/keepout_filter_mask" topic for filter mask...
[controller_server-10] [INFO] [1773385276.229442601] [local_costmap.local_costmap]: KeepoutFilter: Subscribing to "/keepout_costmap_filter_info" topic for filter info...
[planner_server-12] [INFO] [1773385276.236336462] [global_costmap.global_costmap]: Received request to clear entirely the global_costmap
[planner_server-12] [INFO] [1773385276.241070614] [global_costmap.global_costmap]: KeepoutFilter: Subscribing to "/keepout_costmap_filter_info" topic for filter info...
[controller_server-10] [INFO] [1773385276.241669091] [local_costmap.local_costmap]: KeepoutFilter: Received filter info from /keepout_costmap_filter_info topic.
[controller_server-10] [INFO] [1773385276.241778462] [local_costmap.local_costmap]: KeepoutFilter: Subscribing to "/keepout_filter_mask" topic for filter mask...
[planner_server-12] [INFO] [1773385276.252167230] [global_costmap.global_costmap]: KeepoutFilter: Received filter info from /keepout_costmap_filter_info topic.
[planner_server-12] [INFO] [1773385276.252255602] [global_costmap.global_costmap]: KeepoutFilter: Subscribing to "/keepout_filter_mask" topic for filter mask...
[controller_server-10] [WARN] [1773385276.259871018] [local_costmap.local_costmap]: KeepoutFilter: New filter mask arrived from /keepout_filter_mask topic. Updating old filter mask.
[planner_server-12] [WARN] [1773385276.269543772] [global_costmap.global_costmap]: KeepoutFilter: New filter mask arrived from /keepout_filter_mask topic. Updating old filter mask.
[planner_server-12] [WARN] [1773385276.650671573] [planner_server]: GridBased plugin failed to plan from (1.81, -3.23) to (3.40, -0.73): "no valid path found"
[planner_server-12] [WARN] [1773385276.650790860] [planner_server]: [compute_path_through_poses] [ActionServer] Aborting handle.
[planner_server-12] [INFO] [1773385276.664525792] [global_costmap.global_costmap]: Received request to clear entirely the global_costmap
[planner_server-12] [INFO] [1773385276.668181693] [global_costmap.global_costmap]: KeepoutFilter: Subscribing to "/keepout_costmap_filter_info" topic for filter info...
[planner_server-12] [INFO] [1773385276.673342537] [global_costmap.global_costmap]: KeepoutFilter: Received filter info from /keepout_costmap_filter_info topic.
[planner_server-12] [INFO] [1773385276.673612610] [global_costmap.global_costmap]: KeepoutFilter: Subscribing to "/keepout_filter_mask" topic for filter mask...
[planner_server-12] [WARN] [1773385276.681650927] [global_costmap.global_costmap]: KeepoutFilter: New filter mask arrived from /keepout_filter_mask topic. Updating old filter mask.
[planner_server-12] [WARN] [1773385277.144797208] [planner_server]: GridBased plugin failed to plan from (1.81, -3.23) to (3.40, -0.73): "no valid path found"
[planner_server-12] [WARN] [1773385277.144907162] [planner_server]: [compute_path_through_poses] [ActionServer] Aborting handle.
[behavior_server-13] [INFO] [1773385277.165754988] [behavior_server]: Running wait
[behavior_server-13] [INFO] [1773385282.166048529] [behavior_server]: wait completed successfully
[controller_server-10] [INFO] [1773385282.184525195] [local_costmap.local_costmap]: Received request to clear entirely the local_costmap
[controller_server-10] [INFO] [1773385282.191675421] [local_costmap.local_costmap]: KeepoutFilter: Subscribing to "/keepout_costmap_filter_info" topic for filter info...
[planner_server-12] [INFO] [1773385282.195760931] [global_costmap.global_costmap]: Received request to clear entirely the global_costmap
[controller_server-10] [INFO] [1773385282.198468952] [local_costmap.local_costmap]: KeepoutFilter: Received filter info from /keepout_costmap_filter_info topic.
[controller_server-10] [INFO] [1773385282.198858021] [local_costmap.local_costmap]: KeepoutFilter: Subscribing to "/keepout_filter_mask" topic for filter mask...
[planner_server-12] [INFO] [1773385282.206071536] [global_costmap.global_costmap]: KeepoutFilter: Subscribing to "/keepout_costmap_filter_info" topic for filter info...
[controller_server-10] [WARN] [1773385282.215665251] [local_costmap.local_costmap]: KeepoutFilter: New filter mask arrived from /keepout_filter_mask topic. Updating old filter mask.
[planner_server-12] [INFO] [1773385282.217163485] [global_costmap.global_costmap]: KeepoutFilter: Received filter info from /keepout_costmap_filter_info topic.
[planner_server-12] [INFO] [1773385282.217246899] [global_costmap.global_costmap]: KeepoutFilter: Subscribing to "/keepout_filter_mask" topic for filter mask...
[planner_server-12] [WARN] [1773385282.232984629] [global_costmap.global_costmap]: KeepoutFilter: New filter mask arrived from /keepout_filter_mask topic. Updating old filter mask.
[planner_server-12] [WARN] [1773385282.648245746] [planner_server]: GridBased plugin failed to plan from (1.81, -3.23) to (3.40, -0.73): "no valid path found"
[planner_server-12] [WARN] [1773385282.648366783] [planner_server]: [compute_path_through_poses] [ActionServer] Aborting handle.
[planner_server-12] [INFO] [1773385282.664788445] [global_costmap.global_costmap]: Received request to clear entirely the global_costmap
[planner_server-12] [INFO] [1773385282.668719377] [global_costmap.global_costmap]: KeepoutFilter: Subscribing to "/keepout_costmap_filter_info" topic for filter info...
[planner_server-12] [INFO] [1773385282.673574566] [global_costmap.global_costmap]: KeepoutFilter: Received filter info from /keepout_costmap_filter_info topic.
[planner_server-12] [INFO] [1773385282.673702020] [global_costmap.global_costmap]: KeepoutFilter: Subscribing to "/keepout_filter_mask" topic for filter mask...
[planner_server-12] [WARN] [1773385282.695972832] [global_costmap.global_costmap]: KeepoutFilter: New filter mask arrived from /keepout_filter_mask topic. Updating old filter mask.
[planner_server-12] [WARN] [1773385283.181644541] [planner_server]: GridBased plugin failed to plan from (1.81, -3.23) to (3.40, -0.73): "no valid path found"
[planner_server-12] [WARN] [1773385283.181774620] [planner_server]: [compute_path_through_poses] [ActionServer] Aborting handle.
[controller_server-10] [INFO] [1773385283.194740164] [local_costmap.local_costmap]: Received request to clear entirely the local_costmap
[controller_server-10] [INFO] [1773385283.206027814] [local_costmap.local_costmap]: KeepoutFilter: Subscribing to "/keepout_costmap_filter_info" topic for filter info...
[controller_server-10] [INFO] [1773385283.211235323] [local_costmap.local_costmap]: KeepoutFilter: Received filter info from /keepout_costmap_filter_info topic.
[controller_server-10] [INFO] [1773385283.211405067] [local_costmap.local_costmap]: KeepoutFilter: Subscribing to "/keepout_filter_mask" topic for filter mask...
[planner_server-12] [INFO] [1773385283.211577143] [global_costmap.global_costmap]: Received request to clear entirely the global_costmap
[planner_server-12] [INFO] [1773385283.219165436] [global_costmap.global_costmap]: KeepoutFilter: Subscribing to "/keepout_costmap_filter_info" topic for filter info...
[controller_server-10] [INFO] [1773385283.227441452] [local_costmap.local_costmap]: Received request to clear entirely the local_costmap
[planner_server-12] [INFO] [1773385283.231188933] [global_costmap.global_costmap]: KeepoutFilter: Received filter info from /keepout_costmap_filter_info topic.
[planner_server-12] [INFO] [1773385283.231464839] [global_costmap.global_costmap]: KeepoutFilter: Subscribing to "/keepout_filter_mask" topic for filter mask...
[controller_server-10] [INFO] [1773385283.235824505] [local_costmap.local_costmap]: KeepoutFilter: Subscribing to "/keepout_costmap_filter_info" topic for filter info...
[planner_server-12] [INFO] [1773385283.244259765] [global_costmap.global_costmap]: Received request to clear entirely the global_costmap
[controller_server-10] [INFO] [1773385283.247924125] [local_costmap.local_costmap]: KeepoutFilter: Received filter info from /keepout_costmap_filter_info topic.
[controller_server-10] [INFO] [1773385283.248311443] [local_costmap.local_costmap]: KeepoutFilter: Subscribing to "/keepout_filter_mask" topic for filter mask...
[planner_server-12] [INFO] [1773385283.255984024] [global_costmap.global_costmap]: KeepoutFilter: Subscribing to "/keepout_costmap_filter_info" topic for filter info...
[planner_server-12] [INFO] [1773385283.268179889] [global_costmap.global_costmap]: KeepoutFilter: Received filter info from /keepout_costmap_filter_info topic.
[planner_server-12] [INFO] [1773385283.268323092] [global_costmap.global_costmap]: KeepoutFilter: Subscribing to "/keepout_filter_mask" topic for filter mask...
[controller_server-10] [WARN] [1773385283.268570124] [local_costmap.local_costmap]: KeepoutFilter: New filter mask arrived from /keepout_filter_mask topic. Updating old filter mask.
[planner_server-12] [WARN] [1773385283.295711875] [global_costmap.global_costmap]: KeepoutFilter: New filter mask arrived from /keepout_filter_mask topic. Updating old filter mask.
[planner_server-12] [WARN] [1773385283.659208519] [planner_server]: GridBased plugin failed to plan from (1.81, -3.23) to (3.40, -0.73): "no valid path found"
[planner_server-12] [WARN] [1773385283.659363388] [planner_server]: [compute_path_through_poses] [ActionServer] Aborting handle.
[planner_server-12] [INFO] [1773385283.676552104] [global_costmap.global_costmap]: Received request to clear entirely the global_costmap
[planner_server-12] [INFO] [1773385283.681912732] [global_costmap.global_costmap]: KeepoutFilter: Subscribing to "/keepout_costmap_filter_info" topic for filter info...
[planner_server-12] [INFO] [1773385283.689055958] [global_costmap.global_costmap]: KeepoutFilter: Received filter info from /keepout_costmap_filter_info topic.
[planner_server-12] [INFO] [1773385283.689202661] [global_costmap.global_costmap]: KeepoutFilter: Subscribing to "/keepout_filter_mask" topic for filter mask...
[planner_server-12] [WARN] [1773385283.710557384] [global_costmap.global_costmap]: KeepoutFilter: New filter mask arrived from /keepout_filter_mask topic. Updating old filter mask.
[planner_server-12] [WARN] [1773385284.152326193] [planner_server]: GridBased plugin failed to plan from (1.81, -3.23) to (3.40, -0.73): "no valid path found"
[planner_server-12] [WARN] [1773385284.152452771] [planner_server]: [compute_path_through_poses] [ActionServer] Aborting handle.
[bt_navigator-14] [WARN] [1773385284.175957870] [bt_navigator]: [navigate_through_poses] [ActionServer] Aborting handle.
[bt_navigator-14] [ERROR] [1773385284.176605345] [bt_navigator]: Goal failed
[delivery_robot_main_controller-20] [33m[WARN] [1773385284.400984657] [main_controller_node]: Goal failed![0m
[delivery_robot_main_controller-20] [33m[WARN] [1773385284.403327526] [main_controller_node]: Blocked lane encountered; stopping with FAILED per setting.[0m
[delivery_robot_main_controller-20] [0m[INFO] [1773385284.410772323] [main_controller_node]: State change: MOVE -> SAFE_STOP[0m
[delivery_robot_main_controller-20] [0m[INFO] [1773385284.426478263] [main_controller_node]: Robot is in SAFE_STOP. Awaiting user to switch to STANDBY.[0m
[delivery_robot_main_controller-20] [0m[INFO] [1773385284.428290027] [main_controller_node]: Robot is in SAFE_STOP. Awaiting user to switch to STANDBY.[0m
[delivery_robot_main_controller-20] [0m[INFO] [1773385284.446604241] [main_controller_node]: Current state: SAFE_STOP, dock_state IDLE, charge_state NOT_CHARGE[0m
[delivery_robot_main_controller-20] [0m[INFO] [1773385285.357836297] [main_controller_node]: Current state: SAFE_STOP, dock_state IDLE, charge_state NOT_CHARGE[0m
[delivery_robot_main_controller-20] [0m[INFO] [1773385285.481722505] [main_controller_node]: Published message: "safe_stop"[0m
[robot_sound-21] [0m[INFO] [1773385285.827036180] [robot_sound_node]: 🔔 Received sound command: safe_stop[0m
[robot_sound-21] Simple mixer control 'PCM',0
[robot_sound-21]   Capabilities: pvolume pswitch pswitch-joined
[robot_sound-21]   Playback channels: Front Left - Front Right
[robot_sound-21]   Limits: Playback 0 - 147
[robot_sound-21]   Mono:
[robot_sound-21]   Front Left: Playback 147 [100%] [-0.94dB] [on]
[robot_sound-21]   Front Right: Playback 147 [100%] [-0.94dB] [on]
[robot_sound-21] [0m[INFO] [1773385285.855846491] [robot_sound_node]: 🔊 Playing sound: /home/smr/workspaces/mini_amr/amrROS2_ws/sounds/robot_safestop.wav[0m
[robot_sound-21] Playing WAVE '/home/smr/workspaces/mini_amr/amrROS2_ws/sounds/robot_safestop.wav' : Signed 16 bit Little Endian, Rate 22050 Hz, Mono
[delivery_robot_main_controller-20] [0m[INFO] [1773385286.287647391] [main_controller_node]: Current state: SAFE_STOP, dock_state IDLE, charge_state NOT_CHARGE[0m
[delivery_robot_main_controller-20] [0m[INFO] [1773385287.284861817] [main_controller_node]: Current state: SAFE_STOP, dock_state IDLE, charge_state NOT_CHARGE[0m
[delivery_robot_main_controller-20] [0m[INFO] [1773385287.457558902] [main_controller_node]: SAFE_STOP cleared to STANDBY via API/GUI.[0m
[delivery_robot_main_controller-20] [0m[INFO] [1773385287.458254209] [main_controller_node]: State change: SAFE_STOP -> STANDBY[0m
[delivery_robot_main_controller-20] [0m[INFO] [1773385287.462106395] [main_controller_node]: Robot is in STANDBY mode.[0m
[delivery_robot_main_controller-20] [0m[INFO] [1773385288.305239229] [main_controller_node]: Current state: STANDBY, dock_state IDLE, charge_state NOT_CHARGE[0m
[delivery_robot_main_controller-20] [0m[INFO] [1773385289.283548546] [main_controller_node]: Current state: STANDBY, dock_state IDLE, charge_state NOT_CHARGE[0m
[delivery_robot_main_controller-20] [0m[INFO] [1773385289.343188301] [main_controller_node]: 1 pending queues [0m
[delivery_robot_main_controller-20] [0m[INFO] [1773385289.344275009] [main_controller_node]: Queue action: Request[0m
[delivery_robot_main_controller-20] [0m[INFO] [1773385289.388780469] [main_controller_node]: AGV start_pos: x=1.81, y=-3.23[0m
[delivery_robot_main_controller-20] [0m[INFO] [1773385289.391179044] [main_controller_node]: AGV goal_pos: x=3.40, y=-0.73[0m
[delivery_robot_main_controller-20] Graph before shortest_path: Graph with 11 nodes and 10 edges
[delivery_robot_main_controller-20] [0m[INFO] [1773385289.456756613] [main_controller_node]: Computed AGV path waypoints:[0m
[delivery_robot_main_controller-20] [0m[INFO] [1773385289.459852536] [main_controller_node]:   Waypoint 0: x=1.81, y=-3.23[0m
[delivery_robot_main_controller-20] [0m[INFO] [1773385289.460542301] [main_controller_node]:   Waypoint 1: x=3.40, y=-0.73[0m
[delivery_robot_main_controller-20] [0m[INFO] [1773385289.461851834] [main_controller_node]: Navigating with 2 goals....[0m
[bt_navigator-14] [INFO] [1773385289.462639887] [bt_navigator]: Begin navigating from current location through 2 poses to (3.40, -0.73)
[controller_server-10] [INFO] [1773385289.462923668] [local_costmap.local_costmap]: Received request to clear entirely the local_costmap
[controller_server-10] [INFO] [1773385289.468480288] [local_costmap.local_costmap]: KeepoutFilter: Subscribing to "/keepout_costmap_filter_info" topic for filter info...
[controller_server-10] [INFO] [1773385289.475123617] [local_costmap.local_costmap]: KeepoutFilter: Received filter info from /keepout_costmap_filter_info topic.
[controller_server-10] [INFO] [1773385289.475272361] [local_costmap.local_costmap]: KeepoutFilter: Subscribing to "/keepout_filter_mask" topic for filter mask...
[planner_server-12] [INFO] [1773385289.477417487] [global_costmap.global_costmap]: Received request to clear entirely the global_costmap
[planner_server-12] [INFO] [1773385289.489802054] [global_costmap.global_costmap]: KeepoutFilter: Subscribing to "/keepout_costmap_filter_info" topic for filter info...
[planner_server-12] [INFO] [1773385289.501099620] [global_costmap.global_costmap]: KeepoutFilter: Received filter info from /keepout_costmap_filter_info topic.
[planner_server-12] [INFO] [1773385289.501251865] [global_costmap.global_costmap]: KeepoutFilter: Subscribing to "/keepout_filter_mask" topic for filter mask...
[controller_server-10] [WARN] [1773385289.503468446] [local_costmap.local_costmap]: KeepoutFilter: New filter mask arrived from /keepout_filter_mask topic. Updating old filter mask.
[planner_server-12] [WARN] [1773385289.584299888] [global_costmap.global_costmap]: KeepoutFilter: New filter mask arrived from /keepout_filter_mask topic. Updating old filter mask.
[planner_server-12] [WARN] [1773385289.649264980] [planner_server]: GridBased plugin failed to plan from (1.81, -3.23) to (3.40, -0.73): "no valid path found"
[planner_server-12] [WARN] [1773385289.649395934] [planner_server]: [compute_path_through_poses] [ActionServer] Aborting handle.
[planner_server-12] [INFO] [1773385289.663478810] [global_costmap.global_costmap]: Received request to clear entirely the global_costmap
[planner_server-12] [INFO] [1773385289.670453459] [global_costmap.global_costmap]: KeepoutFilter: Subscribing to "/keepout_costmap_filter_info" topic for filter info...
[planner_server-12] [INFO] [1773385289.677103788] [global_costmap.global_costmap]: KeepoutFilter: Received filter info from /keepout_costmap_filter_info topic.
[planner_server-12] [INFO] [1773385289.677247574] [global_costmap.global_costmap]: KeepoutFilter: Subscribing to "/keepout_filter_mask" topic for filter mask...
[planner_server-12] [WARN] [1773385289.687129737] [global_costmap.global_costmap]: KeepoutFilter: New filter mask arrived from /keepout_filter_mask topic. Updating old filter mask.
[delivery_robot_main_controller-20] [0m[INFO] [1773385289.853266032] [main_controller_node]: State change: STANDBY -> MOVE[0m
[delivery_robot_main_controller-20] [0m[INFO] [1773385289.878209576] [main_controller_node]: Robot is MOVING.[0m
[planner_server-12] [WARN] [1773385290.185158013] [planner_server]: GridBased plugin failed to plan from (1.81, -3.23) to (3.40, -0.73): "no valid path found"
[planner_server-12] [WARN] [1773385290.185350214] [planner_server]: [compute_path_through_poses] [ActionServer] Aborting handle.
[controller_server-10] [INFO] [1773385290.203408355] [local_costmap.local_costmap]: Received request to clear entirely the local_costmap
[controller_server-10] [INFO] [1773385290.207832769] [local_costmap.local_costmap]: KeepoutFilter: Subscribing to "/keepout_costmap_filter_info" topic for filter info...
[planner_server-12] [INFO] [1773385290.211814741] [global_costmap.global_costmap]: Received request to clear entirely the global_costmap
[controller_server-10] [INFO] [1773385290.212079273] [local_costmap.local_costmap]: KeepoutFilter: Received filter info from /keepout_costmap_filter_info topic.
[controller_server-10] [INFO] [1773385290.212201768] [local_costmap.local_costmap]: KeepoutFilter: Subscribing to "/keepout_filter_mask" topic for filter mask...
[planner_server-12] [INFO] [1773385290.217933090] [global_costmap.global_costmap]: KeepoutFilter: Subscribing to "/keepout_costmap_filter_info" topic for filter info...
[controller_server-10] [WARN] [1773385290.224526254] [local_costmap.local_costmap]: KeepoutFilter: New filter mask arrived from /keepout_filter_mask topic. Updating old filter mask.
[controller_server-10] [INFO] [1773385290.227915582] [local_costmap.local_costmap]: Received request to clear entirely the local_costmap
[planner_server-12] [INFO] [1773385290.230529107] [global_costmap.global_costmap]: KeepoutFilter: Received filter info from /keepout_costmap_filter_info topic.
[planner_server-12] [INFO] [1773385290.230913509] [global_costmap.global_costmap]: KeepoutFilter: Subscribing to "/keepout_filter_mask" topic for filter mask...
[controller_server-10] [INFO] [1773385290.231933428] [local_costmap.local_costmap]: KeepoutFilter: Subscribing to "/keepout_costmap_filter_info" topic for filter info...
[planner_server-12] [INFO] [1773385290.239516470] [global_costmap.global_costmap]: Received request to clear entirely the global_costmap
[controller_server-10] [INFO] [1773385290.242766679] [local_costmap.local_costmap]: KeepoutFilter: Received filter info from /keepout_costmap_filter_info topic.
[controller_server-10] [INFO] [1773385290.242890049] [local_costmap.local_costmap]: KeepoutFilter: Subscribing to "/keepout_filter_mask" topic for filter mask...
[planner_server-12] [INFO] [1773385290.248578206] [global_costmap.global_costmap]: KeepoutFilter: Subscribing to "/keepout_costmap_filter_info" topic for filter info...
[planner_server-12] [INFO] [1773385290.259981644] [global_costmap.global_costmap]: KeepoutFilter: Received filter info from /keepout_costmap_filter_info topic.
[planner_server-12] [INFO] [1773385290.260155179] [global_costmap.global_costmap]: KeepoutFilter: Subscribing to "/keepout_filter_mask" topic for filter mask...
[controller_server-10] [WARN] [1773385290.260913775] [local_costmap.local_costmap]: KeepoutFilter: New filter mask arrived from /keepout_filter_mask topic. Updating old filter mask.
[planner_server-12] [WARN] [1773385290.277794503] [global_costmap.global_costmap]: KeepoutFilter: New filter mask arrived from /keepout_filter_mask topic. Updating old filter mask.
[planner_server-12] [WARN] [1773385290.650680412] [planner_server]: GridBased plugin failed to plan from (1.81, -3.23) to (3.40, -0.73): "no valid path found"
[planner_server-12] [WARN] [1773385290.650812531] [planner_server]: [compute_path_through_poses] [ActionServer] Aborting handle.
[planner_server-12] [INFO] [1773385290.663302678] [global_costmap.global_costmap]: Received request to clear entirely the global_costmap
[planner_server-12] [INFO] [1773385290.667845795] [global_costmap.global_costmap]: KeepoutFilter: Subscribing to "/keepout_costmap_filter_info" topic for filter info...
[planner_server-12] [INFO] [1773385290.672695734] [global_costmap.global_costmap]: KeepoutFilter: Received filter info from /keepout_costmap_filter_info topic.
[planner_server-12] [INFO] [1773385290.672845937] [global_costmap.global_costmap]: KeepoutFilter: Subscribing to "/keepout_filter_mask" topic for filter mask...
[planner_server-12] [WARN] [1773385290.694503106] [global_costmap.global_costmap]: KeepoutFilter: New filter mask arrived from /keepout_filter_mask topic. Updating old filter mask.
[planner_server-12] [WARN] [1773385291.171171702] [planner_server]: GridBased plugin failed to plan from (1.81, -3.23) to (3.40, -0.73): "no valid path found"
[planner_server-12] [WARN] [1773385291.171274656] [planner_server]: [compute_path_through_poses] [ActionServer] Aborting handle.
[behavior_server-13] [INFO] [1773385291.183536436] [behavior_server]: Running wait
[behavior_server-13] [INFO] [1773385296.183843234] [behavior_server]: wait completed successfully
[controller_server-10] [INFO] [1773385296.203397004] [local_costmap.local_costmap]: Received request to clear entirely the local_costmap
[controller_server-10] [INFO] [1773385296.210172168] [local_costmap.local_costmap]: KeepoutFilter: Subscribing to "/keepout_costmap_filter_info" topic for filter info...
[planner_server-12] [INFO] [1773385296.217350984] [global_costmap.global_costmap]: Received request to clear entirely the global_costmap
[controller_server-10] [INFO] [1773385296.218310531] [local_costmap.local_costmap]: KeepoutFilter: Received filter info from /keepout_costmap_filter_info topic.
[controller_server-10] [INFO] [1773385296.218435943] [local_costmap.local_costmap]: KeepoutFilter: Subscribing to "/keepout_filter_mask" topic for filter mask...
[planner_server-12] [INFO] [1773385296.227168409] [global_costmap.global_costmap]: KeepoutFilter: Subscribing to "/keepout_costmap_filter_info" topic for filter info...
[planner_server-12] [INFO] [1773385296.239508365] [global_costmap.global_costmap]: KeepoutFilter: Received filter info from /keepout_costmap_filter_info topic.
[planner_server-12] [INFO] [1773385296.239671984] [global_costmap.global_costmap]: KeepoutFilter: Subscribing to "/keepout_filter_mask" topic for filter mask...
[planner_server-12] [WARN] [1773385296.267899015] [global_costmap.global_costmap]: KeepoutFilter: New filter mask arrived from /keepout_filter_mask topic. Updating old filter mask.
[controller_server-10] [WARN] [1773385296.457724349] [local_costmap.local_costmap]: KeepoutFilter: New filter mask arrived from /keepout_filter_mask topic. Updating old filter mask.
[planner_server-12] [WARN] [1773385296.643353924] [planner_server]: GridBased plugin failed to plan from (1.81, -3.23) to (3.40, -0.73): "no valid path found"
[planner_server-12] [WARN] [1773385296.643528626] [planner_server]: [compute_path_through_poses] [ActionServer] Aborting handle.
[planner_server-12] [INFO] [1773385296.663753788] [global_costmap.global_costmap]: Received request to clear entirely the global_costmap
[planner_server-12] [INFO] [1773385296.666201363] [global_costmap.global_costmap]: KeepoutFilter: Subscribing to "/keepout_costmap_filter_info" topic for filter info...
[planner_server-12] [INFO] [1773385296.671682450] [global_costmap.global_costmap]: KeepoutFilter: Received filter info from /keepout_costmap_filter_info topic.
[planner_server-12] [INFO] [1773385296.671794154] [global_costmap.global_costmap]: KeepoutFilter: Subscribing to "/keepout_filter_mask" topic for filter mask...
[planner_server-12] [WARN] [1773385296.692371345] [global_costmap.global_costmap]: KeepoutFilter: New filter mask arrived from /keepout_filter_mask topic. Updating old filter mask.
[planner_server-12] [WARN] [1773385297.181852292] [planner_server]: GridBased plugin failed to plan from (1.81, -3.23) to (3.40, -0.73): "no valid path found"
[planner_server-12] [WARN] [1773385297.183200325] [planner_server]: [compute_path_through_poses] [ActionServer] Aborting handle.
[controller_server-10] [INFO] [1773385297.184010545] [local_costmap.local_costmap]: Received request to clear entirely the local_costmap
[controller_server-10] [INFO] [1773385297.187534621] [local_costmap.local_costmap]: KeepoutFilter: Subscribing to "/keepout_costmap_filter_info" topic for filter info...
[planner_server-12] [INFO] [1773385297.192410815] [global_costmap.global_costmap]: Received request to clear entirely the global_costmap
[controller_server-10] [INFO] [1773385297.194891055] [local_costmap.local_costmap]: KeepoutFilter: Received filter info from /keepout_costmap_filter_info topic.
[controller_server-10] [INFO] [1773385297.195118255] [local_costmap.local_costmap]: KeepoutFilter: Subscribing to "/keepout_filter_mask" topic for filter mask...
[planner_server-12] [INFO] [1773385297.201639095] [global_costmap.global_costmap]: KeepoutFilter: Subscribing to "/keepout_costmap_filter_info" topic for filter info...
[controller_server-10] [INFO] [1773385297.204262539] [local_costmap.local_costmap]: Received request to clear entirely the local_costmap
[controller_server-10] [INFO] [1773385297.209562216] [local_costmap.local_costmap]: KeepoutFilter: Subscribing to "/keepout_costmap_filter_info" topic for filter info...
[planner_server-12] [INFO] [1773385297.213256329] [global_costmap.global_costmap]: KeepoutFilter: Received filter info from /keepout_costmap_filter_info topic.
[planner_server-12] [INFO] [1773385297.213416739] [global_costmap.global_costmap]: KeepoutFilter: Subscribing to "/keepout_filter_mask" topic for filter mask...
[planner_server-12] [INFO] [1773385297.218872744] [global_costmap.global_costmap]: Received request to clear entirely the global_costmap
[controller_server-10] [INFO] [1773385297.220992207] [local_costmap.local_costmap]: KeepoutFilter: Received filter info from /keepout_costmap_filter_info topic.
[controller_server-10] [INFO] [1773385297.223274705] [local_costmap.local_costmap]: KeepoutFilter: Subscribing to "/keepout_filter_mask" topic for filter mask...
[planner_server-12] [INFO] [1773385297.223395742] [global_costmap.global_costmap]: KeepoutFilter: Subscribing to "/keepout_costmap_filter_info" topic for filter info...
[planner_server-12] [INFO] [1773385297.234770609] [global_costmap.global_costmap]: KeepoutFilter: Received filter info from /keepout_costmap_filter_info topic.
[planner_server-12] [INFO] [1773385297.234872689] [global_costmap.global_costmap]: KeepoutFilter: Subscribing to "/keepout_filter_mask" topic for filter mask...
[controller_server-10] [WARN] [1773385297.247708460] [local_costmap.local_costmap]: KeepoutFilter: New filter mask arrived from /keepout_filter_mask topic. Updating old filter mask.
[planner_server-12] [WARN] [1773385297.254856651] [global_costmap.global_costmap]: KeepoutFilter: New filter mask arrived from /keepout_filter_mask topic. Updating old filter mask.
[planner_server-12] [WARN] [1773385297.652142288] [planner_server]: GridBased plugin failed to plan from (1.81, -3.23) to (3.40, -0.73): "no valid path found"
[planner_server-12] [WARN] [1773385297.652261867] [planner_server]: [compute_path_through_poses] [ActionServer] Aborting handle.
[planner_server-12] [INFO] [1773385297.663724522] [global_costmap.global_costmap]: Received request to clear entirely the global_costmap
[planner_server-12] [INFO] [1773385297.666804991] [global_costmap.global_costmap]: KeepoutFilter: Subscribing to "/keepout_costmap_filter_info" topic for filter info...
[planner_server-12] [INFO] [1773385297.670757802] [global_costmap.global_costmap]: KeepoutFilter: Received filter info from /keepout_costmap_filter_info topic.
[planner_server-12] [INFO] [1773385297.670880589] [global_costmap.global_costmap]: KeepoutFilter: Subscribing to "/keepout_filter_mask" topic for filter mask...
[planner_server-12] [WARN] [1773385297.693232505] [global_costmap.global_costmap]: KeepoutFilter: New filter mask arrived from /keepout_filter_mask topic. Updating old filter mask.
[planner_server-12] [WARN] [1773385298.159734767] [planner_server]: GridBased plugin failed to plan from (1.81, -3.23) to (3.40, -0.73): "no valid path found"
[planner_server-12] [WARN] [1773385298.159847638] [planner_server]: [compute_path_through_poses] [ActionServer] Aborting handle.
[bt_navigator-14] [WARN] [1773385298.183163768] [bt_navigator]: [navigate_through_poses] [ActionServer] Aborting handle.
[bt_navigator-14] [ERROR] [1773385298.184055360] [bt_navigator]: Goal failed
[delivery_robot_main_controller-20] [33m[WARN] [1773385298.409965223] [main_controller_node]: Goal failed![0m
[delivery_robot_main_controller-20] [33m[WARN] [1773385298.415734175] [main_controller_node]: Blocked lane encountered; stopping with FAILED per setting.[0m
[delivery_robot_main_controller-20] [0m[INFO] [1773385298.420228299] [main_controller_node]: State change: MOVE -> SAFE_STOP[0m
[delivery_robot_main_controller-20] [0m[INFO] [1773385298.438065967] [main_controller_node]: Robot is in SAFE_STOP. Awaiting user to switch to STANDBY.[0m
[delivery_robot_main_controller-20] [0m[INFO] [1773385298.439122636] [main_controller_node]: Robot is in SAFE_STOP. Awaiting user to switch to STANDBY.[0m
[delivery_robot_main_controller-20] [0m[INFO] [1773385298.461802956] [main_controller_node]: Current state: SAFE_STOP, dock_state IDLE, charge_state NOT_CHARGE[0m
[delivery_robot_main_controller-20] [0m[INFO] [1773385299.280592159] [main_controller_node]: Current state: SAFE_STOP, dock_state IDLE, charge_state NOT_CHARGE[0m
[delivery_robot_main_controller-20] [0m[INFO] [1773385299.452819567] [main_controller_node]: Published message: "safe_stop"[0m
[robot_sound-21] [0m[INFO] [1773385299.782610513] [robot_sound_node]: 🔔 Received sound command: safe_stop[0m
[robot_sound-21] Simple mixer control 'PCM',0
[robot_sound-21]   Capabilities: pvolume pswitch pswitch-joined
[robot_sound-21]   Playback channels: Front Left - Front Right
[robot_sound-21]   Limits: Playback 0 - 147
[robot_sound-21]   Mono:
[robot_sound-21]   Front Left: Playback 147 [100%] [-0.94dB] [on]
[robot_sound-21]   Front Right: Playback 147 [100%] [-0.94dB] [on]
[robot_sound-21] [0m[INFO] [1773385299.812600894] [robot_sound_node]: 🔊 Playing sound: /home/smr/workspaces/mini_amr/amrROS2_ws/sounds/robot_safestop.wav[0m
[robot_sound-21] Playing WAVE '/home/smr/workspaces/mini_amr/amrROS2_ws/sounds/robot_safestop.wav' : Signed 16 bit Little Endian, Rate 22050 Hz, Mono
[delivery_robot_main_controller-20] [0m[INFO] [1773385300.282460114] [main_controller_node]: Current state: SAFE_STOP, dock_state IDLE, charge_state NOT_CHARGE[0m
[delivery_robot_main_controller-20] [0m[INFO] [1773385301.338571963] [main_controller_node]: Current state: SAFE_STOP, dock_state IDLE, charge_state NOT_CHARGE[0m
[delivery_robot_main_controller-20] [0m[INFO] [1773385302.364517562] [main_controller_node]: Current state: SAFE_STOP, dock_state IDLE, charge_state NOT_CHARGE[0m
[delivery_robot_main_controller-20] [0m[INFO] [1773385303.335623124] [main_controller_node]: Current state: SAFE_STOP, dock_state IDLE, charge_state NOT_CHARGE[0m
[delivery_robot_main_controller-20] [0m[INFO] [1773385304.283299393] [main_controller_node]: Current state: SAFE_STOP, dock_state IDLE, charge_state NOT_CHARGE[0m
[delivery_robot_main_controller-20] [0m[INFO] [1773385305.284073931] [main_controller_node]: Current state: SAFE_STOP, dock_state IDLE, charge_state NOT_CHARGE[0m
[delivery_robot_main_controller-20] [0m[INFO] [1773385306.280974697] [main_controller_node]: Current state: SAFE_STOP, dock_state IDLE, charge_state NOT_CHARGE[0m
[delivery_robot_main_controller-20] [0m[INFO] [1773385307.292858696] [main_controller_node]: Current state: SAFE_STOP, dock_state IDLE, charge_state NOT_CHARGE[0m
[delivery_robot_main_controller-20] [0m[INFO] [1773385308.368790013] [main_controller_node]: Current state: SAFE_STOP, dock_state IDLE, charge_state NOT_CHARGE[0m
[delivery_robot_main_controller-20] [0m[INFO] [1773385309.310486756] [main_controller_node]: Current state: SAFE_STOP, dock_state IDLE, charge_state NOT_CHARGE[0m
[delivery_robot_main_controller-20] [0m[INFO] [1773385310.277076027] [main_controller_node]: Current state: SAFE_STOP, dock_state IDLE, charge_state NOT_CHARGE[0m
[delivery_robot_main_controller-20] [0m[INFO] [1773385311.285190083] [main_controller_node]: Current state: SAFE_STOP, dock_state IDLE, charge_state NOT_CHARGE[0m
[delivery_robot_main_controller-20] [0m[INFO] [1773385312.307533734] [main_controller_node]: Current state: SAFE_STOP, dock_state IDLE, charge_state NOT_CHARGE[0m
[delivery_robot_main_controller-20] [0m[INFO] [1773385313.359266371] [main_controller_node]: Current state: SAFE_STOP, dock_state IDLE, charge_state NOT_CHARGE[0m
[delivery_robot_main_controller-20] [0m[INFO] [1773385314.284485144] [main_controller_node]: Current state: SAFE_STOP, dock_state IDLE, charge_state NOT_CHARGE[0m
[delivery_robot_main_controller-20] [0m[INFO] [1773385315.283161219] [main_controller_node]: Current state: SAFE_STOP, dock_state IDLE, charge_state NOT_CHARGE[0m
[delivery_robot_main_controller-20] [0m[INFO] [1773385316.277901691] [main_controller_node]: Current state: SAFE_STOP, dock_state IDLE, charge_state NOT_CHARGE[0m
[delivery_robot_main_controller-20] [0m[INFO] [1773385317.375350205] [main_controller_node]: Current state: SAFE_STOP, dock_state IDLE, charge_state NOT_CHARGE[0m
[delivery_robot_main_controller-20] [0m[INFO] [1773385318.291110873] [main_controller_node]: Current state: SAFE_STOP, dock_state IDLE, charge_state NOT_CHARGE[0m
[delivery_robot_main_controller-20] [0m[INFO] [1773385318.506909031] [main_controller_node]: Published message: "safe_stop"[0m
[robot_sound-21] [0m[INFO] [1773385318.710621847] [robot_sound_node]: 🔔 Received sound command: safe_stop[0m
[robot_sound-21] Simple mixer control 'PCM',0
[robot_sound-21]   Capabilities: pvolume pswitch pswitch-joined
[robot_sound-21]   Playback channels: Front Left - Front Right
[robot_sound-21]   Limits: Playback 0 - 147
[robot_sound-21]   Mono:
[robot_sound-21]   Front Left: Playback 147 [100%] [-0.94dB] [on]
[robot_sound-21]   Front Right: Playback 147 [100%] [-0.94dB] [on]
[robot_sound-21] [0m[INFO] [1773385318.738582013] [robot_sound_node]: 🔊 Playing sound: /home/smr/workspaces/mini_amr/amrROS2_ws/sounds/robot_safestop.wav[0m
[robot_sound-21] Playing WAVE '/home/smr/workspaces/mini_amr/amrROS2_ws/sounds/robot_safestop.wav' : Signed 16 bit Little Endian, Rate 22050 Hz, Mono
[delivery_robot_main_controller-20] [0m[INFO] [1773385319.283686967] [main_controller_node]: Current state: SAFE_STOP, dock_state IDLE, charge_state NOT_CHARGE[0m
[delivery_robot_main_controller-20] [0m[INFO] [1773385320.278133450] [main_controller_node]: Current state: SAFE_STOP, dock_state IDLE, charge_state NOT_CHARGE[0m
[delivery_robot_main_controller-20] [0m[INFO] [1773385321.281733549] [main_controller_node]: Current state: SAFE_STOP, dock_state IDLE, charge_state NOT_CHARGE[0m
[delivery_robot_main_controller-20] [0m[INFO] [1773385322.330666291] [main_controller_node]: Current state: SAFE_STOP, dock_state IDLE, charge_state NOT_CHARGE[0m
[delivery_robot_main_controller-20] [0m[INFO] [1773385323.290795970] [main_controller_node]: Current state: SAFE_STOP, dock_state IDLE, charge_state NOT_CHARGE[0m
[delivery_robot_main_controller-20] [0m[INFO] [1773385324.286573570] [main_controller_node]: Current state: SAFE_STOP, dock_state IDLE, charge_state NOT_CHARGE[0m
[delivery_robot_main_controller-20] [0m[INFO] [1773385325.280933139] [main_controller_node]: Current state: SAFE_STOP, dock_state IDLE, charge_state NOT_CHARGE[0m
[delivery_robot_main_controller-20] [0m[INFO] [1773385326.278524838] [main_controller_node]: Current state: SAFE_STOP, dock_state IDLE, charge_state NOT_CHARGE[0m
[delivery_robot_main_controller-20] [0m[INFO] [1773385327.280250465] [main_controller_node]: Current state: SAFE_STOP, dock_state IDLE, charge_state NOT_CHARGE[0m
[delivery_robot_main_controller-20] [0m[INFO] [1773385328.330655777] [main_controller_node]: Current state: SAFE_STOP, dock_state IDLE, charge_state NOT_CHARGE[0m
[delivery_robot_main_controller-20] [0m[INFO] [1773385329.334307499] [main_controller_node]: Current state: SAFE_STOP, dock_state IDLE, charge_state NOT_CHARGE[0m
[delivery_robot_main_controller-20] [0m[INFO] [1773385330.311415045] [main_controller_node]: Current state: SAFE_STOP, dock_state IDLE, charge_state NOT_CHARGE[0m
[delivery_robot_main_controller-20] [0m[INFO] [1773385331.283012339] [main_controller_node]: Current state: SAFE_STOP, dock_state IDLE, charge_state NOT_CHARGE[0m
[delivery_robot_main_controller-20] [0m[INFO] [1773385332.279423706] [main_controller_node]: Current state: SAFE_STOP, dock_state IDLE, charge_state NOT_CHARGE[0m
[delivery_robot_main_controller-20] [0m[INFO] [1773385333.320547364] [main_controller_node]: Current state: SAFE_STOP, dock_state IDLE, charge_state NOT_CHARGE[0m
[delivery_robot_main_controller-20] [0m[INFO] [1773385334.307078017] [main_controller_node]: Current state: SAFE_STOP, dock_state IDLE, charge_state NOT_CHARGE[0m
[delivery_robot_main_controller-20] [0m[INFO] [1773385334.450276925] [main_controller_node]: SAFE_STOP cleared to STANDBY via API/GUI.[0m
[delivery_robot_main_controller-20] [0m[INFO] [1773385334.452578089] [main_controller_node]: State change: SAFE_STOP -> STANDBY[0m
[delivery_robot_main_controller-20] [0m[INFO] [1773385334.460480502] [main_controller_node]: Robot is in STANDBY mode.[0m
[delivery_robot_main_controller-20] [0m[INFO] [1773385335.338456580] [main_controller_node]: Current state: STANDBY, dock_state IDLE, charge_state NOT_CHARGE[0m
[delivery_robot_main_controller-20] [0m[INFO] [1773385335.437305142] [main_controller_node]: 1 pending queues [0m
[delivery_robot_main_controller-20] [0m[INFO] [1773385335.438330021] [main_controller_node]: Queue action: Request[0m
[delivery_robot_main_controller-20] [0m[INFO] [1773385335.471899018] [main_controller_node]: AGV start_pos: x=1.86, y=-3.09[0m
[delivery_robot_main_controller-20] [0m[INFO] [1773385335.474914156] [main_controller_node]: AGV goal_pos: x=3.40, y=-0.73[0m
[delivery_robot_main_controller-20] Graph before shortest_path: Graph with 11 nodes and 10 edges
[delivery_robot_main_controller-20] [0m[INFO] [1773385335.507289990] [main_controller_node]: Computed AGV path waypoints:[0m
[delivery_robot_main_controller-20] [0m[INFO] [1773385335.507939507] [main_controller_node]:   Waypoint 0: x=1.86, y=-3.09[0m
[delivery_robot_main_controller-20] [0m[INFO] [1773385335.508580275] [main_controller_node]:   Waypoint 1: x=3.40, y=-0.73[0m
[delivery_robot_main_controller-20] [0m[INFO] [1773385335.510085802] [main_controller_node]: Navigating with 2 goals....[0m
[bt_navigator-14] [INFO] [1773385335.510861023] [bt_navigator]: Begin navigating from current location through 2 poses to (3.40, -0.73)
[controller_server-10] [INFO] [1773385335.511142179] [local_costmap.local_costmap]: Received request to clear entirely the local_costmap
[controller_server-10] [INFO] [1773385335.516926005] [local_costmap.local_costmap]: KeepoutFilter: Subscribing to "/keepout_costmap_filter_info" topic for filter info...
[planner_server-12] [INFO] [1773385335.519464869] [global_costmap.global_costmap]: Received request to clear entirely the global_costmap
[controller_server-10] [INFO] [1773385335.525933502] [local_costmap.local_costmap]: KeepoutFilter: Received filter info from /keepout_costmap_filter_info topic.
[controller_server-10] [INFO] [1773385335.526219325] [local_costmap.local_costmap]: KeepoutFilter: Subscribing to "/keepout_filter_mask" topic for filter mask...
[planner_server-12] [INFO] [1773385335.528811853] [global_costmap.global_costmap]: KeepoutFilter: Subscribing to "/keepout_costmap_filter_info" topic for filter info...
[planner_server-12] [INFO] [1773385335.539639283] [global_costmap.global_costmap]: KeepoutFilter: Received filter info from /keepout_costmap_filter_info topic.
[planner_server-12] [INFO] [1773385335.539732613] [global_costmap.global_costmap]: KeepoutFilter: Subscribing to "/keepout_filter_mask" topic for filter mask...
[controller_server-10] [WARN] [1773385335.540300758] [local_costmap.local_costmap]: KeepoutFilter: New filter mask arrived from /keepout_filter_mask topic. Updating old filter mask.
[planner_server-12] [WARN] [1773385335.569206471] [global_costmap.global_costmap]: KeepoutFilter: New filter mask arrived from /keepout_filter_mask topic. Updating old filter mask.
[delivery_robot_main_controller-20] [0m[INFO] [1773385335.922989022] [main_controller_node]: State change: STANDBY -> MOVE[0m
[delivery_robot_main_controller-20] [0m[INFO] [1773385335.937785012] [main_controller_node]: Robot is MOVING.[0m
[planner_server-12] [WARN] [1773385336.191646291] [planner_server]: GridBased plugin failed to plan from (1.86, -3.09) to (3.40, -0.73): "no valid path found"
[planner_server-12] [WARN] [1773385336.192396138] [planner_server]: [compute_path_through_poses] [ActionServer] Aborting handle.
[planner_server-12] [INFO] [1773385336.211761207] [global_costmap.global_costmap]: Received request to clear entirely the global_costmap
[planner_server-12] [INFO] [1773385336.216238124] [global_costmap.global_costmap]: KeepoutFilter: Subscribing to "/keepout_costmap_filter_info" topic for filter info...
[planner_server-12] [INFO] [1773385336.220332096] [global_costmap.global_costmap]: KeepoutFilter: Received filter info from /keepout_costmap_filter_info topic.
[planner_server-12] [INFO] [1773385336.221190730] [global_costmap.global_costmap]: KeepoutFilter: Subscribing to "/keepout_filter_mask" topic for filter mask...
[planner_server-12] [WARN] [1773385336.242319151] [global_costmap.global_costmap]: KeepoutFilter: New filter mask arrived from /keepout_filter_mask topic. Updating old filter mask.
[planner_server-12] [WARN] [1773385336.681902167] [planner_server]: GridBased plugin failed to plan from (1.86, -3.09) to (3.40, -0.73): "no valid path found"
[planner_server-12] [WARN] [1773385336.682023496] [planner_server]: [compute_path_through_poses] [ActionServer] Aborting handle.
[controller_server-10] [INFO] [1773385336.701902171] [local_costmap.local_costmap]: Received request to clear entirely the local_costmap
[controller_server-10] [INFO] [1773385336.707017814] [local_costmap.local_costmap]: KeepoutFilter: Subscribing to "/keepout_costmap_filter_info" topic for filter info...
[planner_server-12] [INFO] [1773385336.711786094] [global_costmap.global_costmap]: Received request to clear entirely the global_costmap
[controller_server-10] [INFO] [1773385336.712042459] [local_costmap.local_costmap]: KeepoutFilter: Received filter info from /keepout_costmap_filter_info topic.
[controller_server-10] [INFO] [1773385336.712169330] [local_costmap.local_costmap]: KeepoutFilter: Subscribing to "/keepout_filter_mask" topic for filter mask...
[planner_server-12] [INFO] [1773385336.716508293] [global_costmap.global_costmap]: KeepoutFilter: Subscribing to "/keepout_costmap_filter_info" topic for filter info...
[controller_server-10] [INFO] [1773385336.722694312] [local_costmap.local_costmap]: Received request to clear entirely the local_costmap
[planner_server-12] [INFO] [1773385336.727312681] [global_costmap.global_costmap]: KeepoutFilter: Received filter info from /keepout_costmap_filter_info topic.
[planner_server-12] [INFO] [1773385336.727397845] [global_costmap.global_costmap]: KeepoutFilter: Subscribing to "/keepout_filter_mask" topic for filter mask...
[controller_server-10] [INFO] [1773385336.729944292] [local_costmap.local_costmap]: KeepoutFilter: Subscribing to "/keepout_costmap_filter_info" topic for filter info...
[planner_server-12] [INFO] [1773385336.736603085] [global_costmap.global_costmap]: Received request to clear entirely the global_costmap
[planner_server-12] [INFO] [1773385336.741461779] [global_costmap.global_costmap]: KeepoutFilter: Subscribing to "/keepout_costmap_filter_info" topic for filter info...
[controller_server-10] [INFO] [1773385336.745166974] [local_costmap.local_costmap]: KeepoutFilter: Received filter info from /keepout_costmap_filter_info topic.
[controller_server-10] [INFO] [1773385336.745330009] [local_costmap.local_costmap]: KeepoutFilter: Subscribing to "/keepout_filter_mask" topic for filter mask...
[planner_server-12] [INFO] [1773385336.752641820] [global_costmap.global_costmap]: KeepoutFilter: Received filter info from /keepout_costmap_filter_info topic.
[planner_server-12] [INFO] [1773385336.752720858] [global_costmap.global_costmap]: KeepoutFilter: Subscribing to "/keepout_filter_mask" topic for filter mask...
[controller_server-10] [WARN] [1773385336.768700096] [local_costmap.local_costmap]: KeepoutFilter: New filter mask arrived from /keepout_filter_mask topic. Updating old filter mask.
[planner_server-12] [WARN] [1773385336.785744460] [global_costmap.global_costmap]: KeepoutFilter: New filter mask arrived from /keepout_filter_mask topic. Updating old filter mask.
[planner_server-12] [WARN] [1773385337.150541392] [planner_server]: GridBased plugin failed to plan from (1.86, -3.09) to (3.40, -0.73): "no valid path found"
[planner_server-12] [WARN] [1773385337.150663887] [planner_server]: [compute_path_through_poses] [ActionServer] Aborting handle.
[planner_server-12] [INFO] [1773385337.161487233] [global_costmap.global_costmap]: Received request to clear entirely the global_costmap
[planner_server-12] [INFO] [1773385337.164947729] [global_costmap.global_costmap]: KeepoutFilter: Subscribing to "/keepout_costmap_filter_info" topic for filter info...
[planner_server-12] [INFO] [1773385337.168912206] [global_costmap.global_costmap]: KeepoutFilter: Received filter info from /keepout_costmap_filter_info topic.
[planner_server-12] [INFO] [1773385337.169379147] [global_costmap.global_costmap]: KeepoutFilter: Subscribing to "/keepout_filter_mask" topic for filter mask...
[planner_server-12] [WARN] [1773385337.184542915] [global_costmap.global_costmap]: KeepoutFilter: New filter mask arrived from /keepout_filter_mask topic. Updating old filter mask.
[planner_server-12] [WARN] [1773385337.685420895] [planner_server]: GridBased plugin failed to plan from (1.86, -3.09) to (3.40, -0.73): "no valid path found"
[planner_server-12] [WARN] [1773385337.685550390] [planner_server]: [compute_path_through_poses] [ActionServer] Aborting handle.
[behavior_server-13] [INFO] [1773385337.702227559] [behavior_server]: Running wait
[behavior_server-13] [INFO] [1773385342.702600089] [behavior_server]: wait completed successfully
[controller_server-10] [INFO] [1773385342.721418887] [local_costmap.local_costmap]: Received request to clear entirely the local_costmap
[controller_server-10] [INFO] [1773385342.727988725] [local_costmap.local_costmap]: KeepoutFilter: Subscribing to "/keepout_costmap_filter_info" topic for filter info...
[planner_server-12] [INFO] [1773385342.731561800] [global_costmap.global_costmap]: Received request to clear entirely the global_costmap
[controller_server-10] [INFO] [1773385342.732239317] [local_costmap.local_costmap]: KeepoutFilter: Received filter info from /keepout_costmap_filter_info topic.
[controller_server-10] [INFO] [1773385342.732318355] [local_costmap.local_costmap]: KeepoutFilter: Subscribing to "/keepout_filter_mask" topic for filter mask...
[planner_server-12] [INFO] [1773385342.738552206] [global_costmap.global_costmap]: KeepoutFilter: Subscribing to "/keepout_costmap_filter_info" topic for filter info...
[planner_server-12] [INFO] [1773385342.749939031] [global_costmap.global_costmap]: KeepoutFilter: Received filter info from /keepout_costmap_filter_info topic.
[planner_server-12] [INFO] [1773385342.750130649] [global_costmap.global_costmap]: KeepoutFilter: Subscribing to "/keepout_filter_mask" topic for filter mask...
[controller_server-10] [WARN] [1773385342.750632589] [local_costmap.local_costmap]: KeepoutFilter: New filter mask arrived from /keepout_filter_mask topic. Updating old filter mask.
[planner_server-12] [WARN] [1773385342.766401542] [global_costmap.global_costmap]: KeepoutFilter: New filter mask arrived from /keepout_filter_mask topic. Updating old filter mask.
[planner_server-12] [WARN] [1773385343.187529164] [planner_server]: GridBased plugin failed to plan from (1.86, -3.09) to (3.40, -0.73): "no valid path found"
[planner_server-12] [WARN] [1773385343.187632993] [planner_server]: [compute_path_through_poses] [ActionServer] Aborting handle.
[planner_server-12] [INFO] [1773385343.202038456] [global_costmap.global_costmap]: Received request to clear entirely the global_costmap
[planner_server-12] [INFO] [1773385343.211773343] [global_costmap.global_costmap]: KeepoutFilter: Subscribing to "/keepout_costmap_filter_info" topic for filter info...
[planner_server-12] [INFO] [1773385343.217976861] [global_costmap.global_costmap]: KeepoutFilter: Received filter info from /keepout_costmap_filter_info topic.
[planner_server-12] [INFO] [1773385343.218067566] [global_costmap.global_costmap]: KeepoutFilter: Subscribing to "/keepout_filter_mask" topic for filter mask...
[planner_server-12] [WARN] [1773385343.230674971] [global_costmap.global_costmap]: KeepoutFilter: New filter mask arrived from /keepout_filter_mask topic. Updating old filter mask.
[planner_server-12] [WARN] [1773385343.655039680] [planner_server]: GridBased plugin failed to plan from (1.86, -3.09) to (3.40, -0.73): "no valid path found"
[planner_server-12] [WARN] [1773385343.655171217] [planner_server]: [compute_path_through_poses] [ActionServer] Aborting handle.
[controller_server-10] [INFO] [1773385343.672053421] [local_costmap.local_costmap]: Received request to clear entirely the local_costmap
[controller_server-10] [INFO] [1773385343.675326674] [local_costmap.local_costmap]: KeepoutFilter: Subscribing to "/keepout_costmap_filter_info" topic for filter info...
[planner_server-12] [INFO] [1773385343.680318946] [global_costmap.global_costmap]: Received request to clear entirely the global_costmap
[controller_server-10] [INFO] [1773385343.683038927] [local_costmap.local_costmap]: KeepoutFilter: Received filter info from /keepout_costmap_filter_info topic.
[controller_server-10] [INFO] [1773385343.683112716] [local_costmap.local_costmap]: KeepoutFilter: Subscribing to "/keepout_filter_mask" topic for filter mask...
[planner_server-12] [INFO] [1773385343.690655810] [global_costmap.global_costmap]: KeepoutFilter: Subscribing to "/keepout_costmap_filter_info" topic for filter info...
[controller_server-10] [INFO] [1773385343.695395508] [local_costmap.local_costmap]: Received request to clear entirely the local_costmap
[controller_server-10] [INFO] [1773385343.701852767] [local_costmap.local_costmap]: KeepoutFilter: Subscribing to "/keepout_costmap_filter_info" topic for filter info...
[planner_server-12] [INFO] [1773385343.704371798] [global_costmap.global_costmap]: KeepoutFilter: Received filter info from /keepout_costmap_filter_info topic.
[planner_server-12] [INFO] [1773385343.704809282] [global_costmap.global_costmap]: KeepoutFilter: Subscribing to "/keepout_filter_mask" topic for filter mask...
[planner_server-12] [INFO] [1773385343.709306322] [global_costmap.global_costmap]: Received request to clear entirely the global_costmap
[controller_server-10] [INFO] [1773385343.712515411] [local_costmap.local_costmap]: KeepoutFilter: Received filter info from /keepout_costmap_filter_info topic.
[controller_server-10] [INFO] [1773385343.712604074] [local_costmap.local_costmap]: KeepoutFilter: Subscribing to "/keepout_filter_mask" topic for filter mask...
[planner_server-12] [INFO] [1773385343.726114154] [global_costmap.global_costmap]: KeepoutFilter: Subscribing to "/keepout_costmap_filter_info" topic for filter info...
[planner_server-12] [INFO] [1773385343.737061745] [global_costmap.global_costmap]: KeepoutFilter: Received filter info from /keepout_costmap_filter_info topic.
[planner_server-12] [INFO] [1773385343.737212531] [global_costmap.global_costmap]: KeepoutFilter: Subscribing to "/keepout_filter_mask" topic for filter mask...
[controller_server-10] [WARN] [1773385343.744616797] [local_costmap.local_costmap]: KeepoutFilter: New filter mask arrived from /keepout_filter_mask topic. Updating old filter mask.
[planner_server-12] [WARN] [1773385343.755084323] [global_costmap.global_costmap]: KeepoutFilter: New filter mask arrived from /keepout_filter_mask topic. Updating old filter mask.
[planner_server-12] [WARN] [1773385344.188671188] [planner_server]: GridBased plugin failed to plan from (1.86, -3.09) to (3.40, -0.73): "no valid path found"
[planner_server-12] [WARN] [1773385344.188795142] [planner_server]: [compute_path_through_poses] [ActionServer] Aborting handle.
[planner_server-12] [INFO] [1773385344.201533208] [global_costmap.global_costmap]: Received request to clear entirely the global_costmap
[planner_server-12] [INFO] [1773385344.206356904] [global_costmap.global_costmap]: KeepoutFilter: Subscribing to "/keepout_costmap_filter_info" topic for filter info...
[planner_server-12] [INFO] [1773385344.212520174] [global_costmap.global_costmap]: KeepoutFilter: Received filter info from /keepout_costmap_filter_info topic.
[planner_server-12] [INFO] [1773385344.212601546] [global_costmap.global_costmap]: KeepoutFilter: Subscribing to "/keepout_filter_mask" topic for filter mask...
[planner_server-12] [WARN] [1773385344.227015758] [global_costmap.global_costmap]: KeepoutFilter: New filter mask arrived from /keepout_filter_mask topic. Updating old filter mask.
[planner_server-12] [WARN] [1773385344.682528430] [planner_server]: GridBased plugin failed to plan from (1.86, -3.09) to (3.40, -0.73): "no valid path found"
[planner_server-12] [WARN] [1773385344.682653842] [planner_server]: [compute_path_through_poses] [ActionServer] Aborting handle.
[bt_navigator-14] [WARN] [1773385344.711181278] [bt_navigator]: [navigate_through_poses] [ActionServer] Aborting handle.
[bt_navigator-14] [ERROR] [1773385344.711848878] [bt_navigator]: Goal failed
[delivery_robot_main_controller-20] [33m[WARN] [1773385344.939136815] [main_controller_node]: Goal failed![0m
[delivery_robot_main_controller-20] [33m[WARN] [1773385344.944337621] [main_controller_node]: Blocked lane encountered; stopping with FAILED per setting.[0m
[delivery_robot_main_controller-20] [0m[INFO] [1773385344.946854610] [main_controller_node]: State change: MOVE -> SAFE_STOP[0m
[delivery_robot_main_controller-20] [0m[INFO] [1773385344.960844755] [main_controller_node]: Robot is in SAFE_STOP. Awaiting user to switch to STANDBY.[0m
[delivery_robot_main_controller-20] [0m[INFO] [1773385344.962373906] [main_controller_node]: Robot is in SAFE_STOP. Awaiting user to switch to STANDBY.[0m
[delivery_robot_main_controller-20] [0m[INFO] [1773385344.983384498] [main_controller_node]: Current state: SAFE_STOP, dock_state IDLE, charge_state NOT_CHARGE[0m
[delivery_robot_main_controller-20] [0m[INFO] [1773385345.287995050] [main_controller_node]: Current state: SAFE_STOP, dock_state IDLE, charge_state NOT_CHARGE[0m
[delivery_robot_main_controller-20] [0m[INFO] [1773385345.968371416] [main_controller_node]: Published message: "safe_stop"[0m
[robot_sound-21] [0m[INFO] [1773385346.261166993] [robot_sound_node]: 🔔 Received sound command: safe_stop[0m
[delivery_robot_main_controller-20] [0m[INFO] [1773385346.276961612] [main_controller_node]: Current state: SAFE_STOP, dock_state IDLE, charge_state NOT_CHARGE[0m
[robot_sound-21] Simple mixer control 'PCM',0
[robot_sound-21]   Capabilities: pvolume pswitch pswitch-joined
[robot_sound-21]   Playback channels: Front Left - Front Right
[robot_sound-21]   Limits: Playback 0 - 147
[robot_sound-21]   Mono:
[robot_sound-21]   Front Left: Playback 147 [100%] [-0.94dB] [on]
[robot_sound-21]   Front Right: Playback 147 [100%] [-0.94dB] [on]
[robot_sound-21] [0m[INFO] [1773385346.289865047] [robot_sound_node]: 🔊 Playing sound: /home/smr/workspaces/mini_amr/amrROS2_ws/sounds/robot_safestop.wav[0m
[robot_sound-21] Playing WAVE '/home/smr/workspaces/mini_amr/amrROS2_ws/sounds/robot_safestop.wav' : Signed 16 bit Little Endian, Rate 22050 Hz, Mono
[delivery_robot_main_controller-20] [0m[INFO] [1773385347.278060180] [main_controller_node]: Current state: SAFE_STOP, dock_state IDLE, charge_state NOT_CHARGE[0m
[delivery_robot_main_controller-20] [0m[INFO] [1773385348.319147672] [main_controller_node]: Current state: SAFE_STOP, dock_state IDLE, charge_state NOT_CHARGE[0m
[delivery_robot_main_controller-20] [0m[INFO] [1773385349.333611366] [main_controller_node]: Current state: SAFE_STOP, dock_state IDLE, charge_state NOT_CHARGE[0m
[delivery_robot_main_controller-20] [0m[INFO] [1773385350.284431101] [main_controller_node]: Current state: SAFE_STOP, dock_state IDLE, charge_state NOT_CHARGE[0m
[delivery_robot_main_controller-20] [0m[INFO] [1773385351.326570596] [main_controller_node]: Current state: SAFE_STOP, dock_state IDLE, charge_state NOT_CHARGE[0m
[delivery_robot_main_controller-20] [0m[INFO] [1773385352.277248878] [main_controller_node]: Current state: SAFE_STOP, dock_state IDLE, charge_state NOT_CHARGE[0m
[delivery_robot_main_controller-20] [0m[INFO] [1773385353.325889089] [main_controller_node]: Current state: SAFE_STOP, dock_state IDLE, charge_state NOT_CHARGE[0m
[delivery_robot_main_controller-20] [0m[INFO] [1773385354.335076730] [main_controller_node]: Current state: SAFE_STOP, dock_state IDLE, charge_state NOT_CHARGE[0m
[delivery_robot_main_controller-20] [0m[INFO] [1773385355.358718540] [main_controller_node]: Current state: SAFE_STOP, dock_state IDLE, charge_state NOT_CHARGE[0m
[delivery_robot_main_controller-20] [0m[INFO] [1773385356.282211586] [main_controller_node]: Current state: SAFE_STOP, dock_state IDLE, charge_state NOT_CHARGE[0m
[delivery_robot_main_controller-20] [0m[INFO] [1773385357.284924761] [main_controller_node]: Current state: SAFE_STOP, dock_state IDLE, charge_state NOT_CHARGE[0m
[delivery_robot_main_controller-20] [0m[INFO] [1773385358.281658699] [main_controller_node]: Current state: SAFE_STOP, dock_state IDLE, charge_state NOT_CHARGE[0m
[delivery_robot_main_controller-20] [0m[INFO] [1773385359.287949032] [main_controller_node]: Current state: SAFE_STOP, dock_state IDLE, charge_state NOT_CHARGE[0m
[delivery_robot_main_controller-20] [0m[INFO] [1773385360.334627566] [main_controller_node]: Current state: SAFE_STOP, dock_state IDLE, charge_state NOT_CHARGE[0m
[delivery_robot_main_controller-20] [0m[INFO] [1773385361.353814334] [main_controller_node]: Current state: SAFE_STOP, dock_state IDLE, charge_state NOT_CHARGE[0m
[delivery_robot_main_controller-20] [0m[INFO] [1773385362.282838340] [main_controller_node]: Current state: SAFE_STOP, dock_state IDLE, charge_state NOT_CHARGE[0m
[delivery_robot_main_controller-20] [0m[INFO] [1773385363.278182539] [main_controller_node]: Current state: SAFE_STOP, dock_state IDLE, charge_state NOT_CHARGE[0m
[delivery_robot_main_controller-20] [0m[INFO] [1773385364.284622199] [main_controller_node]: Current state: SAFE_STOP, dock_state IDLE, charge_state NOT_CHARGE[0m
[delivery_robot_main_controller-20] [0m[INFO] [1773385364.964314925] [main_controller_node]: Published message: "safe_stop"[0m
[robot_sound-21] [0m[INFO] [1773385365.180867887] [robot_sound_node]: 🔔 Received sound command: safe_stop[0m
[robot_sound-21] Simple mixer control 'PCM',0
[robot_sound-21]   Capabilities: pvolume pswitch pswitch-joined
[robot_sound-21]   Playback channels: Front Left - Front Right
[robot_sound-21]   Limits: Playback 0 - 147
[robot_sound-21]   Mono:
[robot_sound-21]   Front Left: Playback 147 [100%] [-0.94dB] [on]
[robot_sound-21]   Front Right: Playback 147 [100%] [-0.94dB] [on]
[robot_sound-21] [0m[INFO] [1773385365.206856168] [robot_sound_node]: 🔊 Playing sound: /home/smr/workspaces/mini_amr/amrROS2_ws/sounds/robot_safestop.wav[0m
[robot_sound-21] Playing WAVE '/home/smr/workspaces/mini_amr/amrROS2_ws/sounds/robot_safestop.wav' : Signed 16 bit Little Endian, Rate 22050 Hz, Mono
[delivery_robot_main_controller-20] [0m[INFO] [1773385365.290503047] [main_controller_node]: Current state: SAFE_STOP, dock_state IDLE, charge_state NOT_CHARGE[0m
[delivery_robot_main_controller-20] [0m[INFO] [1773385365.966022470] [main_controller_node]: SAFE_STOP cleared to STANDBY via API/GUI.[0m
[delivery_robot_main_controller-20] [0m[INFO] [1773385365.966742276] [main_controller_node]: State change: SAFE_STOP -> STANDBY[0m
[delivery_robot_main_controller-20] [0m[INFO] [1773385365.970285894] [main_controller_node]: Robot is in STANDBY mode.[0m
[delivery_robot_main_controller-20] [0m[INFO] [1773385366.339998684] [main_controller_node]: Current state: STANDBY, dock_state IDLE, charge_state NOT_CHARGE[0m
[delivery_robot_main_controller-20] [0m[INFO] [1773385367.277627412] [main_controller_node]: Current state: STANDBY, dock_state IDLE, charge_state NOT_CHARGE[0m
[delivery_robot_main_controller-20] [0m[INFO] [1773385367.349004040] [main_controller_node]: 1 pending queues [0m
[delivery_robot_main_controller-20] [0m[INFO] [1773385367.352919811] [main_controller_node]: Queue action: Request[0m
[delivery_robot_main_controller-20] [0m[INFO] [1773385367.397140078] [main_controller_node]: AGV start_pos: x=1.94, y=-2.68[0m
[delivery_robot_main_controller-20] [0m[INFO] [1773385367.397732722] [main_controller_node]: AGV goal_pos: x=3.40, y=-0.73[0m
[delivery_robot_main_controller-20] Graph before shortest_path: Graph with 11 nodes and 10 edges
[delivery_robot_main_controller-20] [0m[INFO] [1773385367.419696445] [main_controller_node]: Computed AGV path waypoints:[0m
[delivery_robot_main_controller-20] [0m[INFO] [1773385367.420398168] [main_controller_node]:   Waypoint 0: x=1.94, y=-2.68[0m
[delivery_robot_main_controller-20] [0m[INFO] [1773385367.421124391] [main_controller_node]:   Waypoint 1: x=3.40, y=-0.73[0m
[delivery_robot_main_controller-20] [0m[INFO] [1773385367.424586054] [main_controller_node]: Navigating with 2 goals....[0m
[bt_navigator-14] [INFO] [1773385367.425734011] [bt_navigator]: Begin navigating from current location through 2 poses to (3.40, -0.73)
[controller_server-10] [INFO] [1773385367.426119288] [local_costmap.local_costmap]: Received request to clear entirely the local_costmap
[controller_server-10] [INFO] [1773385367.431898739] [local_costmap.local_costmap]: KeepoutFilter: Subscribing to "/keepout_costmap_filter_info" topic for filter info...
[controller_server-10] [INFO] [1773385367.436768516] [local_costmap.local_costmap]: KeepoutFilter: Received filter info from /keepout_costmap_filter_info topic.
[controller_server-10] [INFO] [1773385367.436845805] [local_costmap.local_costmap]: KeepoutFilter: Subscribing to "/keepout_filter_mask" topic for filter mask...
[planner_server-12] [INFO] [1773385367.438211337] [global_costmap.global_costmap]: Received request to clear entirely the global_costmap
[planner_server-12] [INFO] [1773385367.450236888] [global_costmap.global_costmap]: KeepoutFilter: Subscribing to "/keepout_costmap_filter_info" topic for filter info...
[controller_server-10] [WARN] [1773385367.458228257] [local_costmap.local_costmap]: KeepoutFilter: New filter mask arrived from /keepout_filter_mask topic. Updating old filter mask.
[planner_server-12] [INFO] [1773385367.460917323] [global_costmap.global_costmap]: KeepoutFilter: Received filter info from /keepout_costmap_filter_info topic.
[planner_server-12] [INFO] [1773385367.460997820] [global_costmap.global_costmap]: KeepoutFilter: Subscribing to "/keepout_filter_mask" topic for filter mask...
[planner_server-12] [WARN] [1773385367.477213590] [global_costmap.global_costmap]: KeepoutFilter: New filter mask arrived from /keepout_filter_mask topic. Updating old filter mask.
[planner_server-12] [WARN] [1773385367.684616436] [planner_server]: GridBased plugin failed to plan from (1.94, -2.68) to (3.40, -0.73): "no valid path found"
[planner_server-12] [WARN] [1773385367.684748556] [planner_server]: [compute_path_through_poses] [ActionServer] Aborting handle.
[planner_server-12] [INFO] [1773385367.696812606] [global_costmap.global_costmap]: Received request to clear entirely the global_costmap
[planner_server-12] [INFO] [1773385367.701788545] [global_costmap.global_costmap]: KeepoutFilter: Subscribing to "/keepout_costmap_filter_info" topic for filter info...
[planner_server-12] [INFO] [1773385367.707883860] [global_costmap.global_costmap]: KeepoutFilter: Received filter info from /keepout_costmap_filter_info topic.
[planner_server-12] [INFO] [1773385367.707967565] [global_costmap.global_costmap]: KeepoutFilter: Subscribing to "/keepout_filter_mask" topic for filter mask...
[planner_server-12] [WARN] [1773385367.717053517] [global_costmap.global_costmap]: KeepoutFilter: New filter mask arrived from /keepout_filter_mask topic. Updating old filter mask.
[delivery_robot_main_controller-20] [0m[INFO] [1773385367.874359524] [main_controller_node]: State change: STANDBY -> MOVE[0m
[delivery_robot_main_controller-20] [0m[INFO] [1773385367.893590431] [main_controller_node]: Robot is MOVING.[0m
[planner_server-12] [WARN] [1773385368.194957771] [planner_server]: GridBased plugin failed to plan from (1.94, -2.68) to (3.40, -0.73): "no valid path found"
[planner_server-12] [WARN] [1773385368.195234844] [planner_server]: [compute_path_through_poses] [ActionServer] Aborting handle.
[controller_server-10] [INFO] [1773385368.206937824] [local_costmap.local_costmap]: Received request to clear entirely the local_costmap
[controller_server-10] [INFO] [1773385368.213233798] [local_costmap.local_costmap]: KeepoutFilter: Subscribing to "/keepout_costmap_filter_info" topic for filter info...
[planner_server-12] [INFO] [1773385368.220282535] [global_costmap.global_costmap]: Received request to clear entirely the global_costmap
[controller_server-10] [INFO] [1773385368.220662562] [local_costmap.local_costmap]: KeepoutFilter: Received filter info from /keepout_costmap_filter_info topic.
[controller_server-10] [INFO] [1773385368.221494656] [local_costmap.local_costmap]: KeepoutFilter: Subscribing to "/keepout_filter_mask" topic for filter mask...
[planner_server-12] [INFO] [1773385368.229402319] [global_costmap.global_costmap]: KeepoutFilter: Subscribing to "/keepout_costmap_filter_info" topic for filter info...
[controller_server-10] [INFO] [1773385368.237683885] [local_costmap.local_costmap]: Received request to clear entirely the local_costmap
[planner_server-12] [INFO] [1773385368.240549987] [global_costmap.global_costmap]: KeepoutFilter: Received filter info from /keepout_costmap_filter_info topic.
[planner_server-12] [INFO] [1773385368.240807519] [global_costmap.global_costmap]: KeepoutFilter: Subscribing to "/keepout_filter_mask" topic for filter mask...
[controller_server-10] [INFO] [1773385368.248337780] [local_costmap.local_costmap]: KeepoutFilter: Subscribing to "/keepout_costmap_filter_info" topic for filter info...
[planner_server-12] [INFO] [1773385368.255859291] [global_costmap.global_costmap]: Received request to clear entirely the global_costmap
[controller_server-10] [INFO] [1773385368.259701272] [local_costmap.local_costmap]: KeepoutFilter: Received filter info from /keepout_costmap_filter_info topic.
[controller_server-10] [INFO] [1773385368.259986220] [local_costmap.local_costmap]: KeepoutFilter: Subscribing to "/keepout_filter_mask" topic for filter mask...
[planner_server-12] [INFO] [1773385368.265383019] [global_costmap.global_costmap]: KeepoutFilter: Subscribing to "/keepout_costmap_filter_info" topic for filter info...
[planner_server-12] [INFO] [1773385368.277488775] [global_costmap.global_costmap]: KeepoutFilter: Received filter info from /keepout_costmap_filter_info topic.
[planner_server-12] [INFO] [1773385368.277570731] [global_costmap.global_costmap]: KeepoutFilter: Subscribing to "/keepout_filter_mask" topic for filter mask...
[controller_server-10] [WARN] [1773385368.281333090] [local_costmap.local_costmap]: KeepoutFilter: New filter mask arrived from /keepout_filter_mask topic. Updating old filter mask.
[planner_server-12] [WARN] [1773385368.293908704] [global_costmap.global_costmap]: KeepoutFilter: New filter mask arrived from /keepout_filter_mask topic. Updating old filter mask.
[planner_server-12] [WARN] [1773385368.638305772] [planner_server]: Planner loop missed its desired rate of 5.0000 Hz. Current loop rate is 2.7554 Hz
[controller_server-10] [INFO] [1773385368.657610761] [controller_server]: Received a goal, begin computing control effort.
[controller_server-10] [INFO] [1773385368.858108364] [controller_server]: Passing new path to controller.
[controller_server-10] [INFO] [1773385368.958143382] [controller_server]: Passing new path to controller.
[controller_server-10] [INFO] [1773385369.158136420] [controller_server]: Passing new path to controller.
[controller_server-10] [INFO] [1773385369.358385824] [controller_server]: Passing new path to controller.
[controller_server-10] [INFO] [1773385369.458164185] [controller_server]: Passing new path to controller.
[controller_server-10] [INFO] [1773385369.558152538] [controller_server]: Passing new path to controller.
[controller_server-10] [INFO] [1773385369.658119309] [controller_server]: Passing new path to controller.
[controller_server-10] [INFO] [1773385369.858103306] [controller_server]: Passing new path to controller.
[controller_server-10] [INFO] [1773385369.958101575] [controller_server]: Passing new path to controller.
[controller_server-10] [INFO] [1773385370.058080595] [controller_server]: Passing new path to controller.
[controller_server-10] [INFO] [1773385370.158090822] [controller_server]: Passing new path to controller.
[controller_server-10] [INFO] [1773385370.358131401] [controller_server]: Passing new path to controller.
[controller_server-10] [INFO] [1773385370.458127045] [controller_server]: Passing new path to controller.
[controller_server-10] [INFO] [1773385370.558139022] [controller_server]: Passing new path to controller.
[controller_server-10] [INFO] [1773385370.758092104] [controller_server]: Passing new path to controller.
[controller_server-10] [INFO] [1773385370.858096498] [controller_server]: Passing new path to controller.
[controller_server-10] [INFO] [1773385370.958284344] [controller_server]: Passing new path to controller.
[controller_server-10] [INFO] [1773385371.058141160] [controller_server]: Passing new path to controller.
[controller_server-10] [INFO] [1773385371.258137115] [controller_server]: Passing new path to controller.
[controller_server-10] [INFO] [1773385371.358256130] [controller_server]: Passing new path to controller.
[controller_server-10] [INFO] [1773385371.458102738] [controller_server]: Passing new path to controller.
[controller_server-10] [INFO] [1773385371.558102757] [controller_server]: Passing new path to controller.
[controller_server-10] [INFO] [1773385371.758190001] [controller_server]: Passing new path to controller.
[controller_server-10] [INFO] [1773385371.858106898] [controller_server]: Passing new path to controller.
[controller_server-10] [INFO] [1773385371.958104876] [controller_server]: Passing new path to controller.
[controller_server-10] [INFO] [1773385372.058101103] [controller_server]: Passing new path to controller.
[controller_server-10] [INFO] [1773385372.258131182] [controller_server]: Passing new path to controller.
[controller_server-10] [INFO] [1773385372.358151326] [controller_server]: Passing new path to controller.
[controller_server-10] [INFO] [1773385372.458129471] [controller_server]: Passing new path to controller.
[controller_server-10] [INFO] [1773385372.558161572] [controller_server]: Passing new path to controller.
[controller_server-10] [INFO] [1773385372.758098613] [controller_server]: Passing new path to controller.
[controller_server-10] [INFO] [1773385372.858095132] [controller_server]: Passing new path to controller.
[controller_server-10] [INFO] [1773385372.958095735] [controller_server]: Passing new path to controller.
[controller_server-10] [INFO] [1773385373.058094296] [controller_server]: Passing new path to controller.
[controller_server-10] [INFO] [1773385373.258231412] [controller_server]: Passing new path to controller.
[controller_server-10] [INFO] [1773385373.358427133] [controller_server]: Passing new path to controller.
[controller_server-10] [INFO] [1773385373.458118872] [controller_server]: Passing new path to controller.
[controller_server-10] [INFO] [1773385373.758104055] [controller_server]: Passing new path to controller.
[controller_server-10] [INFO] [1773385373.858145489] [controller_server]: Passing new path to controller.
[controller_server-10] [INFO] [1773385373.958095344] [controller_server]: Passing new path to controller.
[controller_server-10] [INFO] [1773385374.158300999] [controller_server]: Passing new path to controller.
[controller_server-10] [INFO] [1773385374.358112628] [controller_server]: Passing new path to controller.
[controller_server-10] [INFO] [1773385374.458179145] [controller_server]: Passing new path to controller.
[controller_server-10] [INFO] [1773385374.558166623] [controller_server]: Passing new path to controller.
[controller_server-10] [INFO] [1773385374.658191141] [controller_server]: Passing new path to controller.
[controller_server-10] [INFO] [1773385374.858131390] [controller_server]: Passing new path to controller.
[controller_server-10] [INFO] [1773385374.958141909] [controller_server]: Passing new path to controller.
[controller_server-10] [INFO] [1773385375.058127054] [controller_server]: Passing new path to controller.
[controller_server-10] [INFO] [1773385375.158090324] [controller_server]: Passing new path to controller.
[controller_server-10] [INFO] [1773385375.358151027] [controller_server]: Passing new path to controller.
[controller_server-10] [INFO] [1773385375.458123339] [controller_server]: Passing new path to controller.
[controller_server-10] [INFO] [1773385375.558137649] [controller_server]: Passing new path to controller.
[controller_server-10] [INFO] [1773385375.758138854] [controller_server]: Passing new path to controller.
[controller_server-10] [INFO] [1773385375.858154331] [controller_server]: Passing new path to controller.
[controller_server-10] [INFO] [1773385375.958144143] [controller_server]: Passing new path to controller.
[controller_server-10] [INFO] [1773385376.058183244] [controller_server]: Passing new path to controller.
[controller_server-10] [INFO] [1773385376.258169866] [controller_server]: Passing new path to controller.
[controller_server-10] [INFO] [1773385376.358178926] [controller_server]: Passing new path to controller.
[controller_server-10] [INFO] [1773385376.458102240] [controller_server]: Passing new path to controller.
[controller_server-10] [INFO] [1773385376.558106051] [controller_server]: Passing new path to controller.
[controller_server-10] [INFO] [1773385376.758122130] [controller_server]: Passing new path to controller.
[controller_server-10] [INFO] [1773385376.858113983] [controller_server]: Passing new path to controller.
[controller_server-10] [INFO] [1773385376.958167375] [controller_server]: Passing new path to controller.
[controller_server-10] [INFO] [1773385377.058137646] [controller_server]: Passing new path to controller.
[controller_server-10] [INFO] [1773385377.258561460] [controller_server]: Passing new path to controller.
[controller_server-10] [INFO] [1773385377.358132162] [controller_server]: Passing new path to controller.
[controller_server-10] [INFO] [1773385377.458101557] [controller_server]: Passing new path to controller.
[controller_server-10] [INFO] [1773385377.558102160] [controller_server]: Passing new path to controller.
[controller_server-10] [INFO] [1773385377.758127572] [controller_server]: Passing new path to controller.
[controller_server-10] [INFO] [1773385377.858559242] [controller_server]: Passing new path to controller.
[controller_server-10] [INFO] [1773385377.958100487] [controller_server]: Passing new path to controller.
[controller_server-10] [INFO] [1773385378.058094381] [controller_server]: Passing new path to controller.
[controller_server-10] [INFO] [1773385378.258751812] [controller_server]: Passing new path to controller.
[controller_server-10] [INFO] [1773385378.358206143] [controller_server]: Passing new path to controller.
[controller_server-10] [INFO] [1773385378.458158330] [controller_server]: Passing new path to controller.
[controller_server-10] [INFO] [1773385378.758095390] [controller_server]: Passing new path to controller.
[controller_server-10] [INFO] [1773385378.858267195] [controller_server]: Passing new path to controller.
[controller_server-10] [INFO] [1773385378.958105345] [controller_server]: Passing new path to controller.
[controller_server-10] [INFO] [1773385379.158134841] [controller_server]: Passing new path to controller.
[controller_server-10] [INFO] [1773385379.358095506] [controller_server]: Passing new path to controller.
[controller_server-10] [INFO] [1773385379.359963853] [controller_server]: Reached the goal!
[controller_server-10] [INFO] [1773385379.360575746] [controller_server]: Optimizer reset
[bt_navigator-14] [INFO] [1773385379.396684774] [bt_navigator]: Goal succeeded
[delivery_robot_main_controller-20] [0m[INFO] [1773385379.736044947] [main_controller_node]: Goal succeeded![0m
[delivery_robot_main_controller-20] [0m[INFO] [1773385379.736737629] [main_controller_node]: State change: MOVE -> AFTER_MOVE[0m
[delivery_robot_main_controller-20] [0m[INFO] [1773385379.745767001] [main_controller_node]: Evaluating post-move action...[0m
[delivery_robot_main_controller-20] [0m[INFO] [1773385379.753149684] [main_controller_node]: Post-move action is: Request[0m
[delivery_robot_main_controller-20] [0m[INFO] [1773385379.753810284] [main_controller_node]: Published message: "arrive_target"[0m
[delivery_robot_main_controller-20] [0m[INFO] [1773385379.780502330] [main_controller_node]: Successfully removed queue ID: 1929[0m
[delivery_robot_main_controller-20] [0m[INFO] [1773385379.781152431] [main_controller_node]: Waiting 15s for LOAD_IN command...[0m
[delivery_robot_main_controller-20] [0m[INFO] [1773385379.781781532] [main_controller_node]: State change: AFTER_MOVE -> STANDBY[0m
[delivery_robot_main_controller-20] [0m[INFO] [1773385379.795422273] [main_controller_node]: Robot is in STANDBY mode.[0m
[delivery_robot_main_controller-20] [0m[INFO] [1773385379.814439397] [main_controller_node]: Current state: STANDBY, dock_state IDLE, charge_state NOT_CHARGE[0m
[delivery_robot_main_controller-20] [0m[INFO] [1773385379.881009538] [main_controller_node]: Enter to wait_for_load_in_loop and wait for timeout...in 14.900797843933105 seconds[0m
[robot_sound-21] [0m[INFO] [1773385380.013330852] [robot_sound_node]: 🔔 Received sound command: arrive_target[0m
[robot_sound-21] Simple mixer control 'PCM',0
[robot_sound-21]   Capabilities: pvolume pswitch pswitch-joined
[robot_sound-21]   Playback channels: Front Left - Front Right
[robot_sound-21]   Limits: Playback 0 - 147
[robot_sound-21]   Mono:
[robot_sound-21]   Front Left: Playback 147 [100%] [-0.94dB] [on]
[robot_sound-21]   Front Right: Playback 147 [100%] [-0.94dB] [on]
[robot_sound-21] [0m[INFO] [1773385380.028345292] [robot_sound_node]: 🔊 Playing sound: /home/smr/workspaces/mini_amr/amrROS2_ws/sounds/robot_target.wav[0m
[robot_sound-21] Playing WAVE '/home/smr/workspaces/mini_amr/amrROS2_ws/sounds/robot_target.wav' : Signed 16 bit Little Endian, Rate 44100 Hz, Mono
[delivery_robot_main_controller-20] [0m[INFO] [1773385380.321879924] [main_controller_node]: Current state: STANDBY, dock_state IDLE, charge_state NOT_CHARGE[0m
[delivery_robot_main_controller-20] [0m[INFO] [1773385381.294036321] [main_controller_node]: Current state: STANDBY, dock_state IDLE, charge_state NOT_CHARGE[0m
[delivery_robot_main_controller-20] [0m[INFO] [1773385381.365742521] [main_controller_node]: Enter to wait_for_load_in_loop and wait for timeout...in 13.416054725646973 seconds[0m
[call_robot_button-22] 2026-03-13 14:03:01 mosquitto_pub -u smr -P smrbot25 -m "Production1,false" -t "Rsp" -r
[call_robot_button-22] [0m[INFO] [1773385381.587335296] [call_robot_button_node]: call_switch notified: station=Production1 status=false.[0m
[delivery_robot_main_controller-20] [0m[INFO] [1773385382.313287837] [main_controller_node]: Current state: STANDBY, dock_state IDLE, charge_state NOT_CHARGE[0m
[delivery_robot_main_controller-20] [0m[INFO] [1773385383.282401098] [main_controller_node]: Current state: STANDBY, dock_state IDLE, charge_state NOT_CHARGE[0m
[delivery_robot_main_controller-20] [0m[INFO] [1773385383.382081754] [main_controller_node]: Enter to wait_for_load_in_loop and wait for timeout...in 11.399713277816772 seconds[0m
[delivery_robot_main_controller-20] [0m[INFO] [1773385384.280121125] [main_controller_node]: Current state: STANDBY, dock_state IDLE, charge_state NOT_CHARGE[0m
[delivery_robot_main_controller-20] [0m[INFO] [1773385385.296413792] [main_controller_node]: Current state: STANDBY, dock_state IDLE, charge_state NOT_CHARGE[0m
[delivery_robot_main_controller-20] [0m[INFO] [1773385385.370415323] [main_controller_node]: Enter to wait_for_load_in_loop and wait for timeout...in 9.412697076797485 seconds[0m
[delivery_robot_main_controller-20] [0m[INFO] [1773385386.286988836] [main_controller_node]: Current state: STANDBY, dock_state IDLE, charge_state NOT_CHARGE[0m
[delivery_robot_main_controller-20] [0m[INFO] [1773385387.287444594] [main_controller_node]: Current state: STANDBY, dock_state IDLE, charge_state NOT_CHARGE[0m
[delivery_robot_main_controller-20] [0m[INFO] [1773385387.354817081] [main_controller_node]: Enter to wait_for_load_in_loop and wait for timeout...in 7.428316354751587 seconds[0m
[delivery_robot_main_controller-20] [0m[INFO] [1773385388.280536044] [main_controller_node]: Current state: STANDBY, dock_state IDLE, charge_state NOT_CHARGE[0m
[delivery_robot_main_controller-20] [0m[INFO] [1773385389.278769969] [main_controller_node]: Current state: STANDBY, dock_state IDLE, charge_state NOT_CHARGE[0m
[delivery_robot_main_controller-20] [0m[INFO] [1773385389.365152579] [main_controller_node]: Enter to wait_for_load_in_loop and wait for timeout...in 5.416651010513306 seconds[0m
[delivery_robot_main_controller-20] [0m[INFO] [1773385390.280322645] [main_controller_node]: Current state: STANDBY, dock_state IDLE, charge_state NOT_CHARGE[0m
[delivery_robot_main_controller-20] [0m[INFO] [1773385391.336728774] [main_controller_node]: Current state: STANDBY, dock_state IDLE, charge_state NOT_CHARGE[0m
[delivery_robot_main_controller-20] [0m[INFO] [1773385391.407074399] [main_controller_node]: Enter to wait_for_load_in_loop and wait for timeout...in 3.37473464012146 seconds[0m
[delivery_robot_main_controller-20] [0m[INFO] [1773385392.289958753] [main_controller_node]: Current state: STANDBY, dock_state IDLE, charge_state NOT_CHARGE[0m
[delivery_robot_main_controller-20] [0m[INFO] [1773385393.284794596] [main_controller_node]: Current state: STANDBY, dock_state IDLE, charge_state NOT_CHARGE[0m
[delivery_robot_main_controller-20] [0m[INFO] [1773385393.354424206] [main_controller_node]: Enter to wait_for_load_in_loop and wait for timeout...in 1.4273571968078613 seconds[0m
[delivery_robot_main_controller-20] [0m[INFO] [1773385394.284734706] [main_controller_node]: Current state: STANDBY, dock_state IDLE, charge_state NOT_CHARGE[0m
[delivery_robot_main_controller-20] [0m[INFO] [1773385395.298550341] [main_controller_node]: Current state: STANDBY, dock_state IDLE, charge_state NOT_CHARGE[0m
[delivery_robot_main_controller-20] [0m[INFO] [1773385395.382669120] [main_controller_node]: No pending queue found or unexpected format.[0m
[delivery_robot_main_controller-20] [0m[INFO] [1773385396.281833699] [main_controller_node]: Current state: STANDBY, dock_state IDLE, charge_state NOT_CHARGE[0m
[delivery_robot_main_controller-20] [0m[INFO] [1773385397.305217685] [main_controller_node]: Current state: STANDBY, dock_state IDLE, charge_state NOT_CHARGE[0m
[delivery_robot_main_controller-20] [0m[INFO] [1773385397.406404743] [main_controller_node]: No pending queue found or unexpected format.[0m
[delivery_robot_main_controller-20] [0m[INFO] [1773385398.317452254] [main_controller_node]: Current state: STANDBY, dock_state IDLE, charge_state NOT_CHARGE[0m
[delivery_robot_main_controller-20] [0m[INFO] [1773385399.281233464] [main_controller_node]: Current state: STANDBY, dock_state IDLE, charge_state NOT_CHARGE[0m
[delivery_robot_main_controller-20] [0m[INFO] [1773385399.355596065] [main_controller_node]: No pending queue found or unexpected format.[0m
[delivery_robot_main_controller-20] [0m[INFO] [1773385400.279192357] [main_controller_node]: Current state: STANDBY, dock_state IDLE, charge_state NOT_CHARGE[0m
[delivery_robot_main_controller-20] [0m[INFO] [1773385401.319018730] [main_controller_node]: Current state: STANDBY, dock_state IDLE, charge_state NOT_CHARGE[0m
[delivery_robot_main_controller-20] [0m[INFO] [1773385401.418848422] [main_controller_node]: No pending queue found or unexpected format.[0m
[delivery_robot_main_controller-20] [0m[INFO] [1773385402.333221684] [main_controller_node]: Current state: STANDBY, dock_state IDLE, charge_state NOT_CHARGE[0m
[delivery_robot_main_controller-20] [0m[INFO] [1773385403.280186605] [main_controller_node]: Current state: STANDBY, dock_state IDLE, charge_state NOT_CHARGE[0m
[delivery_robot_main_controller-20] [0m[INFO] [1773385403.336130267] [main_controller_node]: No pending queue found or unexpected format.[0m
[delivery_robot_main_controller-20] [0m[INFO] [1773385404.280682903] [main_controller_node]: Current state: STANDBY, dock_state IDLE, charge_state NOT_CHARGE[0m
[delivery_robot_main_controller-20] [0m[INFO] [1773385405.277837118] [main_controller_node]: Current state: STANDBY, dock_state IDLE, charge_state NOT_CHARGE[0m
[delivery_robot_main_controller-20] [0m[INFO] [1773385405.340251456] [main_controller_node]: No pending queue found or unexpected format.[0m
[delivery_robot_main_controller-20] [0m[INFO] [1773385406.296488989] [main_controller_node]: Current state: STANDBY, dock_state IDLE, charge_state NOT_CHARGE[0m
[delivery_robot_main_controller-20] [0m[INFO] [1773385407.306718133] [main_controller_node]: Current state: STANDBY, dock_state IDLE, charge_state NOT_CHARGE[0m
[delivery_robot_main_controller-20] [0m[INFO] [1773385407.388453792] [main_controller_node]: No pending queue found or unexpected format.[0m
[delivery_robot_main_controller-20] [0m[INFO] [1773385408.348840128] [main_controller_node]: Current state: STANDBY, dock_state IDLE, charge_state NOT_CHARGE[0m
[delivery_robot_main_controller-20] [0m[INFO] [1773385409.277977881] [main_controller_node]: Current state: STANDBY, dock_state IDLE, charge_state NOT_CHARGE[0m
[delivery_robot_main_controller-20] [0m[INFO] [1773385409.360824165] [main_controller_node]: No pending queue found or unexpected format.[0m
[delivery_robot_main_controller-20] [0m[INFO] [1773385410.278365100] [main_controller_node]: Current state: STANDBY, dock_state IDLE, charge_state NOT_CHARGE[0m
[delivery_robot_main_controller-20] [0m[INFO] [1773385411.281489217] [main_controller_node]: Current state: STANDBY, dock_state IDLE, charge_state NOT_CHARGE[0m
[delivery_robot_main_controller-20] [0m[INFO] [1773385411.363213210] [main_controller_node]: No pending queue found or unexpected format.[0m
[delivery_robot_main_controller-20] [0m[INFO] [1773385412.328380660] [main_controller_node]: Current state: STANDBY, dock_state IDLE, charge_state NOT_CHARGE[0m
[delivery_robot_main_controller-20] [0m[INFO] [1773385413.285026803] [main_controller_node]: Current state: STANDBY, dock_state IDLE, charge_state NOT_CHARGE[0m
[delivery_robot_main_controller-20] [0m[INFO] [1773385413.377517269] [main_controller_node]: No pending queue found or unexpected format.[0m
[delivery_robot_main_controller-20] [0m[INFO] [1773385414.288725190] [main_controller_node]: Current state: STANDBY, dock_state IDLE, charge_state NOT_CHARGE[0m
[delivery_robot_main_controller-20] [0m[INFO] [1773385415.276754954] [main_controller_node]: Current state: STANDBY, dock_state IDLE, charge_state NOT_CHARGE[0m
[delivery_robot_main_controller-20] [0m[INFO] [1773385415.336572389] [main_controller_node]: No pending queue found or unexpected format.[0m
[delivery_robot_main_controller-20] [0m[INFO] [1773385416.284944840] [main_controller_node]: Current state: STANDBY, dock_state IDLE, charge_state NOT_CHARGE[0m
[delivery_robot_main_controller-20] [0m[INFO] [1773385417.282230592] [main_controller_node]: Current state: STANDBY, dock_state IDLE, charge_state NOT_CHARGE[0m
[delivery_robot_main_controller-20] [0m[INFO] [1773385417.378886486] [main_controller_node]: No pending queue found or unexpected format.[0m
[delivery_robot_main_controller-20] [0m[INFO] [1773385418.291514771] [main_controller_node]: Current state: STANDBY, dock_state IDLE, charge_state NOT_CHARGE[0m
[delivery_robot_main_controller-20] [0m[INFO] [1773385419.312123652] [main_controller_node]: Current state: STANDBY, dock_state IDLE, charge_state NOT_CHARGE[0m
[delivery_robot_main_controller-20] [0m[INFO] [1773385419.402004091] [main_controller_node]: No pending queue found or unexpected format.[0m
[delivery_robot_main_controller-20] [0m[INFO] [1773385420.282074840] [main_controller_node]: Current state: STANDBY, dock_state IDLE, charge_state NOT_CHARGE[0m
[delivery_robot_main_controller-20] [0m[INFO] [1773385421.278230718] [main_controller_node]: Current state: STANDBY, dock_state IDLE, charge_state NOT_CHARGE[0m
[delivery_robot_main_controller-20] [0m[INFO] [1773385421.365506087] [main_controller_node]: No pending queue found or unexpected format.[0m
[delivery_robot_main_controller-20] [0m[INFO] [1773385422.283578127] [main_controller_node]: Current state: STANDBY, dock_state IDLE, charge_state NOT_CHARGE[0m
[delivery_robot_main_controller-20] [0m[INFO] [1773385423.286007228] [main_controller_node]: Current state: STANDBY, dock_state IDLE, charge_state NOT_CHARGE[0m
[delivery_robot_main_controller-20] [0m[INFO] [1773385423.360526448] [main_controller_node]: No pending queue found or unexpected format.[0m
[delivery_robot_main_controller-20] [0m[INFO] [1773385424.326744442] [main_controller_node]: Current state: STANDBY, dock_state IDLE, charge_state NOT_CHARGE[0m
[delivery_robot_main_controller-20] [0m[INFO] [1773385425.282717735] [main_controller_node]: Current state: STANDBY, dock_state IDLE, charge_state NOT_CHARGE[0m
[delivery_robot_main_controller-20] [0m[INFO] [1773385425.361535670] [main_controller_node]: No pending queue found or unexpected format.[0m
[delivery_robot_main_controller-20] [0m[INFO] [1773385426.305635364] [main_controller_node]: Current state: STANDBY, dock_state IDLE, charge_state NOT_CHARGE[0m
[delivery_robot_main_controller-20] [0m[INFO] [1773385427.339108015] [main_controller_node]: Current state: STANDBY, dock_state IDLE, charge_state NOT_CHARGE[0m
[delivery_robot_main_controller-20] [0m[INFO] [1773385427.393283369] [main_controller_node]: No pending queue found or unexpected format.[0m
[delivery_robot_main_controller-20] [0m[INFO] [1773385428.291201995] [main_controller_node]: Current state: STANDBY, dock_state IDLE, charge_state NOT_CHARGE[0m
[delivery_robot_main_controller-20] [0m[INFO] [1773385429.331537880] [main_controller_node]: Current state: STANDBY, dock_state IDLE, charge_state NOT_CHARGE[0m
[delivery_robot_main_controller-20] [0m[INFO] [1773385429.400617424] [main_controller_node]: No pending queue found or unexpected format.[0m
[delivery_robot_main_controller-20] [0m[INFO] [1773385430.278412324] [main_controller_node]: Current state: STANDBY, dock_state IDLE, charge_state NOT_CHARGE[0m
[delivery_robot_main_controller-20] [0m[INFO] [1773385431.282452756] [main_controller_node]: Current state: STANDBY, dock_state IDLE, charge_state NOT_CHARGE[0m
[delivery_robot_main_controller-20] [0m[INFO] [1773385431.355160789] [main_controller_node]: No pending queue found or unexpected format.[0m
[delivery_robot_main_controller-20] [0m[INFO] [1773385432.284325020] [main_controller_node]: Current state: STANDBY, dock_state IDLE, charge_state NOT_CHARGE[0m
[delivery_robot_main_controller-20] [0m[INFO] [1773385433.311539544] [main_controller_node]: Current state: STANDBY, dock_state IDLE, charge_state NOT_CHARGE[0m
[delivery_robot_main_controller-20] [0m[INFO] [1773385433.394855097] [main_controller_node]: No pending queue found or unexpected format.[0m
[delivery_robot_main_controller-20] [0m[INFO] [1773385434.314564431] [main_controller_node]: Current state: STANDBY, dock_state IDLE, charge_state NOT_CHARGE[0m
[delivery_robot_main_controller-20] [0m[INFO] [1773385435.318181379] [main_controller_node]: Current state: STANDBY, dock_state IDLE, charge_state NOT_CHARGE[0m
[delivery_robot_main_controller-20] [0m[INFO] [1773385435.397535080] [main_controller_node]: No pending queue found or unexpected format.[0m
[delivery_robot_main_controller-20] [0m[INFO] [1773385436.278468780] [main_controller_node]: Current state: STANDBY, dock_state IDLE, charge_state NOT_CHARGE[0m
[delivery_robot_main_controller-20] [0m[INFO] [1773385437.277017625] [main_controller_node]: Current state: STANDBY, dock_state IDLE, charge_state NOT_CHARGE[0m
[delivery_robot_main_controller-20] [0m[INFO] [1773385437.352540136] [main_controller_node]: No pending queue found or unexpected format.[0m
[delivery_robot_main_controller-20] [0m[INFO] [1773385438.292446632] [main_controller_node]: Current state: STANDBY, dock_state IDLE, charge_state NOT_CHARGE[0m
[delivery_robot_main_controller-20] [0m[INFO] [1773385439.317441948] [main_controller_node]: Current state: STANDBY, dock_state IDLE, charge_state NOT_CHARGE[0m
[delivery_robot_main_controller-20] [0m[INFO] [1773385439.390530299] [main_controller_node]: No pending queue found or unexpected format.[0m
[delivery_robot_main_controller-20] [0m[INFO] [1773385440.343418393] [main_controller_node]: Current state: STANDBY, dock_state IDLE, charge_state NOT_CHARGE[0m
[delivery_robot_main_controller-20] [0m[INFO] [1773385441.277455025] [main_controller_node]: Current state: STANDBY, dock_state IDLE, charge_state NOT_CHARGE[0m
[delivery_robot_main_controller-20] [0m[INFO] [1773385441.359790615] [main_controller_node]: No pending queue found or unexpected format.[0m
[delivery_robot_main_controller-20] [0m[INFO] [1773385442.277257991] [main_controller_node]: Current state: STANDBY, dock_state IDLE, charge_state NOT_CHARGE[0m
[delivery_robot_main_controller-20] [0m[INFO] [1773385443.280680696] [main_controller_node]: Current state: STANDBY, dock_state IDLE, charge_state NOT_CHARGE[0m
[delivery_robot_main_controller-20] [0m[INFO] [1773385443.384989923] [main_controller_node]: No pending queue found or unexpected format.[0m
[delivery_robot_main_controller-20] [0m[INFO] [1773385444.303551883] [main_controller_node]: Current state: STANDBY, dock_state IDLE, charge_state NOT_CHARGE[0m
[delivery_robot_main_controller-20] [0m[INFO] [1773385445.306005708] [main_controller_node]: Current state: STANDBY, dock_state IDLE, charge_state NOT_CHARGE[0m
[delivery_robot_main_controller-20] [0m[INFO] [1773385445.395437865] [main_controller_node]: No pending queue found or unexpected format.[0m
[delivery_robot_main_controller-20] [0m[INFO] [1773385446.313097734] [main_controller_node]: Current state: STANDBY, dock_state IDLE, charge_state NOT_CHARGE[0m
[delivery_robot_main_controller-20] [0m[INFO] [1773385447.276716136] [main_controller_node]: Current state: STANDBY, dock_state IDLE, charge_state NOT_CHARGE[0m
[delivery_robot_main_controller-20] [0m[INFO] [1773385447.339325004] [main_controller_node]: No pending queue found or unexpected format.[0m
[delivery_robot_main_controller-20] [0m[INFO] [1773385448.279136712] [main_controller_node]: Current state: STANDBY, dock_state IDLE, charge_state NOT_CHARGE[0m
[delivery_robot_main_controller-20] [0m[INFO] [1773385449.283627169] [main_controller_node]: Current state: STANDBY, dock_state IDLE, charge_state NOT_CHARGE[0m
[delivery_robot_main_controller-20] [0m[INFO] [1773385449.362712255] [main_controller_node]: No pending queue found or unexpected format.[0m
[delivery_robot_main_controller-20] [0m[INFO] [1773385450.291347713] [main_controller_node]: Current state: STANDBY, dock_state IDLE, charge_state NOT_CHARGE[0m
[delivery_robot_main_controller-20] [0m[INFO] [1773385451.284670963] [main_controller_node]: Current state: STANDBY, dock_state IDLE, charge_state NOT_CHARGE[0m
[delivery_robot_main_controller-20] [0m[INFO] [1773385451.354213655] [main_controller_node]: No pending queue found or unexpected format.[0m
[delivery_robot_main_controller-20] [0m[INFO] [1773385452.279757855] [main_controller_node]: Current state: STANDBY, dock_state IDLE, charge_state NOT_CHARGE[0m
[delivery_robot_main_controller-20] [0m[INFO] [1773385453.278291243] [main_controller_node]: Current state: STANDBY, dock_state IDLE, charge_state NOT_CHARGE[0m
[delivery_robot_main_controller-20] [0m[INFO] [1773385453.339159801] [main_controller_node]: No pending queue found or unexpected format.[0m
[delivery_robot_main_controller-20] [0m[INFO] [1773385454.359818487] [main_controller_node]: Current state: STANDBY, dock_state IDLE, charge_state NOT_CHARGE[0m
[delivery_robot_main_controller-20] [0m[INFO] [1773385455.304760128] [main_controller_node]: Current state: STANDBY, dock_state IDLE, charge_state NOT_CHARGE[0m
[delivery_robot_main_controller-20] [0m[INFO] [1773385455.386170294] [main_controller_node]: No pending queue found or unexpected format.[0m
[delivery_robot_main_controller-20] [0m[INFO] [1773385456.332183186] [main_controller_node]: Current state: STANDBY, dock_state IDLE, charge_state NOT_CHARGE[0m
[delivery_robot_main_controller-20] [0m[INFO] [1773385457.293778080] [main_controller_node]: Current state: STANDBY, dock_state IDLE, charge_state NOT_CHARGE[0m
[delivery_robot_main_controller-20] [0m[INFO] [1773385457.374375401] [main_controller_node]: 1 pending queues [0m
[delivery_robot_main_controller-20] [0m[INFO] [1773385457.376700189] [main_controller_node]: Queue action: Request[0m
[delivery_robot_main_controller-20] [0m[INFO] [1773385457.450222525] [main_controller_node]: AGV start_pos: x=3.39, y=-0.72[0m
[delivery_robot_main_controller-20] [0m[INFO] [1773385457.453717727] [main_controller_node]: AGV goal_pos: x=-0.32, y=-7.98[0m
[delivery_robot_main_controller-20] Graph before shortest_path: Graph with 11 nodes and 10 edges
[delivery_robot_main_controller-20] [0m[INFO] [1773385457.516518505] [main_controller_node]: Computed AGV path waypoints:[0m
[delivery_robot_main_controller-20] [0m[INFO] [1773385457.517218479] [main_controller_node]:   Waypoint 0: x=3.39, y=-0.72[0m
[delivery_robot_main_controller-20] [0m[INFO] [1773385457.517857788] [main_controller_node]:   Waypoint 1: x=1.99, y=-1.51[0m
[delivery_robot_main_controller-20] [0m[INFO] [1773385457.518470849] [main_controller_node]:   Waypoint 2: x=2.11, y=-6.76[0m
[delivery_robot_main_controller-20] [0m[INFO] [1773385457.519087992] [main_controller_node]:   Waypoint 3: x=-0.34, y=-6.81[0m
[delivery_robot_main_controller-20] [0m[INFO] [1773385457.519698720] [main_controller_node]:   Waypoint 4: x=-0.32, y=-7.98[0m
[delivery_robot_main_controller-20] [0m[INFO] [1773385457.521502319] [main_controller_node]: Navigating with 5 goals....[0m
[bt_navigator-14] [INFO] [1773385457.522625194] [bt_navigator]: Begin navigating from current location through 5 poses to (-0.32, -7.98)
[controller_server-10] [INFO] [1773385457.523029137] [local_costmap.local_costmap]: Received request to clear entirely the local_costmap
[controller_server-10] [INFO] [1773385457.536790622] [local_costmap.local_costmap]: KeepoutFilter: Subscribing to "/keepout_costmap_filter_info" topic for filter info...
[controller_server-10] [INFO] [1773385457.542515242] [local_costmap.local_costmap]: KeepoutFilter: Received filter info from /keepout_costmap_filter_info topic.
[controller_server-10] [INFO] [1773385457.542598072] [local_costmap.local_costmap]: KeepoutFilter: Subscribing to "/keepout_filter_mask" topic for filter mask...
[planner_server-12] [INFO] [1773385457.547041156] [global_costmap.global_costmap]: Received request to clear entirely the global_costmap
[planner_server-12] [INFO] [1773385457.557303647] [global_costmap.global_costmap]: KeepoutFilter: Subscribing to "/keepout_costmap_filter_info" topic for filter info...
[controller_server-10] [WARN] [1773385457.563744865] [local_costmap.local_costmap]: KeepoutFilter: New filter mask arrived from /keepout_filter_mask topic. Updating old filter mask.
[planner_server-12] [INFO] [1773385457.567991081] [global_costmap.global_costmap]: KeepoutFilter: Received filter info from /keepout_costmap_filter_info topic.
[planner_server-12] [INFO] [1773385457.568073328] [global_costmap.global_costmap]: KeepoutFilter: Subscribing to "/keepout_filter_mask" topic for filter mask...
[call_robot_button-22] 2026-03-13 14:04:17 mosquitto_pub -u smr -P smrbot25 -m "Packing,blink" -t "Rsp" -r
[planner_server-12] [WARN] [1773385457.590500490] [global_costmap.global_costmap]: KeepoutFilter: New filter mask arrived from /keepout_filter_mask topic. Updating old filter mask.
[call_robot_button-22] [0m[INFO] [1773385457.643445636] [call_robot_button_node]: call_switch notified: station=Packing status=blink.[0m
[delivery_robot_main_controller-20] [0m[INFO] [1773385458.088450504] [main_controller_node]: State change: STANDBY -> MOVE[0m
[delivery_robot_main_controller-20] [0m[INFO] [1773385458.105250751] [main_controller_node]: Robot is MOVING.[0m
[planner_server-12] [WARN] [1773385458.156458796] [planner_server]: Planner loop missed its desired rate of 5.0000 Hz. Current loop rate is 1.6827 Hz
[controller_server-10] [INFO] [1773385458.169311774] [controller_server]: Received a goal, begin computing control effort.
[controller_server-10] [INFO] [1773385458.270065425] [controller_server]: Passing new path to controller.
[controller_server-10] [INFO] [1773385458.369804113] [controller_server]: Passing new path to controller.
[controller_server-10] [INFO] [1773385458.469816375] [controller_server]: Passing new path to controller.
[controller_server-10] [INFO] [1773385458.669831567] [controller_server]: Passing new path to controller.
[controller_server-10] [INFO] [1773385458.869720179] [controller_server]: Passing new path to controller.
[controller_server-10] [INFO] [1773385458.969743232] [controller_server]: Passing new path to controller.
[planner_server-12] [WARN] [1773385459.141816343] [planner_server]: GridBased plugin failed to plan from (1.98, -1.51) to (2.11, -6.76): "no valid path found"
[planner_server-12] [WARN] [1773385459.142012627] [planner_server]: [compute_path_through_poses] [ActionServer] Aborting handle.
[planner_server-12] [INFO] [1773385459.156745618] [global_costmap.global_costmap]: Received request to clear entirely the global_costmap
[planner_server-12] [INFO] [1773385459.167568964] [global_costmap.global_costmap]: KeepoutFilter: Subscribing to "/keepout_costmap_filter_info" topic for filter info...
[planner_server-12] [INFO] [1773385459.173784440] [global_costmap.global_costmap]: KeepoutFilter: Received filter info from /keepout_costmap_filter_info topic.
[planner_server-12] [INFO] [1773385459.175889028] [global_costmap.global_costmap]: KeepoutFilter: Subscribing to "/keepout_filter_mask" topic for filter mask...
[planner_server-12] [WARN] [1773385459.185895154] [global_costmap.global_costmap]: KeepoutFilter: New filter mask arrived from /keepout_filter_mask topic. Updating old filter mask.
[planner_server-12] [WARN] [1773385459.630634615] [planner_server]: GridBased plugin failed to plan from (1.98, -1.51) to (2.11, -6.76): "no valid path found"
[planner_server-12] [WARN] [1773385459.630745444] [planner_server]: [compute_path_through_poses] [ActionServer] Aborting handle.
[controller_server-10] [INFO] [1773385459.669711529] [controller_server]: Cancellation was successful. Stopping the robot.
[controller_server-10] [INFO] [1773385459.669992102] [controller_server]: [follow_path] [ActionServer] Client requested to cancel the goal. Cancelling.
[controller_server-10] [INFO] [1773385459.670684785] [local_costmap.local_costmap]: Received request to clear entirely the local_costmap
[controller_server-10] [INFO] [1773385459.671917613] [controller_server]: Optimizer reset
[controller_server-10] [INFO] [1773385459.675385984] [local_costmap.local_costmap]: KeepoutFilter: Subscribing to "/keepout_costmap_filter_info" topic for filter info...
[planner_server-12] [INFO] [1773385459.678838605] [global_costmap.global_costmap]: Received request to clear entirely the global_costmap
[controller_server-10] [INFO] [1773385459.683058572] [local_costmap.local_costmap]: KeepoutFilter: Received filter info from /keepout_costmap_filter_info topic.
[controller_server-10] [INFO] [1773385459.683197984] [local_costmap.local_costmap]: KeepoutFilter: Subscribing to "/keepout_filter_mask" topic for filter mask...
[planner_server-12] [INFO] [1773385459.684798007] [global_costmap.global_costmap]: KeepoutFilter: Subscribing to "/keepout_costmap_filter_info" topic for filter info...
[controller_server-10] [INFO] [1773385459.694044370] [local_costmap.local_costmap]: Received request to clear entirely the local_costmap
[planner_server-12] [INFO] [1773385459.697863310] [global_costmap.global_costmap]: KeepoutFilter: Received filter info from /keepout_costmap_filter_info topic.
[planner_server-12] [INFO] [1773385459.698042387] [global_costmap.global_costmap]: KeepoutFilter: Subscribing to "/keepout_filter_mask" topic for filter mask...
[controller_server-10] [INFO] [1773385459.699937858] [local_costmap.local_costmap]: KeepoutFilter: Subscribing to "/keepout_costmap_filter_info" topic for filter info...
[planner_server-12] [INFO] [1773385459.709482584] [global_costmap.global_costmap]: Received request to clear entirely the global_costmap
[controller_server-10] [INFO] [1773385459.711526508] [local_costmap.local_costmap]: KeepoutFilter: Received filter info from /keepout_costmap_filter_info topic.
[controller_server-10] [INFO] [1773385459.711779374] [local_costmap.local_costmap]: KeepoutFilter: Subscribing to "/keepout_filter_mask" topic for filter mask...
[planner_server-12] [INFO] [1773385459.713491976] [global_costmap.global_costmap]: KeepoutFilter: Subscribing to "/keepout_costmap_filter_info" topic for filter info...
[planner_server-12] [INFO] [1773385459.724800929] [global_costmap.global_costmap]: KeepoutFilter: Received filter info from /keepout_costmap_filter_info topic.
[planner_server-12] [INFO] [1773385459.724886092] [global_costmap.global_costmap]: KeepoutFilter: Subscribing to "/keepout_filter_mask" topic for filter mask...
[controller_server-10] [WARN] [1773385459.737763861] [local_costmap.local_costmap]: KeepoutFilter: New filter mask arrived from /keepout_filter_mask topic. Updating old filter mask.
[planner_server-12] [WARN] [1773385459.742969041] [global_costmap.global_costmap]: KeepoutFilter: New filter mask arrived from /keepout_filter_mask topic. Updating old filter mask.
[planner_server-12] [WARN] [1773385460.133110835] [planner_server]: GridBased plugin failed to plan from (1.98, -1.51) to (2.11, -6.76): "no valid path found"
[planner_server-12] [WARN] [1773385460.133227497] [planner_server]: [compute_path_through_poses] [ActionServer] Aborting handle.
[planner_server-12] [INFO] [1773385460.152667812] [global_costmap.global_costmap]: Received request to clear entirely the global_costmap
[planner_server-12] [INFO] [1773385460.155205217] [global_costmap.global_costmap]: KeepoutFilter: Subscribing to "/keepout_costmap_filter_info" topic for filter info...
[planner_server-12] [INFO] [1773385460.158812124] [global_costmap.global_costmap]: KeepoutFilter: Received filter info from /keepout_costmap_filter_info topic.
[planner_server-12] [INFO] [1773385460.158893496] [global_costmap.global_costmap]: KeepoutFilter: Subscribing to "/keepout_filter_mask" topic for filter mask...
[planner_server-12] [WARN] [1773385460.172851558] [global_costmap.global_costmap]: KeepoutFilter: New filter mask arrived from /keepout_filter_mask topic. Updating old filter mask.
[planner_server-12] [WARN] [1773385460.642744870] [planner_server]: GridBased plugin failed to plan from (1.98, -1.51) to (2.11, -6.76): "no valid path found"
[planner_server-12] [WARN] [1773385460.642938530] [planner_server]: [compute_path_through_poses] [ActionServer] Aborting handle.
[behavior_server-13] [INFO] [1773385460.663164565] [behavior_server]: Running wait
[behavior_server-13] [INFO] [1773385465.663621631] [behavior_server]: wait completed successfully
[controller_server-10] [INFO] [1773385465.682481551] [local_costmap.local_costmap]: Received request to clear entirely the local_costmap
[controller_server-10] [INFO] [1773385465.686709977] [local_costmap.local_costmap]: KeepoutFilter: Subscribing to "/keepout_costmap_filter_info" topic for filter info...
[planner_server-12] [INFO] [1773385465.690715577] [global_costmap.global_costmap]: Received request to clear entirely the global_costmap
[controller_server-10] [INFO] [1773385465.692219062] [local_costmap.local_costmap]: KeepoutFilter: Received filter info from /keepout_costmap_filter_info topic.
[controller_server-10] [INFO] [1773385465.692377140] [local_costmap.local_costmap]: KeepoutFilter: Subscribing to "/keepout_filter_mask" topic for filter mask...
[planner_server-12] [INFO] [1773385465.697176627] [global_costmap.global_costmap]: KeepoutFilter: Subscribing to "/keepout_costmap_filter_info" topic for filter info...
[controller_server-10] [WARN] [1773385465.708453497] [local_costmap.local_costmap]: KeepoutFilter: New filter mask arrived from /keepout_filter_mask topic. Updating old filter mask.
[planner_server-12] [INFO] [1773385465.709281800] [global_costmap.global_costmap]: KeepoutFilter: Received filter info from /keepout_costmap_filter_info topic.
[planner_server-12] [INFO] [1773385465.709510458] [global_costmap.global_costmap]: KeepoutFilter: Subscribing to "/keepout_filter_mask" topic for filter mask...
[planner_server-12] [WARN] [1773385465.727324209] [global_costmap.global_costmap]: KeepoutFilter: New filter mask arrived from /keepout_filter_mask topic. Updating old filter mask.
[planner_server-12] [WARN] [1773385466.129166065] [planner_server]: GridBased plugin failed to plan from (1.98, -1.51) to (2.11, -6.76): "no valid path found"
[planner_server-12] [WARN] [1773385466.129285644] [planner_server]: [compute_path_through_poses] [ActionServer] Aborting handle.
[planner_server-12] [INFO] [1773385466.142651644] [global_costmap.global_costmap]: Received request to clear entirely the global_costmap
[planner_server-12] [INFO] [1773385466.146683785] [global_costmap.global_costmap]: KeepoutFilter: Subscribing to "/keepout_costmap_filter_info" topic for filter info...
[planner_server-12] [INFO] [1773385466.152301658] [global_costmap.global_costmap]: KeepoutFilter: Received filter info from /keepout_costmap_filter_info topic.
[planner_server-12] [INFO] [1773385466.152386239] [global_costmap.global_costmap]: KeepoutFilter: Subscribing to "/keepout_filter_mask" topic for filter mask...
[planner_server-12] [WARN] [1773385466.172506403] [global_costmap.global_costmap]: KeepoutFilter: New filter mask arrived from /keepout_filter_mask topic. Updating old filter mask.
[planner_server-12] [WARN] [1773385466.629695774] [planner_server]: GridBased plugin failed to plan from (1.98, -1.51) to (2.11, -6.76): "no valid path found"
[planner_server-12] [WARN] [1773385466.630987517] [planner_server]: [compute_path_through_poses] [ActionServer] Aborting handle.
[controller_server-10] [INFO] [1773385466.642657248] [local_costmap.local_costmap]: Received request to clear entirely the local_costmap
[controller_server-10] [INFO] [1773385466.647979966] [local_costmap.local_costmap]: KeepoutFilter: Subscribing to "/keepout_costmap_filter_info" topic for filter info...
[planner_server-12] [INFO] [1773385466.649747400] [global_costmap.global_costmap]: Received request to clear entirely the global_costmap
[planner_server-12] [INFO] [1773385466.654070613] [global_costmap.global_costmap]: KeepoutFilter: Subscribing to "/keepout_costmap_filter_info" topic for filter info...
[controller_server-10] [INFO] [1773385466.654909998] [local_costmap.local_costmap]: KeepoutFilter: Received filter info from /keepout_costmap_filter_info topic.
[controller_server-10] [INFO] [1773385466.655205154] [local_costmap.local_costmap]: KeepoutFilter: Subscribing to "/keepout_filter_mask" topic for filter mask...
[controller_server-10] [INFO] [1773385466.663317267] [local_costmap.local_costmap]: Received request to clear entirely the local_costmap
[planner_server-12] [INFO] [1773385466.665048536] [global_costmap.global_costmap]: KeepoutFilter: Received filter info from /keepout_costmap_filter_info topic.
[planner_server-12] [INFO] [1773385466.665173656] [global_costmap.global_costmap]: KeepoutFilter: Subscribing to "/keepout_filter_mask" topic for filter mask...
[controller_server-10] [INFO] [1773385466.671482171] [local_costmap.local_costmap]: KeepoutFilter: Subscribing to "/keepout_costmap_filter_info" topic for filter info...
[planner_server-12] [WARN] [1773385466.681540503] [global_costmap.global_costmap]: KeepoutFilter: New filter mask arrived from /keepout_filter_mask topic. Updating old filter mask.
[planner_server-12] [INFO] [1773385466.682380180] [global_costmap.global_costmap]: Received request to clear entirely the global_costmap
[controller_server-10] [INFO] [1773385466.683458140] [local_costmap.local_costmap]: KeepoutFilter: Received filter info from /keepout_costmap_filter_info topic.
[controller_server-10] [INFO] [1773385466.683538637] [local_costmap.local_costmap]: KeepoutFilter: Subscribing to "/keepout_filter_mask" topic for filter mask...
[planner_server-12] [INFO] [1773385466.688094008] [global_costmap.global_costmap]: KeepoutFilter: Subscribing to "/keepout_costmap_filter_info" topic for filter info...
[controller_server-10] [WARN] [1773385466.698749943] [local_costmap.local_costmap]: KeepoutFilter: New filter mask arrived from /keepout_filter_mask topic. Updating old filter mask.
[planner_server-12] [INFO] [1773385466.698989392] [global_costmap.global_costmap]: KeepoutFilter: Received filter info from /keepout_costmap_filter_info topic.
[planner_server-12] [INFO] [1773385466.699106638] [global_costmap.global_costmap]: KeepoutFilter: Subscribing to "/keepout_filter_mask" topic for filter mask...
[planner_server-12] [WARN] [1773385466.715196995] [global_costmap.global_costmap]: KeepoutFilter: New filter mask arrived from /keepout_filter_mask topic. Updating old filter mask.
[planner_server-12] [WARN] [1773385467.131935169] [planner_server]: GridBased plugin failed to plan from (1.98, -1.51) to (2.11, -6.76): "no valid path found"
[planner_server-12] [WARN] [1773385467.132058248] [planner_server]: [compute_path_through_poses] [ActionServer] Aborting handle.
[planner_server-12] [INFO] [1773385467.152647979] [global_costmap.global_costmap]: Received request to clear entirely the global_costmap
[planner_server-12] [INFO] [1773385467.156676911] [global_costmap.global_costmap]: KeepoutFilter: Subscribing to "/keepout_costmap_filter_info" topic for filter info...
[planner_server-12] [INFO] [1773385467.161769221] [global_costmap.global_costmap]: KeepoutFilter: Received filter info from /keepout_costmap_filter_info topic.
[planner_server-12] [INFO] [1773385467.161847093] [global_costmap.global_costmap]: KeepoutFilter: Subscribing to "/keepout_filter_mask" topic for filter mask...
[planner_server-12] [WARN] [1773385467.178606508] [global_costmap.global_costmap]: KeepoutFilter: New filter mask arrived from /keepout_filter_mask topic. Updating old filter mask.
[planner_server-12] [WARN] [1773385467.629754230] [planner_server]: GridBased plugin failed to plan from (1.98, -1.51) to (2.11, -6.76): "no valid path found"
[planner_server-12] [WARN] [1773385467.629880809] [planner_server]: [compute_path_through_poses] [ActionServer] Aborting handle.
[bt_navigator-14] [WARN] [1773385467.652252264] [bt_navigator]: [navigate_through_poses] [ActionServer] Aborting handle.
[bt_navigator-14] [ERROR] [1773385467.652636958] [bt_navigator]: Goal failed
[delivery_robot_main_controller-20] [33m[WARN] [1773385468.036543735] [main_controller_node]: Goal failed![0m
[delivery_robot_main_controller-20] [33m[WARN] [1773385468.042795668] [main_controller_node]: Blocked lane encountered; stopping with FAILED per setting.[0m
[delivery_robot_main_controller-20] [0m[INFO] [1773385468.050317761] [main_controller_node]: State change: MOVE -> SAFE_STOP[0m
[delivery_robot_main_controller-20] [0m[INFO] [1773385468.067872522] [main_controller_node]: Robot is in SAFE_STOP. Awaiting user to switch to STANDBY.[0m
[delivery_robot_main_controller-20] [0m[INFO] [1773385468.069241554] [main_controller_node]: Robot is in SAFE_STOP. Awaiting user to switch to STANDBY.[0m
[delivery_robot_main_controller-20] [0m[INFO] [1773385468.093718181] [main_controller_node]: Current state: SAFE_STOP, dock_state IDLE, charge_state NOT_CHARGE[0m
[delivery_robot_main_controller-20] [0m[INFO] [1773385468.321414421] [main_controller_node]: Current state: SAFE_STOP, dock_state IDLE, charge_state NOT_CHARGE[0m
[delivery_robot_main_controller-20] [0m[INFO] [1773385469.077505454] [main_controller_node]: Published message: "safe_stop"[0m
[delivery_robot_main_controller-20] [0m[INFO] [1773385469.287554770] [main_controller_node]: Current state: SAFE_STOP, dock_state IDLE, charge_state NOT_CHARGE[0m
[robot_sound-21] [0m[INFO] [1773385469.327406905] [robot_sound_node]: 🔔 Received sound command: safe_stop[0m
[robot_sound-21] Simple mixer control 'PCM',0
[robot_sound-21]   Capabilities: pvolume pswitch pswitch-joined
[robot_sound-21]   Playback channels: Front Left - Front Right
[robot_sound-21]   Limits: Playback 0 - 147
[robot_sound-21]   Mono:
[robot_sound-21]   Front Left: Playback 147 [100%] [-0.94dB] [on]
[robot_sound-21]   Front Right: Playback 147 [100%] [-0.94dB] [on]
[robot_sound-21] [0m[INFO] [1773385469.356799390] [robot_sound_node]: 🔊 Playing sound: /home/smr/workspaces/mini_amr/amrROS2_ws/sounds/robot_safestop.wav[0m
[robot_sound-21] Playing WAVE '/home/smr/workspaces/mini_amr/amrROS2_ws/sounds/robot_safestop.wav' : Signed 16 bit Little Endian, Rate 22050 Hz, Mono
[delivery_robot_main_controller-20] [0m[INFO] [1773385470.284142814] [main_controller_node]: Current state: SAFE_STOP, dock_state IDLE, charge_state NOT_CHARGE[0m
[delivery_robot_main_controller-20] [0m[INFO] [1773385471.284860703] [main_controller_node]: Current state: SAFE_STOP, dock_state IDLE, charge_state NOT_CHARGE[0m
[delivery_robot_main_controller-20] [0m[INFO] [1773385472.334168735] [main_controller_node]: Current state: SAFE_STOP, dock_state IDLE, charge_state NOT_CHARGE[0m
[delivery_robot_main_controller-20] [0m[INFO] [1773385473.281649240] [main_controller_node]: Current state: SAFE_STOP, dock_state IDLE, charge_state NOT_CHARGE[0m
[delivery_robot_main_controller-20] [0m[INFO] [1773385474.283317927] [main_controller_node]: Current state: SAFE_STOP, dock_state IDLE, charge_state NOT_CHARGE[0m
[delivery_robot_main_controller-20] [0m[INFO] [1773385475.284100565] [main_controller_node]: Current state: SAFE_STOP, dock_state IDLE, charge_state NOT_CHARGE[0m
[delivery_robot_main_controller-20] [0m[INFO] [1773385476.321233427] [main_controller_node]: Current state: SAFE_STOP, dock_state IDLE, charge_state NOT_CHARGE[0m
[delivery_robot_main_controller-20] [0m[INFO] [1773385477.335418813] [main_controller_node]: Current state: SAFE_STOP, dock_state IDLE, charge_state NOT_CHARGE[0m
[delivery_robot_main_controller-20] [0m[INFO] [1773385478.288305740] [main_controller_node]: Current state: SAFE_STOP, dock_state IDLE, charge_state NOT_CHARGE[0m
[delivery_robot_main_controller-20] [0m[INFO] [1773385479.276919041] [main_controller_node]: Current state: SAFE_STOP, dock_state IDLE, charge_state NOT_CHARGE[0m
[delivery_robot_main_controller-20] [0m[INFO] [1773385480.092170987] [main_controller_node]: SAFE_STOP cleared to STANDBY via API/GUI.[0m
[delivery_robot_main_controller-20] [0m[INFO] [1773385480.092899544] [main_controller_node]: State change: SAFE_STOP -> STANDBY[0m
[delivery_robot_main_controller-20] [0m[INFO] [1773385480.096609113] [main_controller_node]: Robot is in STANDBY mode.[0m
[delivery_robot_main_controller-20] [0m[INFO] [1773385480.278362862] [main_controller_node]: Current state: STANDBY, dock_state IDLE, charge_state NOT_CHARGE[0m
[delivery_robot_main_controller-20] [0m[INFO] [1773385481.312993026] [main_controller_node]: Current state: STANDBY, dock_state IDLE, charge_state NOT_CHARGE[0m
[delivery_robot_main_controller-20] [0m[INFO] [1773385481.422861211] [main_controller_node]: 1 pending queues [0m
[delivery_robot_main_controller-20] [0m[INFO] [1773385481.430329640] [main_controller_node]: Queue action: Request[0m
[delivery_robot_main_controller-20] [0m[INFO] [1773385481.471489560] [main_controller_node]: AGV start_pos: x=3.39, y=-0.84[0m
[delivery_robot_main_controller-20] [0m[INFO] [1773385481.475797316] [main_controller_node]: AGV goal_pos: x=-0.32, y=-7.98[0m
[delivery_robot_main_controller-20] Graph before shortest_path: Graph with 11 nodes and 10 edges
[delivery_robot_main_controller-20] [0m[INFO] [1773385481.512497819] [main_controller_node]: Computed AGV path waypoints:[0m
[delivery_robot_main_controller-20] [0m[INFO] [1773385481.513221709] [main_controller_node]:   Waypoint 0: x=3.39, y=-0.84[0m
[delivery_robot_main_controller-20] [0m[INFO] [1773385481.513873851] [main_controller_node]:   Waypoint 1: x=1.99, y=-1.51[0m
[delivery_robot_main_controller-20] [0m[INFO] [1773385481.514585491] [main_controller_node]:   Waypoint 2: x=2.11, y=-6.76[0m
[delivery_robot_main_controller-20] [0m[INFO] [1773385481.515347588] [main_controller_node]:   Waypoint 3: x=-0.34, y=-6.81[0m
[delivery_robot_main_controller-20] [0m[INFO] [1773385481.516027146] [main_controller_node]:   Waypoint 4: x=-0.32, y=-7.98[0m
[delivery_robot_main_controller-20] [0m[INFO] [1773385481.518029946] [main_controller_node]: Navigating with 5 goals....[0m
[bt_navigator-14] [INFO] [1773385481.519931250] [bt_navigator]: Begin navigating from current location through 5 poses to (-0.32, -7.98)
[controller_server-10] [INFO] [1773385481.525718283] [local_costmap.local_costmap]: Received request to clear entirely the local_costmap
[controller_server-10] [INFO] [1773385481.535873154] [local_costmap.local_costmap]: KeepoutFilter: Subscribing to "/keepout_costmap_filter_info" topic for filter info...
[controller_server-10] [INFO] [1773385481.540817886] [local_costmap.local_costmap]: KeepoutFilter: Received filter info from /keepout_costmap_filter_info topic.
[controller_server-10] [INFO] [1773385481.540970422] [local_costmap.local_costmap]: KeepoutFilter: Subscribing to "/keepout_filter_mask" topic for filter mask...
[planner_server-12] [INFO] [1773385481.543098634] [global_costmap.global_costmap]: Received request to clear entirely the global_costmap
[planner_server-12] [INFO] [1773385481.556704667] [global_costmap.global_costmap]: KeepoutFilter: Subscribing to "/keepout_costmap_filter_info" topic for filter info...
[controller_server-10] [WARN] [1773385481.566471927] [local_costmap.local_costmap]: KeepoutFilter: New filter mask arrived from /keepout_filter_mask topic. Updating old filter mask.
[planner_server-12] [INFO] [1773385481.569202992] [global_costmap.global_costmap]: KeepoutFilter: Received filter info from /keepout_costmap_filter_info topic.
[planner_server-12] [INFO] [1773385481.569302154] [global_costmap.global_costmap]: KeepoutFilter: Subscribing to "/keepout_filter_mask" topic for filter mask...
[planner_server-12] [WARN] [1773385481.586751044] [global_costmap.global_costmap]: KeepoutFilter: New filter mask arrived from /keepout_filter_mask topic. Updating old filter mask.
[delivery_robot_main_controller-20] [0m[INFO] [1773385482.127125597] [main_controller_node]: State change: STANDBY -> MOVE[0m
[planner_server-12] [WARN] [1773385482.142323196] [planner_server]: Planner loop missed its desired rate of 5.0000 Hz. Current loop rate is 1.7407 Hz
[delivery_robot_main_controller-20] [0m[INFO] [1773385482.147195306] [main_controller_node]: Robot is MOVING.[0m
[controller_server-10] [INFO] [1773385482.164486701] [controller_server]: Received a goal, begin computing control effort.
[controller_server-10] [INFO] [1773385482.364773132] [controller_server]: Passing new path to controller.
[controller_server-10] [INFO] [1773385482.464797644] [controller_server]: Passing new path to controller.
[controller_server-10] [INFO] [1773385482.664793002] [controller_server]: Passing new path to controller.
[controller_server-10] [INFO] [1773385482.864796819] [controller_server]: Passing new path to controller.
[controller_server-10] [INFO] [1773385482.964799748] [controller_server]: Passing new path to controller.
[controller_server-10] [INFO] [1773385483.164795981] [controller_server]: Passing new path to controller.
[controller_server-10] [INFO] [1773385483.364801547] [controller_server]: Passing new path to controller.
[controller_server-10] [INFO] [1773385483.464804477] [controller_server]: Passing new path to controller.
[controller_server-10] [INFO] [1773385483.664797210] [controller_server]: Passing new path to controller.
[controller_server-10] [INFO] [1773385483.864804235] [controller_server]: Passing new path to controller.
[controller_server-10] [INFO] [1773385483.964796081] [controller_server]: Passing new path to controller.
[controller_server-10] [INFO] [1773385484.164826730] [controller_server]: Passing new path to controller.
[controller_server-10] [INFO] [1773385484.364832880] [controller_server]: Passing new path to controller.
[controller_server-10] [INFO] [1773385484.464806351] [controller_server]: Passing new path to controller.
[controller_server-10] [INFO] [1773385484.664831167] [controller_server]: Passing new path to controller.
[controller_server-10] [INFO] [1773385484.864820401] [controller_server]: Passing new path to controller.
[controller_server-10] [INFO] [1773385484.964826830] [controller_server]: Passing new path to controller.
[controller_server-10] [INFO] [1773385485.064826259] [controller_server]: Passing new path to controller.
[controller_server-10] [INFO] [1773385485.164835604] [controller_server]: Passing new path to controller.
[controller_server-10] [INFO] [1773385485.364902127] [controller_server]: Passing new path to controller.
[controller_server-10] [INFO] [1773385485.464829225] [controller_server]: Passing new path to controller.
[controller_server-10] [INFO] [1773385485.564821655] [controller_server]: Passing new path to controller.
[controller_server-10] [INFO] [1773385485.764826638] [controller_server]: Passing new path to controller.
[controller_server-10] [INFO] [1773385485.864824900] [controller_server]: Passing new path to controller.
[controller_server-10] [INFO] [1773385486.064797510] [controller_server]: Passing new path to controller.
[controller_server-10] [INFO] [1773385486.164798981] [controller_server]: Passing new path to controller.
[controller_server-10] [INFO] [1773385486.264807159] [controller_server]: Passing new path to controller.
[controller_server-10] [INFO] [1773385486.464835475] [controller_server]: Passing new path to controller.
[controller_server-10] [INFO] [1773385486.564839862] [controller_server]: Passing new path to controller.
[controller_server-10] [INFO] [1773385486.764797014] [controller_server]: Passing new path to controller.
[controller_server-10] [INFO] [1773385486.864803734] [controller_server]: Passing new path to controller.
[controller_server-10] [INFO] [1773385486.964799080] [controller_server]: Passing new path to controller.
[controller_server-10] [INFO] [1773385487.164796481] [controller_server]: Passing new path to controller.
[controller_server-10] [INFO] [1773385487.264799410] [controller_server]: Passing new path to controller.
[controller_server-10] [INFO] [1773385487.464804393] [controller_server]: Passing new path to controller.
[controller_server-10] [INFO] [1773385487.564793614] [controller_server]: Passing new path to controller.
[controller_server-10] [INFO] [1773385487.664797126] [controller_server]: Passing new path to controller.
[controller_server-10] [INFO] [1773385487.864804443] [controller_server]: Passing new path to controller.
[controller_server-10] [INFO] [1773385487.964886994] [controller_server]: Passing new path to controller.
[controller_server-10] [INFO] [1773385488.064828967] [controller_server]: Passing new path to controller.
[controller_server-10] [INFO] [1773385488.164828979] [controller_server]: Passing new path to controller.
[controller_server-10] [INFO] [1773385488.364833087] [controller_server]: Passing new path to controller.
[controller_server-10] [INFO] [1773385488.464831642] [controller_server]: Passing new path to controller.
[controller_server-10] [INFO] [1773385488.764795222] [controller_server]: Passing new path to controller.
[controller_server-10] [INFO] [1773385488.864802234] [controller_server]: Passing new path to controller.
[controller_server-10] [INFO] [1773385489.064800218] [controller_server]: Passing new path to controller.
[controller_server-10] [INFO] [1773385489.164796730] [controller_server]: Passing new path to controller.
[controller_server-10] [INFO] [1773385489.364796464] [controller_server]: Passing new path to controller.
[controller_server-10] [INFO] [1773385489.464828850] [controller_server]: Passing new path to controller.
[controller_server-10] [INFO] [1773385489.664800876] [controller_server]: Passing new path to controller.
[controller_server-10] [INFO] [1773385489.864796818] [controller_server]: Passing new path to controller.
[controller_server-10] [INFO] [1773385489.964832412] [controller_server]: Passing new path to controller.
[controller_server-10] [INFO] [1773385490.064834466] [controller_server]: Passing new path to controller.
[controller_server-10] [INFO] [1773385490.164804438] [controller_server]: Passing new path to controller.
[controller_server-10] [INFO] [1773385490.364797755] [controller_server]: Passing new path to controller.
[controller_server-10] [INFO] [1773385490.464831016] [controller_server]: Passing new path to controller.
[controller_server-10] [INFO] [1773385490.564825779] [controller_server]: Passing new path to controller.
[controller_server-10] [INFO] [1773385490.764825221] [controller_server]: Passing new path to controller.
[controller_server-10] [INFO] [1773385490.864835150] [controller_server]: Passing new path to controller.
[controller_server-10] [INFO] [1773385490.964826121] [controller_server]: Passing new path to controller.
[controller_server-10] [INFO] [1773385491.164833729] [controller_server]: Passing new path to controller.
[controller_server-10] [INFO] [1773385491.264826158] [controller_server]: Passing new path to controller.
[controller_server-10] [INFO] [1773385491.364833754] [controller_server]: Passing new path to controller.
[controller_server-10] [INFO] [1773385491.464819475] [controller_server]: Passing new path to controller.
[controller_server-10] [INFO] [1773385491.664825625] [controller_server]: Passing new path to controller.
[controller_server-10] [INFO] [1773385491.764830595] [controller_server]: Passing new path to controller.
[controller_server-10] [INFO] [1773385491.864801734] [controller_server]: Passing new path to controller.
[controller_server-10] [INFO] [1773385492.064797967] [controller_server]: Passing new path to controller.
[controller_server-10] [INFO] [1773385492.164796230] [controller_server]: Passing new path to controller.
[controller_server-10] [INFO] [1773385492.264801201] [controller_server]: Passing new path to controller.
[controller_server-10] [INFO] [1773385492.464798601] [controller_server]: Passing new path to controller.
[controller_server-10] [INFO] [1773385492.564796863] [controller_server]: Passing new path to controller.
[controller_server-10] [INFO] [1773385492.664813500] [controller_server]: Passing new path to controller.
[controller_server-10] [INFO] [1773385492.764804763] [controller_server]: Passing new path to controller.
[controller_server-10] [INFO] [1773385492.964801580] [controller_server]: Passing new path to controller.
[controller_server-10] [INFO] [1773385493.064795176] [controller_server]: Passing new path to controller.
[controller_server-10] [WARN] [1773385493.229006705] [controller_server]: Control loop missed its desired rate of 10.0000 Hz. Current loop rate is 6.0896 Hz.
[controller_server-10] [INFO] [1773385493.229216405] [controller_server]: Passing new path to controller.
[controller_server-10] [INFO] [1773385493.364829920] [controller_server]: Passing new path to controller.
[controller_server-10] [INFO] [1773385493.464953303] [controller_server]: Passing new path to controller.
[controller_server-10] [INFO] [1773385493.764834345] [controller_server]: Passing new path to controller.
[controller_server-10] [INFO] [1773385493.864798776] [controller_server]: Passing new path to controller.
[controller_server-10] [INFO] [1773385493.964796455] [controller_server]: Passing new path to controller.
[controller_server-10] [INFO] [1773385494.164832937] [controller_server]: Passing new path to controller.
[controller_server-10] [INFO] [1773385494.264825949] [controller_server]: Passing new path to controller.
[controller_server-10] [INFO] [1773385494.464823350] [controller_server]: Passing new path to controller.
[controller_server-10] [INFO] [1773385494.564837070] [controller_server]: Passing new path to controller.
[controller_server-10] [INFO] [1773385494.664834166] [controller_server]: Passing new path to controller.
[controller_server-10] [INFO] [1773385494.864826608] [controller_server]: Passing new path to controller.
[controller_server-10] [INFO] [1773385494.964840036] [controller_server]: Passing new path to controller.
[controller_server-10] [INFO] [1773385495.064836841] [controller_server]: Passing new path to controller.
[controller_server-10] [INFO] [1773385495.164824895] [controller_server]: Passing new path to controller.
[controller_server-10] [INFO] [1773385495.364831920] [controller_server]: Passing new path to controller.
[controller_server-10] [INFO] [1773385495.464827558] [controller_server]: Passing new path to controller.
[controller_server-10] [INFO] [1773385495.564825237] [controller_server]: Passing new path to controller.
[controller_server-10] [INFO] [1773385495.664814458] [controller_server]: Passing new path to controller.
[controller_server-10] [INFO] [1773385495.864896730] [controller_server]: Passing new path to controller.
[controller_server-10] [INFO] [1773385495.964830245] [controller_server]: Passing new path to controller.
[controller_server-10] [INFO] [1773385496.064830841] [controller_server]: Passing new path to controller.
[controller_server-10] [INFO] [1773385496.264827074] [controller_server]: Passing new path to controller.
[controller_server-10] [INFO] [1773385496.364796754] [controller_server]: Passing new path to controller.
[controller_server-10] [INFO] [1773385496.464813391] [controller_server]: Passing new path to controller.
[controller_server-10] [INFO] [1773385496.564793571] [controller_server]: Passing new path to controller.
[controller_server-10] [INFO] [1773385496.764835303] [controller_server]: Passing new path to controller.
[controller_server-10] [INFO] [1773385496.864801775] [controller_server]: Passing new path to controller.
[controller_server-10] [INFO] [1773385496.964829203] [controller_server]: Passing new path to controller.
[controller_server-10] [INFO] [1773385497.164835061] [controller_server]: Passing new path to controller.
[controller_server-10] [INFO] [1773385497.264827199] [controller_server]: Passing new path to controller.
[controller_server-10] [INFO] [1773385497.364810587] [controller_server]: Passing new path to controller.
[controller_server-10] [INFO] [1773385497.464809433] [controller_server]: Passing new path to controller.
[controller_server-10] [INFO] [1773385497.664800708] [controller_server]: Passing new path to controller.
[controller_server-10] [INFO] [1773385497.764796346] [controller_server]: Passing new path to controller.
[controller_server-10] [INFO] [1773385497.864798692] [controller_server]: Passing new path to controller.
[controller_server-10] [INFO] [1773385497.964795204] [controller_server]: Passing new path to controller.
[controller_server-10] [WARN] [1773385498.209850795] [controller_server]: [follow_path] [ActionServer] Aborting handle.
[controller_server-10] [WARN] [1773385498.230576729] [controller_server]: Control loop missed its desired rate of 10.0000 Hz. Current loop rate is 6.0321 Hz.
[controller_server-10] [INFO] [1773385498.230750264] [controller_server]: Passing new path to controller.
[controller_server-10] [INFO] [1773385498.364826753] [controller_server]: Passing new path to controller.
[controller_server-10] [INFO] [1773385498.564835528] [controller_server]: Passing new path to controller.
[controller_server-10] [INFO] [1773385498.664830874] [controller_server]: Passing new path to controller.
[controller_server-10] [INFO] [1773385498.864825066] [controller_server]: Passing new path to controller.
[controller_server-10] [INFO] [1773385498.964824203] [controller_server]: Passing new path to controller.
[controller_server-10] [INFO] [1773385499.064860673] [controller_server]: Passing new path to controller.
[controller_server-10] [INFO] [1773385499.164850185] [controller_server]: Passing new path to controller.
[controller_server-10] [INFO] [1773385499.364879084] [controller_server]: Passing new path to controller.
[controller_server-10] [INFO] [1773385499.464833890] [controller_server]: Passing new path to controller.
[controller_server-10] [INFO] [1773385499.564831278] [controller_server]: Passing new path to controller.
[controller_server-10] [INFO] [1773385499.664808541] [controller_server]: Passing new path to controller.
[controller_server-10] [INFO] [1773385499.864794275] [controller_server]: Passing new path to controller.
[controller_server-10] [INFO] [1773385499.964796621] [controller_server]: Passing new path to controller.
[controller_server-10] [INFO] [1773385500.064799550] [controller_server]: Passing new path to controller.
[controller_server-10] [INFO] [1773385500.264829324] [controller_server]: Passing new path to controller.
[controller_server-10] [INFO] [1773385500.364830794] [controller_server]: Passing new path to controller.
[controller_server-10] [INFO] [1773385500.464799016] [controller_server]: Passing new path to controller.
[controller_server-10] [INFO] [1773385500.564797862] [controller_server]: Passing new path to controller.
[controller_server-10] [INFO] [1773385500.764825595] [controller_server]: Passing new path to controller.
[controller_server-10] [INFO] [1773385500.864828232] [controller_server]: Passing new path to controller.
[controller_server-10] [INFO] [1773385500.964836702] [controller_server]: Passing new path to controller.
[controller_server-10] [INFO] [1773385501.164839061] [controller_server]: Passing new path to controller.
[controller_server-10] [INFO] [1773385501.264902071] [controller_server]: Passing new path to controller.
[controller_server-10] [INFO] [1773385501.364841127] [controller_server]: Passing new path to controller.
[controller_server-10] [INFO] [1773385501.464828890] [controller_server]: Passing new path to controller.
[controller_server-10] [INFO] [1773385501.664825707] [controller_server]: Passing new path to controller.
[controller_server-10] [INFO] [1773385501.764835636] [controller_server]: Passing new path to controller.
[controller_server-10] [INFO] [1773385501.864827190] [controller_server]: Passing new path to controller.
[controller_server-10] [INFO] [1773385501.964823994] [controller_server]: Passing new path to controller.
[controller_server-10] [INFO] [1773385502.164826644] [controller_server]: Passing new path to controller.
[controller_server-10] [INFO] [1773385502.264828115] [controller_server]: Passing new path to controller.
[controller_server-10] [INFO] [1773385502.364837461] [controller_server]: Passing new path to controller.
[controller_server-10] [INFO] [1773385502.564826694] [controller_server]: Passing new path to controller.
[controller_server-10] [INFO] [1773385502.664827290] [controller_server]: Passing new path to controller.
[controller_server-10] [INFO] [1773385502.764844510] [controller_server]: Passing new path to controller.
[controller_server-10] [INFO] [1773385502.864830232] [controller_server]: Passing new path to controller.
[controller_server-10] [INFO] [1773385503.064827632] [controller_server]: Passing new path to controller.
[controller_server-10] [WARN] [1773385503.229622472] [controller_server]: Control loop missed its desired rate of 10.0000 Hz. Current loop rate is 6.0677 Hz.
[controller_server-10] [INFO] [1773385503.229716969] [controller_server]: Passing new path to controller.
[controller_server-10] [INFO] [1773385503.264799366] [controller_server]: Passing new path to controller.
[controller_server-10] [INFO] [1773385503.464802016] [controller_server]: Passing new path to controller.
[controller_server-10] [INFO] [1773385503.564800862] [controller_server]: Passing new path to controller.
[controller_server-10] [INFO] [1773385503.664832081] [controller_server]: Passing new path to controller.
[controller_server-10] [INFO] [1773385503.864829773] [controller_server]: Passing new path to controller.
[controller_server-10] [INFO] [1773385503.964807620] [controller_server]: Passing new path to controller.
[controller_server-10] [INFO] [1773385504.064795966] [controller_server]: Passing new path to controller.
[controller_server-10] [INFO] [1773385504.164795104] [controller_server]: Passing new path to controller.
[controller_server-10] [INFO] [1773385504.364797753] [controller_server]: Passing new path to controller.
[controller_server-10] [INFO] [1773385504.366517064] [controller_server]: Reached the goal!
[controller_server-10] [INFO] [1773385504.367075877] [controller_server]: Optimizer reset
[bt_navigator-14] [INFO] [1773385504.399544455] [bt_navigator]: Goal succeeded
[delivery_robot_main_controller-20] [0m[INFO] [1773385504.806852523] [main_controller_node]: Goal succeeded![0m
[delivery_robot_main_controller-20] [0m[INFO] [1773385504.807524207] [main_controller_node]: State change: MOVE -> AFTER_MOVE[0m
[delivery_robot_main_controller-20] [0m[INFO] [1773385504.816834442] [main_controller_node]: Evaluating post-move action...[0m
[delivery_robot_main_controller-20] [0m[INFO] [1773385504.817411337] [main_controller_node]: Post-move action is: Request[0m
[delivery_robot_main_controller-20] [0m[INFO] [1773385504.817990274] [main_controller_node]: Published message: "arrive_target"[0m
[delivery_robot_main_controller-20] [0m[INFO] [1773385504.850594763] [main_controller_node]: Successfully removed queue ID: 1930[0m
[delivery_robot_main_controller-20] [0m[INFO] [1773385504.851197033] [main_controller_node]: Waiting 15s for LOAD_IN command...[0m
[delivery_robot_main_controller-20] [0m[INFO] [1773385504.851775094] [main_controller_node]: State change: AFTER_MOVE -> STANDBY[0m
[delivery_robot_main_controller-20] [0m[INFO] [1773385504.860625097] [main_controller_node]: Robot is in STANDBY mode.[0m
[delivery_robot_main_controller-20] [0m[INFO] [1773385504.876966278] [main_controller_node]: Current state: STANDBY, dock_state IDLE, charge_state NOT_CHARGE[0m
[delivery_robot_main_controller-20] [0m[INFO] [1773385504.944002189] [main_controller_node]: Enter to wait_for_load_in_loop and wait for timeout...in 14.907803535461426 seconds[0m
[robot_sound-21] [0m[INFO] [1773385505.072545385] [robot_sound_node]: 🔔 Received sound command: arrive_target[0m
[robot_sound-21] Simple mixer control 'PCM',0
[robot_sound-21]   Capabilities: pvolume pswitch pswitch-joined
[robot_sound-21]   Playback channels: Front Left - Front Right
[robot_sound-21]   Limits: Playback 0 - 147
[robot_sound-21]   Mono:
[robot_sound-21]   Front Left: Playback 147 [100%] [-0.94dB] [on]
[robot_sound-21]   Front Right: Playback 147 [100%] [-0.94dB] [on]
[robot_sound-21] [0m[INFO] [1773385505.119612209] [robot_sound_node]: 🔊 Playing sound: /home/smr/workspaces/mini_amr/amrROS2_ws/sounds/robot_target.wav[0m
[robot_sound-21] Playing WAVE '/home/smr/workspaces/mini_amr/amrROS2_ws/sounds/robot_target.wav' : Signed 16 bit Little Endian, Rate 44100 Hz, Mono
[delivery_robot_main_controller-20] [0m[INFO] [1773385505.329486823] [main_controller_node]: Current state: STANDBY, dock_state IDLE, charge_state NOT_CHARGE[0m
[delivery_robot_main_controller-20] [0m[INFO] [1773385505.418687698] [main_controller_node]: Enter to wait_for_load_in_loop and wait for timeout...in 14.435004234313965 seconds[0m
[call_robot_button-22] 2026-03-13 14:05:05 mosquitto_pub -u smr -P smrbot25 -m "Packing,false" -t "Rsp" -r
[call_robot_button-22] [0m[INFO] [1773385505.601257791] [call_robot_button_node]: call_switch notified: station=Packing status=false.[0m
[delivery_robot_main_controller-20] [0m[INFO] [1773385506.281893393] [main_controller_node]: Current state: STANDBY, dock_state IDLE, charge_state NOT_CHARGE[0m
[delivery_robot_main_controller-20] [0m[INFO] [1773385507.280565026] [main_controller_node]: Current state: STANDBY, dock_state IDLE, charge_state NOT_CHARGE[0m
[delivery_robot_main_controller-20] [0m[INFO] [1773385507.371306718] [main_controller_node]: Enter to wait_for_load_in_loop and wait for timeout...in 12.482289791107178 seconds[0m
[delivery_robot_main_controller-20] [0m[INFO] [1773385508.291224003] [main_controller_node]: Current state: STANDBY, dock_state IDLE, charge_state NOT_CHARGE[0m
[delivery_robot_main_controller-20] [0m[INFO] [1773385509.316884002] [main_controller_node]: Current state: STANDBY, dock_state IDLE, charge_state NOT_CHARGE[0m
[delivery_robot_main_controller-20] [0m[INFO] [1773385509.391120602] [main_controller_node]: Enter to wait_for_load_in_loop and wait for timeout...in 10.4607994556427 seconds[0m
[delivery_robot_main_controller-20] [0m[INFO] [1773385510.281277041] [main_controller_node]: Current state: STANDBY, dock_state IDLE, charge_state NOT_CHARGE[0m
[delivery_robot_main_controller-20] [0m[INFO] [1773385511.277874710] [main_controller_node]: Current state: STANDBY, dock_state IDLE, charge_state NOT_CHARGE[0m
[delivery_robot_main_controller-20] [0m[INFO] [1773385511.333982279] [main_controller_node]: Enter to wait_for_load_in_loop and wait for timeout...in 8.517847776412964 seconds[0m
[delivery_robot_main_controller-20] [0m[INFO] [1773385512.282751902] [main_controller_node]: Current state: STANDBY, dock_state IDLE, charge_state NOT_CHARGE[0m
[delivery_robot_main_controller-20] [0m[INFO] [1773385513.334983783] [main_controller_node]: Current state: STANDBY, dock_state IDLE, charge_state NOT_CHARGE[0m
[delivery_robot_main_controller-20] [0m[INFO] [1773385513.402579965] [main_controller_node]: Enter to wait_for_load_in_loop and wait for timeout...in 6.452447175979614 seconds[0m
[delivery_robot_main_controller-20] [0m[INFO] [1773385514.318879552] [main_controller_node]: Current state: STANDBY, dock_state IDLE, charge_state NOT_CHARGE[0m
[delivery_robot_main_controller-20] [0m[INFO] [1773385515.297392521] [main_controller_node]: Current state: STANDBY, dock_state IDLE, charge_state NOT_CHARGE[0m
[delivery_robot_main_controller-20] [0m[INFO] [1773385515.359499159] [main_controller_node]: Enter to wait_for_load_in_loop and wait for timeout...in 4.493701934814453 seconds[0m
[delivery_robot_main_controller-20] [0m[INFO] [1773385516.280879972] [main_controller_node]: Current state: STANDBY, dock_state IDLE, charge_state NOT_CHARGE[0m
[delivery_robot_main_controller-20] [0m[INFO] [1773385517.281093005] [main_controller_node]: Current state: STANDBY, dock_state IDLE, charge_state NOT_CHARGE[0m
[delivery_robot_main_controller-20] [0m[INFO] [1773385517.328467526] [main_controller_node]: Enter to wait_for_load_in_loop and wait for timeout...in 2.5271832942962646 seconds[0m
[delivery_robot_main_controller-20] [0m[INFO] [1773385518.279209617] [main_controller_node]: Current state: STANDBY, dock_state IDLE, charge_state NOT_CHARGE[0m
[delivery_robot_main_controller-20] [0m[INFO] [1773385519.281331246] [main_controller_node]: Current state: STANDBY, dock_state IDLE, charge_state NOT_CHARGE[0m
[delivery_robot_main_controller-20] [0m[INFO] [1773385519.352367800] [main_controller_node]: Enter to wait_for_load_in_loop and wait for timeout...in 0.49942731857299805 seconds[0m
[delivery_robot_main_controller-20] [0m[INFO] [1773385520.281653067] [main_controller_node]: Current state: STANDBY, dock_state IDLE, charge_state NOT_CHARGE[0m
[delivery_robot_main_controller-20] [0m[INFO] [1773385521.278110158] [main_controller_node]: Current state: STANDBY, dock_state IDLE, charge_state NOT_CHARGE[0m
[delivery_robot_main_controller-20] [0m[INFO] [1773385521.341874567] [main_controller_node]: No pending queue found or unexpected format.[0m
[delivery_robot_main_controller-20] [0m[INFO] [1773385522.280220121] [main_controller_node]: Current state: STANDBY, dock_state IDLE, charge_state NOT_CHARGE[0m
[delivery_robot_main_controller-20] [0m[INFO] [1773385523.306503680] [main_controller_node]: Current state: STANDBY, dock_state IDLE, charge_state NOT_CHARGE[0m
[delivery_robot_main_controller-20] [0m[INFO] [1773385523.411703915] [main_controller_node]: No pending queue found or unexpected format.[0m
[delivery_robot_main_controller-20] [0m[INFO] [1773385524.337625225] [main_controller_node]: Current state: STANDBY, dock_state IDLE, charge_state NOT_CHARGE[0m
[delivery_robot_main_controller-20] [0m[INFO] [1773385525.286385223] [main_controller_node]: Current state: STANDBY, dock_state IDLE, charge_state NOT_CHARGE[0m
[delivery_robot_main_controller-20] [0m[INFO] [1773385525.348629522] [main_controller_node]: 1 pending queues [0m
[delivery_robot_main_controller-20] [0m[INFO] [1773385525.349791479] [main_controller_node]: Queue action: Request[0m
[delivery_robot_main_controller-20] [0m[INFO] [1773385525.414676720] [main_controller_node]: AGV start_pos: x=-0.27, y=-7.88[0m
[delivery_robot_main_controller-20] [0m[INFO] [1773385525.416911678] [main_controller_node]: AGV goal_pos: x=3.40, y=-0.73[0m
[delivery_robot_main_controller-20] Graph before shortest_path: Graph with 11 nodes and 10 edges
[delivery_robot_main_controller-20] [0m[INFO] [1773385525.478104558] [main_controller_node]: Computed AGV path waypoints:[0m
[delivery_robot_main_controller-20] [0m[INFO] [1773385525.480912328] [main_controller_node]:   Waypoint 0: x=-0.27, y=-7.88[0m
[delivery_robot_main_controller-20] [0m[INFO] [1773385525.481564762] [main_controller_node]:   Waypoint 1: x=-0.34, y=-6.81[0m
[delivery_robot_main_controller-20] [0m[INFO] [1773385525.482165281] [main_controller_node]:   Waypoint 2: x=2.11, y=-6.76[0m
[delivery_robot_main_controller-20] [0m[INFO] [1773385525.482758509] [main_controller_node]:   Waypoint 3: x=1.99, y=-1.51[0m
[delivery_robot_main_controller-20] [0m[INFO] [1773385525.483338904] [main_controller_node]:   Waypoint 4: x=3.40, y=-0.73[0m
[delivery_robot_main_controller-20] [0m[INFO] [1773385525.484653105] [main_controller_node]: Navigating with 5 goals....[0m
[bt_navigator-14] [INFO] [1773385525.485967306] [bt_navigator]: Begin navigating from current location through 5 poses to (3.40, -0.73)
[controller_server-10] [INFO] [1773385525.486474203] [local_costmap.local_costmap]: Received request to clear entirely the local_costmap
[controller_server-10] [INFO] [1773385525.492340859] [local_costmap.local_costmap]: KeepoutFilter: Subscribing to "/keepout_costmap_filter_info" topic for filter info...
[planner_server-12] [INFO] [1773385525.498498587] [global_costmap.global_costmap]: Received request to clear entirely the global_costmap
[controller_server-10] [INFO] [1773385525.498707996] [local_costmap.local_costmap]: KeepoutFilter: Received filter info from /keepout_costmap_filter_info topic.
[controller_server-10] [INFO] [1773385525.498848574] [local_costmap.local_costmap]: KeepoutFilter: Subscribing to "/keepout_filter_mask" topic for filter mask...
[planner_server-12] [INFO] [1773385525.510636717] [global_costmap.global_costmap]: KeepoutFilter: Subscribing to "/keepout_costmap_filter_info" topic for filter info...
[planner_server-12] [INFO] [1773385525.521971918] [global_costmap.global_costmap]: KeepoutFilter: Received filter info from /keepout_costmap_filter_info topic.
[planner_server-12] [INFO] [1773385525.522060290] [global_costmap.global_costmap]: KeepoutFilter: Subscribing to "/keepout_filter_mask" topic for filter mask...
[controller_server-10] [WARN] [1773385525.553818103] [local_costmap.local_costmap]: KeepoutFilter: New filter mask arrived from /keepout_filter_mask topic. Updating old filter mask.
[call_robot_button-22] 2026-03-13 14:05:25 mosquitto_pub -u smr -P smrbot25 -m "Production1,blink" -t "Rsp" -r
[call_robot_button-22] [0m[INFO] [1773385525.595445547] [call_robot_button_node]: call_switch notified: station=Production1 status=blink.[0m
[planner_server-12] [WARN] [1773385525.598149779] [global_costmap.global_costmap]: KeepoutFilter: New filter mask arrived from /keepout_filter_mask topic. Updating old filter mask.
[controller_server-10] [INFO] [1773385525.667861341] [controller_server]: Received a goal, begin computing control effort.
[controller_server-10] [INFO] [1773385525.868228560] [controller_server]: Passing new path to controller.
[controller_server-10] [INFO] [1773385525.968232364] [controller_server]: Passing new path to controller.
[controller_server-10] [INFO] [1773385526.168234431] [controller_server]: Passing new path to controller.
[delivery_robot_main_controller-20] [0m[INFO] [1773385526.325771418] [main_controller_node]: State change: STANDBY -> MOVE[0m
[delivery_robot_main_controller-20] [0m[INFO] [1773385526.347421025] [main_controller_node]: Robot is MOVING.[0m
[controller_server-10] [INFO] [1773385526.368225998] [controller_server]: Passing new path to controller.
[controller_server-10] [INFO] [1773385526.468291341] [controller_server]: Passing new path to controller.
[controller_server-10] [INFO] [1773385526.768267463] [controller_server]: Passing new path to controller.
[controller_server-10] [INFO] [1773385526.868269809] [controller_server]: Passing new path to controller.
[controller_server-10] [INFO] [1773385526.968288779] [controller_server]: Passing new path to controller.
[controller_server-10] [INFO] [1773385527.168316219] [controller_server]: Passing new path to controller.
[controller_server-10] [INFO] [1773385527.268259651] [controller_server]: Passing new path to controller.
[controller_server-10] [INFO] [1773385527.368255580] [controller_server]: Passing new path to controller.
[controller_server-10] [INFO] [1773385527.468275133] [controller_server]: Passing new path to controller.
[controller_server-10] [INFO] [1773385527.668263492] [controller_server]: Passing new path to controller.
[controller_server-10] [INFO] [1773385527.768255047] [controller_server]: Passing new path to controller.
[controller_server-10] [INFO] [1773385527.968258863] [controller_server]: Passing new path to controller.
[controller_server-10] [INFO] [1773385528.068259459] [controller_server]: Passing new path to controller.
[controller_server-10] [INFO] [1773385528.268230610] [controller_server]: Passing new path to controller.
[controller_server-10] [INFO] [1773385528.368232664] [controller_server]: Passing new path to controller.
[controller_server-10] [INFO] [1773385528.468233551] [controller_server]: Passing new path to controller.
[controller_server-10] [INFO] [1773385528.668230077] [controller_server]: Passing new path to controller.
[controller_server-10] [INFO] [1773385528.868228060] [controller_server]: Passing new path to controller.
[controller_server-10] [INFO] [1773385528.968231572] [controller_server]: Passing new path to controller.
[controller_server-10] [INFO] [1773385529.068228668] [controller_server]: Passing new path to controller.
[controller_server-10] [INFO] [1773385529.268231901] [controller_server]: Passing new path to controller.
[controller_server-10] [INFO] [1773385529.368227539] [controller_server]: Passing new path to controller.
[controller_server-10] [INFO] [1773385529.568263438] [controller_server]: Passing new path to controller.
[controller_server-10] [INFO] [1773385529.668260242] [controller_server]: Passing new path to controller.
[controller_server-10] [INFO] [1773385529.868314515] [controller_server]: Passing new path to controller.
[controller_server-10] [INFO] [1773385529.968227031] [controller_server]: Passing new path to controller.
[controller_server-10] [INFO] [1773385530.168231722] [controller_server]: Passing new path to controller.
[controller_server-10] [INFO] [1773385530.268226776] [controller_server]: Passing new path to controller.
[controller_server-10] [INFO] [1773385530.368228831] [controller_server]: Passing new path to controller.
[controller_server-10] [INFO] [1773385530.568258604] [controller_server]: Passing new path to controller.
[controller_server-10] [INFO] [1773385530.668240243] [controller_server]: Passing new path to controller.
[controller_server-10] [INFO] [1773385530.868258059] [controller_server]: Passing new path to controller.
[controller_server-10] [INFO] [1773385530.968256321] [controller_server]: Passing new path to controller.
[controller_server-10] [INFO] [1773385531.168265971] [controller_server]: Passing new path to controller.
[controller_server-10] [INFO] [1773385531.268260150] [controller_server]: Passing new path to controller.
[controller_server-10] [INFO] [1773385531.468260175] [controller_server]: Passing new path to controller.
[controller_server-10] [INFO] [1773385531.568257563] [controller_server]: Passing new path to controller.
[controller_server-10] [INFO] [1773385531.768226089] [controller_server]: Passing new path to controller.
[controller_server-10] [INFO] [1773385531.868225518] [controller_server]: Passing new path to controller.
[controller_server-10] [INFO] [1773385532.068260542] [controller_server]: Passing new path to controller.
[controller_server-10] [INFO] [1773385532.168266971] [controller_server]: Passing new path to controller.
[controller_server-10] [INFO] [1773385532.368226455] [controller_server]: Passing new path to controller.
[controller_server-10] [INFO] [1773385532.468227343] [controller_server]: Passing new path to controller.
[controller_server-10] [INFO] [1773385532.668272574] [controller_server]: Passing new path to controller.
[controller_server-10] [INFO] [1773385532.768262087] [controller_server]: Passing new path to controller.
[controller_server-10] [INFO] [1773385532.968232363] [controller_server]: Passing new path to controller.
[controller_server-10] [INFO] [1773385533.068229168] [controller_server]: Passing new path to controller.
[controller_server-10] [INFO] [1773385533.268261858] [controller_server]: Passing new path to controller.
[controller_server-10] [INFO] [1773385533.368257204] [controller_server]: Passing new path to controller.
[controller_server-10] [INFO] [1773385533.468254008] [controller_server]: Passing new path to controller.
[controller_server-10] [INFO] [1773385533.668238284] [controller_server]: Passing new path to controller.
[controller_server-10] [INFO] [1773385533.868262225] [controller_server]: Passing new path to controller.
[controller_server-10] [INFO] [1773385533.968263987] [controller_server]: Passing new path to controller.
[controller_server-10] [INFO] [1773385534.168259637] [controller_server]: Passing new path to controller.
[controller_server-10] [INFO] [1773385534.368261412] [controller_server]: Passing new path to controller.
[controller_server-10] [INFO] [1773385534.468260841] [controller_server]: Passing new path to controller.
[controller_server-10] [INFO] [1773385534.668225576] [controller_server]: Passing new path to controller.
[controller_server-10] [INFO] [1773385534.868229684] [controller_server]: Passing new path to controller.
[controller_server-10] [INFO] [1773385534.968237280] [controller_server]: Passing new path to controller.
[controller_server-10] [INFO] [1773385535.068258291] [controller_server]: Passing new path to controller.
[controller_server-10] [INFO] [1773385535.168247513] [controller_server]: Passing new path to controller.
[controller_server-10] [INFO] [1773385535.368315493] [controller_server]: Passing new path to controller.
[controller_server-10] [INFO] [1773385535.468178428] [controller_server]: Passing new path to controller.
[controller_server-10] [INFO] [1773385535.568235605] [controller_server]: Passing new path to controller.
[controller_server-10] [INFO] [1773385535.768229213] [controller_server]: Passing new path to controller.
[controller_server-10] [INFO] [1773385535.868226309] [controller_server]: Passing new path to controller.
[controller_server-10] [INFO] [1773385535.968233321] [controller_server]: Passing new path to controller.
[controller_server-10] [INFO] [1773385536.168257554] [controller_server]: Passing new path to controller.
[controller_server-10] [INFO] [1773385536.268240067] [controller_server]: Passing new path to controller.
[controller_server-10] [INFO] [1773385536.368309785] [controller_server]: Passing new path to controller.
[controller_server-10] [INFO] [1773385536.568229605] [controller_server]: Passing new path to controller.
[controller_server-10] [INFO] [1773385536.668227284] [controller_server]: Passing new path to controller.
[controller_server-10] [INFO] [1773385536.768234588] [controller_server]: Passing new path to controller.
[controller_server-10] [INFO] [1773385536.868225851] [controller_server]: Passing new path to controller.
[controller_server-10] [INFO] [1773385537.068266707] [controller_server]: Passing new path to controller.
[controller_server-10] [INFO] [1773385537.168255637] [controller_server]: Passing new path to controller.
[controller_server-10] [INFO] [1773385537.268225317] [controller_server]: Passing new path to controller.
[controller_server-10] [INFO] [1773385537.468231175] [controller_server]: Passing new path to controller.
[controller_server-10] [INFO] [1773385537.568230605] [controller_server]: Passing new path to controller.
[controller_server-10] [INFO] [1773385537.668254825] [controller_server]: Passing new path to controller.
[controller_server-10] [INFO] [1773385537.868235017] [controller_server]: Passing new path to controller.
[controller_server-10] [INFO] [1773385537.968228321] [controller_server]: Passing new path to controller.
[controller_server-10] [INFO] [1773385538.168230096] [controller_server]: Passing new path to controller.
[controller_server-10] [INFO] [1773385538.268229817] [controller_server]: Passing new path to controller.
[controller_server-10] [INFO] [1773385538.368228080] [controller_server]: Passing new path to controller.
[controller_server-10] [INFO] [1773385538.568230146] [controller_server]: Passing new path to controller.
[planner_server-12] [WARN] [1773385538.683368260] [planner_server]: GridBased plugin failed to plan from (1.69, -4.44) to (1.99, -1.51): "no valid path found"
[planner_server-12] [WARN] [1773385538.683571252] [planner_server]: [compute_path_through_poses] [ActionServer] Aborting handle.
[planner_server-12] [INFO] [1773385538.696713552] [global_costmap.global_costmap]: Received request to clear entirely the global_costmap
[planner_server-12] [INFO] [1773385538.702293219] [global_costmap.global_costmap]: KeepoutFilter: Subscribing to "/keepout_costmap_filter_info" topic for filter info...
[planner_server-12] [INFO] [1773385538.707186619] [global_costmap.global_costmap]: KeepoutFilter: Received filter info from /keepout_costmap_filter_info topic.
[planner_server-12] [INFO] [1773385538.707407986] [global_costmap.global_costmap]: KeepoutFilter: Subscribing to "/keepout_filter_mask" topic for filter mask...
[planner_server-12] [WARN] [1773385538.723134940] [global_costmap.global_costmap]: KeepoutFilter: New filter mask arrived from /keepout_filter_mask topic. Updating old filter mask.
[planner_server-12] [WARN] [1773385539.152572098] [planner_server]: GridBased plugin failed to plan from (1.69, -4.15) to (1.99, -1.51): "no valid path found"
[planner_server-12] [WARN] [1773385539.152696343] [planner_server]: [compute_path_through_poses] [ActionServer] Aborting handle.
[controller_server-10] [INFO] [1773385539.168228180] [controller_server]: Cancellation was successful. Stopping the robot.
[controller_server-10] [INFO] [1773385539.168310135] [controller_server]: [follow_path] [ActionServer] Client requested to cancel the goal. Cancelling.
[controller_server-10] [INFO] [1773385539.168938070] [local_costmap.local_costmap]: Received request to clear entirely the local_costmap
[controller_server-10] [INFO] [1773385539.169056190] [controller_server]: Optimizer reset
[controller_server-10] [INFO] [1773385539.174618066] [local_costmap.local_costmap]: KeepoutFilter: Subscribing to "/keepout_costmap_filter_info" topic for filter info...
[controller_server-10] [INFO] [1773385539.180289020] [local_costmap.local_costmap]: KeepoutFilter: Received filter info from /keepout_costmap_filter_info topic.
[controller_server-10] [INFO] [1773385539.180377100] [local_costmap.local_costmap]: KeepoutFilter: Subscribing to "/keepout_filter_mask" topic for filter mask...
[planner_server-12] [INFO] [1773385539.183701685] [global_costmap.global_costmap]: Received request to clear entirely the global_costmap
[planner_server-12] [INFO] [1773385539.188327053] [global_costmap.global_costmap]: KeepoutFilter: Subscribing to "/keepout_costmap_filter_info" topic for filter info...
[controller_server-10] [INFO] [1773385539.193700227] [local_costmap.local_costmap]: Received request to clear entirely the local_costmap
[controller_server-10] [INFO] [1773385539.198299931] [local_costmap.local_costmap]: KeepoutFilter: Subscribing to "/keepout_costmap_filter_info" topic for filter info...
[planner_server-12] [INFO] [1773385539.202206368] [global_costmap.global_costmap]: KeepoutFilter: Received filter info from /keepout_costmap_filter_info topic.
[planner_server-12] [INFO] [1773385539.202289781] [global_costmap.global_costmap]: KeepoutFilter: Subscribing to "/keepout_filter_mask" topic for filter mask...
[controller_server-10] [INFO] [1773385539.209018863] [local_costmap.local_costmap]: KeepoutFilter: Received filter info from /keepout_costmap_filter_info topic.
[controller_server-10] [INFO] [1773385539.209099944] [local_costmap.local_costmap]: KeepoutFilter: Subscribing to "/keepout_filter_mask" topic for filter mask...
[planner_server-12] [INFO] [1773385539.211972170] [global_costmap.global_costmap]: Received request to clear entirely the global_costmap
[planner_server-12] [INFO] [1773385539.215973978] [global_costmap.global_costmap]: KeepoutFilter: Subscribing to "/keepout_costmap_filter_info" topic for filter info...
[planner_server-12] [INFO] [1773385539.229259482] [global_costmap.global_costmap]: KeepoutFilter: Received filter info from /keepout_costmap_filter_info topic.
[planner_server-12] [INFO] [1773385539.230480353] [global_costmap.global_costmap]: KeepoutFilter: Subscribing to "/keepout_filter_mask" topic for filter mask...
[controller_server-10] [WARN] [1773385539.246491088] [local_costmap.local_costmap]: KeepoutFilter: New filter mask arrived from /keepout_filter_mask topic. Updating old filter mask.
[planner_server-12] [WARN] [1773385539.257058359] [global_costmap.global_costmap]: KeepoutFilter: New filter mask arrived from /keepout_filter_mask topic. Updating old filter mask.
[planner_server-12] [WARN] [1773385539.656074946] [planner_server]: GridBased plugin failed to plan from (1.67, -3.89) to (1.99, -1.51): "no valid path found"
[planner_server-12] [WARN] [1773385539.656194233] [planner_server]: [compute_path_through_poses] [ActionServer] Aborting handle.
[planner_server-12] [INFO] [1773385539.672971440] [global_costmap.global_costmap]: Received request to clear entirely the global_costmap
[planner_server-12] [INFO] [1773385539.676520890] [global_costmap.global_costmap]: KeepoutFilter: Subscribing to "/keepout_costmap_filter_info" topic for filter info...
[planner_server-12] [INFO] [1773385539.681428582] [global_costmap.global_costmap]: KeepoutFilter: Received filter info from /keepout_costmap_filter_info topic.
[planner_server-12] [INFO] [1773385539.681506746] [global_costmap.global_costmap]: KeepoutFilter: Subscribing to "/keepout_filter_mask" topic for filter mask...
[planner_server-12] [WARN] [1773385539.702076352] [global_costmap.global_costmap]: KeepoutFilter: New filter mask arrived from /keepout_filter_mask topic. Updating old filter mask.
[planner_server-12] [WARN] [1773385540.152998040] [planner_server]: GridBased plugin failed to plan from (1.68, -3.69) to (1.99, -1.51): "no valid path found"
[planner_server-12] [WARN] [1773385540.153113536] [planner_server]: [compute_path_through_poses] [ActionServer] Aborting handle.
[behavior_server-13] [INFO] [1773385540.173371945] [behavior_server]: Running wait
[behavior_server-13] [INFO] [1773385545.173681142] [behavior_server]: wait completed successfully
[controller_server-10] [INFO] [1773385545.192804719] [local_costmap.local_costmap]: Received request to clear entirely the local_costmap
[controller_server-10] [INFO] [1773385545.196891691] [local_costmap.local_costmap]: KeepoutFilter: Subscribing to "/keepout_costmap_filter_info" topic for filter info...
[controller_server-10] [INFO] [1773385545.204123879] [local_costmap.local_costmap]: KeepoutFilter: Received filter info from /keepout_costmap_filter_info topic.
[controller_server-10] [INFO] [1773385545.204216917] [local_costmap.local_costmap]: KeepoutFilter: Subscribing to "/keepout_filter_mask" topic for filter mask...
[planner_server-12] [INFO] [1773385545.204330954] [global_costmap.global_costmap]: Received request to clear entirely the global_costmap
[planner_server-12] [INFO] [1773385545.212567022] [global_costmap.global_costmap]: KeepoutFilter: Subscribing to "/keepout_costmap_filter_info" topic for filter info...
[planner_server-12] [INFO] [1773385545.223954138] [global_costmap.global_costmap]: KeepoutFilter: Received filter info from /keepout_costmap_filter_info topic.
[planner_server-12] [INFO] [1773385545.224097341] [global_costmap.global_costmap]: KeepoutFilter: Subscribing to "/keepout_filter_mask" topic for filter mask...
[controller_server-10] [WARN] [1773385545.235539580] [local_costmap.local_costmap]: KeepoutFilter: New filter mask arrived from /keepout_filter_mask topic. Updating old filter mask.
[planner_server-12] [WARN] [1773385545.240075993] [global_costmap.global_costmap]: KeepoutFilter: New filter mask arrived from /keepout_filter_mask topic. Updating old filter mask.
[planner_server-12] [WARN] [1773385545.652677031] [planner_server]: GridBased plugin failed to plan from (1.68, -3.52) to (1.99, -1.51): "no valid path found"
[planner_server-12] [WARN] [1773385545.652800693] [planner_server]: [compute_path_through_poses] [ActionServer] Aborting handle.
[planner_server-12] [INFO] [1773385545.653464210] [global_costmap.global_costmap]: Received request to clear entirely the global_costmap
[planner_server-12] [INFO] [1773385545.659755225] [global_costmap.global_costmap]: KeepoutFilter: Subscribing to "/keepout_costmap_filter_info" topic for filter info...
[planner_server-12] [INFO] [1773385545.665384473] [global_costmap.global_costmap]: KeepoutFilter: Received filter info from /keepout_costmap_filter_info topic.
[planner_server-12] [INFO] [1773385545.665612256] [global_costmap.global_costmap]: KeepoutFilter: Subscribing to "/keepout_filter_mask" topic for filter mask...
[planner_server-12] [WARN] [1773385545.684316432] [global_costmap.global_costmap]: KeepoutFilter: New filter mask arrived from /keepout_filter_mask topic. Updating old filter mask.
[planner_server-12] [WARN] [1773385546.148083807] [planner_server]: GridBased plugin failed to plan from (1.68, -3.52) to (1.99, -1.51): "no valid path found"
[planner_server-12] [WARN] [1773385546.148195802] [planner_server]: [compute_path_through_poses] [ActionServer] Aborting handle.
[controller_server-10] [INFO] [1773385546.163008707] [local_costmap.local_costmap]: Received request to clear entirely the local_costmap
[controller_server-10] [INFO] [1773385546.168509043] [local_costmap.local_costmap]: KeepoutFilter: Subscribing to "/keepout_costmap_filter_info" topic for filter info...
[planner_server-12] [INFO] [1773385546.173907591] [global_costmap.global_costmap]: Received request to clear entirely the global_costmap
[controller_server-10] [INFO] [1773385546.174157249] [local_costmap.local_costmap]: KeepoutFilter: Received filter info from /keepout_costmap_filter_info topic.
[controller_server-10] [INFO] [1773385546.174375407] [local_costmap.local_costmap]: KeepoutFilter: Subscribing to "/keepout_filter_mask" topic for filter mask...
[planner_server-12] [INFO] [1773385546.185198753] [global_costmap.global_costmap]: KeepoutFilter: Subscribing to "/keepout_costmap_filter_info" topic for filter info...
[controller_server-10] [WARN] [1773385546.191938043] [local_costmap.local_costmap]: KeepoutFilter: New filter mask arrived from /keepout_filter_mask topic. Updating old filter mask.
[controller_server-10] [INFO] [1773385546.192937838] [local_costmap.local_costmap]: Received request to clear entirely the local_costmap
[planner_server-12] [INFO] [1773385546.196870525] [global_costmap.global_costmap]: KeepoutFilter: Received filter info from /keepout_costmap_filter_info topic.
[planner_server-12] [INFO] [1773385546.196956272] [global_costmap.global_costmap]: KeepoutFilter: Subscribing to "/keepout_filter_mask" topic for filter mask...
[controller_server-10] [INFO] [1773385546.202675933] [local_costmap.local_costmap]: KeepoutFilter: Subscribing to "/keepout_costmap_filter_info" topic for filter info...
[planner_server-12] [INFO] [1773385546.210809921] [global_costmap.global_costmap]: Received request to clear entirely the global_costmap
[controller_server-10] [INFO] [1773385546.214044383] [local_costmap.local_costmap]: KeepoutFilter: Received filter info from /keepout_costmap_filter_info topic.
[controller_server-10] [INFO] [1773385546.214922558] [local_costmap.local_costmap]: KeepoutFilter: Subscribing to "/keepout_filter_mask" topic for filter mask...
[planner_server-12] [INFO] [1773385546.217442464] [global_costmap.global_costmap]: KeepoutFilter: Subscribing to "/keepout_costmap_filter_info" topic for filter info...
[planner_server-12] [INFO] [1773385546.228211853] [global_costmap.global_costmap]: KeepoutFilter: Received filter info from /keepout_costmap_filter_info topic.
[planner_server-12] [INFO] [1773385546.228364681] [global_costmap.global_costmap]: KeepoutFilter: Subscribing to "/keepout_filter_mask" topic for filter mask...
[controller_server-10] [WARN] [1773385546.253688860] [local_costmap.local_costmap]: KeepoutFilter: New filter mask arrived from /keepout_filter_mask topic. Updating old filter mask.
[planner_server-12] [WARN] [1773385546.271272202] [global_costmap.global_costmap]: KeepoutFilter: New filter mask arrived from /keepout_filter_mask topic. Updating old filter mask.
[planner_server-12] [WARN] [1773385546.650895722] [planner_server]: GridBased plugin failed to plan from (1.68, -3.52) to (1.99, -1.51): "no valid path found"
[planner_server-12] [WARN] [1773385546.651021426] [planner_server]: [compute_path_through_poses] [ActionServer] Aborting handle.
[planner_server-12] [INFO] [1773385546.663038518] [global_costmap.global_costmap]: Received request to clear entirely the global_costmap
[planner_server-12] [INFO] [1773385546.667335483] [global_costmap.global_costmap]: KeepoutFilter: Subscribing to "/keepout_costmap_filter_info" topic for filter info...
[planner_server-12] [INFO] [1773385546.670846143] [global_costmap.global_costmap]: KeepoutFilter: Received filter info from /keepout_costmap_filter_info topic.
[planner_server-12] [INFO] [1773385546.670932182] [global_costmap.global_costmap]: KeepoutFilter: Subscribing to "/keepout_filter_mask" topic for filter mask...
[planner_server-12] [WARN] [1773385546.691312212] [global_costmap.global_costmap]: KeepoutFilter: New filter mask arrived from /keepout_filter_mask topic. Updating old filter mask.
[planner_server-12] [WARN] [1773385547.181675093] [planner_server]: GridBased plugin failed to plan from (1.68, -3.52) to (1.99, -1.51): "no valid path found"
[planner_server-12] [WARN] [1773385547.181874294] [planner_server]: [compute_path_through_poses] [ActionServer] Aborting handle.
[bt_navigator-14] [WARN] [1773385547.192585643] [bt_navigator]: [navigate_through_poses] [ActionServer] Aborting handle.
[bt_navigator-14] [ERROR] [1773385547.192902090] [bt_navigator]: Goal failed
[delivery_robot_main_controller-20] [33m[WARN] [1773385547.682278299] [main_controller_node]: Goal failed![0m
[delivery_robot_main_controller-20] [33m[WARN] [1773385547.685367809] [main_controller_node]: Blocked lane encountered; stopping with FAILED per setting.[0m
[delivery_robot_main_controller-20] [0m[INFO] [1773385547.689933388] [main_controller_node]: State change: MOVE -> SAFE_STOP[0m
[delivery_robot_main_controller-20] [0m[INFO] [1773385547.705277690] [main_controller_node]: Robot is in SAFE_STOP. Awaiting user to switch to STANDBY.[0m
[delivery_robot_main_controller-20] [0m[INFO] [1773385547.706083826] [main_controller_node]: Robot is in SAFE_STOP. Awaiting user to switch to STANDBY.[0m
[delivery_robot_main_controller-20] [0m[INFO] [1773385547.729753441] [main_controller_node]: Current state: SAFE_STOP, dock_state IDLE, charge_state NOT_CHARGE[0m
[delivery_robot_main_controller-20] [0m[INFO] [1773385548.298491227] [main_controller_node]: Current state: SAFE_STOP, dock_state IDLE, charge_state NOT_CHARGE[0m
[delivery_robot_main_controller-20] [0m[INFO] [1773385548.739547659] [main_controller_node]: Published message: "safe_stop"[0m
[robot_sound-21] [0m[INFO] [1773385549.018179245] [robot_sound_node]: 🔔 Received sound command: safe_stop[0m
[robot_sound-21] Simple mixer control 'PCM',0
[robot_sound-21]   Capabilities: pvolume pswitch pswitch-joined
[robot_sound-21]   Playback channels: Front Left - Front Right
[robot_sound-21]   Limits: Playback 0 - 147
[robot_sound-21]   Mono:
[robot_sound-21]   Front Left: Playback 147 [100%] [-0.94dB] [on]
[robot_sound-21]   Front Right: Playback 147 [100%] [-0.94dB] [on]
[robot_sound-21] [0m[INFO] [1773385549.052886281] [robot_sound_node]: 🔊 Playing sound: /home/smr/workspaces/mini_amr/amrROS2_ws/sounds/robot_safestop.wav[0m
[robot_sound-21] Playing WAVE '/home/smr/workspaces/mini_amr/amrROS2_ws/sounds/robot_safestop.wav' : Signed 16 bit Little Endian, Rate 22050 Hz, Mono
[delivery_robot_main_controller-20] [0m[INFO] [1773385549.282505407] [main_controller_node]: Current state: SAFE_STOP, dock_state IDLE, charge_state NOT_CHARGE[0m
[delivery_robot_main_controller-20] [0m[INFO] [1773385550.324529045] [main_controller_node]: Current state: SAFE_STOP, dock_state IDLE, charge_state NOT_CHARGE[0m
[delivery_robot_main_controller-20] [0m[INFO] [1773385550.736690849] [main_controller_node]: SAFE_STOP cleared to STANDBY via API/GUI.[0m
[delivery_robot_main_controller-20] [0m[INFO] [1773385550.737367490] [main_controller_node]: State change: SAFE_STOP -> STANDBY[0m
[delivery_robot_main_controller-20] [0m[INFO] [1773385550.741077351] [main_controller_node]: Robot is in STANDBY mode.[0m
[delivery_robot_main_controller-20] [0m[INFO] [1773385551.278457183] [main_controller_node]: Current state: STANDBY, dock_state IDLE, charge_state NOT_CHARGE[0m
[delivery_robot_main_controller-20] [0m[INFO] [1773385551.361749695] [main_controller_node]: 1 pending queues [0m
[delivery_robot_main_controller-20] [0m[INFO] [1773385551.365582927] [main_controller_node]: Queue action: Request[0m
[delivery_robot_main_controller-20] [0m[INFO] [1773385551.412867326] [main_controller_node]: AGV start_pos: x=1.68, y=-3.52[0m
[delivery_robot_main_controller-20] [0m[INFO] [1773385551.414977164] [main_controller_node]: AGV goal_pos: x=3.40, y=-0.73[0m
[delivery_robot_main_controller-20] Graph before shortest_path: Graph with 11 nodes and 10 edges
[delivery_robot_main_controller-20] [0m[INFO] [1773385551.472244940] [main_controller_node]: Computed AGV path waypoints:[0m
[delivery_robot_main_controller-20] [0m[INFO] [1773385551.474835427] [main_controller_node]:   Waypoint 0: x=1.68, y=-3.52[0m
[delivery_robot_main_controller-20] [0m[INFO] [1773385551.476070881] [main_controller_node]:   Waypoint 1: x=3.40, y=-0.73[0m
[delivery_robot_main_controller-20] [0m[INFO] [1773385551.477449538] [main_controller_node]: Navigating with 2 goals....[0m
[bt_navigator-14] [INFO] [1773385551.478727281] [bt_navigator]: Begin navigating from current location through 2 poses to (3.40, -0.73)
[controller_server-10] [INFO] [1773385551.479220180] [local_costmap.local_costmap]: Received request to clear entirely the local_costmap
[controller_server-10] [INFO] [1773385551.483896297] [local_costmap.local_costmap]: KeepoutFilter: Subscribing to "/keepout_costmap_filter_info" topic for filter info...
[planner_server-12] [INFO] [1773385551.490036817] [global_costmap.global_costmap]: Received request to clear entirely the global_costmap
[controller_server-10] [INFO] [1773385551.490140063] [local_costmap.local_costmap]: KeepoutFilter: Received filter info from /keepout_costmap_filter_info topic.
[controller_server-10] [INFO] [1773385551.490344806] [local_costmap.local_costmap]: KeepoutFilter: Subscribing to "/keepout_filter_mask" topic for filter mask...
[planner_server-12] [INFO] [1773385551.495364201] [global_costmap.global_costmap]: KeepoutFilter: Subscribing to "/keepout_costmap_filter_info" topic for filter info...
[planner_server-12] [INFO] [1773385551.506187547] [global_costmap.global_costmap]: KeepoutFilter: Received filter info from /keepout_costmap_filter_info topic.
[planner_server-12] [INFO] [1773385551.506349999] [global_costmap.global_costmap]: KeepoutFilter: Subscribing to "/keepout_filter_mask" topic for filter mask...
[controller_server-10] [WARN] [1773385551.516204172] [local_costmap.local_costmap]: KeepoutFilter: New filter mask arrived from /keepout_filter_mask topic. Updating old filter mask.
[planner_server-12] [WARN] [1773385551.583552739] [global_costmap.global_costmap]: KeepoutFilter: New filter mask arrived from /keepout_filter_mask topic. Updating old filter mask.
[planner_server-12] [WARN] [1773385551.650732436] [planner_server]: GridBased plugin failed to plan from (1.68, -3.52) to (3.40, -0.73): "no valid path found"
[planner_server-12] [WARN] [1773385551.650896347] [planner_server]: [compute_path_through_poses] [ActionServer] Aborting handle.
[planner_server-12] [INFO] [1773385551.669933593] [global_costmap.global_costmap]: Received request to clear entirely the global_costmap
[planner_server-12] [INFO] [1773385551.675216646] [global_costmap.global_costmap]: KeepoutFilter: Subscribing to "/keepout_costmap_filter_info" topic for filter info...
[planner_server-12] [INFO] [1773385551.679597024] [global_costmap.global_costmap]: KeepoutFilter: Received filter info from /keepout_costmap_filter_info topic.
[planner_server-12] [INFO] [1773385551.679812849] [global_costmap.global_costmap]: KeepoutFilter: Subscribing to "/keepout_filter_mask" topic for filter mask...
[planner_server-12] [WARN] [1773385551.690860770] [global_costmap.global_costmap]: KeepoutFilter: New filter mask arrived from /keepout_filter_mask topic. Updating old filter mask.
[planner_server-12] [WARN] [1773385552.166539074] [planner_server]: GridBased plugin failed to plan from (1.68, -3.52) to (3.40, -0.73): "no valid path found"
[planner_server-12] [WARN] [1773385552.166750525] [planner_server]: [compute_path_through_poses] [ActionServer] Aborting handle.
[controller_server-10] [INFO] [1773385552.179550713] [local_costmap.local_costmap]: Received request to clear entirely the local_costmap
[controller_server-10] [INFO] [1773385552.186066886] [local_costmap.local_costmap]: KeepoutFilter: Subscribing to "/keepout_costmap_filter_info" topic for filter info...
[planner_server-12] [INFO] [1773385552.189156104] [global_costmap.global_costmap]: Received request to clear entirely the global_costmap
[controller_server-10] [INFO] [1773385552.193846512] [local_costmap.local_costmap]: KeepoutFilter: Received filter info from /keepout_costmap_filter_info topic.
[controller_server-10] [INFO] [1773385552.193946258] [local_costmap.local_costmap]: KeepoutFilter: Subscribing to "/keepout_filter_mask" topic for filter mask...
[planner_server-12] [INFO] [1773385552.201207320] [global_costmap.global_costmap]: KeepoutFilter: Subscribing to "/keepout_costmap_filter_info" topic for filter info...
[controller_server-10] [WARN] [1773385552.210922374] [local_costmap.local_costmap]: KeepoutFilter: New filter mask arrived from /keepout_filter_mask topic. Updating old filter mask.
[controller_server-10] [INFO] [1773385552.214183377] [local_costmap.local_costmap]: Received request to clear entirely the local_costmap
[planner_server-12] [INFO] [1773385552.214568946] [global_costmap.global_costmap]: KeepoutFilter: Received filter info from /keepout_costmap_filter_info topic.
[planner_server-12] [INFO] [1773385552.214712149] [global_costmap.global_costmap]: KeepoutFilter: Subscribing to "/keepout_filter_mask" topic for filter mask...
[controller_server-10] [INFO] [1773385552.225258421] [local_costmap.local_costmap]: KeepoutFilter: Subscribing to "/keepout_costmap_filter_info" topic for filter info...
[controller_server-10] [INFO] [1773385552.237089438] [local_costmap.local_costmap]: KeepoutFilter: Received filter info from /keepout_costmap_filter_info topic.
[controller_server-10] [INFO] [1773385552.237628417] [local_costmap.local_costmap]: KeepoutFilter: Subscribing to "/keepout_filter_mask" topic for filter mask...
[planner_server-12] [WARN] [1773385552.237819744] [global_costmap.global_costmap]: KeepoutFilter: New filter mask arrived from /keepout_filter_mask topic. Updating old filter mask.
[planner_server-12] [INFO] [1773385552.238102358] [global_costmap.global_costmap]: Received request to clear entirely the global_costmap
[planner_server-12] [INFO] [1773385552.248514177] [global_costmap.global_costmap]: KeepoutFilter: Subscribing to "/keepout_costmap_filter_info" topic for filter info...
[planner_server-12] [INFO] [1773385552.259771507] [global_costmap.global_costmap]: KeepoutFilter: Received filter info from /keepout_costmap_filter_info topic.
[planner_server-12] [INFO] [1773385552.259844420] [global_costmap.global_costmap]: KeepoutFilter: Subscribing to "/keepout_filter_mask" topic for filter mask...
[controller_server-10] [WARN] [1773385552.271387281] [local_costmap.local_costmap]: KeepoutFilter: New filter mask arrived from /keepout_filter_mask topic. Updating old filter mask.
[delivery_robot_main_controller-20] [0m[INFO] [1773385552.287127651] [main_controller_node]: State change: STANDBY -> MOVE[0m
[planner_server-12] [WARN] [1773385552.288172362] [global_costmap.global_costmap]: KeepoutFilter: New filter mask arrived from /keepout_filter_mask topic. Updating old filter mask.
[delivery_robot_main_controller-20] [0m[INFO] [1773385552.307935540] [main_controller_node]: Robot is MOVING.[0m
[planner_server-12] [WARN] [1773385552.648032120] [planner_server]: GridBased plugin failed to plan from (1.68, -3.52) to (3.40, -0.73): "no valid path found"
[planner_server-12] [WARN] [1773385552.648141200] [planner_server]: [compute_path_through_poses] [ActionServer] Aborting handle.
[planner_server-12] [INFO] [1773385552.659409903] [global_costmap.global_costmap]: Received request to clear entirely the global_costmap
[planner_server-12] [INFO] [1773385552.663388671] [global_costmap.global_costmap]: KeepoutFilter: Subscribing to "/keepout_costmap_filter_info" topic for filter info...
[planner_server-12] [INFO] [1773385552.671078176] [global_costmap.global_costmap]: KeepoutFilter: Received filter info from /keepout_costmap_filter_info topic.
[planner_server-12] [INFO] [1773385552.671316167] [global_costmap.global_costmap]: KeepoutFilter: Subscribing to "/keepout_filter_mask" topic for filter mask...
[planner_server-12] [WARN] [1773385552.682843861] [global_costmap.global_costmap]: KeepoutFilter: New filter mask arrived from /keepout_filter_mask topic. Updating old filter mask.
[planner_server-12] [WARN] [1773385553.147374791] [planner_server]: GridBased plugin failed to plan from (1.68, -3.52) to (3.40, -0.73): "no valid path found"
[planner_server-12] [WARN] [1773385553.149426881] [planner_server]: [compute_path_through_poses] [ActionServer] Aborting handle.
[behavior_server-13] [INFO] [1773385553.152629553] [behavior_server]: Running wait
[behavior_server-13] [INFO] [1773385558.153783384] [behavior_server]: wait completed successfully
[controller_server-10] [INFO] [1773385558.169263014] [local_costmap.local_costmap]: Received request to clear entirely the local_costmap
[controller_server-10] [INFO] [1773385558.173895090] [local_costmap.local_costmap]: KeepoutFilter: Subscribing to "/keepout_costmap_filter_info" topic for filter info...
[controller_server-10] [INFO] [1773385558.181602386] [local_costmap.local_costmap]: KeepoutFilter: Received filter info from /keepout_costmap_filter_info topic.
[planner_server-12] [INFO] [1773385558.181620177] [global_costmap.global_costmap]: Received request to clear entirely the global_costmap
[controller_server-10] [INFO] [1773385558.181878584] [local_costmap.local_costmap]: KeepoutFilter: Subscribing to "/keepout_filter_mask" topic for filter mask...
[planner_server-12] [INFO] [1773385558.194915013] [global_costmap.global_costmap]: KeepoutFilter: Subscribing to "/keepout_costmap_filter_info" topic for filter info...
[planner_server-12] [INFO] [1773385558.207271885] [global_costmap.global_costmap]: KeepoutFilter: Received filter info from /keepout_costmap_filter_info topic.
[planner_server-12] [INFO] [1773385558.207433754] [global_costmap.global_costmap]: KeepoutFilter: Subscribing to "/keepout_filter_mask" topic for filter mask...
[controller_server-10] [WARN] [1773385558.211722843] [local_costmap.local_costmap]: KeepoutFilter: New filter mask arrived from /keepout_filter_mask topic. Updating old filter mask.
[planner_server-12] [WARN] [1773385558.228276641] [global_costmap.global_costmap]: KeepoutFilter: New filter mask arrived from /keepout_filter_mask topic. Updating old filter mask.
[planner_server-12] [WARN] [1773385558.729818688] [planner_server]: GridBased plugin failed to plan from (1.68, -3.52) to (3.40, -0.73): "no valid path found"
[planner_server-12] [WARN] [1773385558.730765694] [planner_server]: [compute_path_through_poses] [ActionServer] Aborting handle.
[planner_server-12] [INFO] [1773385558.749907354] [global_costmap.global_costmap]: Received request to clear entirely the global_costmap
[planner_server-12] [INFO] [1773385558.755875506] [global_costmap.global_costmap]: KeepoutFilter: Subscribing to "/keepout_costmap_filter_info" topic for filter info...
[planner_server-12] [INFO] [1773385558.759837066] [global_costmap.global_costmap]: KeepoutFilter: Received filter info from /keepout_costmap_filter_info topic.
[planner_server-12] [INFO] [1773385558.759996310] [global_costmap.global_costmap]: KeepoutFilter: Subscribing to "/keepout_filter_mask" topic for filter mask...
[planner_server-12] [WARN] [1773385558.768847771] [global_costmap.global_costmap]: KeepoutFilter: New filter mask arrived from /keepout_filter_mask topic. Updating old filter mask.
[planner_server-12] [WARN] [1773385559.184547067] [planner_server]: GridBased plugin failed to plan from (1.68, -3.52) to (3.40, -0.73): "no valid path found"
[planner_server-12] [WARN] [1773385559.184687645] [planner_server]: [compute_path_through_poses] [ActionServer] Aborting handle.
[controller_server-10] [INFO] [1773385559.199579589] [local_costmap.local_costmap]: Received request to clear entirely the local_costmap
[controller_server-10] [INFO] [1773385559.202243281] [local_costmap.local_costmap]: KeepoutFilter: Subscribing to "/keepout_costmap_filter_info" topic for filter info...
[planner_server-12] [INFO] [1773385559.205968017] [global_costmap.global_costmap]: Received request to clear entirely the global_costmap
[controller_server-10] [INFO] [1773385559.207531583] [local_costmap.local_costmap]: KeepoutFilter: Received filter info from /keepout_costmap_filter_info topic.
[controller_server-10] [INFO] [1773385559.207902569] [local_costmap.local_costmap]: KeepoutFilter: Subscribing to "/keepout_filter_mask" topic for filter mask...
[planner_server-12] [INFO] [1773385559.213257952] [global_costmap.global_costmap]: KeepoutFilter: Subscribing to "/keepout_costmap_filter_info" topic for filter info...
[controller_server-10] [INFO] [1773385559.216575245] [local_costmap.local_costmap]: Received request to clear entirely the local_costmap
[controller_server-10] [INFO] [1773385559.221093285] [local_costmap.local_costmap]: KeepoutFilter: Subscribing to "/keepout_costmap_filter_info" topic for filter info...
[planner_server-12] [INFO] [1773385559.225180257] [global_costmap.global_costmap]: KeepoutFilter: Received filter info from /keepout_costmap_filter_info topic.
[planner_server-12] [INFO] [1773385559.226195511] [global_costmap.global_costmap]: KeepoutFilter: Subscribing to "/keepout_filter_mask" topic for filter mask...
[planner_server-12] [INFO] [1773385559.232343906] [global_costmap.global_costmap]: Received request to clear entirely the global_costmap
[controller_server-10] [INFO] [1773385559.234311124] [local_costmap.local_costmap]: KeepoutFilter: Received filter info from /keepout_costmap_filter_info topic.
[controller_server-10] [INFO] [1773385559.234448202] [local_costmap.local_costmap]: KeepoutFilter: Subscribing to "/keepout_filter_mask" topic for filter mask...
[planner_server-12] [INFO] [1773385559.242893970] [global_costmap.global_costmap]: KeepoutFilter: Subscribing to "/keepout_costmap_filter_info" topic for filter info...
[planner_server-12] [INFO] [1773385559.253917683] [global_costmap.global_costmap]: KeepoutFilter: Received filter info from /keepout_costmap_filter_info topic.
[planner_server-12] [INFO] [1773385559.253997597] [global_costmap.global_costmap]: KeepoutFilter: Subscribing to "/keepout_filter_mask" topic for filter mask...
[controller_server-10] [WARN] [1773385559.264499537] [local_costmap.local_costmap]: KeepoutFilter: New filter mask arrived from /keepout_filter_mask topic. Updating old filter mask.
[planner_server-12] [WARN] [1773385559.282716940] [global_costmap.global_costmap]: KeepoutFilter: New filter mask arrived from /keepout_filter_mask topic. Updating old filter mask.
[planner_server-12] [WARN] [1773385559.653987147] [planner_server]: GridBased plugin failed to plan from (1.68, -3.52) to (3.40, -0.73): "no valid path found"
[planner_server-12] [WARN] [1773385559.654108476] [planner_server]: [compute_path_through_poses] [ActionServer] Aborting handle.
[planner_server-12] [INFO] [1773385559.669488651] [global_costmap.global_costmap]: Received request to clear entirely the global_costmap
[planner_server-12] [INFO] [1773385559.675523009] [global_costmap.global_costmap]: KeepoutFilter: Subscribing to "/keepout_costmap_filter_info" topic for filter info...
[planner_server-12] [INFO] [1773385559.680147794] [global_costmap.global_costmap]: KeepoutFilter: Received filter info from /keepout_costmap_filter_info topic.
[planner_server-12] [INFO] [1773385559.680309080] [global_costmap.global_costmap]: KeepoutFilter: Subscribing to "/keepout_filter_mask" topic for filter mask...
[planner_server-12] [WARN] [1773385559.691161299] [global_costmap.global_costmap]: KeepoutFilter: New filter mask arrived from /keepout_filter_mask topic. Updating old filter mask.
[planner_server-12] [WARN] [1773385560.187759780] [planner_server]: GridBased plugin failed to plan from (1.68, -3.52) to (3.40, -0.73): "no valid path found"
[planner_server-12] [WARN] [1773385560.187868860] [planner_server]: [compute_path_through_poses] [ActionServer] Aborting handle.
[bt_navigator-14] [WARN] [1773385560.209136398] [bt_navigator]: [navigate_through_poses] [ActionServer] Aborting handle.
[bt_navigator-14] [ERROR] [1773385560.209707168] [bt_navigator]: Goal failed
[delivery_robot_main_controller-20] [33m[WARN] [1773385560.663428752] [main_controller_node]: Goal failed![0m
[delivery_robot_main_controller-20] [33m[WARN] [1773385560.664980944] [main_controller_node]: Blocked lane encountered; stopping with FAILED per setting.[0m
[delivery_robot_main_controller-20] [0m[INFO] [1773385560.671271959] [main_controller_node]: State change: MOVE -> SAFE_STOP[0m
[delivery_robot_main_controller-20] [0m[INFO] [1773385560.688170786] [main_controller_node]: Robot is in SAFE_STOP. Awaiting user to switch to STANDBY.[0m
[delivery_robot_main_controller-20] [0m[INFO] [1773385560.691804233] [main_controller_node]: Robot is in SAFE_STOP. Awaiting user to switch to STANDBY.[0m
[delivery_robot_main_controller-20] [0m[INFO] [1773385560.713662375] [main_controller_node]: Current state: SAFE_STOP, dock_state IDLE, charge_state NOT_CHARGE[0m
[delivery_robot_main_controller-20] [0m[INFO] [1773385561.322657113] [main_controller_node]: Current state: SAFE_STOP, dock_state IDLE, charge_state NOT_CHARGE[0m
[delivery_robot_main_controller-20] [0m[INFO] [1773385561.741105557] [main_controller_node]: Published message: "safe_stop"[0m
[robot_sound-21] [0m[INFO] [1773385562.151522676] [robot_sound_node]: 🔔 Received sound command: safe_stop[0m
[robot_sound-21] Simple mixer control 'PCM',0
[robot_sound-21]   Capabilities: pvolume pswitch pswitch-joined
[robot_sound-21]   Playback channels: Front Left - Front Right
[robot_sound-21]   Limits: Playback 0 - 147
[robot_sound-21]   Mono:
[robot_sound-21]   Front Left: Playback 147 [100%] [-0.94dB] [on]
[robot_sound-21]   Front Right: Playback 147 [100%] [-0.94dB] [on]
[robot_sound-21] [0m[INFO] [1773385562.166173129] [robot_sound_node]: 🔊 Playing sound: /home/smr/workspaces/mini_amr/amrROS2_ws/sounds/robot_safestop.wav[0m
[robot_sound-21] Playing WAVE '/home/smr/workspaces/mini_amr/amrROS2_ws/sounds/robot_safestop.wav' : Signed 16 bit Little Endian, Rate 22050 Hz, Mono
[delivery_robot_main_controller-20] [0m[INFO] [1773385562.358993464] [main_controller_node]: Current state: SAFE_STOP, dock_state IDLE, charge_state NOT_CHARGE[0m
[delivery_robot_main_controller-20] [0m[INFO] [1773385563.324033687] [main_controller_node]: Current state: SAFE_STOP, dock_state IDLE, charge_state NOT_CHARGE[0m
[delivery_robot_main_controller-20] [0m[INFO] [1773385564.280335320] [main_controller_node]: Current state: SAFE_STOP, dock_state IDLE, charge_state NOT_CHARGE[0m
[delivery_robot_main_controller-20] [0m[INFO] [1773385565.283282043] [main_controller_node]: Current state: SAFE_STOP, dock_state IDLE, charge_state NOT_CHARGE[0m
[delivery_robot_main_controller-20] [0m[INFO] [1773385566.298693550] [main_controller_node]: Current state: SAFE_STOP, dock_state IDLE, charge_state NOT_CHARGE[0m
[delivery_robot_main_controller-20] [0m[INFO] [1773385567.289535101] [main_controller_node]: Current state: SAFE_STOP, dock_state IDLE, charge_state NOT_CHARGE[0m
[delivery_robot_main_controller-20] [0m[INFO] [1773385568.340458322] [main_controller_node]: Current state: SAFE_STOP, dock_state IDLE, charge_state NOT_CHARGE[0m
[delivery_robot_main_controller-20] [0m[INFO] [1773385569.316416679] [main_controller_node]: Current state: SAFE_STOP, dock_state IDLE, charge_state NOT_CHARGE[0m
[delivery_robot_main_controller-20] [0m[INFO] [1773385570.278914831] [main_controller_node]: Current state: SAFE_STOP, dock_state IDLE, charge_state NOT_CHARGE[0m
[delivery_robot_main_controller-20] [0m[INFO] [1773385571.277867620] [main_controller_node]: Current state: SAFE_STOP, dock_state IDLE, charge_state NOT_CHARGE[0m
[delivery_robot_main_controller-20] [0m[INFO] [1773385572.286528171] [main_controller_node]: Current state: SAFE_STOP, dock_state IDLE, charge_state NOT_CHARGE[0m
[delivery_robot_main_controller-20] [0m[INFO] [1773385573.293961435] [main_controller_node]: Current state: SAFE_STOP, dock_state IDLE, charge_state NOT_CHARGE[0m
[delivery_robot_main_controller-20] [0m[INFO] [1773385574.289962376] [main_controller_node]: Current state: SAFE_STOP, dock_state IDLE, charge_state NOT_CHARGE[0m
[delivery_robot_main_controller-20] [0m[INFO] [1773385575.280757261] [main_controller_node]: Current state: SAFE_STOP, dock_state IDLE, charge_state NOT_CHARGE[0m
[delivery_robot_main_controller-20] [0m[INFO] [1773385576.280032913] [main_controller_node]: Current state: SAFE_STOP, dock_state IDLE, charge_state NOT_CHARGE[0m
[delivery_robot_main_controller-20] [0m[INFO] [1773385577.281089998] [main_controller_node]: Current state: SAFE_STOP, dock_state IDLE, charge_state NOT_CHARGE[0m
[delivery_robot_main_controller-20] [0m[INFO] [1773385578.285322923] [main_controller_node]: Current state: SAFE_STOP, dock_state IDLE, charge_state NOT_CHARGE[0m
[delivery_robot_main_controller-20] [0m[INFO] [1773385579.314287382] [main_controller_node]: Current state: SAFE_STOP, dock_state IDLE, charge_state NOT_CHARGE[0m
[delivery_robot_main_controller-20] [0m[INFO] [1773385580.282372492] [main_controller_node]: Current state: SAFE_STOP, dock_state IDLE, charge_state NOT_CHARGE[0m
[delivery_robot_main_controller-20] [0m[INFO] [1773385580.700863226] [main_controller_node]: Published message: "safe_stop"[0m
[robot_sound-21] [0m[INFO] [1773385581.048034792] [robot_sound_node]: 🔔 Received sound command: safe_stop[0m
[robot_sound-21] Simple mixer control 'PCM',0
[robot_sound-21]   Capabilities: pvolume pswitch pswitch-joined
[robot_sound-21]   Playback channels: Front Left - Front Right
[robot_sound-21]   Limits: Playback 0 - 147
[robot_sound-21]   Mono:
[robot_sound-21]   Front Left: Playback 147 [100%] [-0.94dB] [on]
[robot_sound-21]   Front Right: Playback 147 [100%] [-0.94dB] [on]
[robot_sound-21] [0m[INFO] [1773385581.076730219] [robot_sound_node]: 🔊 Playing sound: /home/smr/workspaces/mini_amr/amrROS2_ws/sounds/robot_safestop.wav[0m
[robot_sound-21] Playing WAVE '/home/smr/workspaces/mini_amr/amrROS2_ws/sounds/robot_safestop.wav' : Signed 16 bit Little Endian, Rate 22050 Hz, Mono
[delivery_robot_main_controller-20] [0m[INFO] [1773385581.280625015] [main_controller_node]: Current state: SAFE_STOP, dock_state IDLE, charge_state NOT_CHARGE[0m
[delivery_robot_main_controller-20] [0m[INFO] [1773385582.287262642] [main_controller_node]: Current state: SAFE_STOP, dock_state IDLE, charge_state NOT_CHARGE[0m
[delivery_robot_main_controller-20] [0m[INFO] [1773385583.374776705] [main_controller_node]: Current state: SAFE_STOP, dock_state IDLE, charge_state NOT_CHARGE[0m
[delivery_robot_main_controller-20] [0m[INFO] [1773385584.319923088] [main_controller_node]: Current state: SAFE_STOP, dock_state IDLE, charge_state NOT_CHARGE[0m
[delivery_robot_main_controller-20] [0m[INFO] [1773385585.301441279] [main_controller_node]: Current state: SAFE_STOP, dock_state IDLE, charge_state NOT_CHARGE[0m
[delivery_robot_main_controller-20] [0m[INFO] [1773385586.282911929] [main_controller_node]: Current state: SAFE_STOP, dock_state IDLE, charge_state NOT_CHARGE[0m
[delivery_robot_main_controller-20] [0m[INFO] [1773385587.322050508] [main_controller_node]: Current state: SAFE_STOP, dock_state IDLE, charge_state NOT_CHARGE[0m
[delivery_robot_main_controller-20] [0m[INFO] [1773385588.339862342] [main_controller_node]: Current state: SAFE_STOP, dock_state IDLE, charge_state NOT_CHARGE[0m
[delivery_robot_main_controller-20] [0m[INFO] [1773385589.287005693] [main_controller_node]: Current state: SAFE_STOP, dock_state IDLE, charge_state NOT_CHARGE[0m
[delivery_robot_main_controller-20] [0m[INFO] [1773385590.278618964] [main_controller_node]: Current state: SAFE_STOP, dock_state IDLE, charge_state NOT_CHARGE[0m
[delivery_robot_main_controller-20] [0m[INFO] [1773385591.280611973] [main_controller_node]: Current state: SAFE_STOP, dock_state IDLE, charge_state NOT_CHARGE[0m
[delivery_robot_main_controller-20] [0m[INFO] [1773385592.283587570] [main_controller_node]: Current state: SAFE_STOP, dock_state IDLE, charge_state NOT_CHARGE[0m
[delivery_robot_main_controller-20] [0m[INFO] [1773385593.340209162] [main_controller_node]: Current state: SAFE_STOP, dock_state IDLE, charge_state NOT_CHARGE[0m
[delivery_robot_main_controller-20] [0m[INFO] [1773385594.312927223] [main_controller_node]: Current state: SAFE_STOP, dock_state IDLE, charge_state NOT_CHARGE[0m
[delivery_robot_main_controller-20] [0m[INFO] [1773385595.334679910] [main_controller_node]: Current state: SAFE_STOP, dock_state IDLE, charge_state NOT_CHARGE[0m
[delivery_robot_main_controller-20] [0m[INFO] [1773385596.282345324] [main_controller_node]: Current state: SAFE_STOP, dock_state IDLE, charge_state NOT_CHARGE[0m
[delivery_robot_main_controller-20] [0m[INFO] [1773385596.699035667] [main_controller_node]: SAFE_STOP cleared to STANDBY via API/GUI.[0m
[delivery_robot_main_controller-20] [0m[INFO] [1773385596.705803831] [main_controller_node]: State change: SAFE_STOP -> STANDBY[0m
[delivery_robot_main_controller-20] [0m[INFO] [1773385596.713754075] [main_controller_node]: Robot is in STANDBY mode.[0m
[delivery_robot_main_controller-20] [0m[INFO] [1773385597.277496964] [main_controller_node]: Current state: STANDBY, dock_state IDLE, charge_state NOT_CHARGE[0m
[delivery_robot_main_controller-20] [0m[INFO] [1773385597.355423301] [main_controller_node]: 1 pending queues [0m
[delivery_robot_main_controller-20] [0m[INFO] [1773385597.356418139] [main_controller_node]: Queue action: Request[0m
[delivery_robot_main_controller-20] [0m[INFO] [1773385597.386995621] [main_controller_node]: AGV start_pos: x=1.91, y=-1.93[0m
[delivery_robot_main_controller-20] [0m[INFO] [1773385597.387682471] [main_controller_node]: AGV goal_pos: x=3.40, y=-0.73[0m
[delivery_robot_main_controller-20] Graph before shortest_path: Graph with 11 nodes and 10 edges
[delivery_robot_main_controller-20] [0m[INFO] [1773385597.411210050] [main_controller_node]: Computed AGV path waypoints:[0m
[delivery_robot_main_controller-20] [0m[INFO] [1773385597.411897191] [main_controller_node]:   Waypoint 0: x=1.91, y=-1.93[0m
[delivery_robot_main_controller-20] [0m[INFO] [1773385597.412626913] [main_controller_node]:   Waypoint 1: x=3.40, y=-0.73[0m
[delivery_robot_main_controller-20] [0m[INFO] [1773385597.414158106] [main_controller_node]: Navigating with 2 goals....[0m
[bt_navigator-14] [INFO] [1773385597.415366144] [bt_navigator]: Begin navigating from current location through 2 poses to (3.40, -0.73)
[controller_server-10] [INFO] [1773385597.415666550] [local_costmap.local_costmap]: Received request to clear entirely the local_costmap
[controller_server-10] [INFO] [1773385597.422327384] [local_costmap.local_costmap]: KeepoutFilter: Subscribing to "/keepout_costmap_filter_info" topic for filter info...
[planner_server-12] [INFO] [1773385597.428340743] [global_costmap.global_costmap]: Received request to clear entirely the global_costmap
[controller_server-10] [INFO] [1773385597.431867152] [local_costmap.local_costmap]: KeepoutFilter: Received filter info from /keepout_costmap_filter_info topic.
[controller_server-10] [INFO] [1773385597.432049146] [local_costmap.local_costmap]: KeepoutFilter: Subscribing to "/keepout_filter_mask" topic for filter mask...
[planner_server-12] [INFO] [1773385597.435418353] [global_costmap.global_costmap]: KeepoutFilter: Subscribing to "/keepout_costmap_filter_info" topic for filter info...
[planner_server-12] [INFO] [1773385597.446819760] [global_costmap.global_costmap]: KeepoutFilter: Received filter info from /keepout_costmap_filter_info topic.
[planner_server-12] [INFO] [1773385597.446910465] [global_costmap.global_costmap]: KeepoutFilter: Subscribing to "/keepout_filter_mask" topic for filter mask...
[controller_server-10] [WARN] [1773385597.462241351] [local_costmap.local_costmap]: KeepoutFilter: New filter mask arrived from /keepout_filter_mask topic. Updating old filter mask.
[planner_server-12] [WARN] [1773385597.472563048] [global_costmap.global_costmap]: KeepoutFilter: New filter mask arrived from /keepout_filter_mask topic. Updating old filter mask.
[controller_server-10] [INFO] [1773385597.647370723] [controller_server]: Received a goal, begin computing control effort.
[controller_server-10] [INFO] [1773385597.847879396] [controller_server]: Passing new path to controller.
[controller_server-10] [INFO] [1773385597.947785203] [controller_server]: Passing new path to controller.
[controller_server-10] [INFO] [1773385598.247824906] [controller_server]: Passing new path to controller.
[controller_server-10] [INFO] [1773385598.347785837] [controller_server]: Passing new path to controller.
[delivery_robot_main_controller-20] [0m[INFO] [1773385598.424301435] [main_controller_node]: State change: STANDBY -> MOVE[0m
[delivery_robot_main_controller-20] [0m[INFO] [1773385598.445749509] [main_controller_node]: Robot is MOVING.[0m
[controller_server-10] [INFO] [1773385598.447787599] [controller_server]: Passing new path to controller.
[controller_server-10] [INFO] [1773385598.647794332] [controller_server]: Passing new path to controller.
[controller_server-10] [INFO] [1773385598.847790274] [controller_server]: Passing new path to controller.
[controller_server-10] [INFO] [1773385598.947780370] [controller_server]: Passing new path to controller.
[controller_server-10] [INFO] [1773385599.047781841] [controller_server]: Passing new path to controller.
[controller_server-10] [INFO] [1773385599.147807227] [controller_server]: Passing new path to controller.
[controller_server-10] [INFO] [1773385599.347785961] [controller_server]: Passing new path to controller.
[controller_server-10] [INFO] [1773385599.447780724] [controller_server]: Passing new path to controller.
[controller_server-10] [INFO] [1773385599.547785403] [controller_server]: Passing new path to controller.
[controller_server-10] [INFO] [1773385599.647773749] [controller_server]: Passing new path to controller.
[controller_server-10] [INFO] [1773385599.847783399] [controller_server]: Passing new path to controller.
[controller_server-10] [INFO] [1773385599.947781078] [controller_server]: Passing new path to controller.
[controller_server-10] [INFO] [1773385600.047781674] [controller_server]: Passing new path to controller.
[controller_server-10] [INFO] [1773385600.247784032] [controller_server]: Passing new path to controller.
[controller_server-10] [INFO] [1773385600.347783170] [controller_server]: Passing new path to controller.
[controller_server-10] [INFO] [1773385600.447780557] [controller_server]: Passing new path to controller.
[controller_server-10] [INFO] [1773385600.647779124] [controller_server]: Passing new path to controller.
[controller_server-10] [INFO] [1773385600.747786428] [controller_server]: Passing new path to controller.
[controller_server-10] [INFO] [1773385600.847782941] [controller_server]: Passing new path to controller.
[controller_server-10] [INFO] [1773385600.947783828] [controller_server]: Passing new path to controller.
[controller_server-10] [INFO] [1773385601.147782686] [controller_server]: Passing new path to controller.
[controller_server-10] [INFO] [1773385601.247782991] [controller_server]: Passing new path to controller.
[controller_server-10] [INFO] [1773385601.347778628] [controller_server]: Passing new path to controller.
[controller_server-10] [INFO] [1773385601.447780099] [controller_server]: Passing new path to controller.
[controller_server-10] [INFO] [1773385601.647782165] [controller_server]: Passing new path to controller.
[controller_server-10] [INFO] [1773385601.747782761] [controller_server]: Passing new path to controller.
[controller_server-10] [INFO] [1773385601.847781899] [controller_server]: Passing new path to controller.
[controller_server-10] [INFO] [1773385602.047781632] [controller_server]: Passing new path to controller.
[controller_server-10] [INFO] [1773385602.147782811] [controller_server]: Passing new path to controller.
[controller_server-10] [INFO] [1773385602.247781657] [controller_server]: Passing new path to controller.
[controller_server-10] [INFO] [1773385602.347861000] [controller_server]: Passing new path to controller.
[controller_server-10] [INFO] [1773385602.547779361] [controller_server]: Passing new path to controller.
[controller_server-10] [INFO] [1773385602.647780540] [controller_server]: Passing new path to controller.
[controller_server-10] [INFO] [1773385602.747815260] [controller_server]: Passing new path to controller.
[controller_server-10] [INFO] [1773385602.947812952] [controller_server]: Passing new path to controller.
[controller_server-10] [INFO] [1773385603.047811506] [controller_server]: Passing new path to controller.
[controller_server-10] [INFO] [1773385603.147795769] [controller_server]: Passing new path to controller.
[controller_server-10] [INFO] [1773385603.347779753] [controller_server]: Passing new path to controller.
[controller_server-10] [INFO] [1773385603.447786765] [controller_server]: Passing new path to controller.
[controller_server-10] [INFO] [1773385603.547781236] [controller_server]: Passing new path to controller.
[controller_server-10] [INFO] [1773385603.647778040] [controller_server]: Passing new path to controller.
[controller_server-10] [INFO] [1773385603.847783315] [controller_server]: Passing new path to controller.
[controller_server-10] [INFO] [1773385603.947782453] [controller_server]: Passing new path to controller.
[controller_server-10] [INFO] [1773385604.047811631] [controller_server]: Passing new path to controller.
[controller_server-10] [INFO] [1773385604.147788602] [controller_server]: Passing new path to controller.
[controller_server-10] [INFO] [1773385604.347786003] [controller_server]: Passing new path to controller.
[controller_server-10] [INFO] [1773385604.447783682] [controller_server]: Passing new path to controller.
[controller_server-10] [INFO] [1773385604.547810818] [controller_server]: Passing new path to controller.
[controller_server-10] [INFO] [1773385604.647783707] [controller_server]: Passing new path to controller.
[controller_server-10] [INFO] [1773385604.847782565] [controller_server]: Passing new path to controller.
[controller_server-10] [INFO] [1773385604.947779369] [controller_server]: Passing new path to controller.
[controller_server-10] [INFO] [1773385605.047781132] [controller_server]: Passing new path to controller.
[controller_server-10] [INFO] [1773385605.247780573] [controller_server]: Passing new path to controller.
[controller_server-10] [INFO] [1773385605.347779128] [controller_server]: Passing new path to controller.
[controller_server-10] [INFO] [1773385605.447791973] [controller_server]: Passing new path to controller.
[controller_server-10] [INFO] [1773385605.547775069] [controller_server]: Passing new path to controller.
[controller_server-10] [INFO] [1773385605.747788219] [controller_server]: Passing new path to controller.
[controller_server-10] [INFO] [1773385605.847784148] [controller_server]: Passing new path to controller.
[controller_server-10] [INFO] [1773385605.947817410] [controller_server]: Passing new path to controller.
[controller_server-10] [INFO] [1773385606.147815976] [controller_server]: Passing new path to controller.
[controller_server-10] [INFO] [1773385606.247814239] [controller_server]: Passing new path to controller.
[controller_server-10] [INFO] [1773385606.347813668] [controller_server]: Passing new path to controller.
[controller_server-10] [INFO] [1773385606.447781015] [controller_server]: Passing new path to controller.
[controller_server-10] [INFO] [1773385606.647784540] [controller_server]: Passing new path to controller.
[controller_server-10] [INFO] [1773385606.747862716] [controller_server]: Passing new path to controller.
[controller_server-10] [INFO] [1773385606.847847271] [controller_server]: Passing new path to controller.
[controller_server-10] [INFO] [1773385606.947832992] [controller_server]: Passing new path to controller.
[controller_server-10] [INFO] [1773385607.147811143] [controller_server]: Passing new path to controller.
[controller_server-10] [INFO] [1773385607.247812322] [controller_server]: Passing new path to controller.
[controller_server-10] [INFO] [1773385607.347812335] [controller_server]: Passing new path to controller.
[controller_server-10] [INFO] [1773385607.447811472] [controller_server]: Passing new path to controller.
[controller_server-10] [INFO] [1773385607.547829276] [controller_server]: Passing new path to controller.
[controller_server-10] [INFO] [1773385607.747781761] [controller_server]: Passing new path to controller.
[controller_server-10] [INFO] [1773385607.847788773] [controller_server]: Passing new path to controller.
[controller_server-10] [INFO] [1773385607.947784702] [controller_server]: Passing new path to controller.
[controller_server-10] [INFO] [1773385608.147779186] [controller_server]: Passing new path to controller.
[controller_server-10] [INFO] [1773385608.247813030] [controller_server]: Passing new path to controller.
[controller_server-10] [INFO] [1773385608.347811293] [controller_server]: Passing new path to controller.
[controller_server-10] [INFO] [1773385608.547880732] [controller_server]: Passing new path to controller.
[controller_server-10] [INFO] [1773385608.647812205] [controller_server]: Passing new path to controller.
[controller_server-10] [INFO] [1773385608.847881644] [controller_server]: Passing new path to controller.
[controller_server-10] [INFO] [1773385608.947819826] [controller_server]: Passing new path to controller.
[controller_server-10] [INFO] [1773385609.147821017] [controller_server]: Passing new path to controller.
[controller_server-10] [INFO] [1773385609.347823376] [controller_server]: Passing new path to controller.
[controller_server-10] [INFO] [1773385609.447780223] [controller_server]: Passing new path to controller.
[controller_server-10] [INFO] [1773385609.547779361] [controller_server]: Passing new path to controller.
[controller_server-10] [INFO] [1773385609.647758665] [controller_server]: Passing new path to controller.
[controller_server-10] [INFO] [1773385609.847779981] [controller_server]: Passing new path to controller.
[controller_server-10] [INFO] [1773385609.947780577] [controller_server]: Passing new path to controller.
[controller_server-10] [INFO] [1773385610.047780298] [controller_server]: Passing new path to controller.
[controller_server-10] [INFO] [1773385610.049531399] [controller_server]: Reached the goal!
[controller_server-10] [INFO] [1773385610.050465573] [controller_server]: Optimizer reset
[bt_navigator-14] [INFO] [1773385610.086242402] [bt_navigator]: Goal succeeded
[delivery_robot_main_controller-20] [0m[INFO] [1773385610.694752701] [main_controller_node]: Goal succeeded![0m
[delivery_robot_main_controller-20] [0m[INFO] [1773385610.695447425] [main_controller_node]: State change: MOVE -> AFTER_MOVE[0m
[delivery_robot_main_controller-20] [0m[INFO] [1773385610.704209930] [main_controller_node]: Evaluating post-move action...[0m
[delivery_robot_main_controller-20] [0m[INFO] [1773385610.704928862] [main_controller_node]: Post-move action is: Request[0m
[delivery_robot_main_controller-20] [0m[INFO] [1773385610.706521302] [main_controller_node]: Published message: "arrive_target"[0m
[delivery_robot_main_controller-20] [0m[INFO] [1773385610.736757839] [main_controller_node]: Successfully removed queue ID: 1931[0m
[delivery_robot_main_controller-20] [0m[INFO] [1773385610.737377024] [main_controller_node]: Waiting 15s for LOAD_IN command...[0m
[delivery_robot_main_controller-20] [0m[INFO] [1773385610.737984835] [main_controller_node]: State change: AFTER_MOVE -> STANDBY[0m
[delivery_robot_main_controller-20] [0m[INFO] [1773385610.749904223] [main_controller_node]: Robot is in STANDBY mode.[0m
[delivery_robot_main_controller-20] [0m[INFO] [1773385610.771579787] [main_controller_node]: Current state: STANDBY, dock_state IDLE, charge_state NOT_CHARGE[0m
[delivery_robot_main_controller-20] [0m[INFO] [1773385610.844797051] [main_controller_node]: Enter to wait_for_load_in_loop and wait for timeout...in 14.893353462219238 seconds[0m
[robot_sound-21] [0m[INFO] [1773385611.039682017] [robot_sound_node]: 🔔 Received sound command: arrive_target[0m
[robot_sound-21] Simple mixer control 'PCM',0
[robot_sound-21]   Capabilities: pvolume pswitch pswitch-joined
[robot_sound-21]   Playback channels: Front Left - Front Right
[robot_sound-21]   Limits: Playback 0 - 147
[robot_sound-21]   Mono:
[robot_sound-21]   Front Left: Playback 147 [100%] [-0.94dB] [on]
[robot_sound-21]   Front Right: Playback 147 [100%] [-0.94dB] [on]
[robot_sound-21] [0m[INFO] [1773385611.071257545] [robot_sound_node]: 🔊 Playing sound: /home/smr/workspaces/mini_amr/amrROS2_ws/sounds/robot_target.wav[0m
[robot_sound-21] Playing WAVE '/home/smr/workspaces/mini_amr/amrROS2_ws/sounds/robot_target.wav' : Signed 16 bit Little Endian, Rate 44100 Hz, Mono
[delivery_robot_main_controller-20] [0m[INFO] [1773385611.291709056] [main_controller_node]: Current state: STANDBY, dock_state IDLE, charge_state NOT_CHARGE[0m
[delivery_robot_main_controller-20] [0m[INFO] [1773385611.358345690] [main_controller_node]: Enter to wait_for_load_in_loop and wait for timeout...in 14.379722595214844 seconds[0m
[call_robot_button-22] 2026-03-13 14:06:51 mosquitto_pub -u smr -P smrbot25 -m "Production1,false" -t "Rsp" -r
[call_robot_button-22] [0m[INFO] [1773385611.592260614] [call_robot_button_node]: call_switch notified: station=Production1 status=false.[0m
[delivery_robot_main_controller-20] [0m[INFO] [1773385612.288005736] [main_controller_node]: Current state: STANDBY, dock_state IDLE, charge_state NOT_CHARGE[0m
[delivery_robot_main_controller-20] [0m[INFO] [1773385613.282832179] [main_controller_node]: Current state: STANDBY, dock_state IDLE, charge_state NOT_CHARGE[0m
[delivery_robot_main_controller-20] [0m[INFO] [1773385613.390093837] [main_controller_node]: Enter to wait_for_load_in_loop and wait for timeout...in 12.34795069694519 seconds[0m
[delivery_robot_main_controller-20] [0m[INFO] [1773385614.359654724] [main_controller_node]: Current state: STANDBY, dock_state IDLE, charge_state NOT_CHARGE[0m
[delivery_robot_main_controller-20] [0m[INFO] [1773385615.292896303] [main_controller_node]: Current state: STANDBY, dock_state IDLE, charge_state NOT_CHARGE[0m
[delivery_robot_main_controller-20] [0m[INFO] [1773385615.381379121] [main_controller_node]: Enter to wait_for_load_in_loop and wait for timeout...in 10.357834577560425 seconds[0m
[delivery_robot_main_controller-20] [0m[INFO] [1773385616.303745147] [main_controller_node]: Current state: STANDBY, dock_state IDLE, charge_state NOT_CHARGE[0m
[delivery_robot_main_controller-20] [0m[INFO] [1773385617.281080119] [main_controller_node]: Current state: STANDBY, dock_state IDLE, charge_state NOT_CHARGE[0m
[delivery_robot_main_controller-20] [0m[INFO] [1773385617.366795707] [main_controller_node]: Enter to wait_for_load_in_loop and wait for timeout...in 8.371288537979126 seconds[0m
[delivery_robot_main_controller-20] [0m[INFO] [1773385618.280685050] [main_controller_node]: Current state: STANDBY, dock_state IDLE, charge_state NOT_CHARGE[0m
[delivery_robot_main_controller-20] [0m[INFO] [1773385619.299136194] [main_controller_node]: Current state: STANDBY, dock_state IDLE, charge_state NOT_CHARGE[0m
[delivery_robot_main_controller-20] [0m[INFO] [1773385619.372181089] [main_controller_node]: Enter to wait_for_load_in_loop and wait for timeout...in 6.365869760513306 seconds[0m
[delivery_robot_main_controller-20] [0m[INFO] [1773385620.303862892] [main_controller_node]: Current state: STANDBY, dock_state IDLE, charge_state NOT_CHARGE[0m
[delivery_robot_main_controller-20] [0m[INFO] [1773385621.324869815] [main_controller_node]: Current state: STANDBY, dock_state IDLE, charge_state NOT_CHARGE[0m
[delivery_robot_main_controller-20] [0m[INFO] [1773385621.395729042] [main_controller_node]: Enter to wait_for_load_in_loop and wait for timeout...in 4.343737840652466 seconds[0m
[call_robot_button-22] 2026-03-13 14:07:01 mosquitto_pub -u smr -P smrbot25 -m "Production2,true" -t "Rsp" -r
[call_robot_button-22] [0m[INFO] [1773385621.585440618] [call_robot_button_node]: call_switch notified: station=Production2 status=true.[0m
[delivery_robot_main_controller-20] [0m[INFO] [1773385622.280584345] [main_controller_node]: Current state: STANDBY, dock_state IDLE, charge_state NOT_CHARGE[0m
[delivery_robot_main_controller-20] [0m[INFO] [1773385623.280202401] [main_controller_node]: Current state: STANDBY, dock_state IDLE, charge_state NOT_CHARGE[0m
[delivery_robot_main_controller-20] [0m[INFO] [1773385623.344676991] [main_controller_node]: Enter to wait_for_load_in_loop and wait for timeout...in 2.3933238983154297 seconds[0m
[delivery_robot_main_controller-20] [0m[INFO] [1773385624.277225012] [main_controller_node]: Current state: STANDBY, dock_state IDLE, charge_state NOT_CHARGE[0m
[delivery_robot_main_controller-20] [0m[INFO] [1773385625.308932494] [main_controller_node]: Current state: STANDBY, dock_state IDLE, charge_state NOT_CHARGE[0m
[delivery_robot_main_controller-20] [0m[INFO] [1773385625.435712922] [main_controller_node]: Enter to wait_for_load_in_loop and wait for timeout...in 0.3037397861480713 seconds[0m
[delivery_robot_main_controller-20] [0m[INFO] [1773385626.344449291] [main_controller_node]: Current state: STANDBY, dock_state IDLE, charge_state NOT_CHARGE[0m
[delivery_robot_main_controller-20] [0m[INFO] [1773385627.305081138] [main_controller_node]: Current state: STANDBY, dock_state IDLE, charge_state NOT_CHARGE[0m
[delivery_robot_main_controller-20] [0m[INFO] [1773385627.354693242] [main_controller_node]: 1 pending queues [0m
[delivery_robot_main_controller-20] [0m[INFO] [1773385627.355694788] [main_controller_node]: Queue action: Request[0m
[delivery_robot_main_controller-20] [0m[INFO] [1773385627.419742102] [main_controller_node]: AGV start_pos: x=3.29, y=-0.67[0m
[delivery_robot_main_controller-20] [0m[INFO] [1773385627.422531206] [main_controller_node]: AGV goal_pos: x=0.16, y=3.61[0m
[delivery_robot_main_controller-20] Graph before shortest_path: Graph with 11 nodes and 10 edges
[delivery_robot_main_controller-20] [0m[INFO] [1773385627.448411572] [main_controller_node]: Computed AGV path waypoints:[0m
[delivery_robot_main_controller-20] [0m[INFO] [1773385627.449186502] [main_controller_node]:   Waypoint 0: x=3.29, y=-0.67[0m
[delivery_robot_main_controller-20] [0m[INFO] [1773385627.449906308] [main_controller_node]:   Waypoint 1: x=1.99, y=-1.51[0m
[delivery_robot_main_controller-20] [0m[INFO] [1773385627.450598699] [main_controller_node]:   Waypoint 2: x=0.39, y=0.04[0m
[delivery_robot_main_controller-20] [0m[INFO] [1773385627.451250258] [main_controller_node]:   Waypoint 3: x=0.16, y=3.61[0m
[delivery_robot_main_controller-20] [0m[INFO] [1773385627.456146283] [main_controller_node]: Navigating with 4 goals....[0m
[bt_navigator-14] [INFO] [1773385627.457060916] [bt_navigator]: Begin navigating from current location through 4 poses to (0.16, 3.61)
[controller_server-10] [INFO] [1773385627.457412653] [local_costmap.local_costmap]: Received request to clear entirely the local_costmap
[controller_server-10] [INFO] [1773385627.465443686] [local_costmap.local_costmap]: KeepoutFilter: Subscribing to "/keepout_costmap_filter_info" topic for filter info...
[planner_server-12] [INFO] [1773385627.472862533] [global_costmap.global_costmap]: Received request to clear entirely the global_costmap
[controller_server-10] [INFO] [1773385627.478178251] [local_costmap.local_costmap]: KeepoutFilter: Received filter info from /keepout_costmap_filter_info topic.
[controller_server-10] [INFO] [1773385627.478432867] [local_costmap.local_costmap]: KeepoutFilter: Subscribing to "/keepout_filter_mask" topic for filter mask...
[planner_server-12] [INFO] [1773385627.484508348] [global_costmap.global_costmap]: KeepoutFilter: Subscribing to "/keepout_costmap_filter_info" topic for filter info...
[planner_server-12] [INFO] [1773385627.496362113] [global_costmap.global_costmap]: KeepoutFilter: Received filter info from /keepout_costmap_filter_info topic.
[planner_server-12] [INFO] [1773385627.497386992] [global_costmap.global_costmap]: KeepoutFilter: Subscribing to "/keepout_filter_mask" topic for filter mask...
[controller_server-10] [WARN] [1773385627.502085858] [local_costmap.local_costmap]: KeepoutFilter: New filter mask arrived from /keepout_filter_mask topic. Updating old filter mask.
[planner_server-12] [WARN] [1773385627.527476242] [global_costmap.global_costmap]: KeepoutFilter: New filter mask arrived from /keepout_filter_mask topic. Updating old filter mask.
[call_robot_button-22] 2026-03-13 14:07:07 mosquitto_pub -u smr -P smrbot25 -m "Production2,blink" -t "Rsp" -r
[call_robot_button-22] [0m[INFO] [1773385627.594491154] [call_robot_button_node]: call_switch notified: station=Production2 status=blink.[0m
[controller_server-10] [INFO] [1773385627.685560667] [controller_server]: Received a goal, begin computing control effort.
[controller_server-10] [INFO] [1773385627.885925262] [controller_server]: Passing new path to controller.
[controller_server-10] [INFO] [1773385627.985935774] [controller_server]: Passing new path to controller.
[controller_server-10] [INFO] [1773385628.185922674] [controller_server]: Passing new path to controller.
[controller_server-10] [INFO] [1773385628.385927657] [controller_server]: Passing new path to controller.
[controller_server-10] [INFO] [1773385628.485919795] [controller_server]: Passing new path to controller.
[delivery_robot_main_controller-20] [0m[INFO] [1773385628.560641128] [main_controller_node]: State change: STANDBY -> MOVE[0m
[delivery_robot_main_controller-20] [0m[INFO] [1773385628.583059248] [main_controller_node]: Robot is MOVING.[0m
[controller_server-10] [INFO] [1773385628.685994776] [controller_server]: Passing new path to controller.
[controller_server-10] [INFO] [1773385628.785962123] [controller_server]: Passing new path to controller.
[controller_server-10] [INFO] [1773385628.986072394] [controller_server]: Passing new path to controller.
[controller_server-10] [INFO] [1773385629.185937674] [controller_server]: Passing new path to controller.
[controller_server-10] [INFO] [1773385629.386004779] [controller_server]: Passing new path to controller.
[controller_server-10] [INFO] [1773385629.485947627] [controller_server]: Passing new path to controller.
[controller_server-10] [INFO] [1773385629.685918195] [controller_server]: Passing new path to controller.
[controller_server-10] [INFO] [1773385629.785936582] [controller_server]: Passing new path to controller.
[controller_server-10] [INFO] [1773385629.985924941] [controller_server]: Passing new path to controller.
[controller_server-10] [INFO] [1773385630.085922328] [controller_server]: Passing new path to controller.
[controller_server-10] [INFO] [1773385630.185915633] [controller_server]: Passing new path to controller.
[controller_server-10] [INFO] [1773385630.385921491] [controller_server]: Passing new path to controller.
[controller_server-10] [INFO] [1773385630.485910712] [controller_server]: Passing new path to controller.
[controller_server-10] [INFO] [1773385630.585921224] [controller_server]: Passing new path to controller.
[controller_server-10] [INFO] [1773385630.785955373] [controller_server]: Passing new path to controller.
[controller_server-10] [INFO] [1773385630.885945469] [controller_server]: Passing new path to controller.
[controller_server-10] [INFO] [1773385630.985925649] [controller_server]: Passing new path to controller.
[controller_server-10] [INFO] [1773385631.185918383] [controller_server]: Passing new path to controller.
[controller_server-10] [INFO] [1773385631.285914312] [controller_server]: Passing new path to controller.
[controller_server-10] [INFO] [1773385631.385921907] [controller_server]: Passing new path to controller.
[controller_server-10] [INFO] [1773385631.485905295] [controller_server]: Passing new path to controller.
[controller_server-10] [INFO] [1773385631.687416972] [controller_server]: Passing new path to controller.
[controller_server-10] [INFO] [1773385631.786068660] [controller_server]: Passing new path to controller.
[controller_server-10] [INFO] [1773385631.885952594] [controller_server]: Passing new path to controller.
[controller_server-10] [INFO] [1773385631.985956106] [controller_server]: Passing new path to controller.
[controller_server-10] [INFO] [1773385632.185955256] [controller_server]: Passing new path to controller.
[controller_server-10] [INFO] [1773385632.285908895] [controller_server]: Passing new path to controller.
[controller_server-10] [INFO] [1773385632.385914158] [controller_server]: Passing new path to controller.
[controller_server-10] [INFO] [1773385632.585952973] [controller_server]: Passing new path to controller.
[controller_server-10] [INFO] [1773385632.685949194] [controller_server]: Passing new path to controller.
[controller_server-10] [INFO] [1773385632.785954164] [controller_server]: Passing new path to controller.
[controller_server-10] [INFO] [1773385632.885911303] [controller_server]: Passing new path to controller.
[controller_server-10] [INFO] [1773385633.085918620] [controller_server]: Passing new path to controller.
[controller_server-10] [INFO] [1773385633.185919216] [controller_server]: Passing new path to controller.
[controller_server-10] [INFO] [1773385633.285913103] [controller_server]: Passing new path to controller.
[controller_server-10] [INFO] [1773385633.485944627] [controller_server]: Passing new path to controller.
[controller_server-10] [INFO] [1773385633.685959818] [controller_server]: Passing new path to controller.
[controller_server-10] [INFO] [1773385633.785927457] [controller_server]: Passing new path to controller.
[controller_server-10] [INFO] [1773385633.985921065] [controller_server]: Passing new path to controller.
[controller_server-10] [INFO] [1773385634.185920507] [controller_server]: Passing new path to controller.
[controller_server-10] [INFO] [1773385634.285909437] [controller_server]: Passing new path to controller.
[controller_server-10] [INFO] [1773385634.485914128] [controller_server]: Passing new path to controller.
[controller_server-10] [INFO] [1773385634.585956431] [controller_server]: Passing new path to controller.
[controller_server-10] [INFO] [1773385634.685947985] [controller_server]: Passing new path to controller.
[controller_server-10] [INFO] [1773385634.785951498] [controller_server]: Passing new path to controller.
[controller_server-10] [INFO] [1773385634.985962314] [controller_server]: Passing new path to controller.
[controller_server-10] [INFO] [1773385635.086004033] [controller_server]: Passing new path to controller.
[controller_server-10] [INFO] [1773385635.185953589] [controller_server]: Passing new path to controller.
[controller_server-10] [INFO] [1773385635.285928227] [controller_server]: Passing new path to controller.
[controller_server-10] [INFO] [1773385635.485926503] [controller_server]: Passing new path to controller.
[controller_server-10] [INFO] [1773385635.585921265] [controller_server]: Passing new path to controller.
[controller_server-10] [INFO] [1773385635.685910195] [controller_server]: Passing new path to controller.
[controller_server-10] [INFO] [1773385635.785914290] [controller_server]: Passing new path to controller.
[controller_server-10] [INFO] [1773385635.985916940] [controller_server]: Passing new path to controller.
[controller_server-10] [INFO] [1773385636.085911703] [controller_server]: Passing new path to controller.
[controller_server-10] [INFO] [1773385636.185917257] [controller_server]: Passing new path to controller.
[controller_server-10] [INFO] [1773385636.385925448] [controller_server]: Passing new path to controller.
[controller_server-10] [INFO] [1773385636.388832090] [controller_server]: Optimizer reset
[controller_server-10] [INFO] [1773385636.390269078] [controller_server]: Optimizer reset
[controller_server-10] [WARN] [1773385636.390402364] [controller_server]: Optimizer fail to compute path
[controller_server-10] [INFO] [1773385636.485913211] [controller_server]: Passing new path to controller.
[controller_server-10] [INFO] [1773385636.585922557] [controller_server]: Passing new path to controller.
[controller_server-10] [INFO] [1773385636.587982230] [controller_server]: Optimizer reset
[controller_server-10] [INFO] [1773385636.589483965] [controller_server]: Optimizer reset
[controller_server-10] [WARN] [1773385636.589649917] [controller_server]: Optimizer fail to compute path
[controller_server-10] [INFO] [1773385636.687586757] [controller_server]: Optimizer reset
[controller_server-10] [INFO] [1773385636.689022578] [controller_server]: Optimizer reset
[controller_server-10] [WARN] [1773385636.689142157] [controller_server]: Optimizer fail to compute path
[controller_server-10] [INFO] [1773385636.785920540] [controller_server]: Passing new path to controller.
[controller_server-10] [INFO] [1773385636.885912678] [controller_server]: Passing new path to controller.
[controller_server-10] [INFO] [1773385636.985920565] [controller_server]: Passing new path to controller.
[controller_server-10] [INFO] [1773385637.085914161] [controller_server]: Passing new path to controller.
[controller_server-10] [INFO] [1773385637.285916228] [controller_server]: Passing new path to controller.
[controller_server-10] [INFO] [1773385637.385918282] [controller_server]: Passing new path to controller.
[controller_server-10] [INFO] [1773385637.388927586] [controller_server]: Optimizer reset
[controller_server-10] [INFO] [1773385637.390368657] [controller_server]: Optimizer reset
[controller_server-10] [WARN] [1773385637.390480945] [controller_server]: Optimizer fail to compute path
[controller_server-10] [INFO] [1773385637.485911295] [controller_server]: Passing new path to controller.
[controller_server-10] [INFO] [1773385637.585917432] [controller_server]: Passing new path to controller.
[controller_server-10] [INFO] [1773385637.785919207] [controller_server]: Passing new path to controller.
[controller_server-10] [INFO] [1773385637.885918344] [controller_server]: Passing new path to controller.
[controller_server-10] [INFO] [1773385637.985952189] [controller_server]: Passing new path to controller.
[controller_server-10] [INFO] [1773385638.186446570] [controller_server]: Passing new path to controller.
[controller_server-10] [INFO] [1773385638.285914603] [controller_server]: Passing new path to controller.
[controller_server-10] [INFO] [1773385638.385914615] [controller_server]: Passing new path to controller.
[controller_server-10] [INFO] [1773385638.485916378] [controller_server]: Passing new path to controller.
[controller_server-10] [INFO] [1773385638.685950818] [controller_server]: Passing new path to controller.
[controller_server-10] [INFO] [1773385638.785934206] [controller_server]: Passing new path to controller.
[controller_server-10] [INFO] [1773385638.985960188] [controller_server]: Passing new path to controller.
[controller_server-10] [INFO] [1773385639.085937743] [controller_server]: Passing new path to controller.
[controller_server-10] [INFO] [1773385639.185924048] [controller_server]: Passing new path to controller.
[controller_server-10] [INFO] [1773385639.285913853] [controller_server]: Passing new path to controller.
[controller_server-10] [INFO] [1773385639.485945085] [controller_server]: Passing new path to controller.
[controller_server-10] [INFO] [1773385639.585959097] [controller_server]: Passing new path to controller.
[controller_server-10] [INFO] [1773385639.685943360] [controller_server]: Passing new path to controller.
[controller_server-10] [INFO] [1773385639.785943372] [controller_server]: Passing new path to controller.
[controller_server-10] [INFO] [1773385639.985920648] [controller_server]: Passing new path to controller.
[controller_server-10] [INFO] [1773385640.085916286] [controller_server]: Passing new path to controller.
[controller_server-10] [INFO] [1773385640.185918340] [controller_server]: Passing new path to controller.
[controller_server-10] [INFO] [1773385640.385959488] [controller_server]: Passing new path to controller.
[controller_server-10] [INFO] [1773385640.485921294] [controller_server]: Passing new path to controller.
[controller_server-10] [INFO] [1773385640.585907015] [controller_server]: Passing new path to controller.
[controller_server-10] [INFO] [1773385640.685937068] [controller_server]: Passing new path to controller.
[controller_server-10] [INFO] [1773385640.885918427] [controller_server]: Passing new path to controller.
[controller_server-10] [INFO] [1773385640.985914357] [controller_server]: Passing new path to controller.
[controller_server-10] [INFO] [1773385641.085915244] [controller_server]: Passing new path to controller.
[controller_server-10] [INFO] [1773385641.285910894] [controller_server]: Passing new path to controller.
[controller_server-10] [INFO] [1773385641.385954363] [controller_server]: Passing new path to controller.
[controller_server-10] [INFO] [1773385641.485946501] [controller_server]: Passing new path to controller.
[controller_server-10] [INFO] [1773385641.585944764] [controller_server]: Passing new path to controller.
[controller_server-10] [INFO] [1773385641.785961996] [controller_server]: Passing new path to controller.
[controller_server-10] [INFO] [1773385641.885943926] [controller_server]: Passing new path to controller.
[controller_server-10] [INFO] [1773385641.985953855] [controller_server]: Passing new path to controller.
[controller_server-10] [INFO] [1773385642.185925881] [controller_server]: Passing new path to controller.
[controller_server-10] [INFO] [1773385642.285907227] [controller_server]: Passing new path to controller.
[controller_server-10] [INFO] [1773385642.385915698] [controller_server]: Passing new path to controller.
[controller_server-10] [INFO] [1773385642.485905794] [controller_server]: Passing new path to controller.
[controller_server-10] [INFO] [1773385642.685920985] [controller_server]: Passing new path to controller.
[controller_server-10] [INFO] [1773385642.785924206] [controller_server]: Passing new path to controller.
[controller_server-10] [INFO] [1773385642.885922468] [controller_server]: Passing new path to controller.
[controller_server-10] [INFO] [1773385643.085926577] [controller_server]: Passing new path to controller.
[controller_server-10] [INFO] [1773385643.185913173] [controller_server]: Passing new path to controller.
[controller_server-10] [INFO] [1773385643.285910852] [controller_server]: Passing new path to controller.
[controller_server-10] [INFO] [1773385643.385915531] [controller_server]: Passing new path to controller.
[controller_server-10] [INFO] [1773385643.585927222] [controller_server]: Passing new path to controller.
[controller_server-10] [INFO] [1773385643.685913819] [controller_server]: Passing new path to controller.
[controller_server-10] [INFO] [1773385643.785917623] [controller_server]: Passing new path to controller.
[controller_server-10] [INFO] [1773385643.985915023] [controller_server]: Passing new path to controller.
[controller_server-10] [INFO] [1773385644.085920577] [controller_server]: Passing new path to controller.
[controller_server-10] [INFO] [1773385644.185923214] [controller_server]: Passing new path to controller.
[controller_server-10] [INFO] [1773385644.285910685] [controller_server]: Passing new path to controller.
[controller_server-10] [INFO] [1773385644.485920627] [controller_server]: Passing new path to controller.
[controller_server-10] [INFO] [1773385644.685910152] [controller_server]: Passing new path to controller.
[controller_server-10] [INFO] [1773385644.785917748] [controller_server]: Passing new path to controller.
[controller_server-10] [INFO] [1773385644.985918356] [controller_server]: Passing new path to controller.
[controller_server-10] [INFO] [1773385645.085910785] [controller_server]: Passing new path to controller.
[controller_server-10] [INFO] [1773385645.185918381] [controller_server]: Passing new path to controller.
[controller_server-10] [INFO] [1773385645.285913727] [controller_server]: Passing new path to controller.
[controller_server-10] [INFO] [1773385645.485912877] [controller_server]: Passing new path to controller.
[controller_server-10] [INFO] [1773385645.585915514] [controller_server]: Passing new path to controller.
[controller_server-10] [INFO] [1773385645.685914068] [controller_server]: Passing new path to controller.
[controller_server-10] [INFO] [1773385645.785913206] [controller_server]: Passing new path to controller.
[controller_server-10] [INFO] [1773385645.985924022] [controller_server]: Passing new path to controller.
[planner_server-12] [WARN] [1773385646.028009949] [planner_server]: GridBased plugin failed to plan from (0.46, 3.33) to (0.16, 3.61): "no valid path found"
[planner_server-12] [WARN] [1773385646.028120778] [planner_server]: [compute_path_through_poses] [ActionServer] Aborting handle.
[planner_server-12] [INFO] [1773385646.043687322] [global_costmap.global_costmap]: Received request to clear entirely the global_costmap
[planner_server-12] [INFO] [1773385646.050846887] [global_costmap.global_costmap]: KeepoutFilter: Subscribing to "/keepout_costmap_filter_info" topic for filter info...
[planner_server-12] [INFO] [1773385646.057627592] [global_costmap.global_costmap]: KeepoutFilter: Received filter info from /keepout_costmap_filter_info topic.
[planner_server-12] [INFO] [1773385646.057753004] [global_costmap.global_costmap]: KeepoutFilter: Subscribing to "/keepout_filter_mask" topic for filter mask...
[planner_server-12] [WARN] [1773385646.070293911] [global_costmap.global_costmap]: KeepoutFilter: New filter mask arrived from /keepout_filter_mask topic. Updating old filter mask.
[planner_server-12] [WARN] [1773385646.627876154] [planner_server]: Planner loop missed its desired rate of 5.0000 Hz. Current loop rate is 1.7812 Hz
[controller_server-10] [INFO] [1773385646.685914193] [controller_server]: Passing new path to controller.
[controller_server-10] [INFO] [1773385646.785924997] [controller_server]: Passing new path to controller.
[controller_server-10] [INFO] [1773385646.985913356] [controller_server]: Passing new path to controller.
[controller_server-10] [INFO] [1773385647.085922701] [controller_server]: Passing new path to controller.
[controller_server-10] [INFO] [1773385647.185922422] [controller_server]: Passing new path to controller.
[controller_server-10] [INFO] [1773385647.285909602] [controller_server]: Passing new path to controller.
[controller_server-10] [INFO] [1773385647.485912835] [controller_server]: Passing new path to controller.
[controller_server-10] [INFO] [1773385647.585987220] [controller_server]: Passing new path to controller.
[controller_server-10] [INFO] [1773385647.685952525] [controller_server]: Passing new path to controller.
[controller_server-10] [INFO] [1773385647.785923372] [controller_server]: Passing new path to controller.
[controller_server-10] [INFO] [1773385647.985934188] [controller_server]: Passing new path to controller.
[controller_server-10] [INFO] [1773385648.085916993] [controller_server]: Passing new path to controller.
[controller_server-10] [INFO] [1773385648.186009752] [controller_server]: Passing new path to controller.
[controller_server-10] [INFO] [1773385648.286045930] [controller_server]: Passing new path to controller.
[controller_server-10] [INFO] [1773385648.485942417] [controller_server]: Passing new path to controller.
[controller_server-10] [INFO] [1773385648.685918235] [controller_server]: Passing new path to controller.
[controller_server-10] [INFO] [1773385648.786196195] [controller_server]: Passing new path to controller.
[controller_server-10] [INFO] [1773385648.796005453] [controller_server]: Reached the goal!
[controller_server-10] [INFO] [1773385648.798672062] [controller_server]: Optimizer reset
[bt_navigator-14] [INFO] [1773385648.834362562] [bt_navigator]: Goal succeeded
[delivery_robot_main_controller-20] [0m[INFO] [1773385649.423050184] [main_controller_node]: Goal succeeded![0m
[delivery_robot_main_controller-20] [0m[INFO] [1773385649.426435141] [main_controller_node]: State change: MOVE -> AFTER_MOVE[0m
[delivery_robot_main_controller-20] [0m[INFO] [1773385649.436654759] [main_controller_node]: Evaluating post-move action...[0m
[delivery_robot_main_controller-20] [0m[INFO] [1773385649.437223779] [main_controller_node]: Post-move action is: Request[0m
[delivery_robot_main_controller-20] [0m[INFO] [1773385649.437840340] [main_controller_node]: Published message: "arrive_target"[0m
[delivery_robot_main_controller-20] [0m[INFO] [1773385649.469953973] [main_controller_node]: Successfully removed queue ID: 1932[0m
[delivery_robot_main_controller-20] [0m[INFO] [1773385649.470587449] [main_controller_node]: Waiting 15s for LOAD_IN command...[0m
[delivery_robot_main_controller-20] [0m[INFO] [1773385649.471181844] [main_controller_node]: State change: AFTER_MOVE -> STANDBY[0m
[delivery_robot_main_controller-20] [0m[INFO] [1773385649.481952108] [main_controller_node]: Robot is in STANDBY mode.[0m
[delivery_robot_main_controller-20] [0m[INFO] [1773385649.505193864] [main_controller_node]: Current state: STANDBY, dock_state IDLE, charge_state NOT_CHARGE[0m
[delivery_robot_main_controller-20] [0m[INFO] [1773385649.588192679] [main_controller_node]: Enter to wait_for_load_in_loop and wait for timeout...in 14.883039951324463 seconds[0m
[call_robot_button-22] 2026-03-13 14:07:29 mosquitto_pub -u smr -P smrbot25 -m "Production2,false" -t "Rsp" -r
[call_robot_button-22] [0m[INFO] [1773385649.641143075] [call_robot_button_node]: call_switch notified: station=Production2 status=false.[0m
[robot_sound-21] [0m[INFO] [1773385649.677204852] [robot_sound_node]: 🔔 Received sound command: arrive_target[0m
[robot_sound-21] Simple mixer control 'PCM',0
[robot_sound-21]   Capabilities: pvolume pswitch pswitch-joined
[robot_sound-21]   Playback channels: Front Left - Front Right
[robot_sound-21]   Limits: Playback 0 - 147
[robot_sound-21]   Mono:
[robot_sound-21]   Front Left: Playback 147 [100%] [-0.94dB] [on]
[robot_sound-21]   Front Right: Playback 147 [100%] [-0.94dB] [on]
[robot_sound-21] [0m[INFO] [1773385649.710534981] [robot_sound_node]: 🔊 Playing sound: /home/smr/workspaces/mini_amr/amrROS2_ws/sounds/robot_target.wav[0m
[robot_sound-21] Playing WAVE '/home/smr/workspaces/mini_amr/amrROS2_ws/sounds/robot_target.wav' : Signed 16 bit Little Endian, Rate 44100 Hz, Mono
[delivery_robot_main_controller-20] [0m[INFO] [1773385650.278938529] [main_controller_node]: Current state: STANDBY, dock_state IDLE, charge_state NOT_CHARGE[0m
[delivery_robot_main_controller-20] [0m[INFO] [1773385651.317258721] [main_controller_node]: Current state: STANDBY, dock_state IDLE, charge_state NOT_CHARGE[0m
[delivery_robot_main_controller-20] [0m[INFO] [1773385651.403205592] [main_controller_node]: Enter to wait_for_load_in_loop and wait for timeout...in 13.071485042572021 seconds[0m
[delivery_robot_main_controller-20] [0m[INFO] [1773385652.302823344] [main_controller_node]: Current state: STANDBY, dock_state IDLE, charge_state NOT_CHARGE[0m
[delivery_robot_main_controller-20] [0m[INFO] [1773385653.285943600] [main_controller_node]: Current state: STANDBY, dock_state IDLE, charge_state NOT_CHARGE[0m
[delivery_robot_main_controller-20] [0m[INFO] [1773385653.356869616] [main_controller_node]: Enter to wait_for_load_in_loop and wait for timeout...in 11.114347457885742 seconds[0m
[delivery_robot_main_controller-20] [0m[INFO] [1773385654.282535435] [main_controller_node]: Current state: STANDBY, dock_state IDLE, charge_state NOT_CHARGE[0m
[delivery_robot_main_controller-20] [0m[INFO] [1773385655.281485308] [main_controller_node]: Current state: STANDBY, dock_state IDLE, charge_state NOT_CHARGE[0m
[delivery_robot_main_controller-20] [0m[INFO] [1773385655.357892119] [main_controller_node]: Enter to wait_for_load_in_loop and wait for timeout...in 9.114596366882324 seconds[0m
[delivery_robot_main_controller-20] [0m[INFO] [1773385656.279542422] [main_controller_node]: Current state: STANDBY, dock_state IDLE, charge_state NOT_CHARGE[0m
[delivery_robot_main_controller-20] [0m[INFO] [1773385657.285587404] [main_controller_node]: Current state: STANDBY, dock_state IDLE, charge_state NOT_CHARGE[0m
[delivery_robot_main_controller-20] [0m[INFO] [1773385657.344992142] [main_controller_node]: Enter to wait_for_load_in_loop and wait for timeout...in 7.126214504241943 seconds[0m
[delivery_robot_main_controller-20] [0m[INFO] [1773385658.284047295] [main_controller_node]: Current state: STANDBY, dock_state IDLE, charge_state NOT_CHARGE[0m
[delivery_robot_main_controller-20] [0m[INFO] [1773385659.289716916] [main_controller_node]: Current state: STANDBY, dock_state IDLE, charge_state NOT_CHARGE[0m
[delivery_robot_main_controller-20] [0m[INFO] [1773385659.355473625] [main_controller_node]: Enter to wait_for_load_in_loop and wait for timeout...in 5.1157166957855225 seconds[0m
[delivery_robot_main_controller-20] [0m[INFO] [1773385660.306148052] [main_controller_node]: Current state: STANDBY, dock_state IDLE, charge_state NOT_CHARGE[0m
[delivery_robot_main_controller-20] [0m[INFO] [1773385661.330712592] [main_controller_node]: Current state: STANDBY, dock_state IDLE, charge_state NOT_CHARGE[0m
[delivery_robot_main_controller-20] [0m[INFO] [1773385661.429494942] [main_controller_node]: Enter to wait_for_load_in_loop and wait for timeout...in 3.046616315841675 seconds[0m
[call_robot_button-22] 2026-03-13 14:07:41 mosquitto_pub -u smr -P smrbot25 -m "Packing,true" -t "Rsp" -r
[call_robot_button-22] [0m[INFO] [1773385661.585640148] [call_robot_button_node]: call_switch notified: station=Packing status=true.[0m
[delivery_robot_main_controller-20] [0m[INFO] [1773385662.282599140] [main_controller_node]: Current state: STANDBY, dock_state IDLE, charge_state NOT_CHARGE[0m
[delivery_robot_main_controller-20] [0m[INFO] [1773385663.496657682] [main_controller_node]: Current state: STANDBY, dock_state IDLE, charge_state NOT_CHARGE[0m
[delivery_robot_main_controller-20] [0m[INFO] [1773385663.591813000] [main_controller_node]: Enter to wait_for_load_in_loop and wait for timeout...in 0.8794293403625488 seconds[0m
[delivery_robot_main_controller-20] [0m[INFO] [1773385664.290188273] [main_controller_node]: Current state: STANDBY, dock_state IDLE, charge_state NOT_CHARGE[0m
[delivery_robot_main_controller-20] [0m[INFO] [1773385665.278419213] [main_controller_node]: Current state: STANDBY, dock_state IDLE, charge_state NOT_CHARGE[0m
[delivery_robot_main_controller-20] [0m[INFO] [1773385665.361072707] [main_controller_node]: 1 pending queues [0m
[delivery_robot_main_controller-20] [0m[INFO] [1773385665.362065212] [main_controller_node]: Queue action: Request[0m
[delivery_robot_main_controller-20] [0m[INFO] [1773385665.419915425] [main_controller_node]: AGV start_pos: x=0.43, y=3.47[0m
[delivery_robot_main_controller-20] [0m[INFO] [1773385665.422050345] [main_controller_node]: AGV goal_pos: x=-0.32, y=-7.98[0m
[delivery_robot_main_controller-20] Graph before shortest_path: Graph with 11 nodes and 10 edges
[delivery_robot_main_controller-20] [0m[INFO] [1773385665.448880925] [main_controller_node]: Computed AGV path waypoints:[0m
[delivery_robot_main_controller-20] [0m[INFO] [1773385665.449632231] [main_controller_node]:   Waypoint 0: x=0.43, y=3.47[0m
[delivery_robot_main_controller-20] [0m[INFO] [1773385665.450427867] [main_controller_node]:   Waypoint 1: x=0.39, y=0.04[0m
[delivery_robot_main_controller-20] [0m[INFO] [1773385665.452444959] [main_controller_node]:   Waypoint 2: x=1.99, y=-1.51[0m
[delivery_robot_main_controller-20] [0m[INFO] [1773385665.453111975] [main_controller_node]:   Waypoint 3: x=2.11, y=-6.76[0m
[delivery_robot_main_controller-20] [0m[INFO] [1773385665.453737869] [main_controller_node]:   Waypoint 4: x=-0.34, y=-6.81[0m
[delivery_robot_main_controller-20] [0m[INFO] [1773385665.454343346] [main_controller_node]:   Waypoint 5: x=-0.32, y=-7.98[0m
[delivery_robot_main_controller-20] [0m[INFO] [1773385665.455631298] [main_controller_node]: Navigating with 6 goals....[0m
[bt_navigator-14] [INFO] [1773385665.456628761] [bt_navigator]: Begin navigating from current location through 6 poses to (-0.32, -7.98)
[controller_server-10] [INFO] [1773385665.457179990] [local_costmap.local_costmap]: Received request to clear entirely the local_costmap
[controller_server-10] [INFO] [1773385665.461960228] [local_costmap.local_costmap]: KeepoutFilter: Subscribing to "/keepout_costmap_filter_info" topic for filter info...
[controller_server-10] [INFO] [1773385665.465738337] [local_costmap.local_costmap]: KeepoutFilter: Received filter info from /keepout_costmap_filter_info topic.
[controller_server-10] [INFO] [1773385665.465885331] [local_costmap.local_costmap]: KeepoutFilter: Subscribing to "/keepout_filter_mask" topic for filter mask...
[planner_server-12] [INFO] [1773385665.466385521] [global_costmap.global_costmap]: Received request to clear entirely the global_costmap
[planner_server-12] [INFO] [1773385665.475945997] [global_costmap.global_costmap]: KeepoutFilter: Subscribing to "/keepout_costmap_filter_info" topic for filter info...
[planner_server-12] [INFO] [1773385665.487264282] [global_costmap.global_costmap]: KeepoutFilter: Received filter info from /keepout_costmap_filter_info topic.
[planner_server-12] [INFO] [1773385665.487533772] [global_costmap.global_costmap]: KeepoutFilter: Subscribing to "/keepout_filter_mask" topic for filter mask...
[controller_server-10] [WARN] [1773385665.500471622] [local_costmap.local_costmap]: KeepoutFilter: New filter mask arrived from /keepout_filter_mask topic. Updating old filter mask.
[planner_server-12] [WARN] [1773385665.513432804] [global_costmap.global_costmap]: KeepoutFilter: New filter mask arrived from /keepout_filter_mask topic. Updating old filter mask.
[call_robot_button-22] 2026-03-13 14:07:45 mosquitto_pub -u smr -P smrbot25 -m "Packing,blink" -t "Rsp" -r
[call_robot_button-22] [0m[INFO] [1773385665.589469796] [call_robot_button_node]: call_switch notified: station=Packing status=blink.[0m
[controller_server-10] [INFO] [1773385665.660325814] [controller_server]: Received a goal, begin computing control effort.
[controller_server-10] [INFO] [1773385665.860702075] [controller_server]: Passing new path to controller.
[controller_server-10] [INFO] [1773385665.960703837] [controller_server]: Passing new path to controller.
[controller_server-10] [INFO] [1773385666.160742944] [controller_server]: Passing new path to controller.
[controller_server-10] [INFO] [1773385666.360733636] [controller_server]: Passing new path to controller.
[controller_server-10] [INFO] [1773385666.460749690] [controller_server]: Passing new path to controller.
[delivery_robot_main_controller-20] [0m[INFO] [1773385666.663087044] [main_controller_node]: State change: STANDBY -> MOVE[0m
[delivery_robot_main_controller-20] [0m[INFO] [1773385666.681501606] [main_controller_node]: Robot is MOVING.[0m
[controller_server-10] [INFO] [1773385666.760798142] [controller_server]: Passing new path to controller.
[controller_server-10] [INFO] [1773385666.870063183] [controller_server]: Passing new path to controller.
[controller_server-10] [INFO] [1773385666.960744794] [controller_server]: Passing new path to controller.
[controller_server-10] [INFO] [1773385667.160866731] [controller_server]: Passing new path to controller.
[controller_server-10] [INFO] [1773385667.260715958] [controller_server]: Passing new path to controller.
[controller_server-10] [INFO] [1773385667.360715387] [controller_server]: Passing new path to controller.
[controller_server-10] [INFO] [1773385667.560707829] [controller_server]: Passing new path to controller.
[controller_server-10] [INFO] [1773385667.660705216] [controller_server]: Passing new path to controller.
[controller_server-10] [INFO] [1773385667.760714270] [controller_server]: Passing new path to controller.
[controller_server-10] [INFO] [1773385667.960703212] [controller_server]: Passing new path to controller.
[controller_server-10] [INFO] [1773385668.060735015] [controller_server]: Passing new path to controller.
[controller_server-10] [INFO] [1773385668.260705291] [controller_server]: Passing new path to controller.
[controller_server-10] [INFO] [1773385668.360702679] [controller_server]: Passing new path to controller.
[controller_server-10] [INFO] [1773385668.460700358] [controller_server]: Passing new path to controller.
[controller_server-10] [INFO] [1773385668.760698937] [controller_server]: Passing new path to controller.
[controller_server-10] [INFO] [1773385668.860702158] [controller_server]: Passing new path to controller.
[controller_server-10] [INFO] [1773385668.960699837] [controller_server]: Passing new path to controller.
[controller_server-10] [INFO] [1773385669.160703945] [controller_server]: Passing new path to controller.
[controller_server-10] [INFO] [1773385669.360701637] [controller_server]: Passing new path to controller.
[controller_server-10] [INFO] [1773385669.460733440] [controller_server]: Passing new path to controller.
[controller_server-10] [INFO] [1773385669.560736078] [controller_server]: Passing new path to controller.
[controller_server-10] [INFO] [1773385669.760735519] [controller_server]: Passing new path to controller.
[controller_server-10] [INFO] [1773385669.860792988] [controller_server]: Passing new path to controller.
[controller_server-10] [INFO] [1773385669.960706670] [controller_server]: Passing new path to controller.
[controller_server-10] [INFO] [1773385670.160710487] [controller_server]: Passing new path to controller.
[controller_server-10] [INFO] [1773385670.260701750] [controller_server]: Passing new path to controller.
[controller_server-10] [INFO] [1773385670.360702637] [controller_server]: Passing new path to controller.
[controller_server-10] [INFO] [1773385670.560698579] [controller_server]: Passing new path to controller.
[controller_server-10] [INFO] [1773385670.660700925] [controller_server]: Passing new path to controller.
[controller_server-10] [INFO] [1773385670.760702395] [controller_server]: Passing new path to controller.
[controller_server-10] [INFO] [1773385670.860703283] [controller_server]: Passing new path to controller.
[controller_server-10] [INFO] [1773385671.060731015] [controller_server]: Passing new path to controller.
[controller_server-10] [INFO] [1773385671.160701279] [controller_server]: Passing new path to controller.
[controller_server-10] [INFO] [1773385671.260702458] [controller_server]: Passing new path to controller.
[controller_server-10] [INFO] [1773385671.360787050] [controller_server]: Passing new path to controller.
[controller_server-10] [INFO] [1773385671.560728453] [controller_server]: Passing new path to controller.
[controller_server-10] [INFO] [1773385671.660727590] [controller_server]: Passing new path to controller.
[controller_server-10] [INFO] [1773385671.760729936] [controller_server]: Passing new path to controller.
[controller_server-10] [INFO] [1773385671.960699920] [controller_server]: Passing new path to controller.
[controller_server-10] [INFO] [1773385672.060702558] [controller_server]: Passing new path to controller.
[controller_server-10] [INFO] [1773385672.260701416] [controller_server]: Passing new path to controller.
[controller_server-10] [INFO] [1773385672.360702595] [controller_server]: Passing new path to controller.
[controller_server-10] [INFO] [1773385672.460702024] [controller_server]: Passing new path to controller.
[controller_server-10] [INFO] [1773385672.560701162] [controller_server]: Passing new path to controller.
[controller_server-10] [INFO] [1773385672.760703228] [controller_server]: Passing new path to controller.
[controller_server-10] [INFO] [1773385672.860782571] [controller_server]: Passing new path to controller.
[controller_server-10] [INFO] [1773385672.960738835] [controller_server]: Passing new path to controller.
[controller_server-10] [INFO] [1773385673.160732152] [controller_server]: Passing new path to controller.
[controller_server-10] [INFO] [1773385673.260736540] [controller_server]: Passing new path to controller.
[controller_server-10] [INFO] [1773385673.360731594] [controller_server]: Passing new path to controller.
[controller_server-10] [INFO] [1773385673.560735410] [controller_server]: Passing new path to controller.
[controller_server-10] [INFO] [1773385673.760732227] [controller_server]: Passing new path to controller.
[controller_server-10] [INFO] [1773385673.860732823] [controller_server]: Passing new path to controller.
[controller_server-10] [INFO] [1773385673.960700170] [controller_server]: Passing new path to controller.
[controller_server-10] [INFO] [1773385674.160737527] [controller_server]: Passing new path to controller.
[controller_server-10] [INFO] [1773385674.360702845] [controller_server]: Passing new path to controller.
[controller_server-10] [INFO] [1773385674.460702566] [controller_server]: Passing new path to controller.
[controller_server-10] [INFO] [1773385674.660732048] [controller_server]: Passing new path to controller.
[controller_server-10] [INFO] [1773385674.860730031] [controller_server]: Passing new path to controller.
[controller_server-10] [INFO] [1773385674.960729752] [controller_server]: Passing new path to controller.
[controller_server-10] [INFO] [1773385675.060733556] [controller_server]: Passing new path to controller.
[controller_server-10] [INFO] [1773385675.260737664] [controller_server]: Passing new path to controller.
[controller_server-10] [INFO] [1773385675.360729802] [controller_server]: Passing new path to controller.
[controller_server-10] [INFO] [1773385675.460729523] [controller_server]: Passing new path to controller.
[controller_server-10] [INFO] [1773385675.660702716] [controller_server]: Passing new path to controller.
[controller_server-10] [INFO] [1773385675.760701270] [controller_server]: Passing new path to controller.
[controller_server-10] [INFO] [1773385675.860699241] [controller_server]: Passing new path to controller.
[controller_server-10] [INFO] [1773385675.960740668] [controller_server]: Passing new path to controller.
[controller_server-10] [INFO] [1773385676.160700736] [controller_server]: Passing new path to controller.
[controller_server-10] [INFO] [1773385676.260698416] [controller_server]: Passing new path to controller.
[controller_server-10] [INFO] [1773385676.360701928] [controller_server]: Passing new path to controller.
[controller_server-10] [INFO] [1773385676.560700786] [controller_server]: Passing new path to controller.
[controller_server-10] [INFO] [1773385676.660700799] [controller_server]: Passing new path to controller.
[controller_server-10] [INFO] [1773385676.760700520] [controller_server]: Passing new path to controller.
[controller_server-10] [INFO] [1773385676.960704628] [controller_server]: Passing new path to controller.
[controller_server-10] [INFO] [1773385677.060699099] [controller_server]: Passing new path to controller.
[controller_server-10] [INFO] [1773385677.160699695] [controller_server]: Passing new path to controller.
[controller_server-10] [INFO] [1773385677.360707886] [controller_server]: Passing new path to controller.
[controller_server-10] [INFO] [1773385677.460698274] [controller_server]: Passing new path to controller.
[planner_server-12] [WARN] [1773385677.521547291] [planner_server]: GridBased plugin failed to plan from (1.98, -1.51) to (2.11, -6.76): "no valid path found"
[planner_server-12] [WARN] [1773385677.521715577] [planner_server]: [compute_path_through_poses] [ActionServer] Aborting handle.
[planner_server-12] [INFO] [1773385677.534441684] [global_costmap.global_costmap]: Received request to clear entirely the global_costmap
[planner_server-12] [INFO] [1773385677.539831191] [global_costmap.global_costmap]: KeepoutFilter: Subscribing to "/keepout_costmap_filter_info" topic for filter info...
[planner_server-12] [INFO] [1773385677.544130781] [global_costmap.global_costmap]: KeepoutFilter: Received filter info from /keepout_costmap_filter_info topic.
[planner_server-12] [INFO] [1773385677.544212444] [global_costmap.global_costmap]: KeepoutFilter: Subscribing to "/keepout_filter_mask" topic for filter mask...
[planner_server-12] [WARN] [1773385677.567924058] [global_costmap.global_costmap]: KeepoutFilter: New filter mask arrived from /keepout_filter_mask topic. Updating old filter mask.
[planner_server-12] [WARN] [1773385678.175951666] [planner_server]: GridBased plugin failed to plan from (1.98, -1.51) to (2.11, -6.76): "no valid path found"
[planner_server-12] [WARN] [1773385678.176084370] [planner_server]: [compute_path_through_poses] [ActionServer] Aborting handle.
[controller_server-10] [INFO] [1773385678.260701582] [controller_server]: Cancellation was successful. Stopping the robot.
[controller_server-10] [INFO] [1773385678.260780912] [controller_server]: [follow_path] [ActionServer] Client requested to cancel the goal. Cancelling.
[controller_server-10] [INFO] [1773385678.261495761] [local_costmap.local_costmap]: Received request to clear entirely the local_costmap
[controller_server-10] [INFO] [1773385678.261547092] [controller_server]: Optimizer reset
[controller_server-10] [INFO] [1773385678.267762568] [local_costmap.local_costmap]: KeepoutFilter: Subscribing to "/keepout_costmap_filter_info" topic for filter info...
[planner_server-12] [INFO] [1773385678.274045708] [global_costmap.global_costmap]: Received request to clear entirely the global_costmap
[controller_server-10] [INFO] [1773385678.276428244] [local_costmap.local_costmap]: KeepoutFilter: Received filter info from /keepout_costmap_filter_info topic.
[controller_server-10] [INFO] [1773385678.276614029] [local_costmap.local_costmap]: KeepoutFilter: Subscribing to "/keepout_filter_mask" topic for filter mask...
[planner_server-12] [INFO] [1773385678.281397475] [global_costmap.global_costmap]: KeepoutFilter: Subscribing to "/keepout_costmap_filter_info" topic for filter info...
[controller_server-10] [WARN] [1773385678.289420634] [local_costmap.local_costmap]: KeepoutFilter: New filter mask arrived from /keepout_filter_mask topic. Updating old filter mask.
[controller_server-10] [INFO] [1773385678.292080243] [local_costmap.local_costmap]: Received request to clear entirely the local_costmap
[planner_server-12] [INFO] [1773385678.292127491] [global_costmap.global_costmap]: KeepoutFilter: Received filter info from /keepout_costmap_filter_info topic.
[planner_server-12] [INFO] [1773385678.292245320] [global_costmap.global_costmap]: KeepoutFilter: Subscribing to "/keepout_filter_mask" topic for filter mask...
[controller_server-10] [INFO] [1773385678.299525631] [local_costmap.local_costmap]: KeepoutFilter: Subscribing to "/keepout_costmap_filter_info" topic for filter info...
[planner_server-12] [INFO] [1773385678.305912309] [global_costmap.global_costmap]: Received request to clear entirely the global_costmap
[planner_server-12] [INFO] [1773385678.310783543] [global_costmap.global_costmap]: KeepoutFilter: Subscribing to "/keepout_costmap_filter_info" topic for filter info...
[controller_server-10] [INFO] [1773385678.318318762] [local_costmap.local_costmap]: KeepoutFilter: Received filter info from /keepout_costmap_filter_info topic.
[controller_server-10] [INFO] [1773385678.318466048] [local_costmap.local_costmap]: KeepoutFilter: Subscribing to "/keepout_filter_mask" topic for filter mask...
[planner_server-12] [INFO] [1773385678.322086954] [global_costmap.global_costmap]: KeepoutFilter: Received filter info from /keepout_costmap_filter_info topic.
[planner_server-12] [INFO] [1773385678.322485356] [global_costmap.global_costmap]: KeepoutFilter: Subscribing to "/keepout_filter_mask" topic for filter mask...
[controller_server-10] [WARN] [1773385678.343757561] [local_costmap.local_costmap]: KeepoutFilter: New filter mask arrived from /keepout_filter_mask topic. Updating old filter mask.
[planner_server-12] [WARN] [1773385678.344255417] [global_costmap.global_costmap]: KeepoutFilter: New filter mask arrived from /keepout_filter_mask topic. Updating old filter mask.
[planner_server-12] [WARN] [1773385678.651469560] [planner_server]: GridBased plugin failed to plan from (1.98, -1.51) to (2.11, -6.76): "no valid path found"
[planner_server-12] [WARN] [1773385678.651680136] [planner_server]: [compute_path_through_poses] [ActionServer] Aborting handle.
[planner_server-12] [INFO] [1773385678.652936297] [global_costmap.global_costmap]: Received request to clear entirely the global_costmap
[planner_server-12] [INFO] [1773385678.660043657] [global_costmap.global_costmap]: KeepoutFilter: Subscribing to "/keepout_costmap_filter_info" topic for filter info...
[planner_server-12] [INFO] [1773385678.665511327] [global_costmap.global_costmap]: KeepoutFilter: Received filter info from /keepout_costmap_filter_info topic.
[planner_server-12] [INFO] [1773385678.665980310] [global_costmap.global_costmap]: KeepoutFilter: Subscribing to "/keepout_filter_mask" topic for filter mask...
[planner_server-12] [WARN] [1773385678.691430192] [global_costmap.global_costmap]: KeepoutFilter: New filter mask arrived from /keepout_filter_mask topic. Updating old filter mask.
[planner_server-12] [WARN] [1773385679.131267794] [planner_server]: GridBased plugin failed to plan from (1.98, -1.51) to (2.11, -6.76): "no valid path found"
[planner_server-12] [WARN] [1773385679.131462329] [planner_server]: [compute_path_through_poses] [ActionServer] Aborting handle.
[behavior_server-13] [INFO] [1773385679.142699242] [behavior_server]: Running wait
[behavior_server-13] [INFO] [1773385684.143047520] [behavior_server]: wait completed successfully
[controller_server-10] [INFO] [1773385684.162399464] [local_costmap.local_costmap]: Received request to clear entirely the local_costmap
[controller_server-10] [INFO] [1773385684.168200205] [local_costmap.local_costmap]: KeepoutFilter: Subscribing to "/keepout_costmap_filter_info" topic for filter info...
[planner_server-12] [INFO] [1773385684.172438838] [global_costmap.global_costmap]: Received request to clear entirely the global_costmap
[controller_server-10] [INFO] [1773385684.172695496] [local_costmap.local_costmap]: KeepoutFilter: Received filter info from /keepout_costmap_filter_info topic.
[controller_server-10] [INFO] [1773385684.172835490] [local_costmap.local_costmap]: KeepoutFilter: Subscribing to "/keepout_filter_mask" topic for filter mask...
[planner_server-12] [INFO] [1773385684.183745166] [global_costmap.global_costmap]: KeepoutFilter: Subscribing to "/keepout_costmap_filter_info" topic for filter info...
[controller_server-10] [WARN] [1773385684.185263234] [local_costmap.local_costmap]: KeepoutFilter: New filter mask arrived from /keepout_filter_mask topic. Updating old filter mask.
[planner_server-12] [INFO] [1773385684.196331570] [global_costmap.global_costmap]: KeepoutFilter: Received filter info from /keepout_costmap_filter_info topic.
[planner_server-12] [INFO] [1773385684.196489356] [global_costmap.global_costmap]: KeepoutFilter: Subscribing to "/keepout_filter_mask" topic for filter mask...
[planner_server-12] [WARN] [1773385684.225988879] [global_costmap.global_costmap]: KeepoutFilter: New filter mask arrived from /keepout_filter_mask topic. Updating old filter mask.
[planner_server-12] [WARN] [1773385684.634269911] [planner_server]: GridBased plugin failed to plan from (1.68, -0.90) to (2.11, -6.76): "no valid path found"
[planner_server-12] [WARN] [1773385684.634374032] [planner_server]: [compute_path_through_poses] [ActionServer] Aborting handle.
[planner_server-12] [INFO] [1773385684.652361318] [global_costmap.global_costmap]: Received request to clear entirely the global_costmap
[planner_server-12] [INFO] [1773385684.658103437] [global_costmap.global_costmap]: KeepoutFilter: Subscribing to "/keepout_costmap_filter_info" topic for filter info...
[planner_server-12] [INFO] [1773385684.667174514] [global_costmap.global_costmap]: KeepoutFilter: Received filter info from /keepout_costmap_filter_info topic.
[planner_server-12] [INFO] [1773385684.667311301] [global_costmap.global_costmap]: KeepoutFilter: Subscribing to "/keepout_filter_mask" topic for filter mask...
[planner_server-12] [WARN] [1773385684.689324895] [global_costmap.global_costmap]: KeepoutFilter: New filter mask arrived from /keepout_filter_mask topic. Updating old filter mask.
[planner_server-12] [WARN] [1773385685.131559033] [planner_server]: GridBased plugin failed to plan from (1.68, -0.90) to (2.11, -6.76): "no valid path found"
[planner_server-12] [WARN] [1773385685.131673070] [planner_server]: [compute_path_through_poses] [ActionServer] Aborting handle.
[controller_server-10] [INFO] [1773385685.142672284] [local_costmap.local_costmap]: Received request to clear entirely the local_costmap
[controller_server-10] [INFO] [1773385685.145586800] [local_costmap.local_costmap]: KeepoutFilter: Subscribing to "/keepout_costmap_filter_info" topic for filter info...
[controller_server-10] [INFO] [1773385685.149693022] [local_costmap.local_costmap]: KeepoutFilter: Received filter info from /keepout_costmap_filter_info topic.
[controller_server-10] [INFO] [1773385685.149781685] [local_costmap.local_costmap]: KeepoutFilter: Subscribing to "/keepout_filter_mask" topic for filter mask...
[planner_server-12] [INFO] [1773385685.154366514] [global_costmap.global_costmap]: Received request to clear entirely the global_costmap
[planner_server-12] [INFO] [1773385685.159357619] [global_costmap.global_costmap]: KeepoutFilter: Subscribing to "/keepout_costmap_filter_info" topic for filter info...
[controller_server-10] [WARN] [1773385685.164810123] [local_costmap.local_costmap]: KeepoutFilter: New filter mask arrived from /keepout_filter_mask topic. Updating old filter mask.
[controller_server-10] [INFO] [1773385685.166488602] [local_costmap.local_costmap]: Received request to clear entirely the local_costmap
[controller_server-10] [INFO] [1773385685.170835440] [local_costmap.local_costmap]: KeepoutFilter: Subscribing to "/keepout_costmap_filter_info" topic for filter info...
[planner_server-12] [INFO] [1773385685.171918066] [global_costmap.global_costmap]: KeepoutFilter: Received filter info from /keepout_costmap_filter_info topic.
[planner_server-12] [INFO] [1773385685.172356133] [global_costmap.global_costmap]: KeepoutFilter: Subscribing to "/keepout_filter_mask" topic for filter mask...
[controller_server-10] [INFO] [1773385685.182957529] [local_costmap.local_costmap]: KeepoutFilter: Received filter info from /keepout_costmap_filter_info topic.
[controller_server-10] [INFO] [1773385685.183126397] [local_costmap.local_costmap]: KeepoutFilter: Subscribing to "/keepout_filter_mask" topic for filter mask...
[planner_server-12] [INFO] [1773385685.186762470] [global_costmap.global_costmap]: Received request to clear entirely the global_costmap
[planner_server-12] [INFO] [1773385685.195962751] [global_costmap.global_costmap]: KeepoutFilter: Subscribing to "/keepout_costmap_filter_info" topic for filter info...
[planner_server-12] [INFO] [1773385685.208500449] [global_costmap.global_costmap]: KeepoutFilter: Received filter info from /keepout_costmap_filter_info topic.
[planner_server-12] [INFO] [1773385685.208649485] [global_costmap.global_costmap]: KeepoutFilter: Subscribing to "/keepout_filter_mask" topic for filter mask...
[controller_server-10] [WARN] [1773385685.215695013] [local_costmap.local_costmap]: KeepoutFilter: New filter mask arrived from /keepout_filter_mask topic. Updating old filter mask.
[planner_server-12] [WARN] [1773385685.239898359] [global_costmap.global_costmap]: KeepoutFilter: New filter mask arrived from /keepout_filter_mask topic. Updating old filter mask.
[planner_server-12] [WARN] [1773385685.641479183] [planner_server]: GridBased plugin failed to plan from (1.68, -0.90) to (2.11, -6.76): "no valid path found"
[planner_server-12] [WARN] [1773385685.641776672] [planner_server]: [compute_path_through_poses] [ActionServer] Aborting handle.
[planner_server-12] [INFO] [1773385685.655490618] [global_costmap.global_costmap]: Received request to clear entirely the global_costmap
[planner_server-12] [INFO] [1773385685.660999412] [global_costmap.global_costmap]: KeepoutFilter: Subscribing to "/keepout_costmap_filter_info" topic for filter info...
[planner_server-12] [INFO] [1773385685.667219846] [global_costmap.global_costmap]: KeepoutFilter: Received filter info from /keepout_costmap_filter_info topic.
[planner_server-12] [INFO] [1773385685.667465712] [global_costmap.global_costmap]: KeepoutFilter: Subscribing to "/keepout_filter_mask" topic for filter mask...
[planner_server-12] [WARN] [1773385685.690289525] [global_costmap.global_costmap]: KeepoutFilter: New filter mask arrived from /keepout_filter_mask topic. Updating old filter mask.
[planner_server-12] [WARN] [1773385686.131538450] [planner_server]: GridBased plugin failed to plan from (1.68, -0.90) to (2.11, -6.76): "no valid path found"
[planner_server-12] [WARN] [1773385686.131649279] [planner_server]: [compute_path_through_poses] [ActionServer] Aborting handle.
[bt_navigator-14] [WARN] [1773385686.155066029] [bt_navigator]: [navigate_through_poses] [ActionServer] Aborting handle.
[bt_navigator-14] [ERROR] [1773385686.155353602] [bt_navigator]: Goal failed
[delivery_robot_main_controller-20] [33m[WARN] [1773385686.777903334] [main_controller_node]: Goal failed![0m
[delivery_robot_main_controller-20] [33m[WARN] [1773385686.780328160] [main_controller_node]: Blocked lane encountered; stopping with FAILED per setting.[0m
[delivery_robot_main_controller-20] [0m[INFO] [1773385686.782542119] [main_controller_node]: State change: MOVE -> SAFE_STOP[0m
[delivery_robot_main_controller-20] [0m[INFO] [1773385686.798076288] [main_controller_node]: Robot is in SAFE_STOP. Awaiting user to switch to STANDBY.[0m
[delivery_robot_main_controller-20] [0m[INFO] [1773385686.799462528] [main_controller_node]: Robot is in SAFE_STOP. Awaiting user to switch to STANDBY.[0m
[delivery_robot_main_controller-20] [0m[INFO] [1773385686.832130307] [main_controller_node]: Current state: SAFE_STOP, dock_state IDLE, charge_state NOT_CHARGE[0m
[delivery_robot_main_controller-20] [0m[INFO] [1773385687.280697167] [main_controller_node]: Current state: SAFE_STOP, dock_state IDLE, charge_state NOT_CHARGE[0m
[delivery_robot_main_controller-20] [0m[INFO] [1773385687.830141048] [main_controller_node]: Published message: "safe_stop"[0m
[robot_sound-21] [0m[INFO] [1773385688.094006394] [robot_sound_node]: 🔔 Received sound command: safe_stop[0m
[robot_sound-21] Simple mixer control 'PCM',0
[robot_sound-21]   Capabilities: pvolume pswitch pswitch-joined
[robot_sound-21]   Playback channels: Front Left - Front Right
[robot_sound-21]   Limits: Playback 0 - 147
[robot_sound-21]   Mono:
[robot_sound-21]   Front Left: Playback 147 [100%] [-0.94dB] [on]
[robot_sound-21]   Front Right: Playback 147 [100%] [-0.94dB] [on]
[robot_sound-21] [0m[INFO] [1773385688.121629987] [robot_sound_node]: 🔊 Playing sound: /home/smr/workspaces/mini_amr/amrROS2_ws/sounds/robot_safestop.wav[0m
[robot_sound-21] Playing WAVE '/home/smr/workspaces/mini_amr/amrROS2_ws/sounds/robot_safestop.wav' : Signed 16 bit Little Endian, Rate 22050 Hz, Mono
[delivery_robot_main_controller-20] [0m[INFO] [1773385688.281185232] [main_controller_node]: Current state: SAFE_STOP, dock_state IDLE, charge_state NOT_CHARGE[0m
[delivery_robot_main_controller-20] [0m[INFO] [1773385689.283499645] [main_controller_node]: Current state: SAFE_STOP, dock_state IDLE, charge_state NOT_CHARGE[0m
[delivery_robot_main_controller-20] [0m[INFO] [1773385689.860072762] [main_controller_node]: SAFE_STOP cleared to STANDBY via API/GUI.[0m
[delivery_robot_main_controller-20] [0m[INFO] [1773385689.860737738] [main_controller_node]: State change: SAFE_STOP -> STANDBY[0m
[delivery_robot_main_controller-20] [0m[INFO] [1773385689.864251315] [main_controller_node]: Robot is in STANDBY mode.[0m
[delivery_robot_main_controller-20] [0m[INFO] [1773385690.319643211] [main_controller_node]: Current state: STANDBY, dock_state IDLE, charge_state NOT_CHARGE[0m
[delivery_robot_main_controller-20] [0m[INFO] [1773385691.370982334] [main_controller_node]: Current state: STANDBY, dock_state IDLE, charge_state NOT_CHARGE[0m
[delivery_robot_main_controller-20] [0m[INFO] [1773385691.430562649] [main_controller_node]: 1 pending queues [0m
[delivery_robot_main_controller-20] [0m[INFO] [1773385691.431627484] [main_controller_node]: Queue action: Request[0m
[delivery_robot_main_controller-20] [0m[INFO] [1773385691.455906076] [main_controller_node]: AGV start_pos: x=1.68, y=-0.90[0m
[delivery_robot_main_controller-20] [0m[INFO] [1773385691.456616258] [main_controller_node]: AGV goal_pos: x=-0.32, y=-7.98[0m
[delivery_robot_main_controller-20] Graph before shortest_path: Graph with 11 nodes and 10 edges
[delivery_robot_main_controller-20] [0m[INFO] [1773385691.481501495] [main_controller_node]: Computed AGV path waypoints:[0m
[delivery_robot_main_controller-20] [0m[INFO] [1773385691.482243175] [main_controller_node]:   Waypoint 0: x=1.68, y=-0.90[0m
[delivery_robot_main_controller-20] [0m[INFO] [1773385691.482906692] [main_controller_node]:   Waypoint 1: x=2.11, y=-6.76[0m
[delivery_robot_main_controller-20] [0m[INFO] [1773385691.483543668] [main_controller_node]:   Waypoint 2: x=-0.34, y=-6.81[0m
[delivery_robot_main_controller-20] [0m[INFO] [1773385691.484142146] [main_controller_node]:   Waypoint 3: x=-0.32, y=-7.98[0m
[delivery_robot_main_controller-20] [0m[INFO] [1773385691.485702796] [main_controller_node]: Navigating with 4 goals....[0m
[bt_navigator-14] [INFO] [1773385691.486901501] [bt_navigator]: Begin navigating from current location through 4 poses to (-0.32, -7.98)
[controller_server-10] [INFO] [1773385691.487494729] [local_costmap.local_costmap]: Received request to clear entirely the local_costmap
[controller_server-10] [INFO] [1773385691.498498609] [local_costmap.local_costmap]: KeepoutFilter: Subscribing to "/keepout_costmap_filter_info" topic for filter info...
[planner_server-12] [INFO] [1773385691.508323617] [global_costmap.global_costmap]: Received request to clear entirely the global_costmap
[controller_server-10] [INFO] [1773385691.510178256] [local_costmap.local_costmap]: KeepoutFilter: Received filter info from /keepout_costmap_filter_info topic.
[controller_server-10] [INFO] [1773385691.510327292] [local_costmap.local_costmap]: KeepoutFilter: Subscribing to "/keepout_filter_mask" topic for filter mask...
[planner_server-12] [INFO] [1773385691.533014319] [global_costmap.global_costmap]: KeepoutFilter: Subscribing to "/keepout_costmap_filter_info" topic for filter info...
[controller_server-10] [WARN] [1773385691.544276607] [local_costmap.local_costmap]: KeepoutFilter: New filter mask arrived from /keepout_filter_mask topic. Updating old filter mask.
[planner_server-12] [INFO] [1773385691.544398811] [global_costmap.global_costmap]: KeepoutFilter: Received filter info from /keepout_costmap_filter_info topic.
[planner_server-12] [INFO] [1773385691.544543180] [global_costmap.global_costmap]: KeepoutFilter: Subscribing to "/keepout_filter_mask" topic for filter mask...
[planner_server-12] [WARN] [1773385691.608385169] [global_costmap.global_costmap]: KeepoutFilter: New filter mask arrived from /keepout_filter_mask topic. Updating old filter mask.
[planner_server-12] [WARN] [1773385691.664677648] [planner_server]: GridBased plugin failed to plan from (1.68, -0.90) to (2.11, -6.76): "no valid path found"
[planner_server-12] [WARN] [1773385691.664882391] [planner_server]: [compute_path_through_poses] [ActionServer] Aborting handle.
[planner_server-12] [INFO] [1773385691.678176061] [global_costmap.global_costmap]: Received request to clear entirely the global_costmap
[planner_server-12] [INFO] [1773385691.683003839] [global_costmap.global_costmap]: KeepoutFilter: Subscribing to "/keepout_costmap_filter_info" topic for filter info...
[planner_server-12] [INFO] [1773385691.689852499] [global_costmap.global_costmap]: KeepoutFilter: Received filter info from /keepout_costmap_filter_info topic.
[planner_server-12] [INFO] [1773385691.689993077] [global_costmap.global_costmap]: KeepoutFilter: Subscribing to "/keepout_filter_mask" topic for filter mask...
[planner_server-12] [WARN] [1773385691.699295438] [global_costmap.global_costmap]: KeepoutFilter: New filter mask arrived from /keepout_filter_mask topic. Updating old filter mask.
[planner_server-12] [WARN] [1773385692.134903740] [planner_server]: GridBased plugin failed to plan from (1.68, -0.90) to (2.11, -6.76): "no valid path found"
[planner_server-12] [WARN] [1773385692.135047235] [planner_server]: [compute_path_through_poses] [ActionServer] Aborting handle.
[controller_server-10] [INFO] [1773385692.148545064] [local_costmap.local_costmap]: Received request to clear entirely the local_costmap
[controller_server-10] [INFO] [1773385692.153182682] [local_costmap.local_costmap]: KeepoutFilter: Subscribing to "/keepout_costmap_filter_info" topic for filter info...
[planner_server-12] [INFO] [1773385692.157493646] [global_costmap.global_costmap]: Received request to clear entirely the global_costmap
[controller_server-10] [INFO] [1773385692.163156143] [local_costmap.local_costmap]: KeepoutFilter: Received filter info from /keepout_costmap_filter_info topic.
[controller_server-10] [INFO] [1773385692.163313054] [local_costmap.local_costmap]: KeepoutFilter: Subscribing to "/keepout_filter_mask" topic for filter mask...
[planner_server-12] [INFO] [1773385692.166316816] [global_costmap.global_costmap]: KeepoutFilter: Subscribing to "/keepout_costmap_filter_info" topic for filter info...
[controller_server-10] [INFO] [1773385692.173804786] [local_costmap.local_costmap]: Received request to clear entirely the local_costmap
[planner_server-12] [INFO] [1773385692.177465358] [global_costmap.global_costmap]: KeepoutFilter: Received filter info from /keepout_costmap_filter_info topic.
[planner_server-12] [INFO] [1773385692.177622852] [global_costmap.global_costmap]: KeepoutFilter: Subscribing to "/keepout_filter_mask" topic for filter mask...
[controller_server-10] [INFO] [1773385692.183227893] [local_costmap.local_costmap]: KeepoutFilter: Subscribing to "/keepout_costmap_filter_info" topic for filter info...
[planner_server-12] [INFO] [1773385692.193973658] [global_costmap.global_costmap]: Received request to clear entirely the global_costmap
[controller_server-10] [INFO] [1773385692.196607893] [local_costmap.local_costmap]: KeepoutFilter: Received filter info from /keepout_costmap_filter_info topic.
[controller_server-10] [INFO] [1773385692.197124998] [local_costmap.local_costmap]: KeepoutFilter: Subscribing to "/keepout_filter_mask" topic for filter mask...
[planner_server-12] [INFO] [1773385692.203605881] [global_costmap.global_costmap]: KeepoutFilter: Subscribing to "/keepout_costmap_filter_info" topic for filter info...
[planner_server-12] [INFO] [1773385692.214519931] [global_costmap.global_costmap]: KeepoutFilter: Received filter info from /keepout_costmap_filter_info topic.
[planner_server-12] [INFO] [1773385692.214609178] [global_costmap.global_costmap]: KeepoutFilter: Subscribing to "/keepout_filter_mask" topic for filter mask...
[controller_server-10] [WARN] [1773385692.224093240] [local_costmap.local_costmap]: KeepoutFilter: New filter mask arrived from /keepout_filter_mask topic. Updating old filter mask.
[planner_server-12] [WARN] [1773385692.244373232] [global_costmap.global_costmap]: KeepoutFilter: New filter mask arrived from /keepout_filter_mask topic. Updating old filter mask.
[planner_server-12] [WARN] [1773385692.647320755] [planner_server]: GridBased plugin failed to plan from (1.68, -0.90) to (2.11, -6.76): "no valid path found"
[planner_server-12] [WARN] [1773385692.647544164] [planner_server]: [compute_path_through_poses] [ActionServer] Aborting handle.
[planner_server-12] [INFO] [1773385692.667847488] [global_costmap.global_costmap]: Received request to clear entirely the global_costmap
[planner_server-12] [INFO] [1773385692.671869421] [global_costmap.global_costmap]: KeepoutFilter: Subscribing to "/keepout_costmap_filter_info" topic for filter info...
[planner_server-12] [INFO] [1773385692.676609994] [global_costmap.global_costmap]: KeepoutFilter: Received filter info from /keepout_costmap_filter_info topic.
[planner_server-12] [INFO] [1773385692.676844194] [global_costmap.global_costmap]: KeepoutFilter: Subscribing to "/keepout_filter_mask" topic for filter mask...
[planner_server-12] [WARN] [1773385692.698700002] [global_costmap.global_costmap]: KeepoutFilter: New filter mask arrived from /keepout_filter_mask topic. Updating old filter mask.
[delivery_robot_main_controller-20] [0m[INFO] [1773385692.786880664] [main_controller_node]: State change: STANDBY -> MOVE[0m
[delivery_robot_main_controller-20] [0m[INFO] [1773385692.808134495] [main_controller_node]: Robot is MOVING.[0m
[planner_server-12] [WARN] [1773385693.147359316] [planner_server]: GridBased plugin failed to plan from (1.68, -0.90) to (2.11, -6.76): "no valid path found"
[planner_server-12] [WARN] [1773385693.147567850] [planner_server]: [compute_path_through_poses] [ActionServer] Aborting handle.
[behavior_server-13] [INFO] [1773385693.167974713] [behavior_server]: Running wait
[behavior_server-13] [INFO] [1773385698.168365281] [behavior_server]: wait completed successfully
[controller_server-10] [INFO] [1773385698.187571688] [local_costmap.local_costmap]: Received request to clear entirely the local_costmap
[controller_server-10] [INFO] [1773385698.191451293] [local_costmap.local_costmap]: KeepoutFilter: Subscribing to "/keepout_costmap_filter_info" topic for filter info...
[controller_server-10] [INFO] [1773385698.195720550] [local_costmap.local_costmap]: KeepoutFilter: Received filter info from /keepout_costmap_filter_info topic.
[planner_server-12] [INFO] [1773385698.195768090] [global_costmap.global_costmap]: Received request to clear entirely the global_costmap
[controller_server-10] [INFO] [1773385698.195961166] [local_costmap.local_costmap]: KeepoutFilter: Subscribing to "/keepout_filter_mask" topic for filter mask...
[planner_server-12] [INFO] [1773385698.204517763] [global_costmap.global_costmap]: KeepoutFilter: Subscribing to "/keepout_costmap_filter_info" topic for filter info...
[controller_server-10] [WARN] [1773385698.213811957] [local_costmap.local_costmap]: KeepoutFilter: New filter mask arrived from /keepout_filter_mask topic. Updating old filter mask.
[planner_server-12] [INFO] [1773385698.215822049] [global_costmap.global_costmap]: KeepoutFilter: Received filter info from /keepout_costmap_filter_info topic.
[planner_server-12] [INFO] [1773385698.215895546] [global_costmap.global_costmap]: KeepoutFilter: Subscribing to "/keepout_filter_mask" topic for filter mask...
[planner_server-12] [WARN] [1773385698.237767103] [global_costmap.global_costmap]: KeepoutFilter: New filter mask arrived from /keepout_filter_mask topic. Updating old filter mask.
[planner_server-12] [WARN] [1773385698.639000274] [planner_server]: GridBased plugin failed to plan from (1.68, -0.90) to (2.11, -6.76): "no valid path found"
[planner_server-12] [WARN] [1773385698.639114311] [planner_server]: [compute_path_through_poses] [ActionServer] Aborting handle.
[planner_server-12] [INFO] [1773385698.658106060] [global_costmap.global_costmap]: Received request to clear entirely the global_costmap
[planner_server-12] [INFO] [1773385698.662911672] [global_costmap.global_costmap]: KeepoutFilter: Subscribing to "/keepout_costmap_filter_info" topic for filter info...
[planner_server-12] [INFO] [1773385698.667988524] [global_costmap.global_costmap]: KeepoutFilter: Received filter info from /keepout_costmap_filter_info topic.
[planner_server-12] [INFO] [1773385698.668343469] [global_costmap.global_costmap]: KeepoutFilter: Subscribing to "/keepout_filter_mask" topic for filter mask...
[planner_server-12] [WARN] [1773385698.685231796] [global_costmap.global_costmap]: KeepoutFilter: New filter mask arrived from /keepout_filter_mask topic. Updating old filter mask.
[planner_server-12] [WARN] [1773385699.132320544] [planner_server]: GridBased plugin failed to plan from (1.68, -0.90) to (2.11, -6.76): "no valid path found"
[planner_server-12] [WARN] [1773385699.132434582] [planner_server]: [compute_path_through_poses] [ActionServer] Aborting handle.
[controller_server-10] [INFO] [1773385699.149460279] [local_costmap.local_costmap]: Received request to clear entirely the local_costmap
[controller_server-10] [INFO] [1773385699.154985406] [local_costmap.local_costmap]: KeepoutFilter: Subscribing to "/keepout_costmap_filter_info" topic for filter info...
[planner_server-12] [INFO] [1773385699.159957553] [global_costmap.global_costmap]: Received request to clear entirely the global_costmap
[controller_server-10] [INFO] [1773385699.160590446] [local_costmap.local_costmap]: KeepoutFilter: Received filter info from /keepout_costmap_filter_info topic.
[controller_server-10] [INFO] [1773385699.160824937] [local_costmap.local_costmap]: KeepoutFilter: Subscribing to "/keepout_filter_mask" topic for filter mask...
[planner_server-12] [INFO] [1773385699.170074800] [global_costmap.global_costmap]: KeepoutFilter: Subscribing to "/keepout_costmap_filter_info" topic for filter info...
[controller_server-10] [INFO] [1773385699.175670508] [local_costmap.local_costmap]: Received request to clear entirely the local_costmap
[controller_server-10] [INFO] [1773385699.181498373] [local_costmap.local_costmap]: KeepoutFilter: Subscribing to "/keepout_costmap_filter_info" topic for filter info...
[planner_server-12] [INFO] [1773385699.185976456] [global_costmap.global_costmap]: KeepoutFilter: Received filter info from /keepout_costmap_filter_info topic.
[planner_server-12] [INFO] [1773385699.186201906] [global_costmap.global_costmap]: KeepoutFilter: Subscribing to "/keepout_filter_mask" topic for filter mask...
[planner_server-12] [INFO] [1773385699.192226639] [global_costmap.global_costmap]: Received request to clear entirely the global_costmap
[controller_server-10] [INFO] [1773385699.192806159] [local_costmap.local_costmap]: KeepoutFilter: Received filter info from /keepout_costmap_filter_info topic.
[controller_server-10] [INFO] [1773385699.193024026] [local_costmap.local_costmap]: KeepoutFilter: Subscribing to "/keepout_filter_mask" topic for filter mask...
[planner_server-12] [INFO] [1773385699.201160638] [global_costmap.global_costmap]: KeepoutFilter: Subscribing to "/keepout_costmap_filter_info" topic for filter info...
[planner_server-12] [INFO] [1773385699.213045319] [global_costmap.global_costmap]: KeepoutFilter: Received filter info from /keepout_costmap_filter_info topic.
[planner_server-12] [INFO] [1773385699.213130191] [global_costmap.global_costmap]: KeepoutFilter: Subscribing to "/keepout_filter_mask" topic for filter mask...
[controller_server-10] [WARN] [1773385699.220060515] [local_costmap.local_costmap]: KeepoutFilter: New filter mask arrived from /keepout_filter_mask topic. Updating old filter mask.
[planner_server-12] [WARN] [1773385699.231880740] [global_costmap.global_costmap]: KeepoutFilter: New filter mask arrived from /keepout_filter_mask topic. Updating old filter mask.
[planner_server-12] [WARN] [1773385699.634050417] [planner_server]: GridBased plugin failed to plan from (1.68, -0.90) to (2.11, -6.76): "no valid path found"
[planner_server-12] [WARN] [1773385699.634157747] [planner_server]: [compute_path_through_poses] [ActionServer] Aborting handle.
[planner_server-12] [INFO] [1773385699.648014020] [global_costmap.global_costmap]: Received request to clear entirely the global_costmap
[planner_server-12] [INFO] [1773385699.652688971] [global_costmap.global_costmap]: KeepoutFilter: Subscribing to "/keepout_costmap_filter_info" topic for filter info...
[planner_server-12] [INFO] [1773385699.660704838] [global_costmap.global_costmap]: KeepoutFilter: Received filter info from /keepout_costmap_filter_info topic.
[planner_server-12] [INFO] [1773385699.660855040] [global_costmap.global_costmap]: KeepoutFilter: Subscribing to "/keepout_filter_mask" topic for filter mask...
[planner_server-12] [WARN] [1773385699.678357303] [global_costmap.global_costmap]: KeepoutFilter: New filter mask arrived from /keepout_filter_mask topic. Updating old filter mask.
[planner_server-12] [WARN] [1773385700.142813277] [planner_server]: GridBased plugin failed to plan from (1.68, -0.90) to (2.11, -6.76): "no valid path found"
[planner_server-12] [WARN] [1773385700.143013936] [planner_server]: [compute_path_through_poses] [ActionServer] Aborting handle.
[bt_navigator-14] [WARN] [1773385700.167388192] [bt_navigator]: [navigate_through_poses] [ActionServer] Aborting handle.
[bt_navigator-14] [ERROR] [1773385700.167638433] [bt_navigator]: Goal failed
[delivery_robot_main_controller-20] [33m[WARN] [1773385700.842015978] [main_controller_node]: Goal failed![0m
[delivery_robot_main_controller-20] [33m[WARN] [1773385700.851593370] [main_controller_node]: Blocked lane encountered; stopping with FAILED per setting.[0m
[delivery_robot_main_controller-20] [0m[INFO] [1773385700.856593516] [main_controller_node]: State change: MOVE -> SAFE_STOP[0m
[delivery_robot_main_controller-20] [0m[INFO] [1773385700.875205821] [main_controller_node]: Robot is in SAFE_STOP. Awaiting user to switch to STANDBY.[0m
[delivery_robot_main_controller-20] [0m[INFO] [1773385700.881633039] [main_controller_node]: Robot is in SAFE_STOP. Awaiting user to switch to STANDBY.[0m
[delivery_robot_main_controller-20] [0m[INFO] [1773385700.918419289] [main_controller_node]: Current state: SAFE_STOP, dock_state IDLE, charge_state NOT_CHARGE[0m
[delivery_robot_main_controller-20] [0m[INFO] [1773385701.298192428] [main_controller_node]: Current state: SAFE_STOP, dock_state IDLE, charge_state NOT_CHARGE[0m
[delivery_robot_main_controller-20] [0m[INFO] [1773385701.877749184] [main_controller_node]: Published message: "safe_stop"[0m
[robot_sound-21] [0m[INFO] [1773385702.095918196] [robot_sound_node]: 🔔 Received sound command: safe_stop[0m
[robot_sound-21] Simple mixer control 'PCM',0
[robot_sound-21]   Capabilities: pvolume pswitch pswitch-joined
[robot_sound-21]   Playback channels: Front Left - Front Right
[robot_sound-21]   Limits: Playback 0 - 147
[robot_sound-21]   Mono:
[robot_sound-21]   Front Left: Playback 147 [100%] [-0.94dB] [on]
[robot_sound-21]   Front Right: Playback 147 [100%] [-0.94dB] [on]
[robot_sound-21] [0m[INFO] [1773385702.107771962] [robot_sound_node]: 🔊 Playing sound: /home/smr/workspaces/mini_amr/amrROS2_ws/sounds/robot_safestop.wav[0m
[robot_sound-21] Playing WAVE '/home/smr/workspaces/mini_amr/amrROS2_ws/sounds/robot_safestop.wav' : Signed 16 bit Little Endian, Rate 22050 Hz, Mono
[delivery_robot_main_controller-20] [0m[INFO] [1773385702.297641324] [main_controller_node]: Current state: SAFE_STOP, dock_state IDLE, charge_state NOT_CHARGE[0m
[delivery_robot_main_controller-20] [0m[INFO] [1773385703.280480131] [main_controller_node]: Current state: SAFE_STOP, dock_state IDLE, charge_state NOT_CHARGE[0m
[delivery_robot_main_controller-20] [0m[INFO] [1773385703.897663106] [main_controller_node]: SAFE_STOP cleared to STANDBY via API/GUI.[0m
[delivery_robot_main_controller-20] [0m[INFO] [1773385703.900247176] [main_controller_node]: State change: SAFE_STOP -> STANDBY[0m
[delivery_robot_main_controller-20] [0m[INFO] [1773385703.907386909] [main_controller_node]: Robot is in STANDBY mode.[0m
[delivery_robot_main_controller-20] [0m[INFO] [1773385704.313498314] [main_controller_node]: Current state: STANDBY, dock_state IDLE, charge_state NOT_CHARGE[0m
[delivery_robot_main_controller-20] [0m[INFO] [1773385705.321768046] [main_controller_node]: Current state: STANDBY, dock_state IDLE, charge_state NOT_CHARGE[0m
[delivery_robot_main_controller-20] [0m[INFO] [1773385705.402044838] [main_controller_node]: 1 pending queues [0m
[delivery_robot_main_controller-20] [0m[INFO] [1773385705.405763449] [main_controller_node]: Queue action: Request[0m
[delivery_robot_main_controller-20] [0m[INFO] [1773385705.445366802] [main_controller_node]: AGV start_pos: x=1.68, y=-0.90[0m
[delivery_robot_main_controller-20] [0m[INFO] [1773385705.449132953] [main_controller_node]: AGV goal_pos: x=-0.32, y=-7.98[0m
[delivery_robot_main_controller-20] Graph before shortest_path: Graph with 11 nodes and 10 edges
[delivery_robot_main_controller-20] [0m[INFO] [1773385705.483394047] [main_controller_node]: Computed AGV path waypoints:[0m
[delivery_robot_main_controller-20] [0m[INFO] [1773385705.484073022] [main_controller_node]:   Waypoint 0: x=1.68, y=-0.90[0m
[delivery_robot_main_controller-20] [0m[INFO] [1773385705.484694540] [main_controller_node]:   Waypoint 1: x=2.11, y=-6.76[0m
[delivery_robot_main_controller-20] [0m[INFO] [1773385705.485303518] [main_controller_node]:   Waypoint 2: x=-0.34, y=-6.81[0m
[delivery_robot_main_controller-20] [0m[INFO] [1773385705.485893537] [main_controller_node]:   Waypoint 3: x=-0.32, y=-7.98[0m
[delivery_robot_main_controller-20] [0m[INFO] [1773385705.487401398] [main_controller_node]: Navigating with 4 goals....[0m
[bt_navigator-14] [INFO] [1773385705.488834594] [bt_navigator]: Begin navigating from current location through 4 poses to (-0.32, -7.98)
[controller_server-10] [INFO] [1773385705.489288702] [local_costmap.local_costmap]: Received request to clear entirely the local_costmap
[controller_server-10] [INFO] [1773385705.493942945] [local_costmap.local_costmap]: KeepoutFilter: Subscribing to "/keepout_costmap_filter_info" topic for filter info...
[planner_server-12] [INFO] [1773385705.499173791] [global_costmap.global_costmap]: Received request to clear entirely the global_costmap
[controller_server-10] [INFO] [1773385705.499208206] [local_costmap.local_costmap]: KeepoutFilter: Received filter info from /keepout_costmap_filter_info topic.
[controller_server-10] [INFO] [1773385705.499402157] [local_costmap.local_costmap]: KeepoutFilter: Subscribing to "/keepout_filter_mask" topic for filter mask...
[planner_server-12] [INFO] [1773385705.509724147] [global_costmap.global_costmap]: KeepoutFilter: Subscribing to "/keepout_costmap_filter_info" topic for filter info...
[controller_server-10] [WARN] [1773385705.515372935] [local_costmap.local_costmap]: KeepoutFilter: New filter mask arrived from /keepout_filter_mask topic. Updating old filter mask.
[planner_server-12] [INFO] [1773385705.520798024] [global_costmap.global_costmap]: KeepoutFilter: Received filter info from /keepout_costmap_filter_info topic.
[planner_server-12] [INFO] [1773385705.520949977] [global_costmap.global_costmap]: KeepoutFilter: Subscribing to "/keepout_filter_mask" topic for filter mask...
[planner_server-12] [WARN] [1773385705.593608720] [global_costmap.global_costmap]: KeepoutFilter: New filter mask arrived from /keepout_filter_mask topic. Updating old filter mask.
[planner_server-12] [WARN] [1773385705.650536425] [planner_server]: GridBased plugin failed to plan from (1.68, -0.90) to (2.11, -6.76): "no valid path found"
[planner_server-12] [WARN] [1773385705.650740876] [planner_server]: [compute_path_through_poses] [ActionServer] Aborting handle.
[planner_server-12] [INFO] [1773385705.669799122] [global_costmap.global_costmap]: Received request to clear entirely the global_costmap
[planner_server-12] [INFO] [1773385705.677766574] [global_costmap.global_costmap]: KeepoutFilter: Subscribing to "/keepout_costmap_filter_info" topic for filter info...
[planner_server-12] [INFO] [1773385705.682636059] [global_costmap.global_costmap]: KeepoutFilter: Received filter info from /keepout_costmap_filter_info topic.
[planner_server-12] [INFO] [1773385705.682711889] [global_costmap.global_costmap]: KeepoutFilter: Subscribing to "/keepout_filter_mask" topic for filter mask...
[planner_server-12] [WARN] [1773385705.703475738] [global_costmap.global_costmap]: KeepoutFilter: New filter mask arrived from /keepout_filter_mask topic. Updating old filter mask.
[planner_server-12] [WARN] [1773385706.137997040] [planner_server]: GridBased plugin failed to plan from (1.68, -0.90) to (2.11, -6.76): "no valid path found"
[planner_server-12] [WARN] [1773385706.138386692] [planner_server]: [compute_path_through_poses] [ActionServer] Aborting handle.
[controller_server-10] [INFO] [1773385706.150905141] [local_costmap.local_costmap]: Received request to clear entirely the local_costmap
[controller_server-10] [INFO] [1773385706.155991034] [local_costmap.local_costmap]: KeepoutFilter: Subscribing to "/keepout_costmap_filter_info" topic for filter info...
[controller_server-10] [INFO] [1773385706.160056424] [local_costmap.local_costmap]: KeepoutFilter: Received filter info from /keepout_costmap_filter_info topic.
[planner_server-12] [INFO] [1773385706.160694566] [global_costmap.global_costmap]: Received request to clear entirely the global_costmap
[controller_server-10] [INFO] [1773385706.160967848] [local_costmap.local_costmap]: KeepoutFilter: Subscribing to "/keepout_filter_mask" topic for filter mask...
[planner_server-12] [INFO] [1773385706.168023876] [global_costmap.global_costmap]: KeepoutFilter: Subscribing to "/keepout_costmap_filter_info" topic for filter info...
[controller_server-10] [INFO] [1773385706.173719621] [local_costmap.local_costmap]: Received request to clear entirely the local_costmap
[controller_server-10] [INFO] [1773385706.180344582] [local_costmap.local_costmap]: KeepoutFilter: Subscribing to "/keepout_costmap_filter_info" topic for filter info...
[planner_server-12] [INFO] [1773385706.181985437] [global_costmap.global_costmap]: KeepoutFilter: Received filter info from /keepout_costmap_filter_info topic.
[planner_server-12] [INFO] [1773385706.183261723] [global_costmap.global_costmap]: KeepoutFilter: Subscribing to "/keepout_filter_mask" topic for filter mask...
[planner_server-12] [INFO] [1773385706.192238013] [global_costmap.global_costmap]: Received request to clear entirely the global_costmap
[controller_server-10] [INFO] [1773385706.195687425] [local_costmap.local_costmap]: KeepoutFilter: Received filter info from /keepout_costmap_filter_info topic.
[controller_server-10] [INFO] [1773385706.195822462] [local_costmap.local_costmap]: KeepoutFilter: Subscribing to "/keepout_filter_mask" topic for filter mask...
[planner_server-12] [INFO] [1773385706.206161075] [global_costmap.global_costmap]: KeepoutFilter: Subscribing to "/keepout_costmap_filter_info" topic for filter info...
[planner_server-12] [INFO] [1773385706.216825469] [global_costmap.global_costmap]: KeepoutFilter: Received filter info from /keepout_costmap_filter_info topic.
[planner_server-12] [INFO] [1773385706.216925215] [global_costmap.global_costmap]: KeepoutFilter: Subscribing to "/keepout_filter_mask" topic for filter mask...
[controller_server-10] [WARN] [1773385706.218205292] [local_costmap.local_costmap]: KeepoutFilter: New filter mask arrived from /keepout_filter_mask topic. Updating old filter mask.
[planner_server-12] [WARN] [1773385706.246937176] [global_costmap.global_costmap]: KeepoutFilter: New filter mask arrived from /keepout_filter_mask topic. Updating old filter mask.
[planner_server-12] [WARN] [1773385706.637852149] [planner_server]: GridBased plugin failed to plan from (1.68, -0.90) to (2.11, -6.76): "no valid path found"
[planner_server-12] [WARN] [1773385706.638066225] [planner_server]: [compute_path_through_poses] [ActionServer] Aborting handle.
[planner_server-12] [INFO] [1773385706.650897328] [global_costmap.global_costmap]: Received request to clear entirely the global_costmap
[planner_server-12] [INFO] [1773385706.654140541] [global_costmap.global_costmap]: KeepoutFilter: Subscribing to "/keepout_costmap_filter_info" topic for filter info...
[planner_server-12] [INFO] [1773385706.658744618] [global_costmap.global_costmap]: KeepoutFilter: Received filter info from /keepout_costmap_filter_info topic.
[planner_server-12] [INFO] [1773385706.659000109] [global_costmap.global_costmap]: KeepoutFilter: Subscribing to "/keepout_filter_mask" topic for filter mask...
[planner_server-12] [WARN] [1773385706.680682674] [global_costmap.global_costmap]: KeepoutFilter: New filter mask arrived from /keepout_filter_mask topic. Updating old filter mask.
[delivery_robot_main_controller-20] [0m[INFO] [1773385707.007393713] [main_controller_node]: State change: STANDBY -> MOVE[0m
[delivery_robot_main_controller-20] [0m[INFO] [1773385707.031731803] [main_controller_node]: Robot is MOVING.[0m
[planner_server-12] [WARN] [1773385707.141732400] [planner_server]: GridBased plugin failed to plan from (1.68, -0.90) to (2.11, -6.76): "no valid path found"
[planner_server-12] [WARN] [1773385707.141847021] [planner_server]: [compute_path_through_poses] [ActionServer] Aborting handle.
[behavior_server-13] [INFO] [1773385707.145002153] [behavior_server]: Running wait
[behavior_server-13] [INFO] [1773385712.146218107] [behavior_server]: wait completed successfully
[controller_server-10] [INFO] [1773385712.160490282] [local_costmap.local_costmap]: Received request to clear entirely the local_costmap
[controller_server-10] [INFO] [1773385712.164369303] [local_costmap.local_costmap]: KeepoutFilter: Subscribing to "/keepout_costmap_filter_info" topic for filter info...
[controller_server-10] [INFO] [1773385712.170631153] [local_costmap.local_costmap]: KeepoutFilter: Received filter info from /keepout_costmap_filter_info topic.
[controller_server-10] [INFO] [1773385712.170893351] [local_costmap.local_costmap]: KeepoutFilter: Subscribing to "/keepout_filter_mask" topic for filter mask...
[planner_server-12] [INFO] [1773385712.173479171] [global_costmap.global_costmap]: Received request to clear entirely the global_costmap
[planner_server-12] [INFO] [1773385712.185940456] [global_costmap.global_costmap]: KeepoutFilter: Subscribing to "/keepout_costmap_filter_info" topic for filter info...
[controller_server-10] [WARN] [1773385712.193951364] [local_costmap.local_costmap]: KeepoutFilter: New filter mask arrived from /keepout_filter_mask topic. Updating old filter mask.
[planner_server-12] [INFO] [1773385712.196729969] [global_costmap.global_costmap]: KeepoutFilter: Received filter info from /keepout_costmap_filter_info topic.
[planner_server-12] [INFO] [1773385712.196810466] [global_costmap.global_costmap]: KeepoutFilter: Subscribing to "/keepout_filter_mask" topic for filter mask...
[planner_server-12] [WARN] [1773385712.215206070] [global_costmap.global_costmap]: KeepoutFilter: New filter mask arrived from /keepout_filter_mask topic. Updating old filter mask.
[planner_server-12] [WARN] [1773385712.644217119] [planner_server]: GridBased plugin failed to plan from (1.68, -0.90) to (2.11, -6.76): "no valid path found"
[planner_server-12] [WARN] [1773385712.644423320] [planner_server]: [compute_path_through_poses] [ActionServer] Aborting handle.
[planner_server-12] [INFO] [1773385712.661179527] [global_costmap.global_costmap]: Received request to clear entirely the global_costmap
[planner_server-12] [INFO] [1773385712.664056711] [global_costmap.global_costmap]: KeepoutFilter: Subscribing to "/keepout_costmap_filter_info" topic for filter info...
[planner_server-12] [INFO] [1773385712.668914238] [global_costmap.global_costmap]: KeepoutFilter: Received filter info from /keepout_costmap_filter_info topic.
[planner_server-12] [INFO] [1773385712.669002609] [global_costmap.global_costmap]: KeepoutFilter: Subscribing to "/keepout_filter_mask" topic for filter mask...
[planner_server-12] [WARN] [1773385712.690324396] [global_costmap.global_costmap]: KeepoutFilter: New filter mask arrived from /keepout_filter_mask topic. Updating old filter mask.
[planner_server-12] [WARN] [1773385713.147375230] [planner_server]: GridBased plugin failed to plan from (1.68, -0.90) to (2.11, -6.76): "no valid path found"
[planner_server-12] [WARN] [1773385713.147588722] [planner_server]: [compute_path_through_poses] [ActionServer] Aborting handle.
[controller_server-10] [INFO] [1773385713.160788479] [local_costmap.local_costmap]: Received request to clear entirely the local_costmap
[controller_server-10] [INFO] [1773385713.165109359] [local_costmap.local_costmap]: KeepoutFilter: Subscribing to "/keepout_costmap_filter_info" topic for filter info...
[controller_server-10] [INFO] [1773385713.168219284] [local_costmap.local_costmap]: KeepoutFilter: Received filter info from /keepout_costmap_filter_info topic.
[planner_server-12] [INFO] [1773385713.168402153] [global_costmap.global_costmap]: Received request to clear entirely the global_costmap
[controller_server-10] [INFO] [1773385713.168441526] [local_costmap.local_costmap]: KeepoutFilter: Subscribing to "/keepout_filter_mask" topic for filter mask...
[controller_server-10] [WARN] [1773385713.183462381] [local_costmap.local_costmap]: KeepoutFilter: New filter mask arrived from /keepout_filter_mask topic. Updating old filter mask.
[planner_server-12] [INFO] [1773385713.185469848] [global_costmap.global_costmap]: KeepoutFilter: Subscribing to "/keepout_costmap_filter_info" topic for filter info...
[controller_server-10] [INFO] [1773385713.190884437] [local_costmap.local_costmap]: Received request to clear entirely the local_costmap
[planner_server-12] [INFO] [1773385713.197383111] [global_costmap.global_costmap]: KeepoutFilter: Received filter info from /keepout_costmap_filter_info topic.
[planner_server-12] [INFO] [1773385713.197645601] [global_costmap.global_costmap]: KeepoutFilter: Subscribing to "/keepout_filter_mask" topic for filter mask...
[controller_server-10] [INFO] [1773385713.200516369] [local_costmap.local_costmap]: KeepoutFilter: Subscribing to "/keepout_costmap_filter_info" topic for filter info...
[planner_server-12] [INFO] [1773385713.212227806] [global_costmap.global_costmap]: Received request to clear entirely the global_costmap
[controller_server-10] [INFO] [1773385713.215146989] [local_costmap.local_costmap]: KeepoutFilter: Received filter info from /keepout_costmap_filter_info topic.
[controller_server-10] [INFO] [1773385713.215290192] [local_costmap.local_costmap]: KeepoutFilter: Subscribing to "/keepout_filter_mask" topic for filter mask...
[planner_server-12] [INFO] [1773385713.229939769] [global_costmap.global_costmap]: KeepoutFilter: Subscribing to "/keepout_costmap_filter_info" topic for filter info...
[planner_server-12] [INFO] [1773385713.242620379] [global_costmap.global_costmap]: KeepoutFilter: Received filter info from /keepout_costmap_filter_info topic.
[planner_server-12] [INFO] [1773385713.242755999] [global_costmap.global_costmap]: KeepoutFilter: Subscribing to "/keepout_filter_mask" topic for filter mask...
[planner_server-12] [WARN] [1773385713.259030682] [global_costmap.global_costmap]: KeepoutFilter: New filter mask arrived from /keepout_filter_mask topic. Updating old filter mask.
[controller_server-10] [WARN] [1773385713.461915474] [local_costmap.local_costmap]: KeepoutFilter: New filter mask arrived from /keepout_filter_mask topic. Updating old filter mask.
[planner_server-12] [WARN] [1773385713.629894613] [planner_server]: GridBased plugin failed to plan from (1.69, -0.90) to (2.11, -6.76): "no valid path found"
[planner_server-12] [WARN] [1773385713.630810120] [planner_server]: [compute_path_through_poses] [ActionServer] Aborting handle.
[planner_server-12] [INFO] [1773385713.640985990] [global_costmap.global_costmap]: Received request to clear entirely the global_costmap
[planner_server-12] [INFO] [1773385713.648292258] [global_costmap.global_costmap]: KeepoutFilter: Subscribing to "/keepout_costmap_filter_info" topic for filter info...
[planner_server-12] [INFO] [1773385713.654200912] [global_costmap.global_costmap]: KeepoutFilter: Received filter info from /keepout_costmap_filter_info topic.
[planner_server-12] [INFO] [1773385713.654322825] [global_costmap.global_costmap]: KeepoutFilter: Subscribing to "/keepout_filter_mask" topic for filter mask...
[planner_server-12] [WARN] [1773385713.664546817] [global_costmap.global_costmap]: KeepoutFilter: New filter mask arrived from /keepout_filter_mask topic. Updating old filter mask.
[planner_server-12] [WARN] [1773385714.135854077] [planner_server]: GridBased plugin failed to plan from (1.69, -0.90) to (2.11, -6.76): "no valid path found"
[planner_server-12] [WARN] [1773385714.136052403] [planner_server]: [compute_path_through_poses] [ActionServer] Aborting handle.
[bt_navigator-14] [WARN] [1773385714.160348787] [bt_navigator]: [navigate_through_poses] [ActionServer] Aborting handle.
[bt_navigator-14] [ERROR] [1773385714.160589694] [bt_navigator]: Goal failed
[delivery_robot_main_controller-20] [33m[WARN] [1773385714.886714555] [main_controller_node]: Goal failed![0m
[delivery_robot_main_controller-20] [33m[WARN] [1773385714.894229650] [main_controller_node]: Blocked lane encountered; stopping with FAILED per setting.[0m
[delivery_robot_main_controller-20] [0m[INFO] [1773385714.898167877] [main_controller_node]: State change: MOVE -> SAFE_STOP[0m
[delivery_robot_main_controller-20] [0m[INFO] [1773385714.915197366] [main_controller_node]: Robot is in SAFE_STOP. Awaiting user to switch to STANDBY.[0m
[delivery_robot_main_controller-20] [0m[INFO] [1773385714.919765278] [main_controller_node]: Robot is in SAFE_STOP. Awaiting user to switch to STANDBY.[0m
[delivery_robot_main_controller-20] [0m[INFO] [1773385714.953562932] [main_controller_node]: Current state: SAFE_STOP, dock_state IDLE, charge_state NOT_CHARGE[0m
[delivery_robot_main_controller-20] [0m[INFO] [1773385715.286058088] [main_controller_node]: Current state: SAFE_STOP, dock_state IDLE, charge_state NOT_CHARGE[0m
[delivery_robot_main_controller-20] [0m[INFO] [1773385715.958794486] [main_controller_node]: Published message: "safe_stop"[0m
[robot_sound-21] [0m[INFO] [1773385716.262161690] [robot_sound_node]: 🔔 Received sound command: safe_stop[0m
[delivery_robot_main_controller-20] [0m[INFO] [1773385716.281020735] [main_controller_node]: Current state: SAFE_STOP, dock_state IDLE, charge_state NOT_CHARGE[0m
[robot_sound-21] Simple mixer control 'PCM',0
[robot_sound-21]   Capabilities: pvolume pswitch pswitch-joined
[robot_sound-21]   Playback channels: Front Left - Front Right
[robot_sound-21]   Limits: Playback 0 - 147
[robot_sound-21]   Mono:
[robot_sound-21]   Front Left: Playback 147 [100%] [-0.94dB] [on]
[robot_sound-21]   Front Right: Playback 147 [100%] [-0.94dB] [on]
[robot_sound-21] [0m[INFO] [1773385716.290164435] [robot_sound_node]: 🔊 Playing sound: /home/smr/workspaces/mini_amr/amrROS2_ws/sounds/robot_safestop.wav[0m
[robot_sound-21] Playing WAVE '/home/smr/workspaces/mini_amr/amrROS2_ws/sounds/robot_safestop.wav' : Signed 16 bit Little Endian, Rate 22050 Hz, Mono
[delivery_robot_main_controller-20] [0m[INFO] [1773385717.286282621] [main_controller_node]: Current state: SAFE_STOP, dock_state IDLE, charge_state NOT_CHARGE[0m
[delivery_robot_main_controller-20] [0m[INFO] [1773385718.284835259] [main_controller_node]: Current state: SAFE_STOP, dock_state IDLE, charge_state NOT_CHARGE[0m
[delivery_robot_main_controller-20] [0m[INFO] [1773385719.282274646] [main_controller_node]: Current state: SAFE_STOP, dock_state IDLE, charge_state NOT_CHARGE[0m
[delivery_robot_main_controller-20] [0m[INFO] [1773385720.281813955] [main_controller_node]: Current state: SAFE_STOP, dock_state IDLE, charge_state NOT_CHARGE[0m
[delivery_robot_main_controller-20] [0m[INFO] [1773385721.286032880] [main_controller_node]: Current state: SAFE_STOP, dock_state IDLE, charge_state NOT_CHARGE[0m
[delivery_robot_main_controller-20] [0m[INFO] [1773385722.309863906] [main_controller_node]: Current state: SAFE_STOP, dock_state IDLE, charge_state NOT_CHARGE[0m
[delivery_robot_main_controller-20] [0m[INFO] [1773385722.920657578] [main_controller_node]: SAFE_STOP cleared to STANDBY via API/GUI.[0m
[delivery_robot_main_controller-20] [0m[INFO] [1773385722.921419091] [main_controller_node]: State change: SAFE_STOP -> STANDBY[0m
[delivery_robot_main_controller-20] [0m[INFO] [1773385722.931003191] [main_controller_node]: Robot is in STANDBY mode.[0m
[delivery_robot_main_controller-20] [0m[INFO] [1773385723.293119490] [main_controller_node]: Current state: STANDBY, dock_state IDLE, charge_state NOT_CHARGE[0m
[delivery_robot_main_controller-20] [0m[INFO] [1773385723.354718063] [main_controller_node]: 1 pending queues [0m
[delivery_robot_main_controller-20] [0m[INFO] [1773385723.355728067] [main_controller_node]: Queue action: Request[0m
[delivery_robot_main_controller-20] [0m[INFO] [1773385723.389113611] [main_controller_node]: AGV start_pos: x=1.98, y=-2.14[0m
[delivery_robot_main_controller-20] [0m[INFO] [1773385723.391283530] [main_controller_node]: AGV goal_pos: x=-0.32, y=-7.98[0m
[delivery_robot_main_controller-20] Graph before shortest_path: Graph with 11 nodes and 10 edges
[delivery_robot_main_controller-20] [0m[INFO] [1773385723.429001328] [main_controller_node]: Computed AGV path waypoints:[0m
[delivery_robot_main_controller-20] [0m[INFO] [1773385723.429720260] [main_controller_node]:   Waypoint 0: x=1.98, y=-2.14[0m
[delivery_robot_main_controller-20] [0m[INFO] [1773385723.430419067] [main_controller_node]:   Waypoint 1: x=2.11, y=-6.76[0m
[delivery_robot_main_controller-20] [0m[INFO] [1773385723.431084042] [main_controller_node]:   Waypoint 2: x=-0.34, y=-6.81[0m
[delivery_robot_main_controller-20] [0m[INFO] [1773385723.431731518] [main_controller_node]:   Waypoint 3: x=-0.32, y=-7.98[0m
[delivery_robot_main_controller-20] [0m[INFO] [1773385723.433230337] [main_controller_node]: Navigating with 4 goals....[0m
[bt_navigator-14] [INFO] [1773385723.435764242] [bt_navigator]: Begin navigating from current location through 4 poses to (-0.32, -7.98)
[controller_server-10] [INFO] [1773385723.436337054] [local_costmap.local_costmap]: Received request to clear entirely the local_costmap
[controller_server-10] [INFO] [1773385723.444015767] [local_costmap.local_costmap]: KeepoutFilter: Subscribing to "/keepout_costmap_filter_info" topic for filter info...
[controller_server-10] [INFO] [1773385723.448595054] [local_costmap.local_costmap]: KeepoutFilter: Received filter info from /keepout_costmap_filter_info topic.
[controller_server-10] [INFO] [1773385723.448715800] [local_costmap.local_costmap]: KeepoutFilter: Subscribing to "/keepout_filter_mask" topic for filter mask...
[planner_server-12] [INFO] [1773385723.448682259] [global_costmap.global_costmap]: Received request to clear entirely the global_costmap
[planner_server-12] [INFO] [1773385723.465265223] [global_costmap.global_costmap]: KeepoutFilter: Subscribing to "/keepout_costmap_filter_info" topic for filter info...
[planner_server-12] [INFO] [1773385723.479490149] [global_costmap.global_costmap]: KeepoutFilter: Received filter info from /keepout_costmap_filter_info topic.
[planner_server-12] [INFO] [1773385723.479613228] [global_costmap.global_costmap]: KeepoutFilter: Subscribing to "/keepout_filter_mask" topic for filter mask...
[controller_server-10] [WARN] [1773385723.488677014] [local_costmap.local_costmap]: KeepoutFilter: New filter mask arrived from /keepout_filter_mask topic. Updating old filter mask.
[planner_server-12] [WARN] [1773385723.495698627] [global_costmap.global_costmap]: KeepoutFilter: New filter mask arrived from /keepout_filter_mask topic. Updating old filter mask.
[controller_server-10] [INFO] [1773385723.658906569] [controller_server]: Received a goal, begin computing control effort.
[controller_server-10] [INFO] [1773385723.859413491] [controller_server]: Passing new path to controller.
[controller_server-10] [INFO] [1773385723.959529583] [controller_server]: Passing new path to controller.
[controller_server-10] [INFO] [1773385724.159447069] [controller_server]: Passing new path to controller.
[controller_server-10] [INFO] [1773385724.359454386] [controller_server]: Passing new path to controller.
[controller_server-10] [INFO] [1773385724.459442149] [controller_server]: Passing new path to controller.
[controller_server-10] [INFO] [1773385724.659483880] [controller_server]: Passing new path to controller.
[delivery_robot_main_controller-20] [0m[INFO] [1773385724.816670880] [main_controller_node]: State change: STANDBY -> MOVE[0m
[delivery_robot_main_controller-20] [0m[INFO] [1773385724.833325591] [main_controller_node]: Robot is MOVING.[0m
[controller_server-10] [INFO] [1773385724.859586568] [controller_server]: Passing new path to controller.
[controller_server-10] [INFO] [1773385724.959439003] [controller_server]: Passing new path to controller.
[controller_server-10] [INFO] [1773385725.159413362] [controller_server]: Passing new path to controller.
[controller_server-10] [INFO] [1773385725.259450415] [controller_server]: Passing new path to controller.
[controller_server-10] [INFO] [1773385725.359444303] [controller_server]: Passing new path to controller.
[controller_server-10] [INFO] [1773385725.459445773] [controller_server]: Passing new path to controller.
[controller_server-10] [INFO] [1773385725.659404383] [controller_server]: Passing new path to controller.
[controller_server-10] [INFO] [1773385725.759620804] [controller_server]: Passing new path to controller.
[controller_server-10] [INFO] [1773385725.859444948] [controller_server]: Passing new path to controller.
[controller_server-10] [INFO] [1773385726.059412600] [controller_server]: Passing new path to controller.
[controller_server-10] [INFO] [1773385726.159411737] [controller_server]: Passing new path to controller.
[controller_server-10] [INFO] [1773385726.259412625] [controller_server]: Passing new path to controller.
[controller_server-10] [INFO] [1773385726.459455815] [controller_server]: Passing new path to controller.
[controller_server-10] [INFO] [1773385726.559441536] [controller_server]: Passing new path to controller.
[controller_server-10] [INFO] [1773385726.659452048] [controller_server]: Passing new path to controller.
[controller_server-10] [INFO] [1773385726.859416199] [controller_server]: Passing new path to controller.
[controller_server-10] [INFO] [1773385726.959446544] [controller_server]: Passing new path to controller.
[controller_server-10] [INFO] [1773385727.059442765] [controller_server]: Passing new path to controller.
[controller_server-10] [INFO] [1773385727.159419737] [controller_server]: Passing new path to controller.
[controller_server-10] [INFO] [1773385727.359446011] [controller_server]: Passing new path to controller.
[controller_server-10] [INFO] [1773385727.459413066] [controller_server]: Passing new path to controller.
[controller_server-10] [INFO] [1773385727.559413370] [controller_server]: Passing new path to controller.
[controller_server-10] [INFO] [1773385727.759420103] [controller_server]: Passing new path to controller.
[controller_server-10] [INFO] [1773385727.859414574] [controller_server]: Passing new path to controller.
[controller_server-10] [INFO] [1773385727.959409629] [controller_server]: Passing new path to controller.
[controller_server-10] [INFO] [1773385728.159414320] [controller_server]: Passing new path to controller.
[controller_server-10] [INFO] [1773385728.259411708] [controller_server]: Passing new path to controller.
[controller_server-10] [INFO] [1773385728.359410554] [controller_server]: Passing new path to controller.
[controller_server-10] [INFO] [1773385728.559497492] [controller_server]: Passing new path to controller.
[controller_server-10] [INFO] [1773385728.759415562] [controller_server]: Passing new path to controller.
[controller_server-10] [INFO] [1773385728.859415574] [controller_server]: Passing new path to controller.
[controller_server-10] [INFO] [1773385728.959411212] [controller_server]: Passing new path to controller.
[controller_server-10] [INFO] [1773385729.159410070] [controller_server]: Passing new path to controller.
[controller_server-10] [INFO] [1773385729.359411262] [controller_server]: Passing new path to controller.
[controller_server-10] [INFO] [1773385729.459494688] [controller_server]: Passing new path to controller.
[controller_server-10] [INFO] [1773385729.559441036] [controller_server]: Passing new path to controller.
[controller_server-10] [INFO] [1773385729.759441936] [controller_server]: Passing new path to controller.
[controller_server-10] [INFO] [1773385729.859664481] [controller_server]: Passing new path to controller.
[controller_server-10] [INFO] [1773385729.959444002] [controller_server]: Passing new path to controller.
[controller_server-10] [INFO] [1773385730.159439361] [controller_server]: Passing new path to controller.
[controller_server-10] [INFO] [1773385730.259441706] [controller_server]: Passing new path to controller.
[controller_server-10] [INFO] [1773385730.359451052] [controller_server]: Passing new path to controller.
[controller_server-10] [INFO] [1773385730.559443785] [controller_server]: Passing new path to controller.
[controller_server-10] [INFO] [1773385730.659443215] [controller_server]: Passing new path to controller.
[controller_server-10] [INFO] [1773385730.759455768] [controller_server]: Passing new path to controller.
[controller_server-10] [INFO] [1773385730.959440335] [controller_server]: Passing new path to controller.
[controller_server-10] [INFO] [1773385731.059440056] [controller_server]: Passing new path to controller.
[controller_server-10] [INFO] [1773385731.159442985] [controller_server]: Passing new path to controller.
[controller_server-10] [INFO] [1773385731.359440385] [controller_server]: Passing new path to controller.
[controller_server-10] [INFO] [1773385731.459507770] [controller_server]: Passing new path to controller.
[controller_server-10] [INFO] [1773385731.559442744] [controller_server]: Passing new path to controller.
[controller_server-10] [INFO] [1773385731.759450935] [controller_server]: Passing new path to controller.
[controller_server-10] [INFO] [1773385731.859453281] [controller_server]: Passing new path to controller.
[controller_server-10] [INFO] [1773385731.959442794] [controller_server]: Passing new path to controller.
[controller_server-10] [INFO] [1773385732.059444556] [controller_server]: Passing new path to controller.
[controller_server-10] [INFO] [1773385732.259449539] [controller_server]: Passing new path to controller.
[controller_server-10] [INFO] [1773385732.359442260] [controller_server]: Passing new path to controller.
[controller_server-10] [INFO] [1773385732.459452481] [controller_server]: Passing new path to controller.
[controller_server-10] [INFO] [1773385732.559451910] [controller_server]: Passing new path to controller.
[controller_server-10] [INFO] [1773385732.759462143] [controller_server]: Passing new path to controller.
[controller_server-10] [INFO] [1773385732.859416074] [controller_server]: Passing new path to controller.
[controller_server-10] [INFO] [1773385732.959414336] [controller_server]: Passing new path to controller.
[controller_server-10] [INFO] [1773385733.159411445] [controller_server]: Passing new path to controller.
[controller_server-10] [INFO] [1773385733.259408832] [controller_server]: Passing new path to controller.
[controller_server-10] [INFO] [1773385733.359410886] [controller_server]: Passing new path to controller.
[controller_server-10] [INFO] [1773385733.559414994] [controller_server]: Passing new path to controller.
[controller_server-10] [INFO] [1773385733.659411799] [controller_server]: Passing new path to controller.
[controller_server-10] [ERROR] [1773385733.659867365] [controller_server]: Failed to make progress
[controller_server-10] [INFO] [1773385733.660452718] [controller_server]: Optimizer reset
[controller_server-10] [WARN] [1773385733.660501425] [controller_server]: [follow_path] [ActionServer] Aborting handle.
[controller_server-10] [INFO] [1773385733.689256058] [local_costmap.local_costmap]: Received request to clear entirely the local_costmap
[controller_server-10] [INFO] [1773385733.693860428] [local_costmap.local_costmap]: KeepoutFilter: Subscribing to "/keepout_costmap_filter_info" topic for filter info...
[controller_server-10] [INFO] [1773385733.697305466] [local_costmap.local_costmap]: KeepoutFilter: Received filter info from /keepout_costmap_filter_info topic.
[controller_server-10] [INFO] [1773385733.697454793] [local_costmap.local_costmap]: KeepoutFilter: Subscribing to "/keepout_filter_mask" topic for filter mask...
[controller_server-10] [INFO] [1773385733.701927626] [controller_server]: Received a goal, begin computing control effort.
[controller_server-10] [WARN] [1773385733.710054906] [local_costmap.local_costmap]: KeepoutFilter: New filter mask arrived from /keepout_filter_mask topic. Updating old filter mask.
[controller_server-10] [INFO] [1773385733.792303582] [controller_server]: Passing new path to controller.
[controller_server-10] [INFO] [1773385734.002359606] [controller_server]: Passing new path to controller.
[controller_server-10] [INFO] [1773385734.202349715] [controller_server]: Passing new path to controller.
[controller_server-10] [INFO] [1773385734.302315020] [controller_server]: Passing new path to controller.
[controller_server-10] [INFO] [1773385734.502351210] [controller_server]: Passing new path to controller.
[controller_server-10] [INFO] [1773385734.702346861] [controller_server]: Passing new path to controller.
[controller_server-10] [INFO] [1773385734.802346290] [controller_server]: Passing new path to controller.
[controller_server-10] [INFO] [1773385734.902502338] [controller_server]: Passing new path to controller.
[controller_server-10] [INFO] [1773385735.102358868] [controller_server]: Passing new path to controller.
[controller_server-10] [INFO] [1773385735.202379005] [controller_server]: Passing new path to controller.
[controller_server-10] [INFO] [1773385735.302336144] [controller_server]: Passing new path to controller.
[controller_server-10] [INFO] [1773385735.502396542] [controller_server]: Passing new path to controller.
[controller_server-10] [INFO] [1773385735.602356889] [controller_server]: Passing new path to controller.
[controller_server-10] [INFO] [1773385735.702343486] [controller_server]: Passing new path to controller.
[controller_server-10] [INFO] [1773385735.902344094] [controller_server]: Passing new path to controller.
[controller_server-10] [INFO] [1773385736.002383771] [controller_server]: Passing new path to controller.
[controller_server-10] [INFO] [1773385736.102310287] [controller_server]: Passing new path to controller.
[controller_server-10] [INFO] [1773385736.302340352] [controller_server]: Passing new path to controller.
[controller_server-10] [INFO] [1773385736.402318782] [controller_server]: Passing new path to controller.
[controller_server-10] [INFO] [1773385736.502319086] [controller_server]: Passing new path to controller.
[controller_server-10] [INFO] [1773385736.702549519] [controller_server]: Passing new path to controller.
[controller_server-10] [INFO] [1773385736.802322040] [controller_server]: Passing new path to controller.
[controller_server-10] [INFO] [1773385736.902702955] [controller_server]: Passing new path to controller.
[controller_server-10] [INFO] [1773385737.002312149] [controller_server]: Passing new path to controller.
[controller_server-10] [INFO] [1773385737.202779698] [controller_server]: Passing new path to controller.
[controller_server-10] [INFO] [1773385737.302316270] [controller_server]: Passing new path to controller.
[controller_server-10] [INFO] [1773385737.402451902] [controller_server]: Passing new path to controller.
[controller_server-10] [INFO] [1773385737.602316015] [controller_server]: Passing new path to controller.
[controller_server-10] [INFO] [1773385737.702339944] [controller_server]: Passing new path to controller.
[controller_server-10] [INFO] [1773385737.802353081] [controller_server]: Passing new path to controller.
[controller_server-10] [INFO] [1773385738.002325690] [controller_server]: Passing new path to controller.
[controller_server-10] [INFO] [1773385738.102327161] [controller_server]: Passing new path to controller.
[controller_server-10] [INFO] [1773385738.202306757] [controller_server]: Passing new path to controller.
[controller_server-10] [INFO] [1773385738.402349947] [controller_server]: Passing new path to controller.
[controller_server-10] [INFO] [1773385738.605921589] [controller_server]: Passing new path to controller.
[controller_server-10] [INFO] [1773385738.702438648] [controller_server]: Passing new path to controller.
[controller_server-10] [INFO] [1773385738.802945267] [controller_server]: Passing new path to controller.
[controller_server-10] [INFO] [1773385739.002352064] [controller_server]: Passing new path to controller.
[controller_server-10] [INFO] [1773385739.202355006] [controller_server]: Passing new path to controller.
[controller_server-10] [INFO] [1773385739.302327311] [controller_server]: Passing new path to controller.
[controller_server-10] [INFO] [1773385739.502316253] [controller_server]: Passing new path to controller.
[controller_server-10] [INFO] [1773385739.702353026] [controller_server]: Passing new path to controller.
[controller_server-10] [INFO] [1773385739.802358289] [controller_server]: Passing new path to controller.
[controller_server-10] [INFO] [1773385740.002317773] [controller_server]: Passing new path to controller.
[controller_server-10] [INFO] [1773385740.102314578] [controller_server]: Passing new path to controller.
[controller_server-10] [INFO] [1773385740.202359214] [controller_server]: Passing new path to controller.
[controller_server-10] [INFO] [1773385740.302312853] [controller_server]: Passing new path to controller.
[controller_server-10] [INFO] [1773385740.502374709] [controller_server]: Passing new path to controller.
[controller_server-10] [INFO] [1773385740.602318432] [controller_server]: Passing new path to controller.
[controller_server-10] [INFO] [1773385740.802319040] [controller_server]: Passing new path to controller.
[controller_server-10] [INFO] [1773385740.902310886] [controller_server]: Passing new path to controller.
[controller_server-10] [INFO] [1773385741.002454393] [controller_server]: Passing new path to controller.
[controller_server-10] [INFO] [1773385741.102328410] [controller_server]: Passing new path to controller.
[controller_server-10] [INFO] [1773385741.302312394] [controller_server]: Passing new path to controller.
[controller_server-10] [INFO] [1773385741.402338364] [controller_server]: Passing new path to controller.
[controller_server-10] [INFO] [1773385741.502312419] [controller_server]: Passing new path to controller.
[controller_server-10] [INFO] [1773385741.702311861] [controller_server]: Passing new path to controller.
[controller_server-10] [INFO] [1773385741.802328790] [controller_server]: Passing new path to controller.
[controller_server-10] [INFO] [1773385741.902407549] [controller_server]: Passing new path to controller.
[controller_server-10] [INFO] [1773385742.002386562] [controller_server]: Passing new path to controller.
[controller_server-10] [INFO] [1773385742.202371713] [controller_server]: Passing new path to controller.
[controller_server-10] [INFO] [1773385742.302318352] [controller_server]: Passing new path to controller.
[controller_server-10] [INFO] [1773385742.402310782] [controller_server]: Passing new path to controller.
[controller_server-10] [INFO] [1773385742.602316348] [controller_server]: Passing new path to controller.
[controller_server-10] [INFO] [1773385742.702346110] [controller_server]: Passing new path to controller.
[controller_server-10] [INFO] [1773385742.902322219] [controller_server]: Passing new path to controller.
[controller_server-10] [INFO] [1773385743.002342356] [controller_server]: Passing new path to controller.
[controller_server-10] [INFO] [1773385743.102352576] [controller_server]: Passing new path to controller.
[controller_server-10] [INFO] [1773385743.202591163] [controller_server]: Passing new path to controller.
[controller_server-10] [INFO] [1773385743.402343864] [controller_server]: Passing new path to controller.
[controller_server-10] [INFO] [1773385743.502530536] [controller_server]: Passing new path to controller.
[controller_server-10] [INFO] [1773385743.702536686] [controller_server]: Passing new path to controller.
[controller_server-10] [INFO] [1773385743.802324081] [controller_server]: Passing new path to controller.
[controller_server-10] [ERROR] [1773385743.802831271] [controller_server]: Failed to make progress
[controller_server-10] [INFO] [1773385743.803462997] [controller_server]: Optimizer reset
[controller_server-10] [WARN] [1773385743.803850899] [controller_server]: [follow_path] [ActionServer] Aborting handle.
[controller_server-10] [INFO] [1773385743.829872718] [local_costmap.local_costmap]: Received request to clear entirely the local_costmap
[controller_server-10] [INFO] [1773385743.834036979] [local_costmap.local_costmap]: KeepoutFilter: Subscribing to "/keepout_costmap_filter_info" topic for filter info...
[planner_server-12] [INFO] [1773385743.838654765] [global_costmap.global_costmap]: Received request to clear entirely the global_costmap
[controller_server-10] [INFO] [1773385743.841857437] [local_costmap.local_costmap]: KeepoutFilter: Received filter info from /keepout_costmap_filter_info topic.
[controller_server-10] [INFO] [1773385743.841949308] [local_costmap.local_costmap]: KeepoutFilter: Subscribing to "/keepout_filter_mask" topic for filter mask...
[planner_server-12] [INFO] [1773385743.846423891] [global_costmap.global_costmap]: KeepoutFilter: Subscribing to "/keepout_costmap_filter_info" topic for filter info...
[controller_server-10] [INFO] [1773385743.853226470] [local_costmap.local_costmap]: Received request to clear entirely the local_costmap
[planner_server-12] [INFO] [1773385743.857139324] [global_costmap.global_costmap]: KeepoutFilter: Received filter info from /keepout_costmap_filter_info topic.
[planner_server-12] [INFO] [1773385743.857421064] [global_costmap.global_costmap]: KeepoutFilter: Subscribing to "/keepout_filter_mask" topic for filter mask...
[controller_server-10] [INFO] [1773385743.862362296] [local_costmap.local_costmap]: KeepoutFilter: Subscribing to "/keepout_costmap_filter_info" topic for filter info...
[planner_server-12] [INFO] [1773385743.867191532] [global_costmap.global_costmap]: Received request to clear entirely the global_costmap
[controller_server-10] [INFO] [1773385743.874056233] [local_costmap.local_costmap]: KeepoutFilter: Received filter info from /keepout_costmap_filter_info topic.
[controller_server-10] [INFO] [1773385743.874155980] [local_costmap.local_costmap]: KeepoutFilter: Subscribing to "/keepout_filter_mask" topic for filter mask...
[planner_server-12] [INFO] [1773385743.874324265] [global_costmap.global_costmap]: KeepoutFilter: Subscribing to "/keepout_costmap_filter_info" topic for filter info...
[planner_server-12] [INFO] [1773385743.885022782] [global_costmap.global_costmap]: KeepoutFilter: Received filter info from /keepout_costmap_filter_info topic.
[planner_server-12] [INFO] [1773385743.885403976] [global_costmap.global_costmap]: KeepoutFilter: Subscribing to "/keepout_filter_mask" topic for filter mask...
[controller_server-10] [WARN] [1773385743.903919451] [local_costmap.local_costmap]: KeepoutFilter: New filter mask arrived from /keepout_filter_mask topic. Updating old filter mask.
[planner_server-12] [WARN] [1773385743.918866809] [global_costmap.global_costmap]: KeepoutFilter: New filter mask arrived from /keepout_filter_mask topic. Updating old filter mask.
[planner_server-12] [WARN] [1773385744.124802028] [planner_server]: Planner loop missed its desired rate of 5.0000 Hz. Current loop rate is 4.1075 Hz
[controller_server-10] [INFO] [1773385744.141823642] [controller_server]: Received a goal, begin computing control effort.
[controller_server-10] [INFO] [1773385744.342206028] [controller_server]: Passing new path to controller.
[controller_server-10] [INFO] [1773385744.442158209] [controller_server]: Passing new path to controller.
[controller_server-10] [INFO] [1773385744.642121777] [controller_server]: Passing new path to controller.
[controller_server-10] [INFO] [1773385744.842124427] [controller_server]: Passing new path to controller.
[controller_server-10] [INFO] [1773385744.942120356] [controller_server]: Passing new path to controller.
[controller_server-10] [INFO] [1773385745.242119519] [controller_server]: Passing new path to controller.
[controller_server-10] [INFO] [1773385745.342117781] [controller_server]: Passing new path to controller.
[controller_server-10] [INFO] [1773385745.442152792] [controller_server]: Passing new path to controller.
[controller_server-10] [INFO] [1773385745.542130931] [controller_server]: Passing new path to controller.
[controller_server-10] [INFO] [1773385745.742124248] [controller_server]: Passing new path to controller.
[controller_server-10] [INFO] [1773385745.842123093] [controller_server]: Passing new path to controller.
[controller_server-10] [INFO] [1773385745.942122231] [controller_server]: Passing new path to controller.
[controller_server-10] [INFO] [1773385746.142122256] [controller_server]: Passing new path to controller.
[controller_server-10] [INFO] [1773385746.242122560] [controller_server]: Passing new path to controller.
[controller_server-10] [INFO] [1773385746.342120239] [controller_server]: Passing new path to controller.
[controller_server-10] [INFO] [1773385746.442123168] [controller_server]: Passing new path to controller.
[controller_server-10] [INFO] [1773385746.642122902] [controller_server]: Passing new path to controller.
[controller_server-10] [INFO] [1773385746.742120289] [controller_server]: Passing new path to controller.
[controller_server-10] [INFO] [1773385746.842122635] [controller_server]: Passing new path to controller.
[controller_server-10] [INFO] [1773385747.042120618] [controller_server]: Passing new path to controller.
[controller_server-10] [INFO] [1773385747.142119756] [controller_server]: Passing new path to controller.
[controller_server-10] [INFO] [1773385747.242124727] [controller_server]: Passing new path to controller.
[controller_server-10] [INFO] [1773385747.442120960] [controller_server]: Passing new path to controller.
[controller_server-10] [INFO] [1773385747.542122722] [controller_server]: Passing new path to controller.
[controller_server-10] [INFO] [1773385747.642118943] [controller_server]: Passing new path to controller.
[controller_server-10] [INFO] [1773385747.842123052] [controller_server]: Passing new path to controller.
[controller_server-10] [INFO] [1773385747.942123064] [controller_server]: Passing new path to controller.
[controller_server-10] [INFO] [1773385748.142126297] [controller_server]: Passing new path to controller.
[controller_server-10] [INFO] [1773385748.244241981] [controller_server]: Passing new path to controller.
[controller_server-10] [INFO] [1773385748.342124281] [controller_server]: Passing new path to controller.
[controller_server-10] [INFO] [1773385748.542128097] [controller_server]: Passing new path to controller.
[controller_server-10] [INFO] [1773385748.642126360] [controller_server]: Passing new path to controller.
[controller_server-10] [INFO] [1773385748.842122885] [controller_server]: Passing new path to controller.
[controller_server-10] [INFO] [1773385748.942123189] [controller_server]: Passing new path to controller.
[controller_server-10] [INFO] [1773385749.042122326] [controller_server]: Passing new path to controller.
[controller_server-10] [INFO] [1773385749.242186807] [controller_server]: Passing new path to controller.
[controller_server-10] [INFO] [1773385749.342117114] [controller_server]: Passing new path to controller.
[controller_server-10] [INFO] [1773385749.442120043] [controller_server]: Passing new path to controller.
[controller_server-10] [INFO] [1773385749.742122414] [controller_server]: Passing new path to controller.
[controller_server-10] [INFO] [1773385749.842122426] [controller_server]: Passing new path to controller.
[controller_server-10] [INFO] [1773385749.942121272] [controller_server]: Passing new path to controller.
[controller_server-10] [INFO] [1773385750.142146671] [controller_server]: Passing new path to controller.
[controller_server-10] [INFO] [1773385750.242113143] [controller_server]: Passing new path to controller.
[controller_server-10] [INFO] [1773385750.342122780] [controller_server]: Passing new path to controller.
[controller_server-10] [INFO] [1773385750.542124847] [controller_server]: Passing new path to controller.
[controller_server-10] [INFO] [1773385750.642157233] [controller_server]: Passing new path to controller.
[controller_server-10] [INFO] [1773385750.742152871] [controller_server]: Passing new path to controller.
[controller_server-10] [INFO] [1773385750.842148509] [controller_server]: Passing new path to controller.
[controller_server-10] [INFO] [1773385751.042150575] [controller_server]: Passing new path to controller.
[controller_server-10] [INFO] [1773385751.142152921] [controller_server]: Passing new path to controller.
[controller_server-10] [INFO] [1773385751.242149725] [controller_server]: Passing new path to controller.
[controller_server-10] [INFO] [1773385751.442151500] [controller_server]: Passing new path to controller.
[controller_server-10] [INFO] [1773385751.542153262] [controller_server]: Passing new path to controller.
[controller_server-10] [INFO] [1773385751.642131109] [controller_server]: Passing new path to controller.
[controller_server-10] [INFO] [1773385751.842126468] [controller_server]: Passing new path to controller.
[controller_server-10] [INFO] [1773385751.942123272] [controller_server]: Passing new path to controller.
[controller_server-10] [INFO] [1773385752.042122118] [controller_server]: Passing new path to controller.
[controller_server-10] [INFO] [1773385752.242121851] [controller_server]: Passing new path to controller.
[controller_server-10] [INFO] [1773385752.342123905] [controller_server]: Passing new path to controller.
[controller_server-10] [INFO] [1773385752.542120722] [controller_server]: Passing new path to controller.
[controller_server-10] [INFO] [1773385752.642121609] [controller_server]: Passing new path to controller.
[controller_server-10] [INFO] [1773385752.742121622] [controller_server]: Passing new path to controller.
[controller_server-10] [INFO] [1773385752.942124272] [controller_server]: Passing new path to controller.
[controller_server-10] [INFO] [1773385753.042125451] [controller_server]: Passing new path to controller.
[controller_server-10] [INFO] [1773385753.142200127] [controller_server]: Passing new path to controller.
[controller_server-10] [INFO] [1773385753.342123738] [controller_server]: Passing new path to controller.
[controller_server-10] [INFO] [1773385753.442124042] [controller_server]: Passing new path to controller.
[controller_server-10] [INFO] [1773385753.542203385] [controller_server]: Passing new path to controller.
[controller_server-10] [INFO] [1773385753.742151787] [controller_server]: Passing new path to controller.
[controller_server-10] [INFO] [1773385753.842153550] [controller_server]: Passing new path to controller.
[controller_server-10] [INFO] [1773385753.942152396] [controller_server]: Passing new path to controller.
[controller_server-10] [ERROR] [1773385754.142294165] [controller_server]: Failed to make progress
[controller_server-10] [INFO] [1773385754.143955145] [controller_server]: Optimizer reset
[controller_server-10] [WARN] [1773385754.144084057] [controller_server]: [follow_path] [ActionServer] Aborting handle.
[controller_server-10] [INFO] [1773385754.152707151] [controller_server]: Received a goal, begin computing control effort.
[controller_server-10] [INFO] [1773385754.353006706] [controller_server]: Passing new path to controller.
[controller_server-10] [INFO] [1773385754.453005552] [controller_server]: Passing new path to controller.
[controller_server-10] [INFO] [1773385754.653011702] [controller_server]: Passing new path to controller.
[controller_server-10] [INFO] [1773385754.853013477] [controller_server]: Passing new path to controller.
[controller_server-10] [INFO] [1773385754.953009406] [controller_server]: Passing new path to controller.
[controller_server-10] [INFO] [1773385755.053006794] [controller_server]: Passing new path to controller.
[controller_server-10] [INFO] [1773385755.253012652] [controller_server]: Passing new path to controller.
[controller_server-10] [INFO] [1773385755.353011206] [controller_server]: Passing new path to controller.
[controller_server-10] [INFO] [1773385755.453007135] [controller_server]: Passing new path to controller.
[controller_server-10] [INFO] [1773385755.653010369] [controller_server]: Passing new path to controller.
[controller_server-10] [INFO] [1773385755.753012714] [controller_server]: Passing new path to controller.
[controller_server-10] [INFO] [1773385755.853010685] [controller_server]: Passing new path to controller.
[controller_server-10] [INFO] [1773385755.953009240] [controller_server]: Passing new path to controller.
[controller_server-10] [INFO] [1773385756.153006056] [controller_server]: Passing new path to controller.
[controller_server-10] [INFO] [1773385756.253008402] [controller_server]: Passing new path to controller.
[controller_server-10] [INFO] [1773385756.353009873] [controller_server]: Passing new path to controller.
[controller_server-10] [INFO] [1773385756.553012231] [controller_server]: Passing new path to controller.
[controller_server-10] [INFO] [1773385756.653012535] [controller_server]: Passing new path to controller.
[controller_server-10] [INFO] [1773385756.753010214] [controller_server]: Passing new path to controller.
[controller_server-10] [INFO] [1773385756.953044946] [controller_server]: Passing new path to controller.
[controller_server-10] [INFO] [1773385757.053054584] [controller_server]: Passing new path to controller.
[controller_server-10] [INFO] [1773385757.153046430] [controller_server]: Passing new path to controller.
[controller_server-10] [INFO] [1773385757.353042371] [controller_server]: Passing new path to controller.
[controller_server-10] [INFO] [1773385757.453044717] [controller_server]: Passing new path to controller.
[controller_server-10] [INFO] [1773385757.553042396] [controller_server]: Passing new path to controller.
[controller_server-10] [INFO] [1773385757.753043296] [controller_server]: Passing new path to controller.
[controller_server-10] [INFO] [1773385757.853040101] [controller_server]: Passing new path to controller.
[controller_server-10] [INFO] [1773385757.953045363] [controller_server]: Passing new path to controller.
[controller_server-10] [INFO] [1773385758.153042180] [controller_server]: Passing new path to controller.
[controller_server-10] [INFO] [1773385758.253008652] [controller_server]: Passing new path to controller.
[controller_server-10] [INFO] [1773385758.353008081] [controller_server]: Passing new path to controller.
[controller_server-10] [INFO] [1773385758.453005469] [controller_server]: Passing new path to controller.
[controller_server-10] [INFO] [1773385758.753039921] [controller_server]: Passing new path to controller.
[controller_server-10] [INFO] [1773385758.853052475] [controller_server]: Passing new path to controller.
[controller_server-10] [INFO] [1773385758.953034697] [controller_server]: Passing new path to controller.
[controller_server-10] [INFO] [1773385759.153045513] [controller_server]: Passing new path to controller.
[controller_server-10] [INFO] [1773385759.353047288] [controller_server]: Passing new path to controller.
[controller_server-10] [INFO] [1773385759.453096007] [controller_server]: Passing new path to controller.
[controller_server-10] [INFO] [1773385759.553034771] [controller_server]: Passing new path to controller.
[controller_server-10] [INFO] [1773385759.753009714] [controller_server]: Passing new path to controller.
[controller_server-10] [INFO] [1773385759.853014393] [controller_server]: Passing new path to controller.
[controller_server-10] [INFO] [1773385759.953004489] [controller_server]: Passing new path to controller.
[controller_server-10] [INFO] [1773385760.053009752] [controller_server]: Passing new path to controller.
[controller_server-10] [INFO] [1773385760.253046525] [controller_server]: Passing new path to controller.
[controller_server-10] [INFO] [1773385760.353045663] [controller_server]: Passing new path to controller.
[controller_server-10] [INFO] [1773385760.453047717] [controller_server]: Passing new path to controller.
[controller_server-10] [INFO] [1773385760.653038992] [controller_server]: Passing new path to controller.
[controller_server-10] [INFO] [1773385760.753043088] [controller_server]: Passing new path to controller.
[controller_server-10] [INFO] [1773385760.853037850] [controller_server]: Passing new path to controller.
[controller_server-10] [INFO] [1773385760.953034071] [controller_server]: Passing new path to controller.
[controller_server-10] [INFO] [1773385761.153046054] [controller_server]: Passing new path to controller.
[controller_server-10] [INFO] [1773385761.253019818] [controller_server]: Passing new path to controller.
[controller_server-10] [INFO] [1773385761.453007885] [controller_server]: Passing new path to controller.
[controller_server-10] [INFO] [1773385761.553010814] [controller_server]: Passing new path to controller.
[controller_server-10] [INFO] [1773385761.653006451] [controller_server]: Passing new path to controller.
[controller_server-10] [INFO] [1773385761.853005601] [controller_server]: Passing new path to controller.
[controller_server-10] [INFO] [1773385761.953012905] [controller_server]: Passing new path to controller.
[controller_server-10] [INFO] [1773385762.053030417] [controller_server]: Passing new path to controller.
[controller_server-10] [INFO] [1773385762.153044137] [controller_server]: Passing new path to controller.
[controller_server-10] [INFO] [1773385762.353039788] [controller_server]: Passing new path to controller.
[controller_server-10] [INFO] [1773385762.453041550] [controller_server]: Passing new path to controller.
[controller_server-10] [INFO] [1773385762.553028146] [controller_server]: Passing new path to controller.
[controller_server-10] [INFO] [1773385762.753022047] [controller_server]: Passing new path to controller.
[controller_server-10] [INFO] [1773385762.853005143] [controller_server]: Passing new path to controller.
[controller_server-10] [INFO] [1773385762.953012155] [controller_server]: Passing new path to controller.
[controller_server-10] [INFO] [1773385763.053015668] [controller_server]: Passing new path to controller.
[controller_server-10] [INFO] [1773385763.253013068] [controller_server]: Passing new path to controller.
[controller_server-10] [INFO] [1773385763.353046037] [controller_server]: Passing new path to controller.
[controller_server-10] [INFO] [1773385763.453020967] [controller_server]: Passing new path to controller.
[controller_server-10] [INFO] [1773385763.753008464] [controller_server]: Passing new path to controller.
[controller_server-10] [INFO] [1773385763.853013434] [controller_server]: Passing new path to controller.
[controller_server-10] [INFO] [1773385763.953009072] [controller_server]: Passing new path to controller.
[controller_server-10] [INFO] [1773385764.152998306] [controller_server]: Passing new path to controller.
[controller_server-10] [INFO] [1773385764.353011163] [controller_server]: Passing new path to controller.
[controller_server-10] [INFO] [1773385764.453010593] [controller_server]: Passing new path to controller.
[controller_server-10] [INFO] [1773385764.553035688] [controller_server]: Passing new path to controller.
[controller_server-10] [INFO] [1773385764.653004493] [controller_server]: Passing new path to controller.
[controller_server-10] [INFO] [1773385764.853048558] [controller_server]: Passing new path to controller.
[controller_server-10] [INFO] [1773385764.953008030] [controller_server]: Passing new path to controller.
[controller_server-10] [INFO] [1773385765.053006001] [controller_server]: Passing new path to controller.
[controller_server-10] [INFO] [1773385765.153050054] [controller_server]: Passing new path to controller.
[controller_server-10] [INFO] [1773385765.353077786] [controller_server]: Passing new path to controller.
[controller_server-10] [INFO] [1773385765.453043383] [controller_server]: Passing new path to controller.
[controller_server-10] [INFO] [1773385765.553007813] [controller_server]: Passing new path to controller.
[controller_server-10] [INFO] [1773385765.753005797] [controller_server]: Passing new path to controller.
[controller_server-10] [INFO] [1773385765.853006684] [controller_server]: Passing new path to controller.
[controller_server-10] [INFO] [1773385765.953006405] [controller_server]: Passing new path to controller.
[controller_server-10] [INFO] [1773385766.053004959] [controller_server]: Passing new path to controller.
[controller_server-10] [INFO] [1773385766.253004109] [controller_server]: Passing new path to controller.
[controller_server-10] [INFO] [1773385766.353012872] [controller_server]: Passing new path to controller.
[controller_server-10] [INFO] [1773385766.453047008] [controller_server]: Passing new path to controller.
[controller_server-10] [INFO] [1773385766.653011451] [controller_server]: Passing new path to controller.
[controller_server-10] [INFO] [1773385766.753003005] [controller_server]: Passing new path to controller.
[controller_server-10] [INFO] [1773385766.853047058] [controller_server]: Passing new path to controller.
[controller_server-10] [INFO] [1773385766.953011780] [controller_server]: Passing new path to controller.
[controller_server-10] [INFO] [1773385767.153010638] [controller_server]: Passing new path to controller.
[controller_server-10] [INFO] [1773385767.253043316] [controller_server]: Passing new path to controller.
[controller_server-10] [INFO] [1773385767.353036329] [controller_server]: Passing new path to controller.
[controller_server-10] [INFO] [1773385767.453041591] [controller_server]: Passing new path to controller.
[controller_server-10] [INFO] [1773385767.653009534] [controller_server]: Passing new path to controller.
[controller_server-10] [INFO] [1773385767.753007505] [controller_server]: Passing new path to controller.
[controller_server-10] [INFO] [1773385767.853013934] [controller_server]: Passing new path to controller.
[controller_server-10] [INFO] [1773385768.053017167] [controller_server]: Passing new path to controller.
[controller_server-10] [INFO] [1773385768.153007555] [controller_server]: Passing new path to controller.
[controller_server-10] [INFO] [1773385768.253014275] [controller_server]: Passing new path to controller.
[controller_server-10] [INFO] [1773385768.353012538] [controller_server]: Passing new path to controller.
[controller_server-10] [INFO] [1773385768.553011396] [controller_server]: Passing new path to controller.
[controller_server-10] [INFO] [1773385768.753011421] [controller_server]: Passing new path to controller.
[controller_server-10] [INFO] [1773385768.853010850] [controller_server]: Passing new path to controller.
[controller_server-10] [INFO] [1773385769.053045291] [controller_server]: Passing new path to controller.
[controller_server-10] [INFO] [1773385769.153025179] [controller_server]: Passing new path to controller.
[controller_server-10] [INFO] [1773385769.353006246] [controller_server]: Passing new path to controller.
[controller_server-10] [INFO] [1773385769.453011800] [controller_server]: Passing new path to controller.
[controller_server-10] [INFO] [1773385769.553088810] [controller_server]: Passing new path to controller.
[controller_server-10] [INFO] [1773385769.653005992] [controller_server]: Passing new path to controller.
[controller_server-10] [INFO] [1773385769.853001642] [controller_server]: Passing new path to controller.
[controller_server-10] [INFO] [1773385769.953005155] [controller_server]: Passing new path to controller.
[controller_server-10] [INFO] [1773385770.053002542] [controller_server]: Passing new path to controller.
[controller_server-10] [INFO] [1773385770.253013067] [controller_server]: Passing new path to controller.
[controller_server-10] [INFO] [1773385770.353010163] [controller_server]: Passing new path to controller.
[controller_server-10] [INFO] [1773385770.453009009] [controller_server]: Passing new path to controller.
[controller_server-10] [INFO] [1773385770.553012229] [controller_server]: Passing new path to controller.
[controller_server-10] [INFO] [1773385770.753011671] [controller_server]: Passing new path to controller.
[controller_server-10] [INFO] [1773385770.853010225] [controller_server]: Passing new path to controller.
[controller_server-10] [INFO] [1773385770.953008488] [controller_server]: Passing new path to controller.
[controller_server-10] [INFO] [1773385771.053005584] [controller_server]: Passing new path to controller.
[controller_server-10] [INFO] [1773385771.154334088] [controller_server]: Reached the goal!
[controller_server-10] [INFO] [1773385771.155334176] [controller_server]: Optimizer reset
[bt_navigator-14] [INFO] [1773385771.179138244] [bt_navigator]: Goal succeeded
[delivery_robot_main_controller-20] [0m[INFO] [1773385772.017008679] [main_controller_node]: Goal succeeded![0m
[delivery_robot_main_controller-20] [0m[INFO] [1773385772.017696403] [main_controller_node]: State change: MOVE -> AFTER_MOVE[0m
[delivery_robot_main_controller-20] [0m[INFO] [1773385772.027238213] [main_controller_node]: Evaluating post-move action...[0m
[delivery_robot_main_controller-20] [0m[INFO] [1773385772.027813650] [main_controller_node]: Post-move action is: Request[0m
[delivery_robot_main_controller-20] [0m[INFO] [1773385772.028407461] [main_controller_node]: Published message: "arrive_target"[0m
[delivery_robot_main_controller-20] [0m[INFO] [1773385772.054715395] [main_controller_node]: Successfully removed queue ID: 1933[0m
[delivery_robot_main_controller-20] [0m[INFO] [1773385772.055336038] [main_controller_node]: Waiting 15s for LOAD_IN command...[0m
[delivery_robot_main_controller-20] [0m[INFO] [1773385772.055918183] [main_controller_node]: State change: AFTER_MOVE -> STANDBY[0m
[delivery_robot_main_controller-20] [0m[INFO] [1773385772.067317257] [main_controller_node]: Robot is in STANDBY mode.[0m
[delivery_robot_main_controller-20] [0m[INFO] [1773385772.103126460] [main_controller_node]: Current state: STANDBY, dock_state IDLE, charge_state NOT_CHARGE[0m
[delivery_robot_main_controller-20] [0m[INFO] [1773385772.174713951] [main_controller_node]: Enter to wait_for_load_in_loop and wait for timeout...in 14.882998943328857 seconds[0m
[robot_sound-21] [0m[INFO] [1773385772.340188933] [robot_sound_node]: 🔔 Received sound command: arrive_target[0m
[delivery_robot_main_controller-20] [0m[INFO] [1773385772.358309798] [main_controller_node]: Current state: STANDBY, dock_state IDLE, charge_state NOT_CHARGE[0m
[robot_sound-21] Simple mixer control 'PCM',0
[robot_sound-21]   Capabilities: pvolume pswitch pswitch-joined
[robot_sound-21]   Playback channels: Front Left - Front Right
[robot_sound-21]   Limits: Playback 0 - 147
[robot_sound-21]   Mono:
[robot_sound-21]   Front Left: Playback 147 [100%] [-0.94dB] [on]
[robot_sound-21]   Front Right: Playback 147 [100%] [-0.94dB] [on]
[robot_sound-21] [0m[INFO] [1773385772.372379564] [robot_sound_node]: 🔊 Playing sound: /home/smr/workspaces/mini_amr/amrROS2_ws/sounds/robot_target.wav[0m
[robot_sound-21] Playing WAVE '/home/smr/workspaces/mini_amr/amrROS2_ws/sounds/robot_target.wav' : Signed 16 bit Little Endian, Rate 44100 Hz, Mono
[delivery_robot_main_controller-20] [0m[INFO] [1773385773.294047658] [main_controller_node]: Current state: STANDBY, dock_state IDLE, charge_state NOT_CHARGE[0m
[delivery_robot_main_controller-20] [0m[INFO] [1773385773.381783837] [main_controller_node]: Enter to wait_for_load_in_loop and wait for timeout...in 13.674160480499268 seconds[0m
[call_robot_button-22] 2026-03-13 14:09:33 mosquitto_pub -u smr -P smrbot25 -m "Packing,false" -t "Rsp" -r
[call_robot_button-22] [0m[INFO] [1773385773.638288667] [call_robot_button_node]: call_switch notified: station=Packing status=false.[0m
[delivery_robot_main_controller-20] [0m[INFO] [1773385774.303403225] [main_controller_node]: Current state: STANDBY, dock_state IDLE, charge_state NOT_CHARGE[0m
[delivery_robot_main_controller-20] [0m[INFO] [1773385775.290740823] [main_controller_node]: Current state: STANDBY, dock_state IDLE, charge_state NOT_CHARGE[0m
[delivery_robot_main_controller-20] [0m[INFO] [1773385775.351314226] [main_controller_node]: Enter to wait_for_load_in_loop and wait for timeout...in 11.704649448394775 seconds[0m
[delivery_robot_main_controller-20] [0m[INFO] [1773385776.282760663] [main_controller_node]: Current state: STANDBY, dock_state IDLE, charge_state NOT_CHARGE[0m
[delivery_robot_main_controller-20] [0m[INFO] [1773385777.328742652] [main_controller_node]: Current state: STANDBY, dock_state IDLE, charge_state NOT_CHARGE[0m
[delivery_robot_main_controller-20] [0m[INFO] [1773385777.417566708] [main_controller_node]: Enter to wait_for_load_in_loop and wait for timeout...in 9.640027046203613 seconds[0m
[delivery_robot_main_controller-20] [0m[INFO] [1773385778.304032534] [main_controller_node]: Current state: STANDBY, dock_state IDLE, charge_state NOT_CHARGE[0m
[delivery_robot_main_controller-20] [0m[INFO] [1773385779.285554225] [main_controller_node]: Current state: STANDBY, dock_state IDLE, charge_state NOT_CHARGE[0m
[delivery_robot_main_controller-20] [0m[INFO] [1773385779.360749206] [main_controller_node]: Enter to wait_for_load_in_loop and wait for timeout...in 7.69663143157959 seconds[0m
[delivery_robot_main_controller-20] [0m[INFO] [1773385780.277870387] [main_controller_node]: Current state: STANDBY, dock_state IDLE, charge_state NOT_CHARGE[0m
[delivery_robot_main_controller-20] [0m[INFO] [1773385781.278660024] [main_controller_node]: Current state: STANDBY, dock_state IDLE, charge_state NOT_CHARGE[0m
[delivery_robot_main_controller-20] [0m[INFO] [1773385781.349086725] [main_controller_node]: Enter to wait_for_load_in_loop and wait for timeout...in 5.706873893737793 seconds[0m
[delivery_robot_main_controller-20] [0m[INFO] [1773385782.282788536] [main_controller_node]: Current state: STANDBY, dock_state IDLE, charge_state NOT_CHARGE[0m
[delivery_robot_main_controller-20] [0m[INFO] [1773385783.360915657] [main_controller_node]: Current state: STANDBY, dock_state IDLE, charge_state NOT_CHARGE[0m
[delivery_robot_main_controller-20] [0m[INFO] [1773385783.452954926] [main_controller_node]: Enter to wait_for_load_in_loop and wait for timeout...in 3.6029837131500244 seconds[0m
[delivery_robot_main_controller-20] [0m[INFO] [1773385784.321491214] [main_controller_node]: Current state: STANDBY, dock_state IDLE, charge_state NOT_CHARGE[0m
[delivery_robot_main_controller-20] [0m[INFO] [1773385785.327765438] [main_controller_node]: Current state: STANDBY, dock_state IDLE, charge_state NOT_CHARGE[0m
[delivery_robot_main_controller-20] [0m[INFO] [1773385785.403338988] [main_controller_node]: Enter to wait_for_load_in_loop and wait for timeout...in 1.6538264751434326 seconds[0m
[delivery_robot_main_controller-20] [0m[INFO] [1773385786.343608887] [main_controller_node]: Current state: STANDBY, dock_state IDLE, charge_state NOT_CHARGE[0m
[delivery_robot_main_controller-20] [0m[INFO] [1773385787.278743312] [main_controller_node]: Current state: STANDBY, dock_state IDLE, charge_state NOT_CHARGE[0m
[delivery_robot_main_controller-20] [0m[INFO] [1773385787.354178909] [main_controller_node]: No pending queue found or unexpected format.[0m
[delivery_robot_main_controller-20] [0m[INFO] [1773385788.297428655] [main_controller_node]: Current state: STANDBY, dock_state IDLE, charge_state NOT_CHARGE[0m
[delivery_robot_main_controller-20] [0m[INFO] [1773385789.319205549] [main_controller_node]: Current state: STANDBY, dock_state IDLE, charge_state NOT_CHARGE[0m
[delivery_robot_main_controller-20] [0m[INFO] [1773385789.390329599] [main_controller_node]: No pending queue found or unexpected format.[0m
[delivery_robot_main_controller-20] [0m[INFO] [1773385790.342165107] [main_controller_node]: Current state: STANDBY, dock_state IDLE, charge_state NOT_CHARGE[0m
[delivery_robot_main_controller-20] [0m[INFO] [1773385791.281425877] [main_controller_node]: Current state: STANDBY, dock_state IDLE, charge_state NOT_CHARGE[0m
[delivery_robot_main_controller-20] [0m[INFO] [1773385791.348378375] [main_controller_node]: No pending queue found or unexpected format.[0m
[delivery_robot_main_controller-20] [0m[INFO] [1773385792.278287203] [main_controller_node]: Current state: STANDBY, dock_state IDLE, charge_state NOT_CHARGE[0m
[delivery_robot_main_controller-20] [0m[INFO] [1773385793.287354031] [main_controller_node]: Current state: STANDBY, dock_state IDLE, charge_state NOT_CHARGE[0m
[delivery_robot_main_controller-20] [0m[INFO] [1773385793.377456996] [main_controller_node]: No pending queue found or unexpected format.[0m
[delivery_robot_main_controller-20] [0m[INFO] [1773385794.309645406] [main_controller_node]: Current state: STANDBY, dock_state IDLE, charge_state NOT_CHARGE[0m
[delivery_robot_main_controller-20] [0m[INFO] [1773385795.343612344] [main_controller_node]: Current state: STANDBY, dock_state IDLE, charge_state NOT_CHARGE[0m
[delivery_robot_main_controller-20] [0m[INFO] [1773385795.416676197] [main_controller_node]: No pending queue found or unexpected format.[0m
[delivery_robot_main_controller-20] [0m[INFO] [1773385796.292525462] [main_controller_node]: Current state: STANDBY, dock_state IDLE, charge_state NOT_CHARGE[0m
[delivery_robot_main_controller-20] [0m[INFO] [1773385797.277810387] [main_controller_node]: Current state: STANDBY, dock_state IDLE, charge_state NOT_CHARGE[0m
[delivery_robot_main_controller-20] [0m[INFO] [1773385797.372371019] [main_controller_node]: No pending queue found or unexpected format.[0m
[delivery_robot_main_controller-20] [0m[INFO] [1773385798.279884184] [main_controller_node]: Current state: STANDBY, dock_state IDLE, charge_state NOT_CHARGE[0m
[delivery_robot_main_controller-20] [0m[INFO] [1773385799.295416437] [main_controller_node]: Current state: STANDBY, dock_state IDLE, charge_state NOT_CHARGE[0m
[delivery_robot_main_controller-20] [0m[INFO] [1773385799.382813420] [main_controller_node]: No pending queue found or unexpected format.[0m
[delivery_robot_main_controller-20] [0m[INFO] [1773385800.314717757] [main_controller_node]: Current state: STANDBY, dock_state IDLE, charge_state NOT_CHARGE[0m
[delivery_robot_main_controller-20] [0m[INFO] [1773385801.301163180] [main_controller_node]: Current state: STANDBY, dock_state IDLE, charge_state NOT_CHARGE[0m
[delivery_robot_main_controller-20] [0m[INFO] [1773385801.361665419] [main_controller_node]: No pending queue found or unexpected format.[0m
[delivery_robot_main_controller-20] [0m[INFO] [1773385802.278273286] [main_controller_node]: Current state: STANDBY, dock_state IDLE, charge_state NOT_CHARGE[0m
[delivery_robot_main_controller-20] [0m[INFO] [1773385803.280434288] [main_controller_node]: Current state: STANDBY, dock_state IDLE, charge_state NOT_CHARGE[0m
[delivery_robot_main_controller-20] [0m[INFO] [1773385803.362633091] [main_controller_node]: No pending queue found or unexpected format.[0m
[delivery_robot_main_controller-20] [0m[INFO] [1773385804.316448067] [main_controller_node]: Current state: STANDBY, dock_state IDLE, charge_state NOT_CHARGE[0m
[delivery_robot_main_controller-20] [0m[INFO] [1773385805.280425788] [main_controller_node]: Current state: STANDBY, dock_state IDLE, charge_state NOT_CHARGE[0m
[delivery_robot_main_controller-20] [0m[INFO] [1773385805.328414245] [main_controller_node]: No pending queue found or unexpected format.[0m
[delivery_robot_main_controller-20] [0m[INFO] [1773385806.297807430] [main_controller_node]: Current state: STANDBY, dock_state IDLE, charge_state NOT_CHARGE[0m
[delivery_robot_main_controller-20] [0m[INFO] [1773385807.281213800] [main_controller_node]: Current state: STANDBY, dock_state IDLE, charge_state NOT_CHARGE[0m
[delivery_robot_main_controller-20] [0m[INFO] [1773385807.363402103] [main_controller_node]: No pending queue found or unexpected format.[0m
[delivery_robot_main_controller-20] [0m[INFO] [1773385808.279326329] [main_controller_node]: Current state: STANDBY, dock_state IDLE, charge_state NOT_CHARGE[0m
[delivery_robot_main_controller-20] [0m[INFO] [1773385809.309813523] [main_controller_node]: Current state: STANDBY, dock_state IDLE, charge_state NOT_CHARGE[0m
[delivery_robot_main_controller-20] [0m[INFO] [1773385809.381840247] [main_controller_node]: No pending queue found or unexpected format.[0m
[delivery_robot_main_controller-20] [0m[INFO] [1773385810.281341920] [main_controller_node]: Current state: STANDBY, dock_state IDLE, charge_state NOT_CHARGE[0m
[delivery_robot_main_controller-20] [0m[INFO] [1773385811.296558893] [main_controller_node]: Current state: STANDBY, dock_state IDLE, charge_state NOT_CHARGE[0m
[delivery_robot_main_controller-20] [0m[INFO] [1773385811.404984840] [main_controller_node]: No pending queue found or unexpected format.[0m
[delivery_robot_main_controller-20] [0m[INFO] [1773385812.276699593] [main_controller_node]: Current state: STANDBY, dock_state IDLE, charge_state NOT_CHARGE[0m
[delivery_robot_main_controller-20] [0m[INFO] [1773385813.278494859] [main_controller_node]: Current state: STANDBY, dock_state IDLE, charge_state NOT_CHARGE[0m
[delivery_robot_main_controller-20] [0m[INFO] [1773385813.368272921] [main_controller_node]: No pending queue found or unexpected format.[0m
[delivery_robot_main_controller-20] [0m[INFO] [1773385814.278613980] [main_controller_node]: Current state: STANDBY, dock_state IDLE, charge_state NOT_CHARGE[0m
[delivery_robot_main_controller-20] [0m[INFO] [1773385815.356009630] [main_controller_node]: Current state: STANDBY, dock_state IDLE, charge_state NOT_CHARGE[0m
[delivery_robot_main_controller-20] [0m[INFO] [1773385815.445283719] [main_controller_node]: No pending queue found or unexpected format.[0m
[delivery_robot_main_controller-20] [0m[INFO] [1773385816.283776919] [main_controller_node]: Current state: STANDBY, dock_state IDLE, charge_state NOT_CHARGE[0m
[delivery_robot_main_controller-20] [0m[INFO] [1773385817.306644996] [main_controller_node]: Current state: STANDBY, dock_state IDLE, charge_state NOT_CHARGE[0m
[delivery_robot_main_controller-20] [0m[INFO] [1773385817.413297979] [main_controller_node]: No pending queue found or unexpected format.[0m
[delivery_robot_main_controller-20] [0m[INFO] [1773385818.278245818] [main_controller_node]: Current state: STANDBY, dock_state IDLE, charge_state NOT_CHARGE[0m
[delivery_robot_main_controller-20] [0m[INFO] [1773385819.277735641] [main_controller_node]: Current state: STANDBY, dock_state IDLE, charge_state NOT_CHARGE[0m
[delivery_robot_main_controller-20] [0m[INFO] [1773385819.372303866] [main_controller_node]: No pending queue found or unexpected format.[0m
[delivery_robot_main_controller-20] [0m[INFO] [1773385820.291031575] [main_controller_node]: Current state: STANDBY, dock_state IDLE, charge_state NOT_CHARGE[0m
[delivery_robot_main_controller-20] [0m[INFO] [1773385821.318287905] [main_controller_node]: Current state: STANDBY, dock_state IDLE, charge_state NOT_CHARGE[0m
[delivery_robot_main_controller-20] [0m[INFO] [1773385821.408208012] [main_controller_node]: No pending queue found or unexpected format.[0m
[delivery_robot_main_controller-20] [0m[INFO] [1773385822.327777440] [main_controller_node]: Current state: STANDBY, dock_state IDLE, charge_state NOT_CHARGE[0m
[delivery_robot_main_controller-20] [0m[INFO] [1773385823.281286561] [main_controller_node]: Current state: STANDBY, dock_state IDLE, charge_state NOT_CHARGE[0m
[delivery_robot_main_controller-20] [0m[INFO] [1773385823.363495579] [main_controller_node]: No pending queue found or unexpected format.[0m
[delivery_robot_main_controller-20] [0m[INFO] [1773385824.280178490] [main_controller_node]: Current state: STANDBY, dock_state IDLE, charge_state NOT_CHARGE[0m
[delivery_robot_main_controller-20] [0m[INFO] [1773385825.277978168] [main_controller_node]: Current state: STANDBY, dock_state IDLE, charge_state NOT_CHARGE[0m
[delivery_robot_main_controller-20] [0m[INFO] [1773385825.348265464] [main_controller_node]: No pending queue found or unexpected format.[0m
[delivery_robot_main_controller-20] [0m[INFO] [1773385826.298551789] [main_controller_node]: Current state: STANDBY, dock_state IDLE, charge_state NOT_CHARGE[0m
[delivery_robot_main_controller-20] [0m[INFO] [1773385827.295028516] [main_controller_node]: Current state: STANDBY, dock_state IDLE, charge_state NOT_CHARGE[0m
[delivery_robot_main_controller-20] [0m[INFO] [1773385827.390562705] [main_controller_node]: No pending queue found or unexpected format.[0m
[delivery_robot_main_controller-20] [0m[INFO] [1773385828.325005995] [main_controller_node]: Current state: STANDBY, dock_state IDLE, charge_state NOT_CHARGE[0m
[delivery_robot_main_controller-20] [0m[INFO] [1773385829.276750890] [main_controller_node]: Current state: STANDBY, dock_state IDLE, charge_state NOT_CHARGE[0m
[delivery_robot_main_controller-20] [0m[INFO] [1773385829.354455869] [main_controller_node]: No pending queue found or unexpected format.[0m
[delivery_robot_main_controller-20] [0m[INFO] [1773385830.278759453] [main_controller_node]: Current state: STANDBY, dock_state IDLE, charge_state NOT_CHARGE[0m
[delivery_robot_main_controller-20] [0m[INFO] [1773385831.289537523] [main_controller_node]: Current state: STANDBY, dock_state IDLE, charge_state NOT_CHARGE[0m
[delivery_robot_main_controller-20] [0m[INFO] [1773385831.366824850] [main_controller_node]: No pending queue found or unexpected format.[0m
[delivery_robot_main_controller-20] [0m[INFO] [1773385832.285617015] [main_controller_node]: Current state: STANDBY, dock_state IDLE, charge_state NOT_CHARGE[0m
[delivery_robot_main_controller-20] [0m[INFO] [1773385833.306935817] [main_controller_node]: Current state: STANDBY, dock_state IDLE, charge_state NOT_CHARGE[0m
[delivery_robot_main_controller-20] [0m[INFO] [1773385833.385824917] [main_controller_node]: 1 pending queues [0m
[delivery_robot_main_controller-20] [0m[INFO] [1773385833.387123661] [main_controller_node]: Queue action: Request[0m
[delivery_robot_main_controller-20] [0m[INFO] [1773385833.460397804] [main_controller_node]: AGV start_pos: x=-0.33, y=-8.03[0m
[delivery_robot_main_controller-20] [0m[INFO] [1773385833.460973241] [main_controller_node]: AGV goal_pos: x=9.69, y=-12.00[0m
[delivery_robot_main_controller-20] Graph before shortest_path: Graph with 11 nodes and 10 edges
[delivery_robot_main_controller-20] [0m[INFO] [1773385833.484887558] [main_controller_node]: Computed AGV path waypoints:[0m
[delivery_robot_main_controller-20] [0m[INFO] [1773385833.485550491] [main_controller_node]:   Waypoint 0: x=-0.33, y=-8.03[0m
[delivery_robot_main_controller-20] [0m[INFO] [1773385833.486148969] [main_controller_node]:   Waypoint 1: x=-0.34, y=-6.81[0m
[delivery_robot_main_controller-20] [0m[INFO] [1773385833.486769613] [main_controller_node]:   Waypoint 2: x=2.11, y=-6.76[0m
[delivery_robot_main_controller-20] [0m[INFO] [1773385833.487419422] [main_controller_node]:   Waypoint 3: x=5.13, y=-6.87[0m
[delivery_robot_main_controller-20] [0m[INFO] [1773385833.488062523] [main_controller_node]:   Waypoint 4: x=7.32, y=-11.82[0m
[delivery_robot_main_controller-20] [0m[INFO] [1773385833.488663625] [main_controller_node]:   Waypoint 5: x=9.69, y=-12.00[0m
[delivery_robot_main_controller-20] [0m[INFO] [1773385833.489965285] [main_controller_node]: Navigating with 6 goals....[0m
[bt_navigator-14] [INFO] [1773385833.491142991] [bt_navigator]: Begin navigating from current location through 6 poses to (9.69, -12.00)
[controller_server-10] [INFO] [1773385833.491595058] [local_costmap.local_costmap]: Received request to clear entirely the local_costmap
[controller_server-10] [INFO] [1773385833.496548540] [local_costmap.local_costmap]: KeepoutFilter: Subscribing to "/keepout_costmap_filter_info" topic for filter info...
[controller_server-10] [INFO] [1773385833.506034061] [local_costmap.local_costmap]: KeepoutFilter: Received filter info from /keepout_costmap_filter_info topic.
[controller_server-10] [INFO] [1773385833.506196513] [local_costmap.local_costmap]: KeepoutFilter: Subscribing to "/keepout_filter_mask" topic for filter mask...
[planner_server-12] [INFO] [1773385833.507702624] [global_costmap.global_costmap]: Received request to clear entirely the global_costmap
[planner_server-12] [INFO] [1773385833.521029252] [global_costmap.global_costmap]: KeepoutFilter: Subscribing to "/keepout_costmap_filter_info" topic for filter info...
[controller_server-10] [WARN] [1773385833.539390734] [local_costmap.local_costmap]: KeepoutFilter: New filter mask arrived from /keepout_filter_mask topic. Updating old filter mask.
[call_robot_button-22] 2026-03-13 14:10:33 mosquitto_pub -u smr -P smrbot25 -m "Office2,blink" -t "Rsp" -r
[call_robot_button-22] [0m[INFO] [1773385833.610667327] [call_robot_button_node]: call_switch notified: station=Office2 status=blink.[0m
[planner_server-12] [INFO] [1773385833.640235392] [global_costmap.global_costmap]: KeepoutFilter: Received filter info from /keepout_costmap_filter_info topic.
[planner_server-12] [INFO] [1773385833.640319972] [global_costmap.global_costmap]: KeepoutFilter: Subscribing to "/keepout_filter_mask" topic for filter mask...
[planner_server-12] [WARN] [1773385833.666839650] [global_costmap.global_costmap]: KeepoutFilter: New filter mask arrived from /keepout_filter_mask topic. Updating old filter mask.
[controller_server-10] [INFO] [1773385833.683713396] [controller_server]: Received a goal, begin computing control effort.
[controller_server-10] [INFO] [1773385833.689622342] [controller_server]: Optimizer reset
[controller_server-10] [INFO] [1773385833.694187922] [controller_server]: Optimizer reset
[controller_server-10] [WARN] [1773385833.694434954] [controller_server]: Optimizer fail to compute path
[controller_server-10] [INFO] [1773385833.790093972] [controller_server]: Optimizer reset
[controller_server-10] [INFO] [1773385833.792940241] [controller_server]: Optimizer reset
[controller_server-10] [WARN] [1773385833.793072069] [controller_server]: Optimizer fail to compute path
[controller_server-10] [INFO] [1773385833.884089968] [controller_server]: Passing new path to controller.
[controller_server-10] [INFO] [1773385833.886017521] [controller_server]: Optimizer reset
[controller_server-10] [INFO] [1773385833.887455967] [controller_server]: Optimizer reset
[controller_server-10] [WARN] [1773385833.887611420] [controller_server]: Optimizer fail to compute path
[controller_server-10] [INFO] [1773385833.984094073] [controller_server]: Passing new path to controller.
[controller_server-10] [INFO] [1773385833.985895631] [controller_server]: Optimizer reset
[controller_server-10] [INFO] [1773385833.987454823] [controller_server]: Optimizer reset
[controller_server-10] [WARN] [1773385833.988218086] [controller_server]: Optimizer fail to compute path
[controller_server-10] [INFO] [1773385834.085714243] [controller_server]: Optimizer reset
[controller_server-10] [INFO] [1773385834.087969617] [controller_server]: Optimizer reset
[controller_server-10] [WARN] [1773385834.088534846] [controller_server]: Optimizer fail to compute path
[controller_server-10] [INFO] [1773385834.184098784] [controller_server]: Passing new path to controller.
[controller_server-10] [INFO] [1773385834.185975005] [controller_server]: Optimizer reset
[controller_server-10] [INFO] [1773385834.187317205] [controller_server]: Optimizer reset
[controller_server-10] [WARN] [1773385834.187493657] [controller_server]: Optimizer fail to compute path
[controller_server-10] [INFO] [1773385834.290445528] [controller_server]: Optimizer reset
[controller_server-10] [INFO] [1773385834.295641667] [controller_server]: Optimizer reset
[controller_server-10] [WARN] [1773385834.295954614] [controller_server]: Optimizer fail to compute path
[controller_server-10] [INFO] [1773385834.384158034] [controller_server]: Passing new path to controller.
[controller_server-10] [INFO] [1773385834.390572128] [controller_server]: Optimizer reset
[controller_server-10] [INFO] [1773385834.395172123] [controller_server]: Optimizer reset
[controller_server-10] [WARN] [1773385834.395511902] [controller_server]: Optimizer fail to compute path
[controller_server-10] [INFO] [1773385834.484119266] [controller_server]: Passing new path to controller.
[controller_server-10] [INFO] [1773385834.490015379] [controller_server]: Optimizer reset
[controller_server-10] [INFO] [1773385834.494316719] [controller_server]: Optimizer reset
[controller_server-10] [WARN] [1773385834.494547419] [controller_server]: Optimizer fail to compute path
[controller_server-10] [INFO] [1773385834.592897544] [controller_server]: Optimizer reset
[controller_server-10] [INFO] [1773385834.595741188] [controller_server]: Optimizer reset
[controller_server-10] [WARN] [1773385834.596726693] [controller_server]: Optimizer fail to compute path
[controller_server-10] [INFO] [1773385834.684101228] [controller_server]: Passing new path to controller.
[controller_server-10] [INFO] [1773385834.686074279] [controller_server]: Optimizer reset
[controller_server-10] [INFO] [1773385834.687998916] [controller_server]: Optimizer reset
[controller_server-10] [WARN] [1773385834.688144160] [controller_server]: Optimizer fail to compute path
[controller_server-10] [ERROR] [1773385834.688216782] [controller_server]: Controller patience exceeded
[controller_server-10] [INFO] [1773385834.688868341] [controller_server]: Optimizer reset
[controller_server-10] [WARN] [1773385834.688936297] [controller_server]: [follow_path] [ActionServer] Aborting handle.
[controller_server-10] [INFO] [1773385834.712048852] [local_costmap.local_costmap]: Received request to clear entirely the local_costmap
[controller_server-10] [INFO] [1773385834.716775426] [local_costmap.local_costmap]: KeepoutFilter: Subscribing to "/keepout_costmap_filter_info" topic for filter info...
[controller_server-10] [INFO] [1773385834.725248610] [local_costmap.local_costmap]: KeepoutFilter: Received filter info from /keepout_costmap_filter_info topic.
[controller_server-10] [INFO] [1773385834.725904252] [local_costmap.local_costmap]: KeepoutFilter: Subscribing to "/keepout_filter_mask" topic for filter mask...
[controller_server-10] [INFO] [1773385834.728978596] [controller_server]: Received a goal, begin computing control effort.
[controller_server-10] [WARN] [1773385834.738342497] [local_costmap.local_costmap]: KeepoutFilter: New filter mask arrived from /keepout_filter_mask topic. Updating old filter mask.
[controller_server-10] [INFO] [1773385834.791037699] [controller_server]: Optimizer reset
[controller_server-10] [INFO] [1773385834.792611766] [controller_server]: Optimizer reset
[controller_server-10] [WARN] [1773385834.792755844] [controller_server]: Optimizer fail to compute path
[controller_server-10] [INFO] [1773385834.829452267] [controller_server]: Passing new path to controller.
[controller_server-10] [INFO] [1773385834.831292907] [controller_server]: Optimizer reset
[controller_server-10] [INFO] [1773385834.832609441] [controller_server]: Optimizer reset
[controller_server-10] [WARN] [1773385834.832719396] [controller_server]: Optimizer fail to compute path
[controller_server-10] [INFO] [1773385834.931087020] [controller_server]: Optimizer reset
[controller_server-10] [INFO] [1773385834.932473843] [controller_server]: Optimizer reset
[controller_server-10] [WARN] [1773385834.932600130] [controller_server]: Optimizer fail to compute path
[controller_server-10] [INFO] [1773385835.029807257] [controller_server]: Passing new path to controller.
[controller_server-10] [INFO] [1773385835.035778034] [controller_server]: Optimizer reset
[controller_server-10] [INFO] [1773385835.040298699] [controller_server]: Optimizer reset
[controller_server-10] [WARN] [1773385835.040522691] [controller_server]: Optimizer fail to compute path
[controller_server-10] [INFO] [1773385835.129819237] [controller_server]: Passing new path to controller.
[controller_server-10] [INFO] [1773385835.136003798] [controller_server]: Optimizer reset
[controller_server-10] [INFO] [1773385835.140373093] [controller_server]: Optimizer reset
[controller_server-10] [WARN] [1773385835.140604668] [controller_server]: Optimizer fail to compute path
[controller_server-10] [INFO] [1773385835.235202641] [controller_server]: Optimizer reset
[controller_server-10] [INFO] [1773385835.237114445] [controller_server]: Optimizer reset
[controller_server-10] [WARN] [1773385835.237269314] [controller_server]: Optimizer fail to compute path
[controller_server-10] [INFO] [1773385835.329448295] [controller_server]: Passing new path to controller.
[controller_server-10] [INFO] [1773385835.331451678] [controller_server]: Optimizer reset
[controller_server-10] [INFO] [1773385835.332866209] [controller_server]: Optimizer reset
[controller_server-10] [WARN] [1773385835.332974413] [controller_server]: Optimizer fail to compute path
[delivery_robot_main_controller-20] [0m[INFO] [1773385835.338239967] [main_controller_node]: State change: STANDBY -> MOVE[0m
[delivery_robot_main_controller-20] [0m[INFO] [1773385835.354640356] [main_controller_node]: Robot is MOVING.[0m
[controller_server-10] [INFO] [1773385835.429486232] [controller_server]: Passing new path to controller.
[controller_server-10] [INFO] [1773385835.436037113] [controller_server]: Optimizer reset
[controller_server-10] [INFO] [1773385835.440373160] [controller_server]: Optimizer reset
[controller_server-10] [WARN] [1773385835.440579652] [controller_server]: Optimizer fail to compute path
[controller_server-10] [INFO] [1773385835.536412788] [controller_server]: Optimizer reset
[controller_server-10] [INFO] [1773385835.541409726] [controller_server]: Optimizer reset
[controller_server-10] [WARN] [1773385835.541643051] [controller_server]: Optimizer fail to compute path
[controller_server-10] [INFO] [1773385835.629503776] [controller_server]: Passing new path to controller.
[controller_server-10] [INFO] [1773385835.642921109] [controller_server]: Optimizer reset
[controller_server-10] [INFO] [1773385835.654546509] [controller_server]: Optimizer reset
[controller_server-10] [WARN] [1773385835.654951327] [controller_server]: Optimizer fail to compute path
[controller_server-10] [INFO] [1773385835.730045403] [controller_server]: Passing new path to controller.
[controller_server-10] [INFO] [1773385835.732219113] [controller_server]: Optimizer reset
[controller_server-10] [INFO] [1773385835.734338868] [controller_server]: Optimizer reset
[controller_server-10] [WARN] [1773385835.735272749] [controller_server]: Optimizer fail to compute path
[controller_server-10] [ERROR] [1773385835.736113010] [controller_server]: Controller patience exceeded
[controller_server-10] [INFO] [1773385835.736717904] [controller_server]: Optimizer reset
[controller_server-10] [WARN] [1773385835.736773027] [controller_server]: [follow_path] [ActionServer] Aborting handle.
[controller_server-10] [INFO] [1773385835.762314783] [local_costmap.local_costmap]: Received request to clear entirely the local_costmap
[controller_server-10] [INFO] [1773385835.765260215] [local_costmap.local_costmap]: KeepoutFilter: Subscribing to "/keepout_costmap_filter_info" topic for filter info...
[controller_server-10] [INFO] [1773385835.772893722] [local_costmap.local_costmap]: KeepoutFilter: Received filter info from /keepout_costmap_filter_info topic.
[controller_server-10] [INFO] [1773385835.772985885] [local_costmap.local_costmap]: KeepoutFilter: Subscribing to "/keepout_filter_mask" topic for filter mask...
[planner_server-12] [INFO] [1773385835.771590312] [global_costmap.global_costmap]: Received request to clear entirely the global_costmap
[planner_server-12] [INFO] [1773385835.781426987] [global_costmap.global_costmap]: KeepoutFilter: Subscribing to "/keepout_costmap_filter_info" topic for filter info...
[controller_server-10] [INFO] [1773385835.789708845] [local_costmap.local_costmap]: Received request to clear entirely the local_costmap
[controller_server-10] [INFO] [1773385835.797925372] [local_costmap.local_costmap]: KeepoutFilter: Subscribing to "/keepout_costmap_filter_info" topic for filter info...
[planner_server-12] [INFO] [1773385835.798210903] [global_costmap.global_costmap]: KeepoutFilter: Received filter info from /keepout_costmap_filter_info topic.
[planner_server-12] [INFO] [1773385835.798323774] [global_costmap.global_costmap]: KeepoutFilter: Subscribing to "/keepout_filter_mask" topic for filter mask...
[planner_server-12] [INFO] [1773385835.815609921] [global_costmap.global_costmap]: Received request to clear entirely the global_costmap
[planner_server-12] [INFO] [1773385835.832050558] [global_costmap.global_costmap]: KeepoutFilter: Subscribing to "/keepout_costmap_filter_info" topic for filter info...
[planner_server-12] [INFO] [1773385835.843178394] [global_costmap.global_costmap]: KeepoutFilter: Received filter info from /keepout_costmap_filter_info topic.
[planner_server-12] [INFO] [1773385835.843354262] [global_costmap.global_costmap]: KeepoutFilter: Subscribing to "/keepout_filter_mask" topic for filter mask...
[planner_server-12] [WARN] [1773385835.860434209] [global_costmap.global_costmap]: KeepoutFilter: New filter mask arrived from /keepout_filter_mask topic. Updating old filter mask.
[controller_server-10] [INFO] [1773385835.938268390] [local_costmap.local_costmap]: KeepoutFilter: Received filter info from /keepout_costmap_filter_info topic.
[controller_server-10] [INFO] [1773385835.938371053] [local_costmap.local_costmap]: KeepoutFilter: Subscribing to "/keepout_filter_mask" topic for filter mask...
[controller_server-10] [WARN] [1773385835.956479961] [local_costmap.local_costmap]: KeepoutFilter: New filter mask arrived from /keepout_filter_mask topic. Updating old filter mask.
[planner_server-12] [WARN] [1773385836.168919709] [planner_server]: Planner loop missed its desired rate of 5.0000 Hz. Current loop rate is 3.0192 Hz
[controller_server-10] [INFO] [1773385836.185528923] [controller_server]: Received a goal, begin computing control effort.
[controller_server-10] [INFO] [1773385836.187898918] [controller_server]: Optimizer reset
[controller_server-10] [INFO] [1773385836.189257159] [controller_server]: Optimizer reset
[controller_server-10] [WARN] [1773385836.189383446] [controller_server]: Optimizer fail to compute path
[controller_server-10] [INFO] [1773385836.295454283] [controller_server]: Optimizer reset
[controller_server-10] [INFO] [1773385836.306345877] [controller_server]: Optimizer reset
[controller_server-10] [WARN] [1773385836.313759184] [controller_server]: Optimizer fail to compute path
[controller_server-10] [INFO] [1773385836.385819456] [controller_server]: Passing new path to controller.
[controller_server-10] [INFO] [1773385836.388094663] [controller_server]: Optimizer reset
[controller_server-10] [INFO] [1773385836.390264582] [controller_server]: Optimizer reset
[controller_server-10] [WARN] [1773385836.390392619] [controller_server]: Optimizer fail to compute path
[controller_server-10] [INFO] [1773385836.485871101] [controller_server]: Passing new path to controller.
[controller_server-10] [INFO] [1773385836.488194431] [controller_server]: Optimizer reset
[controller_server-10] [INFO] [1773385836.489687709] [controller_server]: Optimizer reset
[controller_server-10] [WARN] [1773385836.489842870] [controller_server]: Optimizer fail to compute path
[controller_server-10] [INFO] [1773385836.587460356] [controller_server]: Optimizer reset
[controller_server-10] [INFO] [1773385836.589694439] [controller_server]: Optimizer reset
[controller_server-10] [WARN] [1773385836.589855433] [controller_server]: Optimizer fail to compute path
[controller_server-10] [INFO] [1773385836.685803481] [controller_server]: Passing new path to controller.
[controller_server-10] [INFO] [1773385836.687635955] [controller_server]: Optimizer reset
[controller_server-10] [INFO] [1773385836.688913991] [controller_server]: Optimizer reset
[controller_server-10] [WARN] [1773385836.689017820] [controller_server]: Optimizer fail to compute path
[controller_server-10] [INFO] [1773385836.785823920] [controller_server]: Passing new path to controller.
[controller_server-10] [INFO] [1773385836.789550114] [controller_server]: Optimizer reset
[controller_server-10] [INFO] [1773385836.790881231] [controller_server]: Optimizer reset
[controller_server-10] [WARN] [1773385836.791062058] [controller_server]: Optimizer fail to compute path
[controller_server-10] [INFO] [1773385836.887353093] [controller_server]: Optimizer reset
[controller_server-10] [INFO] [1773385836.888678960] [controller_server]: Optimizer reset
[controller_server-10] [WARN] [1773385836.888792706] [controller_server]: Optimizer fail to compute path
[controller_server-10] [INFO] [1773385836.985809673] [controller_server]: Passing new path to controller.
[controller_server-10] [INFO] [1773385836.987659645] [controller_server]: Optimizer reset
[controller_server-10] [INFO] [1773385836.988943806] [controller_server]: Optimizer reset
[controller_server-10] [WARN] [1773385836.989047927] [controller_server]: Optimizer fail to compute path
[controller_server-10] [INFO] [1773385837.087412635] [controller_server]: Optimizer reset
[controller_server-10] [INFO] [1773385837.089218859] [controller_server]: Optimizer reset
[controller_server-10] [WARN] [1773385837.089391520] [controller_server]: Optimizer fail to compute path
[controller_server-10] [INFO] [1773385837.185815842] [controller_server]: Passing new path to controller.
[controller_server-10] [INFO] [1773385837.188840312] [controller_server]: Optimizer reset
[controller_server-10] [INFO] [1773385837.190744533] [controller_server]: Optimizer reset
[controller_server-10] [WARN] [1773385837.190879278] [controller_server]: Optimizer fail to compute path
[controller_server-10] [ERROR] [1773385837.190953067] [controller_server]: Controller patience exceeded
[controller_server-10] [INFO] [1773385837.191532004] [controller_server]: Optimizer reset
[controller_server-10] [WARN] [1773385837.191589168] [controller_server]: [follow_path] [ActionServer] Aborting handle.
[controller_server-10] [INFO] [1773385837.211956075] [local_costmap.local_costmap]: Received request to clear entirely the local_costmap
[controller_server-10] [INFO] [1773385837.214321987] [local_costmap.local_costmap]: KeepoutFilter: Subscribing to "/keepout_costmap_filter_info" topic for filter info...
[controller_server-10] [INFO] [1773385837.217337125] [controller_server]: Received a goal, begin computing control effort.
[controller_server-10] [INFO] [1773385837.217795608] [local_costmap.local_costmap]: KeepoutFilter: Received filter info from /keepout_costmap_filter_info topic.
[controller_server-10] [INFO] [1773385837.217855689] [local_costmap.local_costmap]: KeepoutFilter: Subscribing to "/keepout_filter_mask" topic for filter mask...
[controller_server-10] [WARN] [1773385837.232305484] [local_costmap.local_costmap]: KeepoutFilter: New filter mask arrived from /keepout_filter_mask topic. Updating old filter mask.
[controller_server-10] [INFO] [1773385837.287681878] [controller_server]: Passing new path to controller.
[controller_server-10] [INFO] [1773385837.289601556] [controller_server]: Optimizer reset
[controller_server-10] [INFO] [1773385837.291181747] [controller_server]: Optimizer reset
[controller_server-10] [WARN] [1773385837.291401364] [controller_server]: Optimizer fail to compute path
[controller_server-10] [INFO] [1773385837.319217452] [controller_server]: Optimizer reset
[controller_server-10] [INFO] [1773385837.320831767] [controller_server]: Optimizer reset
[controller_server-10] [WARN] [1773385837.321055175] [controller_server]: Optimizer fail to compute path
[controller_server-10] [INFO] [1773385837.417699697] [controller_server]: Passing new path to controller.
[controller_server-10] [INFO] [1773385837.419583502] [controller_server]: Optimizer reset
[controller_server-10] [INFO] [1773385837.421179734] [controller_server]: Optimizer reset
[controller_server-10] [WARN] [1773385837.421286480] [controller_server]: Optimizer fail to compute path
[controller_server-10] [INFO] [1773385837.519331825] [controller_server]: Optimizer reset
[controller_server-10] [INFO] [1773385837.520676942] [controller_server]: Optimizer reset
[controller_server-10] [WARN] [1773385837.520818978] [controller_server]: Optimizer fail to compute path
[controller_server-10] [INFO] [1773385837.617691575] [controller_server]: Passing new path to controller.
[controller_server-10] [INFO] [1773385837.619585005] [controller_server]: Optimizer reset
[controller_server-10] [INFO] [1773385837.620886956] [controller_server]: Optimizer reset
[controller_server-10] [WARN] [1773385837.621241026] [controller_server]: Optimizer fail to compute path
[controller_server-10] [INFO] [1773385837.717694514] [controller_server]: Passing new path to controller.
[controller_server-10] [INFO] [1773385837.719769062] [controller_server]: Optimizer reset
[controller_server-10] [INFO] [1773385837.721054097] [controller_server]: Optimizer reset
[controller_server-10] [WARN] [1773385837.721158801] [controller_server]: Optimizer fail to compute path
[controller_server-10] [INFO] [1773385837.819206188] [controller_server]: Optimizer reset
[controller_server-10] [INFO] [1773385837.820498806] [controller_server]: Optimizer reset
[controller_server-10] [WARN] [1773385837.820599719] [controller_server]: Optimizer fail to compute path
[controller_server-10] [INFO] [1773385837.917688725] [controller_server]: Passing new path to controller.
[controller_server-10] [INFO] [1773385837.919523823] [controller_server]: Optimizer reset
[controller_server-10] [INFO] [1773385837.921236426] [controller_server]: Optimizer reset
[controller_server-10] [WARN] [1773385837.921349880] [controller_server]: Optimizer fail to compute path
[controller_server-10] [INFO] [1773385838.017736579] [controller_server]: Passing new path to controller.
[controller_server-10] [INFO] [1773385838.019577802] [controller_server]: Optimizer reset
[controller_server-10] [INFO] [1773385838.021140493] [controller_server]: Optimizer reset
[controller_server-10] [WARN] [1773385838.021259489] [controller_server]: Optimizer fail to compute path
[controller_server-10] [INFO] [1773385838.119785483] [controller_server]: Optimizer reset
[controller_server-10] [INFO] [1773385838.126439318] [controller_server]: Optimizer reset
[controller_server-10] [WARN] [1773385838.126611395] [controller_server]: Optimizer fail to compute path
[controller_server-10] [INFO] [1773385838.217692291] [controller_server]: Passing new path to controller.
[controller_server-10] [INFO] [1773385838.219526514] [controller_server]: Optimizer reset
[controller_server-10] [INFO] [1773385838.220816508] [controller_server]: Optimizer reset
[controller_server-10] [WARN] [1773385838.220971086] [controller_server]: Optimizer fail to compute path
[controller_server-10] [ERROR] [1773385838.221078707] [controller_server]: Controller patience exceeded
[controller_server-10] [INFO] [1773385838.221706058] [controller_server]: Optimizer reset
[controller_server-10] [WARN] [1773385838.221748932] [controller_server]: [follow_path] [ActionServer] Aborting handle.
[planner_server-12] [INFO] [1773385838.253702157] [planner_server]: Goal was canceled. Canceling planning action.
[planner_server-12] [INFO] [1773385838.253871609] [planner_server]: [compute_path_through_poses] [ActionServer] Client requested to cancel the goal. Cancelling.
[behavior_server-13] [INFO] [1773385838.255413010] [behavior_server]: Running wait
[behavior_server-13] [INFO] [1773385843.255889807] [behavior_server]: wait completed successfully
[controller_server-10] [INFO] [1773385843.272000873] [local_costmap.local_costmap]: Received request to clear entirely the local_costmap
[controller_server-10] [INFO] [1773385843.279547466] [local_costmap.local_costmap]: KeepoutFilter: Subscribing to "/keepout_costmap_filter_info" topic for filter info...
[controller_server-10] [INFO] [1773385843.287409048] [local_costmap.local_costmap]: KeepoutFilter: Received filter info from /keepout_costmap_filter_info topic.
[controller_server-10] [INFO] [1773385843.287525127] [local_costmap.local_costmap]: KeepoutFilter: Subscribing to "/keepout_filter_mask" topic for filter mask...
[planner_server-12] [INFO] [1773385843.287833699] [global_costmap.global_costmap]: Received request to clear entirely the global_costmap
[planner_server-12] [INFO] [1773385843.298115441] [global_costmap.global_costmap]: KeepoutFilter: Subscribing to "/keepout_costmap_filter_info" topic for filter info...
[controller_server-10] [WARN] [1773385843.307343430] [local_costmap.local_costmap]: KeepoutFilter: New filter mask arrived from /keepout_filter_mask topic. Updating old filter mask.
[planner_server-12] [INFO] [1773385843.310166075] [global_costmap.global_costmap]: KeepoutFilter: Received filter info from /keepout_costmap_filter_info topic.
[planner_server-12] [INFO] [1773385843.310241905] [global_costmap.global_costmap]: KeepoutFilter: Subscribing to "/keepout_filter_mask" topic for filter mask...
[planner_server-12] [WARN] [1773385843.328667552] [global_costmap.global_costmap]: KeepoutFilter: New filter mask arrived from /keepout_filter_mask topic. Updating old filter mask.
[planner_server-12] [WARN] [1773385843.679908333] [planner_server]: Planner loop missed its desired rate of 5.0000 Hz. Current loop rate is 2.7336 Hz
[controller_server-10] [INFO] [1773385843.703634824] [controller_server]: Received a goal, begin computing control effort.
[controller_server-10] [INFO] [1773385843.705707038] [controller_server]: Optimizer reset
[controller_server-10] [INFO] [1773385843.707015989] [controller_server]: Optimizer reset
[controller_server-10] [WARN] [1773385843.707125069] [controller_server]: Optimizer fail to compute path
[controller_server-10] [INFO] [1773385843.806402659] [controller_server]: Optimizer reset
[controller_server-10] [INFO] [1773385843.807882521] [controller_server]: Optimizer reset
[controller_server-10] [WARN] [1773385843.808014349] [controller_server]: Optimizer fail to compute path
[controller_server-10] [INFO] [1773385843.903888025] [controller_server]: Passing new path to controller.
[controller_server-10] [INFO] [1773385843.906263270] [controller_server]: Optimizer reset
[controller_server-10] [INFO] [1773385843.907702591] [controller_server]: Optimizer reset
[controller_server-10] [WARN] [1773385843.907825962] [controller_server]: Optimizer fail to compute path
[controller_server-10] [INFO] [1773385844.003844299] [controller_server]: Passing new path to controller.
[controller_server-10] [INFO] [1773385844.006721192] [controller_server]: Optimizer reset
[controller_server-10] [INFO] [1773385844.008017893] [controller_server]: Optimizer reset
[controller_server-10] [WARN] [1773385844.008112973] [controller_server]: Optimizer fail to compute path
[controller_server-10] [INFO] [1773385844.105570340] [controller_server]: Optimizer reset
[controller_server-10] [INFO] [1773385844.107218195] [controller_server]: Optimizer reset
[controller_server-10] [WARN] [1773385844.107344482] [controller_server]: Optimizer fail to compute path
[controller_server-10] [INFO] [1773385844.203867092] [controller_server]: Passing new path to controller.
[controller_server-10] [INFO] [1773385844.210079944] [controller_server]: Optimizer reset
[controller_server-10] [INFO] [1773385844.214417741] [controller_server]: Optimizer reset
[controller_server-10] [WARN] [1773385844.214656607] [controller_server]: Optimizer fail to compute path
[controller_server-10] [INFO] [1773385844.303879072] [controller_server]: Passing new path to controller.
[controller_server-10] [INFO] [1773385844.310067425] [controller_server]: Optimizer reset
[controller_server-10] [INFO] [1773385844.314322683] [controller_server]: Optimizer reset
[controller_server-10] [WARN] [1773385844.314547841] [controller_server]: Optimizer fail to compute path
[controller_server-10] [INFO] [1773385844.405386372] [controller_server]: Optimizer reset
[controller_server-10] [INFO] [1773385844.406706697] [controller_server]: Optimizer reset
[controller_server-10] [WARN] [1773385844.406811110] [controller_server]: Optimizer fail to compute path
[controller_server-10] [INFO] [1773385844.503916448] [controller_server]: Passing new path to controller.
[controller_server-10] [INFO] [1773385844.505752422] [controller_server]: Optimizer reset
[controller_server-10] [INFO] [1773385844.507050873] [controller_server]: Optimizer reset
[controller_server-10] [WARN] [1773385844.507155286] [controller_server]: Optimizer fail to compute path
[controller_server-10] [INFO] [1773385844.605402748] [controller_server]: Optimizer reset
[controller_server-10] [INFO] [1773385844.607252138] [controller_server]: Optimizer reset
[controller_server-10] [WARN] [1773385844.607424215] [controller_server]: Optimizer fail to compute path
[controller_server-10] [INFO] [1773385844.703924659] [controller_server]: Passing new path to controller.
[controller_server-10] [INFO] [1773385844.707442320] [controller_server]: Optimizer reset
[controller_server-10] [INFO] [1773385844.708888349] [controller_server]: Optimizer reset
[controller_server-10] [WARN] [1773385844.709063051] [controller_server]: Optimizer fail to compute path
[controller_server-10] [ERROR] [1773385844.709211795] [controller_server]: Controller patience exceeded
[controller_server-10] [INFO] [1773385844.710230257] [controller_server]: Optimizer reset
[controller_server-10] [WARN] [1773385844.710341670] [controller_server]: [follow_path] [ActionServer] Aborting handle.
[controller_server-10] [INFO] [1773385844.731978738] [local_costmap.local_costmap]: Received request to clear entirely the local_costmap
[controller_server-10] [INFO] [1773385844.738516786] [local_costmap.local_costmap]: KeepoutFilter: Subscribing to "/keepout_costmap_filter_info" topic for filter info...
[controller_server-10] [INFO] [1773385844.746741188] [local_costmap.local_costmap]: KeepoutFilter: Received filter info from /keepout_costmap_filter_info topic.
[controller_server-10] [INFO] [1773385844.746998428] [local_costmap.local_costmap]: KeepoutFilter: Subscribing to "/keepout_filter_mask" topic for filter mask...
[controller_server-10] [INFO] [1773385844.751639839] [controller_server]: Received a goal, begin computing control effort.
[controller_server-10] [WARN] [1773385844.769035940] [local_costmap.local_costmap]: KeepoutFilter: New filter mask arrived from /keepout_filter_mask topic. Updating old filter mask.
[controller_server-10] [INFO] [1773385844.789889621] [controller_server]: Optimizer reset
[controller_server-10] [INFO] [1773385844.794339122] [controller_server]: Optimizer reset
[controller_server-10] [WARN] [1773385844.794630778] [controller_server]: Optimizer fail to compute path
[controller_server-10] [INFO] [1773385844.854532503] [controller_server]: Passing new path to controller.
[controller_server-10] [INFO] [1773385844.860549362] [controller_server]: Optimizer reset
[controller_server-10] [INFO] [1773385844.864826494] [controller_server]: Optimizer reset
[controller_server-10] [WARN] [1773385844.865043778] [controller_server]: Optimizer fail to compute path
[controller_server-10] [INFO] [1773385844.960421055] [controller_server]: Optimizer reset
[controller_server-10] [INFO] [1773385844.964761769] [controller_server]: Optimizer reset
[controller_server-10] [WARN] [1773385844.964980511] [controller_server]: Optimizer fail to compute path
[controller_server-10] [INFO] [1773385845.054528172] [controller_server]: Passing new path to controller.
[controller_server-10] [INFO] [1773385845.060824729] [controller_server]: Optimizer reset
[controller_server-10] [INFO] [1773385845.065114694] [controller_server]: Optimizer reset
[controller_server-10] [WARN] [1773385845.065330811] [controller_server]: Optimizer fail to compute path
[controller_server-10] [INFO] [1773385845.154535194] [controller_server]: Passing new path to controller.
[controller_server-10] [INFO] [1773385845.160594635] [controller_server]: Optimizer reset
[controller_server-10] [INFO] [1773385845.164861851] [controller_server]: Optimizer reset
[controller_server-10] [WARN] [1773385845.165075635] [controller_server]: Optimizer fail to compute path
[controller_server-10] [INFO] [1773385845.259862601] [controller_server]: Optimizer reset
[controller_server-10] [INFO] [1773385845.264190773] [controller_server]: Optimizer reset
[controller_server-10] [WARN] [1773385845.264408640] [controller_server]: Optimizer fail to compute path
[controller_server-10] [INFO] [1773385845.354522989] [controller_server]: Passing new path to controller.
[controller_server-10] [INFO] [1773385845.360660593] [controller_server]: Optimizer reset
[controller_server-10] [INFO] [1773385845.364961350] [controller_server]: Optimizer reset
[controller_server-10] [WARN] [1773385845.365192633] [controller_server]: Optimizer fail to compute path
[controller_server-10] [INFO] [1773385845.454534386] [controller_server]: Passing new path to controller.
[controller_server-10] [INFO] [1773385845.460563494] [controller_server]: Optimizer reset
[controller_server-10] [INFO] [1773385845.464839460] [controller_server]: Optimizer reset
[controller_server-10] [WARN] [1773385845.465078326] [controller_server]: Optimizer fail to compute path
[controller_server-10] [INFO] [1773385845.559814253] [controller_server]: Optimizer reset
[controller_server-10] [INFO] [1773385845.564119967] [controller_server]: Optimizer reset
[controller_server-10] [WARN] [1773385845.564335501] [controller_server]: Optimizer fail to compute path
[controller_server-10] [INFO] [1773385845.654529180] [controller_server]: Passing new path to controller.
[controller_server-10] [INFO] [1773385845.660703825] [controller_server]: Optimizer reset
[controller_server-10] [INFO] [1773385845.665009539] [controller_server]: Optimizer reset
[controller_server-10] [WARN] [1773385845.665229739] [controller_server]: Optimizer fail to compute path
[controller_server-10] [INFO] [1773385845.754534744] [controller_server]: Passing new path to controller.
[controller_server-10] [INFO] [1773385845.760689264] [controller_server]: Optimizer reset
[controller_server-10] [INFO] [1773385845.765000520] [controller_server]: Optimizer reset
[controller_server-10] [WARN] [1773385845.765258927] [controller_server]: Optimizer fail to compute path
[controller_server-10] [ERROR] [1773385845.765482627] [controller_server]: Controller patience exceeded
[controller_server-10] [INFO] [1773385845.767141857] [controller_server]: Optimizer reset
[controller_server-10] [WARN] [1773385845.767297601] [controller_server]: [follow_path] [ActionServer] Aborting handle.
[controller_server-10] [INFO] [1773385845.791993555] [local_costmap.local_costmap]: Received request to clear entirely the local_costmap
[controller_server-10] [INFO] [1773385845.796365476] [local_costmap.local_costmap]: KeepoutFilter: Subscribing to "/keepout_costmap_filter_info" topic for filter info...
[controller_server-10] [INFO] [1773385845.801199087] [local_costmap.local_costmap]: KeepoutFilter: Received filter info from /keepout_costmap_filter_info topic.
[controller_server-10] [INFO] [1773385845.801323041] [local_costmap.local_costmap]: KeepoutFilter: Subscribing to "/keepout_filter_mask" topic for filter mask...
[planner_server-12] [INFO] [1773385845.801483160] [global_costmap.global_costmap]: Received request to clear entirely the global_costmap
[planner_server-12] [INFO] [1773385845.805185439] [global_costmap.global_costmap]: KeepoutFilter: Subscribing to "/keepout_costmap_filter_info" topic for filter info...
[planner_server-12] [INFO] [1773385845.816515975] [global_costmap.global_costmap]: KeepoutFilter: Received filter info from /keepout_costmap_filter_info topic.
[planner_server-12] [INFO] [1773385845.816603763] [global_costmap.global_costmap]: KeepoutFilter: Subscribing to "/keepout_filter_mask" topic for filter mask...
[controller_server-10] [INFO] [1773385845.818617646] [local_costmap.local_costmap]: Received request to clear entirely the local_costmap
[controller_server-10] [INFO] [1773385845.827946840] [local_costmap.local_costmap]: KeepoutFilter: Subscribing to "/keepout_costmap_filter_info" topic for filter info...
[planner_server-12] [INFO] [1773385845.836456481] [global_costmap.global_costmap]: Received request to clear entirely the global_costmap
[planner_server-12] [INFO] [1773385845.843915870] [global_costmap.global_costmap]: KeepoutFilter: Subscribing to "/keepout_costmap_filter_info" topic for filter info...
[controller_server-10] [INFO] [1773385845.849137675] [local_costmap.local_costmap]: KeepoutFilter: Received filter info from /keepout_costmap_filter_info topic.
[controller_server-10] [INFO] [1773385845.849379166] [local_costmap.local_costmap]: KeepoutFilter: Subscribing to "/keepout_filter_mask" topic for filter mask...
[planner_server-12] [INFO] [1773385845.855874924] [global_costmap.global_costmap]: KeepoutFilter: Received filter info from /keepout_costmap_filter_info topic.
[planner_server-12] [INFO] [1773385845.856027168] [global_costmap.global_costmap]: KeepoutFilter: Subscribing to "/keepout_filter_mask" topic for filter mask...
[controller_server-10] [WARN] [1773385845.865923049] [local_costmap.local_costmap]: KeepoutFilter: New filter mask arrived from /keepout_filter_mask topic. Updating old filter mask.
[planner_server-12] [WARN] [1773385845.884190618] [global_costmap.global_costmap]: KeepoutFilter: New filter mask arrived from /keepout_filter_mask topic. Updating old filter mask.
[planner_server-12] [WARN] [1773385846.135218469] [planner_server]: Planner loop missed its desired rate of 5.0000 Hz. Current loop rate is 3.5811 Hz
[controller_server-10] [INFO] [1773385846.153061387] [controller_server]: Received a goal, begin computing control effort.
[controller_server-10] [INFO] [1773385846.159355611] [controller_server]: Optimizer reset
[controller_server-10] [INFO] [1773385846.163840985] [controller_server]: Optimizer reset
[controller_server-10] [WARN] [1773385846.164078393] [controller_server]: Optimizer fail to compute path
[controller_server-10] [INFO] [1773385846.258978522] [controller_server]: Optimizer reset
[controller_server-10] [INFO] [1773385846.263393899] [controller_server]: Optimizer reset
[controller_server-10] [WARN] [1773385846.263658431] [controller_server]: Optimizer fail to compute path
[controller_server-10] [INFO] [1773385846.353394794] [controller_server]: Passing new path to controller.
[controller_server-10] [INFO] [1773385846.360879556] [controller_server]: Optimizer reset
[controller_server-10] [INFO] [1773385846.365303683] [controller_server]: Optimizer reset
[controller_server-10] [WARN] [1773385846.365576673] [controller_server]: Optimizer fail to compute path
[controller_server-10] [INFO] [1773385846.453429231] [controller_server]: Passing new path to controller.
[controller_server-10] [INFO] [1773385846.459755829] [controller_server]: Optimizer reset
[controller_server-10] [INFO] [1773385846.464272702] [controller_server]: Optimizer reset
[controller_server-10] [WARN] [1773385846.464556483] [controller_server]: Optimizer fail to compute path
[controller_server-10] [INFO] [1773385846.558652809] [controller_server]: Optimizer reset
[controller_server-10] [INFO] [1773385846.563128559] [controller_server]: Optimizer reset
[controller_server-10] [WARN] [1773385846.563404465] [controller_server]: Optimizer fail to compute path
[controller_server-10] [INFO] [1773385846.659939325] [controller_server]: Optimizer reset
[controller_server-10] [INFO] [1773385846.664417408] [controller_server]: Optimizer reset
[controller_server-10] [WARN] [1773385846.664633233] [controller_server]: Optimizer fail to compute path
[controller_server-10] [INFO] [1773385846.753422881] [controller_server]: Passing new path to controller.
[controller_server-10] [INFO] [1773385846.760173838] [controller_server]: Optimizer reset
[controller_server-10] [INFO] [1773385846.764613422] [controller_server]: Optimizer reset
[controller_server-10] [WARN] [1773385846.764884371] [controller_server]: Optimizer fail to compute path
[controller_server-10] [INFO] [1773385846.853443319] [controller_server]: Passing new path to controller.
[controller_server-10] [INFO] [1773385846.859734918] [controller_server]: Optimizer reset
[controller_server-10] [INFO] [1773385846.864291165] [controller_server]: Optimizer reset
[controller_server-10] [WARN] [1773385846.864519531] [controller_server]: Optimizer fail to compute path
[controller_server-10] [INFO] [1773385846.953391718] [controller_server]: Passing new path to controller.
[controller_server-10] [INFO] [1773385846.960018721] [controller_server]: Optimizer reset
[controller_server-10] [INFO] [1773385846.964403766] [controller_server]: Optimizer reset
[controller_server-10] [WARN] [1773385846.964643799] [controller_server]: Optimizer fail to compute path
[controller_server-10] [INFO] [1773385847.058688501] [controller_server]: Optimizer reset
[controller_server-10] [INFO] [1773385847.063270997] [controller_server]: Optimizer reset
[controller_server-10] [WARN] [1773385847.063522404] [controller_server]: Optimizer fail to compute path
[controller_server-10] [INFO] [1773385847.153663586] [controller_server]: Passing new path to controller.
[controller_server-10] [INFO] [1773385847.156927797] [controller_server]: Optimizer reset
[controller_server-10] [INFO] [1773385847.158231207] [controller_server]: Optimizer reset
[controller_server-10] [WARN] [1773385847.158399784] [controller_server]: Optimizer fail to compute path
[controller_server-10] [ERROR] [1773385847.158512655] [controller_server]: Controller patience exceeded
[controller_server-10] [INFO] [1773385847.159137673] [controller_server]: Optimizer reset
[controller_server-10] [WARN] [1773385847.159182005] [controller_server]: [follow_path] [ActionServer] Aborting handle.
[controller_server-10] [INFO] [1773385847.180172764] [local_costmap.local_costmap]: Received request to clear entirely the local_costmap
[controller_server-10] [INFO] [1773385847.185839928] [local_costmap.local_costmap]: KeepoutFilter: Subscribing to "/keepout_costmap_filter_info" topic for filter info...
[controller_server-10] [INFO] [1773385847.191722042] [local_costmap.local_costmap]: KeepoutFilter: Received filter info from /keepout_costmap_filter_info topic.
[controller_server-10] [INFO] [1773385847.191869620] [local_costmap.local_costmap]: KeepoutFilter: Subscribing to "/keepout_filter_mask" topic for filter mask...
[controller_server-10] [INFO] [1773385847.200287389] [controller_server]: Received a goal, begin computing control effort.
[controller_server-10] [WARN] [1773385847.218177264] [local_costmap.local_costmap]: KeepoutFilter: New filter mask arrived from /keepout_filter_mask topic. Updating old filter mask.
[controller_server-10] [INFO] [1773385847.282094798] [controller_server]: Optimizer reset
[controller_server-10] [INFO] [1773385847.283638824] [controller_server]: Optimizer reset
[controller_server-10] [WARN] [1773385847.283757236] [controller_server]: Optimizer fail to compute path
[controller_server-10] [INFO] [1773385847.300588109] [controller_server]: Passing new path to controller.
[controller_server-10] [INFO] [1773385847.302926896] [controller_server]: Optimizer reset
[controller_server-10] [INFO] [1773385847.304250430] [controller_server]: Optimizer reset
[controller_server-10] [WARN] [1773385847.304354260] [controller_server]: Optimizer fail to compute path
[controller_server-10] [INFO] [1773385847.402458811] [controller_server]: Optimizer reset
[controller_server-10] [INFO] [1773385847.405283206] [controller_server]: Optimizer reset
[controller_server-10] [WARN] [1773385847.406063385] [controller_server]: Optimizer fail to compute path
[controller_server-10] [INFO] [1773385847.500588444] [controller_server]: Passing new path to controller.
[controller_server-10] [INFO] [1773385847.502788404] [controller_server]: Optimizer reset
[controller_server-10] [INFO] [1773385847.504486133] [controller_server]: Optimizer reset
[controller_server-10] [WARN] [1773385847.504705458] [controller_server]: Optimizer fail to compute path
[controller_server-10] [INFO] [1773385847.600589342] [controller_server]: Passing new path to controller.
[controller_server-10] [INFO] [1773385847.602406940] [controller_server]: Optimizer reset
[controller_server-10] [INFO] [1773385847.603707142] [controller_server]: Optimizer reset
[controller_server-10] [WARN] [1773385847.603813888] [controller_server]: Optimizer fail to compute path
[controller_server-10] [INFO] [1773385847.702107432] [controller_server]: Optimizer reset
[controller_server-10] [INFO] [1773385847.703735746] [controller_server]: Optimizer reset
[controller_server-10] [WARN] [1773385847.704150189] [controller_server]: Optimizer fail to compute path
[controller_server-10] [INFO] [1773385847.800588803] [controller_server]: Passing new path to controller.
[controller_server-10] [INFO] [1773385847.803183081] [controller_server]: Optimizer reset
[controller_server-10] [INFO] [1773385847.805390915] [controller_server]: Optimizer reset
[controller_server-10] [WARN] [1773385847.806168470] [controller_server]: Optimizer fail to compute path
[controller_server-10] [INFO] [1773385847.900585616] [controller_server]: Passing new path to controller.
[controller_server-10] [INFO] [1773385847.902509961] [controller_server]: Optimizer reset
[controller_server-10] [INFO] [1773385847.903821829] [controller_server]: Optimizer reset
[controller_server-10] [WARN] [1773385847.903941700] [controller_server]: Optimizer fail to compute path
[controller_server-10] [INFO] [1773385848.000590888] [controller_server]: Passing new path to controller.
[controller_server-10] [INFO] [1773385848.002452236] [controller_server]: Optimizer reset
[controller_server-10] [INFO] [1773385848.003759729] [controller_server]: Optimizer reset
[controller_server-10] [WARN] [1773385848.004032135] [controller_server]: Optimizer fail to compute path
[controller_server-10] [INFO] [1773385848.102103146] [controller_server]: Optimizer reset
[controller_server-10] [INFO] [1773385848.103405972] [controller_server]: Optimizer reset
[controller_server-10] [WARN] [1773385848.104363186] [controller_server]: Optimizer fail to compute path
[controller_server-10] [INFO] [1773385848.200782842] [controller_server]: Passing new path to controller.
[controller_server-10] [INFO] [1773385848.204422998] [controller_server]: Optimizer reset
[controller_server-10] [INFO] [1773385848.206544502] [controller_server]: Optimizer reset
[controller_server-10] [WARN] [1773385848.206672248] [controller_server]: Optimizer fail to compute path
[controller_server-10] [ERROR] [1773385848.206748661] [controller_server]: Controller patience exceeded
[controller_server-10] [INFO] [1773385848.207351806] [controller_server]: Optimizer reset
[controller_server-10] [WARN] [1773385848.207399929] [controller_server]: [follow_path] [ActionServer] Aborting handle.
[bt_navigator-14] [WARN] [1773385848.239700225] [bt_navigator]: [navigate_through_poses] [ActionServer] Aborting handle.
[bt_navigator-14] [ERROR] [1773385848.240324368] [bt_navigator]: Goal failed
[delivery_robot_main_controller-20] [33m[WARN] [1773385849.104981718] [main_controller_node]: Goal failed![0m
[delivery_robot_main_controller-20] [33m[WARN] [1773385849.115112965] [main_controller_node]: Blocked lane encountered; stopping with FAILED per setting.[0m
[delivery_robot_main_controller-20] [0m[INFO] [1773385849.120332437] [main_controller_node]: State change: MOVE -> SAFE_STOP[0m
[delivery_robot_main_controller-20] [0m[INFO] [1773385849.139620218] [main_controller_node]: Robot is in SAFE_STOP. Awaiting user to switch to STANDBY.[0m
[delivery_robot_main_controller-20] [0m[INFO] [1773385849.147151938] [main_controller_node]: Robot is in SAFE_STOP. Awaiting user to switch to STANDBY.[0m
[delivery_robot_main_controller-20] [0m[INFO] [1773385849.191128673] [main_controller_node]: Current state: SAFE_STOP, dock_state IDLE, charge_state NOT_CHARGE[0m
[delivery_robot_main_controller-20] [0m[INFO] [1773385849.283539812] [main_controller_node]: Current state: SAFE_STOP, dock_state IDLE, charge_state NOT_CHARGE[0m
[delivery_robot_main_controller-20] [0m[INFO] [1773385850.163942783] [main_controller_node]: Published message: "safe_stop"[0m
[delivery_robot_main_controller-20] [0m[INFO] [1773385850.281765307] [main_controller_node]: Current state: SAFE_STOP, dock_state IDLE, charge_state NOT_CHARGE[0m
[robot_sound-21] [0m[INFO] [1773385850.422899879] [robot_sound_node]: 🔔 Received sound command: safe_stop[0m
[robot_sound-21] Simple mixer control 'PCM',0
[robot_sound-21]   Capabilities: pvolume pswitch pswitch-joined
[robot_sound-21]   Playback channels: Front Left - Front Right
[robot_sound-21]   Limits: Playback 0 - 147
[robot_sound-21]   Mono:
[robot_sound-21]   Front Left: Playback 147 [100%] [-0.94dB] [on]
[robot_sound-21]   Front Right: Playback 147 [100%] [-0.94dB] [on]
[robot_sound-21] [0m[INFO] [1773385850.450444727] [robot_sound_node]: 🔊 Playing sound: /home/smr/workspaces/mini_amr/amrROS2_ws/sounds/robot_safestop.wav[0m
[robot_sound-21] Playing WAVE '/home/smr/workspaces/mini_amr/amrROS2_ws/sounds/robot_safestop.wav' : Signed 16 bit Little Endian, Rate 22050 Hz, Mono
[delivery_robot_main_controller-20] [0m[INFO] [1773385851.278547982] [main_controller_node]: Current state: SAFE_STOP, dock_state IDLE, charge_state NOT_CHARGE[0m
[delivery_robot_main_controller-20] [0m[INFO] [1773385852.297098386] [main_controller_node]: Current state: SAFE_STOP, dock_state IDLE, charge_state NOT_CHARGE[0m
[delivery_robot_main_controller-20] [0m[INFO] [1773385853.327605804] [main_controller_node]: Current state: SAFE_STOP, dock_state IDLE, charge_state NOT_CHARGE[0m
[delivery_robot_main_controller-20] [0m[INFO] [1773385854.283708620] [main_controller_node]: Current state: SAFE_STOP, dock_state IDLE, charge_state NOT_CHARGE[0m
[delivery_robot_main_controller-20] [0m[INFO] [1773385855.169266024] [main_controller_node]: SAFE_STOP cleared to STANDBY via API/GUI.[0m
[delivery_robot_main_controller-20] [0m[INFO] [1773385855.172483862] [main_controller_node]: State change: SAFE_STOP -> STANDBY[0m
[delivery_robot_main_controller-20] [0m[INFO] [1773385855.178173192] [main_controller_node]: Robot is in STANDBY mode.[0m
[delivery_robot_main_controller-20] [0m[INFO] [1773385855.285404236] [main_controller_node]: Current state: STANDBY, dock_state IDLE, charge_state NOT_CHARGE[0m
[delivery_robot_main_controller-20] [0m[INFO] [1773385855.353722273] [main_controller_node]: 1 pending queues [0m
[delivery_robot_main_controller-20] [0m[INFO] [1773385855.354776608] [main_controller_node]: Queue action: Request[0m
[delivery_robot_main_controller-20] [0m[INFO] [1773385855.384542999] [main_controller_node]: AGV start_pos: x=-0.33, y=-8.03[0m
[delivery_robot_main_controller-20] [0m[INFO] [1773385855.385201557] [main_controller_node]: AGV goal_pos: x=9.69, y=-12.00[0m
[delivery_robot_main_controller-20] Graph before shortest_path: Graph with 11 nodes and 10 edges
[delivery_robot_main_controller-20] [0m[INFO] [1773385855.407634554] [main_controller_node]: Computed AGV path waypoints:[0m
[delivery_robot_main_controller-20] [0m[INFO] [1773385855.408308863] [main_controller_node]:   Waypoint 0: x=-0.33, y=-8.03[0m
[delivery_robot_main_controller-20] [0m[INFO] [1773385855.408931839] [main_controller_node]:   Waypoint 1: x=-0.34, y=-6.81[0m
[delivery_robot_main_controller-20] [0m[INFO] [1773385855.409674395] [main_controller_node]:   Waypoint 2: x=2.11, y=-6.76[0m
[delivery_robot_main_controller-20] [0m[INFO] [1773385855.410313705] [main_controller_node]:   Waypoint 3: x=5.13, y=-6.87[0m
[delivery_robot_main_controller-20] [0m[INFO] [1773385855.410913057] [main_controller_node]:   Waypoint 4: x=7.32, y=-11.82[0m
[delivery_robot_main_controller-20] [0m[INFO] [1773385855.411528743] [main_controller_node]:   Waypoint 5: x=9.69, y=-12.00[0m
[delivery_robot_main_controller-20] [0m[INFO] [1773385855.412965731] [main_controller_node]: Navigating with 6 goals....[0m
[bt_navigator-14] [INFO] [1773385855.413978943] [bt_navigator]: Begin navigating from current location through 6 poses to (9.69, -12.00)
[controller_server-10] [INFO] [1773385855.414639252] [local_costmap.local_costmap]: Received request to clear entirely the local_costmap
[controller_server-10] [INFO] [1773385855.421229214] [local_costmap.local_costmap]: KeepoutFilter: Subscribing to "/keepout_costmap_filter_info" topic for filter info...
[planner_server-12] [INFO] [1773385855.426434979] [global_costmap.global_costmap]: Received request to clear entirely the global_costmap
[controller_server-10] [INFO] [1773385855.430847147] [local_costmap.local_costmap]: KeepoutFilter: Received filter info from /keepout_costmap_filter_info topic.
[controller_server-10] [INFO] [1773385855.430985976] [local_costmap.local_costmap]: KeepoutFilter: Subscribing to "/keepout_filter_mask" topic for filter mask...
[planner_server-12] [INFO] [1773385855.434750960] [global_costmap.global_costmap]: KeepoutFilter: Subscribing to "/keepout_costmap_filter_info" topic for filter info...
[controller_server-10] [WARN] [1773385855.447932927] [local_costmap.local_costmap]: KeepoutFilter: New filter mask arrived from /keepout_filter_mask topic. Updating old filter mask.
[planner_server-12] [INFO] [1773385855.448638734] [global_costmap.global_costmap]: KeepoutFilter: Received filter info from /keepout_costmap_filter_info topic.
[planner_server-12] [INFO] [1773385855.448792437] [global_costmap.global_costmap]: KeepoutFilter: Subscribing to "/keepout_filter_mask" topic for filter mask...
[planner_server-12] [WARN] [1773385855.474938795] [global_costmap.global_costmap]: KeepoutFilter: New filter mask arrived from /keepout_filter_mask topic. Updating old filter mask.
[planner_server-12] [WARN] [1773385855.656427446] [planner_server]: Planner loop missed its desired rate of 5.0000 Hz. Current loop rate is 4.6199 Hz
[controller_server-10] [INFO] [1773385855.676106629] [controller_server]: Received a goal, begin computing control effort.
[controller_server-10] [INFO] [1773385855.681691255] [controller_server]: Optimizer reset
[controller_server-10] [INFO] [1773385855.686022051] [controller_server]: Optimizer reset
[controller_server-10] [WARN] [1773385855.686283958] [controller_server]: Optimizer fail to compute path
[controller_server-10] [INFO] [1773385855.781959017] [controller_server]: Optimizer reset
[controller_server-10] [INFO] [1773385855.787526143] [controller_server]: Optimizer reset
[controller_server-10] [WARN] [1773385855.791347125] [controller_server]: Optimizer fail to compute path
[controller_server-10] [INFO] [1773385855.876514700] [controller_server]: Passing new path to controller.
[controller_server-10] [INFO] [1773385855.886628156] [controller_server]: Optimizer reset
[controller_server-10] [INFO] [1773385855.890977911] [controller_server]: Optimizer reset
[controller_server-10] [WARN] [1773385855.891202778] [controller_server]: Optimizer fail to compute path
[controller_server-10] [INFO] [1773385855.978028999] [controller_server]: Optimizer reset
[controller_server-10] [INFO] [1773385855.979330951] [controller_server]: Optimizer reset
[controller_server-10] [WARN] [1773385855.979446155] [controller_server]: Optimizer fail to compute path
[controller_server-10] [INFO] [1773385856.076517953] [controller_server]: Passing new path to controller.
[controller_server-10] [INFO] [1773385856.086815735] [controller_server]: Optimizer reset
[controller_server-10] [INFO] [1773385856.091485728] [controller_server]: Optimizer reset
[controller_server-10] [WARN] [1773385856.091757260] [controller_server]: Optimizer fail to compute path
[controller_server-10] [INFO] [1773385856.176555890] [controller_server]: Passing new path to controller.
[controller_server-10] [INFO] [1773385856.180513076] [controller_server]: Optimizer reset
[controller_server-10] [INFO] [1773385856.182428379] [controller_server]: Optimizer reset
[controller_server-10] [WARN] [1773385856.182585290] [controller_server]: Optimizer fail to compute path
[controller_server-10] [INFO] [1773385856.278044232] [controller_server]: Optimizer reset
[controller_server-10] [INFO] [1773385856.279391681] [controller_server]: Optimizer reset
[controller_server-10] [WARN] [1773385856.279528468] [controller_server]: Optimizer fail to compute path
[controller_server-10] [INFO] [1773385856.376502270] [controller_server]: Passing new path to controller.
[controller_server-10] [INFO] [1773385856.378403865] [controller_server]: Optimizer reset
[controller_server-10] [INFO] [1773385856.379724483] [controller_server]: Optimizer reset
[controller_server-10] [WARN] [1773385856.379882269] [controller_server]: Optimizer fail to compute path
[controller_server-10] [INFO] [1773385856.476489750] [controller_server]: Passing new path to controller.
[controller_server-10] [INFO] [1773385856.478321057] [controller_server]: Optimizer reset
[controller_server-10] [INFO] [1773385856.479613676] [controller_server]: Optimizer reset
[controller_server-10] [WARN] [1773385856.479741713] [controller_server]: Optimizer fail to compute path
[controller_server-10] [INFO] [1773385856.578291039] [controller_server]: Optimizer reset
[controller_server-10] [INFO] [1773385856.579749026] [controller_server]: Optimizer reset
[controller_server-10] [WARN] [1773385856.579879105] [controller_server]: Optimizer fail to compute path
[controller_server-10] [INFO] [1773385856.676501461] [controller_server]: Passing new path to controller.
[controller_server-10] [INFO] [1773385856.678384974] [controller_server]: Optimizer reset
[controller_server-10] [INFO] [1773385856.679693342] [controller_server]: Optimizer reset
[controller_server-10] [WARN] [1773385856.679834503] [controller_server]: Optimizer fail to compute path
[controller_server-10] [ERROR] [1773385856.679911501] [controller_server]: Controller patience exceeded
[controller_server-10] [INFO] [1773385856.680503562] [controller_server]: Optimizer reset
[controller_server-10] [WARN] [1773385856.680552852] [controller_server]: [follow_path] [ActionServer] Aborting handle.
[controller_server-10] [INFO] [1773385856.705261639] [local_costmap.local_costmap]: Received request to clear entirely the local_costmap
[controller_server-10] [INFO] [1773385856.708111408] [local_costmap.local_costmap]: KeepoutFilter: Subscribing to "/keepout_costmap_filter_info" topic for filter info...
[controller_server-10] [INFO] [1773385856.715341846] [local_costmap.local_costmap]: KeepoutFilter: Received filter info from /keepout_costmap_filter_info topic.
[controller_server-10] [INFO] [1773385856.715432843] [local_costmap.local_costmap]: KeepoutFilter: Subscribing to "/keepout_filter_mask" topic for filter mask...
[controller_server-10] [INFO] [1773385856.716571759] [controller_server]: Received a goal, begin computing control effort.
[controller_server-10] [WARN] [1773385856.741906731] [local_costmap.local_costmap]: KeepoutFilter: New filter mask arrived from /keepout_filter_mask topic. Updating old filter mask.
[controller_server-10] [INFO] [1773385856.788596157] [controller_server]: Optimizer reset
[controller_server-10] [INFO] [1773385856.789924649] [controller_server]: Optimizer reset
[controller_server-10] [WARN] [1773385856.790092351] [controller_server]: Optimizer fail to compute path
[controller_server-10] [INFO] [1773385856.817039889] [controller_server]: Passing new path to controller.
[controller_server-10] [INFO] [1773385856.818907944] [controller_server]: Optimizer reset
[controller_server-10] [INFO] [1773385856.820894120] [controller_server]: Optimizer reset
[controller_server-10] [WARN] [1773385856.821020115] [controller_server]: Optimizer fail to compute path
[controller_server-10] [INFO] [1773385856.918549813] [controller_server]: Optimizer reset
[controller_server-10] [INFO] [1773385856.919889679] [controller_server]: Optimizer reset
[controller_server-10] [WARN] [1773385856.920011883] [controller_server]: Optimizer fail to compute path
[controller_server-10] [INFO] [1773385857.017040516] [controller_server]: Passing new path to controller.
[controller_server-10] [INFO] [1773385857.019216560] [controller_server]: Optimizer reset
[controller_server-10] [INFO] [1773385857.020505970] [controller_server]: Optimizer reset
[controller_server-10] [WARN] [1773385857.020639549] [controller_server]: Optimizer fail to compute path
[controller_server-10] [INFO] [1773385857.117041996] [controller_server]: Passing new path to controller.
[controller_server-10] [INFO] [1773385857.118918218] [controller_server]: Optimizer reset
[controller_server-10] [INFO] [1773385857.120239127] [controller_server]: Optimizer reset
[controller_server-10] [WARN] [1773385857.120382622] [controller_server]: Optimizer fail to compute path
[controller_server-10] [INFO] [1773385857.217077601] [controller_server]: Passing new path to controller.
[controller_server-10] [INFO] [1773385857.219018570] [controller_server]: Optimizer reset
[controller_server-10] [INFO] [1773385857.220441850] [controller_server]: Optimizer reset
[controller_server-10] [WARN] [1773385857.221572891] [controller_server]: Optimizer fail to compute path
[controller_server-10] [INFO] [1773385857.317077039] [controller_server]: Passing new path to controller.
[controller_server-10] [INFO] [1773385857.323294266] [controller_server]: Optimizer reset
[controller_server-10] [INFO] [1773385857.328037173] [controller_server]: Optimizer reset
[controller_server-10] [WARN] [1773385857.328292955] [controller_server]: Optimizer fail to compute path
[delivery_robot_main_controller-20] [0m[INFO] [1773385857.344970125] [main_controller_node]: State change: STANDBY -> MOVE[0m
[delivery_robot_main_controller-20] [0m[INFO] [1773385857.363968583] [main_controller_node]: Robot is MOVING.[0m
[controller_server-10] [INFO] [1773385857.418907202] [controller_server]: Optimizer reset
[controller_server-10] [INFO] [1773385857.420436061] [controller_server]: Optimizer reset
[controller_server-10] [WARN] [1773385857.421142452] [controller_server]: Optimizer fail to compute path
[controller_server-10] [INFO] [1773385857.517035669] [controller_server]: Passing new path to controller.
[controller_server-10] [INFO] [1773385857.519740776] [controller_server]: Optimizer reset
[controller_server-10] [INFO] [1773385857.522102896] [controller_server]: Optimizer reset
[controller_server-10] [WARN] [1773385857.523089276] [controller_server]: Optimizer fail to compute path
[controller_server-10] [INFO] [1773385857.617064565] [controller_server]: Passing new path to controller.
[controller_server-10] [INFO] [1773385857.624483996] [controller_server]: Optimizer reset
[controller_server-10] [INFO] [1773385857.628146610] [controller_server]: Optimizer reset
[controller_server-10] [WARN] [1773385857.628295938] [controller_server]: Optimizer fail to compute path
[controller_server-10] [INFO] [1773385857.717182707] [controller_server]: Passing new path to controller.
[controller_server-10] [INFO] [1773385857.719527912] [controller_server]: Optimizer reset
[controller_server-10] [INFO] [1773385857.721521379] [controller_server]: Optimizer reset
[controller_server-10] [WARN] [1773385857.721920072] [controller_server]: Optimizer fail to compute path
[controller_server-10] [ERROR] [1773385857.722038776] [controller_server]: Controller patience exceeded
[controller_server-10] [INFO] [1773385857.722976450] [controller_server]: Optimizer reset
[controller_server-10] [WARN] [1773385857.723091654] [controller_server]: [follow_path] [ActionServer] Aborting handle.
[controller_server-10] [INFO] [1773385857.744890299] [local_costmap.local_costmap]: Received request to clear entirely the local_costmap
[controller_server-10] [INFO] [1773385857.752404519] [local_costmap.local_costmap]: KeepoutFilter: Subscribing to "/keepout_costmap_filter_info" topic for filter info...
[controller_server-10] [INFO] [1773385857.757936646] [local_costmap.local_costmap]: KeepoutFilter: Received filter info from /keepout_costmap_filter_info topic.
[controller_server-10] [INFO] [1773385857.758470085] [local_costmap.local_costmap]: KeepoutFilter: Subscribing to "/keepout_filter_mask" topic for filter mask...
[planner_server-12] [INFO] [1773385857.758528124] [global_costmap.global_costmap]: Received request to clear entirely the global_costmap
[planner_server-12] [INFO] [1773385857.766597948] [global_costmap.global_costmap]: KeepoutFilter: Subscribing to "/keepout_costmap_filter_info" topic for filter info...
[controller_server-10] [INFO] [1773385857.775807564] [local_costmap.local_costmap]: Received request to clear entirely the local_costmap
[planner_server-12] [INFO] [1773385857.778434507] [global_costmap.global_costmap]: KeepoutFilter: Received filter info from /keepout_costmap_filter_info topic.
[planner_server-12] [INFO] [1773385857.778541253] [global_costmap.global_costmap]: KeepoutFilter: Subscribing to "/keepout_filter_mask" topic for filter mask...
[controller_server-10] [INFO] [1773385857.782443899] [local_costmap.local_costmap]: KeepoutFilter: Subscribing to "/keepout_costmap_filter_info" topic for filter info...
[planner_server-12] [INFO] [1773385857.790485725] [global_costmap.global_costmap]: Received request to clear entirely the global_costmap
[controller_server-10] [INFO] [1773385857.793038879] [local_costmap.local_costmap]: KeepoutFilter: Received filter info from /keepout_costmap_filter_info topic.
[controller_server-10] [INFO] [1773385857.793177416] [local_costmap.local_costmap]: KeepoutFilter: Subscribing to "/keepout_filter_mask" topic for filter mask...
[planner_server-12] [INFO] [1773385857.801230324] [global_costmap.global_costmap]: KeepoutFilter: Subscribing to "/keepout_costmap_filter_info" topic for filter info...
[planner_server-12] [INFO] [1773385857.815889819] [global_costmap.global_costmap]: KeepoutFilter: Received filter info from /keepout_costmap_filter_info topic.
[planner_server-12] [INFO] [1773385857.816061896] [global_costmap.global_costmap]: KeepoutFilter: Subscribing to "/keepout_filter_mask" topic for filter mask...
[planner_server-12] [WARN] [1773385857.841571279] [global_costmap.global_costmap]: KeepoutFilter: New filter mask arrived from /keepout_filter_mask topic. Updating old filter mask.
[controller_server-10] [WARN] [1773385857.842714861] [local_costmap.local_costmap]: KeepoutFilter: New filter mask arrived from /keepout_filter_mask topic. Updating old filter mask.
[planner_server-12] [WARN] [1773385858.168507799] [planner_server]: Planner loop missed its desired rate of 5.0000 Hz. Current loop rate is 2.8662 Hz
[controller_server-10] [INFO] [1773385858.188650715] [controller_server]: Received a goal, begin computing control effort.
[controller_server-10] [INFO] [1773385858.194399251] [controller_server]: Optimizer reset
[controller_server-10] [INFO] [1773385858.198731506] [controller_server]: Optimizer reset
[controller_server-10] [WARN] [1773385858.198977080] [controller_server]: Optimizer fail to compute path
[controller_server-10] [INFO] [1773385858.290667537] [controller_server]: Optimizer reset
[controller_server-10] [INFO] [1773385858.292289726] [controller_server]: Optimizer reset
[controller_server-10] [WARN] [1773385858.292401139] [controller_server]: Optimizer fail to compute path
[controller_server-10] [INFO] [1773385858.389156199] [controller_server]: Passing new path to controller.
[controller_server-10] [INFO] [1773385858.390999463] [controller_server]: Optimizer reset
[controller_server-10] [INFO] [1773385858.392308706] [controller_server]: Optimizer reset
[controller_server-10] [WARN] [1773385858.392425368] [controller_server]: Optimizer fail to compute path
[controller_server-10] [INFO] [1773385858.489173137] [controller_server]: Passing new path to controller.
[controller_server-10] [INFO] [1773385858.495102499] [controller_server]: Optimizer reset
[controller_server-10] [INFO] [1773385858.499432129] [controller_server]: Optimizer reset
[controller_server-10] [WARN] [1773385858.499708036] [controller_server]: Optimizer fail to compute path
[controller_server-10] [INFO] [1773385858.594558291] [controller_server]: Optimizer reset
[controller_server-10] [INFO] [1773385858.598990293] [controller_server]: Optimizer reset
[controller_server-10] [WARN] [1773385858.599244033] [controller_server]: Optimizer fail to compute path
[controller_server-10] [INFO] [1773385858.689179014] [controller_server]: Passing new path to controller.
[controller_server-10] [INFO] [1773385858.695377575] [controller_server]: Optimizer reset
[controller_server-10] [INFO] [1773385858.699646541] [controller_server]: Optimizer reset
[controller_server-10] [WARN] [1773385858.699962987] [controller_server]: Optimizer fail to compute path
[controller_server-10] [INFO] [1773385858.796631133] [controller_server]: Optimizer reset
[controller_server-10] [INFO] [1773385858.801423621] [controller_server]: Optimizer reset
[controller_server-10] [WARN] [1773385858.802774863] [controller_server]: Optimizer fail to compute path
[controller_server-10] [INFO] [1773385858.889188391] [controller_server]: Passing new path to controller.
[controller_server-10] [INFO] [1773385858.895110462] [controller_server]: Optimizer reset
[controller_server-10] [INFO] [1773385858.899362512] [controller_server]: Optimizer reset
[controller_server-10] [WARN] [1773385858.899599628] [controller_server]: Optimizer fail to compute path
[controller_server-10] [INFO] [1773385858.989184622] [controller_server]: Passing new path to controller.
[controller_server-10] [INFO] [1773385858.995289561] [controller_server]: Optimizer reset
[controller_server-10] [INFO] [1773385858.999648065] [controller_server]: Optimizer reset
[controller_server-10] [WARN] [1773385858.999931555] [controller_server]: Optimizer fail to compute path
[controller_server-10] [INFO] [1773385859.094511154] [controller_server]: Optimizer reset
[controller_server-10] [INFO] [1773385859.098920698] [controller_server]: Optimizer reset
[controller_server-10] [WARN] [1773385859.099200104] [controller_server]: Optimizer fail to compute path
[controller_server-10] [INFO] [1773385859.189195166] [controller_server]: Passing new path to controller.
[controller_server-10] [INFO] [1773385859.195529930] [controller_server]: Optimizer reset
[controller_server-10] [INFO] [1773385859.200058178] [controller_server]: Optimizer reset
[controller_server-10] [WARN] [1773385859.200325626] [controller_server]: Optimizer fail to compute path
[controller_server-10] [ERROR] [1773385859.200495953] [controller_server]: Controller patience exceeded
[controller_server-10] [INFO] [1773385859.202292553] [controller_server]: Optimizer reset
[controller_server-10] [WARN] [1773385859.202457046] [controller_server]: [follow_path] [ActionServer] Aborting handle.
[controller_server-10] [INFO] [1773385859.226893427] [local_costmap.local_costmap]: Received request to clear entirely the local_costmap
[controller_server-10] [INFO] [1773385859.232925161] [local_costmap.local_costmap]: KeepoutFilter: Subscribing to "/keepout_costmap_filter_info" topic for filter info...
[controller_server-10] [INFO] [1773385859.238519994] [local_costmap.local_costmap]: KeepoutFilter: Received filter info from /keepout_costmap_filter_info topic.
[controller_server-10] [INFO] [1773385859.238948144] [local_costmap.local_costmap]: KeepoutFilter: Subscribing to "/keepout_filter_mask" topic for filter mask...
[controller_server-10] [INFO] [1773385859.241541839] [controller_server]: Received a goal, begin computing control effort.
[controller_server-10] [WARN] [1773385859.253044161] [local_costmap.local_costmap]: KeepoutFilter: New filter mask arrived from /keepout_filter_mask topic. Updating old filter mask.
[controller_server-10] [INFO] [1773385859.281990707] [controller_server]: Passing new path to controller.
[controller_server-10] [INFO] [1773385859.284163834] [controller_server]: Optimizer reset
[controller_server-10] [INFO] [1773385859.285646029] [controller_server]: Optimizer reset
[controller_server-10] [WARN] [1773385859.285835896] [controller_server]: Optimizer fail to compute path
[controller_server-10] [INFO] [1773385859.343649658] [controller_server]: Optimizer reset
[controller_server-10] [INFO] [1773385859.344958609] [controller_server]: Optimizer reset
[controller_server-10] [WARN] [1773385859.345133603] [controller_server]: Optimizer fail to compute path
[controller_server-10] [INFO] [1773385859.441986367] [controller_server]: Passing new path to controller.
[controller_server-10] [INFO] [1773385859.443819132] [controller_server]: Optimizer reset
[controller_server-10] [INFO] [1773385859.445106501] [controller_server]: Optimizer reset
[controller_server-10] [WARN] [1773385859.445217622] [controller_server]: Optimizer fail to compute path
[controller_server-10] [INFO] [1773385859.543748865] [controller_server]: Optimizer reset
[controller_server-10] [INFO] [1773385859.545251767] [controller_server]: Optimizer reset
[controller_server-10] [WARN] [1773385859.545378638] [controller_server]: Optimizer fail to compute path
[controller_server-10] [INFO] [1773385859.643504480] [controller_server]: Optimizer reset
[controller_server-10] [INFO] [1773385859.644784849] [controller_server]: Optimizer reset
[controller_server-10] [WARN] [1773385859.644885762] [controller_server]: Optimizer fail to compute path
[controller_server-10] [INFO] [1773385859.741987017] [controller_server]: Passing new path to controller.
[controller_server-10] [INFO] [1773385859.744068272] [controller_server]: Optimizer reset
[controller_server-10] [INFO] [1773385859.745371099] [controller_server]: Optimizer reset
[controller_server-10] [WARN] [1773385859.745476678] [controller_server]: Optimizer fail to compute path
[controller_server-10] [INFO] [1773385859.841987622] [controller_server]: Passing new path to controller.
[controller_server-10] [INFO] [1773385859.843844303] [controller_server]: Optimizer reset
[controller_server-10] [INFO] [1773385859.845152088] [controller_server]: Optimizer reset
[controller_server-10] [WARN] [1773385859.845255625] [controller_server]: Optimizer fail to compute path
[controller_server-10] [INFO] [1773385859.941986186] [controller_server]: Passing new path to controller.
[controller_server-10] [INFO] [1773385859.943799410] [controller_server]: Optimizer reset
[controller_server-10] [INFO] [1773385859.945066946] [controller_server]: Optimizer reset
[controller_server-10] [WARN] [1773385859.945154735] [controller_server]: Optimizer fail to compute path
[controller_server-10] [INFO] [1773385860.043558233] [controller_server]: Optimizer reset
[controller_server-10] [INFO] [1773385860.044897516] [controller_server]: Optimizer reset
[controller_server-10] [WARN] [1773385860.045031386] [controller_server]: Optimizer fail to compute path
[controller_server-10] [INFO] [1773385860.141985064] [controller_server]: Passing new path to controller.
[controller_server-10] [INFO] [1773385860.143795663] [controller_server]: Optimizer reset
[controller_server-10] [INFO] [1773385860.145067865] [controller_server]: Optimizer reset
[controller_server-10] [WARN] [1773385860.145152446] [controller_server]: Optimizer fail to compute path
[controller_server-10] [INFO] [1773385860.241985086] [controller_server]: Passing new path to controller.
[controller_server-10] [INFO] [1773385860.243808518] [controller_server]: Optimizer reset
[controller_server-10] [INFO] [1773385860.245094720] [controller_server]: Optimizer reset
[controller_server-10] [WARN] [1773385860.245186008] [controller_server]: Optimizer fail to compute path
[controller_server-10] [ERROR] [1773385860.245250464] [controller_server]: Controller patience exceeded
[controller_server-10] [INFO] [1773385860.245807527] [controller_server]: Optimizer reset
[controller_server-10] [WARN] [1773385860.245854192] [controller_server]: [follow_path] [ActionServer] Aborting handle.
[behavior_server-13] [INFO] [1773385860.267600922] [behavior_server]: Running wait
[behavior_server-13] [INFO] [1773385865.267929558] [behavior_server]: wait completed successfully
[controller_server-10] [INFO] [1773385865.286734940] [local_costmap.local_costmap]: Received request to clear entirely the local_costmap
[controller_server-10] [INFO] [1773385865.290969199] [local_costmap.local_costmap]: KeepoutFilter: Subscribing to "/keepout_costmap_filter_info" topic for filter info...
[planner_server-12] [INFO] [1773385865.294621313] [global_costmap.global_costmap]: Received request to clear entirely the global_costmap
[controller_server-10] [INFO] [1773385865.295054130] [local_costmap.local_costmap]: KeepoutFilter: Received filter info from /keepout_costmap_filter_info topic.
[controller_server-10] [INFO] [1773385865.295132002] [local_costmap.local_costmap]: KeepoutFilter: Subscribing to "/keepout_filter_mask" topic for filter mask...
[planner_server-12] [INFO] [1773385865.301759297] [global_costmap.global_costmap]: KeepoutFilter: Subscribing to "/keepout_costmap_filter_info" topic for filter info...
[planner_server-12] [INFO] [1773385865.314587777] [global_costmap.global_costmap]: KeepoutFilter: Received filter info from /keepout_costmap_filter_info topic.
[planner_server-12] [INFO] [1773385865.314667399] [global_costmap.global_costmap]: KeepoutFilter: Subscribing to "/keepout_filter_mask" topic for filter mask...
[controller_server-10] [WARN] [1773385865.320182902] [local_costmap.local_costmap]: KeepoutFilter: New filter mask arrived from /keepout_filter_mask topic. Updating old filter mask.
[planner_server-12] [WARN] [1773385865.337977697] [global_costmap.global_costmap]: KeepoutFilter: New filter mask arrived from /keepout_filter_mask topic. Updating old filter mask.
[planner_server-12] [WARN] [1773385865.636508693] [planner_server]: Planner loop missed its desired rate of 5.0000 Hz. Current loop rate is 3.0536 Hz
[controller_server-10] [INFO] [1773385865.658339421] [controller_server]: Received a goal, begin computing control effort.
[controller_server-10] [INFO] [1773385865.660336971] [controller_server]: Optimizer reset
[controller_server-10] [INFO] [1773385865.661635714] [controller_server]: Optimizer reset
[controller_server-10] [WARN] [1773385865.661752085] [controller_server]: Optimizer fail to compute path
[controller_server-10] [INFO] [1773385865.760235205] [controller_server]: Optimizer reset
[controller_server-10] [INFO] [1773385865.761511491] [controller_server]: Optimizer reset
[controller_server-10] [WARN] [1773385865.761606863] [controller_server]: Optimizer fail to compute path
[controller_server-10] [INFO] [1773385865.858651245] [controller_server]: Passing new path to controller.
[controller_server-10] [INFO] [1773385865.861051864] [controller_server]: Optimizer reset
[controller_server-10] [INFO] [1773385865.862339524] [controller_server]: Optimizer reset
[controller_server-10] [WARN] [1773385865.862464061] [controller_server]: Optimizer fail to compute path
[controller_server-10] [INFO] [1773385865.958988713] [controller_server]: Passing new path to controller.
[controller_server-10] [INFO] [1773385865.961500161] [controller_server]: Optimizer reset
[controller_server-10] [INFO] [1773385865.962790446] [controller_server]: Optimizer reset
[controller_server-10] [WARN] [1773385865.962889901] [controller_server]: Optimizer fail to compute path
[controller_server-10] [INFO] [1773385866.060154191] [controller_server]: Optimizer reset
[controller_server-10] [INFO] [1773385866.061435144] [controller_server]: Optimizer reset
[controller_server-10] [WARN] [1773385866.061523807] [controller_server]: Optimizer fail to compute path
[controller_server-10] [INFO] [1773385866.158612813] [controller_server]: Passing new path to controller.
[controller_server-10] [INFO] [1773385866.160896769] [controller_server]: Optimizer reset
[controller_server-10] [INFO] [1773385866.162205429] [controller_server]: Optimizer reset
[controller_server-10] [WARN] [1773385866.162309842] [controller_server]: Optimizer fail to compute path
[controller_server-10] [INFO] [1773385866.260153069] [controller_server]: Optimizer reset
[controller_server-10] [INFO] [1773385866.261436938] [controller_server]: Optimizer reset
[controller_server-10] [WARN] [1773385866.261532309] [controller_server]: Optimizer fail to compute path
[controller_server-10] [INFO] [1773385866.358619273] [controller_server]: Passing new path to controller.
[controller_server-10] [INFO] [1773385866.360477704] [controller_server]: Optimizer reset
[controller_server-10] [INFO] [1773385866.361749615] [controller_server]: Optimizer reset
[controller_server-10] [WARN] [1773385866.361836237] [controller_server]: Optimizer fail to compute path
[controller_server-10] [INFO] [1773385866.458623087] [controller_server]: Passing new path to controller.
[controller_server-10] [INFO] [1773385866.460537224] [controller_server]: Optimizer reset
[controller_server-10] [INFO] [1773385866.461815843] [controller_server]: Optimizer reset
[controller_server-10] [WARN] [1773385866.461903631] [controller_server]: Optimizer fail to compute path
[controller_server-10] [INFO] [1773385866.560478332] [controller_server]: Optimizer reset
[controller_server-10] [INFO] [1773385866.561781741] [controller_server]: Optimizer reset
[controller_server-10] [WARN] [1773385866.561883821] [controller_server]: Optimizer fail to compute path
[controller_server-10] [INFO] [1773385866.658643256] [controller_server]: Passing new path to controller.
[controller_server-10] [INFO] [1773385866.660463771] [controller_server]: Optimizer reset
[controller_server-10] [INFO] [1773385866.661732765] [controller_server]: Optimizer reset
[controller_server-10] [WARN] [1773385866.661810637] [controller_server]: Optimizer fail to compute path
[controller_server-10] [ERROR] [1773385866.661876843] [controller_server]: Controller patience exceeded
[controller_server-10] [INFO] [1773385866.662435947] [controller_server]: Optimizer reset
[controller_server-10] [WARN] [1773385866.662474154] [controller_server]: [follow_path] [ActionServer] Aborting handle.
[controller_server-10] [INFO] [1773385866.687112361] [local_costmap.local_costmap]: Received request to clear entirely the local_costmap
[controller_server-10] [INFO] [1773385866.691971638] [local_costmap.local_costmap]: KeepoutFilter: Subscribing to "/keepout_costmap_filter_info" topic for filter info...
[controller_server-10] [INFO] [1773385866.697316522] [local_costmap.local_costmap]: KeepoutFilter: Received filter info from /keepout_costmap_filter_info topic.
[controller_server-10] [INFO] [1773385866.697487141] [local_costmap.local_costmap]: KeepoutFilter: Subscribing to "/keepout_filter_mask" topic for filter mask...
[controller_server-10] [INFO] [1773385866.701053508] [controller_server]: Received a goal, begin computing control effort.
[controller_server-10] [WARN] [1773385866.708447274] [local_costmap.local_costmap]: KeepoutFilter: New filter mask arrived from /keepout_filter_mask topic. Updating old filter mask.
[controller_server-10] [INFO] [1773385866.783876754] [controller_server]: Optimizer reset
[controller_server-10] [INFO] [1773385866.785880429] [controller_server]: Optimizer reset
[controller_server-10] [WARN] [1773385866.786020715] [controller_server]: Optimizer fail to compute path
[controller_server-10] [INFO] [1773385866.802442978] [controller_server]: Passing new path to controller.
[controller_server-10] [INFO] [1773385866.804612314] [controller_server]: Optimizer reset
[controller_server-10] [INFO] [1773385866.806474828] [controller_server]: Optimizer reset
[controller_server-10] [WARN] [1773385866.806593532] [controller_server]: Optimizer fail to compute path
[controller_server-10] [INFO] [1773385866.908038417] [controller_server]: Optimizer reset
[controller_server-10] [INFO] [1773385866.912439211] [controller_server]: Optimizer reset
[controller_server-10] [WARN] [1773385866.912658828] [controller_server]: Optimizer fail to compute path
[controller_server-10] [INFO] [1773385867.002411524] [controller_server]: Passing new path to controller.
[controller_server-10] [INFO] [1773385867.009052526] [controller_server]: Optimizer reset
[controller_server-10] [INFO] [1773385867.013594773] [controller_server]: Optimizer reset
[controller_server-10] [WARN] [1773385867.013845597] [controller_server]: Optimizer fail to compute path
[controller_server-10] [INFO] [1773385867.102562623] [controller_server]: Passing new path to controller.
[controller_server-10] [INFO] [1773385867.105037031] [controller_server]: Optimizer reset
[controller_server-10] [INFO] [1773385867.106324400] [controller_server]: Optimizer reset
[controller_server-10] [WARN] [1773385867.106415688] [controller_server]: Optimizer fail to compute path
[controller_server-10] [INFO] [1773385867.202370736] [controller_server]: Passing new path to controller.
[controller_server-10] [INFO] [1773385867.204301206] [controller_server]: Optimizer reset
[controller_server-10] [INFO] [1773385867.205597324] [controller_server]: Optimizer reset
[controller_server-10] [WARN] [1773385867.205709612] [controller_server]: Optimizer fail to compute path
[controller_server-10] [INFO] [1773385867.303931408] [controller_server]: Optimizer reset
[controller_server-10] [INFO] [1773385867.305221402] [controller_server]: Optimizer reset
[controller_server-10] [WARN] [1773385867.305324065] [controller_server]: Optimizer fail to compute path
[controller_server-10] [INFO] [1773385867.402353864] [controller_server]: Passing new path to controller.
[controller_server-10] [INFO] [1773385867.404216087] [controller_server]: Optimizer reset
[controller_server-10] [INFO] [1773385867.405496747] [controller_server]: Optimizer reset
[controller_server-10] [WARN] [1773385867.405590660] [controller_server]: Optimizer fail to compute path
[controller_server-10] [INFO] [1773385867.502335220] [controller_server]: Passing new path to controller.
[controller_server-10] [INFO] [1773385867.504289606] [controller_server]: Optimizer reset
[controller_server-10] [INFO] [1773385867.505673513] [controller_server]: Optimizer reset
[controller_server-10] [WARN] [1773385867.505786675] [controller_server]: Optimizer fail to compute path
[controller_server-10] [INFO] [1773385867.603904351] [controller_server]: Optimizer reset
[controller_server-10] [INFO] [1773385867.605486000] [controller_server]: Optimizer reset
[controller_server-10] [WARN] [1773385867.605593329] [controller_server]: Optimizer fail to compute path
[controller_server-10] [INFO] [1773385867.702330307] [controller_server]: Passing new path to controller.
[controller_server-10] [INFO] [1773385867.704180571] [controller_server]: Optimizer reset
[controller_server-10] [INFO] [1773385867.705451607] [controller_server]: Optimizer reset
[controller_server-10] [WARN] [1773385867.705551061] [controller_server]: Optimizer fail to compute path
[controller_server-10] [ERROR] [1773385867.705614642] [controller_server]: Controller patience exceeded
[controller_server-10] [INFO] [1773385867.706170538] [controller_server]: Optimizer reset
[controller_server-10] [WARN] [1773385867.706214870] [controller_server]: [follow_path] [ActionServer] Aborting handle.
[planner_server-12] [INFO] [1773385867.729229720] [planner_server]: Goal was canceled. Canceling planning action.
[planner_server-12] [INFO] [1773385867.729401797] [planner_server]: [compute_path_through_poses] [ActionServer] Client requested to cancel the goal. Cancelling.
[controller_server-10] [INFO] [1773385867.730888075] [local_costmap.local_costmap]: Received request to clear entirely the local_costmap
[controller_server-10] [INFO] [1773385867.736885393] [local_costmap.local_costmap]: KeepoutFilter: Subscribing to "/keepout_costmap_filter_info" topic for filter info...
[planner_server-12] [INFO] [1773385867.742250693] [global_costmap.global_costmap]: Received request to clear entirely the global_costmap
[controller_server-10] [INFO] [1773385867.742517558] [local_costmap.local_costmap]: KeepoutFilter: Received filter info from /keepout_costmap_filter_info topic.
[controller_server-10] [INFO] [1773385867.742640345] [local_costmap.local_costmap]: KeepoutFilter: Subscribing to "/keepout_filter_mask" topic for filter mask...
[planner_server-12] [INFO] [1773385867.748108600] [global_costmap.global_costmap]: KeepoutFilter: Subscribing to "/keepout_costmap_filter_info" topic for filter info...
[controller_server-10] [INFO] [1773385867.757712534] [local_costmap.local_costmap]: Received request to clear entirely the local_costmap
[planner_server-12] [INFO] [1773385867.759971408] [global_costmap.global_costmap]: KeepoutFilter: Received filter info from /keepout_costmap_filter_info topic.
[planner_server-12] [INFO] [1773385867.760121319] [global_costmap.global_costmap]: KeepoutFilter: Subscribing to "/keepout_filter_mask" topic for filter mask...
[controller_server-10] [INFO] [1773385867.765748526] [local_costmap.local_costmap]: KeepoutFilter: Subscribing to "/keepout_costmap_filter_info" topic for filter info...
[planner_server-12] [INFO] [1773385867.776727033] [global_costmap.global_costmap]: Received request to clear entirely the global_costmap
[planner_server-12] [INFO] [1773385867.783809019] [global_costmap.global_costmap]: KeepoutFilter: Subscribing to "/keepout_costmap_filter_info" topic for filter info...
[controller_server-10] [INFO] [1773385867.787011691] [local_costmap.local_costmap]: KeepoutFilter: Received filter info from /keepout_costmap_filter_info topic.
[controller_server-10] [INFO] [1773385867.787188435] [local_costmap.local_costmap]: KeepoutFilter: Subscribing to "/keepout_filter_mask" topic for filter mask...
[planner_server-12] [INFO] [1773385867.794746111] [global_costmap.global_costmap]: KeepoutFilter: Received filter info from /keepout_costmap_filter_info topic.
[planner_server-12] [INFO] [1773385867.794905939] [global_costmap.global_costmap]: KeepoutFilter: Subscribing to "/keepout_filter_mask" topic for filter mask...
[controller_server-10] [WARN] [1773385867.816610088] [local_costmap.local_costmap]: KeepoutFilter: New filter mask arrived from /keepout_filter_mask topic. Updating old filter mask.
[planner_server-12] [WARN] [1773385867.827573429] [global_costmap.global_costmap]: KeepoutFilter: New filter mask arrived from /keepout_filter_mask topic. Updating old filter mask.
[planner_server-12] [WARN] [1773385868.159942622] [planner_server]: Planner loop missed its desired rate of 5.0000 Hz. Current loop rate is 2.7959 Hz
[controller_server-10] [INFO] [1773385868.190211244] [controller_server]: Received a goal, begin computing control effort.
[controller_server-10] [INFO] [1773385868.193072096] [controller_server]: Optimizer reset
[controller_server-10] [INFO] [1773385868.221164382] [controller_server]: Optimizer reset
[controller_server-10] [WARN] [1773385868.221911312] [controller_server]: Optimizer fail to compute path
[controller_server-10] [INFO] [1773385868.292902082] [controller_server]: Optimizer reset
[controller_server-10] [INFO] [1773385868.294243699] [controller_server]: Optimizer reset
[controller_server-10] [WARN] [1773385868.294383402] [controller_server]: Optimizer fail to compute path
[controller_server-10] [INFO] [1773385868.391412035] [controller_server]: Passing new path to controller.
[controller_server-10] [INFO] [1773385868.398674264] [controller_server]: Optimizer reset
[controller_server-10] [INFO] [1773385868.403144764] [controller_server]: Optimizer reset
[controller_server-10] [WARN] [1773385868.403540833] [controller_server]: Optimizer fail to compute path
[controller_server-10] [INFO] [1773385868.491375017] [controller_server]: Passing new path to controller.
[controller_server-10] [INFO] [1773385868.497366210] [controller_server]: Optimizer reset
[controller_server-10] [INFO] [1773385868.501683299] [controller_server]: Optimizer reset
[controller_server-10] [WARN] [1773385868.501911082] [controller_server]: Optimizer fail to compute path
[controller_server-10] [INFO] [1773385868.596760463] [controller_server]: Optimizer reset
[controller_server-10] [INFO] [1773385868.601688280] [controller_server]: Optimizer reset
[controller_server-10] [WARN] [1773385868.602102139] [controller_server]: Optimizer fail to compute path
[controller_server-10] [INFO] [1773385868.691374769] [controller_server]: Passing new path to controller.
[controller_server-10] [INFO] [1773385868.693631602] [controller_server]: Optimizer reset
[controller_server-10] [INFO] [1773385868.694914596] [controller_server]: Optimizer reset
[controller_server-10] [WARN] [1773385868.695069757] [controller_server]: Optimizer fail to compute path
[controller_server-10] [INFO] [1773385868.796747966] [controller_server]: Optimizer reset
[controller_server-10] [INFO] [1773385868.801359628] [controller_server]: Optimizer reset
[controller_server-10] [WARN] [1773385868.801615701] [controller_server]: Optimizer fail to compute path
[controller_server-10] [INFO] [1773385868.891371022] [controller_server]: Passing new path to controller.
[controller_server-10] [INFO] [1773385868.897371257] [controller_server]: Optimizer reset
[controller_server-10] [INFO] [1773385868.901681346] [controller_server]: Optimizer reset
[controller_server-10] [WARN] [1773385868.901907379] [controller_server]: Optimizer fail to compute path
[controller_server-10] [INFO] [1773385868.991373961] [controller_server]: Passing new path to controller.
[controller_server-10] [INFO] [1773385868.997391403] [controller_server]: Optimizer reset
[controller_server-10] [INFO] [1773385869.001746116] [controller_server]: Optimizer reset
[controller_server-10] [WARN] [1773385869.002015606] [controller_server]: Optimizer fail to compute path
[controller_server-10] [INFO] [1773385869.092899926] [controller_server]: Optimizer reset
[controller_server-10] [INFO] [1773385869.094217627] [controller_server]: Optimizer reset
[controller_server-10] [WARN] [1773385869.094329623] [controller_server]: Optimizer fail to compute path
[controller_server-10] [INFO] [1773385869.191376630] [controller_server]: Passing new path to controller.
[controller_server-10] [INFO] [1773385869.197521818] [controller_server]: Optimizer reset
[controller_server-10] [INFO] [1773385869.200182885] [controller_server]: Optimizer reset
[controller_server-10] [WARN] [1773385869.200402502] [controller_server]: Optimizer fail to compute path
[controller_server-10] [ERROR] [1773385869.200547163] [controller_server]: Controller patience exceeded
[controller_server-10] [INFO] [1773385869.201583416] [controller_server]: Optimizer reset
[controller_server-10] [WARN] [1773385869.202252475] [controller_server]: [follow_path] [ActionServer] Aborting handle.
[controller_server-10] [INFO] [1773385869.227196920] [local_costmap.local_costmap]: Received request to clear entirely the local_costmap
[controller_server-10] [INFO] [1773385869.231612297] [local_costmap.local_costmap]: KeepoutFilter: Subscribing to "/keepout_costmap_filter_info" topic for filter info...
[controller_server-10] [INFO] [1773385869.237892229] [local_costmap.local_costmap]: KeepoutFilter: Received filter info from /keepout_costmap_filter_info topic.
[controller_server-10] [INFO] [1773385869.238063140] [local_costmap.local_costmap]: KeepoutFilter: Subscribing to "/keepout_filter_mask" topic for filter mask...
[controller_server-10] [INFO] [1773385869.240168603] [controller_server]: Received a goal, begin computing control effort.
[controller_server-10] [WARN] [1773385869.264879723] [local_costmap.local_costmap]: KeepoutFilter: New filter mask arrived from /keepout_filter_mask topic. Updating old filter mask.
[controller_server-10] [INFO] [1773385869.280377146] [controller_server]: Passing new path to controller.
[controller_server-10] [INFO] [1773385869.282387529] [controller_server]: Optimizer reset
[controller_server-10] [INFO] [1773385869.283702313] [controller_server]: Optimizer reset
[controller_server-10] [WARN] [1773385869.283806143] [controller_server]: Optimizer fail to compute path
[controller_server-10] [INFO] [1773385869.341899602] [controller_server]: Optimizer reset
[controller_server-10] [INFO] [1773385869.343186679] [controller_server]: Optimizer reset
[controller_server-10] [WARN] [1773385869.343285842] [controller_server]: Optimizer fail to compute path
[controller_server-10] [INFO] [1773385869.440380389] [controller_server]: Passing new path to controller.
[controller_server-10] [INFO] [1773385869.442198280] [controller_server]: Optimizer reset
[controller_server-10] [INFO] [1773385869.443478940] [controller_server]: Optimizer reset
[controller_server-10] [WARN] [1773385869.443572853] [controller_server]: Optimizer fail to compute path
[controller_server-10] [INFO] [1773385869.541894105] [controller_server]: Optimizer reset
[controller_server-10] [INFO] [1773385869.543161058] [controller_server]: Optimizer reset
[controller_server-10] [WARN] [1773385869.543249721] [controller_server]: Optimizer fail to compute path
[controller_server-10] [INFO] [1773385869.641908710] [controller_server]: Optimizer reset
[controller_server-10] [INFO] [1773385869.643177121] [controller_server]: Optimizer reset
[controller_server-10] [WARN] [1773385869.643269576] [controller_server]: Optimizer fail to compute path
[controller_server-10] [INFO] [1773385869.740388913] [controller_server]: Passing new path to controller.
[controller_server-10] [INFO] [1773385869.742209721] [controller_server]: Optimizer reset
[controller_server-10] [INFO] [1773385869.743489798] [controller_server]: Optimizer reset
[controller_server-10] [WARN] [1773385869.743588086] [controller_server]: Optimizer fail to compute path
[controller_server-10] [INFO] [1773385869.840383103] [controller_server]: Passing new path to controller.
[controller_server-10] [INFO] [1773385869.842230450] [controller_server]: Optimizer reset
[controller_server-10] [INFO] [1773385869.843538527] [controller_server]: Optimizer reset
[controller_server-10] [WARN] [1773385869.843694562] [controller_server]: Optimizer fail to compute path
[controller_server-10] [INFO] [1773385869.940387208] [controller_server]: Passing new path to controller.
[controller_server-10] [INFO] [1773385869.942691580] [controller_server]: Optimizer reset
[controller_server-10] [INFO] [1773385869.943987407] [controller_server]: Optimizer reset
[controller_server-10] [WARN] [1773385869.944948413] [controller_server]: Optimizer fail to compute path
[controller_server-10] [INFO] [1773385870.041899757] [controller_server]: Optimizer reset
[controller_server-10] [INFO] [1773385870.043181876] [controller_server]: Optimizer reset
[controller_server-10] [WARN] [1773385870.043274331] [controller_server]: Optimizer fail to compute path
[controller_server-10] [INFO] [1773385870.140383461] [controller_server]: Passing new path to controller.
[controller_server-10] [INFO] [1773385870.142195810] [controller_server]: Optimizer reset
[controller_server-10] [INFO] [1773385870.143499511] [controller_server]: Optimizer reset
[controller_server-10] [WARN] [1773385870.143659630] [controller_server]: Optimizer fail to compute path
[controller_server-10] [INFO] [1773385870.240384941] [controller_server]: Passing new path to controller.
[controller_server-10] [INFO] [1773385870.286534804] [controller_server]: Optimizer reset
[controller_server-10] [INFO] [1773385870.290890100] [controller_server]: Optimizer reset
[controller_server-10] [WARN] [1773385870.291251461] [controller_server]: Optimizer fail to compute path
[controller_server-10] [ERROR] [1773385870.291424413] [controller_server]: Controller patience exceeded
[controller_server-10] [INFO] [1773385870.293048353] [controller_server]: Optimizer reset
[controller_server-10] [WARN] [1773385870.293156557] [controller_server]: [follow_path] [ActionServer] Aborting handle.
[bt_navigator-14] [WARN] [1773385870.316746553] [bt_navigator]: [navigate_through_poses] [ActionServer] Aborting handle.
[bt_navigator-14] [ERROR] [1773385870.317077874] [bt_navigator]: Goal failed
[delivery_robot_main_controller-20] [33m[WARN] [1773385871.311732044] [main_controller_node]: Goal failed![0m
[delivery_robot_main_controller-20] [33m[WARN] [1773385871.316386287] [main_controller_node]: Blocked lane encountered; stopping with FAILED per setting.[0m
[delivery_robot_main_controller-20] [0m[INFO] [1773385871.321215816] [main_controller_node]: State change: MOVE -> SAFE_STOP[0m
[delivery_robot_main_controller-20] [0m[INFO] [1773385871.340468889] [main_controller_node]: Robot is in SAFE_STOP. Awaiting user to switch to STANDBY.[0m
[delivery_robot_main_controller-20] [0m[INFO] [1773385871.342873300] [main_controller_node]: Robot is in SAFE_STOP. Awaiting user to switch to STANDBY.[0m
[delivery_robot_main_controller-20] [0m[INFO] [1773385871.371109372] [main_controller_node]: Current state: SAFE_STOP, dock_state IDLE, charge_state NOT_CHARGE[0m
[delivery_robot_main_controller-20] [0m[INFO] [1773385872.280335519] [main_controller_node]: Current state: SAFE_STOP, dock_state IDLE, charge_state NOT_CHARGE[0m
[delivery_robot_main_controller-20] [0m[INFO] [1773385872.385076114] [main_controller_node]: Published message: "safe_stop"[0m
[robot_sound-21] [0m[INFO] [1773385872.610937570] [robot_sound_node]: 🔔 Received sound command: safe_stop[0m
[robot_sound-21] Simple mixer control 'PCM',0
[robot_sound-21]   Capabilities: pvolume pswitch pswitch-joined
[robot_sound-21]   Playback channels: Front Left - Front Right
[robot_sound-21]   Limits: Playback 0 - 147
[robot_sound-21]   Mono:
[robot_sound-21]   Front Left: Playback 147 [100%] [-0.94dB] [on]
[robot_sound-21]   Front Right: Playback 147 [100%] [-0.94dB] [on]
[robot_sound-21] [0m[INFO] [1773385872.618638158] [robot_sound_node]: 🔊 Playing sound: /home/smr/workspaces/mini_amr/amrROS2_ws/sounds/robot_safestop.wav[0m
[robot_sound-21] Playing WAVE '/home/smr/workspaces/mini_amr/amrROS2_ws/sounds/robot_safestop.wav' : Signed 16 bit Little Endian, Rate 22050 Hz, Mono
[delivery_robot_main_controller-20] [0m[INFO] [1773385873.281328537] [main_controller_node]: Current state: SAFE_STOP, dock_state IDLE, charge_state NOT_CHARGE[0m
[delivery_robot_main_controller-20] [0m[INFO] [1773385874.338520126] [main_controller_node]: Current state: SAFE_STOP, dock_state IDLE, charge_state NOT_CHARGE[0m
[delivery_robot_main_controller-20] [0m[INFO] [1773385875.281229816] [main_controller_node]: Current state: SAFE_STOP, dock_state IDLE, charge_state NOT_CHARGE[0m
[delivery_robot_main_controller-20] [0m[INFO] [1773385876.277129648] [main_controller_node]: Current state: SAFE_STOP, dock_state IDLE, charge_state NOT_CHARGE[0m
[delivery_robot_main_controller-20] [0m[INFO] [1773385877.278712686] [main_controller_node]: Current state: SAFE_STOP, dock_state IDLE, charge_state NOT_CHARGE[0m
[delivery_robot_main_controller-20] [0m[INFO] [1773385878.283512395] [main_controller_node]: Current state: SAFE_STOP, dock_state IDLE, charge_state NOT_CHARGE[0m
[delivery_robot_main_controller-20] [0m[INFO] [1773385879.320745978] [main_controller_node]: Current state: SAFE_STOP, dock_state IDLE, charge_state NOT_CHARGE[0m
[delivery_robot_main_controller-20] [0m[INFO] [1773385880.280908059] [main_controller_node]: Current state: SAFE_STOP, dock_state IDLE, charge_state NOT_CHARGE[0m
[delivery_robot_main_controller-20] [0m[INFO] [1773385881.288344336] [main_controller_node]: Current state: SAFE_STOP, dock_state IDLE, charge_state NOT_CHARGE[0m
[delivery_robot_main_controller-20] [0m[INFO] [1773385882.278812371] [main_controller_node]: Current state: SAFE_STOP, dock_state IDLE, charge_state NOT_CHARGE[0m
[delivery_robot_main_controller-20] [0m[INFO] [1773385883.281613363] [main_controller_node]: Current state: SAFE_STOP, dock_state IDLE, charge_state NOT_CHARGE[0m
[delivery_robot_main_controller-20] [0m[INFO] [1773385884.284656721] [main_controller_node]: Current state: SAFE_STOP, dock_state IDLE, charge_state NOT_CHARGE[0m
[delivery_robot_main_controller-20] [0m[INFO] [1773385885.309336272] [main_controller_node]: Current state: SAFE_STOP, dock_state IDLE, charge_state NOT_CHARGE[0m
[delivery_robot_main_controller-20] [0m[INFO] [1773385886.340693866] [main_controller_node]: Current state: SAFE_STOP, dock_state IDLE, charge_state NOT_CHARGE[0m
[delivery_robot_main_controller-20] [0m[INFO] [1773385887.298905062] [main_controller_node]: Current state: SAFE_STOP, dock_state IDLE, charge_state NOT_CHARGE[0m
[delivery_robot_main_controller-20] [0m[INFO] [1773385888.281512973] [main_controller_node]: Current state: SAFE_STOP, dock_state IDLE, charge_state NOT_CHARGE[0m
[delivery_robot_main_controller-20] [0m[INFO] [1773385889.281755269] [main_controller_node]: Current state: SAFE_STOP, dock_state IDLE, charge_state NOT_CHARGE[0m
[delivery_robot_main_controller-20] [0m[INFO] [1773385890.283089232] [main_controller_node]: Current state: SAFE_STOP, dock_state IDLE, charge_state NOT_CHARGE[0m
[delivery_robot_main_controller-20] [0m[INFO] [1773385891.342997011] [main_controller_node]: Current state: SAFE_STOP, dock_state IDLE, charge_state NOT_CHARGE[0m
[delivery_robot_main_controller-20] [0m[INFO] [1773385891.437875266] [main_controller_node]: Published message: "safe_stop"[0m
[robot_sound-21] [0m[INFO] [1773385891.691983585] [robot_sound_node]: 🔔 Received sound command: safe_stop[0m
[robot_sound-21] Simple mixer control 'PCM',0
[robot_sound-21]   Capabilities: pvolume pswitch pswitch-joined
[robot_sound-21]   Playback channels: Front Left - Front Right
[robot_sound-21]   Limits: Playback 0 - 147
[robot_sound-21]   Mono:
[robot_sound-21]   Front Left: Playback 147 [100%] [-0.94dB] [on]
[robot_sound-21]   Front Right: Playback 147 [100%] [-0.94dB] [on]
[robot_sound-21] [0m[INFO] [1773385891.709733173] [robot_sound_node]: 🔊 Playing sound: /home/smr/workspaces/mini_amr/amrROS2_ws/sounds/robot_safestop.wav[0m
[robot_sound-21] Playing WAVE '/home/smr/workspaces/mini_amr/amrROS2_ws/sounds/robot_safestop.wav' : Signed 16 bit Little Endian, Rate 22050 Hz, Mono
[delivery_robot_main_controller-20] [0m[INFO] [1773385892.331597282] [main_controller_node]: Current state: SAFE_STOP, dock_state IDLE, charge_state NOT_CHARGE[0m
[delivery_robot_main_controller-20] [0m[INFO] [1773385893.288760559] [main_controller_node]: Current state: SAFE_STOP, dock_state IDLE, charge_state NOT_CHARGE[0m
[delivery_robot_main_controller-20] [0m[INFO] [1773385894.353997473] [main_controller_node]: Current state: SAFE_STOP, dock_state IDLE, charge_state NOT_CHARGE[0m
[delivery_robot_main_controller-20] [0m[INFO] [1773385895.295161971] [main_controller_node]: Current state: SAFE_STOP, dock_state IDLE, charge_state NOT_CHARGE[0m
[delivery_robot_main_controller-20] [0m[INFO] [1773385896.307950424] [main_controller_node]: Current state: SAFE_STOP, dock_state IDLE, charge_state NOT_CHARGE[0m
[delivery_robot_main_controller-20] [0m[INFO] [1773385897.335216670] [main_controller_node]: Current state: SAFE_STOP, dock_state IDLE, charge_state NOT_CHARGE[0m
[delivery_robot_main_controller-20] [0m[INFO] [1773385898.298521343] [main_controller_node]: Current state: SAFE_STOP, dock_state IDLE, charge_state NOT_CHARGE[0m
[delivery_robot_main_controller-20] [0m[INFO] [1773385899.281905058] [main_controller_node]: Current state: SAFE_STOP, dock_state IDLE, charge_state NOT_CHARGE[0m
[delivery_robot_main_controller-20] [0m[INFO] [1773385900.280798154] [main_controller_node]: Current state: SAFE_STOP, dock_state IDLE, charge_state NOT_CHARGE[0m
[delivery_robot_main_controller-20] [0m[INFO] [1773385901.332306830] [main_controller_node]: Current state: SAFE_STOP, dock_state IDLE, charge_state NOT_CHARGE[0m
[delivery_robot_main_controller-20] [0m[INFO] [1773385902.282135547] [main_controller_node]: Current state: SAFE_STOP, dock_state IDLE, charge_state NOT_CHARGE[0m
[delivery_robot_main_controller-20] [0m[INFO] [1773385903.283621754] [main_controller_node]: Current state: SAFE_STOP, dock_state IDLE, charge_state NOT_CHARGE[0m
[delivery_robot_main_controller-20] [0m[INFO] [1773385904.320367981] [main_controller_node]: Current state: SAFE_STOP, dock_state IDLE, charge_state NOT_CHARGE[0m
[delivery_robot_main_controller-20] [0m[INFO] [1773385905.339166293] [main_controller_node]: Current state: SAFE_STOP, dock_state IDLE, charge_state NOT_CHARGE[0m
[delivery_robot_main_controller-20] [0m[INFO] [1773385906.291381629] [main_controller_node]: Current state: SAFE_STOP, dock_state IDLE, charge_state NOT_CHARGE[0m
[delivery_robot_main_controller-20] [0m[INFO] [1773385907.342021754] [main_controller_node]: Current state: SAFE_STOP, dock_state IDLE, charge_state NOT_CHARGE[0m
[delivery_robot_main_controller-20] [0m[INFO] [1773385908.278554466] [main_controller_node]: Current state: SAFE_STOP, dock_state IDLE, charge_state NOT_CHARGE[0m
[delivery_robot_main_controller-20] [0m[INFO] [1773385909.281976685] [main_controller_node]: Current state: SAFE_STOP, dock_state IDLE, charge_state NOT_CHARGE[0m
[delivery_robot_main_controller-20] [0m[INFO] [1773385910.283723341] [main_controller_node]: Current state: SAFE_STOP, dock_state IDLE, charge_state NOT_CHARGE[0m
[delivery_robot_main_controller-20] [0m[INFO] [1773385911.313636072] [main_controller_node]: Current state: SAFE_STOP, dock_state IDLE, charge_state NOT_CHARGE[0m
[delivery_robot_main_controller-20] [0m[INFO] [1773385911.405724639] [main_controller_node]: Published message: "safe_stop"[0m
[robot_sound-21] [0m[INFO] [1773385911.644111544] [robot_sound_node]: 🔔 Received sound command: safe_stop[0m
[robot_sound-21] Simple mixer control 'PCM',0
[robot_sound-21]   Capabilities: pvolume pswitch pswitch-joined
[robot_sound-21]   Playback channels: Front Left - Front Right
[robot_sound-21]   Limits: Playback 0 - 147
[robot_sound-21]   Mono:
[robot_sound-21]   Front Left: Playback 147 [100%] [-0.94dB] [on]
[robot_sound-21]   Front Right: Playback 147 [100%] [-0.94dB] [on]
[robot_sound-21] [0m[INFO] [1773385911.674933145] [robot_sound_node]: 🔊 Playing sound: /home/smr/workspaces/mini_amr/amrROS2_ws/sounds/robot_safestop.wav[0m
[robot_sound-21] Playing WAVE '/home/smr/workspaces/mini_amr/amrROS2_ws/sounds/robot_safestop.wav' : Signed 16 bit Little Endian, Rate 22050 Hz, Mono
[delivery_robot_main_controller-20] [0m[INFO] [1773385912.318571109] [main_controller_node]: Current state: SAFE_STOP, dock_state IDLE, charge_state NOT_CHARGE[0m
[delivery_robot_main_controller-20] [0m[INFO] [1773385913.285753054] [main_controller_node]: Current state: SAFE_STOP, dock_state IDLE, charge_state NOT_CHARGE[0m
[delivery_robot_main_controller-20] [0m[INFO] [1773385914.310826049] [main_controller_node]: Current state: SAFE_STOP, dock_state IDLE, charge_state NOT_CHARGE[0m
[delivery_robot_main_controller-20] [0m[INFO] [1773385915.281003007] [main_controller_node]: Current state: SAFE_STOP, dock_state IDLE, charge_state NOT_CHARGE[0m
[delivery_robot_main_controller-20] [0m[INFO] [1773385916.279331748] [main_controller_node]: Current state: SAFE_STOP, dock_state IDLE, charge_state NOT_CHARGE[0m
[delivery_robot_main_controller-20] [0m[INFO] [1773385917.296389459] [main_controller_node]: Current state: SAFE_STOP, dock_state IDLE, charge_state NOT_CHARGE[0m
[delivery_robot_main_controller-20] [0m[INFO] [1773385918.289829175] [main_controller_node]: Current state: SAFE_STOP, dock_state IDLE, charge_state NOT_CHARGE[0m
[delivery_robot_main_controller-20] [0m[INFO] [1773385919.281572329] [main_controller_node]: Current state: SAFE_STOP, dock_state IDLE, charge_state NOT_CHARGE[0m
[delivery_robot_main_controller-20] [0m[INFO] [1773385920.280298014] [main_controller_node]: Current state: SAFE_STOP, dock_state IDLE, charge_state NOT_CHARGE[0m
[delivery_robot_main_controller-20] [0m[INFO] [1773385921.279644051] [main_controller_node]: Current state: SAFE_STOP, dock_state IDLE, charge_state NOT_CHARGE[0m
[delivery_robot_main_controller-20] [0m[INFO] [1773385922.298217497] [main_controller_node]: Current state: SAFE_STOP, dock_state IDLE, charge_state NOT_CHARGE[0m
[delivery_robot_main_controller-20] [0m[INFO] [1773385923.306118673] [main_controller_node]: Current state: SAFE_STOP, dock_state IDLE, charge_state NOT_CHARGE[0m
[delivery_robot_main_controller-20] [0m[INFO] [1773385924.276090597] [main_controller_node]: Current state: SAFE_STOP, dock_state IDLE, charge_state NOT_CHARGE[0m
[delivery_robot_main_controller-20] [0m[INFO] [1773385925.280660482] [main_controller_node]: Current state: SAFE_STOP, dock_state IDLE, charge_state NOT_CHARGE[0m
[delivery_robot_main_controller-20] [0m[INFO] [1773385926.366938611] [main_controller_node]: Current state: SAFE_STOP, dock_state IDLE, charge_state NOT_CHARGE[0m
[delivery_robot_main_controller-20] [0m[INFO] [1773385927.281169280] [main_controller_node]: Current state: SAFE_STOP, dock_state IDLE, charge_state NOT_CHARGE[0m
[delivery_robot_main_controller-20] [0m[INFO] [1773385928.295971033] [main_controller_node]: Current state: SAFE_STOP, dock_state IDLE, charge_state NOT_CHARGE[0m
[delivery_robot_main_controller-20] [0m[INFO] [1773385929.278942930] [main_controller_node]: Current state: SAFE_STOP, dock_state IDLE, charge_state NOT_CHARGE[0m
[delivery_robot_main_controller-20] [0m[INFO] [1773385930.281674800] [main_controller_node]: Current state: SAFE_STOP, dock_state IDLE, charge_state NOT_CHARGE[0m
[delivery_robot_main_controller-20] [0m[INFO] [1773385931.284918525] [main_controller_node]: Current state: SAFE_STOP, dock_state IDLE, charge_state NOT_CHARGE[0m
[delivery_robot_main_controller-20] [0m[INFO] [1773385931.380719287] [main_controller_node]: Published message: "safe_stop"[0m
[robot_sound-21] [0m[INFO] [1773385931.738165045] [robot_sound_node]: 🔔 Received sound command: safe_stop[0m
[robot_sound-21] Simple mixer control 'PCM',0
[robot_sound-21]   Capabilities: pvolume pswitch pswitch-joined
[robot_sound-21]   Playback channels: Front Left - Front Right
[robot_sound-21]   Limits: Playback 0 - 147
[robot_sound-21]   Mono:
[robot_sound-21]   Front Left: Playback 147 [100%] [-0.94dB] [on]
[robot_sound-21]   Front Right: Playback 147 [100%] [-0.94dB] [on]
[robot_sound-21] [0m[INFO] [1773385931.766734772] [robot_sound_node]: 🔊 Playing sound: /home/smr/workspaces/mini_amr/amrROS2_ws/sounds/robot_safestop.wav[0m
[robot_sound-21] Playing WAVE '/home/smr/workspaces/mini_amr/amrROS2_ws/sounds/robot_safestop.wav' : Signed 16 bit Little Endian, Rate 22050 Hz, Mono
[delivery_robot_main_controller-20] [0m[INFO] [1773385932.279287748] [main_controller_node]: Current state: SAFE_STOP, dock_state IDLE, charge_state NOT_CHARGE[0m
[delivery_robot_main_controller-20] [0m[INFO] [1773385932.356971727] [main_controller_node]: SAFE_STOP cleared to STANDBY via API/GUI.[0m
[delivery_robot_main_controller-20] [0m[INFO] [1773385932.359556964] [main_controller_node]: State change: SAFE_STOP -> STANDBY[0m
[delivery_robot_main_controller-20] [0m[INFO] [1773385932.371188489] [main_controller_node]: Robot is in STANDBY mode.[0m
[delivery_robot_main_controller-20] [0m[INFO] [1773385933.358296940] [main_controller_node]: Current state: STANDBY, dock_state IDLE, charge_state NOT_CHARGE[0m
[delivery_robot_main_controller-20] [0m[INFO] [1773385933.433188607] [main_controller_node]: 1 pending queues [0m
[delivery_robot_main_controller-20] [0m[INFO] [1773385933.434204444] [main_controller_node]: Queue action: Request[0m
[delivery_robot_main_controller-20] [0m[INFO] [1773385933.463644763] [main_controller_node]: AGV start_pos: x=-0.65, y=-7.50[0m
[delivery_robot_main_controller-20] [0m[INFO] [1773385933.464307697] [main_controller_node]: AGV goal_pos: x=9.69, y=-12.00[0m
[delivery_robot_main_controller-20] Graph before shortest_path: Graph with 11 nodes and 10 edges
[delivery_robot_main_controller-20] [0m[INFO] [1773385933.488893989] [main_controller_node]: Computed AGV path waypoints:[0m
[delivery_robot_main_controller-20] [0m[INFO] [1773385933.489746790] [main_controller_node]:   Waypoint 0: x=-0.65, y=-7.50[0m
[delivery_robot_main_controller-20] [0m[INFO] [1773385933.490492262] [main_controller_node]:   Waypoint 1: x=-0.34, y=-6.81[0m
[delivery_robot_main_controller-20] [0m[INFO] [1773385933.491166279] [main_controller_node]:   Waypoint 2: x=2.11, y=-6.76[0m
[delivery_robot_main_controller-20] [0m[INFO] [1773385933.491817255] [main_controller_node]:   Waypoint 3: x=5.13, y=-6.87[0m
[delivery_robot_main_controller-20] [0m[INFO] [1773385933.492451606] [main_controller_node]:   Waypoint 4: x=7.32, y=-11.82[0m
[delivery_robot_main_controller-20] [0m[INFO] [1773385933.493043084] [main_controller_node]:   Waypoint 5: x=9.69, y=-12.00[0m
[delivery_robot_main_controller-20] [0m[INFO] [1773385933.494400742] [main_controller_node]: Navigating with 6 goals....[0m
[bt_navigator-14] [INFO] [1773385933.495915893] [bt_navigator]: Begin navigating from current location through 6 poses to (9.69, -12.00)
[controller_server-10] [INFO] [1773385933.496525454] [local_costmap.local_costmap]: Received request to clear entirely the local_costmap
[controller_server-10] [INFO] [1773385933.510725008] [local_costmap.local_costmap]: KeepoutFilter: Subscribing to "/keepout_costmap_filter_info" topic for filter info...
[planner_server-12] [INFO] [1773385933.518652796] [global_costmap.global_costmap]: Received request to clear entirely the global_costmap
[controller_server-10] [INFO] [1773385933.524080802] [local_costmap.local_costmap]: KeepoutFilter: Received filter info from /keepout_costmap_filter_info topic.
[controller_server-10] [INFO] [1773385933.526160891] [local_costmap.local_costmap]: KeepoutFilter: Subscribing to "/keepout_filter_mask" topic for filter mask...
[controller_server-10] [WARN] [1773385933.548770340] [local_costmap.local_costmap]: KeepoutFilter: New filter mask arrived from /keepout_filter_mask topic. Updating old filter mask.
[planner_server-12] [INFO] [1773385933.646398617] [global_costmap.global_costmap]: KeepoutFilter: Subscribing to "/keepout_costmap_filter_info" topic for filter info...
[planner_server-12] [INFO] [1773385933.656071965] [global_costmap.global_costmap]: KeepoutFilter: Received filter info from /keepout_costmap_filter_info topic.
[planner_server-12] [INFO] [1773385933.656226251] [global_costmap.global_costmap]: KeepoutFilter: Subscribing to "/keepout_filter_mask" topic for filter mask...
[planner_server-12] [WARN] [1773385933.677790697] [global_costmap.global_costmap]: KeepoutFilter: New filter mask arrived from /keepout_filter_mask topic. Updating old filter mask.
[planner_server-12] [WARN] [1773385934.131581155] [planner_server]: Planner loop missed its desired rate of 5.0000 Hz. Current loop rate is 2.1384 Hz
[controller_server-10] [INFO] [1773385934.147990585] [controller_server]: Received a goal, begin computing control effort.
[controller_server-10] [INFO] [1773385934.248569252] [controller_server]: Passing new path to controller.
[controller_server-10] [INFO] [1773385934.348476819] [controller_server]: Passing new path to controller.
[controller_server-10] [INFO] [1773385934.448468383] [controller_server]: Passing new path to controller.
[controller_server-10] [INFO] [1773385934.748472825] [controller_server]: Passing new path to controller.
[controller_server-10] [INFO] [1773385934.848469930] [controller_server]: Passing new path to controller.
[controller_server-10] [INFO] [1773385934.948439328] [controller_server]: Passing new path to controller.
[controller_server-10] [INFO] [1773385935.248465352] [controller_server]: Passing new path to controller.
[controller_server-10] [INFO] [1773385935.348439125] [controller_server]: Passing new path to controller.
[delivery_robot_main_controller-20] [0m[INFO] [1773385935.354742682] [main_controller_node]: State change: STANDBY -> MOVE[0m
[delivery_robot_main_controller-20] [0m[INFO] [1773385935.374291495] [main_controller_node]: Robot is MOVING.[0m
[controller_server-10] [INFO] [1773385935.448437106] [controller_server]: Passing new path to controller.
[controller_server-10] [INFO] [1773385935.648437442] [controller_server]: Passing new path to controller.
[controller_server-10] [INFO] [1773385935.748440089] [controller_server]: Passing new path to controller.
[controller_server-10] [INFO] [1773385935.848441861] [controller_server]: Passing new path to controller.
[controller_server-10] [INFO] [1773385936.048438697] [controller_server]: Passing new path to controller.
[controller_server-10] [INFO] [1773385936.148435802] [controller_server]: Passing new path to controller.
[controller_server-10] [INFO] [1773385936.248441074] [controller_server]: Passing new path to controller.
[controller_server-10] [INFO] [1773385936.448440244] [controller_server]: Passing new path to controller.
[controller_server-10] [INFO] [1773385936.548438516] [controller_server]: Passing new path to controller.
[controller_server-10] [INFO] [1773385936.748480850] [controller_server]: Passing new path to controller.
[controller_server-10] [INFO] [1773385936.848472706] [controller_server]: Passing new path to controller.
[controller_server-10] [INFO] [1773385937.048436002] [controller_server]: Passing new path to controller.
[controller_server-10] [INFO] [1773385937.148440398] [controller_server]: Passing new path to controller.
[controller_server-10] [INFO] [1773385937.348469317] [controller_server]: Passing new path to controller.
[controller_server-10] [INFO] [1773385937.448478088] [controller_server]: Passing new path to controller.
[controller_server-10] [INFO] [1773385937.548467611] [controller_server]: Passing new path to controller.
[controller_server-10] [INFO] [1773385937.748474947] [controller_server]: Passing new path to controller.
[controller_server-10] [INFO] [1773385937.848479344] [controller_server]: Passing new path to controller.
[controller_server-10] [INFO] [1773385937.948477032] [controller_server]: Passing new path to controller.
[controller_server-10] [INFO] [1773385938.148539199] [controller_server]: Passing new path to controller.
[controller_server-10] [INFO] [1773385938.248475349] [controller_server]: Passing new path to controller.
[controller_server-10] [INFO] [1773385938.448467518] [controller_server]: Passing new path to controller.
[controller_server-10] [INFO] [1773385938.548449458] [controller_server]: Passing new path to controller.
[controller_server-10] [INFO] [1773385938.748519499] [controller_server]: Passing new path to controller.
[controller_server-10] [INFO] [1773385938.848467607] [controller_server]: Passing new path to controller.
[controller_server-10] [INFO] [1773385938.948467046] [controller_server]: Passing new path to controller.
[controller_server-10] [INFO] [1773385939.248438821] [controller_server]: Passing new path to controller.
[controller_server-10] [INFO] [1773385939.348437677] [controller_server]: Passing new path to controller.
[controller_server-10] [INFO] [1773385939.448441199] [controller_server]: Passing new path to controller.
[controller_server-10] [INFO] [1773385939.748440099] [controller_server]: Passing new path to controller.
[controller_server-10] [INFO] [1773385939.848439537] [controller_server]: Passing new path to controller.
[controller_server-10] [INFO] [1773385939.948436935] [controller_server]: Passing new path to controller.
[controller_server-10] [INFO] [1773385940.148441354] [controller_server]: Passing new path to controller.
[controller_server-10] [INFO] [1773385940.248441376] [controller_server]: Passing new path to controller.
[controller_server-10] [INFO] [1773385940.348436732] [controller_server]: Passing new path to controller.
[controller_server-10] [INFO] [1773385940.448436462] [controller_server]: Passing new path to controller.
[controller_server-10] [INFO] [1773385940.648442339] [controller_server]: Passing new path to controller.
[controller_server-10] [INFO] [1773385940.748439153] [controller_server]: Passing new path to controller.
[controller_server-10] [INFO] [1773385940.948435698] [controller_server]: Passing new path to controller.
[controller_server-10] [INFO] [1773385941.048438345] [controller_server]: Passing new path to controller.
[controller_server-10] [INFO] [1773385941.148438950] [controller_server]: Passing new path to controller.
[controller_server-10] [INFO] [1773385941.348470493] [controller_server]: Passing new path to controller.
[controller_server-10] [INFO] [1773385941.448469057] [controller_server]: Passing new path to controller.
[controller_server-10] [INFO] [1773385941.548443122] [controller_server]: Passing new path to controller.
[controller_server-10] [INFO] [1773385941.748480790] [controller_server]: Passing new path to controller.
[controller_server-10] [INFO] [1773385941.848475854] [controller_server]: Passing new path to controller.
[controller_server-10] [INFO] [1773385942.048439441] [controller_server]: Passing new path to controller.
[controller_server-10] [INFO] [1773385942.148437421] [controller_server]: Passing new path to controller.
[controller_server-10] [INFO] [1773385942.348471881] [controller_server]: Passing new path to controller.
[controller_server-10] [INFO] [1773385942.453782663] [controller_server]: Passing new path to controller.
[controller_server-10] [INFO] [1773385942.648446573] [controller_server]: Passing new path to controller.
[controller_server-10] [INFO] [1773385942.748439596] [controller_server]: Passing new path to controller.
[controller_server-10] [INFO] [1773385942.848444576] [controller_server]: Passing new path to controller.
[controller_server-10] [INFO] [1773385943.048439662] [controller_server]: Passing new path to controller.
[controller_server-10] [WARN] [1773385943.223597341] [controller_server]: Control loop missed its desired rate of 10.0000 Hz. Current loop rate is 5.7090 Hz.
[controller_server-10] [INFO] [1773385943.223687754] [controller_server]: Passing new path to controller.
[controller_server-10] [INFO] [1773385943.348439145] [controller_server]: Passing new path to controller.
[controller_server-10] [INFO] [1773385943.448441792] [controller_server]: Passing new path to controller.
[controller_server-10] [INFO] [1773385943.748471024] [controller_server]: Passing new path to controller.
[controller_server-10] [INFO] [1773385943.848440131] [controller_server]: Passing new path to controller.
[controller_server-10] [INFO] [1773385943.948435195] [controller_server]: Passing new path to controller.
[controller_server-10] [INFO] [1773385944.248472010] [controller_server]: Passing new path to controller.
[controller_server-10] [INFO] [1773385944.348437033] [controller_server]: Passing new path to controller.
[controller_server-10] [INFO] [1773385944.448437638] [controller_server]: Passing new path to controller.
[controller_server-10] [INFO] [1773385944.648469182] [controller_server]: Passing new path to controller.
[controller_server-10] [INFO] [1773385944.848436560] [controller_server]: Passing new path to controller.
[controller_server-10] [INFO] [1773385944.948436582] [controller_server]: Passing new path to controller.
[controller_server-10] [INFO] [1773385945.148478625] [controller_server]: Passing new path to controller.
[controller_server-10] [INFO] [1773385945.248466398] [controller_server]: Passing new path to controller.
[controller_server-10] [INFO] [1773385945.348464670] [controller_server]: Passing new path to controller.
[controller_server-10] [INFO] [1773385945.548468506] [controller_server]: Passing new path to controller.
[controller_server-10] [INFO] [1773385945.648471444] [controller_server]: Passing new path to controller.
[controller_server-10] [INFO] [1773385945.748478758] [controller_server]: Passing new path to controller.
[controller_server-10] [INFO] [1773385945.948468886] [controller_server]: Passing new path to controller.
[controller_server-10] [INFO] [1773385946.048472991] [controller_server]: Passing new path to controller.
[controller_server-10] [INFO] [1773385946.248470994] [controller_server]: Passing new path to controller.
[controller_server-10] [INFO] [1773385946.348483849] [controller_server]: Passing new path to controller.
[controller_server-10] [INFO] [1773385946.448466372] [controller_server]: Passing new path to controller.
[controller_server-10] [INFO] [1773385946.648469916] [controller_server]: Passing new path to controller.
[controller_server-10] [INFO] [1773385946.748480146] [controller_server]: Passing new path to controller.
[controller_server-10] [INFO] [1773385946.848475210] [controller_server]: Passing new path to controller.
[controller_server-10] [INFO] [1773385947.048441422] [controller_server]: Passing new path to controller.
[controller_server-10] [INFO] [1773385947.148540607] [controller_server]: Passing new path to controller.
[controller_server-10] [INFO] [1773385947.348473279] [controller_server]: Passing new path to controller.
[controller_server-10] [INFO] [1773385947.448438594] [controller_server]: Passing new path to controller.
[controller_server-10] [INFO] [1773385947.548431324] [controller_server]: Passing new path to controller.
[controller_server-10] [INFO] [1773385947.748439243] [controller_server]: Passing new path to controller.
[controller_server-10] [INFO] [1773385947.848440141] [controller_server]: Passing new path to controller.
[collision_monitor-17] [INFO] [1773385948.001728593] [collision_monitor]: Robot to stop due to PolygonStop polygon
[controller_server-10] [INFO] [1773385948.048439018] [controller_server]: Passing new path to controller.
[collision_monitor-17] [INFO] [1773385948.081937144] [collision_monitor]: Robot to continue normal operation
[controller_server-10] [WARN] [1773385948.241651649] [controller_server]: Control loop missed its desired rate of 10.0000 Hz. Current loop rate is 5.1755 Hz.
[controller_server-10] [INFO] [1773385948.242467993] [controller_server]: Passing new path to controller.
[controller_server-10] [INFO] [1773385948.255218310] [controller_server]: Passing new path to controller.
[collision_monitor-17] [INFO] [1773385948.335864345] [collision_monitor]: Robot to stop due to PolygonStop polygon
[collision_monitor-17] [INFO] [1773385948.353711638] [collision_monitor]: Robot to continue normal operation
[controller_server-10] [INFO] [1773385948.448441148] [controller_server]: Passing new path to controller.
[controller_server-10] [INFO] [1773385948.548470336] [controller_server]: Passing new path to controller.
[controller_server-10] [INFO] [1773385948.748439465] [controller_server]: Passing new path to controller.
[controller_server-10] [INFO] [1773385948.848473902] [controller_server]: Passing new path to controller.
[controller_server-10] [INFO] [1773385949.048435448] [controller_server]: Passing new path to controller.
[controller_server-10] [INFO] [1773385949.148431970] [controller_server]: Passing new path to controller.
[controller_server-10] [INFO] [1773385949.348521553] [controller_server]: Passing new path to controller.
[controller_server-10] [INFO] [1773385949.448469368] [controller_server]: Passing new path to controller.
[controller_server-10] [INFO] [1773385949.648433831] [controller_server]: Passing new path to controller.
[controller_server-10] [INFO] [1773385949.848440000] [controller_server]: Passing new path to controller.
[controller_server-10] [INFO] [1773385949.948440022] [controller_server]: Passing new path to controller.
[controller_server-10] [INFO] [1773385950.148439483] [controller_server]: Passing new path to controller.
[controller_server-10] [INFO] [1773385950.248443588] [controller_server]: Passing new path to controller.
[controller_server-10] [INFO] [1773385950.348440694] [controller_server]: Passing new path to controller.
[controller_server-10] [INFO] [1773385950.548448612] [controller_server]: Passing new path to controller.
[controller_server-10] [INFO] [1773385950.648440468] [controller_server]: Passing new path to controller.
[controller_server-10] [INFO] [1773385950.748438740] [controller_server]: Passing new path to controller.
[controller_server-10] [INFO] [1773385950.848436721] [controller_server]: Passing new path to controller.
[controller_server-10] [INFO] [1773385951.048470889] [controller_server]: Passing new path to controller.
[controller_server-10] [INFO] [1773385951.148437954] [controller_server]: Passing new path to controller.
[controller_server-10] [INFO] [1773385951.348466580] [controller_server]: Passing new path to controller.
[controller_server-10] [INFO] [1773385951.448533683] [controller_server]: Passing new path to controller.
[controller_server-10] [INFO] [1773385951.548471291] [controller_server]: Passing new path to controller.
[controller_server-10] [INFO] [1773385951.648437481] [controller_server]: Passing new path to controller.
[controller_server-10] [INFO] [1773385951.848436067] [controller_server]: Passing new path to controller.
[controller_server-10] [INFO] [1773385951.948442214] [controller_server]: Passing new path to controller.
[controller_server-10] [INFO] [1773385952.048440778] [controller_server]: Passing new path to controller.
[controller_server-10] [INFO] [1773385952.148514297] [controller_server]: Passing new path to controller.
[collision_monitor-17] [INFO] [1773385952.331759300] [collision_monitor]: Robot to stop due to PolygonStop polygon
[controller_server-10] [INFO] [1773385952.348471177] [controller_server]: Passing new path to controller.
[collision_monitor-17] [INFO] [1773385952.354935727] [collision_monitor]: Robot to continue normal operation
[controller_server-10] [INFO] [1773385952.448440283] [controller_server]: Passing new path to controller.
[controller_server-10] [INFO] [1773385952.548516427] [controller_server]: Passing new path to controller.
[controller_server-10] [INFO] [1773385952.748469807] [controller_server]: Passing new path to controller.
[controller_server-10] [INFO] [1773385952.848471870] [controller_server]: Passing new path to controller.
[controller_server-10] [INFO] [1773385952.948460226] [controller_server]: Passing new path to controller.
[controller_server-10] [INFO] [1773385953.148460562] [controller_server]: Passing new path to controller.
[controller_server-10] [INFO] [1773385953.248468751] [controller_server]: Passing new path to controller.
[controller_server-10] [INFO] [1773385953.348487439] [controller_server]: Passing new path to controller.
[controller_server-10] [INFO] [1773385953.448437879] [controller_server]: Passing new path to controller.
[controller_server-10] [INFO] [1773385953.648434132] [controller_server]: Passing new path to controller.
[controller_server-10] [INFO] [1773385953.848437676] [controller_server]: Passing new path to controller.
[controller_server-10] [INFO] [1773385953.948470364] [controller_server]: Passing new path to controller.
[controller_server-10] [INFO] [1773385954.148460783] [controller_server]: Passing new path to controller.
[controller_server-10] [INFO] [1773385954.348449745] [controller_server]: Passing new path to controller.
[controller_server-10] [INFO] [1773385954.448439267] [controller_server]: Passing new path to controller.
[controller_server-10] [INFO] [1773385954.748474332] [controller_server]: Passing new path to controller.
[controller_server-10] [INFO] [1773385954.848473188] [controller_server]: Passing new path to controller.
[controller_server-10] [INFO] [1773385954.948446961] [controller_server]: Passing new path to controller.
[controller_server-10] [INFO] [1773385955.148468879] [controller_server]: Passing new path to controller.
[controller_server-10] [INFO] [1773385955.248475318] [controller_server]: Passing new path to controller.
[controller_server-10] [INFO] [1773385955.348534254] [controller_server]: Passing new path to controller.
[controller_server-10] [INFO] [1773385955.548473926] [controller_server]: Passing new path to controller.
[controller_server-10] [INFO] [1773385955.648473365] [controller_server]: Passing new path to controller.
[controller_server-10] [INFO] [1773385955.748473095] [controller_server]: Passing new path to controller.
[controller_server-10] [INFO] [1773385955.948466723] [controller_server]: Passing new path to controller.
[controller_server-10] [INFO] [1773385956.048474328] [controller_server]: Passing new path to controller.
[controller_server-10] [INFO] [1773385956.148433810] [controller_server]: Passing new path to controller.
[controller_server-10] [INFO] [1773385956.348461270] [controller_server]: Passing new path to controller.
[controller_server-10] [INFO] [1773385956.448475292] [controller_server]: Passing new path to controller.
[controller_server-10] [INFO] [1773385956.648469211] [controller_server]: Passing new path to controller.
[controller_server-10] [INFO] [1773385956.748468067] [controller_server]: Passing new path to controller.
[controller_server-10] [INFO] [1773385956.848439215] [controller_server]: Passing new path to controller.
[controller_server-10] [INFO] [1773385957.048441301] [controller_server]: Passing new path to controller.
[controller_server-10] [INFO] [1773385957.148441031] [controller_server]: Passing new path to controller.
[controller_server-10] [INFO] [1773385957.248440178] [controller_server]: Passing new path to controller.
[controller_server-10] [INFO] [1773385957.348430867] [controller_server]: Passing new path to controller.
[controller_server-10] [INFO] [1773385957.548439953] [controller_server]: Passing new path to controller.
[controller_server-10] [INFO] [1773385957.648437059] [controller_server]: Passing new path to controller.
[controller_server-10] [INFO] [1773385957.848464518] [controller_server]: Passing new path to controller.
[controller_server-10] [INFO] [1773385957.948470374] [controller_server]: Passing new path to controller.
[controller_server-10] [INFO] [1773385958.048471854] [controller_server]: Passing new path to controller.
[controller_server-10] [INFO] [1773385958.248475690] [controller_server]: Passing new path to controller.
[controller_server-10] [INFO] [1773385958.348475712] [controller_server]: Passing new path to controller.
[controller_server-10] [INFO] [1773385958.448477776] [controller_server]: Passing new path to controller.
[controller_server-10] [INFO] [1773385958.748473759] [controller_server]: Passing new path to controller.
[controller_server-10] [INFO] [1773385958.848525987] [controller_server]: Passing new path to controller.
[controller_server-10] [INFO] [1773385958.948475261] [controller_server]: Passing new path to controller.
[controller_server-10] [INFO] [1773385959.148458681] [controller_server]: Passing new path to controller.
[controller_server-10] [INFO] [1773385959.348471558] [controller_server]: Passing new path to controller.
[controller_server-10] [INFO] [1773385959.448470414] [controller_server]: Passing new path to controller.
[controller_server-10] [INFO] [1773385959.548441270] [controller_server]: Passing new path to controller.
[controller_server-10] [INFO] [1773385959.648432251] [controller_server]: Passing new path to controller.
[controller_server-10] [INFO] [1773385959.848441045] [controller_server]: Passing new path to controller.
[controller_server-10] [INFO] [1773385959.948440776] [controller_server]: Passing new path to controller.
[controller_server-10] [INFO] [1773385960.048441089] [controller_server]: Passing new path to controller.
[controller_server-10] [INFO] [1773385960.248438217] [controller_server]: Passing new path to controller.
[controller_server-10] [INFO] [1773385960.348435906] [controller_server]: Passing new path to controller.
[controller_server-10] [INFO] [1773385960.448435636] [controller_server]: Passing new path to controller.
[controller_server-10] [WARN] [1773385960.581813914] [controller_server]: Control loop missed its desired rate of 10.0000 Hz. Current loop rate is 7.4973 Hz.
[controller_server-10] [INFO] [1773385960.581914827] [controller_server]: Passing new path to controller.
[controller_server-10] [INFO] [1773385960.748435119] [controller_server]: Passing new path to controller.
[controller_server-10] [INFO] [1773385960.848441266] [controller_server]: Passing new path to controller.
[controller_server-10] [INFO] [1773385960.948506619] [controller_server]: Passing new path to controller.
[controller_server-10] [INFO] [1773385961.148471665] [controller_server]: Passing new path to controller.
[controller_server-10] [INFO] [1773385961.248471687] [controller_server]: Passing new path to controller.
[controller_server-10] [INFO] [1773385961.348470834] [controller_server]: Passing new path to controller.
[controller_server-10] [INFO] [1773385961.448542020] [controller_server]: Passing new path to controller.
[controller_server-10] [INFO] [1773385961.648442902] [controller_server]: Passing new path to controller.
[controller_server-10] [INFO] [1773385961.748524587] [controller_server]: Passing new path to controller.
[controller_server-10] [INFO] [1773385961.848469486] [controller_server]: Passing new path to controller.
[controller_server-10] [INFO] [1773385961.948527256] [controller_server]: Passing new path to controller.
[controller_server-10] [INFO] [1773385962.148467803] [controller_server]: Passing new path to controller.
[controller_server-10] [INFO] [1773385962.248524406] [controller_server]: Passing new path to controller.
[controller_server-10] [INFO] [1773385962.348474264] [controller_server]: Passing new path to controller.
[controller_server-10] [INFO] [1773385962.548437851] [controller_server]: Passing new path to controller.
[controller_server-10] [INFO] [1773385962.648431748] [controller_server]: Passing new path to controller.
[controller_server-10] [INFO] [1773385962.748439062] [controller_server]: Passing new path to controller.
[controller_server-10] [INFO] [1773385962.848475832] [controller_server]: Passing new path to controller.
[controller_server-10] [INFO] [1773385963.048469169] [controller_server]: Passing new path to controller.
[controller_server-10] [INFO] [1773385963.148513522] [controller_server]: Passing new path to controller.
[controller_server-10] [INFO] [1773385963.248438006] [controller_server]: Passing new path to controller.
[controller_server-10] [INFO] [1773385963.348462527] [controller_server]: Passing new path to controller.
[controller_server-10] [INFO] [1773385963.548466946] [controller_server]: Passing new path to controller.
[controller_server-10] [INFO] [1773385963.648528799] [controller_server]: Passing new path to controller.
[controller_server-10] [INFO] [1773385963.848470512] [controller_server]: Passing new path to controller.
[controller_server-10] [INFO] [1773385963.948467326] [controller_server]: Passing new path to controller.
[controller_server-10] [INFO] [1773385964.048472890] [controller_server]: Passing new path to controller.
[controller_server-10] [INFO] [1773385964.148460079] [controller_server]: Passing new path to controller.
[controller_server-10] [INFO] [1773385964.348471789] [controller_server]: Passing new path to controller.
[controller_server-10] [INFO] [1773385964.448467437] [controller_server]: Passing new path to controller.
[controller_server-10] [INFO] [1773385964.648476814] [controller_server]: Passing new path to controller.
[controller_server-10] [INFO] [1773385964.848474817] [controller_server]: Passing new path to controller.
[controller_server-10] [INFO] [1773385964.948470172] [controller_server]: Passing new path to controller.
[controller_server-10] [INFO] [1773385965.048469903] [controller_server]: Passing new path to controller.
[controller_server-10] [INFO] [1773385965.148473425] [controller_server]: Passing new path to controller.
[controller_server-10] [INFO] [1773385965.348474927] [controller_server]: Passing new path to controller.
[controller_server-10] [INFO] [1773385965.448482824] [controller_server]: Passing new path to controller.
[controller_server-10] [INFO] [1773385965.548474096] [controller_server]: Passing new path to controller.
[controller_server-10] [INFO] [1773385965.648462452] [controller_server]: Passing new path to controller.
[controller_server-10] [INFO] [1773385965.848475329] [controller_server]: Passing new path to controller.
[controller_server-10] [INFO] [1773385965.948445894] [controller_server]: Passing new path to controller.
[controller_server-10] [INFO] [1773385966.048473624] [controller_server]: Passing new path to controller.
[controller_server-10] [INFO] [1773385966.248490584] [controller_server]: Passing new path to controller.
[controller_server-10] [INFO] [1773385966.348439566] [controller_server]: Passing new path to controller.
[controller_server-10] [INFO] [1773385966.448434047] [controller_server]: Passing new path to controller.
[controller_server-10] [INFO] [1773385966.548435819] [controller_server]: Passing new path to controller.
[controller_server-10] [INFO] [1773385966.748435572] [controller_server]: Passing new path to controller.
[controller_server-10] [INFO] [1773385966.848443469] [controller_server]: Passing new path to controller.
[controller_server-10] [INFO] [1773385966.948436783] [controller_server]: Passing new path to controller.
[controller_server-10] [INFO] [1773385967.148442952] [controller_server]: Passing new path to controller.
[controller_server-10] [INFO] [1773385967.248442099] [controller_server]: Passing new path to controller.
[controller_server-10] [INFO] [1773385967.348435121] [controller_server]: Passing new path to controller.
[controller_server-10] [INFO] [1773385967.448434560] [controller_server]: Passing new path to controller.
[controller_server-10] [INFO] [1773385967.648437812] [controller_server]: Passing new path to controller.
[controller_server-10] [INFO] [1773385967.748440459] [controller_server]: Passing new path to controller.
[controller_server-10] [INFO] [1773385967.848440190] [controller_server]: Passing new path to controller.
[controller_server-10] [INFO] [1773385967.948438754] [controller_server]: Passing new path to controller.
[controller_server-10] [INFO] [1773385968.148439965] [controller_server]: Passing new path to controller.
[controller_server-10] [INFO] [1773385968.248438820] [controller_server]: Passing new path to controller.
[controller_server-10] [INFO] [1773385968.348435051] [controller_server]: Passing new path to controller.
[controller_server-10] [INFO] [1773385968.448431865] [controller_server]: Passing new path to controller.
[controller_server-10] [INFO] [1773385968.450392083] [controller_server]: Reached the goal!
[controller_server-10] [INFO] [1773385968.451005144] [controller_server]: Optimizer reset
[bt_navigator-14] [INFO] [1773385968.486273329] [bt_navigator]: Goal succeeded
[delivery_robot_main_controller-20] [0m[INFO] [1773385969.707707379] [main_controller_node]: Goal succeeded![0m
[delivery_robot_main_controller-20] [0m[INFO] [1773385969.713537286] [main_controller_node]: State change: MOVE -> AFTER_MOVE[0m
[delivery_robot_main_controller-20] [0m[INFO] [1773385969.728447022] [main_controller_node]: Evaluating post-move action...[0m
[delivery_robot_main_controller-20] [0m[INFO] [1773385969.732126260] [main_controller_node]: Post-move action is: Request[0m
[delivery_robot_main_controller-20] [0m[INFO] [1773385969.736000616] [main_controller_node]: Published message: "arrive_target"[0m
[delivery_robot_main_controller-20] [0m[INFO] [1773385969.767730724] [main_controller_node]: Successfully removed queue ID: 1934[0m
[delivery_robot_main_controller-20] [0m[INFO] [1773385969.768398325] [main_controller_node]: Waiting 15s for LOAD_IN command...[0m
[delivery_robot_main_controller-20] [0m[INFO] [1773385969.769052217] [main_controller_node]: State change: AFTER_MOVE -> STANDBY[0m
[delivery_robot_main_controller-20] [0m[INFO] [1773385969.778848935] [main_controller_node]: Robot is in STANDBY mode.[0m
[delivery_robot_main_controller-20] [0m[INFO] [1773385969.794345774] [main_controller_node]: Current state: STANDBY, dock_state IDLE, charge_state NOT_CHARGE[0m
[delivery_robot_main_controller-20] [0m[INFO] [1773385969.907763712] [main_controller_node]: Enter to wait_for_load_in_loop and wait for timeout...in 14.8627769947052 seconds[0m
[robot_sound-21] [0m[INFO] [1773385969.974855336] [robot_sound_node]: 🔔 Received sound command: arrive_target[0m
[robot_sound-21] Simple mixer control 'PCM',0
[robot_sound-21]   Capabilities: pvolume pswitch pswitch-joined
[robot_sound-21]   Playback channels: Front Left - Front Right
[robot_sound-21]   Limits: Playback 0 - 147
[robot_sound-21]   Mono:
[robot_sound-21]   Front Left: Playback 147 [100%] [-0.94dB] [on]
[robot_sound-21]   Front Right: Playback 147 [100%] [-0.94dB] [on]
[robot_sound-21] [0m[INFO] [1773385970.008587954] [robot_sound_node]: 🔊 Playing sound: /home/smr/workspaces/mini_amr/amrROS2_ws/sounds/robot_target.wav[0m
[robot_sound-21] Playing WAVE '/home/smr/workspaces/mini_amr/amrROS2_ws/sounds/robot_target.wav' : Signed 16 bit Little Endian, Rate 44100 Hz, Mono
[delivery_robot_main_controller-20] [0m[INFO] [1773385970.358001512] [main_controller_node]: Current state: STANDBY, dock_state IDLE, charge_state NOT_CHARGE[0m
[delivery_robot_main_controller-20] [0m[INFO] [1773385971.280323295] [main_controller_node]: Current state: STANDBY, dock_state IDLE, charge_state NOT_CHARGE[0m
[delivery_robot_main_controller-20] [0m[INFO] [1773385971.351638387] [main_controller_node]: Enter to wait_for_load_in_loop and wait for timeout...in 13.417395114898682 seconds[0m
[call_robot_button-22] 2026-03-13 14:12:51 mosquitto_pub -u smr -P smrbot25 -m "Office2,false" -t "Rsp" -r
[call_robot_button-22] [0m[INFO] [1773385971.635714630] [call_robot_button_node]: call_switch notified: station=Office2 status=false.[0m
[delivery_robot_main_controller-20] [0m[INFO] [1773385972.282985167] [main_controller_node]: Current state: STANDBY, dock_state IDLE, charge_state NOT_CHARGE[0m
[delivery_robot_main_controller-20] [0m[INFO] [1773385973.283833815] [main_controller_node]: Current state: STANDBY, dock_state IDLE, charge_state NOT_CHARGE[0m
[delivery_robot_main_controller-20] [0m[INFO] [1773385973.378735111] [main_controller_node]: Enter to wait_for_load_in_loop and wait for timeout...in 11.390353441238403 seconds[0m
[delivery_robot_main_controller-20] [0m[INFO] [1773385974.286087952] [main_controller_node]: Current state: STANDBY, dock_state IDLE, charge_state NOT_CHARGE[0m
[delivery_robot_main_controller-20] [0m[INFO] [1773385975.354447333] [main_controller_node]: Current state: STANDBY, dock_state IDLE, charge_state NOT_CHARGE[0m
[delivery_robot_main_controller-20] [0m[INFO] [1773385975.432238058] [main_controller_node]: Enter to wait_for_load_in_loop and wait for timeout...in 9.336885929107666 seconds[0m
[delivery_robot_main_controller-20] [0m[INFO] [1773385976.358406490] [main_controller_node]: Current state: STANDBY, dock_state IDLE, charge_state NOT_CHARGE[0m
[delivery_robot_main_controller-20] [0m[INFO] [1773385977.282631036] [main_controller_node]: Current state: STANDBY, dock_state IDLE, charge_state NOT_CHARGE[0m
[delivery_robot_main_controller-20] [0m[INFO] [1773385977.379881036] [main_controller_node]: Enter to wait_for_load_in_loop and wait for timeout...in 7.390523433685303 seconds[0m
[delivery_robot_main_controller-20] [0m[INFO] [1773385978.332678517] [main_controller_node]: Current state: STANDBY, dock_state IDLE, charge_state NOT_CHARGE[0m
[delivery_robot_main_controller-20] [0m[INFO] [1773385979.334598417] [main_controller_node]: Current state: STANDBY, dock_state IDLE, charge_state NOT_CHARGE[0m
[delivery_robot_main_controller-20] [0m[INFO] [1773385979.448291678] [main_controller_node]: Enter to wait_for_load_in_loop and wait for timeout...in 5.323348760604858 seconds[0m
[delivery_robot_main_controller-20] [0m[INFO] [1773385980.285318725] [main_controller_node]: Current state: STANDBY, dock_state IDLE, charge_state NOT_CHARGE[0m
[delivery_robot_main_controller-20] [0m[INFO] [1773385981.344940682] [main_controller_node]: Current state: STANDBY, dock_state IDLE, charge_state NOT_CHARGE[0m
[delivery_robot_main_controller-20] [0m[INFO] [1773385981.426127155] [main_controller_node]: Enter to wait_for_load_in_loop and wait for timeout...in 3.3468093872070312 seconds[0m
[delivery_robot_main_controller-20] [0m[INFO] [1773385982.278222307] [main_controller_node]: Current state: STANDBY, dock_state IDLE, charge_state NOT_CHARGE[0m
[delivery_robot_main_controller-20] [0m[INFO] [1773385983.280274035] [main_controller_node]: Current state: STANDBY, dock_state IDLE, charge_state NOT_CHARGE[0m
[delivery_robot_main_controller-20] [0m[INFO] [1773385983.354745425] [main_controller_node]: Enter to wait_for_load_in_loop and wait for timeout...in 1.4183690547943115 seconds[0m
[delivery_robot_main_controller-20] [0m[INFO] [1773385984.342335109] [main_controller_node]: Current state: STANDBY, dock_state IDLE, charge_state NOT_CHARGE[0m
[delivery_robot_main_controller-20] [0m[INFO] [1773385985.319700508] [main_controller_node]: Current state: STANDBY, dock_state IDLE, charge_state NOT_CHARGE[0m
[delivery_robot_main_controller-20] [0m[INFO] [1773385985.417902763] [main_controller_node]: No pending queue found or unexpected format.[0m
[delivery_robot_main_controller-20] [0m[INFO] [1773385986.278885250] [main_controller_node]: Current state: STANDBY, dock_state IDLE, charge_state NOT_CHARGE[0m
[delivery_robot_main_controller-20] [0m[INFO] [1773385987.276940127] [main_controller_node]: Current state: STANDBY, dock_state IDLE, charge_state NOT_CHARGE[0m
[delivery_robot_main_controller-20] [0m[INFO] [1773385987.329888195] [main_controller_node]: No pending queue found or unexpected format.[0m
[delivery_robot_main_controller-20] [0m[INFO] [1773385988.278789446] [main_controller_node]: Current state: STANDBY, dock_state IDLE, charge_state NOT_CHARGE[0m
[delivery_robot_main_controller-20] [0m[INFO] [1773385989.316297478] [main_controller_node]: Current state: STANDBY, dock_state IDLE, charge_state NOT_CHARGE[0m
[delivery_robot_main_controller-20] [0m[INFO] [1773385989.407810608] [main_controller_node]: No pending queue found or unexpected format.[0m
[delivery_robot_main_controller-20] [0m[INFO] [1773385990.297920759] [main_controller_node]: Current state: STANDBY, dock_state IDLE, charge_state NOT_CHARGE[0m
[delivery_robot_main_controller-20] [0m[INFO] [1773385991.354300962] [main_controller_node]: Current state: STANDBY, dock_state IDLE, charge_state NOT_CHARGE[0m
[delivery_robot_main_controller-20] [0m[INFO] [1773385991.429351289] [main_controller_node]: No pending queue found or unexpected format.[0m
[delivery_robot_main_controller-20] [0m[INFO] [1773385992.306855785] [main_controller_node]: Current state: STANDBY, dock_state IDLE, charge_state NOT_CHARGE[0m
[delivery_robot_main_controller-20] [0m[INFO] [1773385993.278483439] [main_controller_node]: Current state: STANDBY, dock_state IDLE, charge_state NOT_CHARGE[0m
[delivery_robot_main_controller-20] [0m[INFO] [1773385993.355099958] [main_controller_node]: No pending queue found or unexpected format.[0m
[delivery_robot_main_controller-20] [0m[INFO] [1773385994.280559666] [main_controller_node]: Current state: STANDBY, dock_state IDLE, charge_state NOT_CHARGE[0m
[delivery_robot_main_controller-20] [0m[INFO] [1773385995.309101907] [main_controller_node]: Current state: STANDBY, dock_state IDLE, charge_state NOT_CHARGE[0m
[delivery_robot_main_controller-20] [0m[INFO] [1773385995.398587446] [main_controller_node]: 1 pending queues [0m
[delivery_robot_main_controller-20] [0m[INFO] [1773385995.399681155] [main_controller_node]: Queue action: Request[0m
[delivery_robot_main_controller-20] [0m[INFO] [1773385995.462724596] [main_controller_node]: AGV start_pos: x=9.72, y=-11.97[0m
[delivery_robot_main_controller-20] [0m[INFO] [1773385995.463743642] [main_controller_node]: AGV goal_pos: x=11.42, y=-11.96[0m
[delivery_robot_main_controller-20] Graph before shortest_path: Graph with 11 nodes and 10 edges
[delivery_robot_main_controller-20] [0m[INFO] [1773385995.490320193] [main_controller_node]: Computed AGV path waypoints:[0m
[delivery_robot_main_controller-20] [0m[INFO] [1773385995.491029500] [main_controller_node]:   Waypoint 0: x=9.72, y=-11.97[0m
[delivery_robot_main_controller-20] [0m[INFO] [1773385995.491726849] [main_controller_node]:   Waypoint 1: x=11.42, y=-11.96[0m
[delivery_robot_main_controller-20] [0m[INFO] [1773385995.493063215] [main_controller_node]: Navigating with 2 goals....[0m
[bt_navigator-14] [INFO] [1773385995.494477746] [bt_navigator]: Begin navigating from current location through 2 poses to (11.42, -11.96)
[controller_server-10] [INFO] [1773385995.495144179] [local_costmap.local_costmap]: Received request to clear entirely the local_costmap
[controller_server-10] [INFO] [1773385995.501844388] [local_costmap.local_costmap]: KeepoutFilter: Subscribing to "/keepout_costmap_filter_info" topic for filter info...
[planner_server-12] [INFO] [1773385995.507086609] [global_costmap.global_costmap]: Received request to clear entirely the global_costmap
[controller_server-10] [INFO] [1773385995.508144736] [local_costmap.local_costmap]: KeepoutFilter: Received filter info from /keepout_costmap_filter_info topic.
[controller_server-10] [INFO] [1773385995.508312147] [local_costmap.local_costmap]: KeepoutFilter: Subscribing to "/keepout_filter_mask" topic for filter mask...
[planner_server-12] [INFO] [1773385995.517873207] [global_costmap.global_costmap]: KeepoutFilter: Subscribing to "/keepout_costmap_filter_info" topic for filter info...
[planner_server-12] [INFO] [1773385995.530846640] [global_costmap.global_costmap]: KeepoutFilter: Received filter info from /keepout_costmap_filter_info topic.
[planner_server-12] [INFO] [1773385995.530972927] [global_costmap.global_costmap]: KeepoutFilter: Subscribing to "/keepout_filter_mask" topic for filter mask...
[controller_server-10] [WARN] [1773385995.536377601] [local_costmap.local_costmap]: KeepoutFilter: New filter mask arrived from /keepout_filter_mask topic. Updating old filter mask.
[call_robot_button-22] 2026-03-13 14:13:15 mosquitto_pub -u smr -P smrbot25 -m "Office1,blink" -t "Rsp" -r
[call_robot_button-22] [0m[INFO] [1773385995.584760672] [call_robot_button_node]: call_switch notified: station=Office1 status=blink.[0m
[planner_server-12] [WARN] [1773385995.609470626] [global_costmap.global_costmap]: KeepoutFilter: New filter mask arrived from /keepout_filter_mask topic. Updating old filter mask.
[controller_server-10] [INFO] [1773385995.675847110] [controller_server]: Received a goal, begin computing control effort.
[controller_server-10] [INFO] [1773385995.876057729] [controller_server]: Passing new path to controller.
[controller_server-10] [INFO] [1773385995.976189580] [controller_server]: Passing new path to controller.
[controller_server-10] [INFO] [1773385996.176054879] [controller_server]: Passing new path to controller.
[controller_server-10] [INFO] [1773385996.276053735] [controller_server]: Passing new path to controller.
[controller_server-10] [INFO] [1773385996.476057571] [controller_server]: Passing new path to controller.
[controller_server-10] [INFO] [1773385996.576089966] [controller_server]: Passing new path to controller.
[controller_server-10] [INFO] [1773385996.676068698] [controller_server]: Passing new path to controller.
[controller_server-10] [INFO] [1773385996.776088552] [controller_server]: Passing new path to controller.
[controller_server-10] [INFO] [1773385996.976085680] [controller_server]: Passing new path to controller.
[controller_server-10] [INFO] [1773385997.076091244] [controller_server]: Passing new path to controller.
[controller_server-10] [INFO] [1773385997.176070267] [controller_server]: Passing new path to controller.
[controller_server-10] [INFO] [1773385997.376058061] [controller_server]: Passing new path to controller.
[controller_server-10] [INFO] [1773385997.476060417] [controller_server]: Passing new path to controller.
[delivery_robot_main_controller-20] [0m[INFO] [1773385997.489578954] [main_controller_node]: State change: STANDBY -> MOVE[0m
[delivery_robot_main_controller-20] [0m[INFO] [1773385997.506691566] [main_controller_node]: Robot is MOVING.[0m
[controller_server-10] [INFO] [1773385997.576056356] [controller_server]: Passing new path to controller.
[controller_server-10] [INFO] [1773385997.676062794] [controller_server]: Passing new path to controller.
[controller_server-10] [INFO] [1773385997.876093171] [controller_server]: Passing new path to controller.
[controller_server-10] [INFO] [1773385997.976060236] [controller_server]: Passing new path to controller.
[controller_server-10] [INFO] [1773385998.076581738] [controller_server]: Passing new path to controller.
[controller_server-10] [INFO] [1773385998.176502722] [controller_server]: Passing new path to controller.
[controller_server-10] [WARN] [1773385998.285845646] [controller_server]: Control loop missed its desired rate of 10.0000 Hz. Current loop rate is 9.1440 Hz.
[controller_server-10] [INFO] [1773385998.286260963] [controller_server]: Passing new path to controller.
[controller_server-10] [INFO] [1773385998.476055971] [controller_server]: Passing new path to controller.
[controller_server-10] [INFO] [1773385998.676093639] [controller_server]: Passing new path to controller.
[controller_server-10] [INFO] [1773385998.876065393] [controller_server]: Passing new path to controller.
[controller_server-10] [INFO] [1773385998.976194035] [controller_server]: Passing new path to controller.
[controller_server-10] [INFO] [1773385999.176070417] [controller_server]: Passing new path to controller.
[controller_server-10] [INFO] [1773385999.276051190] [controller_server]: Passing new path to controller.
[controller_server-10] [INFO] [1773385999.476090025] [controller_server]: Passing new path to controller.
[controller_server-10] [INFO] [1773385999.676055070] [controller_server]: Passing new path to controller.
[controller_server-10] [INFO] [1773385999.776062675] [controller_server]: Passing new path to controller.
[controller_server-10] [INFO] [1773385999.976083427] [controller_server]: Passing new path to controller.
[controller_server-10] [INFO] [1773386000.076089574] [controller_server]: Passing new path to controller.
[controller_server-10] [INFO] [1773386000.176092221] [controller_server]: Passing new path to controller.
[controller_server-10] [INFO] [1773386000.276070077] [controller_server]: Passing new path to controller.
[controller_server-10] [INFO] [1773386000.476057872] [controller_server]: Passing new path to controller.
[controller_server-10] [INFO] [1773386000.576062561] [controller_server]: Passing new path to controller.
[controller_server-10] [INFO] [1773386000.676061416] [controller_server]: Passing new path to controller.
[controller_server-10] [INFO] [1773386000.776053564] [controller_server]: Passing new path to controller.
[controller_server-10] [INFO] [1773386000.976071982] [controller_server]: Passing new path to controller.
[controller_server-10] [INFO] [1773386001.076062671] [controller_server]: Passing new path to controller.
[controller_server-10] [INFO] [1773386001.176057152] [controller_server]: Passing new path to controller.
[controller_server-10] [INFO] [1773386001.376080237] [controller_server]: Passing new path to controller.
[controller_server-10] [INFO] [1773386001.476067135] [controller_server]: Passing new path to controller.
[controller_server-10] [INFO] [1773386001.576058115] [controller_server]: Passing new path to controller.
[controller_server-10] [INFO] [1773386001.676052304] [controller_server]: Passing new path to controller.
[controller_server-10] [INFO] [1773386001.876057307] [controller_server]: Passing new path to controller.
[controller_server-10] [INFO] [1773386001.976062579] [controller_server]: Passing new path to controller.
[controller_server-10] [INFO] [1773386002.076053560] [controller_server]: Passing new path to controller.
[controller_server-10] [INFO] [1773386002.276055062] [controller_server]: Passing new path to controller.
[controller_server-10] [INFO] [1773386002.376063834] [controller_server]: Passing new path to controller.
[controller_server-10] [INFO] [1773386002.476060648] [controller_server]: Passing new path to controller.
[controller_server-10] [INFO] [1773386002.576062420] [controller_server]: Passing new path to controller.
[controller_server-10] [INFO] [1773386002.776094838] [controller_server]: Passing new path to controller.
[controller_server-10] [INFO] [1773386002.876093985] [controller_server]: Passing new path to controller.
[controller_server-10] [INFO] [1773386002.976055509] [controller_server]: Passing new path to controller.
[controller_server-10] [INFO] [1773386003.076062530] [controller_server]: Passing new path to controller.
[controller_server-10] [INFO] [1773386003.276057616] [controller_server]: Passing new path to controller.
[controller_server-10] [INFO] [1773386003.376058514] [controller_server]: Passing new path to controller.
[collision_monitor-17] [INFO] [1773386003.452429167] [collision_monitor]: Robot to approach for 1.500000 seconds away from collision
[controller_server-10] [INFO] [1773386003.476057661] [controller_server]: Passing new path to controller.
[collision_monitor-17] [INFO] [1773386003.582400321] [collision_monitor]: Robot to continue normal operation
[controller_server-10] [INFO] [1773386003.676083079] [controller_server]: Passing new path to controller.
[collision_monitor-17] [INFO] [1773386003.781909801] [collision_monitor]: Robot to approach for 1.500000 seconds away from collision
[collision_monitor-17] [INFO] [1773386003.852123891] [collision_monitor]: Robot to continue normal operation
[controller_server-10] [INFO] [1773386003.876055999] [controller_server]: Passing new path to controller.
[controller_server-10] [INFO] [1773386003.976066521] [controller_server]: Passing new path to controller.
[controller_server-10] [INFO] [1773386004.076059252] [controller_server]: Passing new path to controller.
[controller_server-10] [INFO] [1773386004.176060440] [controller_server]: Passing new path to controller.
[controller_server-10] [INFO] [1773386004.276054921] [controller_server]: Passing new path to controller.
[controller_server-10] [INFO] [1773386004.476059049] [controller_server]: Passing new path to controller.
[controller_server-10] [INFO] [1773386004.576062571] [controller_server]: Passing new path to controller.
[controller_server-10] [INFO] [1773386004.676064634] [controller_server]: Passing new path to controller.
[controller_server-10] [INFO] [1773386004.876062054] [controller_server]: Passing new path to controller.
[controller_server-10] [INFO] [1773386004.976059159] [controller_server]: Passing new path to controller.
[controller_server-10] [INFO] [1773386005.076063848] [controller_server]: Passing new path to controller.
[controller_server-10] [INFO] [1773386005.176063578] [controller_server]: Passing new path to controller.
[controller_server-10] [INFO] [1773386005.376063039] [controller_server]: Passing new path to controller.
[controller_server-10] [INFO] [1773386005.476060145] [controller_server]: Passing new path to controller.
[controller_server-10] [INFO] [1773386005.576101290] [controller_server]: Passing new path to controller.
[controller_server-10] [INFO] [1773386005.676053189] [controller_server]: Passing new path to controller.
[controller_server-10] [INFO] [1773386005.876133147] [controller_server]: Passing new path to controller.
[controller_server-10] [INFO] [1773386005.976062589] [controller_server]: Passing new path to controller.
[controller_server-10] [INFO] [1773386006.076084777] [controller_server]: Passing new path to controller.
[controller_server-10] [INFO] [1773386006.176132047] [controller_server]: Passing new path to controller.
[collision_monitor-17] [INFO] [1773386006.281472578] [collision_monitor]: Robot to approach for 1.500000 seconds away from collision
[controller_server-10] [INFO] [1773386006.376055386] [controller_server]: Passing new path to controller.
[collision_monitor-17] [INFO] [1773386006.382121535] [collision_monitor]: Robot to continue normal operation
[controller_server-10] [INFO] [1773386006.476062991] [controller_server]: Passing new path to controller.
[controller_server-10] [INFO] [1773386006.576058638] [controller_server]: Passing new path to controller.
[controller_server-10] [INFO] [1773386006.676051661] [controller_server]: Passing new path to controller.
[controller_server-10] [INFO] [1773386006.876059871] [controller_server]: Passing new path to controller.
[controller_server-10] [INFO] [1773386006.976066018] [controller_server]: Passing new path to controller.
[controller_server-10] [INFO] [1773386007.076057290] [controller_server]: Passing new path to controller.
[controller_server-10] [INFO] [1773386007.077888889] [controller_server]: Reached the goal!
[controller_server-10] [INFO] [1773386007.078447993] [controller_server]: Optimizer reset
[bt_navigator-14] [INFO] [1773386007.115076753] [bt_navigator]: Goal succeeded
[delivery_robot_main_controller-20] [0m[INFO] [1773386008.301196244] [main_controller_node]: Goal succeeded![0m
[delivery_robot_main_controller-20] [0m[INFO] [1773386008.307317224] [main_controller_node]: State change: MOVE -> AFTER_MOVE[0m
[delivery_robot_main_controller-20] [0m[INFO] [1773386008.328885170] [main_controller_node]: Evaluating post-move action...[0m
[delivery_robot_main_controller-20] [0m[INFO] [1773386008.337001951] [main_controller_node]: Post-move action is: Request[0m
[delivery_robot_main_controller-20] [0m[INFO] [1773386008.342160175] [main_controller_node]: Published message: "arrive_target"[0m
[delivery_robot_main_controller-20] [0m[INFO] [1773386008.371112262] [main_controller_node]: Successfully removed queue ID: 1935[0m
[delivery_robot_main_controller-20] [0m[INFO] [1773386008.371910233] [main_controller_node]: Waiting 15s for LOAD_IN command...[0m
[delivery_robot_main_controller-20] [0m[INFO] [1773386008.373049440] [main_controller_node]: State change: AFTER_MOVE -> STANDBY[0m
[delivery_robot_main_controller-20] [0m[INFO] [1773386008.387055043] [main_controller_node]: Robot is in STANDBY mode.[0m
[delivery_robot_main_controller-20] [0m[INFO] [1773386008.407500698] [main_controller_node]: Current state: STANDBY, dock_state IDLE, charge_state NOT_CHARGE[0m
[delivery_robot_main_controller-20] [0m[INFO] [1773386008.548393195] [main_controller_node]: Enter to wait_for_load_in_loop and wait for timeout...in 14.824281215667725 seconds[0m
[robot_sound-21] [0m[INFO] [1773386008.579760193] [robot_sound_node]: 🔔 Received sound command: arrive_target[0m
[robot_sound-21] Simple mixer control 'PCM',0
[robot_sound-21]   Capabilities: pvolume pswitch pswitch-joined
[robot_sound-21]   Playback channels: Front Left - Front Right
[robot_sound-21]   Limits: Playback 0 - 147
[robot_sound-21]   Mono:
[robot_sound-21]   Front Left: Playback 147 [100%] [-0.94dB] [on]
[robot_sound-21]   Front Right: Playback 147 [100%] [-0.94dB] [on]
[robot_sound-21] [0m[INFO] [1773386008.591952571] [robot_sound_node]: 🔊 Playing sound: /home/smr/workspaces/mini_amr/amrROS2_ws/sounds/robot_target.wav[0m
[robot_sound-21] Playing WAVE '/home/smr/workspaces/mini_amr/amrROS2_ws/sounds/robot_target.wav' : Signed 16 bit Little Endian, Rate 44100 Hz, Mono
[delivery_robot_main_controller-20] [0m[INFO] [1773386009.311478207] [main_controller_node]: Current state: STANDBY, dock_state IDLE, charge_state NOT_CHARGE[0m
[delivery_robot_main_controller-20] [0m[INFO] [1773386009.367947435] [main_controller_node]: Enter to wait_for_load_in_loop and wait for timeout...in 14.00465703010559 seconds[0m
[call_robot_button-22] 2026-03-13 14:13:29 mosquitto_pub -u smr -P smrbot25 -m "Office1,false" -t "Rsp" -r
[call_robot_button-22] [0m[INFO] [1773386009.585018968] [call_robot_button_node]: call_switch notified: station=Office1 status=false.[0m
[delivery_robot_main_controller-20] [0m[INFO] [1773386010.334661855] [main_controller_node]: Current state: STANDBY, dock_state IDLE, charge_state NOT_CHARGE[0m
[delivery_robot_main_controller-20] [0m[INFO] [1773386011.342093175] [main_controller_node]: Current state: STANDBY, dock_state IDLE, charge_state NOT_CHARGE[0m
[delivery_robot_main_controller-20] [0m[INFO] [1773386011.406714474] [main_controller_node]: Enter to wait_for_load_in_loop and wait for timeout...in 11.965903282165527 seconds[0m
[delivery_robot_main_controller-20] [0m[INFO] [1773386012.302171551] [main_controller_node]: Current state: STANDBY, dock_state IDLE, charge_state NOT_CHARGE[0m
[delivery_robot_main_controller-20] [0m[INFO] [1773386013.280666240] [main_controller_node]: Current state: STANDBY, dock_state IDLE, charge_state NOT_CHARGE[0m
[delivery_robot_main_controller-20] [0m[INFO] [1773386013.348866448] [main_controller_node]: Enter to wait_for_load_in_loop and wait for timeout...in 10.023741245269775 seconds[0m
[delivery_robot_main_controller-20] [0m[INFO] [1773386014.280232769] [main_controller_node]: Current state: STANDBY, dock_state IDLE, charge_state NOT_CHARGE[0m
[delivery_robot_main_controller-20] [0m[INFO] [1773386015.282120003] [main_controller_node]: Current state: STANDBY, dock_state IDLE, charge_state NOT_CHARGE[0m
[delivery_robot_main_controller-20] [0m[INFO] [1773386015.378392081] [main_controller_node]: Enter to wait_for_load_in_loop and wait for timeout...in 7.994242191314697 seconds[0m
[delivery_robot_main_controller-20] [0m[INFO] [1773386016.339152349] [main_controller_node]: Current state: STANDBY, dock_state IDLE, charge_state NOT_CHARGE[0m
[delivery_robot_main_controller-20] [0m[INFO] [1773386017.311108990] [main_controller_node]: Current state: STANDBY, dock_state IDLE, charge_state NOT_CHARGE[0m
[delivery_robot_main_controller-20] [0m[INFO] [1773386017.367674756] [main_controller_node]: Enter to wait_for_load_in_loop and wait for timeout...in 6.004915952682495 seconds[0m
[delivery_robot_main_controller-20] [0m[INFO] [1773386018.284659239] [main_controller_node]: Current state: STANDBY, dock_state IDLE, charge_state NOT_CHARGE[0m
[delivery_robot_main_controller-20] [0m[INFO] [1773386019.285894331] [main_controller_node]: Current state: STANDBY, dock_state IDLE, charge_state NOT_CHARGE[0m
[delivery_robot_main_controller-20] [0m[INFO] [1773386019.348082346] [main_controller_node]: Enter to wait_for_load_in_loop and wait for timeout...in 4.028104066848755 seconds[0m
[delivery_robot_main_controller-20] [0m[INFO] [1773386020.280282803] [main_controller_node]: Current state: STANDBY, dock_state IDLE, charge_state NOT_CHARGE[0m
[delivery_robot_main_controller-20] [0m[INFO] [1773386021.297351013] [main_controller_node]: Current state: STANDBY, dock_state IDLE, charge_state NOT_CHARGE[0m
[delivery_robot_main_controller-20] [0m[INFO] [1773386021.387094667] [main_controller_node]: Enter to wait_for_load_in_loop and wait for timeout...in 1.9868042469024658 seconds[0m
[delivery_robot_main_controller-20] [0m[INFO] [1773386022.317816721] [main_controller_node]: Current state: STANDBY, dock_state IDLE, charge_state NOT_CHARGE[0m
[delivery_robot_main_controller-20] [0m[INFO] [1773386023.287000591] [main_controller_node]: Current state: STANDBY, dock_state IDLE, charge_state NOT_CHARGE[0m
[delivery_robot_main_controller-20] [0m[INFO] [1773386023.354100382] [main_controller_node]: Enter to wait_for_load_in_loop and wait for timeout...in 0.01848006248474121 seconds[0m
[delivery_robot_main_controller-20] [0m[INFO] [1773386024.278580710] [main_controller_node]: Current state: STANDBY, dock_state IDLE, charge_state NOT_CHARGE[0m
[delivery_robot_main_controller-20] [0m[INFO] [1773386025.285867076] [main_controller_node]: Current state: STANDBY, dock_state IDLE, charge_state NOT_CHARGE[0m
[delivery_robot_main_controller-20] [0m[INFO] [1773386025.350999648] [main_controller_node]: No pending queue found or unexpected format.[0m
[delivery_robot_main_controller-20] [0m[INFO] [1773386026.278705106] [main_controller_node]: Current state: STANDBY, dock_state IDLE, charge_state NOT_CHARGE[0m
[delivery_robot_main_controller-20] [0m[INFO] [1773386027.301969251] [main_controller_node]: Current state: STANDBY, dock_state IDLE, charge_state NOT_CHARGE[0m
[delivery_robot_main_controller-20] [0m[INFO] [1773386027.387602892] [main_controller_node]: 1 pending queues [0m
[delivery_robot_main_controller-20] [0m[INFO] [1773386027.388829888] [main_controller_node]: Queue action: Request[0m
[delivery_robot_main_controller-20] [0m[INFO] [1773386027.448257090] [main_controller_node]: AGV start_pos: x=11.34, y=-11.96[0m
[delivery_robot_main_controller-20] [0m[INFO] [1773386027.448894358] [main_controller_node]: AGV goal_pos: x=-0.32, y=-7.98[0m
[delivery_robot_main_controller-20] Graph before shortest_path: Graph with 11 nodes and 10 edges
[delivery_robot_main_controller-20] [0m[INFO] [1773386027.472498353] [main_controller_node]: Computed AGV path waypoints:[0m
[delivery_robot_main_controller-20] [0m[INFO] [1773386027.474069502] [main_controller_node]:   Waypoint 0: x=11.34, y=-11.96[0m
[delivery_robot_main_controller-20] [0m[INFO] [1773386027.474944761] [main_controller_node]:   Waypoint 1: x=9.69, y=-12.00[0m
[delivery_robot_main_controller-20] [0m[INFO] [1773386027.476906438] [main_controller_node]:   Waypoint 2: x=7.32, y=-11.82[0m
[delivery_robot_main_controller-20] [0m[INFO] [1773386027.477572289] [main_controller_node]:   Waypoint 3: x=5.13, y=-6.87[0m
[delivery_robot_main_controller-20] [0m[INFO] [1773386027.478221806] [main_controller_node]:   Waypoint 4: x=2.11, y=-6.76[0m
[delivery_robot_main_controller-20] [0m[INFO] [1773386027.478878615] [main_controller_node]:   Waypoint 5: x=-0.34, y=-6.81[0m
[delivery_robot_main_controller-20] [0m[INFO] [1773386027.479505966] [main_controller_node]:   Waypoint 6: x=-0.32, y=-7.98[0m
[delivery_robot_main_controller-20] [0m[INFO] [1773386027.481035118] [main_controller_node]: Navigating with 7 goals....[0m
[bt_navigator-14] [INFO] [1773386027.483016336] [bt_navigator]: Begin navigating from current location through 7 poses to (-0.32, -7.98)
[controller_server-10] [INFO] [1773386027.483374489] [local_costmap.local_costmap]: Received request to clear entirely the local_costmap
[controller_server-10] [INFO] [1773386027.490631177] [local_costmap.local_costmap]: KeepoutFilter: Subscribing to "/keepout_costmap_filter_info" topic for filter info...
[controller_server-10] [INFO] [1773386027.494688400] [local_costmap.local_costmap]: KeepoutFilter: Received filter info from /keepout_costmap_filter_info topic.
[controller_server-10] [INFO] [1773386027.494772981] [local_costmap.local_costmap]: KeepoutFilter: Subscribing to "/keepout_filter_mask" topic for filter mask...
[planner_server-12] [INFO] [1773386027.494943599] [global_costmap.global_costmap]: Received request to clear entirely the global_costmap
[planner_server-12] [INFO] [1773386027.502129415] [global_costmap.global_costmap]: KeepoutFilter: Subscribing to "/keepout_costmap_filter_info" topic for filter info...
[planner_server-12] [INFO] [1773386027.513671693] [global_costmap.global_costmap]: KeepoutFilter: Received filter info from /keepout_costmap_filter_info topic.
[planner_server-12] [INFO] [1773386027.513755106] [global_costmap.global_costmap]: KeepoutFilter: Subscribing to "/keepout_filter_mask" topic for filter mask...
[controller_server-10] [WARN] [1773386027.519604555] [local_costmap.local_costmap]: KeepoutFilter: New filter mask arrived from /keepout_filter_mask topic. Updating old filter mask.
[call_robot_button-22] 2026-03-13 14:13:47 mosquitto_pub -u smr -P smrbot25 -m "Packing,blink" -t "Rsp" -r
[call_robot_button-22] [0m[INFO] [1773386027.589180795] [call_robot_button_node]: call_switch notified: station=Packing status=blink.[0m
[planner_server-12] [WARN] [1773386027.590483913] [global_costmap.global_costmap]: KeepoutFilter: New filter mask arrived from /keepout_filter_mask topic. Updating old filter mask.
[controller_server-10] [INFO] [1773386027.685307919] [controller_server]: Received a goal, begin computing control effort.
[controller_server-10] [INFO] [1773386027.885928315] [controller_server]: Passing new path to controller.
[controller_server-10] [INFO] [1773386027.986672643] [controller_server]: Passing new path to controller.
[controller_server-10] [INFO] [1773386028.185973589] [controller_server]: Passing new path to controller.
[controller_server-10] [INFO] [1773386028.385964300] [controller_server]: Passing new path to controller.
[controller_server-10] [INFO] [1773386028.485906574] [controller_server]: Passing new path to controller.
[controller_server-10] [INFO] [1773386028.685945117] [controller_server]: Passing new path to controller.
[controller_server-10] [INFO] [1773386028.885929995] [controller_server]: Passing new path to controller.
[controller_server-10] [INFO] [1773386028.985947516] [controller_server]: Passing new path to controller.
[controller_server-10] [INFO] [1773386029.185948436] [controller_server]: Passing new path to controller.
[controller_server-10] [INFO] [1773386029.385905898] [controller_server]: Passing new path to controller.
[controller_server-10] [INFO] [1773386029.485911462] [controller_server]: Passing new path to controller.
[controller_server-10] [INFO] [1773386029.685913548] [controller_server]: Passing new path to controller.
[delivery_robot_main_controller-20] [0m[INFO] [1773386029.795540544] [main_controller_node]: State change: STANDBY -> MOVE[0m
[delivery_robot_main_controller-20] [0m[INFO] [1773386029.816477930] [main_controller_node]: Robot is MOVING.[0m
[controller_server-10] [INFO] [1773386029.885923216] [controller_server]: Passing new path to controller.
[controller_server-10] [INFO] [1773386029.985946279] [controller_server]: Passing new path to controller.
[controller_server-10] [INFO] [1773386030.185929699] [controller_server]: Passing new path to controller.
[controller_server-10] [INFO] [1773386030.285908139] [controller_server]: Passing new path to controller.
[controller_server-10] [INFO] [1773386030.386017240] [controller_server]: Passing new path to controller.
[controller_server-10] [INFO] [1773386030.585971495] [controller_server]: Passing new path to controller.
[controller_server-10] [INFO] [1773386030.688294847] [controller_server]: Passing new path to controller.
[controller_server-10] [INFO] [1773386030.885905063] [controller_server]: Passing new path to controller.
[controller_server-10] [INFO] [1773386030.985905669] [controller_server]: Passing new path to controller.
[controller_server-10] [INFO] [1773386031.085905983] [controller_server]: Passing new path to controller.
[controller_server-10] [INFO] [1773386031.285910402] [controller_server]: Passing new path to controller.
[controller_server-10] [INFO] [1773386031.385903424] [controller_server]: Passing new path to controller.
[controller_server-10] [INFO] [1773386031.485904613] [controller_server]: Passing new path to controller.
[controller_server-10] [INFO] [1773386031.585897052] [controller_server]: Passing new path to controller.
[controller_server-10] [INFO] [1773386031.785906429] [controller_server]: Passing new path to controller.
[controller_server-10] [INFO] [1773386031.885925992] [controller_server]: Passing new path to controller.
[controller_server-10] [INFO] [1773386032.085940911] [controller_server]: Passing new path to controller.
[controller_server-10] [INFO] [1773386032.186027263] [controller_server]: Passing new path to controller.
[controller_server-10] [INFO] [1773386032.385919103] [controller_server]: Passing new path to controller.
[controller_server-10] [INFO] [1773386032.485900167] [controller_server]: Passing new path to controller.
[controller_server-10] [INFO] [1773386032.685898462] [controller_server]: Passing new path to controller.
[controller_server-10] [INFO] [1773386032.785906650] [controller_server]: Passing new path to controller.
[controller_server-10] [INFO] [1773386032.985975234] [controller_server]: Passing new path to controller.
[controller_server-10] [INFO] [1773386033.085910217] [controller_server]: Passing new path to controller.
[controller_server-10] [WARN] [1773386033.234370015] [controller_server]: Control loop missed its desired rate of 10.0000 Hz. Current loop rate is 6.7359 Hz.
[controller_server-10] [INFO] [1773386033.234539759] [controller_server]: Passing new path to controller.
[controller_server-10] [INFO] [1773386033.385866534] [controller_server]: Passing new path to controller.
[controller_server-10] [INFO] [1773386033.485933054] [controller_server]: Passing new path to controller.
[controller_server-10] [INFO] [1773386033.785905122] [controller_server]: Passing new path to controller.
[controller_server-10] [INFO] [1773386033.885896686] [controller_server]: Passing new path to controller.
[controller_server-10] [INFO] [1773386033.985903416] [controller_server]: Passing new path to controller.
[controller_server-10] [INFO] [1773386034.185906377] [controller_server]: Passing new path to controller.
[controller_server-10] [INFO] [1773386034.285900274] [controller_server]: Passing new path to controller.
[controller_server-10] [INFO] [1773386034.485903526] [controller_server]: Passing new path to controller.
[controller_server-10] [INFO] [1773386034.685904154] [controller_server]: Passing new path to controller.
[controller_server-10] [INFO] [1773386034.785907968] [controller_server]: Passing new path to controller.
[controller_server-10] [INFO] [1773386034.985911512] [controller_server]: Passing new path to controller.
[controller_server-10] [INFO] [1773386035.085912701] [controller_server]: Passing new path to controller.
[controller_server-10] [INFO] [1773386035.185912431] [controller_server]: Passing new path to controller.
[controller_server-10] [INFO] [1773386035.385899934] [controller_server]: Passing new path to controller.
[controller_server-10] [INFO] [1773386035.485900248] [controller_server]: Passing new path to controller.
[controller_server-10] [INFO] [1773386035.585908436] [controller_server]: Passing new path to controller.
[controller_server-10] [INFO] [1773386035.685895042] [controller_server]: Passing new path to controller.
[controller_server-10] [INFO] [1773386035.885900045] [controller_server]: Passing new path to controller.
[controller_server-10] [INFO] [1773386035.985909400] [controller_server]: Passing new path to controller.
[controller_server-10] [INFO] [1773386036.085900672] [controller_server]: Passing new path to controller.
[controller_server-10] [INFO] [1773386036.285898383] [controller_server]: Passing new path to controller.
[controller_server-10] [INFO] [1773386036.385904530] [controller_server]: Passing new path to controller.
[controller_server-10] [INFO] [1773386036.485899594] [controller_server]: Passing new path to controller.
[controller_server-10] [INFO] [1773386036.685902263] [controller_server]: Passing new path to controller.
[controller_server-10] [INFO] [1773386036.785942534] [controller_server]: Passing new path to controller.
[controller_server-10] [INFO] [1773386036.885911349] [controller_server]: Passing new path to controller.
[controller_server-10] [INFO] [1773386036.985911079] [controller_server]: Passing new path to controller.
[controller_server-10] [INFO] [1773386037.185905290] [controller_server]: Passing new path to controller.
[controller_server-10] [INFO] [1773386037.285905604] [controller_server]: Passing new path to controller.
[controller_server-10] [INFO] [1773386037.385898335] [controller_server]: Passing new path to controller.
[controller_server-10] [INFO] [1773386037.585903337] [controller_server]: Passing new path to controller.
[controller_server-10] [INFO] [1773386037.685902193] [controller_server]: Passing new path to controller.
[controller_server-10] [INFO] [1773386037.885964068] [controller_server]: Passing new path to controller.
[controller_server-10] [INFO] [1773386037.986032046] [controller_server]: Passing new path to controller.
[controller_server-10] [INFO] [1773386038.185930594] [controller_server]: Passing new path to controller.
[controller_server-10] [INFO] [1773386038.285932658] [controller_server]: Passing new path to controller.
[controller_server-10] [INFO] [1773386038.385955721] [controller_server]: Passing new path to controller.
[controller_server-10] [INFO] [1773386038.585942349] [controller_server]: Passing new path to controller.
[controller_server-10] [INFO] [1773386038.685950829] [controller_server]: Passing new path to controller.
[controller_server-10] [INFO] [1773386038.885932790] [controller_server]: Passing new path to controller.
[controller_server-10] [INFO] [1773386038.985939229] [controller_server]: Passing new path to controller.
[controller_server-10] [INFO] [1773386039.185915649] [controller_server]: Passing new path to controller.
[controller_server-10] [INFO] [1773386039.285901672] [controller_server]: Passing new path to controller.
[controller_server-10] [INFO] [1773386039.485901133] [controller_server]: Passing new path to controller.
[controller_server-10] [INFO] [1773386039.685903802] [controller_server]: Passing new path to controller.
[controller_server-10] [INFO] [1773386039.785909074] [controller_server]: Passing new path to controller.
[controller_server-10] [INFO] [1773386039.985905035] [controller_server]: Passing new path to controller.
[controller_server-10] [INFO] [1773386040.085903599] [controller_server]: Passing new path to controller.
[controller_server-10] [INFO] [1773386040.185910329] [controller_server]: Passing new path to controller.
[controller_server-10] [INFO] [1773386040.385916498] [controller_server]: Passing new path to controller.
[controller_server-10] [INFO] [1773386040.485903687] [controller_server]: Passing new path to controller.
[controller_server-10] [INFO] [1773386040.585908667] [controller_server]: Passing new path to controller.
[controller_server-10] [INFO] [1773386040.785909295] [controller_server]: Passing new path to controller.
[controller_server-10] [INFO] [1773386040.885898817] [controller_server]: Passing new path to controller.
[controller_server-10] [INFO] [1773386040.985904089] [controller_server]: Passing new path to controller.
[controller_server-10] [INFO] [1773386041.085900903] [controller_server]: Passing new path to controller.
[controller_server-10] [INFO] [1773386041.187953307] [controller_server]: Optimizer reset
[controller_server-10] [INFO] [1773386041.189607579] [controller_server]: Optimizer reset
[controller_server-10] [WARN] [1773386041.189762156] [controller_server]: Optimizer fail to compute path
[controller_server-10] [INFO] [1773386041.285905031] [controller_server]: Passing new path to controller.
[controller_server-10] [INFO] [1773386041.385943260] [controller_server]: Passing new path to controller.
[controller_server-10] [INFO] [1773386041.485936282] [controller_server]: Passing new path to controller.
[controller_server-10] [INFO] [1773386041.685908036] [controller_server]: Passing new path to controller.
[controller_server-10] [INFO] [1773386041.785908933] [controller_server]: Passing new path to controller.
[controller_server-10] [INFO] [1773386041.885905747] [controller_server]: Passing new path to controller.
[controller_server-10] [INFO] [1773386042.085926499] [controller_server]: Passing new path to controller.
[controller_server-10] [INFO] [1773386042.185906396] [controller_server]: Passing new path to controller.
[controller_server-10] [INFO] [1773386042.285908460] [controller_server]: Passing new path to controller.
[controller_server-10] [INFO] [1773386042.485900046] [controller_server]: Passing new path to controller.
[controller_server-10] [INFO] [1773386042.585911735] [controller_server]: Passing new path to controller.
[controller_server-10] [INFO] [1773386042.685902132] [controller_server]: Passing new path to controller.
[controller_server-10] [INFO] [1773386042.885905968] [controller_server]: Passing new path to controller.
[controller_server-10] [INFO] [1773386042.985940405] [controller_server]: Passing new path to controller.
[controller_server-10] [INFO] [1773386043.085939553] [controller_server]: Passing new path to controller.
[controller_server-10] [INFO] [1773386043.189260076] [controller_server]: Passing new path to controller.
[controller_server-10] [INFO] [1773386043.385910162] [controller_server]: Passing new path to controller.
[controller_server-10] [INFO] [1773386043.485859436] [controller_server]: Passing new path to controller.
[controller_server-10] [INFO] [1773386043.685904395] [controller_server]: Passing new path to controller.
[controller_server-10] [INFO] [1773386043.885898314] [controller_server]: Passing new path to controller.
[controller_server-10] [INFO] [1773386043.985910878] [controller_server]: Passing new path to controller.
[collision_monitor-17] [INFO] [1773386044.000838405] [collision_monitor]: Robot to stop due to PolygonStop polygon
[collision_monitor-17] [INFO] [1773386044.085233383] [collision_monitor]: Robot to continue normal operation
[controller_server-10] [INFO] [1773386044.185939796] [controller_server]: Passing new path to controller.
[collision_monitor-17] [INFO] [1773386044.231498181] [collision_monitor]: Robot to stop due to PolygonStop polygon
[collision_monitor-17] [INFO] [1773386044.284732363] [collision_monitor]: Robot to continue normal operation
[controller_server-10] [INFO] [1773386044.287802915] [controller_server]: Passing new path to controller.
[collision_monitor-17] [INFO] [1773386044.431716967] [collision_monitor]: Robot to stop due to PolygonStop polygon
[collision_monitor-17] [INFO] [1773386044.481908304] [collision_monitor]: Robot to continue normal operation
[controller_server-10] [INFO] [1773386044.485980402] [controller_server]: Passing new path to controller.
[collision_monitor-17] [INFO] [1773386044.612049203] [collision_monitor]: Robot to stop due to PolygonStop polygon
[collision_monitor-17] [INFO] [1773386044.681906307] [collision_monitor]: Robot to continue normal operation
[controller_server-10] [INFO] [1773386044.685910158] [controller_server]: Passing new path to controller.
[collision_monitor-17] [INFO] [1773386044.731103681] [collision_monitor]: Robot to stop due to PolygonStop polygon
[collision_monitor-17] [INFO] [1773386044.754156155] [collision_monitor]: Robot to continue normal operation
[controller_server-10] [INFO] [1773386044.785902888] [controller_server]: Passing new path to controller.
[collision_monitor-17] [INFO] [1773386044.900721941] [collision_monitor]: Robot to stop due to PolygonStop polygon
[collision_monitor-17] [INFO] [1773386044.984372615] [collision_monitor]: Robot to continue normal operation
[controller_server-10] [INFO] [1773386044.985914890] [controller_server]: Passing new path to controller.
[collision_monitor-17] [INFO] [1773386045.001466561] [collision_monitor]: Robot to stop due to PolygonStop polygon
[collision_monitor-17] [INFO] [1773386045.051501279] [collision_monitor]: Robot to continue normal operation
[controller_server-10] [INFO] [1773386045.085900621] [controller_server]: Passing new path to controller.
[collision_monitor-17] [INFO] [1773386045.131803744] [collision_monitor]: Robot to stop due to PolygonStop polygon
[collision_monitor-17] [INFO] [1773386045.181853628] [collision_monitor]: Robot to continue normal operation
[controller_server-10] [INFO] [1773386045.185905310] [controller_server]: Passing new path to controller.
[collision_monitor-17] [INFO] [1773386045.300766070] [collision_monitor]: Robot to stop due to PolygonStop polygon
[collision_monitor-17] [INFO] [1773386045.382530897] [collision_monitor]: Robot to continue normal operation
[controller_server-10] [INFO] [1773386045.385902729] [controller_server]: Passing new path to controller.
[controller_server-10] [INFO] [1773386045.387991277] [controller_server]: Optimizer reset
[controller_server-10] [INFO] [1773386045.389425348] [controller_server]: Optimizer reset
[controller_server-10] [WARN] [1773386045.389545802] [controller_server]: Optimizer fail to compute path
[collision_monitor-17] [INFO] [1773386045.400737510] [collision_monitor]: Robot to stop due to PolygonStop polygon
[collision_monitor-17] [INFO] [1773386045.451456452] [collision_monitor]: Robot to continue normal operation
[controller_server-10] [INFO] [1773386045.485900418] [controller_server]: Passing new path to controller.
[controller_server-10] [INFO] [1773386045.685899588] [controller_server]: Passing new path to controller.
[controller_server-10] [INFO] [1773386045.785910693] [controller_server]: Passing new path to controller.
[controller_server-10] [INFO] [1773386045.885869300] [controller_server]: Passing new path to controller.
[controller_server-10] [INFO] [1773386045.985905195] [controller_server]: Passing new path to controller.
[controller_server-10] [INFO] [1773386046.186059817] [controller_server]: Passing new path to controller.
[controller_server-10] [INFO] [1773386046.285904678] [controller_server]: Passing new path to controller.
[controller_server-10] [INFO] [1773386046.485899473] [controller_server]: Passing new path to controller.
[controller_server-10] [INFO] [1773386046.585900078] [controller_server]: Passing new path to controller.
[controller_server-10] [INFO] [1773386046.685907100] [controller_server]: Passing new path to controller.
[controller_server-10] [INFO] [1773386046.885901895] [controller_server]: Passing new path to controller.
[controller_server-10] [INFO] [1773386046.985898417] [controller_server]: Passing new path to controller.
[controller_server-10] [INFO] [1773386047.085901064] [controller_server]: Passing new path to controller.
[controller_server-10] [INFO] [1773386047.285897608] [controller_server]: Passing new path to controller.
[controller_server-10] [INFO] [1773386047.385909880] [controller_server]: Passing new path to controller.
[controller_server-10] [INFO] [1773386047.485895028] [controller_server]: Passing new path to controller.
[controller_server-10] [INFO] [1773386047.685903822] [controller_server]: Passing new path to controller.
[controller_server-10] [INFO] [1773386047.785900052] [controller_server]: Passing new path to controller.
[controller_server-10] [INFO] [1773386047.885938573] [controller_server]: Passing new path to controller.
[controller_server-10] [INFO] [1773386048.085936867] [controller_server]: Passing new path to controller.
[controller_server-10] [INFO] [1773386048.186592531] [controller_server]: Passing new path to controller.
[controller_server-10] [INFO] [1773386048.285902496] [controller_server]: Passing new path to controller.
[controller_server-10] [INFO] [1773386048.485901374] [controller_server]: Passing new path to controller.
[controller_server-10] [INFO] [1773386048.585909562] [controller_server]: Passing new path to controller.
[controller_server-10] [INFO] [1773386048.685900835] [controller_server]: Passing new path to controller.
[controller_server-10] [INFO] [1773386048.885901754] [controller_server]: Passing new path to controller.
[controller_server-10] [INFO] [1773386048.985904692] [controller_server]: Passing new path to controller.
[controller_server-10] [INFO] [1773386049.186134270] [controller_server]: Passing new path to controller.
[controller_server-10] [INFO] [1773386049.285902134] [controller_server]: Passing new path to controller.
[controller_server-10] [INFO] [1773386049.485904803] [controller_server]: Passing new path to controller.
[controller_server-10] [INFO] [1773386049.685903389] [controller_server]: Passing new path to controller.
[controller_server-10] [INFO] [1773386049.785900786] [controller_server]: Passing new path to controller.
[controller_server-10] [INFO] [1773386049.985901997] [controller_server]: Passing new path to controller.
[controller_server-10] [INFO] [1773386050.085903477] [controller_server]: Passing new path to controller.
[controller_server-10] [INFO] [1773386050.185903500] [controller_server]: Passing new path to controller.
[controller_server-10] [INFO] [1773386050.285896522] [controller_server]: Passing new path to controller.
[controller_server-10] [INFO] [1773386050.485903858] [controller_server]: Passing new path to controller.
[controller_server-10] [INFO] [1773386050.585903880] [controller_server]: Passing new path to controller.
[controller_server-10] [INFO] [1773386050.685913526] [controller_server]: Passing new path to controller.
[controller_server-10] [INFO] [1773386050.885895780] [controller_server]: Passing new path to controller.
[controller_server-10] [INFO] [1773386050.985903093] [controller_server]: Passing new path to controller.
[controller_server-10] [INFO] [1773386051.085894657] [controller_server]: Passing new path to controller.
[controller_server-10] [INFO] [1773386051.185904887] [controller_server]: Passing new path to controller.
[controller_server-10] [INFO] [1773386051.386066509] [controller_server]: Passing new path to controller.
[controller_server-10] [INFO] [1773386051.486238316] [controller_server]: Passing new path to controller.
[controller_server-10] [INFO] [1773386051.585978473] [controller_server]: Passing new path to controller.
[controller_server-10] [INFO] [1773386051.685896248] [controller_server]: Passing new path to controller.
[controller_server-10] [INFO] [1773386051.885897751] [controller_server]: Passing new path to controller.
[controller_server-10] [INFO] [1773386051.985909731] [controller_server]: Passing new path to controller.
[controller_server-10] [INFO] [1773386052.085900128] [controller_server]: Passing new path to controller.
[controller_server-10] [INFO] [1773386052.285906297] [controller_server]: Passing new path to controller.
[controller_server-10] [INFO] [1773386052.385896403] [controller_server]: Passing new path to controller.
[controller_server-10] [INFO] [1773386052.485906633] [controller_server]: Passing new path to controller.
[controller_server-10] [INFO] [1773386052.585906947] [controller_server]: Passing new path to controller.
[controller_server-10] [INFO] [1773386052.785952198] [controller_server]: Passing new path to controller.
[controller_server-10] [INFO] [1773386052.885939096] [controller_server]: Passing new path to controller.
[controller_server-10] [INFO] [1773386052.986009407] [controller_server]: Passing new path to controller.
[controller_server-10] [INFO] [1773386053.085934473] [controller_server]: Passing new path to controller.
[controller_server-10] [INFO] [1773386053.285927226] [controller_server]: Passing new path to controller.
[controller_server-10] [INFO] [1773386053.385922582] [controller_server]: Passing new path to controller.
[controller_server-10] [INFO] [1773386053.485902771] [controller_server]: Passing new path to controller.
[collision_monitor-17] [INFO] [1773386053.500764967] [collision_monitor]: Robot to stop due to PolygonStop polygon
[collision_monitor-17] [INFO] [1773386053.583008401] [collision_monitor]: Robot to continue normal operation
[controller_server-10] [INFO] [1773386053.685937231] [controller_server]: Passing new path to controller.
[collision_monitor-17] [INFO] [1773386053.831560677] [collision_monitor]: Robot to stop due to PolygonStop polygon
[collision_monitor-17] [INFO] [1773386053.865118593] [collision_monitor]: Robot to continue normal operation
[controller_server-10] [INFO] [1773386053.885940192] [controller_server]: Passing new path to controller.
[controller_server-10] [INFO] [1773386053.985939339] [controller_server]: Passing new path to controller.
[collision_monitor-17] [INFO] [1773386054.000778494] [collision_monitor]: Robot to stop due to PolygonStop polygon
[collision_monitor-17] [INFO] [1773386054.082076672] [collision_monitor]: Robot to continue normal operation
[controller_server-10] [INFO] [1773386054.185920134] [controller_server]: Passing new path to controller.
[controller_server-10] [INFO] [1773386054.285903240] [controller_server]: Passing new path to controller.
[controller_server-10] [INFO] [1773386054.485905617] [controller_server]: Passing new path to controller.
[controller_server-10] [INFO] [1773386054.685897787] [controller_server]: Passing new path to controller.
[controller_server-10] [INFO] [1773386054.785911517] [controller_server]: Passing new path to controller.
[controller_server-10] [INFO] [1773386054.985907770] [controller_server]: Passing new path to controller.
[controller_server-10] [INFO] [1773386055.085904000] [controller_server]: Passing new path to controller.
[controller_server-10] [INFO] [1773386055.185917147] [controller_server]: Passing new path to controller.
[controller_server-10] [INFO] [1773386055.285898795] [controller_server]: Passing new path to controller.
[controller_server-10] [INFO] [1773386055.485901755] [controller_server]: Passing new path to controller.
[controller_server-10] [INFO] [1773386055.585906152] [controller_server]: Passing new path to controller.
[controller_server-10] [INFO] [1773386055.685900925] [controller_server]: Passing new path to controller.
[controller_server-10] [INFO] [1773386055.885908260] [controller_server]: Passing new path to controller.
[controller_server-10] [INFO] [1773386055.985900991] [controller_server]: Passing new path to controller.
[controller_server-10] [INFO] [1773386056.085903346] [controller_server]: Passing new path to controller.
[controller_server-10] [INFO] [1773386056.185903660] [controller_server]: Passing new path to controller.
[controller_server-10] [INFO] [1773386056.385906913] [controller_server]: Passing new path to controller.
[controller_server-10] [INFO] [1773386056.485901393] [controller_server]: Passing new path to controller.
[controller_server-10] [INFO] [1773386056.585913665] [controller_server]: Passing new path to controller.
[controller_server-10] [INFO] [1773386056.685896479] [controller_server]: Passing new path to controller.
[controller_server-10] [INFO] [1773386056.885944355] [controller_server]: Passing new path to controller.
[controller_server-10] [INFO] [1773386056.985923086] [controller_server]: Passing new path to controller.
[controller_server-10] [INFO] [1773386057.085900359] [controller_server]: Passing new path to controller.
[controller_server-10] [INFO] [1773386057.285899237] [controller_server]: Passing new path to controller.
[controller_server-10] [INFO] [1773386057.385903051] [controller_server]: Passing new path to controller.
[controller_server-10] [INFO] [1773386057.485902198] [controller_server]: Passing new path to controller.
[controller_server-10] [INFO] [1773386057.585900762] [controller_server]: Passing new path to controller.
[controller_server-10] [INFO] [1773386057.785906347] [controller_server]: Passing new path to controller.
[controller_server-10] [INFO] [1773386057.885904911] [controller_server]: Passing new path to controller.
[controller_server-10] [INFO] [1773386057.985909600] [controller_server]: Passing new path to controller.
[controller_server-10] [INFO] [1773386058.185906144] [controller_server]: Passing new path to controller.
[controller_server-10] [INFO] [1773386058.285948165] [controller_server]: Passing new path to controller.
[controller_server-10] [INFO] [1773386058.385944395] [controller_server]: Passing new path to controller.
[controller_server-10] [INFO] [1773386058.485891919] [controller_server]: Passing new path to controller.
[controller_server-10] [INFO] [1773386058.685905380] [controller_server]: Passing new path to controller.
[controller_server-10] [INFO] [1773386058.786027606] [controller_server]: Passing new path to controller.
[controller_server-10] [INFO] [1773386058.985953861] [controller_server]: Passing new path to controller.
[controller_server-10] [INFO] [1773386059.085915676] [controller_server]: Passing new path to controller.
[controller_server-10] [INFO] [1773386059.185912199] [controller_server]: Passing new path to controller.
[controller_server-10] [INFO] [1773386059.285900554] [controller_server]: Passing new path to controller.
[controller_server-10] [INFO] [1773386059.485900015] [controller_server]: Passing new path to controller.
[controller_server-10] [INFO] [1773386059.585921037] [controller_server]: Passing new path to controller.
[controller_server-10] [INFO] [1773386059.685905018] [controller_server]: Passing new path to controller.
[controller_server-10] [INFO] [1773386059.785907373] [controller_server]: Passing new path to controller.
[controller_server-10] [INFO] [1773386059.985913834] [controller_server]: Passing new path to controller.
[controller_server-10] [INFO] [1773386060.085944771] [controller_server]: Passing new path to controller.
[controller_server-10] [INFO] [1773386060.185916211] [controller_server]: Passing new path to controller.
[controller_server-10] [INFO] [1773386060.285896692] [controller_server]: Passing new path to controller.
[controller_server-10] [INFO] [1773386060.485897903] [controller_server]: Passing new path to controller.
[controller_server-10] [INFO] [1773386060.585906967] [controller_server]: Passing new path to controller.
[controller_server-10] [INFO] [1773386060.685909031] [controller_server]: Passing new path to controller.
[controller_server-10] [INFO] [1773386060.785896511] [controller_server]: Passing new path to controller.
[controller_server-10] [INFO] [1773386060.985908514] [controller_server]: Passing new path to controller.
[controller_server-10] [INFO] [1773386061.085892786] [controller_server]: Passing new path to controller.
[controller_server-10] [INFO] [1773386061.185901266] [controller_server]: Passing new path to controller.
[controller_server-10] [INFO] [1773386061.386537412] [controller_server]: Passing new path to controller.
[controller_server-10] [INFO] [1773386061.485901624] [controller_server]: Passing new path to controller.
[controller_server-10] [INFO] [1773386061.585948020] [controller_server]: Passing new path to controller.
[controller_server-10] [INFO] [1773386061.685894377] [controller_server]: Passing new path to controller.
[controller_server-10] [INFO] [1773386061.885934670] [controller_server]: Passing new path to controller.
[controller_server-10] [INFO] [1773386061.985937317] [controller_server]: Passing new path to controller.
[controller_server-10] [INFO] [1773386062.086052252] [controller_server]: Passing new path to controller.
[controller_server-10] [INFO] [1773386062.285896843] [controller_server]: Passing new path to controller.
[controller_server-10] [INFO] [1773386062.385911740] [controller_server]: Passing new path to controller.
[controller_server-10] [INFO] [1773386062.485900679] [controller_server]: Passing new path to controller.
[controller_server-10] [INFO] [1773386062.585898951] [controller_server]: Passing new path to controller.
[controller_server-10] [INFO] [1773386062.785903662] [controller_server]: Passing new path to controller.
[controller_server-10] [INFO] [1773386062.885904559] [controller_server]: Passing new path to controller.
[controller_server-10] [INFO] [1773386062.887848445] [controller_server]: Reached the goal!
[controller_server-10] [INFO] [1773386062.888378675] [controller_server]: Optimizer reset
[bt_navigator-14] [INFO] [1773386062.923477992] [bt_navigator]: Goal succeeded
[delivery_robot_main_controller-20] [0m[INFO] [1773386064.236996525] [main_controller_node]: Goal succeeded![0m
[delivery_robot_main_controller-20] [0m[INFO] [1773386064.237692124] [main_controller_node]: State change: MOVE -> AFTER_MOVE[0m
[delivery_robot_main_controller-20] [0m[INFO] [1773386064.248367310] [main_controller_node]: Evaluating post-move action...[0m
[delivery_robot_main_controller-20] [0m[INFO] [1773386064.249174905] [main_controller_node]: Post-move action is: Request[0m
[delivery_robot_main_controller-20] [0m[INFO] [1773386064.249870212] [main_controller_node]: Published message: "arrive_target"[0m
[delivery_robot_main_controller-20] [0m[INFO] [1773386064.277095114] [main_controller_node]: Successfully removed queue ID: 1936[0m
[delivery_robot_main_controller-20] [0m[INFO] [1773386064.277725090] [main_controller_node]: Waiting 15s for LOAD_IN command...[0m
[delivery_robot_main_controller-20] [0m[INFO] [1773386064.278318610] [main_controller_node]: State change: AFTER_MOVE -> STANDBY[0m
[delivery_robot_main_controller-20] [0m[INFO] [1773386064.286705464] [main_controller_node]: Robot is in STANDBY mode.[0m
[delivery_robot_main_controller-20] [0m[INFO] [1773386064.304760416] [main_controller_node]: Current state: STANDBY, dock_state IDLE, charge_state NOT_CHARGE[0m
[delivery_robot_main_controller-20] [0m[INFO] [1773386064.389413802] [main_controller_node]: Enter to wait_for_load_in_loop and wait for timeout...in 14.890353918075562 seconds[0m
[robot_sound-21] [0m[INFO] [1773386064.600817004] [robot_sound_node]: 🔔 Received sound command: arrive_target[0m
[robot_sound-21] Simple mixer control 'PCM',0
[robot_sound-21]   Capabilities: pvolume pswitch pswitch-joined
[robot_sound-21]   Playback channels: Front Left - Front Right
[robot_sound-21]   Limits: Playback 0 - 147
[robot_sound-21]   Mono:
[robot_sound-21]   Front Left: Playback 147 [100%] [-0.94dB] [on]
[robot_sound-21]   Front Right: Playback 147 [100%] [-0.94dB] [on]
[robot_sound-21] [0m[INFO] [1773386064.617007109] [robot_sound_node]: 🔊 Playing sound: /home/smr/workspaces/mini_amr/amrROS2_ws/sounds/robot_target.wav[0m
[robot_sound-21] Playing WAVE '/home/smr/workspaces/mini_amr/amrROS2_ws/sounds/robot_target.wav' : Signed 16 bit Little Endian, Rate 44100 Hz, Mono
[delivery_robot_main_controller-20] [0m[INFO] [1773386065.339084441] [main_controller_node]: Current state: STANDBY, dock_state IDLE, charge_state NOT_CHARGE[0m
[delivery_robot_main_controller-20] [0m[INFO] [1773386065.433624083] [main_controller_node]: Enter to wait_for_load_in_loop and wait for timeout...in 13.846162557601929 seconds[0m
[call_robot_button-22] 2026-03-13 14:14:25 mosquitto_pub -u smr -P smrbot25 -m "Packing,false" -t "Rsp" -r
[call_robot_button-22] [0m[INFO] [1773386065.588422729] [call_robot_button_node]: call_switch notified: station=Packing status=false.[0m
[delivery_robot_main_controller-20] [0m[INFO] [1773386066.313222084] [main_controller_node]: Current state: STANDBY, dock_state IDLE, charge_state NOT_CHARGE[0m
[delivery_robot_main_controller-20] [0m[INFO] [1773386067.278506808] [main_controller_node]: Current state: STANDBY, dock_state IDLE, charge_state NOT_CHARGE[0m
[delivery_robot_main_controller-20] [0m[INFO] [1773386067.345401856] [main_controller_node]: Enter to wait_for_load_in_loop and wait for timeout...in 11.93295431137085 seconds[0m
[delivery_robot_main_controller-20] [0m[INFO] [1773386068.279937893] [main_controller_node]: Current state: STANDBY, dock_state IDLE, charge_state NOT_CHARGE[0m
[delivery_robot_main_controller-20] [0m[INFO] [1773386069.287591454] [main_controller_node]: Current state: STANDBY, dock_state IDLE, charge_state NOT_CHARGE[0m
[delivery_robot_main_controller-20] [0m[INFO] [1773386069.348117322] [main_controller_node]: Enter to wait_for_load_in_loop and wait for timeout...in 9.93022632598877 seconds[0m
[delivery_robot_main_controller-20] [0m[INFO] [1773386070.294685035] [main_controller_node]: Current state: STANDBY, dock_state IDLE, charge_state NOT_CHARGE[0m
[delivery_robot_main_controller-20] [0m[INFO] [1773386071.291351631] [main_controller_node]: Current state: STANDBY, dock_state IDLE, charge_state NOT_CHARGE[0m
[delivery_robot_main_controller-20] [0m[INFO] [1773386071.351797003] [main_controller_node]: Enter to wait_for_load_in_loop and wait for timeout...in 7.927234649658203 seconds[0m
[delivery_robot_main_controller-20] [0m[INFO] [1773386072.350648683] [main_controller_node]: Current state: STANDBY, dock_state IDLE, charge_state NOT_CHARGE[0m
[delivery_robot_main_controller-20] [0m[INFO] [1773386073.284130676] [main_controller_node]: Current state: STANDBY, dock_state IDLE, charge_state NOT_CHARGE[0m
[delivery_robot_main_controller-20] [0m[INFO] [1773386073.360515037] [main_controller_node]: Enter to wait_for_load_in_loop and wait for timeout...in 5.919209718704224 seconds[0m
[delivery_robot_main_controller-20] [0m[INFO] [1773386074.287631058] [main_controller_node]: Current state: STANDBY, dock_state IDLE, charge_state NOT_CHARGE[0m
[delivery_robot_main_controller-20] [0m[INFO] [1773386075.334178378] [main_controller_node]: Current state: STANDBY, dock_state IDLE, charge_state NOT_CHARGE[0m
[delivery_robot_main_controller-20] [0m[INFO] [1773386075.412586538] [main_controller_node]: Enter to wait_for_load_in_loop and wait for timeout...in 3.865756034851074 seconds[0m
[delivery_robot_main_controller-20] [0m[INFO] [1773386076.280253776] [main_controller_node]: Current state: STANDBY, dock_state IDLE, charge_state NOT_CHARGE[0m
[delivery_robot_main_controller-20] [0m[INFO] [1773386077.282877149] [main_controller_node]: Current state: STANDBY, dock_state IDLE, charge_state NOT_CHARGE[0m
[delivery_robot_main_controller-20] [0m[INFO] [1773386077.354735012] [main_controller_node]: Enter to wait_for_load_in_loop and wait for timeout...in 1.9256923198699951 seconds[0m
[call_robot_button-22] 2026-03-13 14:14:37 mosquitto_pub -u smr -P smrbot25 -m "Home,true" -t "Rsp" -r
[call_robot_button-22] [0m[INFO] [1773386077.640497901] [call_robot_button_node]: call_switch notified: station=Home status=true.[0m
[delivery_robot_main_controller-20] [0m[INFO] [1773386078.279310128] [main_controller_node]: Current state: STANDBY, dock_state IDLE, charge_state NOT_CHARGE[0m
[delivery_robot_main_controller-20] [0m[INFO] [1773386079.282615101] [main_controller_node]: Current state: STANDBY, dock_state IDLE, charge_state NOT_CHARGE[0m
[delivery_robot_main_controller-20] [0m[INFO] [1773386079.344062894] [main_controller_node]: 1 pending queues [0m
[delivery_robot_main_controller-20] [0m[INFO] [1773386079.349637311] [main_controller_node]: Queue action: Request[0m
[delivery_robot_main_controller-20] [0m[INFO] [1773386079.419844402] [main_controller_node]: AGV start_pos: x=-0.28, y=-7.98[0m
[delivery_robot_main_controller-20] [0m[INFO] [1773386079.422469888] [main_controller_node]: AGV goal_pos: x=0.39, y=0.04[0m
[delivery_robot_main_controller-20] Graph before shortest_path: Graph with 11 nodes and 10 edges
[delivery_robot_main_controller-20] [0m[INFO] [1773386079.445635816] [main_controller_node]: Computed AGV path waypoints:[0m
[delivery_robot_main_controller-20] [0m[INFO] [1773386079.448928026] [main_controller_node]:   Waypoint 0: x=-0.28, y=-7.98[0m
[delivery_robot_main_controller-20] [0m[INFO] [1773386079.449645208] [main_controller_node]:   Waypoint 1: x=-0.34, y=-6.81[0m
[delivery_robot_main_controller-20] [0m[INFO] [1773386079.450401763] [main_controller_node]:   Waypoint 2: x=2.11, y=-6.76[0m
[delivery_robot_main_controller-20] [0m[INFO] [1773386079.452598515] [main_controller_node]:   Waypoint 3: x=1.99, y=-1.51[0m
[delivery_robot_main_controller-20] [0m[INFO] [1773386079.453223825] [main_controller_node]:   Waypoint 4: x=0.39, y=0.04[0m
[delivery_robot_main_controller-20] [0m[INFO] [1773386079.454626981] [main_controller_node]: Navigating with 5 goals....[0m
[bt_navigator-14] [INFO] [1773386079.456136299] [bt_navigator]: Begin navigating from current location through 5 poses to (0.39, 0.04)
[controller_server-10] [INFO] [1773386079.456610532] [local_costmap.local_costmap]: Received request to clear entirely the local_costmap
[controller_server-10] [INFO] [1773386079.461785089] [local_costmap.local_costmap]: KeepoutFilter: Subscribing to "/keepout_costmap_filter_info" topic for filter info...
[planner_server-12] [INFO] [1773386079.466139801] [global_costmap.global_costmap]: Received request to clear entirely the global_costmap
[controller_server-10] [INFO] [1773386079.469520967] [local_costmap.local_costmap]: KeepoutFilter: Received filter info from /keepout_costmap_filter_info topic.
[controller_server-10] [INFO] [1773386079.469758375] [local_costmap.local_costmap]: KeepoutFilter: Subscribing to "/keepout_filter_mask" topic for filter mask...
[planner_server-12] [INFO] [1773386079.473178039] [global_costmap.global_costmap]: KeepoutFilter: Subscribing to "/keepout_costmap_filter_info" topic for filter info...
[planner_server-12] [INFO] [1773386079.484673652] [global_costmap.global_costmap]: KeepoutFilter: Received filter info from /keepout_costmap_filter_info topic.
[planner_server-12] [INFO] [1773386079.484865270] [global_costmap.global_costmap]: KeepoutFilter: Subscribing to "/keepout_filter_mask" topic for filter mask...
[controller_server-10] [WARN] [1773386079.487055313] [local_costmap.local_costmap]: KeepoutFilter: New filter mask arrived from /keepout_filter_mask topic. Updating old filter mask.
[planner_server-12] [WARN] [1773386079.504826193] [global_costmap.global_costmap]: KeepoutFilter: New filter mask arrived from /keepout_filter_mask topic. Updating old filter mask.
[call_robot_button-22] 2026-03-13 14:14:39 mosquitto_pub -u smr -P smrbot25 -m "Home,blink" -t "Rsp" -r
[call_robot_button-22] [0m[INFO] [1773386079.640662254] [call_robot_button_node]: call_switch notified: station=Home status=blink.[0m
[controller_server-10] [INFO] [1773386079.669205148] [controller_server]: Received a goal, begin computing control effort.
[controller_server-10] [INFO] [1773386079.869582887] [controller_server]: Passing new path to controller.
[controller_server-10] [INFO] [1773386080.069612388] [controller_server]: Passing new path to controller.
[controller_server-10] [INFO] [1773386080.169675408] [controller_server]: Passing new path to controller.
[controller_server-10] [INFO] [1773386080.369641620] [controller_server]: Passing new path to controller.
[controller_server-10] [INFO] [1773386080.469592061] [controller_server]: Passing new path to controller.
[controller_server-10] [INFO] [1773386080.669626520] [controller_server]: Passing new path to controller.
[controller_server-10] [INFO] [1773386080.869597691] [controller_server]: Passing new path to controller.
[controller_server-10] [INFO] [1773386080.969585755] [controller_server]: Passing new path to controller.
[controller_server-10] [INFO] [1773386081.169659296] [controller_server]: Passing new path to controller.
[controller_server-10] [INFO] [1773386081.269865227] [controller_server]: Passing new path to controller.
[controller_server-10] [INFO] [1773386081.369583802] [controller_server]: Passing new path to controller.
[controller_server-10] [INFO] [1773386081.569585304] [controller_server]: Passing new path to controller.
[controller_server-10] [INFO] [1773386081.669593493] [controller_server]: Passing new path to controller.
[controller_server-10] [INFO] [1773386081.869583912] [controller_server]: Passing new path to controller.
[delivery_robot_main_controller-20] [0m[INFO] [1773386081.947093481] [main_controller_node]: State change: STANDBY -> MOVE[0m
[controller_server-10] [INFO] [1773386081.969622141] [controller_server]: Passing new path to controller.
[delivery_robot_main_controller-20] [0m[INFO] [1773386081.978317275] [main_controller_node]: Robot is MOVING.[0m
[controller_server-10] [INFO] [1773386082.069594748] [controller_server]: Passing new path to controller.
[controller_server-10] [INFO] [1773386082.269590126] [controller_server]: Passing new path to controller.
[controller_server-10] [INFO] [1773386082.369823181] [controller_server]: Passing new path to controller.
[controller_server-10] [INFO] [1773386082.469620502] [controller_server]: Passing new path to controller.
[controller_server-10] [INFO] [1773386082.669708043] [controller_server]: Passing new path to controller.
[controller_server-10] [INFO] [1773386082.769664608] [controller_server]: Passing new path to controller.
[controller_server-10] [INFO] [1773386082.870074990] [controller_server]: Passing new path to controller.
[controller_server-10] [INFO] [1773386083.069621218] [controller_server]: Passing new path to controller.
[controller_server-10] [INFO] [1773386083.169709903] [controller_server]: Passing new path to controller.
[controller_server-10] [INFO] [1773386083.269859837] [controller_server]: Passing new path to controller.
[controller_server-10] [INFO] [1773386083.469795717] [controller_server]: Passing new path to controller.
[controller_server-10] [INFO] [1773386083.669607351] [controller_server]: Passing new path to controller.
[controller_server-10] [INFO] [1773386083.869582605] [controller_server]: Passing new path to controller.
[controller_server-10] [INFO] [1773386083.969584668] [controller_server]: Passing new path to controller.
[controller_server-10] [INFO] [1773386084.269543611] [controller_server]: Passing new path to controller.
[controller_server-10] [INFO] [1773386084.369642796] [controller_server]: Passing new path to controller.
[controller_server-10] [INFO] [1773386084.469619778] [controller_server]: Passing new path to controller.
[controller_server-10] [INFO] [1773386084.669586282] [controller_server]: Passing new path to controller.
[controller_server-10] [INFO] [1773386084.869568535] [controller_server]: Passing new path to controller.
[controller_server-10] [INFO] [1773386084.969582265] [controller_server]: Passing new path to controller.
[controller_server-10] [INFO] [1773386085.169586684] [controller_server]: Passing new path to controller.
[controller_server-10] [INFO] [1773386085.269618205] [controller_server]: Passing new path to controller.
[controller_server-10] [INFO] [1773386085.369904341] [controller_server]: Passing new path to controller.
[controller_server-10] [INFO] [1773386085.569622646] [controller_server]: Passing new path to controller.
[controller_server-10] [INFO] [1773386085.669615377] [controller_server]: Passing new path to controller.
[controller_server-10] [INFO] [1773386085.769583317] [controller_server]: Passing new path to controller.
[controller_server-10] [INFO] [1773386085.969576653] [controller_server]: Passing new path to controller.
[controller_server-10] [INFO] [1773386086.069596799] [controller_server]: Passing new path to controller.
[controller_server-10] [INFO] [1773386086.169603821] [controller_server]: Passing new path to controller.
[controller_server-10] [INFO] [1773386086.369894646] [controller_server]: Passing new path to controller.
[controller_server-10] [INFO] [1773386086.469583180] [controller_server]: Passing new path to controller.
[controller_server-10] [INFO] [1773386086.569591952] [controller_server]: Passing new path to controller.
[controller_server-10] [INFO] [1773386086.769585871] [controller_server]: Passing new path to controller.
[controller_server-10] [INFO] [1773386086.869736971] [controller_server]: Passing new path to controller.
[controller_server-10] [INFO] [1773386087.069590896] [controller_server]: Passing new path to controller.
[controller_server-10] [INFO] [1773386087.169583335] [controller_server]: Passing new path to controller.
[controller_server-10] [INFO] [1773386087.269677270] [controller_server]: Passing new path to controller.
[controller_server-10] [INFO] [1773386087.469585151] [controller_server]: Passing new path to controller.
[controller_server-10] [INFO] [1773386087.569592756] [controller_server]: Passing new path to controller.
[controller_server-10] [INFO] [1773386087.669584029] [controller_server]: Passing new path to controller.
[controller_server-10] [INFO] [1773386087.869583490] [controller_server]: Passing new path to controller.
[controller_server-10] [INFO] [1773386087.969597803] [controller_server]: Passing new path to controller.
[controller_server-10] [INFO] [1773386088.069583825] [controller_server]: Passing new path to controller.
[controller_server-10] [INFO] [1773386088.269636076] [controller_server]: Passing new path to controller.
[controller_server-10] [INFO] [1773386088.369811092] [controller_server]: Passing new path to controller.
[controller_server-10] [INFO] [1773386088.469772324] [controller_server]: Passing new path to controller.
[controller_server-10] [INFO] [1773386088.675885765] [controller_server]: Passing new path to controller.
[controller_server-10] [INFO] [1773386088.869579044] [controller_server]: Passing new path to controller.
[controller_server-10] [INFO] [1773386088.969584608] [controller_server]: Passing new path to controller.
[controller_server-10] [INFO] [1773386089.169624901] [controller_server]: Passing new path to controller.
[controller_server-10] [INFO] [1773386089.369621737] [controller_server]: Passing new path to controller.
[controller_server-10] [INFO] [1773386089.469767295] [controller_server]: Passing new path to controller.
[controller_server-10] [INFO] [1773386089.569640447] [controller_server]: Passing new path to controller.
[controller_server-10] [INFO] [1773386089.669696175] [controller_server]: Passing new path to controller.
[controller_server-10] [INFO] [1773386089.869794799] [controller_server]: Passing new path to controller.
[controller_server-10] [INFO] [1773386089.969584537] [controller_server]: Passing new path to controller.
[controller_server-10] [INFO] [1773386090.069627433] [controller_server]: Passing new path to controller.
[controller_server-10] [INFO] [1773386090.169586040] [controller_server]: Passing new path to controller.
[controller_server-10] [INFO] [1773386090.369605917] [controller_server]: Passing new path to controller.
[controller_server-10] [INFO] [1773386090.469594273] [controller_server]: Passing new path to controller.
[controller_server-10] [INFO] [1773386090.669641274] [controller_server]: Passing new path to controller.
[controller_server-10] [INFO] [1773386090.769769041] [controller_server]: Passing new path to controller.
[controller_server-10] [INFO] [1773386090.869987805] [controller_server]: Passing new path to controller.
[controller_server-10] [INFO] [1773386090.969596425] [controller_server]: Passing new path to controller.
[controller_server-10] [INFO] [1773386091.169591219] [controller_server]: Passing new path to controller.
[controller_server-10] [INFO] [1773386091.269586283] [controller_server]: Passing new path to controller.
[controller_server-10] [INFO] [1773386091.369614596] [controller_server]: Passing new path to controller.
[controller_server-10] [INFO] [1773386091.569615224] [controller_server]: Passing new path to controller.
[controller_server-10] [INFO] [1773386091.669602704] [controller_server]: Passing new path to controller.
[controller_server-10] [INFO] [1773386091.769628684] [controller_server]: Passing new path to controller.
[controller_server-10] [INFO] [1773386091.969614729] [controller_server]: Passing new path to controller.
[controller_server-10] [INFO] [1773386092.069626417] [controller_server]: Passing new path to controller.
[controller_server-10] [INFO] [1773386092.169587066] [controller_server]: Passing new path to controller.
[controller_server-10] [INFO] [1773386092.369578944] [controller_server]: Passing new path to controller.
[controller_server-10] [INFO] [1773386092.469610465] [controller_server]: Passing new path to controller.
[controller_server-10] [INFO] [1773386092.669585135] [controller_server]: Passing new path to controller.
[controller_server-10] [INFO] [1773386092.769609656] [controller_server]: Passing new path to controller.
[controller_server-10] [INFO] [1773386092.869617844] [controller_server]: Passing new path to controller.
[controller_server-10] [INFO] [1773386093.069608847] [controller_server]: Passing new path to controller.
[controller_server-10] [INFO] [1773386093.169622286] [controller_server]: Passing new path to controller.
[controller_server-10] [INFO] [1773386093.269671889] [controller_server]: Passing new path to controller.
[controller_server-10] [INFO] [1773386093.469741348] [controller_server]: Passing new path to controller.
[controller_server-10] [INFO] [1773386093.569584459] [controller_server]: Passing new path to controller.
[controller_server-10] [INFO] [1773386093.669592647] [controller_server]: Passing new path to controller.
[controller_server-10] [INFO] [1773386093.869626815] [controller_server]: Passing new path to controller.
[controller_server-10] [INFO] [1773386093.969582214] [controller_server]: Passing new path to controller.
[controller_server-10] [INFO] [1773386094.169581383] [controller_server]: Passing new path to controller.
[controller_server-10] [INFO] [1773386094.269596280] [controller_server]: Passing new path to controller.
[controller_server-10] [INFO] [1773386094.469618490] [controller_server]: Passing new path to controller.
[controller_server-10] [INFO] [1773386094.569585555] [controller_server]: Passing new path to controller.
[controller_server-10] [INFO] [1773386094.669601035] [controller_server]: Passing new path to controller.
[controller_server-10] [INFO] [1773386094.869604287] [controller_server]: Passing new path to controller.
[controller_server-10] [INFO] [1773386094.969582727] [controller_server]: Passing new path to controller.
[controller_server-10] [INFO] [1773386095.069584499] [controller_server]: Passing new path to controller.
[controller_server-10] [INFO] [1773386095.169589188] [controller_server]: Passing new path to controller.
[controller_server-10] [INFO] [1773386095.369777641] [controller_server]: Passing new path to controller.
[controller_server-10] [INFO] [1773386095.469617545] [controller_server]: Passing new path to controller.
[controller_server-10] [INFO] [1773386095.569586651] [controller_server]: Passing new path to controller.
[controller_server-10] [INFO] [1773386095.769589904] [controller_server]: Passing new path to controller.
[controller_server-10] [INFO] [1773386095.869643590] [controller_server]: Passing new path to controller.
[controller_server-10] [INFO] [1773386095.969694944] [controller_server]: Passing new path to controller.
[controller_server-10] [INFO] [1773386096.069597845] [controller_server]: Passing new path to controller.
[controller_server-10] [INFO] [1773386096.269591473] [controller_server]: Passing new path to controller.
[controller_server-10] [INFO] [1773386096.369584203] [controller_server]: Passing new path to controller.
[controller_server-10] [INFO] [1773386096.469580434] [controller_server]: Passing new path to controller.
[controller_server-10] [INFO] [1773386096.669576687] [controller_server]: Passing new path to controller.
[controller_server-10] [INFO] [1773386096.769635915] [controller_server]: Passing new path to controller.
[controller_server-10] [INFO] [1773386096.869660728] [controller_server]: Passing new path to controller.
[controller_server-10] [INFO] [1773386097.073341760] [controller_server]: Passing new path to controller.
[controller_server-10] [INFO] [1773386097.169624337] [controller_server]: Passing new path to controller.
[controller_server-10] [INFO] [1773386097.269645650] [controller_server]: Passing new path to controller.
[controller_server-10] [INFO] [1773386097.369635173] [controller_server]: Passing new path to controller.
[controller_server-10] [INFO] [1773386097.569555303] [controller_server]: Passing new path to controller.
[controller_server-10] [INFO] [1773386097.669584199] [controller_server]: Passing new path to controller.
[controller_server-10] [INFO] [1773386097.769596179] [controller_server]: Passing new path to controller.
[controller_server-10] [INFO] [1773386097.869609617] [controller_server]: Passing new path to controller.
[controller_server-10] [INFO] [1773386098.069711450] [controller_server]: Passing new path to controller.
[controller_server-10] [INFO] [1773386098.169668015] [controller_server]: Passing new path to controller.
[controller_server-10] [INFO] [1773386098.269665412] [controller_server]: Passing new path to controller.
[controller_server-10] [INFO] [1773386098.469610333] [controller_server]: Passing new path to controller.
[controller_server-10] [INFO] [1773386098.569612689] [controller_server]: Passing new path to controller.
[controller_server-10] [INFO] [1773386098.670833874] [controller_server]: Passing new path to controller.
[controller_server-10] [INFO] [1773386098.869700544] [controller_server]: Passing new path to controller.
[controller_server-10] [INFO] [1773386098.969786604] [controller_server]: Passing new path to controller.
[controller_server-10] [INFO] [1773386099.169579281] [controller_server]: Passing new path to controller.
[controller_server-10] [INFO] [1773386099.369623074] [controller_server]: Passing new path to controller.
[controller_server-10] [INFO] [1773386099.469619013] [controller_server]: Passing new path to controller.
[controller_server-10] [INFO] [1773386099.569582870] [controller_server]: Passing new path to controller.
[controller_server-10] [INFO] [1773386099.669643556] [controller_server]: Passing new path to controller.
[controller_server-10] [INFO] [1773386099.869620851] [controller_server]: Passing new path to controller.
[controller_server-10] [INFO] [1773386099.969583833] [controller_server]: Passing new path to controller.
[controller_server-10] [INFO] [1773386100.069614771] [controller_server]: Passing new path to controller.
[controller_server-10] [INFO] [1773386100.169605751] [controller_server]: Passing new path to controller.
[controller_server-10] [INFO] [1773386100.369597629] [controller_server]: Passing new path to controller.
[controller_server-10] [INFO] [1773386100.469588902] [controller_server]: Passing new path to controller.
[controller_server-10] [INFO] [1773386100.569610506] [controller_server]: Passing new path to controller.
[controller_server-10] [INFO] [1773386100.769674423] [controller_server]: Passing new path to controller.
[controller_server-10] [INFO] [1773386100.869580824] [controller_server]: Passing new path to controller.
[controller_server-10] [INFO] [1773386100.969579388] [controller_server]: Passing new path to controller.
[controller_server-10] [INFO] [1773386101.069602742] [controller_server]: Passing new path to controller.
[controller_server-10] [INFO] [1773386101.269601620] [controller_server]: Passing new path to controller.
[controller_server-10] [INFO] [1773386101.369604267] [controller_server]: Passing new path to controller.
[controller_server-10] [INFO] [1773386101.469598748] [controller_server]: Passing new path to controller.
[controller_server-10] [INFO] [1773386101.669590042] [controller_server]: Passing new path to controller.
[controller_server-10] [INFO] [1773386101.769624480] [controller_server]: Passing new path to controller.
[controller_server-10] [INFO] [1773386101.869582795] [controller_server]: Passing new path to controller.
[controller_server-10] [INFO] [1773386101.969613441] [controller_server]: Passing new path to controller.
[controller_server-10] [INFO] [1773386102.169585778] [controller_server]: Passing new path to controller.
[controller_server-10] [INFO] [1773386102.269600383] [controller_server]: Passing new path to controller.
[controller_server-10] [INFO] [1773386102.369638029] [controller_server]: Passing new path to controller.
[controller_server-10] [INFO] [1773386102.469603927] [controller_server]: Passing new path to controller.
[controller_server-10] [INFO] [1773386102.669598721] [controller_server]: Passing new path to controller.
[controller_server-10] [INFO] [1773386102.769616826] [controller_server]: Passing new path to controller.
[controller_server-10] [INFO] [1773386102.869644556] [controller_server]: Passing new path to controller.
[controller_server-10] [INFO] [1773386103.069583352] [controller_server]: Passing new path to controller.
[controller_server-10] [INFO] [1773386103.169616331] [controller_server]: Passing new path to controller.
[controller_server-10] [INFO] [1773386103.269586605] [controller_server]: Passing new path to controller.
[controller_server-10] [INFO] [1773386103.369576127] [controller_server]: Passing new path to controller.
[controller_server-10] [INFO] [1773386103.569579963] [controller_server]: Passing new path to controller.
[controller_server-10] [INFO] [1773386103.669624317] [controller_server]: Passing new path to controller.
[controller_server-10] [INFO] [1773386103.869597820] [controller_server]: Passing new path to controller.
[controller_server-10] [INFO] [1773386103.969664923] [controller_server]: Passing new path to controller.
[controller_server-10] [INFO] [1773386104.169646885] [controller_server]: Passing new path to controller.
[controller_server-10] [INFO] [1773386104.269623866] [controller_server]: Passing new path to controller.
[controller_server-10] [INFO] [1773386104.469606703] [controller_server]: Passing new path to controller.
[collision_monitor-17] [INFO] [1773386104.501270606] [collision_monitor]: Robot to approach for 1.500000 seconds away from collision
[collision_monitor-17] [INFO] [1773386104.552190207] [collision_monitor]: Robot to continue normal operation
[controller_server-10] [INFO] [1773386104.569581642] [controller_server]: Passing new path to controller.
[controller_server-10] [INFO] [1773386104.669587498] [controller_server]: Passing new path to controller.
[collision_monitor-17] [INFO] [1773386104.681343559] [collision_monitor]: Robot to approach for 1.500000 seconds away from collision
[collision_monitor-17] [INFO] [1773386104.782418041] [collision_monitor]: Robot to continue normal operation
[collision_monitor-17] [INFO] [1773386104.850947237] [collision_monitor]: Robot to approach for 1.500000 seconds away from collision
[controller_server-10] [INFO] [1773386104.869608541] [controller_server]: Passing new path to controller.
[controller_server-10] [INFO] [1773386104.969608563] [controller_server]: Passing new path to controller.
[collision_monitor-17] [INFO] [1773386104.985079153] [collision_monitor]: Robot to continue normal operation
[controller_server-10] [INFO] [1773386105.069606835] [controller_server]: Passing new path to controller.
[controller_server-10] [INFO] [1773386105.169613274] [controller_server]: Passing new path to controller.
[controller_server-10] [INFO] [1773386105.369596110] [controller_server]: Passing new path to controller.
[controller_server-10] [INFO] [1773386105.469602841] [controller_server]: Passing new path to controller.
[controller_server-10] [INFO] [1773386105.569611029] [controller_server]: Passing new path to controller.
[controller_server-10] [INFO] [1773386105.669626509] [controller_server]: Passing new path to controller.
[controller_server-10] [INFO] [1773386105.869709383] [controller_server]: Passing new path to controller.
[controller_server-10] [INFO] [1773386105.969786111] [controller_server]: Passing new path to controller.
[controller_server-10] [INFO] [1773386106.069722552] [controller_server]: Passing new path to controller.
[controller_server-10] [INFO] [1773386106.269601559] [controller_server]: Passing new path to controller.
[controller_server-10] [INFO] [1773386106.369632789] [controller_server]: Passing new path to controller.
[controller_server-10] [INFO] [1773386106.469630477] [controller_server]: Passing new path to controller.
[controller_server-10] [INFO] [1773386106.569698455] [controller_server]: Passing new path to controller.
[controller_server-10] [INFO] [1773386106.769651543] [controller_server]: Passing new path to controller.
[controller_server-10] [INFO] [1773386106.869648357] [controller_server]: Passing new path to controller.
[controller_server-10] [INFO] [1773386106.871488705] [controller_server]: Reached the goal!
[controller_server-10] [INFO] [1773386106.872032935] [controller_server]: Optimizer reset
[bt_navigator-14] [INFO] [1773386106.908279334] [bt_navigator]: Goal succeeded
[delivery_robot_main_controller-20] [0m[INFO] [1773386108.178811011] [main_controller_node]: Goal succeeded![0m
[delivery_robot_main_controller-20] [0m[INFO] [1773386108.182397503] [main_controller_node]: State change: MOVE -> AFTER_MOVE[0m
[delivery_robot_main_controller-20] [0m[INFO] [1773386108.200073885] [main_controller_node]: Evaluating post-move action...[0m
[delivery_robot_main_controller-20] [0m[INFO] [1773386108.202210847] [main_controller_node]: Post-move action is: Request[0m
[delivery_robot_main_controller-20] [0m[INFO] [1773386108.211331799] [main_controller_node]: Published message: "arrive_target"[0m
[delivery_robot_main_controller-20] [0m[INFO] [1773386108.245246118] [main_controller_node]: Successfully removed queue ID: 1937[0m
[delivery_robot_main_controller-20] [0m[INFO] [1773386108.245869678] [main_controller_node]: Waiting 15s for LOAD_IN command...[0m
[delivery_robot_main_controller-20] [0m[INFO] [1773386108.248206716] [main_controller_node]: State change: AFTER_MOVE -> STANDBY[0m
[delivery_robot_main_controller-20] [0m[INFO] [1773386108.269819869] [main_controller_node]: Robot is in STANDBY mode.[0m
[delivery_robot_main_controller-20] [0m[INFO] [1773386108.291976668] [main_controller_node]: Current state: STANDBY, dock_state IDLE, charge_state NOT_CHARGE[0m
[delivery_robot_main_controller-20] [0m[INFO] [1773386108.365636380] [main_controller_node]: Enter to wait_for_load_in_loop and wait for timeout...in 14.88090443611145 seconds[0m
[robot_sound-21] [0m[INFO] [1773386108.436617234] [robot_sound_node]: 🔔 Received sound command: arrive_target[0m
[robot_sound-21] Simple mixer control 'PCM',0
[robot_sound-21]   Capabilities: pvolume pswitch pswitch-joined
[robot_sound-21]   Playback channels: Front Left - Front Right
[robot_sound-21]   Limits: Playback 0 - 147
[robot_sound-21]   Mono:
[robot_sound-21]   Front Left: Playback 147 [100%] [-0.94dB] [on]
[robot_sound-21]   Front Right: Playback 147 [100%] [-0.94dB] [on]
[robot_sound-21] [0m[INFO] [1773386108.465664401] [robot_sound_node]: 🔊 Playing sound: /home/smr/workspaces/mini_amr/amrROS2_ws/sounds/robot_target.wav[0m
[robot_sound-21] Playing WAVE '/home/smr/workspaces/mini_amr/amrROS2_ws/sounds/robot_target.wav' : Signed 16 bit Little Endian, Rate 44100 Hz, Mono
[delivery_robot_main_controller-20] [0m[INFO] [1773386109.302283421] [main_controller_node]: Current state: STANDBY, dock_state IDLE, charge_state NOT_CHARGE[0m
[delivery_robot_main_controller-20] [0m[INFO] [1773386109.383788383] [main_controller_node]: Enter to wait_for_load_in_loop and wait for timeout...in 13.862797260284424 seconds[0m
[call_robot_button-22] 2026-03-13 14:15:09 mosquitto_pub -u smr -P smrbot25 -m "Home,false" -t "Rsp" -r
[call_robot_button-22] [0m[INFO] [1773386109.592519143] [call_robot_button_node]: call_switch notified: station=Home status=false.[0m
[delivery_robot_main_controller-20] [0m[INFO] [1773386110.281335757] [main_controller_node]: Current state: STANDBY, dock_state IDLE, charge_state NOT_CHARGE[0m
[delivery_robot_main_controller-20] [0m[INFO] [1773386111.278395213] [main_controller_node]: Current state: STANDBY, dock_state IDLE, charge_state NOT_CHARGE[0m
[delivery_robot_main_controller-20] [0m[INFO] [1773386111.343509702] [main_controller_node]: Enter to wait_for_load_in_loop and wait for timeout...in 11.903041362762451 seconds[0m
[delivery_robot_main_controller-20] [0m[INFO] [1773386112.303905983] [main_controller_node]: Current state: STANDBY, dock_state IDLE, charge_state NOT_CHARGE[0m
[delivery_robot_main_controller-20] [0m[INFO] [1773386113.280091633] [main_controller_node]: Current state: STANDBY, dock_state IDLE, charge_state NOT_CHARGE[0m
[delivery_robot_main_controller-20] [0m[INFO] [1773386113.344536481] [main_controller_node]: Enter to wait_for_load_in_loop and wait for timeout...in 9.901987075805664 seconds[0m
[delivery_robot_main_controller-20] [0m[INFO] [1773386114.284698558] [main_controller_node]: Current state: STANDBY, dock_state IDLE, charge_state NOT_CHARGE[0m
[delivery_robot_main_controller-20] [0m[INFO] [1773386115.309181825] [main_controller_node]: Current state: STANDBY, dock_state IDLE, charge_state NOT_CHARGE[0m
[delivery_robot_main_controller-20] [0m[INFO] [1773386115.366489855] [main_controller_node]: Enter to wait_for_load_in_loop and wait for timeout...in 7.880093336105347 seconds[0m
[delivery_robot_main_controller-20] [0m[INFO] [1773386116.278283156] [main_controller_node]: Current state: STANDBY, dock_state IDLE, charge_state NOT_CHARGE[0m
[delivery_robot_main_controller-20] [0m[INFO] [1773386117.312570141] [main_controller_node]: Current state: STANDBY, dock_state IDLE, charge_state NOT_CHARGE[0m
[delivery_robot_main_controller-20] [0m[INFO] [1773386117.398692597] [main_controller_node]: Enter to wait_for_load_in_loop and wait for timeout...in 5.8478429317474365 seconds[0m
[delivery_robot_main_controller-20] [0m[INFO] [1773386118.330842889] [main_controller_node]: Current state: STANDBY, dock_state IDLE, charge_state NOT_CHARGE[0m
[delivery_robot_main_controller-20] [0m[INFO] [1773386119.319369080] [main_controller_node]: Current state: STANDBY, dock_state IDLE, charge_state NOT_CHARGE[0m
[delivery_robot_main_controller-20] [0m[INFO] [1773386119.416869612] [main_controller_node]: Enter to wait_for_load_in_loop and wait for timeout...in 3.8297054767608643 seconds[0m
[delivery_robot_main_controller-20] [0m[INFO] [1773386120.285492314] [main_controller_node]: Current state: STANDBY, dock_state IDLE, charge_state NOT_CHARGE[0m
[delivery_robot_main_controller-20] [0m[INFO] [1773386121.278866699] [main_controller_node]: Current state: STANDBY, dock_state IDLE, charge_state NOT_CHARGE[0m
[delivery_robot_main_controller-20] [0m[INFO] [1773386121.359136790] [main_controller_node]: Enter to wait_for_load_in_loop and wait for timeout...in 1.8876488208770752 seconds[0m
[delivery_robot_main_controller-20] [0m[INFO] [1773386122.282887979] [main_controller_node]: Current state: STANDBY, dock_state IDLE, charge_state NOT_CHARGE[0m
[delivery_robot_main_controller-20] [0m[INFO] [1773386123.335665357] [main_controller_node]: Current state: STANDBY, dock_state IDLE, charge_state NOT_CHARGE[0m
[delivery_robot_main_controller-20] [0m[INFO] [1773386123.414371007] [main_controller_node]: No pending queue found or unexpected format.[0m
[delivery_robot_main_controller-20] [0m[INFO] [1773386124.336559212] [main_controller_node]: Current state: STANDBY, dock_state IDLE, charge_state NOT_CHARGE[0m
[delivery_robot_main_controller-20] [0m[INFO] [1773386125.332371839] [main_controller_node]: Current state: STANDBY, dock_state IDLE, charge_state NOT_CHARGE[0m
[delivery_robot_main_controller-20] [0m[INFO] [1773386125.415178461] [main_controller_node]: No pending queue found or unexpected format.[0m
[delivery_robot_main_controller-20] [0m[INFO] [1773386126.281118513] [main_controller_node]: Current state: STANDBY, dock_state IDLE, charge_state NOT_CHARGE[0m
[delivery_robot_main_controller-20] [0m[INFO] [1773386127.279651997] [main_controller_node]: Current state: STANDBY, dock_state IDLE, charge_state NOT_CHARGE[0m
[delivery_robot_main_controller-20] [0m[INFO] [1773386127.361686605] [main_controller_node]: No pending queue found or unexpected format.[0m
[delivery_robot_main_controller-20] [0m[INFO] [1773386128.287915993] [main_controller_node]: Current state: STANDBY, dock_state IDLE, charge_state NOT_CHARGE[0m
[delivery_robot_main_controller-20] [0m[INFO] [1773386129.356272750] [main_controller_node]: Current state: STANDBY, dock_state IDLE, charge_state NOT_CHARGE[0m
[delivery_robot_main_controller-20] [0m[INFO] [1773386129.468030583] [main_controller_node]: No pending queue found or unexpected format.[0m
[delivery_robot_main_controller-20] [0m[INFO] [1773386130.306348499] [main_controller_node]: Current state: STANDBY, dock_state IDLE, charge_state NOT_CHARGE[0m
[delivery_robot_main_controller-20] [0m[INFO] [1773386131.276550247] [main_controller_node]: Current state: STANDBY, dock_state IDLE, charge_state NOT_CHARGE[0m
[delivery_robot_main_controller-20] [0m[INFO] [1773386131.352854695] [main_controller_node]: No pending queue found or unexpected format.[0m
[delivery_robot_main_controller-20] [0m[INFO] [1773386132.280491322] [main_controller_node]: Current state: STANDBY, dock_state IDLE, charge_state NOT_CHARGE[0m
[delivery_robot_main_controller-20] [0m[INFO] [1773386133.278236752] [main_controller_node]: Current state: STANDBY, dock_state IDLE, charge_state NOT_CHARGE[0m
[delivery_robot_main_controller-20] [0m[INFO] [1773386133.356994608] [main_controller_node]: No pending queue found or unexpected format.[0m
[delivery_robot_main_controller-20] [0m[INFO] [1773386134.280168610] [main_controller_node]: Current state: STANDBY, dock_state IDLE, charge_state NOT_CHARGE[0m
[delivery_robot_main_controller-20] [0m[INFO] [1773386135.309149500] [main_controller_node]: Current state: STANDBY, dock_state IDLE, charge_state NOT_CHARGE[0m
[delivery_robot_main_controller-20] [0m[INFO] [1773386135.404814934] [main_controller_node]: No pending queue found or unexpected format.[0m
[delivery_robot_main_controller-20] [0m[INFO] [1773386136.317811899] [main_controller_node]: Current state: STANDBY, dock_state IDLE, charge_state NOT_CHARGE[0m
[delivery_robot_main_controller-20] [0m[INFO] [1773386137.281379061] [main_controller_node]: Current state: STANDBY, dock_state IDLE, charge_state NOT_CHARGE[0m
[delivery_robot_main_controller-20] [0m[INFO] [1773386137.349668516] [main_controller_node]: No pending queue found or unexpected format.[0m
[delivery_robot_main_controller-20] [0m[INFO] [1773386138.375248992] [main_controller_node]: Current state: STANDBY, dock_state IDLE, charge_state NOT_CHARGE[0m
[delivery_robot_main_controller-20] [0m[INFO] [1773386139.287914635] [main_controller_node]: Current state: STANDBY, dock_state IDLE, charge_state NOT_CHARGE[0m
[delivery_robot_main_controller-20] [0m[INFO] [1773386139.366910774] [main_controller_node]: No pending queue found or unexpected format.[0m
[delivery_robot_main_controller-20] [0m[INFO] [1773386140.289894324] [main_controller_node]: Current state: STANDBY, dock_state IDLE, charge_state NOT_CHARGE[0m
[delivery_robot_main_controller-20] [0m[INFO] [1773386141.290696599] [main_controller_node]: Current state: STANDBY, dock_state IDLE, charge_state NOT_CHARGE[0m
[delivery_robot_main_controller-20] [0m[INFO] [1773386141.361161222] [main_controller_node]: No pending queue found or unexpected format.[0m
[delivery_robot_main_controller-20] [0m[INFO] [1773386142.277626849] [main_controller_node]: Current state: STANDBY, dock_state IDLE, charge_state NOT_CHARGE[0m
[delivery_robot_main_controller-20] [0m[INFO] [1773386143.281670003] [main_controller_node]: Current state: STANDBY, dock_state IDLE, charge_state NOT_CHARGE[0m
[delivery_robot_main_controller-20] [0m[INFO] [1773386143.369352234] [main_controller_node]: No pending queue found or unexpected format.[0m
[delivery_robot_main_controller-20] [0m[INFO] [1773386144.328991377] [main_controller_node]: Current state: STANDBY, dock_state IDLE, charge_state NOT_CHARGE[0m
[delivery_robot_main_controller-20] [0m[INFO] [1773386145.332783998] [main_controller_node]: Current state: STANDBY, dock_state IDLE, charge_state NOT_CHARGE[0m
[delivery_robot_main_controller-20] [0m[INFO] [1773386145.422884931] [main_controller_node]: No pending queue found or unexpected format.[0m
[delivery_robot_main_controller-20] [0m[INFO] [1773386146.300453883] [main_controller_node]: Current state: STANDBY, dock_state IDLE, charge_state NOT_CHARGE[0m
[delivery_robot_main_controller-20] [0m[INFO] [1773386147.282342863] [main_controller_node]: Current state: STANDBY, dock_state IDLE, charge_state NOT_CHARGE[0m
[delivery_robot_main_controller-20] [0m[INFO] [1773386147.368147997] [main_controller_node]: No pending queue found or unexpected format.[0m
[delivery_robot_main_controller-20] [0m[INFO] [1773386148.284558210] [main_controller_node]: Current state: STANDBY, dock_state IDLE, charge_state NOT_CHARGE[0m
[delivery_robot_main_controller-20] [0m[INFO] [1773386149.292826581] [main_controller_node]: Current state: STANDBY, dock_state IDLE, charge_state NOT_CHARGE[0m
[delivery_robot_main_controller-20] [0m[INFO] [1773386149.396855536] [main_controller_node]: No pending queue found or unexpected format.[0m
[delivery_robot_main_controller-20] [0m[INFO] [1773386150.310344816] [main_controller_node]: Current state: STANDBY, dock_state IDLE, charge_state NOT_CHARGE[0m
[delivery_robot_main_controller-20] [0m[INFO] [1773386151.328837181] [main_controller_node]: Current state: STANDBY, dock_state IDLE, charge_state NOT_CHARGE[0m
[delivery_robot_main_controller-20] [0m[INFO] [1773386151.387604365] [main_controller_node]: No pending queue found or unexpected format.[0m
[delivery_robot_main_controller-20] [0m[INFO] [1773386152.295140075] [main_controller_node]: Current state: STANDBY, dock_state IDLE, charge_state NOT_CHARGE[0m
[delivery_robot_main_controller-20] [0m[INFO] [1773386153.281848667] [main_controller_node]: Current state: STANDBY, dock_state IDLE, charge_state NOT_CHARGE[0m
[delivery_robot_main_controller-20] [0m[INFO] [1773386153.369495024] [main_controller_node]: No pending queue found or unexpected format.[0m
[delivery_robot_main_controller-20] [0m[INFO] [1773386154.278982786] [main_controller_node]: Current state: STANDBY, dock_state IDLE, charge_state NOT_CHARGE[0m
[delivery_robot_main_controller-20] [0m[INFO] [1773386155.308331164] [main_controller_node]: Current state: STANDBY, dock_state IDLE, charge_state NOT_CHARGE[0m
[delivery_robot_main_controller-20] [0m[INFO] [1773386155.383689188] [main_controller_node]: No pending queue found or unexpected format.[0m
[delivery_robot_main_controller-20] [0m[INFO] [1773386156.309661044] [main_controller_node]: Current state: STANDBY, dock_state IDLE, charge_state NOT_CHARGE[0m
[delivery_robot_main_controller-20] [0m[INFO] [1773386157.299359399] [main_controller_node]: Current state: STANDBY, dock_state IDLE, charge_state NOT_CHARGE[0m
[delivery_robot_main_controller-20] [0m[INFO] [1773386157.371149306] [main_controller_node]: No pending queue found or unexpected format.[0m
[delivery_robot_main_controller-20] [0m[INFO] [1773386158.282311464] [main_controller_node]: Current state: STANDBY, dock_state IDLE, charge_state NOT_CHARGE[0m
[delivery_robot_main_controller-20] [0m[INFO] [1773386159.278235504] [main_controller_node]: Current state: STANDBY, dock_state IDLE, charge_state NOT_CHARGE[0m
[delivery_robot_main_controller-20] [0m[INFO] [1773386159.354812066] [main_controller_node]: No pending queue found or unexpected format.[0m
[delivery_robot_main_controller-20] [0m[INFO] [1773386160.289069571] [main_controller_node]: Current state: STANDBY, dock_state IDLE, charge_state NOT_CHARGE[0m
[delivery_robot_main_controller-20] [0m[INFO] [1773386161.283522499] [main_controller_node]: Current state: STANDBY, dock_state IDLE, charge_state NOT_CHARGE[0m
[delivery_robot_main_controller-20] [0m[INFO] [1773386161.352777917] [main_controller_node]: No pending queue found or unexpected format.[0m
[delivery_robot_main_controller-20] [0m[INFO] [1773386162.283145609] [main_controller_node]: Current state: STANDBY, dock_state IDLE, charge_state NOT_CHARGE[0m
[delivery_robot_main_controller-20] [0m[INFO] [1773386163.280829792] [main_controller_node]: Current state: STANDBY, dock_state IDLE, charge_state NOT_CHARGE[0m
[delivery_robot_main_controller-20] [0m[INFO] [1773386163.361190296] [main_controller_node]: No pending queue found or unexpected format.[0m
[delivery_robot_main_controller-20] [0m[INFO] [1773386164.278159613] [main_controller_node]: Current state: STANDBY, dock_state IDLE, charge_state NOT_CHARGE[0m
[delivery_robot_main_controller-20] [0m[INFO] [1773386165.286509064] [main_controller_node]: Current state: STANDBY, dock_state IDLE, charge_state NOT_CHARGE[0m
[delivery_robot_main_controller-20] [0m[INFO] [1773386165.382837140] [main_controller_node]: No pending queue found or unexpected format.[0m
[delivery_robot_main_controller-20] [0m[INFO] [1773386166.291738966] [main_controller_node]: Current state: STANDBY, dock_state IDLE, charge_state NOT_CHARGE[0m
[delivery_robot_main_controller-20] [0m[INFO] [1773386167.303763863] [main_controller_node]: Current state: STANDBY, dock_state IDLE, charge_state NOT_CHARGE[0m
[delivery_robot_main_controller-20] [0m[INFO] [1773386167.396533447] [main_controller_node]: No pending queue found or unexpected format.[0m
[delivery_robot_main_controller-20] [0m[INFO] [1773386168.313776628] [main_controller_node]: Current state: STANDBY, dock_state IDLE, charge_state NOT_CHARGE[0m
[delivery_robot_main_controller-20] [0m[INFO] [1773386169.280500673] [main_controller_node]: Current state: STANDBY, dock_state IDLE, charge_state NOT_CHARGE[0m
[delivery_robot_main_controller-20] [0m[INFO] [1773386169.343919184] [main_controller_node]: No pending queue found or unexpected format.[0m
[delivery_robot_main_controller-20] [0m[INFO] [1773386170.283366704] [main_controller_node]: Current state: STANDBY, dock_state IDLE, charge_state NOT_CHARGE[0m
[delivery_robot_main_controller-20] [0m[INFO] [1773386171.287147076] [main_controller_node]: Current state: STANDBY, dock_state IDLE, charge_state NOT_CHARGE[0m
[delivery_robot_main_controller-20] [0m[INFO] [1773386171.389051319] [main_controller_node]: No pending queue found or unexpected format.[0m
[delivery_robot_main_controller-20] [0m[INFO] [1773386172.354683113] [main_controller_node]: Current state: STANDBY, dock_state IDLE, charge_state NOT_CHARGE[0m
[delivery_robot_main_controller-20] [0m[INFO] [1773386173.284553240] [main_controller_node]: Current state: STANDBY, dock_state IDLE, charge_state NOT_CHARGE[0m
[delivery_robot_main_controller-20] [0m[INFO] [1773386173.389761068] [main_controller_node]: No pending queue found or unexpected format.[0m
[delivery_robot_main_controller-20] [0m[INFO] [1773386174.284800786] [main_controller_node]: Current state: STANDBY, dock_state IDLE, charge_state NOT_CHARGE[0m
[delivery_robot_main_controller-20] [0m[INFO] [1773386175.283980287] [main_controller_node]: Current state: STANDBY, dock_state IDLE, charge_state NOT_CHARGE[0m
[delivery_robot_main_controller-20] [0m[INFO] [1773386175.368467429] [main_controller_node]: No pending queue found or unexpected format.[0m
[delivery_robot_main_controller-20] [0m[INFO] [1773386176.306605123] [main_controller_node]: Current state: STANDBY, dock_state IDLE, charge_state NOT_CHARGE[0m
[delivery_robot_main_controller-20] [0m[INFO] [1773386177.279738888] [main_controller_node]: Current state: STANDBY, dock_state IDLE, charge_state NOT_CHARGE[0m
[delivery_robot_main_controller-20] [0m[INFO] [1773386177.349497704] [main_controller_node]: No pending queue found or unexpected format.[0m
[delivery_robot_main_controller-20] [0m[INFO] [1773386178.284539764] [main_controller_node]: Current state: STANDBY, dock_state IDLE, charge_state NOT_CHARGE[0m
[delivery_robot_main_controller-20] [0m[INFO] [1773386179.276902978] [main_controller_node]: Current state: STANDBY, dock_state IDLE, charge_state NOT_CHARGE[0m
[delivery_robot_main_controller-20] [0m[INFO] [1773386179.329778715] [main_controller_node]: No pending queue found or unexpected format.[0m
[delivery_robot_main_controller-20] [0m[INFO] [1773386180.284228426] [main_controller_node]: Current state: STANDBY, dock_state IDLE, charge_state NOT_CHARGE[0m
[delivery_robot_main_controller-20] [0m[INFO] [1773386181.285619554] [main_controller_node]: Current state: STANDBY, dock_state IDLE, charge_state NOT_CHARGE[0m
[delivery_robot_main_controller-20] [0m[INFO] [1773386181.362577310] [main_controller_node]: No pending queue found or unexpected format.[0m
[delivery_robot_main_controller-20] [0m[INFO] [1773386182.312322613] [main_controller_node]: Current state: STANDBY, dock_state IDLE, charge_state NOT_CHARGE[0m
[delivery_robot_main_controller-20] [0m[INFO] [1773386183.280544310] [main_controller_node]: Current state: STANDBY, dock_state IDLE, charge_state NOT_CHARGE[0m
[delivery_robot_main_controller-20] [0m[INFO] [1773386183.364863750] [main_controller_node]: No pending queue found or unexpected format.[0m
[delivery_robot_main_controller-20] [0m[INFO] [1773386184.282876611] [main_controller_node]: Current state: STANDBY, dock_state IDLE, charge_state NOT_CHARGE[0m
[delivery_robot_main_controller-20] [0m[INFO] [1773386185.281693001] [main_controller_node]: Current state: STANDBY, dock_state IDLE, charge_state NOT_CHARGE[0m
[delivery_robot_main_controller-20] [0m[INFO] [1773386185.344956935] [main_controller_node]: No pending queue found or unexpected format.[0m
[delivery_robot_main_controller-20] [0m[INFO] [1773386186.281877549] [main_controller_node]: Current state: STANDBY, dock_state IDLE, charge_state NOT_CHARGE[0m
[delivery_robot_main_controller-20] [0m[INFO] [1773386187.299201250] [main_controller_node]: Current state: STANDBY, dock_state IDLE, charge_state NOT_CHARGE[0m
[delivery_robot_main_controller-20] [0m[INFO] [1773386187.386146758] [main_controller_node]: No pending queue found or unexpected format.[0m
[delivery_robot_main_controller-20] [0m[INFO] [1773386188.287389411] [main_controller_node]: Current state: STANDBY, dock_state IDLE, charge_state NOT_CHARGE[0m
[delivery_robot_main_controller-20] [0m[INFO] [1773386189.335523630] [main_controller_node]: Current state: STANDBY, dock_state IDLE, charge_state NOT_CHARGE[0m
[delivery_robot_main_controller-20] [0m[INFO] [1773386189.406803431] [main_controller_node]: No pending queue found or unexpected format.[0m
[delivery_robot_main_controller-20] [0m[INFO] [1773386190.278215237] [main_controller_node]: Current state: STANDBY, dock_state IDLE, charge_state NOT_CHARGE[0m
[delivery_robot_main_controller-20] [0m[INFO] [1773386191.276749596] [main_controller_node]: Current state: STANDBY, dock_state IDLE, charge_state NOT_CHARGE[0m
[delivery_robot_main_controller-20] [0m[INFO] [1773386191.338133808] [main_controller_node]: No pending queue found or unexpected format.[0m
[delivery_robot_main_controller-20] [0m[INFO] [1773386192.285396245] [main_controller_node]: Current state: STANDBY, dock_state IDLE, charge_state NOT_CHARGE[0m
[delivery_robot_main_controller-20] [0m[INFO] [1773386193.298201322] [main_controller_node]: Current state: STANDBY, dock_state IDLE, charge_state NOT_CHARGE[0m
[delivery_robot_main_controller-20] [0m[INFO] [1773386193.406812482] [main_controller_node]: No pending queue found or unexpected format.[0m
[delivery_robot_main_controller-20] [0m[INFO] [1773386194.336418369] [main_controller_node]: Current state: STANDBY, dock_state IDLE, charge_state NOT_CHARGE[0m
[delivery_robot_main_controller-20] [0m[INFO] [1773386195.280697167] [main_controller_node]: Current state: STANDBY, dock_state IDLE, charge_state NOT_CHARGE[0m
[delivery_robot_main_controller-20] [0m[INFO] [1773386195.332569609] [main_controller_node]: No pending queue found or unexpected format.[0m
[delivery_robot_main_controller-20] [0m[INFO] [1773386196.278570926] [main_controller_node]: Current state: STANDBY, dock_state IDLE, charge_state NOT_CHARGE[0m
[delivery_robot_main_controller-20] [0m[INFO] [1773386197.278537899] [main_controller_node]: Current state: STANDBY, dock_state IDLE, charge_state NOT_CHARGE[0m
[delivery_robot_main_controller-20] [0m[INFO] [1773386197.356420787] [main_controller_node]: No pending queue found or unexpected format.[0m
[delivery_robot_main_controller-20] [0m[INFO] [1773386198.284756221] [main_controller_node]: Current state: STANDBY, dock_state IDLE, charge_state NOT_CHARGE[0m
[delivery_robot_main_controller-20] [0m[INFO] [1773386199.314271134] [main_controller_node]: Current state: STANDBY, dock_state IDLE, charge_state NOT_CHARGE[0m
[delivery_robot_main_controller-20] [0m[INFO] [1773386199.392376847] [main_controller_node]: No pending queue found or unexpected format.[0m
[delivery_robot_main_controller-20] [0m[INFO] [1773386200.295822376] [main_controller_node]: Current state: STANDBY, dock_state IDLE, charge_state NOT_CHARGE[0m
[delivery_robot_main_controller-20] [0m[INFO] [1773386201.276529567] [main_controller_node]: Current state: STANDBY, dock_state IDLE, charge_state NOT_CHARGE[0m
[delivery_robot_main_controller-20] [0m[INFO] [1773386201.357758330] [main_controller_node]: No pending queue found or unexpected format.[0m
[delivery_robot_main_controller-20] [0m[INFO] [1773386202.352383919] [main_controller_node]: Current state: STANDBY, dock_state IDLE, charge_state NOT_CHARGE[0m
[delivery_robot_main_controller-20] [0m[INFO] [1773386203.284032563] [main_controller_node]: Current state: STANDBY, dock_state IDLE, charge_state NOT_CHARGE[0m
[delivery_robot_main_controller-20] [0m[INFO] [1773386203.353892584] [main_controller_node]: No pending queue found or unexpected format.[0m
[delivery_robot_main_controller-20] [0m[INFO] [1773386204.288399163] [main_controller_node]: Current state: STANDBY, dock_state IDLE, charge_state NOT_CHARGE[0m
[delivery_robot_main_controller-20] [0m[INFO] [1773386205.281499683] [main_controller_node]: Current state: STANDBY, dock_state IDLE, charge_state NOT_CHARGE[0m
[delivery_robot_main_controller-20] [0m[INFO] [1773386205.358378400] [main_controller_node]: No pending queue found or unexpected format.[0m
[delivery_robot_main_controller-20] [0m[INFO] [1773386206.280096165] [main_controller_node]: Current state: STANDBY, dock_state IDLE, charge_state NOT_CHARGE[0m
[delivery_robot_main_controller-20] [0m[INFO] [1773386207.284550553] [main_controller_node]: Current state: STANDBY, dock_state IDLE, charge_state NOT_CHARGE[0m
[delivery_robot_main_controller-20] [0m[INFO] [1773386207.367407923] [main_controller_node]: No pending queue found or unexpected format.[0m
[delivery_robot_main_controller-20] [0m[INFO] [1773386208.341224162] [main_controller_node]: Current state: STANDBY, dock_state IDLE, charge_state NOT_CHARGE[0m
[delivery_robot_main_controller-20] [0m[INFO] [1773386209.282736314] [main_controller_node]: Current state: STANDBY, dock_state IDLE, charge_state NOT_CHARGE[0m
[delivery_robot_main_controller-20] [0m[INFO] [1773386209.361806824] [main_controller_node]: No pending queue found or unexpected format.[0m
[delivery_robot_main_controller-20] [0m[INFO] [1773386210.294874666] [main_controller_node]: Current state: STANDBY, dock_state IDLE, charge_state NOT_CHARGE[0m
[delivery_robot_main_controller-20] [0m[INFO] [1773386211.296323541] [main_controller_node]: Current state: STANDBY, dock_state IDLE, charge_state NOT_CHARGE[0m
[delivery_robot_main_controller-20] [0m[INFO] [1773386211.365551835] [main_controller_node]: No pending queue found or unexpected format.[0m
[delivery_robot_main_controller-20] [0m[INFO] [1773386212.279040823] [main_controller_node]: Current state: STANDBY, dock_state IDLE, charge_state NOT_CHARGE[0m
[delivery_robot_main_controller-20] [0m[INFO] [1773386213.375405869] [main_controller_node]: Current state: STANDBY, dock_state IDLE, charge_state NOT_CHARGE[0m
[delivery_robot_main_controller-20] [0m[INFO] [1773386213.469020671] [main_controller_node]: No pending queue found or unexpected format.[0m
[delivery_robot_main_controller-20] [0m[INFO] [1773386214.316636281] [main_controller_node]: Current state: STANDBY, dock_state IDLE, charge_state NOT_CHARGE[0m
[delivery_robot_main_controller-20] [0m[INFO] [1773386215.370524868] [main_controller_node]: Current state: STANDBY, dock_state IDLE, charge_state NOT_CHARGE[0m
[delivery_robot_main_controller-20] [0m[INFO] [1773386215.454232123] [main_controller_node]: No pending queue found or unexpected format.[0m
[delivery_robot_main_controller-20] [0m[INFO] [1773386216.280380700] [main_controller_node]: Current state: STANDBY, dock_state IDLE, charge_state NOT_CHARGE[0m
[delivery_robot_main_controller-20] [0m[INFO] [1773386217.284106241] [main_controller_node]: Current state: STANDBY, dock_state IDLE, charge_state NOT_CHARGE[0m
[delivery_robot_main_controller-20] [0m[INFO] [1773386217.392426619] [main_controller_node]: No pending queue found or unexpected format.[0m
[delivery_robot_main_controller-20] [0m[INFO] [1773386218.279144813] [main_controller_node]: Current state: STANDBY, dock_state IDLE, charge_state NOT_CHARGE[0m
[delivery_robot_main_controller-20] [0m[INFO] [1773386219.303326800] [main_controller_node]: Current state: STANDBY, dock_state IDLE, charge_state NOT_CHARGE[0m
[delivery_robot_main_controller-20] [0m[INFO] [1773386219.375737642] [main_controller_node]: No pending queue found or unexpected format.[0m
[delivery_robot_main_controller-20] [0m[INFO] [1773386220.329467546] [main_controller_node]: Current state: STANDBY, dock_state IDLE, charge_state NOT_CHARGE[0m
[delivery_robot_main_controller-20] [0m[INFO] [1773386221.283913174] [main_controller_node]: Current state: STANDBY, dock_state IDLE, charge_state NOT_CHARGE[0m
[delivery_robot_main_controller-20] [0m[INFO] [1773386221.378405277] [main_controller_node]: No pending queue found or unexpected format.[0m
[delivery_robot_main_controller-20] [0m[INFO] [1773386222.278135403] [main_controller_node]: Current state: STANDBY, dock_state IDLE, charge_state NOT_CHARGE[0m
[delivery_robot_main_controller-20] [0m[INFO] [1773386223.278878179] [main_controller_node]: Current state: STANDBY, dock_state IDLE, charge_state NOT_CHARGE[0m
[delivery_robot_main_controller-20] [0m[INFO] [1773386223.380966749] [main_controller_node]: No pending queue found or unexpected format.[0m
[delivery_robot_main_controller-20] [0m[INFO] [1773386224.280851452] [main_controller_node]: Current state: STANDBY, dock_state IDLE, charge_state NOT_CHARGE[0m
[delivery_robot_main_controller-20] [0m[INFO] [1773386225.291756100] [main_controller_node]: Current state: STANDBY, dock_state IDLE, charge_state NOT_CHARGE[0m
[delivery_robot_main_controller-20] [0m[INFO] [1773386225.348466236] [main_controller_node]: No pending queue found or unexpected format.[0m
[delivery_robot_main_controller-20] [0m[INFO] [1773386226.280934141] [main_controller_node]: Current state: STANDBY, dock_state IDLE, charge_state NOT_CHARGE[0m
[delivery_robot_main_controller-20] [0m[INFO] [1773386227.284907589] [main_controller_node]: Current state: STANDBY, dock_state IDLE, charge_state NOT_CHARGE[0m
[delivery_robot_main_controller-20] [0m[INFO] [1773386227.349186777] [main_controller_node]: No pending queue found or unexpected format.[0m
[delivery_robot_main_controller-20] [0m[INFO] [1773386228.281112494] [main_controller_node]: Current state: STANDBY, dock_state IDLE, charge_state NOT_CHARGE[0m
[delivery_robot_main_controller-20] [0m[INFO] [1773386229.282188633] [main_controller_node]: Current state: STANDBY, dock_state IDLE, charge_state NOT_CHARGE[0m
[delivery_robot_main_controller-20] [0m[INFO] [1773386229.367920854] [main_controller_node]: No pending queue found or unexpected format.[0m
[delivery_robot_main_controller-20] [0m[INFO] [1773386230.298622200] [main_controller_node]: Current state: STANDBY, dock_state IDLE, charge_state NOT_CHARGE[0m
[delivery_robot_main_controller-20] [0m[INFO] [1773386231.301363403] [main_controller_node]: Current state: STANDBY, dock_state IDLE, charge_state NOT_CHARGE[0m
[delivery_robot_main_controller-20] [0m[INFO] [1773386231.371291962] [main_controller_node]: No pending queue found or unexpected format.[0m
[delivery_robot_main_controller-20] [0m[INFO] [1773386232.287980123] [main_controller_node]: Current state: STANDBY, dock_state IDLE, charge_state NOT_CHARGE[0m
[delivery_robot_main_controller-20] [0m[INFO] [1773386233.281711494] [main_controller_node]: Current state: STANDBY, dock_state IDLE, charge_state NOT_CHARGE[0m
[delivery_robot_main_controller-20] [0m[INFO] [1773386233.349826538] [main_controller_node]: No pending queue found or unexpected format.[0m
[delivery_robot_main_controller-20] [0m[INFO] [1773386234.313451741] [main_controller_node]: Current state: STANDBY, dock_state IDLE, charge_state NOT_CHARGE[0m
[delivery_robot_main_controller-20] [0m[INFO] [1773386235.343985699] [main_controller_node]: Current state: STANDBY, dock_state IDLE, charge_state NOT_CHARGE[0m
[delivery_robot_main_controller-20] [0m[INFO] [1773386235.437873782] [main_controller_node]: No pending queue found or unexpected format.[0m
[delivery_robot_main_controller-20] [0m[INFO] [1773386236.281941691] [main_controller_node]: Current state: STANDBY, dock_state IDLE, charge_state NOT_CHARGE[0m
[delivery_robot_main_controller-20] [0m[INFO] [1773386237.300851707] [main_controller_node]: Current state: STANDBY, dock_state IDLE, charge_state NOT_CHARGE[0m
[delivery_robot_main_controller-20] [0m[INFO] [1773386237.363969229] [main_controller_node]: No pending queue found or unexpected format.[0m
[delivery_robot_main_controller-20] [0m[INFO] [1773386238.279251900] [main_controller_node]: Current state: STANDBY, dock_state IDLE, charge_state NOT_CHARGE[0m
[delivery_robot_main_controller-20] [0m[INFO] [1773386239.282026060] [main_controller_node]: Current state: STANDBY, dock_state IDLE, charge_state NOT_CHARGE[0m
[delivery_robot_main_controller-20] [0m[INFO] [1773386239.349959402] [main_controller_node]: No pending queue found or unexpected format.[0m
[delivery_robot_main_controller-20] [0m[INFO] [1773386240.364496332] [main_controller_node]: Current state: STANDBY, dock_state IDLE, charge_state NOT_CHARGE[0m
[delivery_robot_main_controller-20] [0m[INFO] [1773386241.287747914] [main_controller_node]: Current state: STANDBY, dock_state IDLE, charge_state NOT_CHARGE[0m
[delivery_robot_main_controller-20] [0m[INFO] [1773386241.358816265] [main_controller_node]: No pending queue found or unexpected format.[0m
[delivery_robot_main_controller-20] [0m[INFO] [1773386242.285264103] [main_controller_node]: Current state: STANDBY, dock_state IDLE, charge_state NOT_CHARGE[0m
[delivery_robot_main_controller-20] [0m[INFO] [1773386243.300397760] [main_controller_node]: Current state: STANDBY, dock_state IDLE, charge_state NOT_CHARGE[0m
[delivery_robot_main_controller-20] [0m[INFO] [1773386243.394851072] [main_controller_node]: No pending queue found or unexpected format.[0m
[delivery_robot_main_controller-20] [0m[INFO] [1773386244.282079956] [main_controller_node]: Current state: STANDBY, dock_state IDLE, charge_state NOT_CHARGE[0m
[delivery_robot_main_controller-20] [0m[INFO] [1773386245.334039532] [main_controller_node]: Current state: STANDBY, dock_state IDLE, charge_state NOT_CHARGE[0m
[delivery_robot_main_controller-20] [0m[INFO] [1773386245.435441251] [main_controller_node]: No pending queue found or unexpected format.[0m
[delivery_robot_main_controller-20] [0m[INFO] [1773386246.281255595] [main_controller_node]: Current state: STANDBY, dock_state IDLE, charge_state NOT_CHARGE[0m
[delivery_robot_main_controller-20] [0m[INFO] [1773386247.336604795] [main_controller_node]: Current state: STANDBY, dock_state IDLE, charge_state NOT_CHARGE[0m
[delivery_robot_main_controller-20] [0m[INFO] [1773386247.396907255] [main_controller_node]: No pending queue found or unexpected format.[0m
[delivery_robot_main_controller-20] [0m[INFO] [1773386248.283198174] [main_controller_node]: Current state: STANDBY, dock_state IDLE, charge_state NOT_CHARGE[0m
[delivery_robot_main_controller-20] [0m[INFO] [1773386249.278674814] [main_controller_node]: Current state: STANDBY, dock_state IDLE, charge_state NOT_CHARGE[0m
[delivery_robot_main_controller-20] [0m[INFO] [1773386249.367853531] [main_controller_node]: No pending queue found or unexpected format.[0m
[delivery_robot_main_controller-20] [0m[INFO] [1773386250.276213168] [main_controller_node]: Current state: STANDBY, dock_state IDLE, charge_state NOT_CHARGE[0m
[delivery_robot_main_controller-20] [0m[INFO] [1773386251.294455293] [main_controller_node]: Current state: STANDBY, dock_state IDLE, charge_state NOT_CHARGE[0m
[delivery_robot_main_controller-20] [0m[INFO] [1773386251.360748655] [main_controller_node]: No pending queue found or unexpected format.[0m
[delivery_robot_main_controller-20] [0m[INFO] [1773386252.327144879] [main_controller_node]: Current state: STANDBY, dock_state IDLE, charge_state NOT_CHARGE[0m
[delivery_robot_main_controller-20] [0m[INFO] [1773386253.340804799] [main_controller_node]: Current state: STANDBY, dock_state IDLE, charge_state NOT_CHARGE[0m
[delivery_robot_main_controller-20] [0m[INFO] [1773386253.415847543] [main_controller_node]: No pending queue found or unexpected format.[0m
[delivery_robot_main_controller-20] [0m[INFO] [1773386254.280883462] [main_controller_node]: Current state: STANDBY, dock_state IDLE, charge_state NOT_CHARGE[0m
[delivery_robot_main_controller-20] [0m[INFO] [1773386255.279813599] [main_controller_node]: Current state: STANDBY, dock_state IDLE, charge_state NOT_CHARGE[0m
[delivery_robot_main_controller-20] [0m[INFO] [1773386255.361985577] [main_controller_node]: No pending queue found or unexpected format.[0m
[delivery_robot_main_controller-20] [0m[INFO] [1773386256.295154914] [main_controller_node]: Current state: STANDBY, dock_state IDLE, charge_state NOT_CHARGE[0m
[delivery_robot_main_controller-20] [0m[INFO] [1773386257.312879933] [main_controller_node]: Current state: STANDBY, dock_state IDLE, charge_state NOT_CHARGE[0m
[delivery_robot_main_controller-20] [0m[INFO] [1773386257.404788840] [main_controller_node]: No pending queue found or unexpected format.[0m
[delivery_robot_main_controller-20] [0m[INFO] [1773386258.338375829] [main_controller_node]: Current state: STANDBY, dock_state IDLE, charge_state NOT_CHARGE[0m
[delivery_robot_main_controller-20] [0m[INFO] [1773386259.280876694] [main_controller_node]: Current state: STANDBY, dock_state IDLE, charge_state NOT_CHARGE[0m
[delivery_robot_main_controller-20] [0m[INFO] [1773386259.357948196] [main_controller_node]: No pending queue found or unexpected format.[0m
[delivery_robot_main_controller-20] [0m[INFO] [1773386260.280715338] [main_controller_node]: Current state: STANDBY, dock_state IDLE, charge_state NOT_CHARGE[0m
[delivery_robot_main_controller-20] [0m[INFO] [1773386261.286725710] [main_controller_node]: Current state: STANDBY, dock_state IDLE, charge_state NOT_CHARGE[0m
[delivery_robot_main_controller-20] [0m[INFO] [1773386261.407685867] [main_controller_node]: No pending queue found or unexpected format.[0m
[delivery_robot_main_controller-20] [0m[INFO] [1773386262.292073732] [main_controller_node]: Current state: STANDBY, dock_state IDLE, charge_state NOT_CHARGE[0m
[delivery_robot_main_controller-20] [0m[INFO] [1773386263.318105107] [main_controller_node]: Current state: STANDBY, dock_state IDLE, charge_state NOT_CHARGE[0m
[delivery_robot_main_controller-20] [0m[INFO] [1773386263.411910944] [main_controller_node]: No pending queue found or unexpected format.[0m
[delivery_robot_main_controller-20] [0m[INFO] [1773386264.314163892] [main_controller_node]: Current state: STANDBY, dock_state IDLE, charge_state NOT_CHARGE[0m
[delivery_robot_main_controller-20] [0m[INFO] [1773386265.277274030] [main_controller_node]: Current state: STANDBY, dock_state IDLE, charge_state NOT_CHARGE[0m
[delivery_robot_main_controller-20] [0m[INFO] [1773386265.353746180] [main_controller_node]: No pending queue found or unexpected format.[0m
[delivery_robot_main_controller-20] [0m[INFO] [1773386266.344057012] [main_controller_node]: Current state: STANDBY, dock_state IDLE, charge_state NOT_CHARGE[0m
[delivery_robot_main_controller-20] [0m[INFO] [1773386267.284459997] [main_controller_node]: Current state: STANDBY, dock_state IDLE, charge_state NOT_CHARGE[0m
[delivery_robot_main_controller-20] [0m[INFO] [1773386267.368999637] [main_controller_node]: No pending queue found or unexpected format.[0m
[delivery_robot_main_controller-20] [0m[INFO] [1773386268.290153047] [main_controller_node]: Current state: STANDBY, dock_state IDLE, charge_state NOT_CHARGE[0m
[delivery_robot_main_controller-20] [0m[INFO] [1773386269.294305572] [main_controller_node]: Current state: STANDBY, dock_state IDLE, charge_state NOT_CHARGE[0m
[delivery_robot_main_controller-20] [0m[INFO] [1773386269.353136046] [main_controller_node]: No pending queue found or unexpected format.[0m
[delivery_robot_main_controller-20] [0m[INFO] [1773386270.282152788] [main_controller_node]: Current state: STANDBY, dock_state IDLE, charge_state NOT_CHARGE[0m
[delivery_robot_main_controller-20] [0m[INFO] [1773386271.282480539] [main_controller_node]: Current state: STANDBY, dock_state IDLE, charge_state NOT_CHARGE[0m
[delivery_robot_main_controller-20] [0m[INFO] [1773386271.329289544] [main_controller_node]: No pending queue found or unexpected format.[0m
[delivery_robot_main_controller-20] [0m[INFO] [1773386272.310820370] [main_controller_node]: Current state: STANDBY, dock_state IDLE, charge_state NOT_CHARGE[0m
[delivery_robot_main_controller-20] [0m[INFO] [1773386273.292040583] [main_controller_node]: Current state: STANDBY, dock_state IDLE, charge_state NOT_CHARGE[0m
[delivery_robot_main_controller-20] [0m[INFO] [1773386273.371255172] [main_controller_node]: No pending queue found or unexpected format.[0m
[delivery_robot_main_controller-20] [0m[INFO] [1773386274.310380412] [main_controller_node]: Current state: STANDBY, dock_state IDLE, charge_state NOT_CHARGE[0m
[delivery_robot_main_controller-20] [0m[INFO] [1773386275.286806096] [main_controller_node]: Current state: STANDBY, dock_state IDLE, charge_state NOT_CHARGE[0m
[delivery_robot_main_controller-20] [0m[INFO] [1773386275.354528571] [main_controller_node]: No pending queue found or unexpected format.[0m
[delivery_robot_main_controller-20] [0m[INFO] [1773386276.277189550] [main_controller_node]: Current state: STANDBY, dock_state IDLE, charge_state NOT_CHARGE[0m
[delivery_robot_main_controller-20] [0m[INFO] [1773386277.307688218] [main_controller_node]: Current state: STANDBY, dock_state IDLE, charge_state NOT_CHARGE[0m
[delivery_robot_main_controller-20] [0m[INFO] [1773386277.378018971] [main_controller_node]: No pending queue found or unexpected format.[0m
[delivery_robot_main_controller-20] [0m[INFO] [1773386278.293835372] [main_controller_node]: Current state: STANDBY, dock_state IDLE, charge_state NOT_CHARGE[0m
[delivery_robot_main_controller-20] [0m[INFO] [1773386279.318059940] [main_controller_node]: Current state: STANDBY, dock_state IDLE, charge_state NOT_CHARGE[0m
[delivery_robot_main_controller-20] [0m[INFO] [1773386279.392574496] [main_controller_node]: No pending queue found or unexpected format.[0m
[delivery_robot_main_controller-20] [0m[INFO] [1773386280.301917597] [main_controller_node]: Current state: STANDBY, dock_state IDLE, charge_state NOT_CHARGE[0m
[delivery_robot_main_controller-20] [0m[INFO] [1773386281.278236242] [main_controller_node]: Current state: STANDBY, dock_state IDLE, charge_state NOT_CHARGE[0m
[delivery_robot_main_controller-20] [0m[INFO] [1773386281.337860603] [main_controller_node]: No pending queue found or unexpected format.[0m
[delivery_robot_main_controller-20] [0m[INFO] [1773386282.282128902] [main_controller_node]: Current state: STANDBY, dock_state IDLE, charge_state NOT_CHARGE[0m
[delivery_robot_main_controller-20] [0m[INFO] [1773386283.321347494] [main_controller_node]: Current state: STANDBY, dock_state IDLE, charge_state NOT_CHARGE[0m
[delivery_robot_main_controller-20] [0m[INFO] [1773386283.438565125] [main_controller_node]: No pending queue found or unexpected format.[0m
[delivery_robot_main_controller-20] [0m[INFO] [1773386284.283457836] [main_controller_node]: Current state: STANDBY, dock_state IDLE, charge_state NOT_CHARGE[0m
[delivery_robot_main_controller-20] [0m[INFO] [1773386285.316335249] [main_controller_node]: Current state: STANDBY, dock_state IDLE, charge_state NOT_CHARGE[0m
[delivery_robot_main_controller-20] [0m[INFO] [1773386285.389569144] [main_controller_node]: No pending queue found or unexpected format.[0m
[delivery_robot_main_controller-20] [0m[INFO] [1773386286.280866917] [main_controller_node]: Current state: STANDBY, dock_state IDLE, charge_state NOT_CHARGE[0m
[delivery_robot_main_controller-20] [0m[INFO] [1773386287.280641980] [main_controller_node]: Current state: STANDBY, dock_state IDLE, charge_state NOT_CHARGE[0m
[delivery_robot_main_controller-20] [0m[INFO] [1773386287.379145516] [main_controller_node]: No pending queue found or unexpected format.[0m
[delivery_robot_main_controller-20] [0m[INFO] [1773386288.296090625] [main_controller_node]: Current state: STANDBY, dock_state IDLE, charge_state NOT_CHARGE[0m
[delivery_robot_main_controller-20] [0m[INFO] [1773386289.282730678] [main_controller_node]: Current state: STANDBY, dock_state IDLE, charge_state NOT_CHARGE[0m
[delivery_robot_main_controller-20] [0m[INFO] [1773386289.348665303] [main_controller_node]: No pending queue found or unexpected format.[0m
[delivery_robot_main_controller-20] [0m[INFO] [1773386290.299357904] [main_controller_node]: Current state: STANDBY, dock_state IDLE, charge_state NOT_CHARGE[0m
[delivery_robot_main_controller-20] [0m[INFO] [1773386291.277798929] [main_controller_node]: Current state: STANDBY, dock_state IDLE, charge_state NOT_CHARGE[0m
[delivery_robot_main_controller-20] [0m[INFO] [1773386291.325804598] [main_controller_node]: No pending queue found or unexpected format.[0m
[delivery_robot_main_controller-20] [0m[INFO] [1773386292.280328681] [main_controller_node]: Current state: STANDBY, dock_state IDLE, charge_state NOT_CHARGE[0m
[delivery_robot_main_controller-20] [0m[INFO] [1773386293.280096453] [main_controller_node]: Current state: STANDBY, dock_state IDLE, charge_state NOT_CHARGE[0m
[delivery_robot_main_controller-20] [0m[INFO] [1773386293.362723122] [main_controller_node]: No pending queue found or unexpected format.[0m
[delivery_robot_main_controller-20] [0m[INFO] [1773386294.285573095] [main_controller_node]: Current state: STANDBY, dock_state IDLE, charge_state NOT_CHARGE[0m
[delivery_robot_main_controller-20] [0m[INFO] [1773386295.281748542] [main_controller_node]: Current state: STANDBY, dock_state IDLE, charge_state NOT_CHARGE[0m
[delivery_robot_main_controller-20] [0m[INFO] [1773386295.342734643] [main_controller_node]: No pending queue found or unexpected format.[0m
[delivery_robot_main_controller-20] [0m[INFO] [1773386296.281293488] [main_controller_node]: Current state: STANDBY, dock_state IDLE, charge_state NOT_CHARGE[0m
[delivery_robot_main_controller-20] [0m[INFO] [1773386297.277060617] [main_controller_node]: Current state: STANDBY, dock_state IDLE, charge_state NOT_CHARGE[0m
[delivery_robot_main_controller-20] [0m[INFO] [1773386297.341693000] [main_controller_node]: No pending queue found or unexpected format.[0m
[delivery_robot_main_controller-20] [0m[INFO] [1773386298.341519686] [main_controller_node]: Current state: STANDBY, dock_state IDLE, charge_state NOT_CHARGE[0m
[delivery_robot_main_controller-20] [0m[INFO] [1773386299.334249511] [main_controller_node]: Current state: STANDBY, dock_state IDLE, charge_state NOT_CHARGE[0m
[delivery_robot_main_controller-20] [0m[INFO] [1773386299.409886941] [main_controller_node]: No pending queue found or unexpected format.[0m
[delivery_robot_main_controller-20] [0m[INFO] [1773386300.318152082] [main_controller_node]: Current state: STANDBY, dock_state IDLE, charge_state NOT_CHARGE[0m
[delivery_robot_main_controller-20] [0m[INFO] [1773386301.283847166] [main_controller_node]: Current state: STANDBY, dock_state IDLE, charge_state NOT_CHARGE[0m
[delivery_robot_main_controller-20] [0m[INFO] [1773386301.355906271] [main_controller_node]: No pending queue found or unexpected format.[0m
[delivery_robot_main_controller-20] [0m[INFO] [1773386302.281395145] [main_controller_node]: Current state: STANDBY, dock_state IDLE, charge_state NOT_CHARGE[0m
[delivery_robot_main_controller-20] [0m[INFO] [1773386303.282018926] [main_controller_node]: Current state: STANDBY, dock_state IDLE, charge_state NOT_CHARGE[0m
[delivery_robot_main_controller-20] [0m[INFO] [1773386303.340053763] [main_controller_node]: No pending queue found or unexpected format.[0m
[delivery_robot_main_controller-20] [0m[INFO] [1773386304.312780959] [main_controller_node]: Current state: STANDBY, dock_state IDLE, charge_state NOT_CHARGE[0m
[delivery_robot_main_controller-20] [0m[INFO] [1773386305.283257156] [main_controller_node]: Current state: STANDBY, dock_state IDLE, charge_state NOT_CHARGE[0m
[delivery_robot_main_controller-20] [0m[INFO] [1773386305.388059291] [main_controller_node]: No pending queue found or unexpected format.[0m
[delivery_robot_main_controller-20] [0m[INFO] [1773386306.331585909] [main_controller_node]: Current state: STANDBY, dock_state IDLE, charge_state NOT_CHARGE[0m
[delivery_robot_main_controller-20] [0m[INFO] [1773386307.296267197] [main_controller_node]: Current state: STANDBY, dock_state IDLE, charge_state NOT_CHARGE[0m
[delivery_robot_main_controller-20] [0m[INFO] [1773386307.392727393] [main_controller_node]: No pending queue found or unexpected format.[0m
[delivery_robot_main_controller-20] [0m[INFO] [1773386308.287549535] [main_controller_node]: Current state: STANDBY, dock_state IDLE, charge_state NOT_CHARGE[0m
[delivery_robot_main_controller-20] [0m[INFO] [1773386309.302129629] [main_controller_node]: Current state: STANDBY, dock_state IDLE, charge_state NOT_CHARGE[0m
[delivery_robot_main_controller-20] [0m[INFO] [1773386309.379558701] [main_controller_node]: No pending queue found or unexpected format.[0m
[delivery_robot_main_controller-20] [0m[INFO] [1773386310.288051042] [main_controller_node]: Current state: STANDBY, dock_state IDLE, charge_state NOT_CHARGE[0m
[delivery_robot_main_controller-20] [0m[INFO] [1773386311.314613814] [main_controller_node]: Current state: STANDBY, dock_state IDLE, charge_state NOT_CHARGE[0m
[delivery_robot_main_controller-20] [0m[INFO] [1773386311.403793990] [main_controller_node]: No pending queue found or unexpected format.[0m
[delivery_robot_main_controller-20] [0m[INFO] [1773386312.298349559] [main_controller_node]: Current state: STANDBY, dock_state IDLE, charge_state NOT_CHARGE[0m
[delivery_robot_main_controller-20] [0m[INFO] [1773386313.285130189] [main_controller_node]: Current state: STANDBY, dock_state IDLE, charge_state NOT_CHARGE[0m
[delivery_robot_main_controller-20] [0m[INFO] [1773386313.360371551] [main_controller_node]: No pending queue found or unexpected format.[0m
[delivery_robot_main_controller-20] [0m[INFO] [1773386314.279665073] [main_controller_node]: Current state: STANDBY, dock_state IDLE, charge_state NOT_CHARGE[0m
[delivery_robot_main_controller-20] [0m[INFO] [1773386315.312612482] [main_controller_node]: Current state: STANDBY, dock_state IDLE, charge_state NOT_CHARGE[0m
[delivery_robot_main_controller-20] [0m[INFO] [1773386315.394220398] [main_controller_node]: No pending queue found or unexpected format.[0m
[delivery_robot_main_controller-20] [0m[INFO] [1773386316.277898664] [main_controller_node]: Current state: STANDBY, dock_state IDLE, charge_state NOT_CHARGE[0m
[delivery_robot_main_controller-20] [0m[INFO] [1773386317.287263078] [main_controller_node]: Current state: STANDBY, dock_state IDLE, charge_state NOT_CHARGE[0m
[delivery_robot_main_controller-20] [0m[INFO] [1773386317.356244340] [main_controller_node]: No pending queue found or unexpected format.[0m
[delivery_robot_main_controller-20] [0m[INFO] [1773386318.287285173] [main_controller_node]: Current state: STANDBY, dock_state IDLE, charge_state NOT_CHARGE[0m
[delivery_robot_main_controller-20] [0m[INFO] [1773386319.284637452] [main_controller_node]: Current state: STANDBY, dock_state IDLE, charge_state NOT_CHARGE[0m
[delivery_robot_main_controller-20] [0m[INFO] [1773386319.359693612] [main_controller_node]: No pending queue found or unexpected format.[0m
[delivery_robot_main_controller-20] [0m[INFO] [1773386320.282836990] [main_controller_node]: Current state: STANDBY, dock_state IDLE, charge_state NOT_CHARGE[0m
[delivery_robot_main_controller-20] [0m[INFO] [1773386321.313666979] [main_controller_node]: Current state: STANDBY, dock_state IDLE, charge_state NOT_CHARGE[0m
[delivery_robot_main_controller-20] [0m[INFO] [1773386321.411625118] [main_controller_node]: No pending queue found or unexpected format.[0m
[delivery_robot_main_controller-20] [0m[INFO] [1773386322.340466867] [main_controller_node]: Current state: STANDBY, dock_state IDLE, charge_state NOT_CHARGE[0m
[delivery_robot_main_controller-20] [0m[INFO] [1773386323.279600858] [main_controller_node]: Current state: STANDBY, dock_state IDLE, charge_state NOT_CHARGE[0m
[delivery_robot_main_controller-20] [0m[INFO] [1773386323.358795614] [main_controller_node]: No pending queue found or unexpected format.[0m
[delivery_robot_main_controller-20] [0m[INFO] [1773386324.283631762] [main_controller_node]: Current state: STANDBY, dock_state IDLE, charge_state NOT_CHARGE[0m
[delivery_robot_main_controller-20] [0m[INFO] [1773386325.285425958] [main_controller_node]: Current state: STANDBY, dock_state IDLE, charge_state NOT_CHARGE[0m
[delivery_robot_main_controller-20] [0m[INFO] [1773386325.386902633] [main_controller_node]: No pending queue found or unexpected format.[0m
[delivery_robot_main_controller-20] [0m[INFO] [1773386326.290358079] [main_controller_node]: Current state: STANDBY, dock_state IDLE, charge_state NOT_CHARGE[0m
[delivery_robot_main_controller-20] [0m[INFO] [1773386327.283647008] [main_controller_node]: Current state: STANDBY, dock_state IDLE, charge_state NOT_CHARGE[0m
[delivery_robot_main_controller-20] [0m[INFO] [1773386327.388670218] [main_controller_node]: No pending queue found or unexpected format.[0m
[delivery_robot_main_controller-20] [0m[INFO] [1773386328.310884381] [main_controller_node]: Current state: STANDBY, dock_state IDLE, charge_state NOT_CHARGE[0m
[delivery_robot_main_controller-20] [0m[INFO] [1773386329.280139415] [main_controller_node]: Current state: STANDBY, dock_state IDLE, charge_state NOT_CHARGE[0m
[delivery_robot_main_controller-20] [0m[INFO] [1773386329.364046745] [main_controller_node]: No pending queue found or unexpected format.[0m
[delivery_robot_main_controller-20] [0m[INFO] [1773386330.360224526] [main_controller_node]: Current state: STANDBY, dock_state IDLE, charge_state NOT_CHARGE[0m
[delivery_robot_main_controller-20] [0m[INFO] [1773386331.292518021] [main_controller_node]: Current state: STANDBY, dock_state IDLE, charge_state NOT_CHARGE[0m
[delivery_robot_main_controller-20] [0m[INFO] [1773386331.389082629] [main_controller_node]: No pending queue found or unexpected format.[0m
[delivery_robot_main_controller-20] [0m[INFO] [1773386332.320506407] [main_controller_node]: Current state: STANDBY, dock_state IDLE, charge_state NOT_CHARGE[0m
[delivery_robot_main_controller-20] [0m[INFO] [1773386333.285915084] [main_controller_node]: Current state: STANDBY, dock_state IDLE, charge_state NOT_CHARGE[0m
[delivery_robot_main_controller-20] [0m[INFO] [1773386333.366758862] [main_controller_node]: No pending queue found or unexpected format.[0m
[delivery_robot_main_controller-20] [0m[INFO] [1773386334.281590342] [main_controller_node]: Current state: STANDBY, dock_state IDLE, charge_state NOT_CHARGE[0m
[delivery_robot_main_controller-20] [0m[INFO] [1773386335.281680393] [main_controller_node]: Current state: STANDBY, dock_state IDLE, charge_state NOT_CHARGE[0m
[delivery_robot_main_controller-20] [0m[INFO] [1773386335.364723547] [main_controller_node]: No pending queue found or unexpected format.[0m
[delivery_robot_main_controller-20] [0m[INFO] [1773386336.341755291] [main_controller_node]: Current state: STANDBY, dock_state IDLE, charge_state NOT_CHARGE[0m
[delivery_robot_main_controller-20] [0m[INFO] [1773386337.288865776] [main_controller_node]: Current state: STANDBY, dock_state IDLE, charge_state NOT_CHARGE[0m
[delivery_robot_main_controller-20] [0m[INFO] [1773386337.368303190] [main_controller_node]: No pending queue found or unexpected format.[0m
[delivery_robot_main_controller-20] [0m[INFO] [1773386338.305917945] [main_controller_node]: Current state: STANDBY, dock_state IDLE, charge_state NOT_CHARGE[0m
[delivery_robot_main_controller-20] [0m[INFO] [1773386339.278896840] [main_controller_node]: Current state: STANDBY, dock_state IDLE, charge_state NOT_CHARGE[0m
[delivery_robot_main_controller-20] [0m[INFO] [1773386339.379145936] [main_controller_node]: No pending queue found or unexpected format.[0m
[delivery_robot_main_controller-20] [0m[INFO] [1773386340.277822310] [main_controller_node]: Current state: STANDBY, dock_state IDLE, charge_state NOT_CHARGE[0m
[delivery_robot_main_controller-20] [0m[INFO] [1773386341.277854613] [main_controller_node]: Current state: STANDBY, dock_state IDLE, charge_state NOT_CHARGE[0m
[delivery_robot_main_controller-20] [0m[INFO] [1773386341.358483149] [main_controller_node]: No pending queue found or unexpected format.[0m
[delivery_robot_main_controller-20] [0m[INFO] [1773386342.307025080] [main_controller_node]: Current state: STANDBY, dock_state IDLE, charge_state NOT_CHARGE[0m
[delivery_robot_main_controller-20] [0m[INFO] [1773386343.279234004] [main_controller_node]: Current state: STANDBY, dock_state IDLE, charge_state NOT_CHARGE[0m
[delivery_robot_main_controller-20] [0m[INFO] [1773386343.348505172] [main_controller_node]: No pending queue found or unexpected format.[0m
[delivery_robot_main_controller-20] [0m[INFO] [1773386344.279515381] [main_controller_node]: Current state: STANDBY, dock_state IDLE, charge_state NOT_CHARGE[0m
[delivery_robot_main_controller-20] [0m[INFO] [1773386345.285211932] [main_controller_node]: Current state: STANDBY, dock_state IDLE, charge_state NOT_CHARGE[0m
[delivery_robot_main_controller-20] [0m[INFO] [1773386345.406442746] [main_controller_node]: No pending queue found or unexpected format.[0m
[delivery_robot_main_controller-20] [0m[INFO] [1773386346.280620908] [main_controller_node]: Current state: STANDBY, dock_state IDLE, charge_state NOT_CHARGE[0m
[delivery_robot_main_controller-20] [0m[INFO] [1773386347.323967305] [main_controller_node]: Current state: STANDBY, dock_state IDLE, charge_state NOT_CHARGE[0m
[delivery_robot_main_controller-20] [0m[INFO] [1773386347.418520946] [main_controller_node]: No pending queue found or unexpected format.[0m
[delivery_robot_main_controller-20] [0m[INFO] [1773386348.329501403] [main_controller_node]: Current state: STANDBY, dock_state IDLE, charge_state NOT_CHARGE[0m
[delivery_robot_main_controller-20] [0m[INFO] [1773386349.314648178] [main_controller_node]: Current state: STANDBY, dock_state IDLE, charge_state NOT_CHARGE[0m
[delivery_robot_main_controller-20] [0m[INFO] [1773386349.409307982] [main_controller_node]: No pending queue found or unexpected format.[0m
[delivery_robot_main_controller-20] [0m[INFO] [1773386350.278133385] [main_controller_node]: Current state: STANDBY, dock_state IDLE, charge_state NOT_CHARGE[0m
[delivery_robot_main_controller-20] [0m[INFO] [1773386351.288308602] [main_controller_node]: Current state: STANDBY, dock_state IDLE, charge_state NOT_CHARGE[0m
[delivery_robot_main_controller-20] [0m[INFO] [1773386351.374124236] [main_controller_node]: No pending queue found or unexpected format.[0m
[delivery_robot_main_controller-20] [0m[INFO] [1773386352.285967702] [main_controller_node]: Current state: STANDBY, dock_state IDLE, charge_state NOT_CHARGE[0m
[delivery_robot_main_controller-20] [0m[INFO] [1773386353.280223471] [main_controller_node]: Current state: STANDBY, dock_state IDLE, charge_state NOT_CHARGE[0m
[delivery_robot_main_controller-20] [0m[INFO] [1773386353.386047276] [main_controller_node]: No pending queue found or unexpected format.[0m
[delivery_robot_main_controller-20] [0m[INFO] [1773386354.292629563] [main_controller_node]: Current state: STANDBY, dock_state IDLE, charge_state NOT_CHARGE[0m
[delivery_robot_main_controller-20] [0m[INFO] [1773386355.283674201] [main_controller_node]: Current state: STANDBY, dock_state IDLE, charge_state NOT_CHARGE[0m
[delivery_robot_main_controller-20] [0m[INFO] [1773386355.362847667] [main_controller_node]: No pending queue found or unexpected format.[0m
[delivery_robot_main_controller-20] [0m[INFO] [1773386356.278400411] [main_controller_node]: Current state: STANDBY, dock_state IDLE, charge_state NOT_CHARGE[0m
[delivery_robot_main_controller-20] [0m[INFO] [1773386357.291645013] [main_controller_node]: Current state: STANDBY, dock_state IDLE, charge_state NOT_CHARGE[0m
[delivery_robot_main_controller-20] [0m[INFO] [1773386357.386150824] [main_controller_node]: No pending queue found or unexpected format.[0m
[delivery_robot_main_controller-20] [0m[INFO] [1773386358.281142126] [main_controller_node]: Current state: STANDBY, dock_state IDLE, charge_state NOT_CHARGE[0m
[delivery_robot_main_controller-20] [0m[INFO] [1773386359.302856121] [main_controller_node]: Current state: STANDBY, dock_state IDLE, charge_state NOT_CHARGE[0m
[delivery_robot_main_controller-20] [0m[INFO] [1773386359.391968049] [main_controller_node]: No pending queue found or unexpected format.[0m
[delivery_robot_main_controller-20] [0m[INFO] [1773386360.304853310] [main_controller_node]: Current state: STANDBY, dock_state IDLE, charge_state NOT_CHARGE[0m
[delivery_robot_main_controller-20] [0m[INFO] [1773386361.280343070] [main_controller_node]: Current state: STANDBY, dock_state IDLE, charge_state NOT_CHARGE[0m
[delivery_robot_main_controller-20] [0m[INFO] [1773386361.380026645] [main_controller_node]: No pending queue found or unexpected format.[0m
[delivery_robot_main_controller-20] [0m[INFO] [1773386362.312255976] [main_controller_node]: Current state: STANDBY, dock_state IDLE, charge_state NOT_CHARGE[0m
[delivery_robot_main_controller-20] [0m[INFO] [1773386363.321639931] [main_controller_node]: Current state: STANDBY, dock_state IDLE, charge_state NOT_CHARGE[0m
[delivery_robot_main_controller-20] [0m[INFO] [1773386363.411069472] [main_controller_node]: No pending queue found or unexpected format.[0m
[delivery_robot_main_controller-20] [0m[INFO] [1773386364.284767860] [main_controller_node]: Current state: STANDBY, dock_state IDLE, charge_state NOT_CHARGE[0m
[delivery_robot_main_controller-20] [0m[INFO] [1773386365.281159424] [main_controller_node]: Current state: STANDBY, dock_state IDLE, charge_state NOT_CHARGE[0m
[delivery_robot_main_controller-20] [0m[INFO] [1773386365.355293369] [main_controller_node]: No pending queue found or unexpected format.[0m
[delivery_robot_main_controller-20] [0m[INFO] [1773386366.281521882] [main_controller_node]: Current state: STANDBY, dock_state IDLE, charge_state NOT_CHARGE[0m
[delivery_robot_main_controller-20] [0m[INFO] [1773386367.287642208] [main_controller_node]: Current state: STANDBY, dock_state IDLE, charge_state NOT_CHARGE[0m
[delivery_robot_main_controller-20] [0m[INFO] [1773386367.363590835] [main_controller_node]: No pending queue found or unexpected format.[0m
[delivery_robot_main_controller-20] [0m[INFO] [1773386368.371659714] [main_controller_node]: Current state: STANDBY, dock_state IDLE, charge_state NOT_CHARGE[0m
[delivery_robot_main_controller-20] [0m[INFO] [1773386369.331718257] [main_controller_node]: Current state: STANDBY, dock_state IDLE, charge_state NOT_CHARGE[0m
[delivery_robot_main_controller-20] [0m[INFO] [1773386369.411859728] [main_controller_node]: No pending queue found or unexpected format.[0m
[delivery_robot_main_controller-20] [0m[INFO] [1773386370.278925280] [main_controller_node]: Current state: STANDBY, dock_state IDLE, charge_state NOT_CHARGE[0m
[delivery_robot_main_controller-20] [0m[INFO] [1773386371.280160955] [main_controller_node]: Current state: STANDBY, dock_state IDLE, charge_state NOT_CHARGE[0m
[delivery_robot_main_controller-20] [0m[INFO] [1773386371.345005371] [main_controller_node]: No pending queue found or unexpected format.[0m
[delivery_robot_main_controller-20] [0m[INFO] [1773386372.278753062] [main_controller_node]: Current state: STANDBY, dock_state IDLE, charge_state NOT_CHARGE[0m
[delivery_robot_main_controller-20] [0m[INFO] [1773386373.278741909] [main_controller_node]: Current state: STANDBY, dock_state IDLE, charge_state NOT_CHARGE[0m
[delivery_robot_main_controller-20] [0m[INFO] [1773386373.418473617] [main_controller_node]: No pending queue found or unexpected format.[0m
[delivery_robot_main_controller-20] [0m[INFO] [1773386374.289340610] [main_controller_node]: Current state: STANDBY, dock_state IDLE, charge_state NOT_CHARGE[0m
[delivery_robot_main_controller-20] [0m[INFO] [1773386375.299200547] [main_controller_node]: Current state: STANDBY, dock_state IDLE, charge_state NOT_CHARGE[0m
[delivery_robot_main_controller-20] [0m[INFO] [1773386375.386013936] [main_controller_node]: No pending queue found or unexpected format.[0m
[delivery_robot_main_controller-20] [0m[INFO] [1773386376.281681880] [main_controller_node]: Current state: STANDBY, dock_state IDLE, charge_state NOT_CHARGE[0m
[delivery_robot_main_controller-20] [0m[INFO] [1773386377.290414859] [main_controller_node]: Current state: STANDBY, dock_state IDLE, charge_state NOT_CHARGE[0m
[delivery_robot_main_controller-20] [0m[INFO] [1773386377.418361339] [main_controller_node]: No pending queue found or unexpected format.[0m
[delivery_robot_main_controller-20] [0m[INFO] [1773386378.317295244] [main_controller_node]: Current state: STANDBY, dock_state IDLE, charge_state NOT_CHARGE[0m
[delivery_robot_main_controller-20] [0m[INFO] [1773386379.333192165] [main_controller_node]: Current state: STANDBY, dock_state IDLE, charge_state NOT_CHARGE[0m
[delivery_robot_main_controller-20] [0m[INFO] [1773386379.460560292] [main_controller_node]: No pending queue found or unexpected format.[0m
[delivery_robot_main_controller-20] [0m[INFO] [1773386380.319135160] [main_controller_node]: Current state: STANDBY, dock_state IDLE, charge_state NOT_CHARGE[0m
[delivery_robot_main_controller-20] [0m[INFO] [1773386381.337201124] [main_controller_node]: Current state: STANDBY, dock_state IDLE, charge_state NOT_CHARGE[0m
[delivery_robot_main_controller-20] [0m[INFO] [1773386381.456884996] [main_controller_node]: No pending queue found or unexpected format.[0m
[delivery_robot_main_controller-20] [0m[INFO] [1773386382.312537473] [main_controller_node]: Current state: STANDBY, dock_state IDLE, charge_state NOT_CHARGE[0m
[delivery_robot_main_controller-20] [0m[INFO] [1773386383.289663131] [main_controller_node]: Current state: STANDBY, dock_state IDLE, charge_state NOT_CHARGE[0m
[delivery_robot_main_controller-20] [0m[INFO] [1773386383.431420971] [main_controller_node]: No pending queue found or unexpected format.[0m
[delivery_robot_main_controller-20] [0m[INFO] [1773386384.317200034] [main_controller_node]: Current state: STANDBY, dock_state IDLE, charge_state NOT_CHARGE[0m
[delivery_robot_main_controller-20] [0m[INFO] [1773386385.312883457] [main_controller_node]: Current state: STANDBY, dock_state IDLE, charge_state NOT_CHARGE[0m
[delivery_robot_main_controller-20] [0m[INFO] [1773386385.414697579] [main_controller_node]: No pending queue found or unexpected format.[0m
[delivery_robot_main_controller-20] [0m[INFO] [1773386386.316197472] [main_controller_node]: Current state: STANDBY, dock_state IDLE, charge_state NOT_CHARGE[0m
[delivery_robot_main_controller-20] [0m[INFO] [1773386387.279469479] [main_controller_node]: Current state: STANDBY, dock_state IDLE, charge_state NOT_CHARGE[0m
[delivery_robot_main_controller-20] [0m[INFO] [1773386387.383537516] [main_controller_node]: No pending queue found or unexpected format.[0m
[delivery_robot_main_controller-20] [0m[INFO] [1773386388.280781568] [main_controller_node]: Current state: STANDBY, dock_state IDLE, charge_state NOT_CHARGE[0m
[delivery_robot_main_controller-20] [0m[INFO] [1773386389.284600730] [main_controller_node]: Current state: STANDBY, dock_state IDLE, charge_state NOT_CHARGE[0m
[delivery_robot_main_controller-20] [0m[INFO] [1773386389.388944382] [main_controller_node]: No pending queue found or unexpected format.[0m
[delivery_robot_main_controller-20] [0m[INFO] [1773386390.394505604] [main_controller_node]: Current state: STANDBY, dock_state IDLE, charge_state NOT_CHARGE[0m
[delivery_robot_main_controller-20] [0m[INFO] [1773386391.344707640] [main_controller_node]: Current state: STANDBY, dock_state IDLE, charge_state NOT_CHARGE[0m
[delivery_robot_main_controller-20] [0m[INFO] [1773386391.435944281] [main_controller_node]: No pending queue found or unexpected format.[0m
[delivery_robot_main_controller-20] [0m[INFO] [1773386392.284926007] [main_controller_node]: Current state: STANDBY, dock_state IDLE, charge_state NOT_CHARGE[0m
[delivery_robot_main_controller-20] [0m[INFO] [1773386393.339005337] [main_controller_node]: Current state: STANDBY, dock_state IDLE, charge_state NOT_CHARGE[0m
[delivery_robot_main_controller-20] [0m[INFO] [1773386393.444074628] [main_controller_node]: No pending queue found or unexpected format.[0m
[delivery_robot_main_controller-20] [0m[INFO] [1773386394.333308645] [main_controller_node]: Current state: STANDBY, dock_state IDLE, charge_state NOT_CHARGE[0m
[delivery_robot_main_controller-20] [0m[INFO] [1773386395.354329958] [main_controller_node]: Current state: STANDBY, dock_state IDLE, charge_state NOT_CHARGE[0m
[delivery_robot_main_controller-20] [0m[INFO] [1773386395.453479512] [main_controller_node]: No pending queue found or unexpected format.[0m
[delivery_robot_main_controller-20] [0m[INFO] [1773386396.344265138] [main_controller_node]: Current state: STANDBY, dock_state IDLE, charge_state NOT_CHARGE[0m
[delivery_robot_main_controller-20] [0m[INFO] [1773386397.329447203] [main_controller_node]: Current state: STANDBY, dock_state IDLE, charge_state NOT_CHARGE[0m
[delivery_robot_main_controller-20] [0m[INFO] [1773386397.425615743] [main_controller_node]: No pending queue found or unexpected format.[0m
[delivery_robot_main_controller-20] [0m[INFO] [1773386398.329114645] [main_controller_node]: Current state: STANDBY, dock_state IDLE, charge_state NOT_CHARGE[0m
[delivery_robot_main_controller-20] [0m[INFO] [1773386399.278082685] [main_controller_node]: Current state: STANDBY, dock_state IDLE, charge_state NOT_CHARGE[0m
[delivery_robot_main_controller-20] [0m[INFO] [1773386399.345560461] [main_controller_node]: No pending queue found or unexpected format.[0m
[delivery_robot_main_controller-20] [0m[INFO] [1773386400.357692689] [main_controller_node]: Current state: STANDBY, dock_state IDLE, charge_state NOT_CHARGE[0m
[delivery_robot_main_controller-20] [0m[INFO] [1773386401.331554134] [main_controller_node]: Current state: STANDBY, dock_state IDLE, charge_state NOT_CHARGE[0m
[delivery_robot_main_controller-20] [0m[INFO] [1773386401.414769365] [main_controller_node]: No pending queue found or unexpected format.[0m
[delivery_robot_main_controller-20] [0m[INFO] [1773386402.357630133] [main_controller_node]: Current state: STANDBY, dock_state IDLE, charge_state NOT_CHARGE[0m
[delivery_robot_main_controller-20] [0m[INFO] [1773386403.332228302] [main_controller_node]: Current state: STANDBY, dock_state IDLE, charge_state NOT_CHARGE[0m
[delivery_robot_main_controller-20] [0m[INFO] [1773386403.480228451] [main_controller_node]: No pending queue found or unexpected format.[0m
[delivery_robot_main_controller-20] [0m[INFO] [1773386404.304092780] [main_controller_node]: Current state: STANDBY, dock_state IDLE, charge_state NOT_CHARGE[0m
[delivery_robot_main_controller-20] [0m[INFO] [1773386405.312369901] [main_controller_node]: Current state: STANDBY, dock_state IDLE, charge_state NOT_CHARGE[0m
[delivery_robot_main_controller-20] [0m[INFO] [1773386405.407942880] [main_controller_node]: No pending queue found or unexpected format.[0m
[delivery_robot_main_controller-20] [0m[INFO] [1773386406.285334505] [main_controller_node]: Current state: STANDBY, dock_state IDLE, charge_state NOT_CHARGE[0m
[delivery_robot_main_controller-20] [0m[INFO] [1773386407.282151012] [main_controller_node]: Current state: STANDBY, dock_state IDLE, charge_state NOT_CHARGE[0m
[delivery_robot_main_controller-20] [0m[INFO] [1773386407.486291401] [main_controller_node]: No pending queue found or unexpected format.[0m
[delivery_robot_main_controller-20] [0m[INFO] [1773386408.386178438] [main_controller_node]: Current state: STANDBY, dock_state IDLE, charge_state NOT_CHARGE[0m
[delivery_robot_main_controller-20] [0m[INFO] [1773386409.276432959] [main_controller_node]: Current state: STANDBY, dock_state IDLE, charge_state NOT_CHARGE[0m
[delivery_robot_main_controller-20] [0m[INFO] [1773386409.354349096] [main_controller_node]: No pending queue found or unexpected format.[0m
[delivery_robot_main_controller-20] [0m[INFO] [1773386409.355633840] [main_controller_node]: AutoHomeWaitTime reached, go to Home and Dock[0m
[delivery_robot_main_controller-20] [0m[INFO] [1773386409.402105107] [main_controller_node]: AGV start_pos: x=0.31, y=-0.02[0m
[delivery_robot_main_controller-20] [0m[INFO] [1773386409.405692182] [main_controller_node]: AGV goal_pos: x=0.39, y=0.04[0m
[delivery_robot_main_controller-20] Graph before shortest_path: Graph with 11 nodes and 10 edges
[delivery_robot_main_controller-20] [0m[INFO] [1773386409.431811708] [main_controller_node]: Computed AGV path waypoints:[0m
[delivery_robot_main_controller-20] [0m[INFO] [1773386409.432486016] [main_controller_node]:   Waypoint 0: x=0.31, y=-0.02[0m
[delivery_robot_main_controller-20] [0m[INFO] [1773386409.433894131] [main_controller_node]: Navigating with 1 goals....[0m
[bt_navigator-14] [INFO] [1773386409.434706975] [bt_navigator]: Begin navigating from current location through 1 poses to (0.31, -0.02)
[controller_server-10] [INFO] [1773386409.435035963] [local_costmap.local_costmap]: Received request to clear entirely the local_costmap
[controller_server-10] [INFO] [1773386409.439173392] [local_costmap.local_costmap]: KeepoutFilter: Subscribing to "/keepout_costmap_filter_info" topic for filter info...
[controller_server-10] [INFO] [1773386409.445805353] [local_costmap.local_costmap]: KeepoutFilter: Received filter info from /keepout_costmap_filter_info topic.
[controller_server-10] [INFO] [1773386409.445887017] [local_costmap.local_costmap]: KeepoutFilter: Subscribing to "/keepout_filter_mask" topic for filter mask...
[planner_server-12] [INFO] [1773386409.447529622] [global_costmap.global_costmap]: Received request to clear entirely the global_costmap
[planner_server-12] [INFO] [1773386409.454933888] [global_costmap.global_costmap]: KeepoutFilter: Subscribing to "/keepout_costmap_filter_info" topic for filter info...
[controller_server-10] [WARN] [1773386409.465137466] [local_costmap.local_costmap]: KeepoutFilter: New filter mask arrived from /keepout_filter_mask topic. Updating old filter mask.
[planner_server-12] [INFO] [1773386409.465761901] [global_costmap.global_costmap]: KeepoutFilter: Received filter info from /keepout_costmap_filter_info topic.
[planner_server-12] [INFO] [1773386409.465873897] [global_costmap.global_costmap]: KeepoutFilter: Subscribing to "/keepout_filter_mask" topic for filter mask...
[planner_server-12] [WARN] [1773386409.481182034] [global_costmap.global_costmap]: KeepoutFilter: New filter mask arrived from /keepout_filter_mask topic. Updating old filter mask.
[controller_server-10] [INFO] [1773386409.638392965] [controller_server]: Received a goal, begin computing control effort.
[controller_server-10] [INFO] [1773386409.838975738] [controller_server]: Passing new path to controller.
[controller_server-10] [INFO] [1773386409.939059174] [controller_server]: Passing new path to controller.
[controller_server-10] [INFO] [1773386410.038963824] [controller_server]: Passing new path to controller.
[controller_server-10] [INFO] [1773386410.238957160] [controller_server]: Passing new path to controller.
[controller_server-10] [INFO] [1773386410.338955433] [controller_server]: Passing new path to controller.
[controller_server-10] [INFO] [1773386410.438980829] [controller_server]: Passing new path to controller.
[controller_server-10] [INFO] [1773386410.538982018] [controller_server]: Passing new path to controller.
[controller_server-10] [INFO] [1773386410.738980020] [controller_server]: Passing new path to controller.
[controller_server-10] [INFO] [1773386410.839032540] [controller_server]: Passing new path to controller.
[controller_server-10] [INFO] [1773386410.939027604] [controller_server]: Passing new path to controller.
[controller_server-10] [INFO] [1773386411.039009252] [controller_server]: Passing new path to controller.
[controller_server-10] [INFO] [1773386411.238944549] [controller_server]: Passing new path to controller.
[controller_server-10] [INFO] [1773386411.339032359] [controller_server]: Passing new path to controller.
[controller_server-10] [INFO] [1773386411.438976967] [controller_server]: Passing new path to controller.
[controller_server-10] [INFO] [1773386411.638989844] [controller_server]: Passing new path to controller.
[controller_server-10] [INFO] [1773386411.738950201] [controller_server]: Passing new path to controller.
[controller_server-10] [INFO] [1773386411.838965972] [controller_server]: Passing new path to controller.
[controller_server-10] [INFO] [1773386411.939269900] [controller_server]: Passing new path to controller.
[delivery_robot_main_controller-20] [0m[INFO] [1773386412.075529154] [main_controller_node]: State change: STANDBY -> MOVE[0m
[delivery_robot_main_controller-20] [0m[INFO] [1773386412.092497104] [main_controller_node]: Robot is MOVING.[0m
[controller_server-10] [INFO] [1773386412.138949706] [controller_server]: Passing new path to controller.
[controller_server-10] [INFO] [1773386412.238962269] [controller_server]: Passing new path to controller.
[controller_server-10] [INFO] [1773386412.339047163] [controller_server]: Passing new path to controller.
[controller_server-10] [INFO] [1773386412.538952711] [controller_server]: Passing new path to controller.
[bash-27] 4
[bash-27] queue action->Request :  current state-> STANDBY : previous state-> 
[bash-27] queue action->Request :  current state-> DOCK : previous state-> STANDBY
[bash-27] queue action->Request :  current state-> STANDBY : previous state-> DOCK
[bash-27] queue action->Request :  current state-> MOVE : previous state-> STANDBY
[bash-27] Queue empty: current state-> STANDBY : queue_action-> Request
[bash-27] queue action->Idle :  current state-> STANDBY : previous state-> MOVE
[bash-27] queue action->Request :  current state-> MOVE : previous state-> STANDBY
[bash-27] queue action->Request :  current state-> AFTER_MOVE : previous state-> MOVE
[bash-27] queue action->Request :  current state-> STANDBY : previous state-> AFTER_MOVE
[bash-27] queue action->Request :  current state-> MOVE : previous state-> STANDBY
[bash-27] queue action->Request :  current state-> SAFE_STOP : previous state-> MOVE
[bash-27] Dialog rejected!
[bash-27] queue action->Request :  current state-> STANDBY : previous state-> SAFE_STOP
[bash-27] queue action->Request :  current state-> MOVE : previous state-> STANDBY
[bash-27] queue action->Request :  current state-> SAFE_STOP : previous state-> MOVE
[bash-27] Dialog rejected!
[bash-27] queue action->Request :  current state-> STANDBY : previous state-> SAFE_STOP
[bash-27] queue action->Request :  current state-> MOVE : previous state-> STANDBY
[bash-27] queue action->Request :  current state-> SAFE_STOP : previous state-> MOVE
[bash-27] Dialog rejected!
[bash-27] queue action->Request :  current state-> STANDBY : previous state-> SAFE_STOP
[bash-27] queue action->Request :  current state-> MOVE : previous state-> STANDBY
[bash-27] queue action->Request :  current state-> SAFE_STOP : previous state-> MOVE
[bash-27] Dialog rejected!
[bash-27] queue action->Request :  current state-> STANDBY : previous state-> SAFE_STOP
[bash-27] queue action->Request :  current state-> MOVE : previous state-> STANDBY
[bash-27] Queue empty: current state-> AFTER_MOVE : queue_action-> Request
[bash-27] queue action->Request :  current state-> AFTER_MOVE : previous state-> MOVE
[bash-27] Queue empty: current state-> STANDBY : queue_action-> Request
[bash-27] queue action->Idle :  current state-> STANDBY : previous state-> AFTER_MOVE
[bash-27] Packing
[bash-27] queue action->Request :  current state-> MOVE : previous state-> STANDBY
[bash-27] queue action->Request :  current state-> SAFE_STOP : previous state-> MOVE
[bash-27] Dialog rejected!
[bash-27] queue action->Request :  current state-> STANDBY : previous state-> SAFE_STOP
[bash-27] queue action->Request :  current state-> MOVE : previous state-> STANDBY
[bash-27] Queue empty: current state-> STANDBY : queue_action-> Request
[bash-27] queue action->Idle :  current state-> STANDBY : previous state-> MOVE
[bash-27] queue action->Request :  current state-> MOVE : previous state-> STANDBY
[bash-27] queue action->Request :  current state-> SAFE_STOP : previous state-> MOVE
[bash-27] Dialog rejected!
[bash-27] queue action->Request :  current state-> STANDBY : previous state-> SAFE_STOP
[bash-27] queue action->Request :  current state-> MOVE : previous state-> STANDBY
[bash-27] queue action->Request :  current state-> SAFE_STOP : previous state-> MOVE
[bash-27] Dialog rejected!
[bash-27] queue action->Request :  current state-> STANDBY : previous state-> SAFE_STOP
[bash-27] queue action->Request :  current state-> MOVE : previous state-> STANDBY
[bash-27] Queue empty: current state-> STANDBY : queue_action-> Request
[bash-27] queue action->Idle :  current state-> STANDBY : previous state-> MOVE
[bash-27] queue action->Request :  current state-> MOVE : previous state-> STANDBY
[bash-27] Queue empty: current state-> STANDBY : queue_action-> Request
[bash-27] queue action->Idle :  current state-> STANDBY : previous state-> MOVE
[bash-27] queue action->Request :  current state-> MOVE : previous state-> STANDBY
[bash-27] queue action->Request :  current state-> SAFE_STOP : previous state-> MOVE
[bash-27] Dialog rejected!
[bash-27] queue action->Request :  current state-> STANDBY : previous state-> SAFE_STOP
[bash-27] queue action->Request :  current state-> MOVE : previous state-> STANDBY
[bash-27] queue action->Request :  current state-> SAFE_STOP : previous state-> MOVE
[bash-27] Dialog rejected!
[bash-27] queue action->Request :  current state-> STANDBY : previous state-> SAFE_STOP
[bash-27] queue action->Request :  current state-> MOVE : previous state-> STANDBY
[bash-27] queue action->Request :  current state-> SAFE_STOP : previous state-> MOVE
[bash-27] Dialog rejected!
[bash-27] queue action->Request :  current state-> STANDBY : previous state-> SAFE_STOP
[bash-27] queue action->Request :  current state-> MOVE : previous state-> STANDBY
[bash-27] Queue empty: current state-> STANDBY : queue_action-> Request
[bash-27] queue action->Idle :  current state-> STANDBY : previous state-> MOVE
[bash-27] queue action->Request :  current state-> MOVE : previous state-> STANDBY
[bash-27] queue action->Request :  current state-> SAFE_STOP : previous state-> MOVE
[bash-27] Dialog rejected!
[bash-27] queue action->Request :  current state-> STANDBY : previous state-> SAFE_STOP
[bash-27] queue action->Request :  current state-> MOVE : previous state-> STANDBY
[bash-27] queue action->Request :  current state-> SAFE_STOP : previous state-> MOVE
[bash-27] Dialog rejected!
[bash-27] queue action->Request :  current state-> STANDBY : previous state-> SAFE_STOP
[bash-27] queue action->Request :  current state-> MOVE : previous state-> STANDBY
[bash-27] Queue empty: current state-> STANDBY : queue_action-> Request
[bash-27] queue action->Idle :  current state-> STANDBY : previous state-> MOVE
[bash-27] queue action->Request :  current state-> MOVE : previous state-> STANDBY
[bash-27] Queue empty: current state-> STANDBY : queue_action-> Request
[bash-27] queue action->Idle :  current state-> STANDBY : previous state-> MOVE
[bash-27] Packing
[bash-27] queue action->Request :  current state-> MOVE : previous state-> STANDBY
[bash-27] Queue empty: current state-> STANDBY : queue_action-> Request
[bash-27] queue action->Idle :  current state-> STANDBY : previous state-> MOVE
[bash-27] queue action->Request :  current state-> MOVE : previous state-> STANDBY
[bash-27] Queue empty: current state-> STANDBY : queue_action-> Request
[bash-27] queue action->Idle :  current state-> STANDBY : previous state-> MOVE
[bash-27] queue action->Idle :  current state-> MOVE : previous state-> STANDBY
[controller_server-10] [INFO] [1773386412.638953608] [controller_server]: Passing new path to controller.
[controller_server-10] [INFO] [1773386412.738964130] [controller_server]: Passing new path to controller.
[controller_server-10] [INFO] [1773386412.838955111] [controller_server]: Passing new path to controller.
[INFO] [bash-27]: process has finished cleanly [pid 11034]
[INFO] [battery_manager_node-26]: sending signal 'SIGINT' to process[battery_manager_node-26]
[INFO] [autodock_action_server-25]: sending signal 'SIGINT' to process[autodock_action_server-25]
[INFO] [dock_coordinates-24]: sending signal 'SIGINT' to process[dock_coordinates-24]
[INFO] [rpc_run_node-23]: sending signal 'SIGINT' to process[rpc_run_node-23]
[INFO] [call_robot_button-22]: sending signal 'SIGINT' to process[call_robot_button-22]
[INFO] [robot_sound-21]: sending signal 'SIGINT' to process[robot_sound-21]
[INFO] [dock_coordinates-24]: process has finished cleanly [pid 10910]
[INFO] [delivery_robot_main_controller-20]: sending signal 'SIGINT' to process[delivery_robot_main_controller-20]
[INFO] [lifecycle_manager-19]: sending signal 'SIGINT' to process[lifecycle_manager-19]
[INFO] [collision_detector-18]: sending signal 'SIGINT' to process[collision_detector-18]
[INFO] [collision_monitor-17]: sending signal 'SIGINT' to process[collision_monitor-17]
[INFO] [velocity_smoother-16]: sending signal 'SIGINT' to process[velocity_smoother-16]
[INFO] [waypoint_follower-15]: sending signal 'SIGINT' to process[waypoint_follower-15]
[INFO] [bt_navigator-14]: sending signal 'SIGINT' to process[bt_navigator-14]
[INFO] [behavior_server-13]: sending signal 'SIGINT' to process[behavior_server-13]
[INFO] [planner_server-12]: sending signal 'SIGINT' to process[planner_server-12]
[INFO] [smoother_server-11]: sending signal 'SIGINT' to process[smoother_server-11]
[INFO] [controller_server-10]: sending signal 'SIGINT' to process[controller_server-10]
[INFO] [costmap_filter_info_server-9]: sending signal 'SIGINT' to process[costmap_filter_info_server-9]
[INFO] [map_server-8]: sending signal 'SIGINT' to process[map_server-8]
[INFO] [taskset-7]: sending signal 'SIGINT' to process[taskset-7]
[INFO] [robot_hardware-6]: sending signal 'SIGINT' to process[robot_hardware-6]
[INFO] [ekf_node-5]: sending signal 'SIGINT' to process[ekf_node-5]
[INFO] [scan_to_scan_filter_chain-4]: sending signal 'SIGINT' to process[scan_to_scan_filter_chain-4]
[INFO] [rplidar_node-3]: sending signal 'SIGINT' to process[rplidar_node-3]
[INFO] [joint_state_publisher-2]: sending signal 'SIGINT' to process[joint_state_publisher-2]
[INFO] [robot_state_publisher-1]: sending signal 'SIGINT' to process[robot_state_publisher-1]
[controller_server-10] [INFO] [1773386413.038946405] [controller_server]: Passing new path to controller.
[controller_server-10] [INFO] [1773386413.138970052] [controller_server]: Passing new path to controller.
[controller_server-10] [INFO] [1773386413.238984073] [controller_server]: Passing new path to controller.
[controller_server-10] [INFO] [1773386413.338953180] [controller_server]: Passing new path to controller.
[controller_server-10] [INFO] [1773386413.538995514] [controller_server]: Passing new path to controller.
[controller_server-10] [INFO] [1773386413.840331072] [controller_server]: Passing new path to controller.
[battery_manager_node-26] Traceback (most recent call last):
[battery_manager_node-26]   File "/home/smr/workspaces/mini_amr/amrROS2_ws/install/battery_management/lib/battery_management/battery_manager_node", line 33, in <module>
[battery_manager_node-26]     sys.exit(load_entry_point('battery-management==0.0.0', 'console_scripts', 'battery_manager_node')())
[battery_manager_node-26]              ^^^^^^^^^^^^^^^^^^^^^^^^^^^^^^^^^^^^^^^^^^^^^^^^^^^^^^^^^^^^^^^^^^^^^^^^^^^^^^^^^^^^^^^^^^
[battery_manager_node-26]   File "/home/smr/workspaces/mini_amr/amrROS2_ws/install/battery_management/lib/python3.12/site-packages/battery_management/battery_manager_node.py", line 311, in main
[battery_manager_node-26]     rclpy.spin(node)
[battery_manager_node-26]   File "/opt/ros/jazzy/lib/python3.12/site-packages/rclpy/__init__.py", line 247, in spin
[battery_manager_node-26]     executor.spin_once()
[battery_manager_node-26]   File "/opt/ros/jazzy/lib/python3.12/site-packages/rclpy/executors.py", line 845, in spin_once
[battery_manager_node-26]     self._spin_once_impl(timeout_sec)
[battery_manager_node-26]   File "/opt/ros/jazzy/lib/python3.12/site-packages/rclpy/executors.py", line 829, in _spin_once_impl
[battery_manager_node-26]     handler, entity, node = self.wait_for_ready_callbacks(
[battery_manager_node-26]                             ^^^^^^^^^^^^^^^^^^^^^^^^^^^^^^
[battery_manager_node-26]   File "/opt/ros/jazzy/lib/python3.12/site-packages/rclpy/executors.py", line 799, in wait_for_ready_callbacks
[battery_manager_node-26]     return next(self._cb_iter)
[battery_manager_node-26]            ^^^^^^^^^^^^^^^^^^^
[battery_manager_node-26]   File "/opt/ros/jazzy/lib/python3.12/site-packages/rclpy/executors.py", line 703, in _wait_for_ready_callbacks
[battery_manager_node-26]     wait_set.wait(timeout_nsec)
[battery_manager_node-26] KeyboardInterrupt
[call_robot_button-22] [0m[INFO] [1773386413.906995712] [call_robot_button_node]: CallRobotButton interrupted by user.[0m
[call_robot_button-22] Failed to publish log message to rosout: publisher's context is invalid, at ./src/rcl/publisher.c:423
[rpc_run_node-23] [0m[INFO] [1773386413.912590837] [rpc_run_node]: RPC run node stopped by user.[0m
[rpc_run_node-23] Failed to publish log message to rosout: publisher's context is invalid, at ./src/rcl/publisher.c:423
[rpc_run_node-23] 2026-03-13 14:20:13,918 [INFO] RPCServer stopped.
[dock_coordinates-24] [INFO] [1773386413.907945052] [rclcpp]: signal_handler(signum=2)
[controller_server-10] [INFO] [1773386413.939075516] [controller_server]: Passing new path to controller.
[robot_sound-21] [0m[INFO] [1773386413.955556985] [robot_sound_node]: 🔚 robot_sound_node stopped by user.[0m
[robot_sound-21] Failed to publish log message to rosout: publisher's context is invalid, at ./src/rcl/publisher.c:423
[delivery_robot_main_controller-20] [0m[INFO] [1773386413.970485679] [main_controller_node]: Node stopped by user.[0m
[delivery_robot_main_controller-20] Failed to publish log message to rosout: publisher's context is invalid, at ./src/rcl/publisher.c:423
[lifecycle_manager-19] [INFO] [1773386413.985563408] [rclcpp]: signal_handler(signum=2)
[lifecycle_manager-19] [INFO] [1773386413.985845731] [lifecycle_manager_navigation]: Running Nav2 LifecycleManager rcl preshutdown (lifecycle_manager_navigation)
[lifecycle_manager-19] [INFO] [1773386413.986159553] [lifecycle_manager_navigation]: [34m[1mTerminating bond timer...[0m[0m
[ekf_node-5] [ERROR] [1773386414.061099342] [ekf_filter_node]: Failed to meet update rate! Took 0.036386101999999996559seconds. Try decreasing the rate, limiting sensor output frequency, or limiting the number of sensors.
[collision_detector-18] [INFO] [1773386414.114220362] [rclcpp]: signal_handler(signum=2)
[collision_detector-18] [INFO] [1773386414.114626930] [collision_detector]: Running Nav2 LifecycleNode rcl preshutdown (collision_detector)
[collision_detector-18] [INFO] [1773386414.114757300] [collision_detector]: Deactivating
[collision_detector-18] [INFO] [1773386414.114798715] [collision_detector]: Destroying bond (collision_detector) to lifecycle manager.
[collision_detector-18] [WARN] [1773386414.116606398] [LifecyclePublisher]: Trying to publish message on the topic '/collision_detector/collision_points_marker', but the publisher is not activated
[collision_detector-18] [WARN] [1773386414.116675229] [LifecyclePublisher]: Trying to publish message on the topic '/collision_detector_state', but the publisher is not activated
[collision_detector-18] [WARN] [1773386414.116683687] [LifecyclePublisher]: Trying to publish message on the topic '/polygon_stop_detector', but the publisher is not activated
[collision_detector-18] [WARN] [1773386414.116689228] [LifecyclePublisher]: Trying to publish message on the topic '/polygon_slowdown_detector', but the publisher is not activated
[collision_monitor-17] [INFO] [1773386414.187838076] [rclcpp]: signal_handler(signum=2)
[collision_monitor-17] [INFO] [1773386414.188103774] [collision_monitor]: Running Nav2 LifecycleNode rcl preshutdown (collision_monitor)
[collision_monitor-17] [INFO] [1773386414.188388722] [collision_monitor]: Deactivating
[collision_monitor-17] [INFO] [1773386414.188496635] [collision_monitor]: Destroying bond (collision_monitor) to lifecycle manager.
[collision_monitor-17] [WARN] [1773386414.202589734] [LifecyclePublisher]: Trying to publish message on the topic '/collision_monitor/collision_points_marker', but the publisher is not activated
[collision_monitor-17] [WARN] [1773386414.211207580] [LifecyclePublisher]: Trying to publish message on the topic '/cmd_vel', but the publisher is not activated
[collision_detector-18] [INFO] [1773386414.215275595] [collision_detector]: Cleaning up
[velocity_smoother-16] [INFO] [1773386414.238727637] [rclcpp]: signal_handler(signum=2)
[velocity_smoother-16] [INFO] [1773386414.238997127] [velocity_smoother]: Running Nav2 LifecycleNode rcl preshutdown (velocity_smoother)
[velocity_smoother-16] [INFO] [1773386414.239112915] [velocity_smoother]: Deactivating
[velocity_smoother-16] [INFO] [1773386414.239166871] [velocity_smoother]: Destroying bond (velocity_smoother) to lifecycle manager.
[collision_detector-18] [INFO] [1773386414.266155531] [collision_monitor]: [PolygonStop]: Destroying Circle
[collision_detector-18] [INFO] [1773386414.266334608] [collision_monitor]: [PolygonStop]: Destroying Polygon
[collision_detector-18] [INFO] [1773386414.283801290] [collision_monitor]: [PolygonSlow]: Destroying Polygon
[collision_detector-18] [INFO] [1773386414.304769009] [collision_monitor]: [scan]: Destroying Scan
[waypoint_follower-15] [INFO] [1773386414.280102511] [rclcpp]: signal_handler(signum=2)
[waypoint_follower-15] [INFO] [1773386414.280439957] [waypoint_follower]: Running Nav2 LifecycleNode rcl preshutdown (waypoint_follower)
[waypoint_follower-15] [INFO] [1773386414.280759904] [waypoint_follower]: Deactivating
[waypoint_follower-15] [INFO] [1773386414.280898149] [waypoint_follower]: Destroying bond (waypoint_follower) to lifecycle manager.
[bt_navigator-14] [INFO] [1773386414.321557591] [rclcpp]: signal_handler(signum=2)
[bt_navigator-14] [INFO] [1773386414.321894454] [bt_navigator]: Running Nav2 LifecycleNode rcl preshutdown (bt_navigator)
[bt_navigator-14] [INFO] [1773386414.322179110] [bt_navigator]: Deactivating
[bt_navigator-14] [WARN] [1773386414.323101034] [bt_navigator]: [navigate_through_poses] [ActionServer] Requested to deactivate server but goal is still executing. Should check if action server is running before deactivating.
[controller_server-10] [INFO] [1773386414.339058980] [controller_server]: Cancellation was successful. Stopping the robot.
[controller_server-10] [WARN] [1773386414.339241849] [controller_server]: [follow_path] [ActionServer] Aborting handle.
[controller_server-10] [INFO] [1773386414.339916740] [controller_server]: [follow_path] [ActionServer] Client requested to cancel the goal. Cancelling.
[controller_server-10] [INFO] [1773386414.342641388] [controller_server]: Optimizer reset
[velocity_smoother-16] [INFO] [1773386414.339739122] [velocity_smoother]: Cleaning up
[velocity_smoother-16] [INFO] [1773386414.339830410] [velocity_smoother]: Destroying bond (velocity_smoother) to lifecycle manager.
[bt_navigator-14] [WARN] [1773386414.341302688] [bt_navigator]: [navigate_through_poses] [ActionServer] Aborting handle.
[bt_navigator-14] [INFO] [1773386414.345599653] [bt_navigator]: Goal canceled
[bt_navigator-14] [WARN] [1773386414.345799437] [bt_navigator]: [navigate_through_poses] [ActionServer] Stopping the thread per request.
[bt_navigator-14] [INFO] [1773386414.348677788] [bt_navigator]: Destroying bond (bt_navigator) to lifecycle manager.
[behavior_server-13] [INFO] [1773386414.354170834] [rclcpp]: signal_handler(signum=2)
[behavior_server-13] [INFO] [1773386414.354487864] [behavior_server]: Running Nav2 LifecycleNode rcl preshutdown (behavior_server)
[behavior_server-13] [INFO] [1773386414.354633983] [behavior_server]: Deactivating
[behavior_server-13] [INFO] [1773386414.355551532] [behavior_server]: Destroying bond (behavior_server) to lifecycle manager.
[collision_detector-18] [INFO] [1773386414.363658105] [collision_detector]: Destroying bond (collision_detector) to lifecycle manager.
[collision_detector-18] [INFO] [1773386414.377139311] [collision_detector]: Destroying
[waypoint_follower-15] [INFO] [1773386414.384264170] [waypoint_follower]: Cleaning up
[planner_server-12] [INFO] [1773386414.392016381] [rclcpp]: signal_handler(signum=2)
[planner_server-12] [INFO] [1773386414.392159876] [planner_server]: Running Nav2 LifecycleNode rcl preshutdown (planner_server)
[planner_server-12] [INFO] [1773386414.392359077] [planner_server]: Deactivating
[planner_server-12] [INFO] [1773386414.392547195] [global_costmap.global_costmap]: Deactivating
[collision_monitor-17] [INFO] [1773386414.394987770] [collision_monitor]: Cleaning up
[collision_monitor-17] [INFO] [1773386414.395181721] [collision_monitor]: [PolygonStop]: Destroying Circle
[collision_monitor-17] [INFO] [1773386414.395305384] [collision_monitor]: [PolygonStop]: Destroying Polygon
[collision_monitor-17] [INFO] [1773386414.395422629] [collision_monitor]: [PolygonSlow]: Destroying Polygon
[collision_monitor-17] [INFO] [1773386414.395504584] [collision_monitor]: [FootprintApproach]: Destroying Polygon
[collision_monitor-17] [INFO] [1773386414.395594414] [collision_monitor]: [scan]: Destroying Scan
[collision_monitor-17] [INFO] [1773386414.414983983] [collision_monitor]: Destroying bond (collision_monitor) to lifecycle manager.
[smoother_server-11] [INFO] [1773386414.440553738] [rclcpp]: signal_handler(signum=2)
[smoother_server-11] [INFO] [1773386414.440932891] [smoother_server]: Running Nav2 LifecycleNode rcl preshutdown (smoother_server)
[smoother_server-11] [INFO] [1773386414.441235338] [smoother_server]: Deactivating
[smoother_server-11] [INFO] [1773386414.441345292] [smoother_server]: Destroying bond (smoother_server) to lifecycle manager.
[bt_navigator-14] [INFO] [1773386414.449894307] [bt_navigator]: Cleaning up
[velocity_smoother-16] [INFO] [1773386414.464879290] [velocity_smoother]: Destroying
[waypoint_follower-15] [INFO] [1773386414.505660353] [waypoint_follower]: Destroying bond (waypoint_follower) to lifecycle manager.
[planner_server-12] [INFO] [1773386414.512007950] [planner_server]: Deactivating plugin GridBased of type SmacPlanner2D
[planner_server-12] [INFO] [1773386414.512281523] [planner_server]: Destroying bond (planner_server) to lifecycle manager.
[smoother_server-11] [INFO] [1773386414.542501146] [smoother_server]: Cleaning up
[controller_server-10] [INFO] [1773386414.544222207] [rclcpp]: signal_handler(signum=2)
[controller_server-10] [INFO] [1773386414.544317287] [controller_server]: Running Nav2 LifecycleNode rcl preshutdown (controller_server)
[controller_server-10] [INFO] [1773386414.544448824] [controller_server]: Deactivating
[controller_server-10] [INFO] [1773386414.544503655] [MPPIController]: Deactivated MPPI Controller: FollowPath
[controller_server-10] [INFO] [1773386414.544525529] [local_costmap.local_costmap]: Deactivating
[waypoint_follower-15] [INFO] [1773386414.569191735] [waypoint_follower]: Destroying
[costmap_filter_info_server-9] [INFO] [1773386414.579844171] [rclcpp]: signal_handler(signum=2)
[costmap_filter_info_server-9] [INFO] [1773386414.580027914] [keepout_costmap_filter_info_server]: Running Nav2 LifecycleNode rcl preshutdown (keepout_costmap_filter_info_server)
[costmap_filter_info_server-9] [INFO] [1773386414.580155076] [keepout_costmap_filter_info_server]: Deactivating
[costmap_filter_info_server-9] [INFO] [1773386414.580195324] [keepout_costmap_filter_info_server]: Destroying bond (keepout_costmap_filter_info_server) to lifecycle manager.
[controller_server-10] [INFO] [1773386414.597139359] [controller_server]: Destroying bond (controller_server) to lifecycle manager.
[planner_server-12] [INFO] [1773386414.616737462] [planner_server]: Cleaning up
[collision_monitor-17] [INFO] [1773386414.624177018] [collision_monitor]: Destroying
[behavior_server-13] [INFO] [1773386414.678149673] [behavior_server]: Cleaning up
[costmap_filter_info_server-9] [INFO] [1773386414.681400468] [keepout_costmap_filter_info_server]: Cleaning up
[costmap_filter_info_server-9] [INFO] [1773386414.681494381] [keepout_costmap_filter_info_server]: Destroying bond (keepout_costmap_filter_info_server) to lifecycle manager.
[controller_server-10] [INFO] [1773386414.697800565] [controller_server]: Cleaning up
[controller_server-10] [INFO] [1773386414.699426546] [MPPIController]: Cleaned up MPPI Controller: FollowPath
[controller_server-10] [INFO] [1773386414.699683203] [local_costmap.local_costmap]: Cleaning up
[smoother_server-11] [INFO] [1773386414.725942141] [smoother_server]: Destroying bond (smoother_server) to lifecycle manager.
[map_server-8] [INFO] [1773386414.773769317] [rclcpp]: signal_handler(signum=2)
[map_server-8] [INFO] [1773386414.778070365] [keepout_filter_mask_server]: Running Nav2 LifecycleNode rcl preshutdown (keepout_filter_mask_server)
[map_server-8] [INFO] [1773386414.778372520] [keepout_filter_mask_server]: Deactivating
[map_server-8] [INFO] [1773386414.778485099] [keepout_filter_mask_server]: Destroying bond (keepout_filter_mask_server) to lifecycle manager.
[map_server-8] [INFO] [1773386414.802457747] [keepout_filter_mask_server]: Cleaning up
[map_server-8] [INFO] [1773386414.802695155] [keepout_filter_mask_server]: Destroying bond (keepout_filter_mask_server) to lifecycle manager.
[smoother_server-11] [INFO] [1773386414.794446837] [smoother_server]: Destroying
[taskset-7] [INFO] [1773386414.800950178] [rclcpp]: signal_handler(signum=2)
[planner_server-12] [INFO] [1773386414.805728667] [global_costmap.global_costmap]: Cleaning up
[behavior_server-13] [INFO] [1773386414.813757076] [behavior_server]: Destroying bond (behavior_server) to lifecycle manager.
[behavior_server-13] [INFO] [1773386414.828196079] [behavior_server]: Destroying
[taskset-7] Unregistering sensor: Custom Described Lidar
[robot_hardware-6] [INFO] [1773386414.840853066] [rclcpp]: signal_handler(signum=2)
[ekf_node-5] [INFO] [1773386414.865764262] [rclcpp]: signal_handler(signum=2)
[costmap_filter_info_server-9] [INFO] [1773386414.879162054] [keepout_costmap_filter_info_server]: Destroying
[planner_server-12] [INFO] [1773386414.885351574] [planner_server]: Cleaning up plugin GridBased of type SmacPlanner2D
[planner_server-12] [INFO] [1773386414.890632293] [planner_server]: Destroying plugin GridBased of type SmacPlanner2D
[scan_to_scan_filter_chain-4] [INFO] [1773386414.934729483] [rclcpp]: signal_handler(signum=2)
[robot_state_publisher-1] [INFO] [1773386415.004854327] [rclcpp]: signal_handler(signum=2)
[map_server-8] [INFO] [1773386415.017234532] [keepout_filter_mask_server]: Destroying
[rplidar_node-3] [INFO] [1773386415.142245497] [rplidar_node]: Stop motor
[controller_server-10] [INFO] [1773386415.155641247] [controller_server]: Destroying bond (controller_server) to lifecycle manager.
[lifecycle_manager-19] [INFO] [1773386415.183606372] [lifecycle_manager_navigation]: Destroying lifecycle_manager_navigation
[planner_server-12] [INFO] [1773386415.193869739] [planner_server]: Destroying bond (planner_server) to lifecycle manager.
[controller_server-10] [INFO] [1773386415.215635428] [local_costmap.local_costmap]: Destroying
[planner_server-12] [INFO] [1773386415.347042404] [global_costmap.global_costmap]: Destroying
[controller_server-10] [INFO] [1773386415.449938860] [controller_server]: Destroying
[autodock_action_server-25] Traceback (most recent call last):
[autodock_action_server-25]   File "/home/smr/workspaces/mini_amr/amrROS2_ws/install/action_autodock/lib/python3.12/site-packages/action_autodock/autodock_action_server.py", line 1409, in main
[autodock_action_server-25]     executor.spin()
[autodock_action_server-25]   File "/opt/ros/jazzy/lib/python3.12/site-packages/rclpy/executors.py", line 312, in spin
[autodock_action_server-25]     self.spin_once()
[autodock_action_server-25]   File "/opt/ros/jazzy/lib/python3.12/site-packages/rclpy/executors.py", line 917, in spin_once
[autodock_action_server-25]     self._spin_once_impl(timeout_sec)
[autodock_action_server-25]   File "/opt/ros/jazzy/lib/python3.12/site-packages/rclpy/executors.py", line 896, in _spin_once_impl
[autodock_action_server-25]     handler, entity, node = self.wait_for_ready_callbacks(
[autodock_action_server-25]                             ^^^^^^^^^^^^^^^^^^^^^^^^^^^^^^
[autodock_action_server-25]   File "/opt/ros/jazzy/lib/python3.12/site-packages/rclpy/executors.py", line 799, in wait_for_ready_callbacks
[autodock_action_server-25]     return next(self._cb_iter)
[autodock_action_server-25]            ^^^^^^^^^^^^^^^^^^^
[autodock_action_server-25]   File "/opt/ros/jazzy/lib/python3.12/site-packages/rclpy/executors.py", line 703, in _wait_for_ready_callbacks
[autodock_action_server-25]     wait_set.wait(timeout_nsec)
[autodock_action_server-25] KeyboardInterrupt
[autodock_action_server-25] 
[autodock_action_server-25] During handling of the above exception, another exception occurred:
[autodock_action_server-25] 
[autodock_action_server-25] Traceback (most recent call last):
[autodock_action_server-25]   File "/home/smr/workspaces/mini_amr/amrROS2_ws/install/action_autodock/lib/action_autodock/autodock_action_server", line 33, in <module>
[autodock_action_server-25]     sys.exit(load_entry_point('action-autodock==0.0.0', 'console_scripts', 'autodock_action_server')())
[autodock_action_server-25]              ^^^^^^^^^^^^^^^^^^^^^^^^^^^^^^^^^^^^^^^^^^^^^^^^^^^^^^^^^^^^^^^^^^^^^^^^^^^^^^^^^^^^^^^^^
[autodock_action_server-25]   File "/home/smr/workspaces/mini_amr/amrROS2_ws/install/action_autodock/lib/python3.12/site-packages/action_autodock/autodock_action_server.py", line 1420, in main
[autodock_action_server-25]     rclpy.shutdown()   
[autodock_action_server-25]     ^^^^^^^^^^^^^^^^
[autodock_action_server-25]   File "/opt/ros/jazzy/lib/python3.12/site-packages/rclpy/__init__.py", line 134, in shutdown
[autodock_action_server-25]     _shutdown(context=context)
[autodock_action_server-25]   File "/opt/ros/jazzy/lib/python3.12/site-packages/rclpy/utilities.py", line 82, in shutdown
[autodock_action_server-25]     context.shutdown()
[autodock_action_server-25]   File "/opt/ros/jazzy/lib/python3.12/site-packages/rclpy/context.py", line 129, in shutdown
[autodock_action_server-25]     self.__context.shutdown()
[autodock_action_server-25] rclpy._rclpy_pybind11.RCLError: failed to shutdown: rcl_shutdown already called on the given context, at ./src/rcl/init.c:333
[planner_server-12] [INFO] [1773386415.541433907] [planner_server]: Destroying
[call_robot_button-22] Traceback (most recent call last):
[call_robot_button-22]   File "/home/smr/workspaces/mini_amr/amrROS2_ws/install/delivery_robot_main_controller/lib/delivery_robot_main_controller/call_robot_button", line 33, in <module>
[call_robot_button-22]     sys.exit(load_entry_point('delivery-robot-main-controller==0.0.1', 'console_scripts', 'call_robot_button')())
[call_robot_button-22]              ^^^^^^^^^^^^^^^^^^^^^^^^^^^^^^^^^^^^^^^^^^^^^^^^^^^^^^^^^^^^^^^^^^^^^^^^^^^^^^^^^^^^^^^^^^^^^^^^^^^
[call_robot_button-22]   File "/home/smr/workspaces/mini_amr/amrROS2_ws/install/delivery_robot_main_controller/lib/python3.12/site-packages/delivery_robot_main_controller/call_button.py", line 251, in main
[call_robot_button-22]     rclpy.shutdown()
[call_robot_button-22]   File "/opt/ros/jazzy/lib/python3.12/site-packages/rclpy/__init__.py", line 134, in shutdown
[call_robot_button-22]     _shutdown(context=context)
[call_robot_button-22]   File "/opt/ros/jazzy/lib/python3.12/site-packages/rclpy/utilities.py", line 82, in shutdown
[call_robot_button-22]     context.shutdown()
[call_robot_button-22]   File "/opt/ros/jazzy/lib/python3.12/site-packages/rclpy/context.py", line 129, in shutdown
[call_robot_button-22]     self.__context.shutdown()
[call_robot_button-22] rclpy._rclpy_pybind11.RCLError: failed to shutdown: rcl_shutdown already called on the given context, at ./src/rcl/init.c:333
[rpc_run_node-23] Traceback (most recent call last):
[rpc_run_node-23]   File "/home/smr/workspaces/mini_amr/amrROS2_ws/install/delivery_robot_main_controller/lib/delivery_robot_main_controller/rpc_run_node", line 33, in <module>
[rpc_run_node-23]     sys.exit(load_entry_point('delivery-robot-main-controller==0.0.1', 'console_scripts', 'rpc_run_node')())
[rpc_run_node-23]              ^^^^^^^^^^^^^^^^^^^^^^^^^^^^^^^^^^^^^^^^^^^^^^^^^^^^^^^^^^^^^^^^^^^^^^^^^^^^^^^^^^^^^^^^^^^^^^
[rpc_run_node-23]   File "/home/smr/workspaces/mini_amr/amrROS2_ws/install/delivery_robot_main_controller/lib/python3.12/site-packages/delivery_robot_main_controller/rpc_run_node.py", line 57, in main
[rpc_run_node-23]     rclpy.shutdown()
[rpc_run_node-23]   File "/opt/ros/jazzy/lib/python3.12/site-packages/rclpy/__init__.py", line 134, in shutdown
[rpc_run_node-23]     _shutdown(context=context)
[rpc_run_node-23]   File "/opt/ros/jazzy/lib/python3.12/site-packages/rclpy/utilities.py", line 82, in shutdown
[rpc_run_node-23]     context.shutdown()
[rpc_run_node-23]   File "/opt/ros/jazzy/lib/python3.12/site-packages/rclpy/context.py", line 129, in shutdown
[rpc_run_node-23]     self.__context.shutdown()
[rpc_run_node-23] rclpy._rclpy_pybind11.RCLError: failed to shutdown: rcl_shutdown already called on the given context, at ./src/rcl/init.c:333
[delivery_robot_main_controller-20] Traceback (most recent call last):
[delivery_robot_main_controller-20]   File "/home/smr/workspaces/mini_amr/amrROS2_ws/install/delivery_robot_main_controller/lib/delivery_robot_main_controller/delivery_robot_main_controller", line 33, in <module>
[delivery_robot_main_controller-20]     sys.exit(load_entry_point('delivery-robot-main-controller==0.0.1', 'console_scripts', 'delivery_robot_main_controller')())
[delivery_robot_main_controller-20]              ^^^^^^^^^^^^^^^^^^^^^^^^^^^^^^^^^^^^^^^^^^^^^^^^^^^^^^^^^^^^^^^^^^^^^^^^^^^^^^^^^^^^^^^^^^^^^^^^^^^^^^^^^^^^^^^^
[delivery_robot_main_controller-20]   File "/home/smr/workspaces/mini_amr/amrROS2_ws/install/delivery_robot_main_controller/lib/python3.12/site-packages/delivery_robot_main_controller/main_controller_node.py", line 1714, in main
[delivery_robot_main_controller-20]     rclpy.shutdown()
[delivery_robot_main_controller-20]   File "/opt/ros/jazzy/lib/python3.12/site-packages/rclpy/__init__.py", line 134, in shutdown
[delivery_robot_main_controller-20]     _shutdown(context=context)
[delivery_robot_main_controller-20]   File "/opt/ros/jazzy/lib/python3.12/site-packages/rclpy/utilities.py", line 82, in shutdown
[delivery_robot_main_controller-20]     context.shutdown()
[delivery_robot_main_controller-20]   File "/opt/ros/jazzy/lib/python3.12/site-packages/rclpy/context.py", line 129, in shutdown
[delivery_robot_main_controller-20]     self.__context.shutdown()
[delivery_robot_main_controller-20] rclpy._rclpy_pybind11.RCLError: failed to shutdown: rcl_shutdown already called on the given context, at ./src/rcl/init.c:333
[INFO] [collision_detector-18]: process has finished cleanly [pid 10720]
[robot_sound-21] Traceback (most recent call last):
[robot_sound-21]   File "/home/smr/workspaces/mini_amr/amrROS2_ws/install/delivery_robot_main_controller/lib/delivery_robot_main_controller/robot_sound", line 33, in <module>
[robot_sound-21]     sys.exit(load_entry_point('delivery-robot-main-controller==0.0.1', 'console_scripts', 'robot_sound')())
[robot_sound-21]              ^^^^^^^^^^^^^^^^^^^^^^^^^^^^^^^^^^^^^^^^^^^^^^^^^^^^^^^^^^^^^^^^^^^^^^^^^^^^^^^^^^^^^^^^^^^^^
[robot_sound-21]   File "/home/smr/workspaces/mini_amr/amrROS2_ws/install/delivery_robot_main_controller/lib/python3.12/site-packages/delivery_robot_main_controller/robot_sound.py", line 369, in main
[robot_sound-21]     rclpy.shutdown()
[robot_sound-21]   File "/opt/ros/jazzy/lib/python3.12/site-packages/rclpy/__init__.py", line 134, in shutdown
[robot_sound-21]     _shutdown(context=context)
[robot_sound-21]   File "/opt/ros/jazzy/lib/python3.12/site-packages/rclpy/utilities.py", line 82, in shutdown
[robot_sound-21]     context.shutdown()
[robot_sound-21]   File "/opt/ros/jazzy/lib/python3.12/site-packages/rclpy/context.py", line 129, in shutdown
[robot_sound-21]     self.__context.shutdown()
[robot_sound-21] rclpy._rclpy_pybind11.RCLError: failed to shutdown: rcl_shutdown already called on the given context, at ./src/rcl/init.c:333
[ERROR] [battery_manager_node-26]: process has died [pid 10912, exit code -2, cmd '/home/smr/workspaces/mini_amr/amrROS2_ws/install/battery_management/lib/battery_management/battery_manager_node --ros-args -r __node:=battery_manager -r __ns:=/ --params-file /home/smr/workspaces/mini_amr/amrROS2_ws/install/battery_management/share/battery_management/config/battery_manager.yaml -r /tf:=tf -r /tf_static:=tf_static'].
[INFO] [collision_monitor-17]: process has finished cleanly [pid 10713]
[INFO] [velocity_smoother-16]: process has finished cleanly [pid 10694]
[ERROR] [rpc_run_node-23]: process has died [pid 10909, exit code 1, cmd '/home/smr/workspaces/mini_amr/amrROS2_ws/install/delivery_robot_main_controller/lib/delivery_robot_main_controller/rpc_run_node --ros-args -r __node:=rpc_run_node -r __ns:=/ -r /tf:=tf -r /tf_static:=tf_static'].
[ERROR] [call_robot_button-22]: process has died [pid 10908, exit code 1, cmd '/home/smr/workspaces/mini_amr/amrROS2_ws/install/delivery_robot_main_controller/lib/delivery_robot_main_controller/call_robot_button --ros-args -r __node:=call_robot_button_node -r __ns:=/ -r /tf:=tf -r /tf_static:=tf_static'].
[bt_navigator-14] [INFO] [1773386416.196573901] [bt_navigator]: Completed Cleaning up
[bt_navigator-14] [INFO] [1773386416.199048601] [bt_navigator]: Destroying bond (bt_navigator) to lifecycle manager.
[INFO] [waypoint_follower-15]: process has finished cleanly [pid 10691]
[ERROR] [robot_sound-21]: process has died [pid 10907, exit code 1, cmd '/home/smr/workspaces/mini_amr/amrROS2_ws/install/delivery_robot_main_controller/lib/delivery_robot_main_controller/robot_sound --ros-args -r __node:=robot_sound_node -r __ns:=/ -r /tf:=tf -r /tf_static:=tf_static'].
[INFO] [costmap_filter_info_server-9]: process has finished cleanly [pid 10634]
[delivery_robot_main_controller-20] The following exception was never retrieved: failed to initialize wait set: the given context is not valid, either rcl_init() was not called or rcl_shutdown() was called., at ./src/rcl/wait.c:130
[bt_navigator-14] [INFO] [1773386416.405183916] [bt_navigator]: Destroying
[INFO] [robot_hardware-6]: process has finished cleanly [pid 10631]
[INFO] [behavior_server-13]: process has finished cleanly [pid 10668]
[INFO] [smoother_server-11]: process has finished cleanly [pid 10644]
[INFO] [lifecycle_manager-19]: process has finished cleanly [pid 10721]
[INFO] [map_server-8]: process has finished cleanly [pid 10633]
[INFO] [joint_state_publisher-2]: process has finished cleanly [pid 10627]
[INFO] [controller_server-10]: process has finished cleanly [pid 10639]
[INFO] [planner_server-12]: process has finished cleanly [pid 10658]
[ERROR] [autodock_action_server-25]: process has died [pid 10911, exit code 1, cmd '/home/smr/workspaces/mini_amr/amrROS2_ws/install/action_autodock/lib/action_autodock/autodock_action_server --ros-args -r __ns:=/ --params-file /home/smr/workspaces/mini_amr/amrROS2_ws/install/action_autodock/share/action_autodock/config/auto_dock_config.yaml --params-file /tmp/launch_params_31h14lc0 -r /tf:=tf -r /tf_static:=tf_static'].
[INFO] [ekf_node-5]: process has finished cleanly [pid 10630]
[INFO] [robot_state_publisher-1]: process has finished cleanly [pid 10626]
[INFO] [rplidar_node-3]: process has finished cleanly [pid 10628]
[INFO] [scan_to_scan_filter_chain-4]: process has finished cleanly [pid 10629]
[INFO] [taskset-7]: process has finished cleanly [pid 10632]
[INFO] [bt_navigator-14]: process has finished cleanly [pid 10670]
[ERROR] [delivery_robot_main_controller-20]: process has died [pid 10906, exit code 1, cmd '/home/smr/workspaces/mini_amr/amrROS2_ws/install/delivery_robot_main_controller/lib/delivery_robot_main_controller/delivery_robot_main_controller --ros-args -r __node:=main_controller_node -r __ns:=/ --params-file /tmp/launch_params_9f_5gty7 -r /tf:=tf -r /tf_static:=tf_static'].
